2025-10-12 13:13:20,533 - api_entries_etl - DEBUG - ログ設定完了 - ファイル: C:\Users\user\workfolders\imabari3dcad\structured_api\api_entries_demo_etl.log, コンソール: INFO以上, ファイル: DEBUG以上
2025-10-12 13:13:20,533 - api_entries_etl - INFO - ログファイルに保存中: C:\Users\user\workfolders\imabari3dcad\structured_api\api_entries_demo_etl.log
2025-10-12 13:13:20,533 - api_entries_etl - DEBUG - main関数開始
2025-10-12 13:13:20,562 - api_entries_etl - INFO - JSON を読み込み: C:\Users\user\workfolders\imabari3dcad\structured_api\data\api_entries_demo.json
2025-10-12 13:13:20,567 - api_entries_etl - DEBUG - APIエントリJSONファイルを読み込み開始: C:\Users\user\workfolders\imabari3dcad\structured_api\data\api_entries_demo.json
2025-10-12 13:13:20,567 - api_entries_etl - DEBUG - APIエントリ読み込み完了: 3件
2025-10-12 13:13:20,567 - api_entries_etl - INFO - エントリ件数: 3
2025-10-12 13:13:20,569 - api_entries_etl - DEBUG - GraphBuilder.build_graph_elements開始: 3件のエントリ
2025-10-12 13:13:20,569 - api_entries_etl - DEBUG - [Node #1] Created ApiEntryCollection: api_entries::collection
2025-10-12 13:13:20,569 - api_entries_etl - DEBUG -   name: api_entries
2025-10-12 13:13:20,569 - api_entries_etl - DEBUG - Processing API entry #1
2025-10-12 13:13:20,569 - api_entries_etl - DEBUG - [Node #2] Created APIEntry: api_entry::Quit
2025-10-12 13:13:20,569 - api_entries_etl - DEBUG -   name: Quit
2025-10-12 13:13:20,569 - api_entries_etl - DEBUG -   category: Applicationオブジェクト
2025-10-12 13:13:20,569 - api_entries_etl - DEBUG -   entry_type: function
2025-10-12 13:13:20,569 - api_entries_etl - DEBUG -   description: EvoShipを終了する
2025-10-12 13:13:20,569 - api_entries_etl - DEBUG -   pseudo_code: Quit()
2025-10-12 13:13:20,569 - api_entries_etl - DEBUG -   text: EvoShipを終了する

〇EvoShipを終了する
 返り値:なし
  Quit()
2025-10-12 13:13:20,569 - api_entries_etl - DEBUG -   raw_json: {"category":"Applicationオブジェクト","entry_type":"function","name":"Quit","description":"EvoShipを終了する","pseudo_code":"Qui...
2025-10-12 13:13:20,569 - api_entries_etl - DEBUG -   position: 0
2025-10-12 13:13:20,569 - api_entries_etl - DEBUG - [Relation #1] Created HAS_ENTRY: api_entries::collection -> api_entry::Quit
2025-10-12 13:13:20,573 - api_entries_etl - DEBUG - [Node #3] Created Category: category::Applicationオブジェクト
2025-10-12 13:13:20,573 - api_entries_etl - DEBUG -   name: Applicationオブジェクト
2025-10-12 13:13:20,574 - api_entries_etl - DEBUG - [Relation #2] Created IN_CATEGORY: api_entry::Quit -> category::Applicationオブジェクト
2025-10-12 13:13:20,574 - api_entries_etl - DEBUG - [Node #4] Created EntryType: entry_type::function
2025-10-12 13:13:20,574 - api_entries_etl - DEBUG -   name: function
2025-10-12 13:13:20,574 - api_entries_etl - DEBUG - [Relation #3] Created HAS_ENTRY_TYPE: api_entry::Quit -> entry_type::function
2025-10-12 13:13:20,574 - api_entries_etl - DEBUG - [Node #5] Created ReturnValue: return::Quit
2025-10-12 13:13:20,574 - api_entries_etl - DEBUG -   return_type: void
2025-10-12 13:13:20,574 - api_entries_etl - DEBUG -   description: なし
2025-10-12 13:13:20,574 - api_entries_etl - DEBUG -   raw_json: {"type":"void","description":"なし"}
2025-10-12 13:13:20,576 - api_entries_etl - DEBUG - [Relation #4] Created HAS_RETURN: api_entry::Quit -> return::Quit
2025-10-12 13:13:20,577 - api_entries_etl - DEBUG - [Node #6] Created Source: source::Quit::inline
2025-10-12 13:13:20,578 - api_entries_etl - DEBUG -   text: 〇EvoShipを終了する
 返り値:なし
  Quit()
2025-10-12 13:13:20,578 - api_entries_etl - DEBUG - [Relation #5] Created CITED_FROM: api_entry::Quit -> source::Quit::inline
2025-10-12 13:13:20,579 - api_entries_etl - DEBUG - Processing API entry #2
2025-10-12 13:13:20,579 - api_entries_etl - DEBUG - [Node #7] Created APIEntry: api_entry::ShowMainWindow
2025-10-12 13:13:20,579 - api_entries_etl - DEBUG -   name: ShowMainWindow
2025-10-12 13:13:20,581 - api_entries_etl - DEBUG -   category: Applicationオブジェクト
2025-10-12 13:13:20,581 - api_entries_etl - DEBUG -   entry_type: function
2025-10-12 13:13:20,581 - api_entries_etl - DEBUG -   description: EvoShipのメインウィンドウを表示
2025-10-12 13:13:20,581 - api_entries_etl - DEBUG -   pseudo_code: ShowMainWindow(bShow)
2025-10-12 13:13:20,581 - api_entries_etl - DEBUG -   text: EvoShipのメインウィンドウを表示

〇EvoShipのメインウィンドウを表示する
 返り値:なし
  ShowMainWindow(
   bShow ) // bool: 表示する時はTrue
2025-10-12 13:13:20,584 - api_entries_etl - DEBUG -   raw_json: {"category":"Applicationオブジェクト","entry_type":"function","name":"ShowMainWindow","description":"EvoShipのメインウィンドウを表示","...
2025-10-12 13:13:20,584 - api_entries_etl - DEBUG -   position: 1
2025-10-12 13:13:20,584 - api_entries_etl - DEBUG - [Relation #6] Created HAS_ENTRY: api_entries::collection -> api_entry::ShowMainWindow
2025-10-12 13:13:20,584 - api_entries_etl - DEBUG - [Node #8] Created Category: category::Applicationオブジェクト
2025-10-12 13:13:20,584 - api_entries_etl - DEBUG -   name: Applicationオブジェクト
2025-10-12 13:13:20,588 - api_entries_etl - DEBUG - [Relation #7] Created IN_CATEGORY: api_entry::ShowMainWindow -> category::Applicationオブジェクト
2025-10-12 13:13:20,588 - api_entries_etl - DEBUG - [Node #9] Created EntryType: entry_type::function
2025-10-12 13:13:20,588 - api_entries_etl - DEBUG -   name: function
2025-10-12 13:13:20,588 - api_entries_etl - DEBUG - [Relation #8] Created HAS_ENTRY_TYPE: api_entry::ShowMainWindow -> entry_type::function
2025-10-12 13:13:20,590 - api_entries_etl - DEBUG - [Node #10] Created Parameter: param::ShowMainWindow::bShow
2025-10-12 13:13:20,590 - api_entries_etl - DEBUG -   name: bShow
2025-10-12 13:13:20,590 - api_entries_etl - DEBUG -   param_type: bool
2025-10-12 13:13:20,590 - api_entries_etl - DEBUG -   position: 0
2025-10-12 13:13:20,591 - api_entries_etl - DEBUG -   description: 表示の有効/無効を切り替えるフラグ
2025-10-12 13:13:20,592 - api_entries_etl - DEBUG -   raw_json: {"name":"bShow","type":"bool","position":0,"description":"表示の有効/無効を切り替えるフラグ","case":{"true":"表示を有効にする場合は True を設定","f...
2025-10-12 13:13:20,592 - api_entries_etl - DEBUG - [Relation #9] Created HAS_PARAMETER: api_entry::ShowMainWindow -> param::ShowMainWindow::bShow
2025-10-12 13:13:20,592 - api_entries_etl - DEBUG - [Node #11] Created ParameterCase: param::ShowMainWindow::bShow::case::true
2025-10-12 13:13:20,592 - api_entries_etl - DEBUG -   name: true
2025-10-12 13:13:20,592 - api_entries_etl - DEBUG -   description: 表示を有効にする場合は True を設定
2025-10-12 13:13:20,592 - api_entries_etl - DEBUG - [Relation #10] Created HAS_CASE_OPTION: param::ShowMainWindow::bShow -> param::ShowMainWindow::bShow::case::true
2025-10-12 13:13:20,592 - api_entries_etl - DEBUG - [Node #12] Created ParameterCase: param::ShowMainWindow::bShow::case::false
2025-10-12 13:13:20,592 - api_entries_etl - DEBUG -   name: false
2025-10-12 13:13:20,592 - api_entries_etl - DEBUG -   description: 表示を無効にする場合は False を設定
2025-10-12 13:13:20,592 - api_entries_etl - DEBUG - [Relation #11] Created HAS_CASE_OPTION: param::ShowMainWindow::bShow -> param::ShowMainWindow::bShow::case::false
2025-10-12 13:13:20,592 - api_entries_etl - DEBUG - [Node #13] Created ReturnValue: return::ShowMainWindow
2025-10-12 13:13:20,592 - api_entries_etl - DEBUG -   return_type: void
2025-10-12 13:13:20,592 - api_entries_etl - DEBUG -   description: なし
2025-10-12 13:13:20,592 - api_entries_etl - DEBUG -   raw_json: {"type":"void","description":"なし"}
2025-10-12 13:13:20,592 - api_entries_etl - DEBUG - [Relation #12] Created HAS_RETURN: api_entry::ShowMainWindow -> return::ShowMainWindow
2025-10-12 13:13:20,592 - api_entries_etl - DEBUG - [Node #14] Created Source: source::ShowMainWindow::inline
2025-10-12 13:13:20,592 - api_entries_etl - DEBUG -   text: 〇EvoShipのメインウィンドウを表示する
 返り値:なし
  ShowMainWindow(
   bShow ) // bool: 表示する時はTrue
2025-10-12 13:13:20,592 - api_entries_etl - DEBUG - [Relation #13] Created CITED_FROM: api_entry::ShowMainWindow -> source::ShowMainWindow::inline
2025-10-12 13:13:20,592 - api_entries_etl - DEBUG - Processing API entry #3
2025-10-12 13:13:20,592 - api_entries_etl - DEBUG - [Node #15] Created APIEntry: api_entry::LoadPart
2025-10-12 13:13:20,592 - api_entries_etl - DEBUG -   name: LoadPart
2025-10-12 13:13:20,592 - api_entries_etl - DEBUG -   category: Applicationオブジェクト
2025-10-12 13:13:20,592 - api_entries_etl - DEBUG -   entry_type: function
2025-10-12 13:13:20,592 - api_entries_etl - DEBUG -   description: Partオブジェクトを読み込む
2025-10-12 13:13:20,592 - api_entries_etl - DEBUG -   pseudo_code: LoadPart(FileName, bForceEvaluation)
2025-10-12 13:13:20,592 - api_entries_etl - DEBUG -   text: Partオブジェクトを読み込む

〇Partオブジェクトを読み込む
 返り値:Partオブジェクト
  LoadPart(
   FileName, // 文字列：保存されているドキュメントのファイルパス名
   bForceEval...
2025-10-12 13:13:20,592 - api_entries_etl - DEBUG -   raw_json: {"category":"Applicationオブジェクト","entry_type":"function","name":"LoadPart","description":"Partオブジェクトを読み込む","pseudo_cod...
2025-10-12 13:13:20,592 - api_entries_etl - DEBUG -   position: 2
2025-10-12 13:13:20,592 - api_entries_etl - DEBUG - [Relation #14] Created HAS_ENTRY: api_entries::collection -> api_entry::LoadPart
2025-10-12 13:13:20,600 - api_entries_etl - DEBUG - [Node #16] Created Category: category::Applicationオブジェクト
2025-10-12 13:13:20,600 - api_entries_etl - DEBUG -   name: Applicationオブジェクト
2025-10-12 13:13:20,600 - api_entries_etl - DEBUG - [Relation #15] Created IN_CATEGORY: api_entry::LoadPart -> category::Applicationオブジェクト
2025-10-12 13:13:20,600 - api_entries_etl - DEBUG - [Node #17] Created EntryType: entry_type::function
2025-10-12 13:13:20,602 - api_entries_etl - DEBUG -   name: function
2025-10-12 13:13:20,602 - api_entries_etl - DEBUG - [Relation #16] Created HAS_ENTRY_TYPE: api_entry::LoadPart -> entry_type::function
2025-10-12 13:13:20,603 - api_entries_etl - DEBUG - [Node #18] Created Parameter: param::LoadPart::FileName
2025-10-12 13:13:20,603 - api_entries_etl - DEBUG -   name: FileName
2025-10-12 13:13:20,603 - api_entries_etl - DEBUG -   param_type: 文字列
2025-10-12 13:13:20,603 - api_entries_etl - DEBUG -   position: 0
2025-10-12 13:13:20,603 - api_entries_etl - DEBUG -   description: 保存されているドキュメントのファイルパス名
2025-10-12 13:13:20,603 - api_entries_etl - DEBUG -   raw_json: {"name":"FileName","type":"文字列","position":0,"description":"保存されているドキュメントのファイルパス名"}
2025-10-12 13:13:20,603 - api_entries_etl - DEBUG - [Relation #17] Created HAS_PARAMETER: api_entry::LoadPart -> param::LoadPart::FileName
2025-10-12 13:13:20,605 - api_entries_etl - DEBUG - [Node #19] Created Parameter: param::LoadPart::bForceEvaluation
2025-10-12 13:13:20,605 - api_entries_etl - DEBUG -   name: bForceEvaluation
2025-10-12 13:13:20,605 - api_entries_etl - DEBUG -   param_type: bool
2025-10-12 13:13:20,605 - api_entries_etl - DEBUG -   position: 1
2025-10-12 13:13:20,605 - api_entries_etl - DEBUG -   description: 強制的に全要素を再計算して開くかどうかのフラグ
2025-10-12 13:13:20,605 - api_entries_etl - DEBUG -   raw_json: {"name":"bForceEvaluation","type":"bool","position":1,"description":"強制的に全要素を再計算して開くかどうかのフラグ","case":{"true":"強制的に全要素...
2025-10-12 13:13:20,607 - api_entries_etl - DEBUG - [Relation #18] Created HAS_PARAMETER: api_entry::LoadPart -> param::LoadPart::bForceEvaluation
2025-10-12 13:13:20,607 - api_entries_etl - DEBUG - [Node #20] Created ParameterCase: param::LoadPart::bForceEvaluation::case::true
2025-10-12 13:13:20,607 - api_entries_etl - DEBUG -   name: true
2025-10-12 13:13:20,607 - api_entries_etl - DEBUG -   description: 強制的に全要素を再計算して開くときはTrue
2025-10-12 13:13:20,608 - api_entries_etl - DEBUG - [Relation #19] Created HAS_CASE_OPTION: param::LoadPart::bForceEvaluation -> param::LoadPart::bForceEvaluation::case::true
2025-10-12 13:13:20,608 - api_entries_etl - DEBUG - [Node #21] Created ParameterCase: param::LoadPart::bForceEvaluation::case::false
2025-10-12 13:13:20,608 - api_entries_etl - DEBUG -   name: false
2025-10-12 13:13:20,608 - api_entries_etl - DEBUG -   description: 通常はFalse
2025-10-12 13:13:20,608 - api_entries_etl - DEBUG - [Relation #20] Created HAS_CASE_OPTION: param::LoadPart::bForceEvaluation -> param::LoadPart::bForceEvaluation::case::false
2025-10-12 13:13:20,611 - api_entries_etl - DEBUG - [Node #22] Created ReturnValue: return::LoadPart
2025-10-12 13:13:20,611 - api_entries_etl - DEBUG -   return_type: 不明
2025-10-12 13:13:20,611 - api_entries_etl - DEBUG -   description: Partオブジェクト
2025-10-12 13:13:20,611 - api_entries_etl - DEBUG -   raw_json: {"type":"不明","description":"Partオブジェクト"}
2025-10-12 13:13:20,613 - api_entries_etl - DEBUG - [Relation #21] Created HAS_RETURN: api_entry::LoadPart -> return::LoadPart
2025-10-12 13:13:20,613 - api_entries_etl - DEBUG - [Node #23] Created Source: source::LoadPart::inline
2025-10-12 13:13:20,613 - api_entries_etl - DEBUG -   text: 〇Partオブジェクトを読み込む
 返り値:Partオブジェクト
  LoadPart(
   FileName, // 文字列：保存されているドキュメントのファイルパス名
   bForceEvaluation ) // bool:...
2025-10-12 13:13:20,615 - api_entries_etl - DEBUG - [Relation #22] Created CITED_FROM: api_entry::LoadPart -> source::LoadPart::inline
2025-10-12 13:13:20,615 - api_entries_etl - DEBUG - GraphBuilder.build_graph_elements完了: ノード19件, リレーション22件
2025-10-12 13:13:20,615 - api_entries_etl - DEBUG - デバッグ統計: ノード作成数=23, リレーション作成数=22
2025-10-12 13:13:20,616 - api_entries_etl - INFO - 生成ノード: 19, リレーション: 22
2025-10-12 13:13:29,433 - api_entries_etl - WARNING - --wipe により過去のノード/リレーションを削除します
2025-10-12 13:13:40,842 - api_entries_etl - INFO - Neo4j へ投入完了: ノード 19, リレーション 22
2025-10-12 13:13:40,842 - api_entries_etl - INFO - 完了
2025-10-12 13:21:48,084 - api_entries_etl - DEBUG - ログ設定完了 - ファイル: C:\Users\user\workfolders\imabari3dcad\structured_api\api_entries_demo_etl.log, コンソール: INFO以上, ファイル: DEBUG以上
2025-10-12 13:21:48,084 - api_entries_etl - INFO - ログファイルに保存中: C:\Users\user\workfolders\imabari3dcad\structured_api\api_entries_demo_etl.log
2025-10-12 13:21:48,084 - api_entries_etl - DEBUG - main関数開始
2025-10-12 13:21:48,090 - api_entries_etl - INFO - JSON を読み込み: C:\Users\user\workfolders\imabari3dcad\structured_api\data\api_entries_demo.json
2025-10-12 13:21:48,090 - api_entries_etl - DEBUG - APIエントリJSONファイルを読み込み開始: C:\Users\user\workfolders\imabari3dcad\structured_api\data\api_entries_demo.json
2025-10-12 13:21:48,090 - api_entries_etl - DEBUG - APIエントリ読み込み完了: 3件
2025-10-12 13:21:48,090 - api_entries_etl - INFO - エントリ件数: 3
2025-10-12 13:21:48,090 - api_entries_etl - DEBUG - GraphBuilder.build_graph_elements開始: 3件のエントリ
2025-10-12 13:21:48,097 - api_entries_etl - DEBUG - [Node #1] Created ApiEntryCollection: api_entries::collection
2025-10-12 13:21:48,097 - api_entries_etl - DEBUG -   name: api_entries
2025-10-12 13:21:48,097 - api_entries_etl - DEBUG - Processing API entry #1
2025-10-12 13:21:48,097 - api_entries_etl - DEBUG - [Node #2] Created APIEntry: api_entry::Quit
2025-10-12 13:21:48,097 - api_entries_etl - DEBUG -   name: Quit
2025-10-12 13:21:48,097 - api_entries_etl - DEBUG -   category: Applicationオブジェクト
2025-10-12 13:21:48,097 - api_entries_etl - DEBUG -   entry_type: function
2025-10-12 13:21:48,097 - api_entries_etl - DEBUG -   description: EvoShipを終了する
2025-10-12 13:21:48,097 - api_entries_etl - DEBUG -   pseudo_code: Quit()
2025-10-12 13:21:48,097 - api_entries_etl - DEBUG -   text: EvoShipを終了する

〇EvoShipを終了する
 返り値:なし
  Quit()
2025-10-12 13:21:48,097 - api_entries_etl - DEBUG -   raw_json: {"category":"Applicationオブジェクト","entry_type":"function","name":"Quit","description":"EvoShipを終了する","pseudo_code":"Qui...
2025-10-12 13:21:48,097 - api_entries_etl - DEBUG -   position: 0
2025-10-12 13:21:48,097 - api_entries_etl - DEBUG - [Relation #1] Created HAS_ENTRY: api_entries::collection -> api_entry::Quit
2025-10-12 13:21:48,097 - api_entries_etl - DEBUG - [Node #3] Created Category: category::Applicationオブジェクト
2025-10-12 13:21:48,097 - api_entries_etl - DEBUG -   name: Applicationオブジェクト
2025-10-12 13:21:48,097 - api_entries_etl - DEBUG - [Relation #2] Created IN_CATEGORY: api_entry::Quit -> category::Applicationオブジェクト
2025-10-12 13:21:48,097 - api_entries_etl - DEBUG - [Node #4] Created EntryType: entry_type::function
2025-10-12 13:21:48,097 - api_entries_etl - DEBUG -   name: function
2025-10-12 13:21:48,097 - api_entries_etl - DEBUG - [Relation #3] Created HAS_ENTRY_TYPE: api_entry::Quit -> entry_type::function
2025-10-12 13:21:48,097 - api_entries_etl - DEBUG - [Node #5] Created ReturnValue: return::Quit
2025-10-12 13:21:48,097 - api_entries_etl - DEBUG -   return_type: void
2025-10-12 13:21:48,101 - api_entries_etl - DEBUG -   description: なし
2025-10-12 13:21:48,103 - api_entries_etl - DEBUG -   raw_json: {"type":"void","description":"なし"}
2025-10-12 13:21:48,103 - api_entries_etl - DEBUG - [Relation #4] Created HAS_RETURN: api_entry::Quit -> return::Quit
2025-10-12 13:21:48,103 - api_entries_etl - DEBUG - [Node #6] Created PseudoCode: pseudo_code::Quit
2025-10-12 13:21:48,103 - api_entries_etl - DEBUG -   code: Quit()
2025-10-12 13:21:48,103 - api_entries_etl - DEBUG -   callee: Quit
2025-10-12 13:21:48,103 - api_entries_etl - DEBUG -   argument_count: 0
2025-10-12 13:21:48,103 - api_entries_etl - DEBUG - [Relation #5] Created HAS_PSEUDO_CODE: api_entry::Quit -> pseudo_code::Quit
2025-10-12 13:21:48,103 - api_entries_etl - DEBUG - [Node #7] Created Source: source::Quit::inline
2025-10-12 13:21:48,103 - api_entries_etl - DEBUG -   text: 〇EvoShipを終了する
 返り値:なし
  Quit()
2025-10-12 13:21:48,103 - api_entries_etl - DEBUG - [Relation #6] Created CITED_FROM: api_entry::Quit -> source::Quit::inline
2025-10-12 13:21:48,103 - api_entries_etl - DEBUG - Processing API entry #2
2025-10-12 13:21:48,106 - api_entries_etl - DEBUG - [Node #8] Created APIEntry: api_entry::ShowMainWindow
2025-10-12 13:21:48,106 - api_entries_etl - DEBUG -   name: ShowMainWindow
2025-10-12 13:21:48,106 - api_entries_etl - DEBUG -   category: Applicationオブジェクト
2025-10-12 13:21:48,106 - api_entries_etl - DEBUG -   entry_type: function
2025-10-12 13:21:48,106 - api_entries_etl - DEBUG -   description: EvoShipのメインウィンドウを表示
2025-10-12 13:21:48,106 - api_entries_etl - DEBUG -   pseudo_code: ShowMainWindow(bShow)
2025-10-12 13:21:48,106 - api_entries_etl - DEBUG -   text: EvoShipのメインウィンドウを表示

〇EvoShipのメインウィンドウを表示する
 返り値:なし
  ShowMainWindow(
   bShow ) // bool: 表示する時はTrue
2025-10-12 13:21:48,106 - api_entries_etl - DEBUG -   raw_json: {"category":"Applicationオブジェクト","entry_type":"function","name":"ShowMainWindow","description":"EvoShipのメインウィンドウを表示","...
2025-10-12 13:21:48,106 - api_entries_etl - DEBUG -   position: 1
2025-10-12 13:21:48,108 - api_entries_etl - DEBUG - [Relation #7] Created HAS_ENTRY: api_entries::collection -> api_entry::ShowMainWindow
2025-10-12 13:21:48,108 - api_entries_etl - DEBUG - [Node #9] Created Category: category::Applicationオブジェクト
2025-10-12 13:21:48,108 - api_entries_etl - DEBUG -   name: Applicationオブジェクト
2025-10-12 13:21:48,109 - api_entries_etl - DEBUG - [Relation #8] Created IN_CATEGORY: api_entry::ShowMainWindow -> category::Applicationオブジェクト
2025-10-12 13:21:48,109 - api_entries_etl - DEBUG - [Node #10] Created EntryType: entry_type::function
2025-10-12 13:21:48,109 - api_entries_etl - DEBUG -   name: function
2025-10-12 13:21:48,110 - api_entries_etl - DEBUG - [Relation #9] Created HAS_ENTRY_TYPE: api_entry::ShowMainWindow -> entry_type::function
2025-10-12 13:21:48,111 - api_entries_etl - DEBUG - [Node #11] Created Parameter: param::ShowMainWindow::bShow
2025-10-12 13:21:48,111 - api_entries_etl - DEBUG -   name: bShow
2025-10-12 13:21:48,111 - api_entries_etl - DEBUG -   param_type: bool
2025-10-12 13:21:48,111 - api_entries_etl - DEBUG -   position: 0
2025-10-12 13:21:48,111 - api_entries_etl - DEBUG -   description: 表示の有効/無効を切り替えるフラグ
2025-10-12 13:21:48,113 - api_entries_etl - DEBUG -   raw_json: {"name":"bShow","type":"bool","position":0,"description":"表示の有効/無効を切り替えるフラグ","case":{"true":"表示を有効にする場合は True を設定","f...
2025-10-12 13:21:48,113 - api_entries_etl - DEBUG - [Relation #10] Created HAS_PARAMETER: api_entry::ShowMainWindow -> param::ShowMainWindow::bShow
2025-10-12 13:21:48,113 - api_entries_etl - DEBUG - [Node #12] Created ParameterCase: param::ShowMainWindow::bShow::case::true
2025-10-12 13:21:48,113 - api_entries_etl - DEBUG -   name: true
2025-10-12 13:21:48,113 - api_entries_etl - DEBUG -   description: 表示を有効にする場合は True を設定
2025-10-12 13:21:48,113 - api_entries_etl - DEBUG - [Relation #11] Created HAS_CASE_OPTION: param::ShowMainWindow::bShow -> param::ShowMainWindow::bShow::case::true
2025-10-12 13:21:48,113 - api_entries_etl - DEBUG - [Node #13] Created ParameterCase: param::ShowMainWindow::bShow::case::false
2025-10-12 13:21:48,114 - api_entries_etl - DEBUG -   name: false
2025-10-12 13:21:48,114 - api_entries_etl - DEBUG -   description: 表示を無効にする場合は False を設定
2025-10-12 13:21:48,114 - api_entries_etl - DEBUG - [Relation #12] Created HAS_CASE_OPTION: param::ShowMainWindow::bShow -> param::ShowMainWindow::bShow::case::false
2025-10-12 13:21:48,114 - api_entries_etl - DEBUG - [Node #14] Created ReturnValue: return::ShowMainWindow
2025-10-12 13:21:48,114 - api_entries_etl - DEBUG -   return_type: void
2025-10-12 13:21:48,114 - api_entries_etl - DEBUG -   description: なし
2025-10-12 13:21:48,114 - api_entries_etl - DEBUG -   raw_json: {"type":"void","description":"なし"}
2025-10-12 13:21:48,114 - api_entries_etl - DEBUG - [Relation #13] Created HAS_RETURN: api_entry::ShowMainWindow -> return::ShowMainWindow
2025-10-12 13:21:48,114 - api_entries_etl - DEBUG - [Node #15] Created PseudoCode: pseudo_code::ShowMainWindow
2025-10-12 13:21:48,114 - api_entries_etl - DEBUG -   code: ShowMainWindow(bShow)
2025-10-12 13:21:48,114 - api_entries_etl - DEBUG -   callee: ShowMainWindow
2025-10-12 13:21:48,114 - api_entries_etl - DEBUG -   argument_count: 1
2025-10-12 13:21:48,114 - api_entries_etl - DEBUG -   arguments_json: ["bShow"]
2025-10-12 13:21:48,114 - api_entries_etl - DEBUG - [Relation #14] Created HAS_PSEUDO_CODE: api_entry::ShowMainWindow -> pseudo_code::ShowMainWindow
2025-10-12 13:21:48,117 - api_entries_etl - DEBUG - [Node #16] Created PseudoCodeArgument: pseudo_code::ShowMainWindow::arg::0
2025-10-12 13:21:48,117 - api_entries_etl - DEBUG -   text: bShow
2025-10-12 13:21:48,117 - api_entries_etl - DEBUG -   position: 0
2025-10-12 13:21:48,117 - api_entries_etl - DEBUG -   normalized_text: bshow
2025-10-12 13:21:48,120 - api_entries_etl - DEBUG - [Relation #15] Created HAS_ARGUMENT: pseudo_code::ShowMainWindow -> pseudo_code::ShowMainWindow::arg::0
2025-10-12 13:21:48,120 - api_entries_etl - DEBUG - [Relation #16] Created ARGUMENT_MATCHES_PARAMETER: pseudo_code::ShowMainWindow::arg::0 -> param::ShowMainWindow::bShow
2025-10-12 13:21:48,120 - api_entries_etl - DEBUG - [Node #17] Created Source: source::ShowMainWindow::inline
2025-10-12 13:21:48,120 - api_entries_etl - DEBUG -   text: 〇EvoShipのメインウィンドウを表示する
 返り値:なし
  ShowMainWindow(
   bShow ) // bool: 表示する時はTrue
2025-10-12 13:21:48,120 - api_entries_etl - DEBUG - [Relation #17] Created CITED_FROM: api_entry::ShowMainWindow -> source::ShowMainWindow::inline
2025-10-12 13:21:48,122 - api_entries_etl - DEBUG - Processing API entry #3
2025-10-12 13:21:48,122 - api_entries_etl - DEBUG - [Node #18] Created APIEntry: api_entry::LoadPart
2025-10-12 13:21:48,122 - api_entries_etl - DEBUG -   name: LoadPart
2025-10-12 13:21:48,122 - api_entries_etl - DEBUG -   category: Applicationオブジェクト
2025-10-12 13:21:48,125 - api_entries_etl - DEBUG -   entry_type: function
2025-10-12 13:21:48,127 - api_entries_etl - DEBUG -   description: Partオブジェクトを読み込む
2025-10-12 13:21:48,127 - api_entries_etl - DEBUG -   pseudo_code: LoadPart(FileName, bForceEvaluation)
2025-10-12 13:21:48,127 - api_entries_etl - DEBUG -   text: Partオブジェクトを読み込む

〇Partオブジェクトを読み込む
 返り値:Partオブジェクト
  LoadPart(
   FileName, // 文字列：保存されているドキュメントのファイルパス名
   bForceEval...
2025-10-12 13:21:48,127 - api_entries_etl - DEBUG -   raw_json: {"category":"Applicationオブジェクト","entry_type":"function","name":"LoadPart","description":"Partオブジェクトを読み込む","pseudo_cod...
2025-10-12 13:21:48,127 - api_entries_etl - DEBUG -   position: 2
2025-10-12 13:21:48,127 - api_entries_etl - DEBUG - [Relation #18] Created HAS_ENTRY: api_entries::collection -> api_entry::LoadPart
2025-10-12 13:21:48,127 - api_entries_etl - DEBUG - [Node #19] Created Category: category::Applicationオブジェクト
2025-10-12 13:21:48,127 - api_entries_etl - DEBUG -   name: Applicationオブジェクト
2025-10-12 13:21:48,127 - api_entries_etl - DEBUG - [Relation #19] Created IN_CATEGORY: api_entry::LoadPart -> category::Applicationオブジェクト
2025-10-12 13:21:48,127 - api_entries_etl - DEBUG - [Node #20] Created EntryType: entry_type::function
2025-10-12 13:21:48,127 - api_entries_etl - DEBUG -   name: function
2025-10-12 13:21:48,127 - api_entries_etl - DEBUG - [Relation #20] Created HAS_ENTRY_TYPE: api_entry::LoadPart -> entry_type::function
2025-10-12 13:21:48,127 - api_entries_etl - DEBUG - [Node #21] Created Parameter: param::LoadPart::FileName
2025-10-12 13:21:48,127 - api_entries_etl - DEBUG -   name: FileName
2025-10-12 13:21:48,127 - api_entries_etl - DEBUG -   param_type: 文字列
2025-10-12 13:21:48,127 - api_entries_etl - DEBUG -   position: 0
2025-10-12 13:21:48,127 - api_entries_etl - DEBUG -   description: 保存されているドキュメントのファイルパス名
2025-10-12 13:21:48,127 - api_entries_etl - DEBUG -   raw_json: {"name":"FileName","type":"文字列","position":0,"description":"保存されているドキュメントのファイルパス名"}
2025-10-12 13:21:48,127 - api_entries_etl - DEBUG - [Relation #21] Created HAS_PARAMETER: api_entry::LoadPart -> param::LoadPart::FileName
2025-10-12 13:21:48,127 - api_entries_etl - DEBUG - [Node #22] Created Parameter: param::LoadPart::bForceEvaluation
2025-10-12 13:21:48,127 - api_entries_etl - DEBUG -   name: bForceEvaluation
2025-10-12 13:21:48,127 - api_entries_etl - DEBUG -   param_type: bool
2025-10-12 13:21:48,127 - api_entries_etl - DEBUG -   position: 1
2025-10-12 13:21:48,127 - api_entries_etl - DEBUG -   description: 強制的に全要素を再計算して開くかどうかのフラグ
2025-10-12 13:21:48,127 - api_entries_etl - DEBUG -   raw_json: {"name":"bForceEvaluation","type":"bool","position":1,"description":"強制的に全要素を再計算して開くかどうかのフラグ","case":{"true":"強制的に全要素...
2025-10-12 13:21:48,127 - api_entries_etl - DEBUG - [Relation #22] Created HAS_PARAMETER: api_entry::LoadPart -> param::LoadPart::bForceEvaluation
2025-10-12 13:21:48,127 - api_entries_etl - DEBUG - [Node #23] Created ParameterCase: param::LoadPart::bForceEvaluation::case::true
2025-10-12 13:21:48,127 - api_entries_etl - DEBUG -   name: true
2025-10-12 13:21:48,127 - api_entries_etl - DEBUG -   description: 強制的に全要素を再計算して開くときはTrue
2025-10-12 13:21:48,127 - api_entries_etl - DEBUG - [Relation #23] Created HAS_CASE_OPTION: param::LoadPart::bForceEvaluation -> param::LoadPart::bForceEvaluation::case::true
2025-10-12 13:21:48,132 - api_entries_etl - DEBUG - [Node #24] Created ParameterCase: param::LoadPart::bForceEvaluation::case::false
2025-10-12 13:21:48,132 - api_entries_etl - DEBUG -   name: false
2025-10-12 13:21:48,132 - api_entries_etl - DEBUG -   description: 通常はFalse
2025-10-12 13:21:48,132 - api_entries_etl - DEBUG - [Relation #24] Created HAS_CASE_OPTION: param::LoadPart::bForceEvaluation -> param::LoadPart::bForceEvaluation::case::false
2025-10-12 13:21:48,132 - api_entries_etl - DEBUG - [Node #25] Created ReturnValue: return::LoadPart
2025-10-12 13:21:48,132 - api_entries_etl - DEBUG -   return_type: 不明
2025-10-12 13:21:48,132 - api_entries_etl - DEBUG -   description: Partオブジェクト
2025-10-12 13:21:48,132 - api_entries_etl - DEBUG -   raw_json: {"type":"不明","description":"Partオブジェクト"}
2025-10-12 13:21:48,134 - api_entries_etl - DEBUG - [Relation #25] Created HAS_RETURN: api_entry::LoadPart -> return::LoadPart
2025-10-12 13:21:48,134 - api_entries_etl - DEBUG - [Node #26] Created PseudoCode: pseudo_code::LoadPart
2025-10-12 13:21:48,134 - api_entries_etl - DEBUG -   code: LoadPart(FileName, bForceEvaluation)
2025-10-12 13:21:48,134 - api_entries_etl - DEBUG -   callee: LoadPart
2025-10-12 13:21:48,134 - api_entries_etl - DEBUG -   argument_count: 2
2025-10-12 13:21:48,134 - api_entries_etl - DEBUG -   arguments_json: ["FileName","bForceEvaluation"]
2025-10-12 13:21:48,134 - api_entries_etl - DEBUG - [Relation #26] Created HAS_PSEUDO_CODE: api_entry::LoadPart -> pseudo_code::LoadPart
2025-10-12 13:21:48,134 - api_entries_etl - DEBUG - [Node #27] Created PseudoCodeArgument: pseudo_code::LoadPart::arg::0
2025-10-12 13:21:48,134 - api_entries_etl - DEBUG -   text: FileName
2025-10-12 13:21:48,134 - api_entries_etl - DEBUG -   position: 0
2025-10-12 13:21:48,134 - api_entries_etl - DEBUG -   normalized_text: filename
2025-10-12 13:21:48,134 - api_entries_etl - DEBUG - [Relation #27] Created HAS_ARGUMENT: pseudo_code::LoadPart -> pseudo_code::LoadPart::arg::0
2025-10-12 13:21:48,134 - api_entries_etl - DEBUG - [Relation #28] Created ARGUMENT_MATCHES_PARAMETER: pseudo_code::LoadPart::arg::0 -> param::LoadPart::FileName
2025-10-12 13:21:48,134 - api_entries_etl - DEBUG - [Node #28] Created PseudoCodeArgument: pseudo_code::LoadPart::arg::1
2025-10-12 13:21:48,134 - api_entries_etl - DEBUG -   text: bForceEvaluation
2025-10-12 13:21:48,134 - api_entries_etl - DEBUG -   position: 1
2025-10-12 13:21:48,134 - api_entries_etl - DEBUG -   normalized_text: bforceevaluation
2025-10-12 13:21:48,134 - api_entries_etl - DEBUG - [Relation #29] Created HAS_ARGUMENT: pseudo_code::LoadPart -> pseudo_code::LoadPart::arg::1
2025-10-12 13:21:48,134 - api_entries_etl - DEBUG - [Relation #30] Created ARGUMENT_MATCHES_PARAMETER: pseudo_code::LoadPart::arg::1 -> param::LoadPart::bForceEvaluation
2025-10-12 13:21:48,134 - api_entries_etl - DEBUG - [Node #29] Created Source: source::LoadPart::inline
2025-10-12 13:21:48,134 - api_entries_etl - DEBUG -   text: 〇Partオブジェクトを読み込む
 返り値:Partオブジェクト
  LoadPart(
   FileName, // 文字列：保存されているドキュメントのファイルパス名
   bForceEvaluation ) // bool:...
2025-10-12 13:21:48,134 - api_entries_etl - DEBUG - [Relation #31] Created CITED_FROM: api_entry::LoadPart -> source::LoadPart::inline
2025-10-12 13:21:48,134 - api_entries_etl - DEBUG - GraphBuilder.build_graph_elements完了: ノード25件, リレーション31件
2025-10-12 13:21:48,134 - api_entries_etl - DEBUG - デバッグ統計: ノード作成数=29, リレーション作成数=31
2025-10-12 13:21:48,134 - api_entries_etl - INFO - 生成ノード: 25, リレーション: 31
2025-10-12 13:21:49,153 - api_entries_etl - WARNING - --wipe により過去のノード/リレーションを削除します
2025-10-12 13:21:53,034 - api_entries_etl - INFO - Neo4j へ投入完了: ノード 25, リレーション 31
2025-10-12 13:21:53,034 - api_entries_etl - INFO - 完了
2025-10-12 13:41:47,795 - api_entries_etl - DEBUG - ログ設定完了 - ファイル: C:\Users\user\workfolders\imabari3dcad\structured_api\api_entries_demo_etl.log, コンソール: INFO以上, ファイル: DEBUG以上
2025-10-12 13:41:47,795 - api_entries_etl - INFO - ログファイルに保存中: C:\Users\user\workfolders\imabari3dcad\structured_api\api_entries_demo_etl.log
2025-10-12 13:41:47,810 - api_entries_etl - DEBUG - main関数開始
2025-10-12 13:41:47,835 - api_entries_etl - INFO - JSON を読み込み: C:\Users\user\workfolders\imabari3dcad\structured_api\data\api_entries_demo.json
2025-10-12 13:41:47,835 - api_entries_etl - DEBUG - APIエントリJSONファイルを読み込み開始: C:\Users\user\workfolders\imabari3dcad\structured_api\data\api_entries_demo.json
2025-10-12 13:41:47,835 - api_entries_etl - DEBUG - APIエントリ読み込み完了: 5件
2025-10-12 13:41:47,837 - api_entries_etl - INFO - エントリ件数: 5
2025-10-12 13:41:47,837 - api_entries_etl - DEBUG - GraphBuilder.build_graph_elements開始: 5件のエントリ
2025-10-12 13:41:47,837 - api_entries_etl - DEBUG - [Node #1] Created ApiEntryCollection: api_entries::collection
2025-10-12 13:41:47,837 - api_entries_etl - DEBUG -   name: api_entries
2025-10-12 13:41:47,839 - api_entries_etl - DEBUG - Processing API entry #1
2025-10-12 13:41:47,839 - api_entries_etl - DEBUG - [Node #2] Created APIEntry: api_entry::Quit
2025-10-12 13:41:47,839 - api_entries_etl - DEBUG -   name: Quit
2025-10-12 13:41:47,840 - api_entries_etl - DEBUG -   category: Applicationオブジェクト
2025-10-12 13:41:47,840 - api_entries_etl - DEBUG -   entry_type: function
2025-10-12 13:41:47,840 - api_entries_etl - DEBUG -   description: EvoShipを終了する
2025-10-12 13:41:47,840 - api_entries_etl - DEBUG -   pseudo_code: Quit()
2025-10-12 13:41:47,840 - api_entries_etl - DEBUG -   text: EvoShipを終了する

〇EvoShipを終了する
 返り値:なし
  Quit()
2025-10-12 13:41:47,840 - api_entries_etl - DEBUG -   raw_json: {"category":"Applicationオブジェクト","entry_type":"function","name":"Quit","description":"EvoShipを終了する","pseudo_code":"Qui...
2025-10-12 13:41:47,840 - api_entries_etl - DEBUG -   position: 0
2025-10-12 13:41:47,840 - api_entries_etl - DEBUG - [Relation #1] Created HAS_ENTRY: api_entries::collection -> api_entry::Quit
2025-10-12 13:41:47,840 - api_entries_etl - DEBUG - [Node #3] Created Category: category::Applicationオブジェクト
2025-10-12 13:41:47,840 - api_entries_etl - DEBUG -   name: Applicationオブジェクト
2025-10-12 13:41:47,840 - api_entries_etl - DEBUG - [Relation #2] Created IN_CATEGORY: api_entry::Quit -> category::Applicationオブジェクト
2025-10-12 13:41:47,840 - api_entries_etl - DEBUG - [Node #4] Created EntryType: entry_type::function
2025-10-12 13:41:47,840 - api_entries_etl - DEBUG -   name: function
2025-10-12 13:41:47,844 - api_entries_etl - DEBUG - [Relation #3] Created HAS_ENTRY_TYPE: api_entry::Quit -> entry_type::function
2025-10-12 13:41:47,844 - api_entries_etl - DEBUG - [Node #5] Created ReturnValue: return::Quit
2025-10-12 13:41:47,845 - api_entries_etl - DEBUG -   return_type: void
2025-10-12 13:41:47,846 - api_entries_etl - DEBUG -   description: なし
2025-10-12 13:41:47,846 - api_entries_etl - DEBUG -   raw_json: {"type":"void","description":"なし"}
2025-10-12 13:41:47,846 - api_entries_etl - DEBUG - [Relation #4] Created HAS_RETURN: api_entry::Quit -> return::Quit
2025-10-12 13:41:47,846 - api_entries_etl - DEBUG - [Node #6] Created PseudoCode: pseudo_code::Quit
2025-10-12 13:41:47,846 - api_entries_etl - DEBUG -   code: Quit()
2025-10-12 13:41:47,846 - api_entries_etl - DEBUG -   callee: Quit
2025-10-12 13:41:47,846 - api_entries_etl - DEBUG -   argument_count: 0
2025-10-12 13:41:47,848 - api_entries_etl - DEBUG - [Relation #5] Created HAS_PSEUDO_CODE: api_entry::Quit -> pseudo_code::Quit
2025-10-12 13:41:47,848 - api_entries_etl - DEBUG - [Node #7] Created Source: source::Quit::inline
2025-10-12 13:41:47,848 - api_entries_etl - DEBUG -   text: 〇EvoShipを終了する
 返り値:なし
  Quit()
2025-10-12 13:41:47,848 - api_entries_etl - DEBUG - [Relation #6] Created CITED_FROM: api_entry::Quit -> source::Quit::inline
2025-10-12 13:41:47,848 - api_entries_etl - DEBUG - Processing API entry #2
2025-10-12 13:41:47,848 - api_entries_etl - DEBUG - [Node #8] Created APIEntry: api_entry::ShowMainWindow
2025-10-12 13:41:47,848 - api_entries_etl - DEBUG -   name: ShowMainWindow
2025-10-12 13:41:47,848 - api_entries_etl - DEBUG -   category: Applicationオブジェクト
2025-10-12 13:41:47,848 - api_entries_etl - DEBUG -   entry_type: function
2025-10-12 13:41:47,848 - api_entries_etl - DEBUG -   description: EvoShipのメインウィンドウを表示
2025-10-12 13:41:47,848 - api_entries_etl - DEBUG -   pseudo_code: ShowMainWindow(bShow)
2025-10-12 13:41:47,848 - api_entries_etl - DEBUG -   text: EvoShipのメインウィンドウを表示

〇EvoShipのメインウィンドウを表示する
 返り値:なし
  ShowMainWindow(
   bShow ) // bool: 表示する時はTrue
2025-10-12 13:41:47,848 - api_entries_etl - DEBUG -   raw_json: {"category":"Applicationオブジェクト","entry_type":"function","name":"ShowMainWindow","description":"EvoShipのメインウィンドウを表示","...
2025-10-12 13:41:47,848 - api_entries_etl - DEBUG -   position: 1
2025-10-12 13:41:47,848 - api_entries_etl - DEBUG - [Relation #7] Created HAS_ENTRY: api_entries::collection -> api_entry::ShowMainWindow
2025-10-12 13:41:47,848 - api_entries_etl - DEBUG - [Node #9] Created Category: category::Applicationオブジェクト
2025-10-12 13:41:47,848 - api_entries_etl - DEBUG -   name: Applicationオブジェクト
2025-10-12 13:41:47,848 - api_entries_etl - DEBUG - [Relation #8] Created IN_CATEGORY: api_entry::ShowMainWindow -> category::Applicationオブジェクト
2025-10-12 13:41:47,848 - api_entries_etl - DEBUG - [Node #10] Created EntryType: entry_type::function
2025-10-12 13:41:47,848 - api_entries_etl - DEBUG -   name: function
2025-10-12 13:41:47,848 - api_entries_etl - DEBUG - [Relation #9] Created HAS_ENTRY_TYPE: api_entry::ShowMainWindow -> entry_type::function
2025-10-12 13:41:47,848 - api_entries_etl - DEBUG - [Node #11] Created Parameter: param::ShowMainWindow::bShow
2025-10-12 13:41:47,848 - api_entries_etl - DEBUG -   name: bShow
2025-10-12 13:41:47,848 - api_entries_etl - DEBUG -   param_type: bool
2025-10-12 13:41:47,851 - api_entries_etl - DEBUG -   position: 0
2025-10-12 13:41:47,851 - api_entries_etl - DEBUG -   description: 表示の有効/無効を切り替えるフラグ
2025-10-12 13:41:47,851 - api_entries_etl - DEBUG -   raw_json: {"name":"bShow","type":"bool","position":0,"description":"表示の有効/無効を切り替えるフラグ","case":{"true":"表示を有効にする場合は True を設定","f...
2025-10-12 13:41:47,851 - api_entries_etl - DEBUG - [Relation #10] Created HAS_PARAMETER: api_entry::ShowMainWindow -> param::ShowMainWindow::bShow
2025-10-12 13:41:47,851 - api_entries_etl - DEBUG - [Node #12] Created ParameterCase: param::ShowMainWindow::bShow::case::true
2025-10-12 13:41:47,851 - api_entries_etl - DEBUG -   name: true
2025-10-12 13:41:47,854 - api_entries_etl - DEBUG -   description: 表示を有効にする場合は True を設定
2025-10-12 13:41:47,854 - api_entries_etl - DEBUG - [Relation #11] Created HAS_CASE_OPTION: param::ShowMainWindow::bShow -> param::ShowMainWindow::bShow::case::true
2025-10-12 13:41:47,854 - api_entries_etl - DEBUG - [Node #13] Created ParameterCase: param::ShowMainWindow::bShow::case::false
2025-10-12 13:41:47,856 - api_entries_etl - DEBUG -   name: false
2025-10-12 13:41:47,856 - api_entries_etl - DEBUG -   description: 表示を無効にする場合は False を設定
2025-10-12 13:41:47,856 - api_entries_etl - DEBUG - [Relation #12] Created HAS_CASE_OPTION: param::ShowMainWindow::bShow -> param::ShowMainWindow::bShow::case::false
2025-10-12 13:41:47,856 - api_entries_etl - DEBUG - [Node #14] Created ReturnValue: return::ShowMainWindow
2025-10-12 13:41:47,856 - api_entries_etl - DEBUG -   return_type: void
2025-10-12 13:41:47,856 - api_entries_etl - DEBUG -   description: なし
2025-10-12 13:41:47,856 - api_entries_etl - DEBUG -   raw_json: {"type":"void","description":"なし"}
2025-10-12 13:41:47,856 - api_entries_etl - DEBUG - [Relation #13] Created HAS_RETURN: api_entry::ShowMainWindow -> return::ShowMainWindow
2025-10-12 13:41:47,856 - api_entries_etl - DEBUG - [Node #15] Created PseudoCode: pseudo_code::ShowMainWindow
2025-10-12 13:41:47,856 - api_entries_etl - DEBUG -   code: ShowMainWindow(bShow)
2025-10-12 13:41:47,859 - api_entries_etl - DEBUG -   callee: ShowMainWindow
2025-10-12 13:41:47,859 - api_entries_etl - DEBUG -   argument_count: 1
2025-10-12 13:41:47,859 - api_entries_etl - DEBUG -   arguments_json: ["bShow"]
2025-10-12 13:41:47,859 - api_entries_etl - DEBUG - [Relation #14] Created HAS_PSEUDO_CODE: api_entry::ShowMainWindow -> pseudo_code::ShowMainWindow
2025-10-12 13:41:47,859 - api_entries_etl - DEBUG - [Node #16] Created PseudoCodeArgument: pseudo_code::ShowMainWindow::arg::0
2025-10-12 13:41:47,859 - api_entries_etl - DEBUG -   text: bShow
2025-10-12 13:41:47,860 - api_entries_etl - DEBUG -   position: 0
2025-10-12 13:41:47,860 - api_entries_etl - DEBUG -   normalized_text: bshow
2025-10-12 13:41:47,860 - api_entries_etl - DEBUG - [Relation #15] Created HAS_ARGUMENT: pseudo_code::ShowMainWindow -> pseudo_code::ShowMainWindow::arg::0
2025-10-12 13:41:47,860 - api_entries_etl - DEBUG - [Relation #16] Created ARGUMENT_MATCHES_PARAMETER: pseudo_code::ShowMainWindow::arg::0 -> param::ShowMainWindow::bShow
2025-10-12 13:41:47,860 - api_entries_etl - DEBUG - [Node #17] Created Source: source::ShowMainWindow::inline
2025-10-12 13:41:47,860 - api_entries_etl - DEBUG -   text: 〇EvoShipのメインウィンドウを表示する
 返り値:なし
  ShowMainWindow(
   bShow ) // bool: 表示する時はTrue
2025-10-12 13:41:47,860 - api_entries_etl - DEBUG - [Relation #17] Created CITED_FROM: api_entry::ShowMainWindow -> source::ShowMainWindow::inline
2025-10-12 13:41:47,862 - api_entries_etl - DEBUG - Processing API entry #3
2025-10-12 13:41:47,862 - api_entries_etl - DEBUG - [Node #18] Created APIEntry: api_entry::LoadPart
2025-10-12 13:41:47,862 - api_entries_etl - DEBUG -   name: LoadPart
2025-10-12 13:41:47,862 - api_entries_etl - DEBUG -   category: Applicationオブジェクト
2025-10-12 13:41:47,862 - api_entries_etl - DEBUG -   entry_type: function
2025-10-12 13:41:47,862 - api_entries_etl - DEBUG -   description: Partオブジェクトを読み込む
2025-10-12 13:41:47,862 - api_entries_etl - DEBUG -   pseudo_code: LoadPart(FileName, bForceEvaluation)
2025-10-12 13:41:47,862 - api_entries_etl - DEBUG -   text: Partオブジェクトを読み込む

〇Partオブジェクトを読み込む
 返り値:Partオブジェクト
  LoadPart(
   FileName, // 文字列：保存されているドキュメントのファイルパス名
   bForceEval...
2025-10-12 13:41:47,862 - api_entries_etl - DEBUG -   raw_json: {"category":"Applicationオブジェクト","entry_type":"function","name":"LoadPart","description":"Partオブジェクトを読み込む","pseudo_cod...
2025-10-12 13:41:47,862 - api_entries_etl - DEBUG -   position: 2
2025-10-12 13:41:47,862 - api_entries_etl - DEBUG - [Relation #18] Created HAS_ENTRY: api_entries::collection -> api_entry::LoadPart
2025-10-12 13:41:47,865 - api_entries_etl - DEBUG - [Node #19] Created Category: category::Applicationオブジェクト
2025-10-12 13:41:47,865 - api_entries_etl - DEBUG -   name: Applicationオブジェクト
2025-10-12 13:41:47,865 - api_entries_etl - DEBUG - [Relation #19] Created IN_CATEGORY: api_entry::LoadPart -> category::Applicationオブジェクト
2025-10-12 13:41:47,865 - api_entries_etl - DEBUG - [Node #20] Created EntryType: entry_type::function
2025-10-12 13:41:47,865 - api_entries_etl - DEBUG -   name: function
2025-10-12 13:41:47,865 - api_entries_etl - DEBUG - [Relation #20] Created HAS_ENTRY_TYPE: api_entry::LoadPart -> entry_type::function
2025-10-12 13:41:47,865 - api_entries_etl - DEBUG - [Node #21] Created Parameter: param::LoadPart::FileName
2025-10-12 13:41:47,867 - api_entries_etl - DEBUG -   name: FileName
2025-10-12 13:41:47,867 - api_entries_etl - DEBUG -   param_type: 文字列
2025-10-12 13:41:47,867 - api_entries_etl - DEBUG -   position: 0
2025-10-12 13:41:47,867 - api_entries_etl - DEBUG -   description: 保存されているドキュメントのファイルパス名
2025-10-12 13:41:47,867 - api_entries_etl - DEBUG -   raw_json: {"name":"FileName","type":"文字列","position":0,"description":"保存されているドキュメントのファイルパス名"}
2025-10-12 13:41:47,867 - api_entries_etl - DEBUG - [Relation #21] Created HAS_PARAMETER: api_entry::LoadPart -> param::LoadPart::FileName
2025-10-12 13:41:47,867 - api_entries_etl - DEBUG - [Node #22] Created Parameter: param::LoadPart::bForceEvaluation
2025-10-12 13:41:47,867 - api_entries_etl - DEBUG -   name: bForceEvaluation
2025-10-12 13:41:47,867 - api_entries_etl - DEBUG -   param_type: bool
2025-10-12 13:41:47,867 - api_entries_etl - DEBUG -   position: 1
2025-10-12 13:41:47,867 - api_entries_etl - DEBUG -   description: 強制的に全要素を再計算して開くかどうかのフラグ
2025-10-12 13:41:47,867 - api_entries_etl - DEBUG -   raw_json: {"name":"bForceEvaluation","type":"bool","position":1,"description":"強制的に全要素を再計算して開くかどうかのフラグ","case":{"true":"強制的に全要素...
2025-10-12 13:41:47,867 - api_entries_etl - DEBUG - [Relation #22] Created HAS_PARAMETER: api_entry::LoadPart -> param::LoadPart::bForceEvaluation
2025-10-12 13:41:47,867 - api_entries_etl - DEBUG - [Node #23] Created ParameterCase: param::LoadPart::bForceEvaluation::case::true
2025-10-12 13:41:47,867 - api_entries_etl - DEBUG -   name: true
2025-10-12 13:41:47,867 - api_entries_etl - DEBUG -   description: 強制的に全要素を再計算して開くときはTrue
2025-10-12 13:41:47,867 - api_entries_etl - DEBUG - [Relation #23] Created HAS_CASE_OPTION: param::LoadPart::bForceEvaluation -> param::LoadPart::bForceEvaluation::case::true
2025-10-12 13:41:47,867 - api_entries_etl - DEBUG - [Node #24] Created ParameterCase: param::LoadPart::bForceEvaluation::case::false
2025-10-12 13:41:47,867 - api_entries_etl - DEBUG -   name: false
2025-10-12 13:41:47,867 - api_entries_etl - DEBUG -   description: 通常はFalse
2025-10-12 13:41:47,867 - api_entries_etl - DEBUG - [Relation #24] Created HAS_CASE_OPTION: param::LoadPart::bForceEvaluation -> param::LoadPart::bForceEvaluation::case::false
2025-10-12 13:41:47,867 - api_entries_etl - DEBUG - [Node #25] Created ReturnValue: return::LoadPart
2025-10-12 13:41:47,867 - api_entries_etl - DEBUG -   return_type: 不明
2025-10-12 13:41:47,867 - api_entries_etl - DEBUG -   description: Partオブジェクト
2025-10-12 13:41:47,872 - api_entries_etl - DEBUG -   raw_json: {"type":"不明","description":"Partオブジェクト"}
2025-10-12 13:41:47,872 - api_entries_etl - DEBUG - [Relation #25] Created HAS_RETURN: api_entry::LoadPart -> return::LoadPart
2025-10-12 13:41:47,872 - api_entries_etl - DEBUG - [Node #26] Created PseudoCode: pseudo_code::LoadPart
2025-10-12 13:41:47,872 - api_entries_etl - DEBUG -   code: LoadPart(FileName, bForceEvaluation)
2025-10-12 13:41:47,872 - api_entries_etl - DEBUG -   callee: LoadPart
2025-10-12 13:41:47,872 - api_entries_etl - DEBUG -   argument_count: 2
2025-10-12 13:41:47,872 - api_entries_etl - DEBUG -   arguments_json: ["FileName","bForceEvaluation"]
2025-10-12 13:41:47,872 - api_entries_etl - DEBUG - [Relation #26] Created HAS_PSEUDO_CODE: api_entry::LoadPart -> pseudo_code::LoadPart
2025-10-12 13:41:47,872 - api_entries_etl - DEBUG - [Node #27] Created PseudoCodeArgument: pseudo_code::LoadPart::arg::0
2025-10-12 13:41:47,875 - api_entries_etl - DEBUG -   text: FileName
2025-10-12 13:41:47,875 - api_entries_etl - DEBUG -   position: 0
2025-10-12 13:41:47,877 - api_entries_etl - DEBUG -   normalized_text: filename
2025-10-12 13:41:47,877 - api_entries_etl - DEBUG - [Relation #27] Created HAS_ARGUMENT: pseudo_code::LoadPart -> pseudo_code::LoadPart::arg::0
2025-10-12 13:41:47,877 - api_entries_etl - DEBUG - [Relation #28] Created ARGUMENT_MATCHES_PARAMETER: pseudo_code::LoadPart::arg::0 -> param::LoadPart::FileName
2025-10-12 13:41:47,877 - api_entries_etl - DEBUG - [Node #28] Created PseudoCodeArgument: pseudo_code::LoadPart::arg::1
2025-10-12 13:41:47,879 - api_entries_etl - DEBUG -   text: bForceEvaluation
2025-10-12 13:41:47,879 - api_entries_etl - DEBUG -   position: 1
2025-10-12 13:41:47,879 - api_entries_etl - DEBUG -   normalized_text: bforceevaluation
2025-10-12 13:41:47,879 - api_entries_etl - DEBUG - [Relation #29] Created HAS_ARGUMENT: pseudo_code::LoadPart -> pseudo_code::LoadPart::arg::1
2025-10-12 13:41:47,881 - api_entries_etl - DEBUG - [Relation #30] Created ARGUMENT_MATCHES_PARAMETER: pseudo_code::LoadPart::arg::1 -> param::LoadPart::bForceEvaluation
2025-10-12 13:41:47,881 - api_entries_etl - DEBUG - [Node #29] Created Source: source::LoadPart::inline
2025-10-12 13:41:47,881 - api_entries_etl - DEBUG -   text: 〇Partオブジェクトを読み込む
 返り値:Partオブジェクト
  LoadPart(
   FileName, // 文字列：保存されているドキュメントのファイルパス名
   bForceEvaluation ) // bool:...
2025-10-12 13:41:47,883 - api_entries_etl - DEBUG - [Relation #31] Created CITED_FROM: api_entry::LoadPart -> source::LoadPart::inline
2025-10-12 13:41:47,883 - api_entries_etl - DEBUG - Processing API entry #4
2025-10-12 13:41:47,883 - api_entries_etl - DEBUG - [Node #30] Created APIEntry: api_entry::CreateSTLOption
2025-10-12 13:41:47,883 - api_entries_etl - DEBUG -   name: CreateSTLOption
2025-10-12 13:41:47,883 - api_entries_etl - DEBUG -   category: Documentオブジェクト
2025-10-12 13:41:47,883 - api_entries_etl - DEBUG -   entry_type: function
2025-10-12 13:41:47,884 - api_entries_etl - DEBUG -   description: ドキュメントをSTLとして保存する際のパラメータオブジェクトの作成
2025-10-12 13:41:47,884 - api_entries_etl - DEBUG -   pseudo_code: CreateSTLOption()
2025-10-12 13:41:47,884 - api_entries_etl - DEBUG -   text: ドキュメントをSTLとして保存する際のパラメータオブジェクトの作成

〇ドキュメントをSTLとして保存する際のパラメータオブジェクトの作成
 返り値:STLパラメータオブジェクト
 CreateSTLOption()
2025-10-12 13:41:47,884 - api_entries_etl - DEBUG -   raw_json: {"category":"Documentオブジェクト","entry_type":"function","name":"CreateSTLOption","description":"ドキュメントをSTLとして保存する際のパラメータ...
2025-10-12 13:41:47,884 - api_entries_etl - DEBUG -   position: 3
2025-10-12 13:41:47,884 - api_entries_etl - DEBUG - [Relation #32] Created HAS_ENTRY: api_entries::collection -> api_entry::CreateSTLOption
2025-10-12 13:41:47,884 - api_entries_etl - DEBUG - [Node #31] Created Category: category::Documentオブジェクト
2025-10-12 13:41:47,884 - api_entries_etl - DEBUG -   name: Documentオブジェクト
2025-10-12 13:41:47,884 - api_entries_etl - DEBUG - [Relation #33] Created IN_CATEGORY: api_entry::CreateSTLOption -> category::Documentオブジェクト
2025-10-12 13:41:47,884 - api_entries_etl - DEBUG - [Node #32] Created EntryType: entry_type::function
2025-10-12 13:41:47,884 - api_entries_etl - DEBUG -   name: function
2025-10-12 13:41:47,884 - api_entries_etl - DEBUG - [Relation #34] Created HAS_ENTRY_TYPE: api_entry::CreateSTLOption -> entry_type::function
2025-10-12 13:41:47,884 - api_entries_etl - DEBUG - [Node #33] Created ReturnValue: return::CreateSTLOption
2025-10-12 13:41:47,884 - api_entries_etl - DEBUG -   return_type: 不明
2025-10-12 13:41:47,884 - api_entries_etl - DEBUG -   description: STLパラメータオブジェクト
2025-10-12 13:41:47,884 - api_entries_etl - DEBUG -   raw_json: {"type":"不明","description":"STLパラメータオブジェクト"}
2025-10-12 13:41:47,884 - api_entries_etl - DEBUG - [Relation #35] Created HAS_RETURN: api_entry::CreateSTLOption -> return::CreateSTLOption
2025-10-12 13:41:47,884 - api_entries_etl - DEBUG - [Node #34] Created PseudoCode: pseudo_code::CreateSTLOption
2025-10-12 13:41:47,884 - api_entries_etl - DEBUG -   code: CreateSTLOption()
2025-10-12 13:41:47,884 - api_entries_etl - DEBUG -   callee: CreateSTLOption
2025-10-12 13:41:47,887 - api_entries_etl - DEBUG -   argument_count: 0
2025-10-12 13:41:47,887 - api_entries_etl - DEBUG - [Relation #36] Created HAS_PSEUDO_CODE: api_entry::CreateSTLOption -> pseudo_code::CreateSTLOption
2025-10-12 13:41:47,887 - api_entries_etl - DEBUG - [Node #35] Created Source: source::CreateSTLOption::inline
2025-10-12 13:41:47,887 - api_entries_etl - DEBUG -   text: 〇ドキュメントをSTLとして保存する際のパラメータオブジェクトの作成
 返り値:STLパラメータオブジェクト
 CreateSTLOption()
2025-10-12 13:41:47,887 - api_entries_etl - DEBUG - [Relation #37] Created CITED_FROM: api_entry::CreateSTLOption -> source::CreateSTLOption::inline
2025-10-12 13:41:47,887 - api_entries_etl - DEBUG - Processing API entry #5
2025-10-12 13:41:47,887 - api_entries_etl - DEBUG - [Node #36] Created APIEntry: api_entry::STLパラメータオブジェクト
2025-10-12 13:41:47,887 - api_entries_etl - DEBUG -   name: STLパラメータオブジェクト
2025-10-12 13:41:47,887 - api_entries_etl - DEBUG -   category: STLパラメータオブジェクト
2025-10-12 13:41:47,887 - api_entries_etl - DEBUG -   entry_type: object
2025-10-12 13:41:47,890 - api_entries_etl - DEBUG -   description: STLファイル出力時の設定パラメータを格納するオブジェクト
2025-10-12 13:41:47,890 - api_entries_etl - DEBUG -   text: STLファイル出力時の設定パラメータを格納するオブジェクト

〇STLパラメータオブジェクト
2025-10-12 13:41:47,890 - api_entries_etl - DEBUG -   raw_json: {"category":"STLパラメータオブジェクト","entry_type":"object","name":"STLパラメータオブジェクト","description":"STLファイル出力時の設定パラメータを格納するオブジェ...
2025-10-12 13:41:47,890 - api_entries_etl - DEBUG -   position: 4
2025-10-12 13:41:47,890 - api_entries_etl - DEBUG - [Relation #38] Created HAS_ENTRY: api_entries::collection -> api_entry::STLパラメータオブジェクト
2025-10-12 13:41:47,890 - api_entries_etl - DEBUG - [Node #37] Created Category: category::STLパラメータオブジェクト
2025-10-12 13:41:47,890 - api_entries_etl - DEBUG -   name: STLパラメータオブジェクト
2025-10-12 13:41:47,890 - api_entries_etl - DEBUG - [Relation #39] Created IN_CATEGORY: api_entry::STLパラメータオブジェクト -> category::STLパラメータオブジェクト
2025-10-12 13:41:47,890 - api_entries_etl - DEBUG - [Node #38] Created EntryType: entry_type::object
2025-10-12 13:41:47,890 - api_entries_etl - DEBUG -   name: object
2025-10-12 13:41:47,892 - api_entries_etl - DEBUG - [Relation #40] Created HAS_ENTRY_TYPE: api_entry::STLパラメータオブジェクト -> entry_type::object
2025-10-12 13:41:47,892 - api_entries_etl - DEBUG - [Node #39] Created Property: property::STLパラメータオブジェクト::ChordalTolerance
2025-10-12 13:41:47,892 - api_entries_etl - DEBUG -   name: ChordalTolerance
2025-10-12 13:41:47,892 - api_entries_etl - DEBUG -   property_type: 浮動小数点
2025-10-12 13:41:47,892 - api_entries_etl - DEBUG -   unit: mm
2025-10-12 13:41:47,892 - api_entries_etl - DEBUG -   description: メッシュ近似する際の弦の幅の許容トレランスを指定
2025-10-12 13:41:47,892 - api_entries_etl - DEBUG -   raw_json: {"name":"ChordalTolerance","type":"浮動小数点","unit":"mm","description":"メッシュ近似する際の弦の幅の許容トレランスを指定","source":{"text":"Chor...
2025-10-12 13:41:47,892 - api_entries_etl - DEBUG -   position: 0
2025-10-12 13:41:47,892 - api_entries_etl - DEBUG - [Relation #41] Created HAS_PROPERTY: api_entry::STLパラメータオブジェクト -> property::STLパラメータオブジェクト::ChordalTolerance
2025-10-12 13:41:47,892 - api_entries_etl - DEBUG - [Node #40] Created Source: source::STLパラメータオブジェクト::property::ChordalTolerance
2025-10-12 13:41:47,892 - api_entries_etl - DEBUG -   text: ChordalTolerance　// 浮動小数点:メッシュ近似する際の弦の幅の許容トレランスを指定 (mm)
2025-10-12 13:41:47,894 - api_entries_etl - DEBUG - [Relation #42] Created CITED_FROM: property::STLパラメータオブジェクト::ChordalTolerance -> source::STLパラメータオブジェクト::property::ChordalTolerance
2025-10-12 13:41:47,894 - api_entries_etl - DEBUG - [Node #41] Created Property: property::STLパラメータオブジェクト::NormalTolerance
2025-10-12 13:41:47,894 - api_entries_etl - DEBUG -   name: NormalTolerance
2025-10-12 13:41:47,894 - api_entries_etl - DEBUG -   property_type: 浮動小数点
2025-10-12 13:41:47,894 - api_entries_etl - DEBUG -   unit: Degree
2025-10-12 13:41:47,894 - api_entries_etl - DEBUG -   description: メッシュ近似した場合のポリゴンの面と局面との法線方向のずれ角度の許容値
2025-10-12 13:41:47,894 - api_entries_etl - DEBUG -   raw_json: {"name":"NormalTolerance","type":"浮動小数点","unit":"Degree","description":"メッシュ近似した場合のポリゴンの面と局面との法線方向のずれ角度の許容値","source"...
2025-10-12 13:41:47,894 - api_entries_etl - DEBUG -   position: 1
2025-10-12 13:41:47,896 - api_entries_etl - DEBUG - [Relation #43] Created HAS_PROPERTY: api_entry::STLパラメータオブジェクト -> property::STLパラメータオブジェクト::NormalTolerance
2025-10-12 13:41:47,896 - api_entries_etl - DEBUG - [Node #42] Created Source: source::STLパラメータオブジェクト::property::NormalTolerance
2025-10-12 13:41:47,896 - api_entries_etl - DEBUG -   text: NormalTolerance　// 浮動小数点:メッシュ近似した場合のポリゴンの面と局面との法線方向のずれ角度の許容値（Degree)
2025-10-12 13:41:47,896 - api_entries_etl - DEBUG - [Relation #44] Created CITED_FROM: property::STLパラメータオブジェクト::NormalTolerance -> source::STLパラメータオブジェクト::property::NormalTolerance
2025-10-12 13:41:47,896 - api_entries_etl - DEBUG - [Node #43] Created Property: property::STLパラメータオブジェクト::SigDigits
2025-10-12 13:41:47,896 - api_entries_etl - DEBUG -   name: SigDigits
2025-10-12 13:41:47,896 - api_entries_etl - DEBUG -   property_type: 整数
2025-10-12 13:41:47,896 - api_entries_etl - DEBUG -   description: 頂点座標値の有効桁数
2025-10-12 13:41:47,896 - api_entries_etl - DEBUG -   raw_json: {"name":"SigDigits","type":"整数","description":"頂点座標値の有効桁数","source":{"text":"SigDigits　// 整数:頂点座標値の有効桁数"}}
2025-10-12 13:41:47,896 - api_entries_etl - DEBUG -   position: 2
2025-10-12 13:41:47,896 - api_entries_etl - DEBUG - [Relation #45] Created HAS_PROPERTY: api_entry::STLパラメータオブジェクト -> property::STLパラメータオブジェクト::SigDigits
2025-10-12 13:41:47,896 - api_entries_etl - DEBUG - [Node #44] Created Source: source::STLパラメータオブジェクト::property::SigDigits
2025-10-12 13:41:47,898 - api_entries_etl - DEBUG -   text: SigDigits　// 整数:頂点座標値の有効桁数
2025-10-12 13:41:47,898 - api_entries_etl - DEBUG - [Relation #46] Created CITED_FROM: property::STLパラメータオブジェクト::SigDigits -> source::STLパラメータオブジェクト::property::SigDigits
2025-10-12 13:41:47,898 - api_entries_etl - DEBUG - [Node #45] Created Property: property::STLパラメータオブジェクト::MinMeshLength
2025-10-12 13:41:47,898 - api_entries_etl - DEBUG -   name: MinMeshLength
2025-10-12 13:41:47,898 - api_entries_etl - DEBUG -   property_type: 浮動小数点
2025-10-12 13:41:47,898 - api_entries_etl - DEBUG -   unit: mm
2025-10-12 13:41:47,898 - api_entries_etl - DEBUG -   default_value: 0.0
2025-10-12 13:41:47,898 - api_entries_etl - DEBUG -   default_json: "0.0"
2025-10-12 13:41:47,898 - api_entries_etl - DEBUG -   description: メッシュの辺の最小サイズを指定する場合は指定
2025-10-12 13:41:47,899 - api_entries_etl - DEBUG -   raw_json: {"name":"MinMeshLength","type":"浮動小数点","unit":"mm","default":"0.0","description":"メッシュの辺の最小サイズを指定する場合は指定","source":{"...
2025-10-12 13:41:47,899 - api_entries_etl - DEBUG -   position: 3
2025-10-12 13:41:47,899 - api_entries_etl - DEBUG - [Relation #47] Created HAS_PROPERTY: api_entry::STLパラメータオブジェクト -> property::STLパラメータオブジェクト::MinMeshLength
2025-10-12 13:41:47,899 - api_entries_etl - DEBUG - [Node #46] Created Source: source::STLパラメータオブジェクト::property::MinMeshLength
2025-10-12 13:41:47,899 - api_entries_etl - DEBUG -   text: MinMeshLength　// 浮動小数点:メッシュの辺の最小サイズを指定する場合は指定(mm)（指定しない場合は０）
2025-10-12 13:41:47,899 - api_entries_etl - DEBUG - [Relation #48] Created CITED_FROM: property::STLパラメータオブジェクト::MinMeshLength -> source::STLパラメータオブジェクト::property::MinMeshLength
2025-10-12 13:41:47,899 - api_entries_etl - DEBUG - [Node #47] Created Property: property::STLパラメータオブジェクト::MaxMeshLength
2025-10-12 13:41:47,899 - api_entries_etl - DEBUG -   name: MaxMeshLength
2025-10-12 13:41:47,900 - api_entries_etl - DEBUG -   property_type: 浮動小数点
2025-10-12 13:41:47,900 - api_entries_etl - DEBUG -   unit: mm
2025-10-12 13:41:47,900 - api_entries_etl - DEBUG -   default_value: 0.0
2025-10-12 13:41:47,900 - api_entries_etl - DEBUG -   default_json: "0.0"
2025-10-12 13:41:47,900 - api_entries_etl - DEBUG -   description: メッシュの辺の最大サイズを指定する場合は指定
2025-10-12 13:41:47,900 - api_entries_etl - DEBUG -   raw_json: {"name":"MaxMeshLength","type":"浮動小数点","unit":"mm","default":"0.0","description":"メッシュの辺の最大サイズを指定する場合は指定","source":{"...
2025-10-12 13:41:47,900 - api_entries_etl - DEBUG -   position: 4
2025-10-12 13:41:47,900 - api_entries_etl - DEBUG - [Relation #49] Created HAS_PROPERTY: api_entry::STLパラメータオブジェクト -> property::STLパラメータオブジェクト::MaxMeshLength
2025-10-12 13:41:47,900 - api_entries_etl - DEBUG - [Node #48] Created Source: source::STLパラメータオブジェクト::property::MaxMeshLength
2025-10-12 13:41:47,900 - api_entries_etl - DEBUG -   text: MaxMeshLength　// 浮動小数点:メッシュの辺の最大サイズを指定する場合は指定(mm)（指定しない場合は０）
2025-10-12 13:41:47,900 - api_entries_etl - DEBUG - [Relation #50] Created CITED_FROM: property::STLパラメータオブジェクト::MaxMeshLength -> source::STLパラメータオブジェクト::property::MaxMeshLength
2025-10-12 13:41:47,902 - api_entries_etl - DEBUG - [Node #49] Created Property: property::STLパラメータオブジェクト::Elements
2025-10-12 13:41:47,902 - api_entries_etl - DEBUG -   name: Elements
2025-10-12 13:41:47,902 - api_entries_etl - DEBUG -   property_type: 要素(配列)
2025-10-12 13:41:47,902 - api_entries_etl - DEBUG -   default_value: 表示されている全ての要素を出力
2025-10-12 13:41:47,902 - api_entries_etl - DEBUG -   default_json: "表示されている全ての要素を出力"
2025-10-12 13:41:47,902 - api_entries_etl - DEBUG -   description: STL出力する要素を指定
2025-10-12 13:41:47,902 - api_entries_etl - DEBUG -   raw_json: {"name":"Elements","type":"要素(配列)","default":"表示されている全ての要素を出力","description":"STL出力する要素を指定","source":{"text":"Element...
2025-10-12 13:41:47,902 - api_entries_etl - DEBUG -   position: 5
2025-10-12 13:41:47,902 - api_entries_etl - DEBUG - [Relation #51] Created HAS_PROPERTY: api_entry::STLパラメータオブジェクト -> property::STLパラメータオブジェクト::Elements
2025-10-12 13:41:47,902 - api_entries_etl - DEBUG - [Node #50] Created Source: source::STLパラメータオブジェクト::property::Elements
2025-10-12 13:41:47,902 - api_entries_etl - DEBUG -   text: Elements　 // 要素(配列)：STL出力する要素を指定（指定しない場合は表示されている全ての要素を出力します）
2025-10-12 13:41:47,902 - api_entries_etl - DEBUG - [Relation #52] Created CITED_FROM: property::STLパラメータオブジェクト::Elements -> source::STLパラメータオブジェクト::property::Elements
2025-10-12 13:41:47,902 - api_entries_etl - DEBUG - [Node #51] Created Source: source::STLパラメータオブジェクト::inline
2025-10-12 13:41:47,903 - api_entries_etl - DEBUG -   text: 〇STLパラメータオブジェクト
2025-10-12 13:41:47,903 - api_entries_etl - DEBUG - [Relation #53] Created CITED_FROM: api_entry::STLパラメータオブジェクト -> source::STLパラメータオブジェクト::inline
2025-10-12 13:41:47,903 - api_entries_etl - DEBUG - GraphBuilder.build_graph_elements完了: ノード46件, リレーション53件
2025-10-12 13:41:47,904 - api_entries_etl - DEBUG - デバッグ統計: ノード作成数=51, リレーション作成数=53
2025-10-12 13:41:47,904 - api_entries_etl - INFO - 生成ノード: 46, リレーション: 53
2025-10-12 13:41:54,050 - api_entries_etl - WARNING - --wipe により過去のノード/リレーションを削除します
2025-10-12 13:41:57,159 - api_entries_etl - INFO - Neo4j へ投入完了: ノード 46, リレーション 53
2025-10-12 13:41:57,161 - api_entries_etl - INFO - 完了
2025-10-12 14:04:12,360 - api_entries_etl - DEBUG - ログ設定完了 - ファイル: C:\Users\user\workfolders\imabari3dcad\structured_api\api_entries_demo_etl.log, コンソール: INFO以上, ファイル: DEBUG以上
2025-10-12 14:04:12,360 - api_entries_etl - INFO - ログファイルに保存中: C:\Users\user\workfolders\imabari3dcad\structured_api\api_entries_demo_etl.log
2025-10-12 14:04:12,360 - api_entries_etl - DEBUG - main関数開始
2025-10-12 14:04:12,360 - api_entries_etl - INFO - JSON を読み込み: C:\Users\user\workfolders\imabari3dcad\structured_api\data\api_entries_demo.json
2025-10-12 14:04:12,360 - api_entries_etl - DEBUG - APIエントリJSONファイルを読み込み開始: C:\Users\user\workfolders\imabari3dcad\structured_api\data\api_entries_demo.json
2025-10-12 14:04:12,375 - api_entries_etl - DEBUG - APIエントリ読み込み完了: 10件
2025-10-12 14:04:12,375 - api_entries_etl - INFO - エントリ件数: 10
2025-10-12 14:04:12,375 - api_entries_etl - DEBUG - GraphBuilder.build_graph_elements開始: 10件のエントリ
2025-10-12 14:04:12,375 - api_entries_etl - DEBUG - [Node #1] Created ApiEntryCollection: api_entries::collection
2025-10-12 14:04:12,375 - api_entries_etl - DEBUG -   name: api_entries
2025-10-12 14:04:12,375 - api_entries_etl - DEBUG - Processing API entry #1: Quit
2025-10-12 14:04:12,375 - api_entries_etl - DEBUG - [Node #2] Created APIEntry: api_entry::Quit
2025-10-12 14:04:12,375 - api_entries_etl - DEBUG -   name: Quit
2025-10-12 14:04:12,375 - api_entries_etl - DEBUG -   category: Applicationオブジェクト
2025-10-12 14:04:12,375 - api_entries_etl - DEBUG -   entry_type: function
2025-10-12 14:04:12,375 - api_entries_etl - DEBUG -   description: EvoShipを終了する
2025-10-12 14:04:12,375 - api_entries_etl - DEBUG -   pseudo_code: Quit()
2025-10-12 14:04:12,375 - api_entries_etl - DEBUG -   text: EvoShipを終了する

〇EvoShipを終了する
 返り値:なし
  Quit()
2025-10-12 14:04:12,375 - api_entries_etl - DEBUG -   raw_json: {"category":"Applicationオブジェクト","entry_type":"function","name":"Quit","description":"EvoShipを終了する","pseudo_code":"Qui...
2025-10-12 14:04:12,375 - api_entries_etl - DEBUG -   position: 0
2025-10-12 14:04:12,375 - api_entries_etl - DEBUG - [Relation #1] Created HAS_ENTRY: api_entries::collection -> api_entry::Quit
2025-10-12 14:04:12,375 - api_entries_etl - DEBUG - [Node #3] Created Category: category::Applicationオブジェクト
2025-10-12 14:04:12,375 - api_entries_etl - DEBUG -   name: Applicationオブジェクト
2025-10-12 14:04:12,375 - api_entries_etl - DEBUG - [Relation #2] Created IN_CATEGORY: api_entry::Quit -> category::Applicationオブジェクト
2025-10-12 14:04:12,375 - api_entries_etl - DEBUG - [Node #4] Created EntryType: entry_type::function
2025-10-12 14:04:12,375 - api_entries_etl - DEBUG -   name: function
2025-10-12 14:04:12,375 - api_entries_etl - DEBUG - [Relation #3] Created HAS_ENTRY_TYPE: api_entry::Quit -> entry_type::function
2025-10-12 14:04:12,375 - api_entries_etl - DEBUG - [Node #5] Created ReturnValue: return::Quit
2025-10-12 14:04:12,375 - api_entries_etl - DEBUG -   return_type: void
2025-10-12 14:04:12,375 - api_entries_etl - DEBUG -   description: なし
2025-10-12 14:04:12,375 - api_entries_etl - DEBUG -   raw_json: {"type":"void","description":"なし"}
2025-10-12 14:04:12,375 - api_entries_etl - DEBUG - [Relation #4] Created HAS_RETURN: api_entry::Quit -> return::Quit
2025-10-12 14:04:12,375 - api_entries_etl - DEBUG - [Node #6] Created PseudoCode: pseudo_code::Quit
2025-10-12 14:04:12,375 - api_entries_etl - DEBUG -   code: Quit()
2025-10-12 14:04:12,375 - api_entries_etl - DEBUG -   callee: Quit
2025-10-12 14:04:12,375 - api_entries_etl - DEBUG -   argument_count: 0
2025-10-12 14:04:12,375 - api_entries_etl - DEBUG - [Relation #5] Created HAS_PSEUDO_CODE: api_entry::Quit -> pseudo_code::Quit
2025-10-12 14:04:12,375 - api_entries_etl - DEBUG - [Node #7] Created Source: source::Quit::inline
2025-10-12 14:04:12,375 - api_entries_etl - DEBUG -   text: 〇EvoShipを終了する
 返り値:なし
  Quit()
2025-10-12 14:04:12,375 - api_entries_etl - DEBUG - [Relation #6] Created CITED_FROM: api_entry::Quit -> source::Quit::inline
2025-10-12 14:04:12,375 - api_entries_etl - DEBUG - Processing API entry #2: ShowMainWindow
2025-10-12 14:04:12,375 - api_entries_etl - DEBUG - [Node #8] Created APIEntry: api_entry::ShowMainWindow
2025-10-12 14:04:12,375 - api_entries_etl - DEBUG -   name: ShowMainWindow
2025-10-12 14:04:12,375 - api_entries_etl - DEBUG -   category: Applicationオブジェクト
2025-10-12 14:04:12,375 - api_entries_etl - DEBUG -   entry_type: function
2025-10-12 14:04:12,375 - api_entries_etl - DEBUG -   description: EvoShipのメインウィンドウを表示
2025-10-12 14:04:12,375 - api_entries_etl - DEBUG -   pseudo_code: ShowMainWindow(bShow)
2025-10-12 14:04:12,375 - api_entries_etl - DEBUG -   text: EvoShipのメインウィンドウを表示

〇EvoShipのメインウィンドウを表示する
 返り値:なし
  ShowMainWindow(
   bShow ) // bool: 表示する時はTrue
2025-10-12 14:04:12,375 - api_entries_etl - DEBUG -   raw_json: {"category":"Applicationオブジェクト","entry_type":"function","name":"ShowMainWindow","description":"EvoShipのメインウィンドウを表示","...
2025-10-12 14:04:12,375 - api_entries_etl - DEBUG -   position: 1
2025-10-12 14:04:12,375 - api_entries_etl - DEBUG - [Relation #7] Created HAS_ENTRY: api_entries::collection -> api_entry::ShowMainWindow
2025-10-12 14:04:12,383 - api_entries_etl - DEBUG - [Node #9] Created Category: category::Applicationオブジェクト
2025-10-12 14:04:12,383 - api_entries_etl - DEBUG -   name: Applicationオブジェクト
2025-10-12 14:04:12,383 - api_entries_etl - DEBUG - [Relation #8] Created IN_CATEGORY: api_entry::ShowMainWindow -> category::Applicationオブジェクト
2025-10-12 14:04:12,383 - api_entries_etl - DEBUG - [Node #10] Created EntryType: entry_type::function
2025-10-12 14:04:12,383 - api_entries_etl - DEBUG -   name: function
2025-10-12 14:04:12,383 - api_entries_etl - DEBUG - [Relation #9] Created HAS_ENTRY_TYPE: api_entry::ShowMainWindow -> entry_type::function
2025-10-12 14:04:12,383 - api_entries_etl - DEBUG - [Node #11] Created Parameter: param::ShowMainWindow::bShow
2025-10-12 14:04:12,383 - api_entries_etl - DEBUG -   name: bShow
2025-10-12 14:04:12,383 - api_entries_etl - DEBUG -   param_type: bool
2025-10-12 14:04:12,383 - api_entries_etl - DEBUG -   position: 0
2025-10-12 14:04:12,386 - api_entries_etl - DEBUG -   description: 表示の有効/無効を切り替えるフラグ
2025-10-12 14:04:12,386 - api_entries_etl - DEBUG -   raw_json: {"name":"bShow","type":"bool","position":0,"description":"表示の有効/無効を切り替えるフラグ","case":{"true":"表示を有効にする場合は True を設定","f...
2025-10-12 14:04:12,386 - api_entries_etl - DEBUG - [Relation #10] Created HAS_PARAMETER: api_entry::ShowMainWindow -> param::ShowMainWindow::bShow
2025-10-12 14:04:12,386 - api_entries_etl - DEBUG - [Node #12] Created ParameterCase: param::ShowMainWindow::bShow::case::true
2025-10-12 14:04:12,386 - api_entries_etl - DEBUG -   name: true
2025-10-12 14:04:12,386 - api_entries_etl - DEBUG -   description: 表示を有効にする場合は True を設定
2025-10-12 14:04:12,386 - api_entries_etl - DEBUG - [Relation #11] Created HAS_CASE_OPTION: param::ShowMainWindow::bShow -> param::ShowMainWindow::bShow::case::true
2025-10-12 14:04:12,387 - api_entries_etl - DEBUG - [Node #13] Created ParameterCase: param::ShowMainWindow::bShow::case::false
2025-10-12 14:04:12,387 - api_entries_etl - DEBUG -   name: false
2025-10-12 14:04:12,387 - api_entries_etl - DEBUG -   description: 表示を無効にする場合は False を設定
2025-10-12 14:04:12,387 - api_entries_etl - DEBUG - [Relation #12] Created HAS_CASE_OPTION: param::ShowMainWindow::bShow -> param::ShowMainWindow::bShow::case::false
2025-10-12 14:04:12,388 - api_entries_etl - DEBUG - [Node #14] Created ReturnValue: return::ShowMainWindow
2025-10-12 14:04:12,388 - api_entries_etl - DEBUG -   return_type: void
2025-10-12 14:04:12,388 - api_entries_etl - DEBUG -   description: なし
2025-10-12 14:04:12,389 - api_entries_etl - DEBUG -   raw_json: {"type":"void","description":"なし"}
2025-10-12 14:04:12,389 - api_entries_etl - DEBUG - [Relation #13] Created HAS_RETURN: api_entry::ShowMainWindow -> return::ShowMainWindow
2025-10-12 14:04:12,389 - api_entries_etl - DEBUG - [Node #15] Created PseudoCode: pseudo_code::ShowMainWindow
2025-10-12 14:04:12,389 - api_entries_etl - DEBUG -   code: ShowMainWindow(bShow)
2025-10-12 14:04:12,389 - api_entries_etl - DEBUG -   callee: ShowMainWindow
2025-10-12 14:04:12,389 - api_entries_etl - DEBUG -   argument_count: 1
2025-10-12 14:04:12,389 - api_entries_etl - DEBUG -   arguments_json: ["bShow"]
2025-10-12 14:04:12,389 - api_entries_etl - DEBUG - [Relation #14] Created HAS_PSEUDO_CODE: api_entry::ShowMainWindow -> pseudo_code::ShowMainWindow
2025-10-12 14:04:12,392 - api_entries_etl - DEBUG - [Node #16] Created PseudoCodeArgument: pseudo_code::ShowMainWindow::arg::0
2025-10-12 14:04:12,392 - api_entries_etl - DEBUG -   text: bShow
2025-10-12 14:04:12,392 - api_entries_etl - DEBUG -   position: 0
2025-10-12 14:04:12,392 - api_entries_etl - DEBUG -   normalized_text: bshow
2025-10-12 14:04:12,392 - api_entries_etl - DEBUG - [Relation #15] Created HAS_ARGUMENT: pseudo_code::ShowMainWindow -> pseudo_code::ShowMainWindow::arg::0
2025-10-12 14:04:12,392 - api_entries_etl - DEBUG - [Relation #16] Created ARGUMENT_MATCHES_PARAMETER: pseudo_code::ShowMainWindow::arg::0 -> param::ShowMainWindow::bShow
2025-10-12 14:04:12,392 - api_entries_etl - DEBUG - [Node #17] Created Source: source::ShowMainWindow::inline
2025-10-12 14:04:12,392 - api_entries_etl - DEBUG -   text: 〇EvoShipのメインウィンドウを表示する
 返り値:なし
  ShowMainWindow(
   bShow ) // bool: 表示する時はTrue
2025-10-12 14:04:12,392 - api_entries_etl - DEBUG - [Relation #17] Created CITED_FROM: api_entry::ShowMainWindow -> source::ShowMainWindow::inline
2025-10-12 14:04:12,392 - api_entries_etl - DEBUG - Processing API entry #3: LoadPart
2025-10-12 14:04:12,392 - api_entries_etl - DEBUG - [Node #18] Created APIEntry: api_entry::LoadPart
2025-10-12 14:04:12,392 - api_entries_etl - DEBUG -   name: LoadPart
2025-10-12 14:04:12,395 - api_entries_etl - DEBUG -   category: Applicationオブジェクト
2025-10-12 14:04:12,396 - api_entries_etl - DEBUG -   entry_type: function
2025-10-12 14:04:12,396 - api_entries_etl - DEBUG -   description: Partオブジェクトを読み込む
2025-10-12 14:04:12,396 - api_entries_etl - DEBUG -   pseudo_code: LoadPart(FileName, bForceEvaluation)
2025-10-12 14:04:12,397 - api_entries_etl - DEBUG -   text: Partオブジェクトを読み込む

〇Partオブジェクトを読み込む
 返り値:Partオブジェクト
  LoadPart(
   FileName, // 文字列：保存されているドキュメントのファイルパス名
   bForceEval...
2025-10-12 14:04:12,397 - api_entries_etl - DEBUG -   raw_json: {"category":"Applicationオブジェクト","entry_type":"function","name":"LoadPart","description":"Partオブジェクトを読み込む","pseudo_cod...
2025-10-12 14:04:12,397 - api_entries_etl - DEBUG -   position: 2
2025-10-12 14:04:12,397 - api_entries_etl - DEBUG - [Relation #18] Created HAS_ENTRY: api_entries::collection -> api_entry::LoadPart
2025-10-12 14:04:12,397 - api_entries_etl - DEBUG - [Node #19] Created Category: category::Applicationオブジェクト
2025-10-12 14:04:12,399 - api_entries_etl - DEBUG -   name: Applicationオブジェクト
2025-10-12 14:04:12,399 - api_entries_etl - DEBUG - [Relation #19] Created IN_CATEGORY: api_entry::LoadPart -> category::Applicationオブジェクト
2025-10-12 14:04:12,399 - api_entries_etl - DEBUG - [Node #20] Created EntryType: entry_type::function
2025-10-12 14:04:12,399 - api_entries_etl - DEBUG -   name: function
2025-10-12 14:04:12,399 - api_entries_etl - DEBUG - [Relation #20] Created HAS_ENTRY_TYPE: api_entry::LoadPart -> entry_type::function
2025-10-12 14:04:12,399 - api_entries_etl - DEBUG - [Node #21] Created Parameter: param::LoadPart::FileName
2025-10-12 14:04:12,399 - api_entries_etl - DEBUG -   name: FileName
2025-10-12 14:04:12,399 - api_entries_etl - DEBUG -   param_type: 文字列
2025-10-12 14:04:12,399 - api_entries_etl - DEBUG -   position: 0
2025-10-12 14:04:12,399 - api_entries_etl - DEBUG -   description: 保存されているドキュメントのファイルパス名
2025-10-12 14:04:12,399 - api_entries_etl - DEBUG -   raw_json: {"name":"FileName","type":"文字列","position":0,"description":"保存されているドキュメントのファイルパス名"}
2025-10-12 14:04:12,399 - api_entries_etl - DEBUG - [Relation #21] Created HAS_PARAMETER: api_entry::LoadPart -> param::LoadPart::FileName
2025-10-12 14:04:12,399 - api_entries_etl - DEBUG - [Node #22] Created Parameter: param::LoadPart::bForceEvaluation
2025-10-12 14:04:12,399 - api_entries_etl - DEBUG -   name: bForceEvaluation
2025-10-12 14:04:12,399 - api_entries_etl - DEBUG -   param_type: bool
2025-10-12 14:04:12,399 - api_entries_etl - DEBUG -   position: 1
2025-10-12 14:04:12,399 - api_entries_etl - DEBUG -   description: 強制的に全要素を再計算して開くかどうかのフラグ
2025-10-12 14:04:12,399 - api_entries_etl - DEBUG -   raw_json: {"name":"bForceEvaluation","type":"bool","position":1,"description":"強制的に全要素を再計算して開くかどうかのフラグ","case":{"true":"強制的に全要素...
2025-10-12 14:04:12,399 - api_entries_etl - DEBUG - [Relation #22] Created HAS_PARAMETER: api_entry::LoadPart -> param::LoadPart::bForceEvaluation
2025-10-12 14:04:12,399 - api_entries_etl - DEBUG - [Node #23] Created ParameterCase: param::LoadPart::bForceEvaluation::case::true
2025-10-12 14:04:12,399 - api_entries_etl - DEBUG -   name: true
2025-10-12 14:04:12,399 - api_entries_etl - DEBUG -   description: 強制的に全要素を再計算して開くときはTrue
2025-10-12 14:04:12,399 - api_entries_etl - DEBUG - [Relation #23] Created HAS_CASE_OPTION: param::LoadPart::bForceEvaluation -> param::LoadPart::bForceEvaluation::case::true
2025-10-12 14:04:12,399 - api_entries_etl - DEBUG - [Node #24] Created ParameterCase: param::LoadPart::bForceEvaluation::case::false
2025-10-12 14:04:12,399 - api_entries_etl - DEBUG -   name: false
2025-10-12 14:04:12,399 - api_entries_etl - DEBUG -   description: 通常はFalse
2025-10-12 14:04:12,399 - api_entries_etl - DEBUG - [Relation #24] Created HAS_CASE_OPTION: param::LoadPart::bForceEvaluation -> param::LoadPart::bForceEvaluation::case::false
2025-10-12 14:04:12,399 - api_entries_etl - DEBUG - [Node #25] Created ReturnValue: return::LoadPart
2025-10-12 14:04:12,399 - api_entries_etl - DEBUG -   return_type: 不明
2025-10-12 14:04:12,399 - api_entries_etl - DEBUG -   description: Partオブジェクト
2025-10-12 14:04:12,399 - api_entries_etl - DEBUG -   raw_json: {"type":"不明","description":"Partオブジェクト"}
2025-10-12 14:04:12,399 - api_entries_etl - DEBUG - [Relation #25] Created HAS_RETURN: api_entry::LoadPart -> return::LoadPart
2025-10-12 14:04:12,399 - api_entries_etl - DEBUG - [Node #26] Created PseudoCode: pseudo_code::LoadPart
2025-10-12 14:04:12,399 - api_entries_etl - DEBUG -   code: LoadPart(FileName, bForceEvaluation)
2025-10-12 14:04:12,399 - api_entries_etl - DEBUG -   callee: LoadPart
2025-10-12 14:04:12,399 - api_entries_etl - DEBUG -   argument_count: 2
2025-10-12 14:04:12,407 - api_entries_etl - DEBUG -   arguments_json: ["FileName","bForceEvaluation"]
2025-10-12 14:04:12,407 - api_entries_etl - DEBUG - [Relation #26] Created HAS_PSEUDO_CODE: api_entry::LoadPart -> pseudo_code::LoadPart
2025-10-12 14:04:12,407 - api_entries_etl - DEBUG - [Node #27] Created PseudoCodeArgument: pseudo_code::LoadPart::arg::0
2025-10-12 14:04:12,407 - api_entries_etl - DEBUG -   text: FileName
2025-10-12 14:04:12,407 - api_entries_etl - DEBUG -   position: 0
2025-10-12 14:04:12,407 - api_entries_etl - DEBUG -   normalized_text: filename
2025-10-12 14:04:12,407 - api_entries_etl - DEBUG - [Relation #27] Created HAS_ARGUMENT: pseudo_code::LoadPart -> pseudo_code::LoadPart::arg::0
2025-10-12 14:04:12,407 - api_entries_etl - DEBUG - [Relation #28] Created ARGUMENT_MATCHES_PARAMETER: pseudo_code::LoadPart::arg::0 -> param::LoadPart::FileName
2025-10-12 14:04:12,411 - api_entries_etl - DEBUG - [Node #28] Created PseudoCodeArgument: pseudo_code::LoadPart::arg::1
2025-10-12 14:04:12,411 - api_entries_etl - DEBUG -   text: bForceEvaluation
2025-10-12 14:04:12,411 - api_entries_etl - DEBUG -   position: 1
2025-10-12 14:04:12,411 - api_entries_etl - DEBUG -   normalized_text: bforceevaluation
2025-10-12 14:04:12,411 - api_entries_etl - DEBUG - [Relation #29] Created HAS_ARGUMENT: pseudo_code::LoadPart -> pseudo_code::LoadPart::arg::1
2025-10-12 14:04:12,411 - api_entries_etl - DEBUG - [Relation #30] Created ARGUMENT_MATCHES_PARAMETER: pseudo_code::LoadPart::arg::1 -> param::LoadPart::bForceEvaluation
2025-10-12 14:04:12,411 - api_entries_etl - DEBUG - [Node #29] Created Source: source::LoadPart::inline
2025-10-12 14:04:12,411 - api_entries_etl - DEBUG -   text: 〇Partオブジェクトを読み込む
 返り値:Partオブジェクト
  LoadPart(
   FileName, // 文字列：保存されているドキュメントのファイルパス名
   bForceEvaluation ) // bool:...
2025-10-12 14:04:12,414 - api_entries_etl - DEBUG - [Relation #31] Created CITED_FROM: api_entry::LoadPart -> source::LoadPart::inline
2025-10-12 14:04:12,414 - api_entries_etl - DEBUG - Processing API entry #4: OpenDocument
2025-10-12 14:04:12,414 - api_entries_etl - DEBUG - [Node #30] Created APIEntry: api_entry::OpenDocument
2025-10-12 14:04:12,416 - api_entries_etl - DEBUG -   name: OpenDocument
2025-10-12 14:04:12,416 - api_entries_etl - DEBUG -   category: Applicationオブジェクト
2025-10-12 14:04:12,416 - api_entries_etl - DEBUG -   entry_type: function
2025-10-12 14:04:12,417 - api_entries_etl - DEBUG -   description: Documentを開く
2025-10-12 14:04:12,417 - api_entries_etl - DEBUG -   pseudo_code: OpenDocument(FileName, bForceEvaluation)
2025-10-12 14:04:12,417 - api_entries_etl - DEBUG -   text: Documentを開く

〇Documentを開く
 返り値:Documentオブジェクト
  OpenDocument(
   FileName, // 文字列：保存されているドキュメントのファイルパス名
   bForceEval...
2025-10-12 14:04:12,417 - api_entries_etl - DEBUG -   raw_json: {"category":"Applicationオブジェクト","entry_type":"function","name":"OpenDocument","description":"Documentを開く","pseudo_cod...
2025-10-12 14:04:12,417 - api_entries_etl - DEBUG -   position: 3
2025-10-12 14:04:12,417 - api_entries_etl - DEBUG - [Relation #32] Created HAS_ENTRY: api_entries::collection -> api_entry::OpenDocument
2025-10-12 14:04:12,417 - api_entries_etl - DEBUG - [Node #31] Created Category: category::Applicationオブジェクト
2025-10-12 14:04:12,419 - api_entries_etl - DEBUG -   name: Applicationオブジェクト
2025-10-12 14:04:12,419 - api_entries_etl - DEBUG - [Relation #33] Created IN_CATEGORY: api_entry::OpenDocument -> category::Applicationオブジェクト
2025-10-12 14:04:12,419 - api_entries_etl - DEBUG - [Node #32] Created EntryType: entry_type::function
2025-10-12 14:04:12,419 - api_entries_etl - DEBUG -   name: function
2025-10-12 14:04:12,419 - api_entries_etl - DEBUG - [Relation #34] Created HAS_ENTRY_TYPE: api_entry::OpenDocument -> entry_type::function
2025-10-12 14:04:12,419 - api_entries_etl - DEBUG - [Node #33] Created Parameter: param::OpenDocument::FileName
2025-10-12 14:04:12,419 - api_entries_etl - DEBUG -   name: FileName
2025-10-12 14:04:12,419 - api_entries_etl - DEBUG -   param_type: 文字列
2025-10-12 14:04:12,419 - api_entries_etl - DEBUG -   position: 0
2025-10-12 14:04:12,421 - api_entries_etl - DEBUG -   description: 保存されているドキュメントのファイルパス名
2025-10-12 14:04:12,421 - api_entries_etl - DEBUG -   raw_json: {"name":"FileName","type":"文字列","description":"保存されているドキュメントのファイルパス名","position":0}
2025-10-12 14:04:12,421 - api_entries_etl - DEBUG - [Relation #35] Created HAS_PARAMETER: api_entry::OpenDocument -> param::OpenDocument::FileName
2025-10-12 14:04:12,421 - api_entries_etl - DEBUG - [Node #34] Created Parameter: param::OpenDocument::bForceEvaluation
2025-10-12 14:04:12,421 - api_entries_etl - DEBUG -   name: bForceEvaluation
2025-10-12 14:04:12,421 - api_entries_etl - DEBUG -   param_type: bool
2025-10-12 14:04:12,421 - api_entries_etl - DEBUG -   position: 1
2025-10-12 14:04:12,421 - api_entries_etl - DEBUG -   description: 強制的に全要素を再計算して開くときはTrue (通常はFalse）
2025-10-12 14:04:12,421 - api_entries_etl - DEBUG -   raw_json: {"name":"bForceEvaluation","type":"bool","description":"強制的に全要素を再計算して開くときはTrue (通常はFalse）","position":1}
2025-10-12 14:04:12,424 - api_entries_etl - DEBUG - [Relation #36] Created HAS_PARAMETER: api_entry::OpenDocument -> param::OpenDocument::bForceEvaluation
2025-10-12 14:04:12,424 - api_entries_etl - DEBUG - [Node #35] Created ReturnValue: return::OpenDocument
2025-10-12 14:04:12,424 - api_entries_etl - DEBUG -   return_type: 不明
2025-10-12 14:04:12,424 - api_entries_etl - DEBUG -   description: Documentオブジェクト
2025-10-12 14:04:12,424 - api_entries_etl - DEBUG -   raw_json: {"type":"不明","description":"Documentオブジェクト"}
2025-10-12 14:04:12,424 - api_entries_etl - DEBUG - [Relation #37] Created HAS_RETURN: api_entry::OpenDocument -> return::OpenDocument
2025-10-12 14:04:12,424 - api_entries_etl - DEBUG - [Node #36] Created PseudoCode: pseudo_code::OpenDocument
2025-10-12 14:04:12,427 - api_entries_etl - DEBUG -   code: OpenDocument(FileName, bForceEvaluation)
2025-10-12 14:04:12,427 - api_entries_etl - DEBUG -   callee: OpenDocument
2025-10-12 14:04:12,427 - api_entries_etl - DEBUG -   argument_count: 2
2025-10-12 14:04:12,427 - api_entries_etl - DEBUG -   arguments_json: ["FileName","bForceEvaluation"]
2025-10-12 14:04:12,427 - api_entries_etl - DEBUG - [Relation #38] Created HAS_PSEUDO_CODE: api_entry::OpenDocument -> pseudo_code::OpenDocument
2025-10-12 14:04:12,427 - api_entries_etl - DEBUG - [Node #37] Created PseudoCodeArgument: pseudo_code::OpenDocument::arg::0
2025-10-12 14:04:12,427 - api_entries_etl - DEBUG -   text: FileName
2025-10-12 14:04:12,427 - api_entries_etl - DEBUG -   position: 0
2025-10-12 14:04:12,427 - api_entries_etl - DEBUG -   normalized_text: filename
2025-10-12 14:04:12,427 - api_entries_etl - DEBUG - [Relation #39] Created HAS_ARGUMENT: pseudo_code::OpenDocument -> pseudo_code::OpenDocument::arg::0
2025-10-12 14:04:12,427 - api_entries_etl - DEBUG - [Relation #40] Created ARGUMENT_MATCHES_PARAMETER: pseudo_code::OpenDocument::arg::0 -> param::OpenDocument::FileName
2025-10-12 14:04:12,427 - api_entries_etl - DEBUG - [Node #38] Created PseudoCodeArgument: pseudo_code::OpenDocument::arg::1
2025-10-12 14:04:12,427 - api_entries_etl - DEBUG -   text: bForceEvaluation
2025-10-12 14:04:12,427 - api_entries_etl - DEBUG -   position: 1
2025-10-12 14:04:12,427 - api_entries_etl - DEBUG -   normalized_text: bforceevaluation
2025-10-12 14:04:12,427 - api_entries_etl - DEBUG - [Relation #41] Created HAS_ARGUMENT: pseudo_code::OpenDocument -> pseudo_code::OpenDocument::arg::1
2025-10-12 14:04:12,427 - api_entries_etl - DEBUG - [Relation #42] Created ARGUMENT_MATCHES_PARAMETER: pseudo_code::OpenDocument::arg::1 -> param::OpenDocument::bForceEvaluation
2025-10-12 14:04:12,427 - api_entries_etl - DEBUG - [Node #39] Created Source: source::OpenDocument::inline
2025-10-12 14:04:12,427 - api_entries_etl - DEBUG -   text: 〇Documentを開く
 返り値:Documentオブジェクト
  OpenDocument(
   FileName, // 文字列：保存されているドキュメントのファイルパス名
   bForceEvaluation ) // b...
2025-10-12 14:04:12,427 - api_entries_etl - DEBUG - [Relation #43] Created CITED_FROM: api_entry::OpenDocument -> source::OpenDocument::inline
2025-10-12 14:04:12,427 - api_entries_etl - DEBUG - Processing API entry #5: Create3DDocument
2025-10-12 14:04:12,427 - api_entries_etl - DEBUG - [Node #40] Created APIEntry: api_entry::Create3DDocument
2025-10-12 14:04:12,427 - api_entries_etl - DEBUG -   name: Create3DDocument
2025-10-12 14:04:12,427 - api_entries_etl - DEBUG -   category: Applicationオブジェクト
2025-10-12 14:04:12,427 - api_entries_etl - DEBUG -   entry_type: function
2025-10-12 14:04:12,427 - api_entries_etl - DEBUG -   description: 3DのDocumentを新規に作成する
2025-10-12 14:04:12,427 - api_entries_etl - DEBUG -   pseudo_code: Create3DDocument()
2025-10-12 14:04:12,427 - api_entries_etl - DEBUG -   text: 3DのDocumentを新規に作成する

〇3DのDocumentを新規に作成する
 返り値:Documentオブジェクト
 Create3DDocument()
2025-10-12 14:04:12,427 - api_entries_etl - DEBUG -   raw_json: {"category":"Applicationオブジェクト","entry_type":"function","name":"Create3DDocument","description":"3DのDocumentを新規に作成する"...
2025-10-12 14:04:12,427 - api_entries_etl - DEBUG -   position: 4
2025-10-12 14:04:12,427 - api_entries_etl - DEBUG - [Relation #44] Created HAS_ENTRY: api_entries::collection -> api_entry::Create3DDocument
2025-10-12 14:04:12,427 - api_entries_etl - DEBUG - [Node #41] Created Category: category::Applicationオブジェクト
2025-10-12 14:04:12,427 - api_entries_etl - DEBUG -   name: Applicationオブジェクト
2025-10-12 14:04:12,427 - api_entries_etl - DEBUG - [Relation #45] Created IN_CATEGORY: api_entry::Create3DDocument -> category::Applicationオブジェクト
2025-10-12 14:04:12,427 - api_entries_etl - DEBUG - [Node #42] Created EntryType: entry_type::function
2025-10-12 14:04:12,427 - api_entries_etl - DEBUG -   name: function
2025-10-12 14:04:12,427 - api_entries_etl - DEBUG - [Relation #46] Created HAS_ENTRY_TYPE: api_entry::Create3DDocument -> entry_type::function
2025-10-12 14:04:12,427 - api_entries_etl - DEBUG - [Node #43] Created ReturnValue: return::Create3DDocument
2025-10-12 14:04:12,427 - api_entries_etl - DEBUG -   return_type: 不明
2025-10-12 14:04:12,427 - api_entries_etl - DEBUG -   description: Documentオブジェクト
2025-10-12 14:04:12,427 - api_entries_etl - DEBUG -   raw_json: {"type":"不明","description":"Documentオブジェクト"}
2025-10-12 14:04:12,427 - api_entries_etl - DEBUG - [Relation #47] Created HAS_RETURN: api_entry::Create3DDocument -> return::Create3DDocument
2025-10-12 14:04:12,427 - api_entries_etl - DEBUG - [Node #44] Created PseudoCode: pseudo_code::Create3DDocument
2025-10-12 14:04:12,427 - api_entries_etl - DEBUG -   code: Create3DDocument()
2025-10-12 14:04:12,427 - api_entries_etl - DEBUG -   callee: Create3DDocument
2025-10-12 14:04:12,427 - api_entries_etl - DEBUG -   argument_count: 0
2025-10-12 14:04:12,427 - api_entries_etl - DEBUG - [Relation #48] Created HAS_PSEUDO_CODE: api_entry::Create3DDocument -> pseudo_code::Create3DDocument
2025-10-12 14:04:12,427 - api_entries_etl - DEBUG - [Node #45] Created Source: source::Create3DDocument::inline
2025-10-12 14:04:12,427 - api_entries_etl - DEBUG -   text: 〇3DのDocumentを新規に作成する
 返り値:Documentオブジェクト
 Create3DDocument()
2025-10-12 14:04:12,427 - api_entries_etl - DEBUG - [Relation #49] Created CITED_FROM: api_entry::Create3DDocument -> source::Create3DDocument::inline
2025-10-12 14:04:12,427 - api_entries_etl - DEBUG - Processing API entry #6: GetActiveDocument
2025-10-12 14:04:12,435 - api_entries_etl - DEBUG - [Node #46] Created APIEntry: api_entry::GetActiveDocument
2025-10-12 14:04:12,435 - api_entries_etl - DEBUG -   name: GetActiveDocument
2025-10-12 14:04:12,436 - api_entries_etl - DEBUG -   category: Applicationオブジェクト
2025-10-12 14:04:12,436 - api_entries_etl - DEBUG -   entry_type: function
2025-10-12 14:04:12,436 - api_entries_etl - DEBUG -   description: アクティブなDocumentオブジェクトを取得する
2025-10-12 14:04:12,436 - api_entries_etl - DEBUG -   pseudo_code: GetActiveDocument()
2025-10-12 14:04:12,436 - api_entries_etl - DEBUG -   text: アクティブなDocumentオブジェクトを取得する

〇アクティブなDocumentオブジェクトを取得する
 返り値:Documentオブジェクト
 GetActiveDocument()
2025-10-12 14:04:12,436 - api_entries_etl - DEBUG -   raw_json: {"category":"Applicationオブジェクト","entry_type":"function","name":"GetActiveDocument","description":"アクティブなDocumentオブジェク...
2025-10-12 14:04:12,436 - api_entries_etl - DEBUG -   position: 5
2025-10-12 14:04:12,436 - api_entries_etl - DEBUG - [Relation #50] Created HAS_ENTRY: api_entries::collection -> api_entry::GetActiveDocument
2025-10-12 14:04:12,436 - api_entries_etl - DEBUG - [Node #47] Created Category: category::Applicationオブジェクト
2025-10-12 14:04:12,436 - api_entries_etl - DEBUG -   name: Applicationオブジェクト
2025-10-12 14:04:12,436 - api_entries_etl - DEBUG - [Relation #51] Created IN_CATEGORY: api_entry::GetActiveDocument -> category::Applicationオブジェクト
2025-10-12 14:04:12,436 - api_entries_etl - DEBUG - [Node #48] Created EntryType: entry_type::function
2025-10-12 14:04:12,436 - api_entries_etl - DEBUG -   name: function
2025-10-12 14:04:12,436 - api_entries_etl - DEBUG - [Relation #52] Created HAS_ENTRY_TYPE: api_entry::GetActiveDocument -> entry_type::function
2025-10-12 14:04:12,436 - api_entries_etl - DEBUG - [Node #49] Created ReturnValue: return::GetActiveDocument
2025-10-12 14:04:12,436 - api_entries_etl - DEBUG -   return_type: 不明
2025-10-12 14:04:12,436 - api_entries_etl - DEBUG -   description: Documentオブジェクト
2025-10-12 14:04:12,436 - api_entries_etl - DEBUG -   raw_json: {"type":"不明","description":"Documentオブジェクト"}
2025-10-12 14:04:12,436 - api_entries_etl - DEBUG - [Relation #53] Created HAS_RETURN: api_entry::GetActiveDocument -> return::GetActiveDocument
2025-10-12 14:04:12,436 - api_entries_etl - DEBUG - [Node #50] Created PseudoCode: pseudo_code::GetActiveDocument
2025-10-12 14:04:12,436 - api_entries_etl - DEBUG -   code: GetActiveDocument()
2025-10-12 14:04:12,436 - api_entries_etl - DEBUG -   callee: GetActiveDocument
2025-10-12 14:04:12,436 - api_entries_etl - DEBUG -   argument_count: 0
2025-10-12 14:04:12,436 - api_entries_etl - DEBUG - [Relation #54] Created HAS_PSEUDO_CODE: api_entry::GetActiveDocument -> pseudo_code::GetActiveDocument
2025-10-12 14:04:12,436 - api_entries_etl - DEBUG - [Node #51] Created Source: source::GetActiveDocument::inline
2025-10-12 14:04:12,441 - api_entries_etl - DEBUG -   text: 〇アクティブなDocumentオブジェクトを取得する
 返り値:Documentオブジェクト
 GetActiveDocument()
2025-10-12 14:04:12,441 - api_entries_etl - DEBUG - [Relation #55] Created CITED_FROM: api_entry::GetActiveDocument -> source::GetActiveDocument::inline
2025-10-12 14:04:12,441 - api_entries_etl - DEBUG - Processing API entry #7: GetDocuments
2025-10-12 14:04:12,441 - api_entries_etl - DEBUG - [Node #52] Created APIEntry: api_entry::GetDocuments
2025-10-12 14:04:12,441 - api_entries_etl - DEBUG -   name: GetDocuments
2025-10-12 14:04:12,441 - api_entries_etl - DEBUG -   category: Applicationオブジェクト
2025-10-12 14:04:12,441 - api_entries_etl - DEBUG -   entry_type: function
2025-10-12 14:04:12,441 - api_entries_etl - DEBUG -   description: 開かれているDocumentオブジェクトを全て取得する
2025-10-12 14:04:12,443 - api_entries_etl - DEBUG -   pseudo_code: GetDocuments()
2025-10-12 14:04:12,443 - api_entries_etl - DEBUG -   text: 開かれているDocumentオブジェクトを全て取得する

〇開かれているDocumentオブジェクトを全て取得する
 返り値:Documentオブジェクトの配列
 GetDocuments()
2025-10-12 14:04:12,443 - api_entries_etl - DEBUG -   raw_json: {"category":"Applicationオブジェクト","entry_type":"function","name":"GetDocuments","description":"開かれているDocumentオブジェクトを全て取...
2025-10-12 14:04:12,443 - api_entries_etl - DEBUG -   position: 6
2025-10-12 14:04:12,443 - api_entries_etl - DEBUG - [Relation #56] Created HAS_ENTRY: api_entries::collection -> api_entry::GetDocuments
2025-10-12 14:04:12,443 - api_entries_etl - DEBUG - [Node #53] Created Category: category::Applicationオブジェクト
2025-10-12 14:04:12,443 - api_entries_etl - DEBUG -   name: Applicationオブジェクト
2025-10-12 14:04:12,443 - api_entries_etl - DEBUG - [Relation #57] Created IN_CATEGORY: api_entry::GetDocuments -> category::Applicationオブジェクト
2025-10-12 14:04:12,443 - api_entries_etl - DEBUG - [Node #54] Created EntryType: entry_type::function
2025-10-12 14:04:12,443 - api_entries_etl - DEBUG -   name: function
2025-10-12 14:04:12,443 - api_entries_etl - DEBUG - [Relation #58] Created HAS_ENTRY_TYPE: api_entry::GetDocuments -> entry_type::function
2025-10-12 14:04:12,446 - api_entries_etl - DEBUG - [Node #55] Created ReturnValue: return::GetDocuments
2025-10-12 14:04:12,446 - api_entries_etl - DEBUG -   return_type: 不明
2025-10-12 14:04:12,446 - api_entries_etl - DEBUG -   description: Documentオブジェクトの配列
2025-10-12 14:04:12,447 - api_entries_etl - DEBUG -   raw_json: {"type":"不明","description":"Documentオブジェクトの配列"}
2025-10-12 14:04:12,447 - api_entries_etl - DEBUG - [Relation #59] Created HAS_RETURN: api_entry::GetDocuments -> return::GetDocuments
2025-10-12 14:04:12,447 - api_entries_etl - DEBUG - [Node #56] Created PseudoCode: pseudo_code::GetDocuments
2025-10-12 14:04:12,447 - api_entries_etl - DEBUG -   code: GetDocuments()
2025-10-12 14:04:12,447 - api_entries_etl - DEBUG -   callee: GetDocuments
2025-10-12 14:04:12,447 - api_entries_etl - DEBUG -   argument_count: 0
2025-10-12 14:04:12,447 - api_entries_etl - DEBUG - [Relation #60] Created HAS_PSEUDO_CODE: api_entry::GetDocuments -> pseudo_code::GetDocuments
2025-10-12 14:04:12,447 - api_entries_etl - DEBUG - [Node #57] Created Source: source::GetDocuments::inline
2025-10-12 14:04:12,447 - api_entries_etl - DEBUG -   text: 〇開かれているDocumentオブジェクトを全て取得する
 返り値:Documentオブジェクトの配列
 GetDocuments()
2025-10-12 14:04:12,447 - api_entries_etl - DEBUG - [Relation #61] Created CITED_FROM: api_entry::GetDocuments -> source::GetDocuments::inline
2025-10-12 14:04:12,447 - api_entries_etl - DEBUG - Processing API entry #8: Close
2025-10-12 14:04:12,447 - api_entries_etl - DEBUG - [Node #58] Created APIEntry: api_entry::Close
2025-10-12 14:04:12,447 - api_entries_etl - DEBUG -   name: Close
2025-10-12 14:04:12,447 - api_entries_etl - DEBUG -   category: Documentオブジェクト
2025-10-12 14:04:12,451 - api_entries_etl - DEBUG -   entry_type: function
2025-10-12 14:04:12,451 - api_entries_etl - DEBUG -   description: ドキュメントを閉じる
2025-10-12 14:04:12,451 - api_entries_etl - DEBUG -   pseudo_code: Close()
2025-10-12 14:04:12,452 - api_entries_etl - DEBUG -   text: ドキュメントを閉じる

〇ドキュメントを閉じる
 返り値:なし
  Close()
2025-10-12 14:04:12,452 - api_entries_etl - DEBUG -   raw_json: {"category":"Documentオブジェクト","entry_type":"function","name":"Close","description":"ドキュメントを閉じる","pseudo_code":"Close()...
2025-10-12 14:04:12,452 - api_entries_etl - DEBUG -   position: 7
2025-10-12 14:04:12,452 - api_entries_etl - DEBUG - [Relation #62] Created HAS_ENTRY: api_entries::collection -> api_entry::Close
2025-10-12 14:04:12,452 - api_entries_etl - DEBUG - [Node #59] Created Category: category::Documentオブジェクト
2025-10-12 14:04:12,454 - api_entries_etl - DEBUG -   name: Documentオブジェクト
2025-10-12 14:04:12,455 - api_entries_etl - DEBUG - [Relation #63] Created IN_CATEGORY: api_entry::Close -> category::Documentオブジェクト
2025-10-12 14:04:12,455 - api_entries_etl - DEBUG - [Node #60] Created EntryType: entry_type::function
2025-10-12 14:04:12,455 - api_entries_etl - DEBUG -   name: function
2025-10-12 14:04:12,455 - api_entries_etl - DEBUG - [Relation #64] Created HAS_ENTRY_TYPE: api_entry::Close -> entry_type::function
2025-10-12 14:04:12,456 - api_entries_etl - DEBUG - [Node #61] Created ReturnValue: return::Close
2025-10-12 14:04:12,456 - api_entries_etl - DEBUG -   return_type: void
2025-10-12 14:04:12,456 - api_entries_etl - DEBUG -   description: なし
2025-10-12 14:04:12,456 - api_entries_etl - DEBUG -   raw_json: {"type":"void","description":"なし"}
2025-10-12 14:04:12,456 - api_entries_etl - DEBUG - [Relation #65] Created HAS_RETURN: api_entry::Close -> return::Close
2025-10-12 14:04:12,456 - api_entries_etl - DEBUG - [Node #62] Created PseudoCode: pseudo_code::Close
2025-10-12 14:04:12,456 - api_entries_etl - DEBUG -   code: Close()
2025-10-12 14:04:12,456 - api_entries_etl - DEBUG -   callee: Close
2025-10-12 14:04:12,456 - api_entries_etl - DEBUG -   argument_count: 0
2025-10-12 14:04:12,456 - api_entries_etl - DEBUG - [Relation #66] Created HAS_PSEUDO_CODE: api_entry::Close -> pseudo_code::Close
2025-10-12 14:04:12,456 - api_entries_etl - DEBUG - [Node #63] Created Source: source::Close::inline
2025-10-12 14:04:12,456 - api_entries_etl - DEBUG -   text: 〇ドキュメントを閉じる
 返り値:なし
  Close()
2025-10-12 14:04:12,456 - api_entries_etl - DEBUG - [Relation #67] Created CITED_FROM: api_entry::Close -> source::Close::inline
2025-10-12 14:04:12,456 - api_entries_etl - DEBUG - Processing API entry #9: CreateSTLOption
2025-10-12 14:04:12,456 - api_entries_etl - DEBUG - [Node #64] Created APIEntry: api_entry::CreateSTLOption
2025-10-12 14:04:12,456 - api_entries_etl - DEBUG -   name: CreateSTLOption
2025-10-12 14:04:12,456 - api_entries_etl - DEBUG -   category: Documentオブジェクト
2025-10-12 14:04:12,456 - api_entries_etl - DEBUG -   entry_type: function
2025-10-12 14:04:12,456 - api_entries_etl - DEBUG -   description: ドキュメントをSTLとして保存する際のパラメータオブジェクトの作成
2025-10-12 14:04:12,456 - api_entries_etl - DEBUG -   pseudo_code: CreateSTLOption()
2025-10-12 14:04:12,456 - api_entries_etl - DEBUG -   text: ドキュメントをSTLとして保存する際のパラメータオブジェクトの作成

〇ドキュメントをSTLとして保存する際のパラメータオブジェクトの作成
 返り値:STLパラメータオブジェクト
 CreateSTLOption()
2025-10-12 14:04:12,456 - api_entries_etl - DEBUG -   raw_json: {"category":"Documentオブジェクト","entry_type":"function","name":"CreateSTLOption","description":"ドキュメントをSTLとして保存する際のパラメータ...
2025-10-12 14:04:12,456 - api_entries_etl - DEBUG -   position: 8
2025-10-12 14:04:12,456 - api_entries_etl - DEBUG - [Relation #68] Created HAS_ENTRY: api_entries::collection -> api_entry::CreateSTLOption
2025-10-12 14:04:12,456 - api_entries_etl - DEBUG - [Node #65] Created Category: category::Documentオブジェクト
2025-10-12 14:04:12,456 - api_entries_etl - DEBUG -   name: Documentオブジェクト
2025-10-12 14:04:12,456 - api_entries_etl - DEBUG - [Relation #69] Created IN_CATEGORY: api_entry::CreateSTLOption -> category::Documentオブジェクト
2025-10-12 14:04:12,456 - api_entries_etl - DEBUG - [Node #66] Created EntryType: entry_type::function
2025-10-12 14:04:12,456 - api_entries_etl - DEBUG -   name: function
2025-10-12 14:04:12,456 - api_entries_etl - DEBUG - [Relation #70] Created HAS_ENTRY_TYPE: api_entry::CreateSTLOption -> entry_type::function
2025-10-12 14:04:12,456 - api_entries_etl - DEBUG - [Node #67] Created ReturnValue: return::CreateSTLOption
2025-10-12 14:04:12,456 - api_entries_etl - DEBUG -   return_type: 不明
2025-10-12 14:04:12,466 - api_entries_etl - DEBUG -   description: STLパラメータオブジェクト
2025-10-12 14:04:12,466 - api_entries_etl - DEBUG -   raw_json: {"type":"不明","description":"STLパラメータオブジェクト"}
2025-10-12 14:04:12,467 - api_entries_etl - DEBUG - [Relation #71] Created HAS_RETURN: api_entry::CreateSTLOption -> return::CreateSTLOption
2025-10-12 14:04:12,467 - api_entries_etl - DEBUG - [Node #68] Created PseudoCode: pseudo_code::CreateSTLOption
2025-10-12 14:04:12,467 - api_entries_etl - DEBUG -   code: CreateSTLOption()
2025-10-12 14:04:12,467 - api_entries_etl - DEBUG -   callee: CreateSTLOption
2025-10-12 14:04:12,469 - api_entries_etl - DEBUG -   argument_count: 0
2025-10-12 14:04:12,470 - api_entries_etl - DEBUG - [Relation #72] Created HAS_PSEUDO_CODE: api_entry::CreateSTLOption -> pseudo_code::CreateSTLOption
2025-10-12 14:04:12,470 - api_entries_etl - DEBUG - [Node #69] Created Source: source::CreateSTLOption::inline
2025-10-12 14:04:12,471 - api_entries_etl - DEBUG -   text: 〇ドキュメントをSTLとして保存する際のパラメータオブジェクトの作成
 返り値:STLパラメータオブジェクト
 CreateSTLOption()
2025-10-12 14:04:12,471 - api_entries_etl - DEBUG - [Relation #73] Created CITED_FROM: api_entry::CreateSTLOption -> source::CreateSTLOption::inline
2025-10-12 14:04:12,471 - api_entries_etl - DEBUG - Processing API entry #10: STLパラメータオブジェクト
2025-10-12 14:04:12,471 - api_entries_etl - DEBUG - [Node #70] Created APIEntry: api_entry::STLパラメータオブジェクト
2025-10-12 14:04:12,471 - api_entries_etl - DEBUG -   name: STLパラメータオブジェクト
2025-10-12 14:04:12,471 - api_entries_etl - DEBUG -   category: STLパラメータオブジェクト
2025-10-12 14:04:12,471 - api_entries_etl - DEBUG -   entry_type: object
2025-10-12 14:04:12,471 - api_entries_etl - DEBUG -   description: STLファイル出力時の設定パラメータを格納するオブジェクト
2025-10-12 14:04:12,471 - api_entries_etl - DEBUG -   text: STLファイル出力時の設定パラメータを格納するオブジェクト

〇STLパラメータオブジェクト
2025-10-12 14:04:12,471 - api_entries_etl - DEBUG -   raw_json: {"category":"STLパラメータオブジェクト","entry_type":"object","name":"STLパラメータオブジェクト","description":"STLファイル出力時の設定パラメータを格納するオブジェ...
2025-10-12 14:04:12,475 - api_entries_etl - DEBUG -   position: 9
2025-10-12 14:04:12,475 - api_entries_etl - DEBUG - [Relation #74] Created HAS_ENTRY: api_entries::collection -> api_entry::STLパラメータオブジェクト
2025-10-12 14:04:12,475 - api_entries_etl - DEBUG - [Node #71] Created Category: category::STLパラメータオブジェクト
2025-10-12 14:04:12,475 - api_entries_etl - DEBUG -   name: STLパラメータオブジェクト
2025-10-12 14:04:12,475 - api_entries_etl - DEBUG - [Relation #75] Created IN_CATEGORY: api_entry::STLパラメータオブジェクト -> category::STLパラメータオブジェクト
2025-10-12 14:04:12,475 - api_entries_etl - DEBUG - [Node #72] Created EntryType: entry_type::object
2025-10-12 14:04:12,475 - api_entries_etl - DEBUG -   name: object
2025-10-12 14:04:12,475 - api_entries_etl - DEBUG - [Relation #76] Created HAS_ENTRY_TYPE: api_entry::STLパラメータオブジェクト -> entry_type::object
2025-10-12 14:04:12,475 - api_entries_etl - DEBUG - [Node #73] Created Property: property::STLパラメータオブジェクト::ChordalTolerance
2025-10-12 14:04:12,475 - api_entries_etl - DEBUG -   name: ChordalTolerance
2025-10-12 14:04:12,475 - api_entries_etl - DEBUG -   property_type: 浮動小数点
2025-10-12 14:04:12,475 - api_entries_etl - DEBUG -   unit: mm
2025-10-12 14:04:12,475 - api_entries_etl - DEBUG -   description: メッシュ近似する際の弦の幅の許容トレランスを指定
2025-10-12 14:04:12,475 - api_entries_etl - DEBUG -   raw_json: {"name":"ChordalTolerance","type":"浮動小数点","unit":"mm","description":"メッシュ近似する際の弦の幅の許容トレランスを指定","source":{"text":"Chor...
2025-10-12 14:04:12,475 - api_entries_etl - DEBUG -   position: 0
2025-10-12 14:04:12,483 - api_entries_etl - DEBUG - [Relation #77] Created HAS_PROPERTY: api_entry::STLパラメータオブジェクト -> property::STLパラメータオブジェクト::ChordalTolerance
2025-10-12 14:04:12,483 - api_entries_etl - DEBUG - [Node #74] Created Source: source::STLパラメータオブジェクト::property::ChordalTolerance
2025-10-12 14:04:12,483 - api_entries_etl - DEBUG -   text: ChordalTolerance　// 浮動小数点:メッシュ近似する際の弦の幅の許容トレランスを指定 (mm)
2025-10-12 14:04:12,483 - api_entries_etl - DEBUG - [Relation #78] Created CITED_FROM: property::STLパラメータオブジェクト::ChordalTolerance -> source::STLパラメータオブジェクト::property::ChordalTolerance
2025-10-12 14:04:12,483 - api_entries_etl - DEBUG - [Node #75] Created Property: property::STLパラメータオブジェクト::NormalTolerance
2025-10-12 14:04:12,485 - api_entries_etl - DEBUG -   name: NormalTolerance
2025-10-12 14:04:12,486 - api_entries_etl - DEBUG -   property_type: 浮動小数点
2025-10-12 14:04:12,486 - api_entries_etl - DEBUG -   unit: Degree
2025-10-12 14:04:12,486 - api_entries_etl - DEBUG -   description: メッシュ近似した場合のポリゴンの面と局面との法線方向のずれ角度の許容値
2025-10-12 14:04:12,486 - api_entries_etl - DEBUG -   raw_json: {"name":"NormalTolerance","type":"浮動小数点","unit":"Degree","description":"メッシュ近似した場合のポリゴンの面と局面との法線方向のずれ角度の許容値","source"...
2025-10-12 14:04:12,486 - api_entries_etl - DEBUG -   position: 1
2025-10-12 14:04:12,486 - api_entries_etl - DEBUG - [Relation #79] Created HAS_PROPERTY: api_entry::STLパラメータオブジェクト -> property::STLパラメータオブジェクト::NormalTolerance
2025-10-12 14:04:12,486 - api_entries_etl - DEBUG - [Node #76] Created Source: source::STLパラメータオブジェクト::property::NormalTolerance
2025-10-12 14:04:12,486 - api_entries_etl - DEBUG -   text: NormalTolerance　// 浮動小数点:メッシュ近似した場合のポリゴンの面と局面との法線方向のずれ角度の許容値（Degree)
2025-10-12 14:04:12,486 - api_entries_etl - DEBUG - [Relation #80] Created CITED_FROM: property::STLパラメータオブジェクト::NormalTolerance -> source::STLパラメータオブジェクト::property::NormalTolerance
2025-10-12 14:04:12,486 - api_entries_etl - DEBUG - [Node #77] Created Property: property::STLパラメータオブジェクト::SigDigits
2025-10-12 14:04:12,486 - api_entries_etl - DEBUG -   name: SigDigits
2025-10-12 14:04:12,486 - api_entries_etl - DEBUG -   property_type: 整数
2025-10-12 14:04:12,486 - api_entries_etl - DEBUG -   description: 頂点座標値の有効桁数
2025-10-12 14:04:12,486 - api_entries_etl - DEBUG -   raw_json: {"name":"SigDigits","type":"整数","description":"頂点座標値の有効桁数","source":{"text":"SigDigits　// 整数:頂点座標値の有効桁数"}}
2025-10-12 14:04:12,486 - api_entries_etl - DEBUG -   position: 2
2025-10-12 14:04:12,486 - api_entries_etl - DEBUG - [Relation #81] Created HAS_PROPERTY: api_entry::STLパラメータオブジェクト -> property::STLパラメータオブジェクト::SigDigits
2025-10-12 14:04:12,486 - api_entries_etl - DEBUG - [Node #78] Created Source: source::STLパラメータオブジェクト::property::SigDigits
2025-10-12 14:04:12,486 - api_entries_etl - DEBUG -   text: SigDigits　// 整数:頂点座標値の有効桁数
2025-10-12 14:04:12,486 - api_entries_etl - DEBUG - [Relation #82] Created CITED_FROM: property::STLパラメータオブジェクト::SigDigits -> source::STLパラメータオブジェクト::property::SigDigits
2025-10-12 14:04:12,486 - api_entries_etl - DEBUG - [Node #79] Created Property: property::STLパラメータオブジェクト::MinMeshLength
2025-10-12 14:04:12,491 - api_entries_etl - DEBUG -   name: MinMeshLength
2025-10-12 14:04:12,491 - api_entries_etl - DEBUG -   property_type: 浮動小数点
2025-10-12 14:04:12,491 - api_entries_etl - DEBUG -   unit: mm
2025-10-12 14:04:12,491 - api_entries_etl - DEBUG -   default_value: 0.0
2025-10-12 14:04:12,491 - api_entries_etl - DEBUG -   default_json: "0.0"
2025-10-12 14:04:12,491 - api_entries_etl - DEBUG -   description: メッシュの辺の最小サイズを指定する場合は指定
2025-10-12 14:04:12,495 - api_entries_etl - DEBUG -   raw_json: {"name":"MinMeshLength","type":"浮動小数点","unit":"mm","default":"0.0","description":"メッシュの辺の最小サイズを指定する場合は指定","source":{"...
2025-10-12 14:04:12,496 - api_entries_etl - DEBUG -   position: 3
2025-10-12 14:04:12,496 - api_entries_etl - DEBUG - [Relation #83] Created HAS_PROPERTY: api_entry::STLパラメータオブジェクト -> property::STLパラメータオブジェクト::MinMeshLength
2025-10-12 14:04:12,496 - api_entries_etl - DEBUG - [Node #80] Created Source: source::STLパラメータオブジェクト::property::MinMeshLength
2025-10-12 14:04:12,496 - api_entries_etl - DEBUG -   text: MinMeshLength　// 浮動小数点:メッシュの辺の最小サイズを指定する場合は指定(mm)（指定しない場合は０）
2025-10-12 14:04:12,496 - api_entries_etl - DEBUG - [Relation #84] Created CITED_FROM: property::STLパラメータオブジェクト::MinMeshLength -> source::STLパラメータオブジェクト::property::MinMeshLength
2025-10-12 14:04:12,496 - api_entries_etl - DEBUG - [Node #81] Created Property: property::STLパラメータオブジェクト::MaxMeshLength
2025-10-12 14:04:12,496 - api_entries_etl - DEBUG -   name: MaxMeshLength
2025-10-12 14:04:12,496 - api_entries_etl - DEBUG -   property_type: 浮動小数点
2025-10-12 14:04:12,496 - api_entries_etl - DEBUG -   unit: mm
2025-10-12 14:04:12,496 - api_entries_etl - DEBUG -   default_value: 0.0
2025-10-12 14:04:12,496 - api_entries_etl - DEBUG -   default_json: "0.0"
2025-10-12 14:04:12,496 - api_entries_etl - DEBUG -   description: メッシュの辺の最大サイズを指定する場合は指定
2025-10-12 14:04:12,496 - api_entries_etl - DEBUG -   raw_json: {"name":"MaxMeshLength","type":"浮動小数点","unit":"mm","default":"0.0","description":"メッシュの辺の最大サイズを指定する場合は指定","source":{"...
2025-10-12 14:04:12,496 - api_entries_etl - DEBUG -   position: 4
2025-10-12 14:04:12,496 - api_entries_etl - DEBUG - [Relation #85] Created HAS_PROPERTY: api_entry::STLパラメータオブジェクト -> property::STLパラメータオブジェクト::MaxMeshLength
2025-10-12 14:04:12,496 - api_entries_etl - DEBUG - [Node #82] Created Source: source::STLパラメータオブジェクト::property::MaxMeshLength
2025-10-12 14:04:12,496 - api_entries_etl - DEBUG -   text: MaxMeshLength　// 浮動小数点:メッシュの辺の最大サイズを指定する場合は指定(mm)（指定しない場合は０）
2025-10-12 14:04:12,496 - api_entries_etl - DEBUG - [Relation #86] Created CITED_FROM: property::STLパラメータオブジェクト::MaxMeshLength -> source::STLパラメータオブジェクト::property::MaxMeshLength
2025-10-12 14:04:12,496 - api_entries_etl - DEBUG - [Node #83] Created Property: property::STLパラメータオブジェクト::Elements
2025-10-12 14:04:12,496 - api_entries_etl - DEBUG -   name: Elements
2025-10-12 14:04:12,496 - api_entries_etl - DEBUG -   property_type: 要素(配列)
2025-10-12 14:04:12,496 - api_entries_etl - DEBUG -   default_value: 表示されている全ての要素を出力
2025-10-12 14:04:12,496 - api_entries_etl - DEBUG -   default_json: "表示されている全ての要素を出力"
2025-10-12 14:04:12,496 - api_entries_etl - DEBUG -   description: STL出力する要素を指定
2025-10-12 14:04:12,496 - api_entries_etl - DEBUG -   raw_json: {"name":"Elements","type":"要素(配列)","default":"表示されている全ての要素を出力","description":"STL出力する要素を指定","source":{"text":"Element...
2025-10-12 14:04:12,503 - api_entries_etl - DEBUG -   position: 5
2025-10-12 14:04:12,503 - api_entries_etl - DEBUG - [Relation #87] Created HAS_PROPERTY: api_entry::STLパラメータオブジェクト -> property::STLパラメータオブジェクト::Elements
2025-10-12 14:04:12,503 - api_entries_etl - DEBUG - [Node #84] Created Source: source::STLパラメータオブジェクト::property::Elements
2025-10-12 14:04:12,503 - api_entries_etl - DEBUG -   text: Elements　 // 要素(配列)：STL出力する要素を指定（指定しない場合は表示されている全ての要素を出力します）
2025-10-12 14:04:12,503 - api_entries_etl - DEBUG - [Relation #88] Created CITED_FROM: property::STLパラメータオブジェクト::Elements -> source::STLパラメータオブジェクト::property::Elements
2025-10-12 14:04:12,505 - api_entries_etl - DEBUG - [Node #85] Created Source: source::STLパラメータオブジェクト::inline
2025-10-12 14:04:12,505 - api_entries_etl - DEBUG -   text: 〇STLパラメータオブジェクト
2025-10-12 14:04:12,505 - api_entries_etl - DEBUG - [Relation #89] Created CITED_FROM: api_entry::STLパラメータオブジェクト -> source::STLパラメータオブジェクト::inline
2025-10-12 14:04:12,505 - api_entries_etl - DEBUG - GraphBuilder.build_graph_elements完了: ノード70件, リレーション89件
2025-10-12 14:04:12,505 - api_entries_etl - DEBUG - デバッグ統計: ノード作成数=85, リレーション作成数=89
2025-10-12 14:04:12,507 - api_entries_etl - INFO - 生成ノード: 70, リレーション: 89
2025-10-12 14:04:13,369 - api_entries_etl - WARNING - --wipe により過去のノード/リレーションを削除します
2025-10-12 14:04:16,576 - api_entries_etl - INFO - Neo4j へ投入完了: ノード 70, リレーション 89
2025-10-12 14:04:16,576 - api_entries_etl - INFO - 完了
2025-10-12 14:24:50,393 - api_entries_etl - DEBUG - ログ設定完了 - ファイル: C:\Users\user\workfolders\imabari3dcad\structured_api\api_entries_demo_etl.log, コンソール: INFO以上, ファイル: DEBUG以上
2025-10-12 14:24:50,393 - api_entries_etl - INFO - ログファイルに保存中: C:\Users\user\workfolders\imabari3dcad\structured_api\api_entries_demo_etl.log
2025-10-12 14:24:50,398 - api_entries_etl - DEBUG - main関数開始
2025-10-12 14:24:50,416 - api_entries_etl - INFO - JSON を読み込み: C:\Users\user\workfolders\imabari3dcad\structured_api\data\api_entries_demo.json
2025-10-12 14:24:50,416 - api_entries_etl - DEBUG - APIエントリJSONファイルを読み込み開始: C:\Users\user\workfolders\imabari3dcad\structured_api\data\api_entries_demo.json
2025-10-12 14:24:50,422 - api_entries_etl - DEBUG - APIエントリ読み込み完了: 10件
2025-10-12 14:24:50,422 - api_entries_etl - INFO - エントリ件数: 10
2025-10-12 14:24:50,422 - api_entries_etl - DEBUG - GraphBuilder.build_graph_elements開始: 10件のエントリ
2025-10-12 14:24:50,422 - api_entries_etl - DEBUG - [Node #1] Created ApiEntryCollection: api_entries::collection
2025-10-12 14:24:50,422 - api_entries_etl - DEBUG -   name: api_entries
2025-10-12 14:24:50,422 - api_entries_etl - DEBUG - Processing API entry #1: Quit
2025-10-12 14:24:50,422 - api_entries_etl - DEBUG - [Node #2] Created APIEntry: api_entry::Quit
2025-10-12 14:24:50,422 - api_entries_etl - DEBUG -   name: Quit
2025-10-12 14:24:50,422 - api_entries_etl - DEBUG -   category: Applicationオブジェクト
2025-10-12 14:24:50,422 - api_entries_etl - DEBUG -   entry_type: function
2025-10-12 14:24:50,422 - api_entries_etl - DEBUG -   description: EvoShipを終了する
2025-10-12 14:24:50,422 - api_entries_etl - DEBUG -   pseudo_code: Quit()
2025-10-12 14:24:50,422 - api_entries_etl - DEBUG -   text: EvoShipを終了する

〇EvoShipを終了する
 返り値:なし
  Quit()
2025-10-12 14:24:50,422 - api_entries_etl - DEBUG -   raw_json: {"category":"Applicationオブジェクト","entry_type":"function","name":"Quit","description":"EvoShipを終了する","pseudo_code":"Qui...
2025-10-12 14:24:50,422 - api_entries_etl - DEBUG -   position: 0
2025-10-12 14:24:50,422 - api_entries_etl - DEBUG - [Relation #1] Created HAS_ENTRY: api_entries::collection -> api_entry::Quit
2025-10-12 14:24:50,422 - api_entries_etl - DEBUG - [Node #3] Created Category: category::Applicationオブジェクト
2025-10-12 14:24:50,422 - api_entries_etl - DEBUG -   name: Applicationオブジェクト
2025-10-12 14:24:50,422 - api_entries_etl - DEBUG - [Relation #2] Created IN_CATEGORY: api_entry::Quit -> category::Applicationオブジェクト
2025-10-12 14:24:50,422 - api_entries_etl - DEBUG - [Node #4] Created EntryType: entry_type::function
2025-10-12 14:24:50,422 - api_entries_etl - DEBUG -   name: function
2025-10-12 14:24:50,422 - api_entries_etl - DEBUG - [Relation #3] Created HAS_ENTRY_TYPE: api_entry::Quit -> entry_type::function
2025-10-12 14:24:50,422 - api_entries_etl - DEBUG - [Node #5] Created ReturnValue: return::Quit
2025-10-12 14:24:50,422 - api_entries_etl - DEBUG -   return_type: void
2025-10-12 14:24:50,422 - api_entries_etl - DEBUG -   description: なし
2025-10-12 14:24:50,422 - api_entries_etl - DEBUG -   raw_json: {"type":"void","description":"なし"}
2025-10-12 14:24:50,422 - api_entries_etl - DEBUG - [Relation #4] Created HAS_RETURN: api_entry::Quit -> return::Quit
2025-10-12 14:24:50,432 - api_entries_etl - DEBUG - [Node #6] Created PseudoCode: pseudo_code::Quit
2025-10-12 14:24:50,432 - api_entries_etl - DEBUG -   code: Quit()
2025-10-12 14:24:50,432 - api_entries_etl - DEBUG -   callee: Quit
2025-10-12 14:24:50,432 - api_entries_etl - DEBUG -   argument_count: 0
2025-10-12 14:24:50,435 - api_entries_etl - DEBUG - [Relation #5] Created HAS_PSEUDO_CODE: api_entry::Quit -> pseudo_code::Quit
2025-10-12 14:24:50,435 - api_entries_etl - DEBUG - [Node #7] Created Source: source::Quit::inline
2025-10-12 14:24:50,435 - api_entries_etl - DEBUG -   text: 〇EvoShipを終了する
 返り値:なし
  Quit()
2025-10-12 14:24:50,435 - api_entries_etl - DEBUG - [Relation #6] Created CITED_FROM: api_entry::Quit -> source::Quit::inline
2025-10-12 14:24:50,435 - api_entries_etl - DEBUG - Processing API entry #2: ShowMainWindow
2025-10-12 14:24:50,435 - api_entries_etl - DEBUG - [Node #8] Created APIEntry: api_entry::ShowMainWindow
2025-10-12 14:24:50,435 - api_entries_etl - DEBUG -   name: ShowMainWindow
2025-10-12 14:24:50,435 - api_entries_etl - DEBUG -   category: Applicationオブジェクト
2025-10-12 14:24:50,435 - api_entries_etl - DEBUG -   entry_type: function
2025-10-12 14:24:50,435 - api_entries_etl - DEBUG -   description: EvoShipのメインウィンドウを表示
2025-10-12 14:24:50,435 - api_entries_etl - DEBUG -   pseudo_code: ShowMainWindow(bShow)
2025-10-12 14:24:50,440 - api_entries_etl - DEBUG -   text: EvoShipのメインウィンドウを表示

〇EvoShipのメインウィンドウを表示する
 返り値:なし
  ShowMainWindow(
   bShow ) // bool: 表示する時はTrue
2025-10-12 14:24:50,440 - api_entries_etl - DEBUG -   raw_json: {"category":"Applicationオブジェクト","entry_type":"function","name":"ShowMainWindow","description":"EvoShipのメインウィンドウを表示","...
2025-10-12 14:24:50,440 - api_entries_etl - DEBUG -   position: 1
2025-10-12 14:24:50,441 - api_entries_etl - DEBUG - [Relation #7] Created HAS_ENTRY: api_entries::collection -> api_entry::ShowMainWindow
2025-10-12 14:24:50,441 - api_entries_etl - DEBUG - [Node #9] Created Category: category::Applicationオブジェクト
2025-10-12 14:24:50,441 - api_entries_etl - DEBUG -   name: Applicationオブジェクト
2025-10-12 14:24:50,441 - api_entries_etl - DEBUG - [Relation #8] Created IN_CATEGORY: api_entry::ShowMainWindow -> category::Applicationオブジェクト
2025-10-12 14:24:50,441 - api_entries_etl - DEBUG - [Node #10] Created EntryType: entry_type::function
2025-10-12 14:24:50,445 - api_entries_etl - DEBUG -   name: function
2025-10-12 14:24:50,445 - api_entries_etl - DEBUG - [Relation #9] Created HAS_ENTRY_TYPE: api_entry::ShowMainWindow -> entry_type::function
2025-10-12 14:24:50,445 - api_entries_etl - DEBUG - [Node #11] Created Parameter: param::ShowMainWindow::bShow
2025-10-12 14:24:50,445 - api_entries_etl - DEBUG -   name: bShow
2025-10-12 14:24:50,445 - api_entries_etl - DEBUG -   param_type: bool
2025-10-12 14:24:50,445 - api_entries_etl - DEBUG -   position: 0
2025-10-12 14:24:50,445 - api_entries_etl - DEBUG -   description: 表示の有効/無効を切り替えるフラグ
2025-10-12 14:24:50,445 - api_entries_etl - DEBUG -   raw_json: {"name":"bShow","type":"bool","position":0,"description":"表示の有効/無効を切り替えるフラグ","case":{"true":"表示を有効にする場合は True を設定","f...
2025-10-12 14:24:50,445 - api_entries_etl - DEBUG - [Relation #10] Created HAS_PARAMETER: api_entry::ShowMainWindow -> param::ShowMainWindow::bShow
2025-10-12 14:24:50,449 - api_entries_etl - DEBUG - [Node #12] Created ParameterCase: param::ShowMainWindow::bShow::case::true
2025-10-12 14:24:50,449 - api_entries_etl - DEBUG -   name: true
2025-10-12 14:24:50,449 - api_entries_etl - DEBUG -   description: 表示を有効にする場合は True を設定
2025-10-12 14:24:50,449 - api_entries_etl - DEBUG - [Relation #11] Created HAS_CASE_OPTION: param::ShowMainWindow::bShow -> param::ShowMainWindow::bShow::case::true
2025-10-12 14:24:50,449 - api_entries_etl - DEBUG - [Node #13] Created ParameterCase: param::ShowMainWindow::bShow::case::false
2025-10-12 14:24:50,449 - api_entries_etl - DEBUG -   name: false
2025-10-12 14:24:50,449 - api_entries_etl - DEBUG -   description: 表示を無効にする場合は False を設定
2025-10-12 14:24:50,449 - api_entries_etl - DEBUG - [Relation #12] Created HAS_CASE_OPTION: param::ShowMainWindow::bShow -> param::ShowMainWindow::bShow::case::false
2025-10-12 14:24:50,449 - api_entries_etl - DEBUG - [Node #14] Created ReturnValue: return::ShowMainWindow
2025-10-12 14:24:50,457 - api_entries_etl - DEBUG -   return_type: void
2025-10-12 14:24:50,457 - api_entries_etl - DEBUG -   description: なし
2025-10-12 14:24:50,459 - api_entries_etl - DEBUG -   raw_json: {"type":"void","description":"なし"}
2025-10-12 14:24:50,459 - api_entries_etl - DEBUG - [Relation #13] Created HAS_RETURN: api_entry::ShowMainWindow -> return::ShowMainWindow
2025-10-12 14:24:50,459 - api_entries_etl - DEBUG - [Node #15] Created PseudoCode: pseudo_code::ShowMainWindow
2025-10-12 14:24:50,459 - api_entries_etl - DEBUG -   code: ShowMainWindow(bShow)
2025-10-12 14:24:50,459 - api_entries_etl - DEBUG -   callee: ShowMainWindow
2025-10-12 14:24:50,459 - api_entries_etl - DEBUG -   argument_count: 1
2025-10-12 14:24:50,459 - api_entries_etl - DEBUG -   arguments_json: ["bShow"]
2025-10-12 14:24:50,459 - api_entries_etl - DEBUG - [Relation #14] Created HAS_PSEUDO_CODE: api_entry::ShowMainWindow -> pseudo_code::ShowMainWindow
2025-10-12 14:24:50,459 - api_entries_etl - DEBUG - [Node #16] Created PseudoCodeArgument: pseudo_code::ShowMainWindow::arg::0
2025-10-12 14:24:50,459 - api_entries_etl - DEBUG -   text: bShow
2025-10-12 14:24:50,459 - api_entries_etl - DEBUG -   position: 0
2025-10-12 14:24:50,459 - api_entries_etl - DEBUG -   normalized_text: bshow
2025-10-12 14:24:50,459 - api_entries_etl - DEBUG - [Relation #15] Created HAS_ARGUMENT: pseudo_code::ShowMainWindow -> pseudo_code::ShowMainWindow::arg::0
2025-10-12 14:24:50,459 - api_entries_etl - DEBUG - [Relation #16] Created ARGUMENT_MATCHES_PARAMETER: pseudo_code::ShowMainWindow::arg::0 -> param::ShowMainWindow::bShow
2025-10-12 14:24:50,459 - api_entries_etl - DEBUG - [Node #17] Created Source: source::ShowMainWindow::inline
2025-10-12 14:24:50,465 - api_entries_etl - DEBUG -   text: 〇EvoShipのメインウィンドウを表示する
 返り値:なし
  ShowMainWindow(
   bShow ) // bool: 表示する時はTrue
2025-10-12 14:24:50,465 - api_entries_etl - DEBUG - [Relation #17] Created CITED_FROM: api_entry::ShowMainWindow -> source::ShowMainWindow::inline
2025-10-12 14:24:50,465 - api_entries_etl - DEBUG - Processing API entry #3: LoadPart
2025-10-12 14:24:50,465 - api_entries_etl - DEBUG - [Node #18] Created APIEntry: api_entry::LoadPart
2025-10-12 14:24:50,465 - api_entries_etl - DEBUG -   name: LoadPart
2025-10-12 14:24:50,465 - api_entries_etl - DEBUG -   category: Applicationオブジェクト
2025-10-12 14:24:50,470 - api_entries_etl - DEBUG -   entry_type: function
2025-10-12 14:24:50,470 - api_entries_etl - DEBUG -   description: Partオブジェクトを読み込む
2025-10-12 14:24:50,470 - api_entries_etl - DEBUG -   pseudo_code: LoadPart(FileName, bForceEvaluation)
2025-10-12 14:24:50,470 - api_entries_etl - DEBUG -   text: Partオブジェクトを読み込む

〇Partオブジェクトを読み込む
 返り値:Partオブジェクト
  LoadPart(
   FileName, // 文字列：保存されているドキュメントのファイルパス名
   bForceEval...
2025-10-12 14:24:50,470 - api_entries_etl - DEBUG -   raw_json: {"category":"Applicationオブジェクト","entry_type":"function","name":"LoadPart","description":"Partオブジェクトを読み込む","pseudo_cod...
2025-10-12 14:24:50,470 - api_entries_etl - DEBUG -   position: 2
2025-10-12 14:24:50,470 - api_entries_etl - DEBUG - [Relation #18] Created HAS_ENTRY: api_entries::collection -> api_entry::LoadPart
2025-10-12 14:24:50,470 - api_entries_etl - DEBUG - [Node #19] Created Category: category::Applicationオブジェクト
2025-10-12 14:24:50,470 - api_entries_etl - DEBUG -   name: Applicationオブジェクト
2025-10-12 14:24:50,470 - api_entries_etl - DEBUG - [Relation #19] Created IN_CATEGORY: api_entry::LoadPart -> category::Applicationオブジェクト
2025-10-12 14:24:50,470 - api_entries_etl - DEBUG - [Node #20] Created EntryType: entry_type::function
2025-10-12 14:24:50,470 - api_entries_etl - DEBUG -   name: function
2025-10-12 14:24:50,470 - api_entries_etl - DEBUG - [Relation #20] Created HAS_ENTRY_TYPE: api_entry::LoadPart -> entry_type::function
2025-10-12 14:24:50,470 - api_entries_etl - DEBUG - [Node #21] Created Parameter: param::LoadPart::FileName
2025-10-12 14:24:50,470 - api_entries_etl - DEBUG -   name: FileName
2025-10-12 14:24:50,470 - api_entries_etl - DEBUG -   param_type: 文字列
2025-10-12 14:24:50,470 - api_entries_etl - DEBUG -   position: 0
2025-10-12 14:24:50,470 - api_entries_etl - DEBUG -   description: 保存されているドキュメントのファイルパス名
2025-10-12 14:24:50,470 - api_entries_etl - DEBUG -   raw_json: {"name":"FileName","type":"文字列","position":0,"description":"保存されているドキュメントのファイルパス名"}
2025-10-12 14:24:50,470 - api_entries_etl - DEBUG - [Relation #21] Created HAS_PARAMETER: api_entry::LoadPart -> param::LoadPart::FileName
2025-10-12 14:24:50,470 - api_entries_etl - DEBUG - [Node #22] Created Parameter: param::LoadPart::bForceEvaluation
2025-10-12 14:24:50,470 - api_entries_etl - DEBUG -   name: bForceEvaluation
2025-10-12 14:24:50,470 - api_entries_etl - DEBUG -   param_type: bool
2025-10-12 14:24:50,470 - api_entries_etl - DEBUG -   position: 1
2025-10-12 14:24:50,470 - api_entries_etl - DEBUG -   description: 強制的に全要素を再計算して開くかどうかのフラグ
2025-10-12 14:24:50,470 - api_entries_etl - DEBUG -   raw_json: {"name":"bForceEvaluation","type":"bool","position":1,"description":"強制的に全要素を再計算して開くかどうかのフラグ","case":{"true":"強制的に全要素...
2025-10-12 14:24:50,470 - api_entries_etl - DEBUG - [Relation #22] Created HAS_PARAMETER: api_entry::LoadPart -> param::LoadPart::bForceEvaluation
2025-10-12 14:24:50,470 - api_entries_etl - DEBUG - [Node #23] Created ParameterCase: param::LoadPart::bForceEvaluation::case::true
2025-10-12 14:24:50,470 - api_entries_etl - DEBUG -   name: true
2025-10-12 14:24:50,470 - api_entries_etl - DEBUG -   description: 強制的に全要素を再計算して開くときはTrue
2025-10-12 14:24:50,470 - api_entries_etl - DEBUG - [Relation #23] Created HAS_CASE_OPTION: param::LoadPart::bForceEvaluation -> param::LoadPart::bForceEvaluation::case::true
2025-10-12 14:24:50,470 - api_entries_etl - DEBUG - [Node #24] Created ParameterCase: param::LoadPart::bForceEvaluation::case::false
2025-10-12 14:24:50,470 - api_entries_etl - DEBUG -   name: false
2025-10-12 14:24:50,470 - api_entries_etl - DEBUG -   description: 通常はFalse
2025-10-12 14:24:50,470 - api_entries_etl - DEBUG - [Relation #24] Created HAS_CASE_OPTION: param::LoadPart::bForceEvaluation -> param::LoadPart::bForceEvaluation::case::false
2025-10-12 14:24:50,470 - api_entries_etl - DEBUG - [Node #25] Created ReturnValue: return::LoadPart
2025-10-12 14:24:50,470 - api_entries_etl - DEBUG -   return_type: 不明
2025-10-12 14:24:50,470 - api_entries_etl - DEBUG -   description: Partオブジェクト
2025-10-12 14:24:50,470 - api_entries_etl - DEBUG -   raw_json: {"type":"不明","description":"Partオブジェクト"}
2025-10-12 14:24:50,470 - api_entries_etl - DEBUG - [Relation #25] Created HAS_RETURN: api_entry::LoadPart -> return::LoadPart
2025-10-12 14:24:50,470 - api_entries_etl - DEBUG - [Node #26] Created PseudoCode: pseudo_code::LoadPart
2025-10-12 14:24:50,470 - api_entries_etl - DEBUG -   code: LoadPart(FileName, bForceEvaluation)
2025-10-12 14:24:50,470 - api_entries_etl - DEBUG -   callee: LoadPart
2025-10-12 14:24:50,470 - api_entries_etl - DEBUG -   argument_count: 2
2025-10-12 14:24:50,470 - api_entries_etl - DEBUG -   arguments_json: ["FileName","bForceEvaluation"]
2025-10-12 14:24:50,470 - api_entries_etl - DEBUG - [Relation #26] Created HAS_PSEUDO_CODE: api_entry::LoadPart -> pseudo_code::LoadPart
2025-10-12 14:24:50,470 - api_entries_etl - DEBUG - [Node #27] Created PseudoCodeArgument: pseudo_code::LoadPart::arg::0
2025-10-12 14:24:50,470 - api_entries_etl - DEBUG -   text: FileName
2025-10-12 14:24:50,470 - api_entries_etl - DEBUG -   position: 0
2025-10-12 14:24:50,470 - api_entries_etl - DEBUG -   normalized_text: filename
2025-10-12 14:24:50,470 - api_entries_etl - DEBUG - [Relation #27] Created HAS_ARGUMENT: pseudo_code::LoadPart -> pseudo_code::LoadPart::arg::0
2025-10-12 14:24:50,470 - api_entries_etl - DEBUG - [Relation #28] Created ARGUMENT_MATCHES_PARAMETER: pseudo_code::LoadPart::arg::0 -> param::LoadPart::FileName
2025-10-12 14:24:50,481 - api_entries_etl - DEBUG - [Node #28] Created PseudoCodeArgument: pseudo_code::LoadPart::arg::1
2025-10-12 14:24:50,482 - api_entries_etl - DEBUG -   text: bForceEvaluation
2025-10-12 14:24:50,482 - api_entries_etl - DEBUG -   position: 1
2025-10-12 14:24:50,482 - api_entries_etl - DEBUG -   normalized_text: bforceevaluation
2025-10-12 14:24:50,482 - api_entries_etl - DEBUG - [Relation #29] Created HAS_ARGUMENT: pseudo_code::LoadPart -> pseudo_code::LoadPart::arg::1
2025-10-12 14:24:50,482 - api_entries_etl - DEBUG - [Relation #30] Created ARGUMENT_MATCHES_PARAMETER: pseudo_code::LoadPart::arg::1 -> param::LoadPart::bForceEvaluation
2025-10-12 14:24:50,482 - api_entries_etl - DEBUG - [Node #29] Created Source: source::LoadPart::inline
2025-10-12 14:24:50,482 - api_entries_etl - DEBUG -   text: 〇Partオブジェクトを読み込む
 返り値:Partオブジェクト
  LoadPart(
   FileName, // 文字列：保存されているドキュメントのファイルパス名
   bForceEvaluation ) // bool:...
2025-10-12 14:24:50,482 - api_entries_etl - DEBUG - [Relation #31] Created CITED_FROM: api_entry::LoadPart -> source::LoadPart::inline
2025-10-12 14:24:50,482 - api_entries_etl - DEBUG - Processing API entry #4: OpenDocument
2025-10-12 14:24:50,482 - api_entries_etl - DEBUG - [Node #30] Created APIEntry: api_entry::OpenDocument
2025-10-12 14:24:50,482 - api_entries_etl - DEBUG -   name: OpenDocument
2025-10-12 14:24:50,482 - api_entries_etl - DEBUG -   category: Applicationオブジェクト
2025-10-12 14:24:50,482 - api_entries_etl - DEBUG -   entry_type: function
2025-10-12 14:24:50,482 - api_entries_etl - DEBUG -   description: Documentを開く
2025-10-12 14:24:50,482 - api_entries_etl - DEBUG -   pseudo_code: OpenDocument(FileName, bForceEvaluation)
2025-10-12 14:24:50,482 - api_entries_etl - DEBUG -   text: Documentを開く

〇Documentを開く
 返り値:Documentオブジェクト
  OpenDocument(
   FileName, // 文字列：保存されているドキュメントのファイルパス名
   bForceEval...
2025-10-12 14:24:50,482 - api_entries_etl - DEBUG -   raw_json: {"category":"Applicationオブジェクト","entry_type":"function","name":"OpenDocument","description":"Documentを開く","pseudo_cod...
2025-10-12 14:24:50,489 - api_entries_etl - DEBUG -   position: 3
2025-10-12 14:24:50,489 - api_entries_etl - DEBUG - [Relation #32] Created HAS_ENTRY: api_entries::collection -> api_entry::OpenDocument
2025-10-12 14:24:50,489 - api_entries_etl - DEBUG - [Node #31] Created Category: category::Applicationオブジェクト
2025-10-12 14:24:50,489 - api_entries_etl - DEBUG -   name: Applicationオブジェクト
2025-10-12 14:24:50,489 - api_entries_etl - DEBUG - [Relation #33] Created IN_CATEGORY: api_entry::OpenDocument -> category::Applicationオブジェクト
2025-10-12 14:24:50,489 - api_entries_etl - DEBUG - [Node #32] Created EntryType: entry_type::function
2025-10-12 14:24:50,489 - api_entries_etl - DEBUG -   name: function
2025-10-12 14:24:50,489 - api_entries_etl - DEBUG - [Relation #34] Created HAS_ENTRY_TYPE: api_entry::OpenDocument -> entry_type::function
2025-10-12 14:24:50,489 - api_entries_etl - DEBUG - [Node #33] Created Parameter: param::OpenDocument::FileName
2025-10-12 14:24:50,489 - api_entries_etl - DEBUG -   name: FileName
2025-10-12 14:24:50,489 - api_entries_etl - DEBUG -   param_type: 文字列
2025-10-12 14:24:50,489 - api_entries_etl - DEBUG -   position: 0
2025-10-12 14:24:50,493 - api_entries_etl - DEBUG -   description: 保存されているドキュメントのファイルパス名
2025-10-12 14:24:50,493 - api_entries_etl - DEBUG -   raw_json: {"name":"FileName","type":"文字列","description":"保存されているドキュメントのファイルパス名","position":0}
2025-10-12 14:24:50,493 - api_entries_etl - DEBUG - [Relation #35] Created HAS_PARAMETER: api_entry::OpenDocument -> param::OpenDocument::FileName
2025-10-12 14:24:50,493 - api_entries_etl - DEBUG - [Node #34] Created Parameter: param::OpenDocument::bForceEvaluation
2025-10-12 14:24:50,493 - api_entries_etl - DEBUG -   name: bForceEvaluation
2025-10-12 14:24:50,493 - api_entries_etl - DEBUG -   param_type: bool
2025-10-12 14:24:50,493 - api_entries_etl - DEBUG -   position: 1
2025-10-12 14:24:50,493 - api_entries_etl - DEBUG -   description: 強制的に全要素を再計算して開くときはTrue (通常はFalse）
2025-10-12 14:24:50,493 - api_entries_etl - DEBUG -   raw_json: {"name":"bForceEvaluation","type":"bool","description":"強制的に全要素を再計算して開くときはTrue (通常はFalse）","position":1}
2025-10-12 14:24:50,493 - api_entries_etl - DEBUG - [Relation #36] Created HAS_PARAMETER: api_entry::OpenDocument -> param::OpenDocument::bForceEvaluation
2025-10-12 14:24:50,493 - api_entries_etl - DEBUG - [Node #35] Created ReturnValue: return::OpenDocument
2025-10-12 14:24:50,493 - api_entries_etl - DEBUG -   return_type: 不明
2025-10-12 14:24:50,493 - api_entries_etl - DEBUG -   description: Documentオブジェクト
2025-10-12 14:24:50,493 - api_entries_etl - DEBUG -   raw_json: {"type":"不明","description":"Documentオブジェクト"}
2025-10-12 14:24:50,493 - api_entries_etl - DEBUG - [Relation #37] Created HAS_RETURN: api_entry::OpenDocument -> return::OpenDocument
2025-10-12 14:24:50,493 - api_entries_etl - DEBUG - [Node #36] Created PseudoCode: pseudo_code::OpenDocument
2025-10-12 14:24:50,498 - api_entries_etl - DEBUG -   code: OpenDocument(FileName, bForceEvaluation)
2025-10-12 14:24:50,498 - api_entries_etl - DEBUG -   callee: OpenDocument
2025-10-12 14:24:50,499 - api_entries_etl - DEBUG -   argument_count: 2
2025-10-12 14:24:50,499 - api_entries_etl - DEBUG -   arguments_json: ["FileName","bForceEvaluation"]
2025-10-12 14:24:50,499 - api_entries_etl - DEBUG - [Relation #38] Created HAS_PSEUDO_CODE: api_entry::OpenDocument -> pseudo_code::OpenDocument
2025-10-12 14:24:50,499 - api_entries_etl - DEBUG - [Node #37] Created PseudoCodeArgument: pseudo_code::OpenDocument::arg::0
2025-10-12 14:24:50,499 - api_entries_etl - DEBUG -   text: FileName
2025-10-12 14:24:50,499 - api_entries_etl - DEBUG -   position: 0
2025-10-12 14:24:50,499 - api_entries_etl - DEBUG -   normalized_text: filename
2025-10-12 14:24:50,499 - api_entries_etl - DEBUG - [Relation #39] Created HAS_ARGUMENT: pseudo_code::OpenDocument -> pseudo_code::OpenDocument::arg::0
2025-10-12 14:24:50,499 - api_entries_etl - DEBUG - [Relation #40] Created ARGUMENT_MATCHES_PARAMETER: pseudo_code::OpenDocument::arg::0 -> param::OpenDocument::FileName
2025-10-12 14:24:50,499 - api_entries_etl - DEBUG - [Node #38] Created PseudoCodeArgument: pseudo_code::OpenDocument::arg::1
2025-10-12 14:24:50,499 - api_entries_etl - DEBUG -   text: bForceEvaluation
2025-10-12 14:24:50,499 - api_entries_etl - DEBUG -   position: 1
2025-10-12 14:24:50,499 - api_entries_etl - DEBUG -   normalized_text: bforceevaluation
2025-10-12 14:24:50,499 - api_entries_etl - DEBUG - [Relation #41] Created HAS_ARGUMENT: pseudo_code::OpenDocument -> pseudo_code::OpenDocument::arg::1
2025-10-12 14:24:50,499 - api_entries_etl - DEBUG - [Relation #42] Created ARGUMENT_MATCHES_PARAMETER: pseudo_code::OpenDocument::arg::1 -> param::OpenDocument::bForceEvaluation
2025-10-12 14:24:50,499 - api_entries_etl - DEBUG - [Node #39] Created Source: source::OpenDocument::inline
2025-10-12 14:24:50,499 - api_entries_etl - DEBUG -   text: 〇Documentを開く
 返り値:Documentオブジェクト
  OpenDocument(
   FileName, // 文字列：保存されているドキュメントのファイルパス名
   bForceEvaluation ) // b...
2025-10-12 14:24:50,499 - api_entries_etl - DEBUG - [Relation #43] Created CITED_FROM: api_entry::OpenDocument -> source::OpenDocument::inline
2025-10-12 14:24:50,499 - api_entries_etl - DEBUG - Processing API entry #5: Create3DDocument
2025-10-12 14:24:50,499 - api_entries_etl - DEBUG - [Node #40] Created APIEntry: api_entry::Create3DDocument
2025-10-12 14:24:50,499 - api_entries_etl - DEBUG -   name: Create3DDocument
2025-10-12 14:24:50,499 - api_entries_etl - DEBUG -   category: Applicationオブジェクト
2025-10-12 14:24:50,499 - api_entries_etl - DEBUG -   entry_type: function
2025-10-12 14:24:50,499 - api_entries_etl - DEBUG -   description: 3DのDocumentを新規に作成する
2025-10-12 14:24:50,499 - api_entries_etl - DEBUG -   pseudo_code: Create3DDocument()
2025-10-12 14:24:50,499 - api_entries_etl - DEBUG -   text: 3DのDocumentを新規に作成する

〇3DのDocumentを新規に作成する
 返り値:Documentオブジェクト
 Create3DDocument()
2025-10-12 14:24:50,499 - api_entries_etl - DEBUG -   raw_json: {"category":"Applicationオブジェクト","entry_type":"function","name":"Create3DDocument","description":"3DのDocumentを新規に作成する"...
2025-10-12 14:24:50,499 - api_entries_etl - DEBUG -   position: 4
2025-10-12 14:24:50,499 - api_entries_etl - DEBUG - [Relation #44] Created HAS_ENTRY: api_entries::collection -> api_entry::Create3DDocument
2025-10-12 14:24:50,506 - api_entries_etl - DEBUG - [Node #41] Created Category: category::Applicationオブジェクト
2025-10-12 14:24:50,506 - api_entries_etl - DEBUG -   name: Applicationオブジェクト
2025-10-12 14:24:50,506 - api_entries_etl - DEBUG - [Relation #45] Created IN_CATEGORY: api_entry::Create3DDocument -> category::Applicationオブジェクト
2025-10-12 14:24:50,506 - api_entries_etl - DEBUG - [Node #42] Created EntryType: entry_type::function
2025-10-12 14:24:50,506 - api_entries_etl - DEBUG -   name: function
2025-10-12 14:24:50,506 - api_entries_etl - DEBUG - [Relation #46] Created HAS_ENTRY_TYPE: api_entry::Create3DDocument -> entry_type::function
2025-10-12 14:24:50,506 - api_entries_etl - DEBUG - [Node #43] Created ReturnValue: return::Create3DDocument
2025-10-12 14:24:50,506 - api_entries_etl - DEBUG -   return_type: 不明
2025-10-12 14:24:50,506 - api_entries_etl - DEBUG -   description: Documentオブジェクト
2025-10-12 14:24:50,506 - api_entries_etl - DEBUG -   raw_json: {"type":"不明","description":"Documentオブジェクト"}
2025-10-12 14:24:50,506 - api_entries_etl - DEBUG - [Relation #47] Created HAS_RETURN: api_entry::Create3DDocument -> return::Create3DDocument
2025-10-12 14:24:50,506 - api_entries_etl - DEBUG - [Node #44] Created PseudoCode: pseudo_code::Create3DDocument
2025-10-12 14:24:50,506 - api_entries_etl - DEBUG -   code: Create3DDocument()
2025-10-12 14:24:50,506 - api_entries_etl - DEBUG -   callee: Create3DDocument
2025-10-12 14:24:50,506 - api_entries_etl - DEBUG -   argument_count: 0
2025-10-12 14:24:50,506 - api_entries_etl - DEBUG - [Relation #48] Created HAS_PSEUDO_CODE: api_entry::Create3DDocument -> pseudo_code::Create3DDocument
2025-10-12 14:24:50,506 - api_entries_etl - DEBUG - [Node #45] Created Source: source::Create3DDocument::inline
2025-10-12 14:24:50,506 - api_entries_etl - DEBUG -   text: 〇3DのDocumentを新規に作成する
 返り値:Documentオブジェクト
 Create3DDocument()
2025-10-12 14:24:50,506 - api_entries_etl - DEBUG - [Relation #49] Created CITED_FROM: api_entry::Create3DDocument -> source::Create3DDocument::inline
2025-10-12 14:24:50,506 - api_entries_etl - DEBUG - Processing API entry #6: GetActiveDocument
2025-10-12 14:24:50,506 - api_entries_etl - DEBUG - [Node #46] Created APIEntry: api_entry::GetActiveDocument
2025-10-12 14:24:50,506 - api_entries_etl - DEBUG -   name: GetActiveDocument
2025-10-12 14:24:50,506 - api_entries_etl - DEBUG -   category: Applicationオブジェクト
2025-10-12 14:24:50,506 - api_entries_etl - DEBUG -   entry_type: function
2025-10-12 14:24:50,506 - api_entries_etl - DEBUG -   description: アクティブなDocumentオブジェクトを取得する
2025-10-12 14:24:50,506 - api_entries_etl - DEBUG -   pseudo_code: GetActiveDocument()
2025-10-12 14:24:50,506 - api_entries_etl - DEBUG -   text: アクティブなDocumentオブジェクトを取得する

〇アクティブなDocumentオブジェクトを取得する
 返り値:Documentオブジェクト
 GetActiveDocument()
2025-10-12 14:24:50,506 - api_entries_etl - DEBUG -   raw_json: {"category":"Applicationオブジェクト","entry_type":"function","name":"GetActiveDocument","description":"アクティブなDocumentオブジェク...
2025-10-12 14:24:50,506 - api_entries_etl - DEBUG -   position: 5
2025-10-12 14:24:50,506 - api_entries_etl - DEBUG - [Relation #50] Created HAS_ENTRY: api_entries::collection -> api_entry::GetActiveDocument
2025-10-12 14:24:50,506 - api_entries_etl - DEBUG - [Node #47] Created Category: category::Applicationオブジェクト
2025-10-12 14:24:50,506 - api_entries_etl - DEBUG -   name: Applicationオブジェクト
2025-10-12 14:24:50,506 - api_entries_etl - DEBUG - [Relation #51] Created IN_CATEGORY: api_entry::GetActiveDocument -> category::Applicationオブジェクト
2025-10-12 14:24:50,506 - api_entries_etl - DEBUG - [Node #48] Created EntryType: entry_type::function
2025-10-12 14:24:50,506 - api_entries_etl - DEBUG -   name: function
2025-10-12 14:24:50,506 - api_entries_etl - DEBUG - [Relation #52] Created HAS_ENTRY_TYPE: api_entry::GetActiveDocument -> entry_type::function
2025-10-12 14:24:50,506 - api_entries_etl - DEBUG - [Node #49] Created ReturnValue: return::GetActiveDocument
2025-10-12 14:24:50,506 - api_entries_etl - DEBUG -   return_type: 不明
2025-10-12 14:24:50,506 - api_entries_etl - DEBUG -   description: Documentオブジェクト
2025-10-12 14:24:50,506 - api_entries_etl - DEBUG -   raw_json: {"type":"不明","description":"Documentオブジェクト"}
2025-10-12 14:24:50,506 - api_entries_etl - DEBUG - [Relation #53] Created HAS_RETURN: api_entry::GetActiveDocument -> return::GetActiveDocument
2025-10-12 14:24:50,506 - api_entries_etl - DEBUG - [Node #50] Created PseudoCode: pseudo_code::GetActiveDocument
2025-10-12 14:24:50,506 - api_entries_etl - DEBUG -   code: GetActiveDocument()
2025-10-12 14:24:50,506 - api_entries_etl - DEBUG -   callee: GetActiveDocument
2025-10-12 14:24:50,506 - api_entries_etl - DEBUG -   argument_count: 0
2025-10-12 14:24:50,506 - api_entries_etl - DEBUG - [Relation #54] Created HAS_PSEUDO_CODE: api_entry::GetActiveDocument -> pseudo_code::GetActiveDocument
2025-10-12 14:24:50,506 - api_entries_etl - DEBUG - [Node #51] Created Source: source::GetActiveDocument::inline
2025-10-12 14:24:50,506 - api_entries_etl - DEBUG -   text: 〇アクティブなDocumentオブジェクトを取得する
 返り値:Documentオブジェクト
 GetActiveDocument()
2025-10-12 14:24:50,506 - api_entries_etl - DEBUG - [Relation #55] Created CITED_FROM: api_entry::GetActiveDocument -> source::GetActiveDocument::inline
2025-10-12 14:24:50,506 - api_entries_etl - DEBUG - Processing API entry #7: GetDocuments
2025-10-12 14:24:50,506 - api_entries_etl - DEBUG - [Node #52] Created APIEntry: api_entry::GetDocuments
2025-10-12 14:24:50,506 - api_entries_etl - DEBUG -   name: GetDocuments
2025-10-12 14:24:50,506 - api_entries_etl - DEBUG -   category: Applicationオブジェクト
2025-10-12 14:24:50,506 - api_entries_etl - DEBUG -   entry_type: function
2025-10-12 14:24:50,506 - api_entries_etl - DEBUG -   description: 開かれているDocumentオブジェクトを全て取得する
2025-10-12 14:24:50,506 - api_entries_etl - DEBUG -   pseudo_code: GetDocuments()
2025-10-12 14:24:50,506 - api_entries_etl - DEBUG -   text: 開かれているDocumentオブジェクトを全て取得する

〇開かれているDocumentオブジェクトを全て取得する
 返り値:Documentオブジェクトの配列
 GetDocuments()
2025-10-12 14:24:50,506 - api_entries_etl - DEBUG -   raw_json: {"category":"Applicationオブジェクト","entry_type":"function","name":"GetDocuments","description":"開かれているDocumentオブジェクトを全て取...
2025-10-12 14:24:50,506 - api_entries_etl - DEBUG -   position: 6
2025-10-12 14:24:50,506 - api_entries_etl - DEBUG - [Relation #56] Created HAS_ENTRY: api_entries::collection -> api_entry::GetDocuments
2025-10-12 14:24:50,506 - api_entries_etl - DEBUG - [Node #53] Created Category: category::Applicationオブジェクト
2025-10-12 14:24:50,506 - api_entries_etl - DEBUG -   name: Applicationオブジェクト
2025-10-12 14:24:50,514 - api_entries_etl - DEBUG - [Relation #57] Created IN_CATEGORY: api_entry::GetDocuments -> category::Applicationオブジェクト
2025-10-12 14:24:50,514 - api_entries_etl - DEBUG - [Node #54] Created EntryType: entry_type::function
2025-10-12 14:24:50,514 - api_entries_etl - DEBUG -   name: function
2025-10-12 14:24:50,515 - api_entries_etl - DEBUG - [Relation #58] Created HAS_ENTRY_TYPE: api_entry::GetDocuments -> entry_type::function
2025-10-12 14:24:50,515 - api_entries_etl - DEBUG - [Node #55] Created ReturnValue: return::GetDocuments
2025-10-12 14:24:50,515 - api_entries_etl - DEBUG -   return_type: 不明
2025-10-12 14:24:50,515 - api_entries_etl - DEBUG -   description: Documentオブジェクトの配列
2025-10-12 14:24:50,515 - api_entries_etl - DEBUG -   raw_json: {"type":"不明","description":"Documentオブジェクトの配列"}
2025-10-12 14:24:50,515 - api_entries_etl - DEBUG - [Relation #59] Created HAS_RETURN: api_entry::GetDocuments -> return::GetDocuments
2025-10-12 14:24:50,515 - api_entries_etl - DEBUG - [Node #56] Created PseudoCode: pseudo_code::GetDocuments
2025-10-12 14:24:50,515 - api_entries_etl - DEBUG -   code: GetDocuments()
2025-10-12 14:24:50,515 - api_entries_etl - DEBUG -   callee: GetDocuments
2025-10-12 14:24:50,515 - api_entries_etl - DEBUG -   argument_count: 0
2025-10-12 14:24:50,515 - api_entries_etl - DEBUG - [Relation #60] Created HAS_PSEUDO_CODE: api_entry::GetDocuments -> pseudo_code::GetDocuments
2025-10-12 14:24:50,515 - api_entries_etl - DEBUG - [Node #57] Created Source: source::GetDocuments::inline
2025-10-12 14:24:50,515 - api_entries_etl - DEBUG -   text: 〇開かれているDocumentオブジェクトを全て取得する
 返り値:Documentオブジェクトの配列
 GetDocuments()
2025-10-12 14:24:50,515 - api_entries_etl - DEBUG - [Relation #61] Created CITED_FROM: api_entry::GetDocuments -> source::GetDocuments::inline
2025-10-12 14:24:50,515 - api_entries_etl - DEBUG - Processing API entry #8: Close
2025-10-12 14:24:50,515 - api_entries_etl - DEBUG - [Node #58] Created APIEntry: api_entry::Close
2025-10-12 14:24:50,515 - api_entries_etl - DEBUG -   name: Close
2025-10-12 14:24:50,515 - api_entries_etl - DEBUG -   category: Documentオブジェクト
2025-10-12 14:24:50,515 - api_entries_etl - DEBUG -   entry_type: function
2025-10-12 14:24:50,515 - api_entries_etl - DEBUG -   description: ドキュメントを閉じる
2025-10-12 14:24:50,515 - api_entries_etl - DEBUG -   pseudo_code: Close()
2025-10-12 14:24:50,515 - api_entries_etl - DEBUG -   text: ドキュメントを閉じる

〇ドキュメントを閉じる
 返り値:なし
  Close()
2025-10-12 14:24:50,515 - api_entries_etl - DEBUG -   raw_json: {"category":"Documentオブジェクト","entry_type":"function","name":"Close","description":"ドキュメントを閉じる","pseudo_code":"Close()...
2025-10-12 14:24:50,515 - api_entries_etl - DEBUG -   position: 7
2025-10-12 14:24:50,515 - api_entries_etl - DEBUG - [Relation #62] Created HAS_ENTRY: api_entries::collection -> api_entry::Close
2025-10-12 14:24:50,515 - api_entries_etl - DEBUG - [Node #59] Created Category: category::Documentオブジェクト
2025-10-12 14:24:50,515 - api_entries_etl - DEBUG -   name: Documentオブジェクト
2025-10-12 14:24:50,515 - api_entries_etl - DEBUG - [Relation #63] Created IN_CATEGORY: api_entry::Close -> category::Documentオブジェクト
2025-10-12 14:24:50,515 - api_entries_etl - DEBUG - [Node #60] Created EntryType: entry_type::function
2025-10-12 14:24:50,515 - api_entries_etl - DEBUG -   name: function
2025-10-12 14:24:50,515 - api_entries_etl - DEBUG - [Relation #64] Created HAS_ENTRY_TYPE: api_entry::Close -> entry_type::function
2025-10-12 14:24:50,515 - api_entries_etl - DEBUG - [Node #61] Created ReturnValue: return::Close
2025-10-12 14:24:50,515 - api_entries_etl - DEBUG -   return_type: void
2025-10-12 14:24:50,515 - api_entries_etl - DEBUG -   description: なし
2025-10-12 14:24:50,515 - api_entries_etl - DEBUG -   raw_json: {"type":"void","description":"なし"}
2025-10-12 14:24:50,515 - api_entries_etl - DEBUG - [Relation #65] Created HAS_RETURN: api_entry::Close -> return::Close
2025-10-12 14:24:50,515 - api_entries_etl - DEBUG - [Node #62] Created PseudoCode: pseudo_code::Close
2025-10-12 14:24:50,515 - api_entries_etl - DEBUG -   code: Close()
2025-10-12 14:24:50,515 - api_entries_etl - DEBUG -   callee: Close
2025-10-12 14:24:50,515 - api_entries_etl - DEBUG -   argument_count: 0
2025-10-12 14:24:50,515 - api_entries_etl - DEBUG - [Relation #66] Created HAS_PSEUDO_CODE: api_entry::Close -> pseudo_code::Close
2025-10-12 14:24:50,515 - api_entries_etl - DEBUG - [Node #63] Created Source: source::Close::inline
2025-10-12 14:24:50,515 - api_entries_etl - DEBUG -   text: 〇ドキュメントを閉じる
 返り値:なし
  Close()
2025-10-12 14:24:50,515 - api_entries_etl - DEBUG - [Relation #67] Created CITED_FROM: api_entry::Close -> source::Close::inline
2025-10-12 14:24:50,515 - api_entries_etl - DEBUG - Processing API entry #9: CreateSTLOption
2025-10-12 14:24:50,515 - api_entries_etl - DEBUG - [Node #64] Created APIEntry: api_entry::CreateSTLOption
2025-10-12 14:24:50,515 - api_entries_etl - DEBUG -   name: CreateSTLOption
2025-10-12 14:24:50,515 - api_entries_etl - DEBUG -   category: Documentオブジェクト
2025-10-12 14:24:50,515 - api_entries_etl - DEBUG -   entry_type: function
2025-10-12 14:24:50,515 - api_entries_etl - DEBUG -   description: ドキュメントをSTLとして保存する際のパラメータオブジェクトの作成
2025-10-12 14:24:50,515 - api_entries_etl - DEBUG -   pseudo_code: CreateSTLOption()
2025-10-12 14:24:50,515 - api_entries_etl - DEBUG -   text: ドキュメントをSTLとして保存する際のパラメータオブジェクトの作成

〇ドキュメントをSTLとして保存する際のパラメータオブジェクトの作成
 返り値:STLパラメータオブジェクト
 CreateSTLOption()
2025-10-12 14:24:50,515 - api_entries_etl - DEBUG -   raw_json: {"category":"Documentオブジェクト","entry_type":"function","name":"CreateSTLOption","description":"ドキュメントをSTLとして保存する際のパラメータ...
2025-10-12 14:24:50,515 - api_entries_etl - DEBUG -   position: 8
2025-10-12 14:24:50,515 - api_entries_etl - DEBUG - [Relation #68] Created HAS_ENTRY: api_entries::collection -> api_entry::CreateSTLOption
2025-10-12 14:24:50,515 - api_entries_etl - DEBUG - [Node #65] Created Category: category::Documentオブジェクト
2025-10-12 14:24:50,515 - api_entries_etl - DEBUG -   name: Documentオブジェクト
2025-10-12 14:24:50,515 - api_entries_etl - DEBUG - [Relation #69] Created IN_CATEGORY: api_entry::CreateSTLOption -> category::Documentオブジェクト
2025-10-12 14:24:50,515 - api_entries_etl - DEBUG - [Node #66] Created EntryType: entry_type::function
2025-10-12 14:24:50,515 - api_entries_etl - DEBUG -   name: function
2025-10-12 14:24:50,515 - api_entries_etl - DEBUG - [Relation #70] Created HAS_ENTRY_TYPE: api_entry::CreateSTLOption -> entry_type::function
2025-10-12 14:24:50,515 - api_entries_etl - DEBUG - [Node #67] Created ReturnValue: return::CreateSTLOption
2025-10-12 14:24:50,515 - api_entries_etl - DEBUG -   return_type: 不明
2025-10-12 14:24:50,515 - api_entries_etl - DEBUG -   description: STLパラメータオブジェクト
2025-10-12 14:24:50,515 - api_entries_etl - DEBUG -   raw_json: {"type":"不明","description":"STLパラメータオブジェクト"}
2025-10-12 14:24:50,515 - api_entries_etl - DEBUG - [Relation #71] Created HAS_RETURN: api_entry::CreateSTLOption -> return::CreateSTLOption
2025-10-12 14:24:50,515 - api_entries_etl - DEBUG - [Node #68] Created PseudoCode: pseudo_code::CreateSTLOption
2025-10-12 14:24:50,515 - api_entries_etl - DEBUG -   code: CreateSTLOption()
2025-10-12 14:24:50,515 - api_entries_etl - DEBUG -   callee: CreateSTLOption
2025-10-12 14:24:50,515 - api_entries_etl - DEBUG -   argument_count: 0
2025-10-12 14:24:50,515 - api_entries_etl - DEBUG - [Relation #72] Created HAS_PSEUDO_CODE: api_entry::CreateSTLOption -> pseudo_code::CreateSTLOption
2025-10-12 14:24:50,515 - api_entries_etl - DEBUG - [Node #69] Created Source: source::CreateSTLOption::inline
2025-10-12 14:24:50,515 - api_entries_etl - DEBUG -   text: 〇ドキュメントをSTLとして保存する際のパラメータオブジェクトの作成
 返り値:STLパラメータオブジェクト
 CreateSTLOption()
2025-10-12 14:24:50,515 - api_entries_etl - DEBUG - [Relation #73] Created CITED_FROM: api_entry::CreateSTLOption -> source::CreateSTLOption::inline
2025-10-12 14:24:50,515 - api_entries_etl - DEBUG - Processing API entry #10: STLパラメータオブジェクト
2025-10-12 14:24:50,530 - api_entries_etl - DEBUG - [Node #70] Created APIEntry: api_entry::STLパラメータオブジェクト
2025-10-12 14:24:50,530 - api_entries_etl - DEBUG -   name: STLパラメータオブジェクト
2025-10-12 14:24:50,530 - api_entries_etl - DEBUG -   category: STLパラメータオブジェクト
2025-10-12 14:24:50,530 - api_entries_etl - DEBUG -   entry_type: object
2025-10-12 14:24:50,530 - api_entries_etl - DEBUG -   description: STLファイル出力時の設定パラメータを格納するオブジェクト
2025-10-12 14:24:50,530 - api_entries_etl - DEBUG -   text: STLファイル出力時の設定パラメータを格納するオブジェクト

〇STLパラメータオブジェクト
2025-10-12 14:24:50,530 - api_entries_etl - DEBUG -   raw_json: {"category":"STLパラメータオブジェクト","entry_type":"object","name":"STLパラメータオブジェクト","description":"STLファイル出力時の設定パラメータを格納するオブジェ...
2025-10-12 14:24:50,530 - api_entries_etl - DEBUG -   position: 9
2025-10-12 14:24:50,530 - api_entries_etl - DEBUG - [Relation #74] Created HAS_ENTRY: api_entries::collection -> api_entry::STLパラメータオブジェクト
2025-10-12 14:24:50,530 - api_entries_etl - DEBUG - [Node #71] Created Category: category::STLパラメータオブジェクト
2025-10-12 14:24:50,530 - api_entries_etl - DEBUG -   name: STLパラメータオブジェクト
2025-10-12 14:24:50,530 - api_entries_etl - DEBUG - [Relation #75] Created IN_CATEGORY: api_entry::STLパラメータオブジェクト -> category::STLパラメータオブジェクト
2025-10-12 14:24:50,530 - api_entries_etl - DEBUG - [Node #72] Created EntryType: entry_type::object
2025-10-12 14:24:50,530 - api_entries_etl - DEBUG -   name: object
2025-10-12 14:24:50,530 - api_entries_etl - DEBUG - [Relation #76] Created HAS_ENTRY_TYPE: api_entry::STLパラメータオブジェクト -> entry_type::object
2025-10-12 14:24:50,530 - api_entries_etl - DEBUG - [Node #73] Created Property: property::STLパラメータオブジェクト::ChordalTolerance
2025-10-12 14:24:50,530 - api_entries_etl - DEBUG -   name: ChordalTolerance
2025-10-12 14:24:50,530 - api_entries_etl - DEBUG -   property_type: 浮動小数点
2025-10-12 14:24:50,530 - api_entries_etl - DEBUG -   unit: mm
2025-10-12 14:24:50,530 - api_entries_etl - DEBUG -   description: メッシュ近似する際の弦の幅の許容トレランスを指定
2025-10-12 14:24:50,530 - api_entries_etl - DEBUG -   raw_json: {"name":"ChordalTolerance","type":"浮動小数点","unit":"mm","description":"メッシュ近似する際の弦の幅の許容トレランスを指定","source":{"text":"Chor...
2025-10-12 14:24:50,530 - api_entries_etl - DEBUG -   position: 0
2025-10-12 14:24:50,530 - api_entries_etl - DEBUG - [Relation #77] Created HAS_PROPERTY: api_entry::STLパラメータオブジェクト -> property::STLパラメータオブジェクト::ChordalTolerance
2025-10-12 14:24:50,530 - api_entries_etl - DEBUG - [Node #74] Created Source: source::STLパラメータオブジェクト::property::ChordalTolerance
2025-10-12 14:24:50,530 - api_entries_etl - DEBUG -   text: ChordalTolerance　// 浮動小数点:メッシュ近似する際の弦の幅の許容トレランスを指定 (mm)
2025-10-12 14:24:50,530 - api_entries_etl - DEBUG - [Relation #78] Created CITED_FROM: property::STLパラメータオブジェクト::ChordalTolerance -> source::STLパラメータオブジェクト::property::ChordalTolerance
2025-10-12 14:24:50,530 - api_entries_etl - DEBUG - [Node #75] Created Property: property::STLパラメータオブジェクト::NormalTolerance
2025-10-12 14:24:50,530 - api_entries_etl - DEBUG -   name: NormalTolerance
2025-10-12 14:24:50,530 - api_entries_etl - DEBUG -   property_type: 浮動小数点
2025-10-12 14:24:50,530 - api_entries_etl - DEBUG -   unit: Degree
2025-10-12 14:24:50,530 - api_entries_etl - DEBUG -   description: メッシュ近似した場合のポリゴンの面と局面との法線方向のずれ角度の許容値
2025-10-12 14:24:50,530 - api_entries_etl - DEBUG -   raw_json: {"name":"NormalTolerance","type":"浮動小数点","unit":"Degree","description":"メッシュ近似した場合のポリゴンの面と局面との法線方向のずれ角度の許容値","source"...
2025-10-12 14:24:50,530 - api_entries_etl - DEBUG -   position: 1
2025-10-12 14:24:50,530 - api_entries_etl - DEBUG - [Relation #79] Created HAS_PROPERTY: api_entry::STLパラメータオブジェクト -> property::STLパラメータオブジェクト::NormalTolerance
2025-10-12 14:24:50,530 - api_entries_etl - DEBUG - [Node #76] Created Source: source::STLパラメータオブジェクト::property::NormalTolerance
2025-10-12 14:24:50,530 - api_entries_etl - DEBUG -   text: NormalTolerance　// 浮動小数点:メッシュ近似した場合のポリゴンの面と局面との法線方向のずれ角度の許容値（Degree)
2025-10-12 14:24:50,530 - api_entries_etl - DEBUG - [Relation #80] Created CITED_FROM: property::STLパラメータオブジェクト::NormalTolerance -> source::STLパラメータオブジェクト::property::NormalTolerance
2025-10-12 14:24:50,530 - api_entries_etl - DEBUG - [Node #77] Created Property: property::STLパラメータオブジェクト::SigDigits
2025-10-12 14:24:50,530 - api_entries_etl - DEBUG -   name: SigDigits
2025-10-12 14:24:50,530 - api_entries_etl - DEBUG -   property_type: 整数
2025-10-12 14:24:50,530 - api_entries_etl - DEBUG -   description: 頂点座標値の有効桁数
2025-10-12 14:24:50,530 - api_entries_etl - DEBUG -   raw_json: {"name":"SigDigits","type":"整数","description":"頂点座標値の有効桁数","source":{"text":"SigDigits　// 整数:頂点座標値の有効桁数"}}
2025-10-12 14:24:50,530 - api_entries_etl - DEBUG -   position: 2
2025-10-12 14:24:50,530 - api_entries_etl - DEBUG - [Relation #81] Created HAS_PROPERTY: api_entry::STLパラメータオブジェクト -> property::STLパラメータオブジェクト::SigDigits
2025-10-12 14:24:50,530 - api_entries_etl - DEBUG - [Node #78] Created Source: source::STLパラメータオブジェクト::property::SigDigits
2025-10-12 14:24:50,530 - api_entries_etl - DEBUG -   text: SigDigits　// 整数:頂点座標値の有効桁数
2025-10-12 14:24:50,530 - api_entries_etl - DEBUG - [Relation #82] Created CITED_FROM: property::STLパラメータオブジェクト::SigDigits -> source::STLパラメータオブジェクト::property::SigDigits
2025-10-12 14:24:50,530 - api_entries_etl - DEBUG - [Node #79] Created Property: property::STLパラメータオブジェクト::MinMeshLength
2025-10-12 14:24:50,530 - api_entries_etl - DEBUG -   name: MinMeshLength
2025-10-12 14:24:50,530 - api_entries_etl - DEBUG -   property_type: 浮動小数点
2025-10-12 14:24:50,530 - api_entries_etl - DEBUG -   unit: mm
2025-10-12 14:24:50,530 - api_entries_etl - DEBUG -   default_value: 0.0
2025-10-12 14:24:50,530 - api_entries_etl - DEBUG -   default_json: "0.0"
2025-10-12 14:24:50,530 - api_entries_etl - DEBUG -   description: メッシュの辺の最小サイズを指定する場合は指定
2025-10-12 14:24:50,530 - api_entries_etl - DEBUG -   raw_json: {"name":"MinMeshLength","type":"浮動小数点","unit":"mm","default":"0.0","description":"メッシュの辺の最小サイズを指定する場合は指定","source":{"...
2025-10-12 14:24:50,530 - api_entries_etl - DEBUG -   position: 3
2025-10-12 14:24:50,530 - api_entries_etl - DEBUG - [Relation #83] Created HAS_PROPERTY: api_entry::STLパラメータオブジェクト -> property::STLパラメータオブジェクト::MinMeshLength
2025-10-12 14:24:50,530 - api_entries_etl - DEBUG - [Node #80] Created Source: source::STLパラメータオブジェクト::property::MinMeshLength
2025-10-12 14:24:50,530 - api_entries_etl - DEBUG -   text: MinMeshLength　// 浮動小数点:メッシュの辺の最小サイズを指定する場合は指定(mm)（指定しない場合は０）
2025-10-12 14:24:50,530 - api_entries_etl - DEBUG - [Relation #84] Created CITED_FROM: property::STLパラメータオブジェクト::MinMeshLength -> source::STLパラメータオブジェクト::property::MinMeshLength
2025-10-12 14:24:50,530 - api_entries_etl - DEBUG - [Node #81] Created Property: property::STLパラメータオブジェクト::MaxMeshLength
2025-10-12 14:24:50,530 - api_entries_etl - DEBUG -   name: MaxMeshLength
2025-10-12 14:24:50,530 - api_entries_etl - DEBUG -   property_type: 浮動小数点
2025-10-12 14:24:50,530 - api_entries_etl - DEBUG -   unit: mm
2025-10-12 14:24:50,530 - api_entries_etl - DEBUG -   default_value: 0.0
2025-10-12 14:24:50,530 - api_entries_etl - DEBUG -   default_json: "0.0"
2025-10-12 14:24:50,530 - api_entries_etl - DEBUG -   description: メッシュの辺の最大サイズを指定する場合は指定
2025-10-12 14:24:50,530 - api_entries_etl - DEBUG -   raw_json: {"name":"MaxMeshLength","type":"浮動小数点","unit":"mm","default":"0.0","description":"メッシュの辺の最大サイズを指定する場合は指定","source":{"...
2025-10-12 14:24:50,546 - api_entries_etl - DEBUG -   position: 4
2025-10-12 14:24:50,546 - api_entries_etl - DEBUG - [Relation #85] Created HAS_PROPERTY: api_entry::STLパラメータオブジェクト -> property::STLパラメータオブジェクト::MaxMeshLength
2025-10-12 14:24:50,546 - api_entries_etl - DEBUG - [Node #82] Created Source: source::STLパラメータオブジェクト::property::MaxMeshLength
2025-10-12 14:24:50,546 - api_entries_etl - DEBUG -   text: MaxMeshLength　// 浮動小数点:メッシュの辺の最大サイズを指定する場合は指定(mm)（指定しない場合は０）
2025-10-12 14:24:50,546 - api_entries_etl - DEBUG - [Relation #86] Created CITED_FROM: property::STLパラメータオブジェクト::MaxMeshLength -> source::STLパラメータオブジェクト::property::MaxMeshLength
2025-10-12 14:24:50,546 - api_entries_etl - DEBUG - [Node #83] Created Property: property::STLパラメータオブジェクト::Elements
2025-10-12 14:24:50,546 - api_entries_etl - DEBUG -   name: Elements
2025-10-12 14:24:50,546 - api_entries_etl - DEBUG -   property_type: 要素(配列)
2025-10-12 14:24:50,546 - api_entries_etl - DEBUG -   default_value: 表示されている全ての要素を出力
2025-10-12 14:24:50,546 - api_entries_etl - DEBUG -   default_json: "表示されている全ての要素を出力"
2025-10-12 14:24:50,546 - api_entries_etl - DEBUG -   description: STL出力する要素を指定
2025-10-12 14:24:50,546 - api_entries_etl - DEBUG -   raw_json: {"name":"Elements","type":"要素(配列)","default":"表示されている全ての要素を出力","description":"STL出力する要素を指定","source":{"text":"Element...
2025-10-12 14:24:50,546 - api_entries_etl - DEBUG -   position: 5
2025-10-12 14:24:50,546 - api_entries_etl - DEBUG - [Relation #87] Created HAS_PROPERTY: api_entry::STLパラメータオブジェクト -> property::STLパラメータオブジェクト::Elements
2025-10-12 14:24:50,546 - api_entries_etl - DEBUG - [Node #84] Created Source: source::STLパラメータオブジェクト::property::Elements
2025-10-12 14:24:50,546 - api_entries_etl - DEBUG -   text: Elements　 // 要素(配列)：STL出力する要素を指定（指定しない場合は表示されている全ての要素を出力します）
2025-10-12 14:24:50,546 - api_entries_etl - DEBUG - [Relation #88] Created CITED_FROM: property::STLパラメータオブジェクト::Elements -> source::STLパラメータオブジェクト::property::Elements
2025-10-12 14:24:50,546 - api_entries_etl - DEBUG - [Node #85] Created Source: source::STLパラメータオブジェクト::inline
2025-10-12 14:24:50,546 - api_entries_etl - DEBUG -   text: 〇STLパラメータオブジェクト
2025-10-12 14:24:50,546 - api_entries_etl - DEBUG - [Relation #89] Created CITED_FROM: api_entry::STLパラメータオブジェクト -> source::STLパラメータオブジェクト::inline
2025-10-12 14:24:50,546 - api_entries_etl - DEBUG - GraphBuilder.build_graph_elements完了: ノード70件, リレーション89件
2025-10-12 14:24:50,546 - api_entries_etl - DEBUG - デバッグ統計: ノード作成数=85, リレーション作成数=89
2025-10-12 14:24:50,546 - api_entries_etl - INFO - 生成ノード: 70, リレーション: 89
2025-10-12 14:24:52,002 - api_entries_etl - WARNING - --wipe により過去のノード/リレーションを削除します
2025-10-12 14:24:54,924 - api_entries_etl - INFO - Neo4j へ投入完了: ノード 70, リレーション 89
2025-10-12 14:24:54,928 - api_entries_etl - INFO - 完了
2025-10-12 14:36:21,159 - api_entries_etl - DEBUG - ログ設定完了 - ファイル: C:\Users\user\workfolders\imabari3dcad\structured_api\api_entries_demo_etl.log, コンソール: INFO以上, ファイル: DEBUG以上
2025-10-12 14:36:21,159 - api_entries_etl - INFO - ログファイルに保存中: C:\Users\user\workfolders\imabari3dcad\structured_api\api_entries_demo_etl.log
2025-10-12 14:36:21,163 - api_entries_etl - DEBUG - main関数開始
2025-10-12 14:36:21,163 - api_entries_etl - INFO - JSON を読み込み: C:\Users\user\workfolders\imabari3dcad\structured_api\data\api_entries_demo.json
2025-10-12 14:36:21,163 - api_entries_etl - DEBUG - APIエントリJSONファイルを読み込み開始: C:\Users\user\workfolders\imabari3dcad\structured_api\data\api_entries_demo.json
2025-10-12 14:36:21,179 - api_entries_etl - DEBUG - APIエントリ読み込み完了: 10件
2025-10-12 14:36:21,179 - api_entries_etl - INFO - エントリ件数: 10
2025-10-12 14:36:21,181 - api_entries_etl - DEBUG - GraphBuilder.build_graph_elements開始: 10件のエントリ
2025-10-12 14:36:21,181 - api_entries_etl - DEBUG - [Node #1] Created ApiEntryCollection: api_entries::collection
2025-10-12 14:36:21,181 - api_entries_etl - DEBUG -   name: api_entries
2025-10-12 14:36:21,181 - api_entries_etl - DEBUG - Processing API entry #1: Quit
2025-10-12 14:36:21,181 - api_entries_etl - DEBUG - [Node #2] Created APIEntry: api_entry::Quit
2025-10-12 14:36:21,181 - api_entries_etl - DEBUG -   name: Quit
2025-10-12 14:36:21,181 - api_entries_etl - DEBUG -   category: Applicationオブジェクト
2025-10-12 14:36:21,181 - api_entries_etl - DEBUG -   entry_type: function
2025-10-12 14:36:21,181 - api_entries_etl - DEBUG -   description: EvoShipを終了する
2025-10-12 14:36:21,181 - api_entries_etl - DEBUG -   pseudo_code: Quit()
2025-10-12 14:36:21,181 - api_entries_etl - DEBUG -   text: EvoShipを終了する

〇EvoShipを終了する
 返り値:なし
  Quit()
2025-10-12 14:36:21,181 - api_entries_etl - DEBUG -   raw_json: {"category":"Applicationオブジェクト","entry_type":"function","name":"Quit","description":"EvoShipを終了する","pseudo_code":"Qui...
2025-10-12 14:36:21,181 - api_entries_etl - DEBUG -   position: 0
2025-10-12 14:36:21,181 - api_entries_etl - DEBUG - [Relation #1] Created HAS_ENTRY: api_entries::collection -> api_entry::Quit
2025-10-12 14:36:21,181 - api_entries_etl - DEBUG - [Node #3] Created Category: category::Applicationオブジェクト
2025-10-12 14:36:21,181 - api_entries_etl - DEBUG -   name: Applicationオブジェクト
2025-10-12 14:36:21,184 - api_entries_etl - DEBUG - [Relation #2] Created IN_CATEGORY: api_entry::Quit -> category::Applicationオブジェクト
2025-10-12 14:36:21,184 - api_entries_etl - DEBUG - [Node #4] Created EntryType: entry_type::function
2025-10-12 14:36:21,186 - api_entries_etl - DEBUG -   name: function
2025-10-12 14:36:21,186 - api_entries_etl - DEBUG - [Relation #3] Created HAS_ENTRY_TYPE: api_entry::Quit -> entry_type::function
2025-10-12 14:36:21,188 - api_entries_etl - DEBUG - [Node #5] Created ReturnValue: return::Quit
2025-10-12 14:36:21,188 - api_entries_etl - DEBUG -   return_type: void
2025-10-12 14:36:21,190 - api_entries_etl - DEBUG -   description: なし
2025-10-12 14:36:21,190 - api_entries_etl - DEBUG -   raw_json: {"type":"void","description":"なし"}
2025-10-12 14:36:21,190 - api_entries_etl - DEBUG - [Relation #4] Created HAS_RETURN: api_entry::Quit -> return::Quit
2025-10-12 14:36:21,190 - api_entries_etl - DEBUG - [Node #6] Created PseudoCode: pseudo_code::Quit
2025-10-12 14:36:21,192 - api_entries_etl - DEBUG -   code: Quit()
2025-10-12 14:36:21,192 - api_entries_etl - DEBUG -   callee: Quit
2025-10-12 14:36:21,192 - api_entries_etl - DEBUG -   argument_count: 0
2025-10-12 14:36:21,192 - api_entries_etl - DEBUG - [Relation #5] Created HAS_PSEUDO_CODE: api_entry::Quit -> pseudo_code::Quit
2025-10-12 14:36:21,192 - api_entries_etl - DEBUG - [Node #7] Created Source: source::Quit::inline
2025-10-12 14:36:21,195 - api_entries_etl - DEBUG -   text: 〇EvoShipを終了する
 返り値:なし
  Quit()
2025-10-12 14:36:21,195 - api_entries_etl - DEBUG - [Relation #6] Created CITED_FROM: api_entry::Quit -> source::Quit::inline
2025-10-12 14:36:21,195 - api_entries_etl - DEBUG - Processing API entry #2: ShowMainWindow
2025-10-12 14:36:21,197 - api_entries_etl - DEBUG - [Node #8] Created APIEntry: api_entry::ShowMainWindow
2025-10-12 14:36:21,197 - api_entries_etl - DEBUG -   name: ShowMainWindow
2025-10-12 14:36:21,197 - api_entries_etl - DEBUG -   category: Applicationオブジェクト
2025-10-12 14:36:21,197 - api_entries_etl - DEBUG -   entry_type: function
2025-10-12 14:36:21,197 - api_entries_etl - DEBUG -   description: EvoShipのメインウィンドウを表示
2025-10-12 14:36:21,197 - api_entries_etl - DEBUG -   pseudo_code: ShowMainWindow(bShow)
2025-10-12 14:36:21,197 - api_entries_etl - DEBUG -   text: EvoShipのメインウィンドウを表示

〇EvoShipのメインウィンドウを表示する
 返り値:なし
  ShowMainWindow(
   bShow ) // bool: 表示する時はTrue
2025-10-12 14:36:21,197 - api_entries_etl - DEBUG -   raw_json: {"category":"Applicationオブジェクト","entry_type":"function","name":"ShowMainWindow","description":"EvoShipのメインウィンドウを表示","...
2025-10-12 14:36:21,197 - api_entries_etl - DEBUG -   position: 1
2025-10-12 14:36:21,197 - api_entries_etl - DEBUG - [Relation #7] Created HAS_ENTRY: api_entries::collection -> api_entry::ShowMainWindow
2025-10-12 14:36:21,197 - api_entries_etl - DEBUG - [Node #9] Created Category: category::Applicationオブジェクト
2025-10-12 14:36:21,197 - api_entries_etl - DEBUG -   name: Applicationオブジェクト
2025-10-12 14:36:21,197 - api_entries_etl - DEBUG - [Relation #8] Created IN_CATEGORY: api_entry::ShowMainWindow -> category::Applicationオブジェクト
2025-10-12 14:36:21,197 - api_entries_etl - DEBUG - [Node #10] Created EntryType: entry_type::function
2025-10-12 14:36:21,197 - api_entries_etl - DEBUG -   name: function
2025-10-12 14:36:21,197 - api_entries_etl - DEBUG - [Relation #9] Created HAS_ENTRY_TYPE: api_entry::ShowMainWindow -> entry_type::function
2025-10-12 14:36:21,197 - api_entries_etl - DEBUG - [Node #11] Created Parameter: param::ShowMainWindow::bShow
2025-10-12 14:36:21,197 - api_entries_etl - DEBUG -   name: bShow
2025-10-12 14:36:21,206 - api_entries_etl - DEBUG -   param_type: bool
2025-10-12 14:36:21,206 - api_entries_etl - DEBUG -   position: 0
2025-10-12 14:36:21,206 - api_entries_etl - DEBUG -   description: 表示の有効/無効を切り替えるフラグ
2025-10-12 14:36:21,208 - api_entries_etl - DEBUG -   raw_json: {"name":"bShow","type":"bool","position":0,"description":"表示の有効/無効を切り替えるフラグ","case":{"true":"表示を有効にする場合は True を設定","f...
2025-10-12 14:36:21,208 - api_entries_etl - DEBUG - [Relation #10] Created HAS_PARAMETER: api_entry::ShowMainWindow -> param::ShowMainWindow::bShow
2025-10-12 14:36:21,208 - api_entries_etl - DEBUG - [Node #12] Created ParameterCase: param::ShowMainWindow::bShow::case::true
2025-10-12 14:36:21,210 - api_entries_etl - DEBUG -   name: true
2025-10-12 14:36:21,210 - api_entries_etl - DEBUG -   description: 表示を有効にする場合は True を設定
2025-10-12 14:36:21,210 - api_entries_etl - DEBUG - [Relation #11] Created HAS_CASE_OPTION: param::ShowMainWindow::bShow -> param::ShowMainWindow::bShow::case::true
2025-10-12 14:36:21,210 - api_entries_etl - DEBUG - [Node #13] Created ParameterCase: param::ShowMainWindow::bShow::case::false
2025-10-12 14:36:21,210 - api_entries_etl - DEBUG -   name: false
2025-10-12 14:36:21,212 - api_entries_etl - DEBUG -   description: 表示を無効にする場合は False を設定
2025-10-12 14:36:21,212 - api_entries_etl - DEBUG - [Relation #12] Created HAS_CASE_OPTION: param::ShowMainWindow::bShow -> param::ShowMainWindow::bShow::case::false
2025-10-12 14:36:21,212 - api_entries_etl - DEBUG - [Node #14] Created ReturnValue: return::ShowMainWindow
2025-10-12 14:36:21,214 - api_entries_etl - DEBUG -   return_type: void
2025-10-12 14:36:21,214 - api_entries_etl - DEBUG -   description: なし
2025-10-12 14:36:21,214 - api_entries_etl - DEBUG -   raw_json: {"type":"void","description":"なし"}
2025-10-12 14:36:21,214 - api_entries_etl - DEBUG - [Relation #13] Created HAS_RETURN: api_entry::ShowMainWindow -> return::ShowMainWindow
2025-10-12 14:36:21,214 - api_entries_etl - DEBUG - [Node #15] Created PseudoCode: pseudo_code::ShowMainWindow
2025-10-12 14:36:21,214 - api_entries_etl - DEBUG -   code: ShowMainWindow(bShow)
2025-10-12 14:36:21,214 - api_entries_etl - DEBUG -   callee: ShowMainWindow
2025-10-12 14:36:21,214 - api_entries_etl - DEBUG -   argument_count: 1
2025-10-12 14:36:21,214 - api_entries_etl - DEBUG -   arguments_json: ["bShow"]
2025-10-12 14:36:21,216 - api_entries_etl - DEBUG - [Relation #14] Created HAS_PSEUDO_CODE: api_entry::ShowMainWindow -> pseudo_code::ShowMainWindow
2025-10-12 14:36:21,216 - api_entries_etl - DEBUG - [Node #16] Created PseudoCodeArgument: pseudo_code::ShowMainWindow::arg::0
2025-10-12 14:36:21,216 - api_entries_etl - DEBUG -   text: bShow
2025-10-12 14:36:21,216 - api_entries_etl - DEBUG -   position: 0
2025-10-12 14:36:21,216 - api_entries_etl - DEBUG -   normalized_text: bshow
2025-10-12 14:36:21,216 - api_entries_etl - DEBUG - [Relation #15] Created HAS_ARGUMENT: pseudo_code::ShowMainWindow -> pseudo_code::ShowMainWindow::arg::0
2025-10-12 14:36:21,216 - api_entries_etl - DEBUG - [Relation #16] Created ARGUMENT_MATCHES_PARAMETER: pseudo_code::ShowMainWindow::arg::0 -> param::ShowMainWindow::bShow
2025-10-12 14:36:21,216 - api_entries_etl - DEBUG - [Node #17] Created Source: source::ShowMainWindow::inline
2025-10-12 14:36:21,218 - api_entries_etl - DEBUG -   text: 〇EvoShipのメインウィンドウを表示する
 返り値:なし
  ShowMainWindow(
   bShow ) // bool: 表示する時はTrue
2025-10-12 14:36:21,218 - api_entries_etl - DEBUG - [Relation #17] Created CITED_FROM: api_entry::ShowMainWindow -> source::ShowMainWindow::inline
2025-10-12 14:36:21,218 - api_entries_etl - DEBUG - Processing API entry #3: LoadPart
2025-10-12 14:36:21,218 - api_entries_etl - DEBUG - [Node #18] Created APIEntry: api_entry::LoadPart
2025-10-12 14:36:21,218 - api_entries_etl - DEBUG -   name: LoadPart
2025-10-12 14:36:21,218 - api_entries_etl - DEBUG -   category: Applicationオブジェクト
2025-10-12 14:36:21,218 - api_entries_etl - DEBUG -   entry_type: function
2025-10-12 14:36:21,218 - api_entries_etl - DEBUG -   description: Partオブジェクトを読み込む
2025-10-12 14:36:21,218 - api_entries_etl - DEBUG -   pseudo_code: LoadPart(FileName, bForceEvaluation)
2025-10-12 14:36:21,218 - api_entries_etl - DEBUG -   text: Partオブジェクトを読み込む

〇Partオブジェクトを読み込む
 返り値:Partオブジェクト
  LoadPart(
   FileName, // 文字列：保存されているドキュメントのファイルパス名
   bForceEval...
2025-10-12 14:36:21,218 - api_entries_etl - DEBUG -   raw_json: {"category":"Applicationオブジェクト","entry_type":"function","name":"LoadPart","description":"Partオブジェクトを読み込む","pseudo_cod...
2025-10-12 14:36:21,221 - api_entries_etl - DEBUG -   position: 2
2025-10-12 14:36:21,221 - api_entries_etl - DEBUG - [Relation #18] Created HAS_ENTRY: api_entries::collection -> api_entry::LoadPart
2025-10-12 14:36:21,221 - api_entries_etl - DEBUG - [Node #19] Created Category: category::Applicationオブジェクト
2025-10-12 14:36:21,221 - api_entries_etl - DEBUG -   name: Applicationオブジェクト
2025-10-12 14:36:21,221 - api_entries_etl - DEBUG - [Relation #19] Created IN_CATEGORY: api_entry::LoadPart -> category::Applicationオブジェクト
2025-10-12 14:36:21,221 - api_entries_etl - DEBUG - [Node #20] Created EntryType: entry_type::function
2025-10-12 14:36:21,221 - api_entries_etl - DEBUG -   name: function
2025-10-12 14:36:21,221 - api_entries_etl - DEBUG - [Relation #20] Created HAS_ENTRY_TYPE: api_entry::LoadPart -> entry_type::function
2025-10-12 14:36:21,221 - api_entries_etl - DEBUG - [Node #21] Created Parameter: param::LoadPart::FileName
2025-10-12 14:36:21,222 - api_entries_etl - DEBUG -   name: FileName
2025-10-12 14:36:21,222 - api_entries_etl - DEBUG -   param_type: 文字列
2025-10-12 14:36:21,222 - api_entries_etl - DEBUG -   position: 0
2025-10-12 14:36:21,222 - api_entries_etl - DEBUG -   description: 保存されているドキュメントのファイルパス名
2025-10-12 14:36:21,222 - api_entries_etl - DEBUG -   raw_json: {"name":"FileName","type":"文字列","position":0,"description":"保存されているドキュメントのファイルパス名"}
2025-10-12 14:36:21,222 - api_entries_etl - DEBUG - [Relation #21] Created HAS_PARAMETER: api_entry::LoadPart -> param::LoadPart::FileName
2025-10-12 14:36:21,222 - api_entries_etl - DEBUG - [Node #22] Created Parameter: param::LoadPart::bForceEvaluation
2025-10-12 14:36:21,222 - api_entries_etl - DEBUG -   name: bForceEvaluation
2025-10-12 14:36:21,224 - api_entries_etl - DEBUG -   param_type: bool
2025-10-12 14:36:21,224 - api_entries_etl - DEBUG -   position: 1
2025-10-12 14:36:21,224 - api_entries_etl - DEBUG -   description: 強制的に全要素を再計算して開くかどうかのフラグ
2025-10-12 14:36:21,224 - api_entries_etl - DEBUG -   raw_json: {"name":"bForceEvaluation","type":"bool","position":1,"description":"強制的に全要素を再計算して開くかどうかのフラグ","case":{"true":"強制的に全要素...
2025-10-12 14:36:21,224 - api_entries_etl - DEBUG - [Relation #22] Created HAS_PARAMETER: api_entry::LoadPart -> param::LoadPart::bForceEvaluation
2025-10-12 14:36:21,224 - api_entries_etl - DEBUG - [Node #23] Created ParameterCase: param::LoadPart::bForceEvaluation::case::true
2025-10-12 14:36:21,225 - api_entries_etl - DEBUG -   name: true
2025-10-12 14:36:21,225 - api_entries_etl - DEBUG -   description: 強制的に全要素を再計算して開くときはTrue
2025-10-12 14:36:21,225 - api_entries_etl - DEBUG - [Relation #23] Created HAS_CASE_OPTION: param::LoadPart::bForceEvaluation -> param::LoadPart::bForceEvaluation::case::true
2025-10-12 14:36:21,225 - api_entries_etl - DEBUG - [Node #24] Created ParameterCase: param::LoadPart::bForceEvaluation::case::false
2025-10-12 14:36:21,225 - api_entries_etl - DEBUG -   name: false
2025-10-12 14:36:21,225 - api_entries_etl - DEBUG -   description: 通常はFalse
2025-10-12 14:36:21,225 - api_entries_etl - DEBUG - [Relation #24] Created HAS_CASE_OPTION: param::LoadPart::bForceEvaluation -> param::LoadPart::bForceEvaluation::case::false
2025-10-12 14:36:21,225 - api_entries_etl - DEBUG - [Node #25] Created ReturnValue: return::LoadPart
2025-10-12 14:36:21,225 - api_entries_etl - DEBUG -   return_type: 不明
2025-10-12 14:36:21,226 - api_entries_etl - DEBUG -   description: Partオブジェクト
2025-10-12 14:36:21,226 - api_entries_etl - DEBUG -   raw_json: {"type":"不明","description":"Partオブジェクト"}
2025-10-12 14:36:21,226 - api_entries_etl - DEBUG - [Relation #25] Created HAS_RETURN: api_entry::LoadPart -> return::LoadPart
2025-10-12 14:36:21,226 - api_entries_etl - DEBUG - [Node #26] Created PseudoCode: pseudo_code::LoadPart
2025-10-12 14:36:21,226 - api_entries_etl - DEBUG -   code: LoadPart(FileName, bForceEvaluation)
2025-10-12 14:36:21,226 - api_entries_etl - DEBUG -   callee: LoadPart
2025-10-12 14:36:21,226 - api_entries_etl - DEBUG -   argument_count: 2
2025-10-12 14:36:21,228 - api_entries_etl - DEBUG -   arguments_json: ["FileName","bForceEvaluation"]
2025-10-12 14:36:21,228 - api_entries_etl - DEBUG - [Relation #26] Created HAS_PSEUDO_CODE: api_entry::LoadPart -> pseudo_code::LoadPart
2025-10-12 14:36:21,228 - api_entries_etl - DEBUG - [Node #27] Created PseudoCodeArgument: pseudo_code::LoadPart::arg::0
2025-10-12 14:36:21,228 - api_entries_etl - DEBUG -   text: FileName
2025-10-12 14:36:21,228 - api_entries_etl - DEBUG -   position: 0
2025-10-12 14:36:21,228 - api_entries_etl - DEBUG -   normalized_text: filename
2025-10-12 14:36:21,230 - api_entries_etl - DEBUG - [Relation #27] Created HAS_ARGUMENT: pseudo_code::LoadPart -> pseudo_code::LoadPart::arg::0
2025-10-12 14:36:21,230 - api_entries_etl - DEBUG - [Relation #28] Created ARGUMENT_MATCHES_PARAMETER: pseudo_code::LoadPart::arg::0 -> param::LoadPart::FileName
2025-10-12 14:36:21,231 - api_entries_etl - DEBUG - [Node #28] Created PseudoCodeArgument: pseudo_code::LoadPart::arg::1
2025-10-12 14:36:21,231 - api_entries_etl - DEBUG -   text: bForceEvaluation
2025-10-12 14:36:21,233 - api_entries_etl - DEBUG -   position: 1
2025-10-12 14:36:21,233 - api_entries_etl - DEBUG -   normalized_text: bforceevaluation
2025-10-12 14:36:21,233 - api_entries_etl - DEBUG - [Relation #29] Created HAS_ARGUMENT: pseudo_code::LoadPart -> pseudo_code::LoadPart::arg::1
2025-10-12 14:36:21,233 - api_entries_etl - DEBUG - [Relation #30] Created ARGUMENT_MATCHES_PARAMETER: pseudo_code::LoadPart::arg::1 -> param::LoadPart::bForceEvaluation
2025-10-12 14:36:21,233 - api_entries_etl - DEBUG - [Node #29] Created Source: source::LoadPart::inline
2025-10-12 14:36:21,233 - api_entries_etl - DEBUG -   text: 〇Partオブジェクトを読み込む
 返り値:Partオブジェクト
  LoadPart(
   FileName, // 文字列：保存されているドキュメントのファイルパス名
   bForceEvaluation ) // bool:...
2025-10-12 14:36:21,233 - api_entries_etl - DEBUG - [Relation #31] Created CITED_FROM: api_entry::LoadPart -> source::LoadPart::inline
2025-10-12 14:36:21,233 - api_entries_etl - DEBUG - Processing API entry #4: OpenDocument
2025-10-12 14:36:21,233 - api_entries_etl - DEBUG - [Node #30] Created APIEntry: api_entry::OpenDocument
2025-10-12 14:36:21,233 - api_entries_etl - DEBUG -   name: OpenDocument
2025-10-12 14:36:21,233 - api_entries_etl - DEBUG -   category: Applicationオブジェクト
2025-10-12 14:36:21,233 - api_entries_etl - DEBUG -   entry_type: function
2025-10-12 14:36:21,233 - api_entries_etl - DEBUG -   description: Documentを開く
2025-10-12 14:36:21,233 - api_entries_etl - DEBUG -   pseudo_code: OpenDocument(FileName, bForceEvaluation)
2025-10-12 14:36:21,233 - api_entries_etl - DEBUG -   text: Documentを開く

〇Documentを開く
 返り値:Documentオブジェクト
  OpenDocument(
   FileName, // 文字列：保存されているドキュメントのファイルパス名
   bForceEval...
2025-10-12 14:36:21,233 - api_entries_etl - DEBUG -   raw_json: {"category":"Applicationオブジェクト","entry_type":"function","name":"OpenDocument","description":"Documentを開く","pseudo_cod...
2025-10-12 14:36:21,233 - api_entries_etl - DEBUG -   position: 3
2025-10-12 14:36:21,233 - api_entries_etl - DEBUG - [Relation #32] Created HAS_ENTRY: api_entries::collection -> api_entry::OpenDocument
2025-10-12 14:36:21,233 - api_entries_etl - DEBUG - [Node #31] Created Category: category::Applicationオブジェクト
2025-10-12 14:36:21,233 - api_entries_etl - DEBUG -   name: Applicationオブジェクト
2025-10-12 14:36:21,233 - api_entries_etl - DEBUG - [Relation #33] Created IN_CATEGORY: api_entry::OpenDocument -> category::Applicationオブジェクト
2025-10-12 14:36:21,233 - api_entries_etl - DEBUG - [Node #32] Created EntryType: entry_type::function
2025-10-12 14:36:21,233 - api_entries_etl - DEBUG -   name: function
2025-10-12 14:36:21,233 - api_entries_etl - DEBUG - [Relation #34] Created HAS_ENTRY_TYPE: api_entry::OpenDocument -> entry_type::function
2025-10-12 14:36:21,233 - api_entries_etl - DEBUG - [Node #33] Created Parameter: param::OpenDocument::FileName
2025-10-12 14:36:21,233 - api_entries_etl - DEBUG -   name: FileName
2025-10-12 14:36:21,233 - api_entries_etl - DEBUG -   param_type: 文字列
2025-10-12 14:36:21,233 - api_entries_etl - DEBUG -   position: 0
2025-10-12 14:36:21,233 - api_entries_etl - DEBUG -   description: 保存されているドキュメントのファイルパス名
2025-10-12 14:36:21,233 - api_entries_etl - DEBUG -   raw_json: {"name":"FileName","type":"文字列","description":"保存されているドキュメントのファイルパス名","position":0}
2025-10-12 14:36:21,233 - api_entries_etl - DEBUG - [Relation #35] Created HAS_PARAMETER: api_entry::OpenDocument -> param::OpenDocument::FileName
2025-10-12 14:36:21,233 - api_entries_etl - DEBUG - [Node #34] Created Parameter: param::OpenDocument::bForceEvaluation
2025-10-12 14:36:21,233 - api_entries_etl - DEBUG -   name: bForceEvaluation
2025-10-12 14:36:21,233 - api_entries_etl - DEBUG -   param_type: bool
2025-10-12 14:36:21,233 - api_entries_etl - DEBUG -   position: 1
2025-10-12 14:36:21,233 - api_entries_etl - DEBUG -   description: 強制的に全要素を再計算して開くときはTrue (通常はFalse）
2025-10-12 14:36:21,233 - api_entries_etl - DEBUG -   raw_json: {"name":"bForceEvaluation","type":"bool","description":"強制的に全要素を再計算して開くときはTrue (通常はFalse）","position":1}
2025-10-12 14:36:21,233 - api_entries_etl - DEBUG - [Relation #36] Created HAS_PARAMETER: api_entry::OpenDocument -> param::OpenDocument::bForceEvaluation
2025-10-12 14:36:21,233 - api_entries_etl - DEBUG - [Node #35] Created ReturnValue: return::OpenDocument
2025-10-12 14:36:21,233 - api_entries_etl - DEBUG -   return_type: 不明
2025-10-12 14:36:21,233 - api_entries_etl - DEBUG -   description: Documentオブジェクト
2025-10-12 14:36:21,233 - api_entries_etl - DEBUG -   raw_json: {"type":"不明","description":"Documentオブジェクト"}
2025-10-12 14:36:21,233 - api_entries_etl - DEBUG - [Relation #37] Created HAS_RETURN: api_entry::OpenDocument -> return::OpenDocument
2025-10-12 14:36:21,233 - api_entries_etl - DEBUG - [Node #36] Created PseudoCode: pseudo_code::OpenDocument
2025-10-12 14:36:21,233 - api_entries_etl - DEBUG -   code: OpenDocument(FileName, bForceEvaluation)
2025-10-12 14:36:21,233 - api_entries_etl - DEBUG -   callee: OpenDocument
2025-10-12 14:36:21,233 - api_entries_etl - DEBUG -   argument_count: 2
2025-10-12 14:36:21,233 - api_entries_etl - DEBUG -   arguments_json: ["FileName","bForceEvaluation"]
2025-10-12 14:36:21,233 - api_entries_etl - DEBUG - [Relation #38] Created HAS_PSEUDO_CODE: api_entry::OpenDocument -> pseudo_code::OpenDocument
2025-10-12 14:36:21,233 - api_entries_etl - DEBUG - [Node #37] Created PseudoCodeArgument: pseudo_code::OpenDocument::arg::0
2025-10-12 14:36:21,233 - api_entries_etl - DEBUG -   text: FileName
2025-10-12 14:36:21,233 - api_entries_etl - DEBUG -   position: 0
2025-10-12 14:36:21,233 - api_entries_etl - DEBUG -   normalized_text: filename
2025-10-12 14:36:21,233 - api_entries_etl - DEBUG - [Relation #39] Created HAS_ARGUMENT: pseudo_code::OpenDocument -> pseudo_code::OpenDocument::arg::0
2025-10-12 14:36:21,233 - api_entries_etl - DEBUG - [Relation #40] Created ARGUMENT_MATCHES_PARAMETER: pseudo_code::OpenDocument::arg::0 -> param::OpenDocument::FileName
2025-10-12 14:36:21,233 - api_entries_etl - DEBUG - [Node #38] Created PseudoCodeArgument: pseudo_code::OpenDocument::arg::1
2025-10-12 14:36:21,233 - api_entries_etl - DEBUG -   text: bForceEvaluation
2025-10-12 14:36:21,233 - api_entries_etl - DEBUG -   position: 1
2025-10-12 14:36:21,233 - api_entries_etl - DEBUG -   normalized_text: bforceevaluation
2025-10-12 14:36:21,233 - api_entries_etl - DEBUG - [Relation #41] Created HAS_ARGUMENT: pseudo_code::OpenDocument -> pseudo_code::OpenDocument::arg::1
2025-10-12 14:36:21,233 - api_entries_etl - DEBUG - [Relation #42] Created ARGUMENT_MATCHES_PARAMETER: pseudo_code::OpenDocument::arg::1 -> param::OpenDocument::bForceEvaluation
2025-10-12 14:36:21,233 - api_entries_etl - DEBUG - [Node #39] Created Source: source::OpenDocument::inline
2025-10-12 14:36:21,242 - api_entries_etl - DEBUG -   text: 〇Documentを開く
 返り値:Documentオブジェクト
  OpenDocument(
   FileName, // 文字列：保存されているドキュメントのファイルパス名
   bForceEvaluation ) // b...
2025-10-12 14:36:21,242 - api_entries_etl - DEBUG - [Relation #43] Created CITED_FROM: api_entry::OpenDocument -> source::OpenDocument::inline
2025-10-12 14:36:21,242 - api_entries_etl - DEBUG - Processing API entry #5: Create3DDocument
2025-10-12 14:36:21,242 - api_entries_etl - DEBUG - [Node #40] Created APIEntry: api_entry::Create3DDocument
2025-10-12 14:36:21,242 - api_entries_etl - DEBUG -   name: Create3DDocument
2025-10-12 14:36:21,242 - api_entries_etl - DEBUG -   category: Applicationオブジェクト
2025-10-12 14:36:21,242 - api_entries_etl - DEBUG -   entry_type: function
2025-10-12 14:36:21,242 - api_entries_etl - DEBUG -   description: 3DのDocumentを新規に作成する
2025-10-12 14:36:21,242 - api_entries_etl - DEBUG -   pseudo_code: Create3DDocument()
2025-10-12 14:36:21,242 - api_entries_etl - DEBUG -   text: 3DのDocumentを新規に作成する

〇3DのDocumentを新規に作成する
 返り値:Documentオブジェクト
 Create3DDocument()
2025-10-12 14:36:21,242 - api_entries_etl - DEBUG -   raw_json: {"category":"Applicationオブジェクト","entry_type":"function","name":"Create3DDocument","description":"3DのDocumentを新規に作成する"...
2025-10-12 14:36:21,242 - api_entries_etl - DEBUG -   position: 4
2025-10-12 14:36:21,242 - api_entries_etl - DEBUG - [Relation #44] Created HAS_ENTRY: api_entries::collection -> api_entry::Create3DDocument
2025-10-12 14:36:21,242 - api_entries_etl - DEBUG - [Node #41] Created Category: category::Applicationオブジェクト
2025-10-12 14:36:21,242 - api_entries_etl - DEBUG -   name: Applicationオブジェクト
2025-10-12 14:36:21,242 - api_entries_etl - DEBUG - [Relation #45] Created IN_CATEGORY: api_entry::Create3DDocument -> category::Applicationオブジェクト
2025-10-12 14:36:21,242 - api_entries_etl - DEBUG - [Node #42] Created EntryType: entry_type::function
2025-10-12 14:36:21,246 - api_entries_etl - DEBUG -   name: function
2025-10-12 14:36:21,247 - api_entries_etl - DEBUG - [Relation #46] Created HAS_ENTRY_TYPE: api_entry::Create3DDocument -> entry_type::function
2025-10-12 14:36:21,247 - api_entries_etl - DEBUG - [Node #43] Created ReturnValue: return::Create3DDocument
2025-10-12 14:36:21,247 - api_entries_etl - DEBUG -   return_type: 不明
2025-10-12 14:36:21,247 - api_entries_etl - DEBUG -   description: Documentオブジェクト
2025-10-12 14:36:21,250 - api_entries_etl - DEBUG -   raw_json: {"type":"不明","description":"Documentオブジェクト"}
2025-10-12 14:36:21,250 - api_entries_etl - DEBUG - [Relation #47] Created HAS_RETURN: api_entry::Create3DDocument -> return::Create3DDocument
2025-10-12 14:36:21,250 - api_entries_etl - DEBUG - [Node #44] Created PseudoCode: pseudo_code::Create3DDocument
2025-10-12 14:36:21,250 - api_entries_etl - DEBUG -   code: Create3DDocument()
2025-10-12 14:36:21,250 - api_entries_etl - DEBUG -   callee: Create3DDocument
2025-10-12 14:36:21,250 - api_entries_etl - DEBUG -   argument_count: 0
2025-10-12 14:36:21,250 - api_entries_etl - DEBUG - [Relation #48] Created HAS_PSEUDO_CODE: api_entry::Create3DDocument -> pseudo_code::Create3DDocument
2025-10-12 14:36:21,250 - api_entries_etl - DEBUG - [Node #45] Created Source: source::Create3DDocument::inline
2025-10-12 14:36:21,250 - api_entries_etl - DEBUG -   text: 〇3DのDocumentを新規に作成する
 返り値:Documentオブジェクト
 Create3DDocument()
2025-10-12 14:36:21,250 - api_entries_etl - DEBUG - [Relation #49] Created CITED_FROM: api_entry::Create3DDocument -> source::Create3DDocument::inline
2025-10-12 14:36:21,250 - api_entries_etl - DEBUG - Processing API entry #6: GetActiveDocument
2025-10-12 14:36:21,250 - api_entries_etl - DEBUG - [Node #46] Created APIEntry: api_entry::GetActiveDocument
2025-10-12 14:36:21,259 - api_entries_etl - DEBUG -   name: GetActiveDocument
2025-10-12 14:36:21,259 - api_entries_etl - DEBUG -   category: Applicationオブジェクト
2025-10-12 14:36:21,259 - api_entries_etl - DEBUG -   entry_type: function
2025-10-12 14:36:21,259 - api_entries_etl - DEBUG -   description: アクティブなDocumentオブジェクトを取得する
2025-10-12 14:36:21,259 - api_entries_etl - DEBUG -   pseudo_code: GetActiveDocument()
2025-10-12 14:36:21,259 - api_entries_etl - DEBUG -   text: アクティブなDocumentオブジェクトを取得する

〇アクティブなDocumentオブジェクトを取得する
 返り値:Documentオブジェクト
 GetActiveDocument()
2025-10-12 14:36:21,264 - api_entries_etl - DEBUG -   raw_json: {"category":"Applicationオブジェクト","entry_type":"function","name":"GetActiveDocument","description":"アクティブなDocumentオブジェク...
2025-10-12 14:36:21,264 - api_entries_etl - DEBUG -   position: 5
2025-10-12 14:36:21,264 - api_entries_etl - DEBUG - [Relation #50] Created HAS_ENTRY: api_entries::collection -> api_entry::GetActiveDocument
2025-10-12 14:36:21,264 - api_entries_etl - DEBUG - [Node #47] Created Category: category::Applicationオブジェクト
2025-10-12 14:36:21,264 - api_entries_etl - DEBUG -   name: Applicationオブジェクト
2025-10-12 14:36:21,267 - api_entries_etl - DEBUG - [Relation #51] Created IN_CATEGORY: api_entry::GetActiveDocument -> category::Applicationオブジェクト
2025-10-12 14:36:21,268 - api_entries_etl - DEBUG - [Node #48] Created EntryType: entry_type::function
2025-10-12 14:36:21,268 - api_entries_etl - DEBUG -   name: function
2025-10-12 14:36:21,268 - api_entries_etl - DEBUG - [Relation #52] Created HAS_ENTRY_TYPE: api_entry::GetActiveDocument -> entry_type::function
2025-10-12 14:36:21,268 - api_entries_etl - DEBUG - [Node #49] Created ReturnValue: return::GetActiveDocument
2025-10-12 14:36:21,268 - api_entries_etl - DEBUG -   return_type: 不明
2025-10-12 14:36:21,268 - api_entries_etl - DEBUG -   description: Documentオブジェクト
2025-10-12 14:36:21,268 - api_entries_etl - DEBUG -   raw_json: {"type":"不明","description":"Documentオブジェクト"}
2025-10-12 14:36:21,270 - api_entries_etl - DEBUG - [Relation #53] Created HAS_RETURN: api_entry::GetActiveDocument -> return::GetActiveDocument
2025-10-12 14:36:21,270 - api_entries_etl - DEBUG - [Node #50] Created PseudoCode: pseudo_code::GetActiveDocument
2025-10-12 14:36:21,270 - api_entries_etl - DEBUG -   code: GetActiveDocument()
2025-10-12 14:36:21,270 - api_entries_etl - DEBUG -   callee: GetActiveDocument
2025-10-12 14:36:21,270 - api_entries_etl - DEBUG -   argument_count: 0
2025-10-12 14:36:21,270 - api_entries_etl - DEBUG - [Relation #54] Created HAS_PSEUDO_CODE: api_entry::GetActiveDocument -> pseudo_code::GetActiveDocument
2025-10-12 14:36:21,270 - api_entries_etl - DEBUG - [Node #51] Created Source: source::GetActiveDocument::inline
2025-10-12 14:36:21,270 - api_entries_etl - DEBUG -   text: 〇アクティブなDocumentオブジェクトを取得する
 返り値:Documentオブジェクト
 GetActiveDocument()
2025-10-12 14:36:21,272 - api_entries_etl - DEBUG - [Relation #55] Created CITED_FROM: api_entry::GetActiveDocument -> source::GetActiveDocument::inline
2025-10-12 14:36:21,272 - api_entries_etl - DEBUG - Processing API entry #7: GetDocuments
2025-10-12 14:36:21,272 - api_entries_etl - DEBUG - [Node #52] Created APIEntry: api_entry::GetDocuments
2025-10-12 14:36:21,272 - api_entries_etl - DEBUG -   name: GetDocuments
2025-10-12 14:36:21,272 - api_entries_etl - DEBUG -   category: Applicationオブジェクト
2025-10-12 14:36:21,272 - api_entries_etl - DEBUG -   entry_type: function
2025-10-12 14:36:21,272 - api_entries_etl - DEBUG -   description: 開かれているDocumentオブジェクトを全て取得する
2025-10-12 14:36:21,272 - api_entries_etl - DEBUG -   pseudo_code: GetDocuments()
2025-10-12 14:36:21,275 - api_entries_etl - DEBUG -   text: 開かれているDocumentオブジェクトを全て取得する

〇開かれているDocumentオブジェクトを全て取得する
 返り値:Documentオブジェクトの配列
 GetDocuments()
2025-10-12 14:36:21,275 - api_entries_etl - DEBUG -   raw_json: {"category":"Applicationオブジェクト","entry_type":"function","name":"GetDocuments","description":"開かれているDocumentオブジェクトを全て取...
2025-10-12 14:36:21,275 - api_entries_etl - DEBUG -   position: 6
2025-10-12 14:36:21,277 - api_entries_etl - DEBUG - [Relation #56] Created HAS_ENTRY: api_entries::collection -> api_entry::GetDocuments
2025-10-12 14:36:21,277 - api_entries_etl - DEBUG - [Node #53] Created Category: category::Applicationオブジェクト
2025-10-12 14:36:21,277 - api_entries_etl - DEBUG -   name: Applicationオブジェクト
2025-10-12 14:36:21,279 - api_entries_etl - DEBUG - [Relation #57] Created IN_CATEGORY: api_entry::GetDocuments -> category::Applicationオブジェクト
2025-10-12 14:36:21,280 - api_entries_etl - DEBUG - [Node #54] Created EntryType: entry_type::function
2025-10-12 14:36:21,280 - api_entries_etl - DEBUG -   name: function
2025-10-12 14:36:21,280 - api_entries_etl - DEBUG - [Relation #58] Created HAS_ENTRY_TYPE: api_entry::GetDocuments -> entry_type::function
2025-10-12 14:36:21,280 - api_entries_etl - DEBUG - [Node #55] Created ReturnValue: return::GetDocuments
2025-10-12 14:36:21,280 - api_entries_etl - DEBUG -   return_type: 不明
2025-10-12 14:36:21,283 - api_entries_etl - DEBUG -   description: Documentオブジェクトの配列
2025-10-12 14:36:21,283 - api_entries_etl - DEBUG -   raw_json: {"type":"不明","description":"Documentオブジェクトの配列"}
2025-10-12 14:36:21,283 - api_entries_etl - DEBUG - [Relation #59] Created HAS_RETURN: api_entry::GetDocuments -> return::GetDocuments
2025-10-12 14:36:21,283 - api_entries_etl - DEBUG - [Node #56] Created PseudoCode: pseudo_code::GetDocuments
2025-10-12 14:36:21,284 - api_entries_etl - DEBUG -   code: GetDocuments()
2025-10-12 14:36:21,284 - api_entries_etl - DEBUG -   callee: GetDocuments
2025-10-12 14:36:21,285 - api_entries_etl - DEBUG -   argument_count: 0
2025-10-12 14:36:21,285 - api_entries_etl - DEBUG - [Relation #60] Created HAS_PSEUDO_CODE: api_entry::GetDocuments -> pseudo_code::GetDocuments
2025-10-12 14:36:21,285 - api_entries_etl - DEBUG - [Node #57] Created Source: source::GetDocuments::inline
2025-10-12 14:36:21,285 - api_entries_etl - DEBUG -   text: 〇開かれているDocumentオブジェクトを全て取得する
 返り値:Documentオブジェクトの配列
 GetDocuments()
2025-10-12 14:36:21,285 - api_entries_etl - DEBUG - [Relation #61] Created CITED_FROM: api_entry::GetDocuments -> source::GetDocuments::inline
2025-10-12 14:36:21,287 - api_entries_etl - DEBUG - Processing API entry #8: Close
2025-10-12 14:36:21,287 - api_entries_etl - DEBUG - [Node #58] Created APIEntry: api_entry::Close
2025-10-12 14:36:21,287 - api_entries_etl - DEBUG -   name: Close
2025-10-12 14:36:21,287 - api_entries_etl - DEBUG -   category: Documentオブジェクト
2025-10-12 14:36:21,287 - api_entries_etl - DEBUG -   entry_type: function
2025-10-12 14:36:21,290 - api_entries_etl - DEBUG -   description: ドキュメントを閉じる
2025-10-12 14:36:21,292 - api_entries_etl - DEBUG -   pseudo_code: Close()
2025-10-12 14:36:21,292 - api_entries_etl - DEBUG -   text: ドキュメントを閉じる

〇ドキュメントを閉じる
 返り値:なし
  Close()
2025-10-12 14:36:21,292 - api_entries_etl - DEBUG -   raw_json: {"category":"Documentオブジェクト","entry_type":"function","name":"Close","description":"ドキュメントを閉じる","pseudo_code":"Close()...
2025-10-12 14:36:21,292 - api_entries_etl - DEBUG -   position: 7
2025-10-12 14:36:21,292 - api_entries_etl - DEBUG - [Relation #62] Created HAS_ENTRY: api_entries::collection -> api_entry::Close
2025-10-12 14:36:21,292 - api_entries_etl - DEBUG - [Node #59] Created Category: category::Documentオブジェクト
2025-10-12 14:36:21,292 - api_entries_etl - DEBUG -   name: Documentオブジェクト
2025-10-12 14:36:21,294 - api_entries_etl - DEBUG - [Relation #63] Created IN_CATEGORY: api_entry::Close -> category::Documentオブジェクト
2025-10-12 14:36:21,294 - api_entries_etl - DEBUG - [Node #60] Created EntryType: entry_type::function
2025-10-12 14:36:21,296 - api_entries_etl - DEBUG -   name: function
2025-10-12 14:36:21,296 - api_entries_etl - DEBUG - [Relation #64] Created HAS_ENTRY_TYPE: api_entry::Close -> entry_type::function
2025-10-12 14:36:21,296 - api_entries_etl - DEBUG - [Node #61] Created ReturnValue: return::Close
2025-10-12 14:36:21,296 - api_entries_etl - DEBUG -   return_type: void
2025-10-12 14:36:21,296 - api_entries_etl - DEBUG -   description: なし
2025-10-12 14:36:21,296 - api_entries_etl - DEBUG -   raw_json: {"type":"void","description":"なし"}
2025-10-12 14:36:21,296 - api_entries_etl - DEBUG - [Relation #65] Created HAS_RETURN: api_entry::Close -> return::Close
2025-10-12 14:36:21,296 - api_entries_etl - DEBUG - [Node #62] Created PseudoCode: pseudo_code::Close
2025-10-12 14:36:21,296 - api_entries_etl - DEBUG -   code: Close()
2025-10-12 14:36:21,296 - api_entries_etl - DEBUG -   callee: Close
2025-10-12 14:36:21,296 - api_entries_etl - DEBUG -   argument_count: 0
2025-10-12 14:36:21,300 - api_entries_etl - DEBUG - [Relation #66] Created HAS_PSEUDO_CODE: api_entry::Close -> pseudo_code::Close
2025-10-12 14:36:21,301 - api_entries_etl - DEBUG - [Node #63] Created Source: source::Close::inline
2025-10-12 14:36:21,301 - api_entries_etl - DEBUG -   text: 〇ドキュメントを閉じる
 返り値:なし
  Close()
2025-10-12 14:36:21,301 - api_entries_etl - DEBUG - [Relation #67] Created CITED_FROM: api_entry::Close -> source::Close::inline
2025-10-12 14:36:21,301 - api_entries_etl - DEBUG - Processing API entry #9: CreateSTLOption
2025-10-12 14:36:21,301 - api_entries_etl - DEBUG - [Node #64] Created APIEntry: api_entry::CreateSTLOption
2025-10-12 14:36:21,301 - api_entries_etl - DEBUG -   name: CreateSTLOption
2025-10-12 14:36:21,301 - api_entries_etl - DEBUG -   category: Documentオブジェクト
2025-10-12 14:36:21,301 - api_entries_etl - DEBUG -   entry_type: function
2025-10-12 14:36:21,301 - api_entries_etl - DEBUG -   description: ドキュメントをSTLとして保存する際のパラメータオブジェクトの作成
2025-10-12 14:36:21,301 - api_entries_etl - DEBUG -   pseudo_code: CreateSTLOption()
2025-10-12 14:36:21,305 - api_entries_etl - DEBUG -   text: ドキュメントをSTLとして保存する際のパラメータオブジェクトの作成

〇ドキュメントをSTLとして保存する際のパラメータオブジェクトの作成
 返り値:STLパラメータオブジェクト
 CreateSTLOption()
2025-10-12 14:36:21,305 - api_entries_etl - DEBUG -   raw_json: {"category":"Documentオブジェクト","entry_type":"function","name":"CreateSTLOption","description":"ドキュメントをSTLとして保存する際のパラメータ...
2025-10-12 14:36:21,305 - api_entries_etl - DEBUG -   position: 8
2025-10-12 14:36:21,305 - api_entries_etl - DEBUG - [Relation #68] Created HAS_ENTRY: api_entries::collection -> api_entry::CreateSTLOption
2025-10-12 14:36:21,305 - api_entries_etl - DEBUG - [Node #65] Created Category: category::Documentオブジェクト
2025-10-12 14:36:21,305 - api_entries_etl - DEBUG -   name: Documentオブジェクト
2025-10-12 14:36:21,305 - api_entries_etl - DEBUG - [Relation #69] Created IN_CATEGORY: api_entry::CreateSTLOption -> category::Documentオブジェクト
2025-10-12 14:36:21,306 - api_entries_etl - DEBUG - [Node #66] Created EntryType: entry_type::function
2025-10-12 14:36:21,306 - api_entries_etl - DEBUG -   name: function
2025-10-12 14:36:21,306 - api_entries_etl - DEBUG - [Relation #70] Created HAS_ENTRY_TYPE: api_entry::CreateSTLOption -> entry_type::function
2025-10-12 14:36:21,307 - api_entries_etl - DEBUG - [Node #67] Created ReturnValue: return::CreateSTLOption
2025-10-12 14:36:21,307 - api_entries_etl - DEBUG -   return_type: 不明
2025-10-12 14:36:21,307 - api_entries_etl - DEBUG -   description: STLパラメータオブジェクト
2025-10-12 14:36:21,308 - api_entries_etl - DEBUG -   raw_json: {"type":"不明","description":"STLパラメータオブジェクト"}
2025-10-12 14:36:21,308 - api_entries_etl - DEBUG - [Relation #71] Created HAS_RETURN: api_entry::CreateSTLOption -> return::CreateSTLOption
2025-10-12 14:36:21,308 - api_entries_etl - DEBUG - [Relation #72] Created RETURNS_ENTRY: return::CreateSTLOption -> api_entry::STLパラメータオブジェクト
2025-10-12 14:36:21,308 - api_entries_etl - WARNING - Destination node 'api_entry::STLパラメータオブジェクト' not found when creating relation
2025-10-12 14:36:21,309 - api_entries_etl - DEBUG - [Node #68] Created PseudoCode: pseudo_code::CreateSTLOption
2025-10-12 14:36:21,309 - api_entries_etl - DEBUG -   code: CreateSTLOption()
2025-10-12 14:36:21,309 - api_entries_etl - DEBUG -   callee: CreateSTLOption
2025-10-12 14:36:21,309 - api_entries_etl - DEBUG -   argument_count: 0
2025-10-12 14:36:21,310 - api_entries_etl - DEBUG - [Relation #73] Created HAS_PSEUDO_CODE: api_entry::CreateSTLOption -> pseudo_code::CreateSTLOption
2025-10-12 14:36:21,310 - api_entries_etl - DEBUG - [Node #69] Created Source: source::CreateSTLOption::inline
2025-10-12 14:36:21,310 - api_entries_etl - DEBUG -   text: 〇ドキュメントをSTLとして保存する際のパラメータオブジェクトの作成
 返り値:STLパラメータオブジェクト
 CreateSTLOption()
2025-10-12 14:36:21,310 - api_entries_etl - DEBUG - [Relation #74] Created CITED_FROM: api_entry::CreateSTLOption -> source::CreateSTLOption::inline
2025-10-12 14:36:21,310 - api_entries_etl - DEBUG - Processing API entry #10: STLパラメータオブジェクト
2025-10-12 14:36:21,310 - api_entries_etl - DEBUG - [Node #70] Created APIEntry: api_entry::STLパラメータオブジェクト
2025-10-12 14:36:21,310 - api_entries_etl - DEBUG -   name: STLパラメータオブジェクト
2025-10-12 14:36:21,310 - api_entries_etl - DEBUG -   category: STLパラメータオブジェクト
2025-10-12 14:36:21,311 - api_entries_etl - DEBUG -   entry_type: object
2025-10-12 14:36:21,311 - api_entries_etl - DEBUG -   description: STLファイル出力時の設定パラメータを格納するオブジェクト
2025-10-12 14:36:21,311 - api_entries_etl - DEBUG -   text: STLファイル出力時の設定パラメータを格納するオブジェクト

〇STLパラメータオブジェクト
2025-10-12 14:36:21,312 - api_entries_etl - DEBUG -   raw_json: {"category":"STLパラメータオブジェクト","entry_type":"object","name":"STLパラメータオブジェクト","description":"STLファイル出力時の設定パラメータを格納するオブジェ...
2025-10-12 14:36:21,312 - api_entries_etl - DEBUG -   position: 9
2025-10-12 14:36:21,312 - api_entries_etl - DEBUG - [Relation #75] Created HAS_ENTRY: api_entries::collection -> api_entry::STLパラメータオブジェクト
2025-10-12 14:36:21,312 - api_entries_etl - DEBUG - [Node #71] Created Category: category::STLパラメータオブジェクト
2025-10-12 14:36:21,313 - api_entries_etl - DEBUG -   name: STLパラメータオブジェクト
2025-10-12 14:36:21,313 - api_entries_etl - DEBUG - [Relation #76] Created IN_CATEGORY: api_entry::STLパラメータオブジェクト -> category::STLパラメータオブジェクト
2025-10-12 14:36:21,313 - api_entries_etl - DEBUG - [Node #72] Created EntryType: entry_type::object
2025-10-12 14:36:21,313 - api_entries_etl - DEBUG -   name: object
2025-10-12 14:36:21,314 - api_entries_etl - DEBUG - [Relation #77] Created HAS_ENTRY_TYPE: api_entry::STLパラメータオブジェクト -> entry_type::object
2025-10-12 14:36:21,314 - api_entries_etl - DEBUG - [Node #73] Created Property: property::STLパラメータオブジェクト::ChordalTolerance
2025-10-12 14:36:21,314 - api_entries_etl - DEBUG -   name: ChordalTolerance
2025-10-12 14:36:21,315 - api_entries_etl - DEBUG -   property_type: 浮動小数点
2025-10-12 14:36:21,315 - api_entries_etl - DEBUG -   unit: mm
2025-10-12 14:36:21,315 - api_entries_etl - DEBUG -   description: メッシュ近似する際の弦の幅の許容トレランスを指定
2025-10-12 14:36:21,315 - api_entries_etl - DEBUG -   raw_json: {"name":"ChordalTolerance","type":"浮動小数点","unit":"mm","description":"メッシュ近似する際の弦の幅の許容トレランスを指定","source":{"text":"Chor...
2025-10-12 14:36:21,316 - api_entries_etl - DEBUG -   position: 0
2025-10-12 14:36:21,316 - api_entries_etl - DEBUG - [Relation #78] Created HAS_PROPERTY: api_entry::STLパラメータオブジェクト -> property::STLパラメータオブジェクト::ChordalTolerance
2025-10-12 14:36:21,316 - api_entries_etl - DEBUG - [Node #74] Created Source: source::STLパラメータオブジェクト::property::ChordalTolerance
2025-10-12 14:36:21,316 - api_entries_etl - DEBUG -   text: ChordalTolerance　// 浮動小数点:メッシュ近似する際の弦の幅の許容トレランスを指定 (mm)
2025-10-12 14:36:21,317 - api_entries_etl - DEBUG - [Relation #79] Created CITED_FROM: property::STLパラメータオブジェクト::ChordalTolerance -> source::STLパラメータオブジェクト::property::ChordalTolerance
2025-10-12 14:36:21,317 - api_entries_etl - DEBUG - [Node #75] Created Property: property::STLパラメータオブジェクト::NormalTolerance
2025-10-12 14:36:21,317 - api_entries_etl - DEBUG -   name: NormalTolerance
2025-10-12 14:36:21,318 - api_entries_etl - DEBUG -   property_type: 浮動小数点
2025-10-12 14:36:21,318 - api_entries_etl - DEBUG -   unit: Degree
2025-10-12 14:36:21,318 - api_entries_etl - DEBUG -   description: メッシュ近似した場合のポリゴンの面と局面との法線方向のずれ角度の許容値
2025-10-12 14:36:21,318 - api_entries_etl - DEBUG -   raw_json: {"name":"NormalTolerance","type":"浮動小数点","unit":"Degree","description":"メッシュ近似した場合のポリゴンの面と局面との法線方向のずれ角度の許容値","source"...
2025-10-12 14:36:21,318 - api_entries_etl - DEBUG -   position: 1
2025-10-12 14:36:21,318 - api_entries_etl - DEBUG - [Relation #80] Created HAS_PROPERTY: api_entry::STLパラメータオブジェクト -> property::STLパラメータオブジェクト::NormalTolerance
2025-10-12 14:36:21,318 - api_entries_etl - DEBUG - [Node #76] Created Source: source::STLパラメータオブジェクト::property::NormalTolerance
2025-10-12 14:36:21,318 - api_entries_etl - DEBUG -   text: NormalTolerance　// 浮動小数点:メッシュ近似した場合のポリゴンの面と局面との法線方向のずれ角度の許容値（Degree)
2025-10-12 14:36:21,318 - api_entries_etl - DEBUG - [Relation #81] Created CITED_FROM: property::STLパラメータオブジェクト::NormalTolerance -> source::STLパラメータオブジェクト::property::NormalTolerance
2025-10-12 14:36:21,318 - api_entries_etl - DEBUG - [Node #77] Created Property: property::STLパラメータオブジェクト::SigDigits
2025-10-12 14:36:21,318 - api_entries_etl - DEBUG -   name: SigDigits
2025-10-12 14:36:21,318 - api_entries_etl - DEBUG -   property_type: 整数
2025-10-12 14:36:21,318 - api_entries_etl - DEBUG -   description: 頂点座標値の有効桁数
2025-10-12 14:36:21,318 - api_entries_etl - DEBUG -   raw_json: {"name":"SigDigits","type":"整数","description":"頂点座標値の有効桁数","source":{"text":"SigDigits　// 整数:頂点座標値の有効桁数"}}
2025-10-12 14:36:21,318 - api_entries_etl - DEBUG -   position: 2
2025-10-12 14:36:21,318 - api_entries_etl - DEBUG - [Relation #82] Created HAS_PROPERTY: api_entry::STLパラメータオブジェクト -> property::STLパラメータオブジェクト::SigDigits
2025-10-12 14:36:21,318 - api_entries_etl - DEBUG - [Node #78] Created Source: source::STLパラメータオブジェクト::property::SigDigits
2025-10-12 14:36:21,318 - api_entries_etl - DEBUG -   text: SigDigits　// 整数:頂点座標値の有効桁数
2025-10-12 14:36:21,318 - api_entries_etl - DEBUG - [Relation #83] Created CITED_FROM: property::STLパラメータオブジェクト::SigDigits -> source::STLパラメータオブジェクト::property::SigDigits
2025-10-12 14:36:21,318 - api_entries_etl - DEBUG - [Node #79] Created Property: property::STLパラメータオブジェクト::MinMeshLength
2025-10-12 14:36:21,318 - api_entries_etl - DEBUG -   name: MinMeshLength
2025-10-12 14:36:21,318 - api_entries_etl - DEBUG -   property_type: 浮動小数点
2025-10-12 14:36:21,318 - api_entries_etl - DEBUG -   unit: mm
2025-10-12 14:36:21,318 - api_entries_etl - DEBUG -   default_value: 0.0
2025-10-12 14:36:21,318 - api_entries_etl - DEBUG -   default_json: "0.0"
2025-10-12 14:36:21,318 - api_entries_etl - DEBUG -   description: メッシュの辺の最小サイズを指定する場合は指定
2025-10-12 14:36:21,318 - api_entries_etl - DEBUG -   raw_json: {"name":"MinMeshLength","type":"浮動小数点","unit":"mm","default":"0.0","description":"メッシュの辺の最小サイズを指定する場合は指定","source":{"...
2025-10-12 14:36:21,318 - api_entries_etl - DEBUG -   position: 3
2025-10-12 14:36:21,318 - api_entries_etl - DEBUG - [Relation #84] Created HAS_PROPERTY: api_entry::STLパラメータオブジェクト -> property::STLパラメータオブジェクト::MinMeshLength
2025-10-12 14:36:21,318 - api_entries_etl - DEBUG - [Node #80] Created Source: source::STLパラメータオブジェクト::property::MinMeshLength
2025-10-12 14:36:21,318 - api_entries_etl - DEBUG -   text: MinMeshLength　// 浮動小数点:メッシュの辺の最小サイズを指定する場合は指定(mm)（指定しない場合は０）
2025-10-12 14:36:21,318 - api_entries_etl - DEBUG - [Relation #85] Created CITED_FROM: property::STLパラメータオブジェクト::MinMeshLength -> source::STLパラメータオブジェクト::property::MinMeshLength
2025-10-12 14:36:21,318 - api_entries_etl - DEBUG - [Node #81] Created Property: property::STLパラメータオブジェクト::MaxMeshLength
2025-10-12 14:36:21,318 - api_entries_etl - DEBUG -   name: MaxMeshLength
2025-10-12 14:36:21,318 - api_entries_etl - DEBUG -   property_type: 浮動小数点
2025-10-12 14:36:21,318 - api_entries_etl - DEBUG -   unit: mm
2025-10-12 14:36:21,318 - api_entries_etl - DEBUG -   default_value: 0.0
2025-10-12 14:36:21,318 - api_entries_etl - DEBUG -   default_json: "0.0"
2025-10-12 14:36:21,318 - api_entries_etl - DEBUG -   description: メッシュの辺の最大サイズを指定する場合は指定
2025-10-12 14:36:21,318 - api_entries_etl - DEBUG -   raw_json: {"name":"MaxMeshLength","type":"浮動小数点","unit":"mm","default":"0.0","description":"メッシュの辺の最大サイズを指定する場合は指定","source":{"...
2025-10-12 14:36:21,318 - api_entries_etl - DEBUG -   position: 4
2025-10-12 14:36:21,318 - api_entries_etl - DEBUG - [Relation #86] Created HAS_PROPERTY: api_entry::STLパラメータオブジェクト -> property::STLパラメータオブジェクト::MaxMeshLength
2025-10-12 14:36:21,318 - api_entries_etl - DEBUG - [Node #82] Created Source: source::STLパラメータオブジェクト::property::MaxMeshLength
2025-10-12 14:36:21,318 - api_entries_etl - DEBUG -   text: MaxMeshLength　// 浮動小数点:メッシュの辺の最大サイズを指定する場合は指定(mm)（指定しない場合は０）
2025-10-12 14:36:21,318 - api_entries_etl - DEBUG - [Relation #87] Created CITED_FROM: property::STLパラメータオブジェクト::MaxMeshLength -> source::STLパラメータオブジェクト::property::MaxMeshLength
2025-10-12 14:36:21,318 - api_entries_etl - DEBUG - [Node #83] Created Property: property::STLパラメータオブジェクト::Elements
2025-10-12 14:36:21,318 - api_entries_etl - DEBUG -   name: Elements
2025-10-12 14:36:21,318 - api_entries_etl - DEBUG -   property_type: 要素(配列)
2025-10-12 14:36:21,324 - api_entries_etl - DEBUG -   default_value: 表示されている全ての要素を出力
2025-10-12 14:36:21,324 - api_entries_etl - DEBUG -   default_json: "表示されている全ての要素を出力"
2025-10-12 14:36:21,324 - api_entries_etl - DEBUG -   description: STL出力する要素を指定
2025-10-12 14:36:21,324 - api_entries_etl - DEBUG -   raw_json: {"name":"Elements","type":"要素(配列)","default":"表示されている全ての要素を出力","description":"STL出力する要素を指定","source":{"text":"Element...
2025-10-12 14:36:21,324 - api_entries_etl - DEBUG -   position: 5
2025-10-12 14:36:21,324 - api_entries_etl - DEBUG - [Relation #88] Created HAS_PROPERTY: api_entry::STLパラメータオブジェクト -> property::STLパラメータオブジェクト::Elements
2025-10-12 14:36:21,324 - api_entries_etl - DEBUG - [Node #84] Created Source: source::STLパラメータオブジェクト::property::Elements
2025-10-12 14:36:21,324 - api_entries_etl - DEBUG -   text: Elements　 // 要素(配列)：STL出力する要素を指定（指定しない場合は表示されている全ての要素を出力します）
2025-10-12 14:36:21,324 - api_entries_etl - DEBUG - [Relation #89] Created CITED_FROM: property::STLパラメータオブジェクト::Elements -> source::STLパラメータオブジェクト::property::Elements
2025-10-12 14:36:21,324 - api_entries_etl - DEBUG - [Node #85] Created Source: source::STLパラメータオブジェクト::inline
2025-10-12 14:36:21,324 - api_entries_etl - DEBUG -   text: 〇STLパラメータオブジェクト
2025-10-12 14:36:21,324 - api_entries_etl - DEBUG - [Relation #90] Created CITED_FROM: api_entry::STLパラメータオブジェクト -> source::STLパラメータオブジェクト::inline
2025-10-12 14:36:21,324 - api_entries_etl - DEBUG - GraphBuilder.build_graph_elements完了: ノード70件, リレーション90件
2025-10-12 14:36:21,324 - api_entries_etl - DEBUG - デバッグ統計: ノード作成数=85, リレーション作成数=90
2025-10-12 14:36:21,324 - api_entries_etl - INFO - 生成ノード: 70, リレーション: 90
2025-10-12 14:36:22,063 - api_entries_etl - WARNING - --wipe により過去のノード/リレーションを削除します
2025-10-12 14:36:24,227 - api_entries_etl - INFO - Neo4j へ投入完了: ノード 70, リレーション 90
2025-10-12 14:36:24,227 - api_entries_etl - INFO - 完了
2025-10-12 14:42:10,038 - api_entries_etl - DEBUG - ログ設定完了 - ファイル: C:\Users\user\workfolders\imabari3dcad\structured_api\api_entries_demo_etl.log, コンソール: INFO以上, ファイル: DEBUG以上
2025-10-12 14:42:10,044 - api_entries_etl - INFO - ログファイルに保存中: C:\Users\user\workfolders\imabari3dcad\structured_api\api_entries_demo_etl.log
2025-10-12 14:42:10,050 - api_entries_etl - DEBUG - main関数開始
2025-10-12 14:42:10,050 - api_entries_etl - INFO - JSON を読み込み: C:\Users\user\workfolders\imabari3dcad\structured_api\data\api_entries_demo.json
2025-10-12 14:42:10,050 - api_entries_etl - DEBUG - APIエントリJSONファイルを読み込み開始: C:\Users\user\workfolders\imabari3dcad\structured_api\data\api_entries_demo.json
2025-10-12 14:42:10,065 - api_entries_etl - DEBUG - APIエントリ読み込み完了: 81件
2025-10-12 14:42:10,066 - api_entries_etl - INFO - エントリ件数: 81
2025-10-12 14:42:10,067 - api_entries_etl - DEBUG - GraphBuilder.build_graph_elements開始: 81件のエントリ
2025-10-12 14:42:10,067 - api_entries_etl - DEBUG - [Node #1] Created ApiEntryCollection: api_entries::collection
2025-10-12 14:42:10,067 - api_entries_etl - DEBUG -   name: api_entries
2025-10-12 14:42:10,067 - api_entries_etl - DEBUG - Processing API entry #1: Quit
2025-10-12 14:42:10,067 - api_entries_etl - DEBUG - [Node #2] Created APIEntry: api_entry::Quit
2025-10-12 14:42:10,067 - api_entries_etl - DEBUG -   name: Quit
2025-10-12 14:42:10,067 - api_entries_etl - DEBUG -   category: Applicationオブジェクト
2025-10-12 14:42:10,067 - api_entries_etl - DEBUG -   entry_type: function
2025-10-12 14:42:10,067 - api_entries_etl - DEBUG -   description: EvoShipを終了する
2025-10-12 14:42:10,067 - api_entries_etl - DEBUG -   pseudo_code: Quit()
2025-10-12 14:42:10,067 - api_entries_etl - DEBUG -   text: EvoShipを終了する

〇EvoShipを終了する
 返り値:なし
  Quit()
2025-10-12 14:42:10,067 - api_entries_etl - DEBUG -   raw_json: {"category":"Applicationオブジェクト","entry_type":"function","name":"Quit","description":"EvoShipを終了する","pseudo_code":"Qui...
2025-10-12 14:42:10,067 - api_entries_etl - DEBUG -   position: 0
2025-10-12 14:42:10,067 - api_entries_etl - DEBUG - [Relation #1] Created HAS_ENTRY: api_entries::collection -> api_entry::Quit
2025-10-12 14:42:10,073 - api_entries_etl - DEBUG - [Node #3] Created Category: category::Applicationオブジェクト
2025-10-12 14:42:10,073 - api_entries_etl - DEBUG -   name: Applicationオブジェクト
2025-10-12 14:42:10,073 - api_entries_etl - DEBUG - [Relation #2] Created IN_CATEGORY: api_entry::Quit -> category::Applicationオブジェクト
2025-10-12 14:42:10,073 - api_entries_etl - DEBUG - [Node #4] Created EntryType: entry_type::function
2025-10-12 14:42:10,075 - api_entries_etl - DEBUG -   name: function
2025-10-12 14:42:10,075 - api_entries_etl - DEBUG - [Relation #3] Created HAS_ENTRY_TYPE: api_entry::Quit -> entry_type::function
2025-10-12 14:42:10,075 - api_entries_etl - DEBUG - [Node #5] Created ReturnValue: return::Quit
2025-10-12 14:42:10,075 - api_entries_etl - DEBUG -   return_type: void
2025-10-12 14:42:10,075 - api_entries_etl - DEBUG -   description: なし
2025-10-12 14:42:10,075 - api_entries_etl - DEBUG -   raw_json: {"type":"void","description":"なし"}
2025-10-12 14:42:10,075 - api_entries_etl - DEBUG - [Relation #4] Created HAS_RETURN: api_entry::Quit -> return::Quit
2025-10-12 14:42:10,075 - api_entries_etl - DEBUG - [Node #6] Created PseudoCode: pseudo_code::Quit
2025-10-12 14:42:10,075 - api_entries_etl - DEBUG -   code: Quit()
2025-10-12 14:42:10,080 - api_entries_etl - DEBUG -   callee: Quit
2025-10-12 14:42:10,080 - api_entries_etl - DEBUG -   argument_count: 0
2025-10-12 14:42:10,080 - api_entries_etl - DEBUG - [Relation #5] Created HAS_PSEUDO_CODE: api_entry::Quit -> pseudo_code::Quit
2025-10-12 14:42:10,081 - api_entries_etl - DEBUG - [Node #7] Created Source: source::Quit::inline
2025-10-12 14:42:10,081 - api_entries_etl - DEBUG -   text: 〇EvoShipを終了する
 返り値:なし
  Quit()
2025-10-12 14:42:10,081 - api_entries_etl - DEBUG - [Relation #6] Created CITED_FROM: api_entry::Quit -> source::Quit::inline
2025-10-12 14:42:10,081 - api_entries_etl - DEBUG - Processing API entry #2: ShowMainWindow
2025-10-12 14:42:10,081 - api_entries_etl - DEBUG - [Node #8] Created APIEntry: api_entry::ShowMainWindow
2025-10-12 14:42:10,081 - api_entries_etl - DEBUG -   name: ShowMainWindow
2025-10-12 14:42:10,081 - api_entries_etl - DEBUG -   category: Applicationオブジェクト
2025-10-12 14:42:10,081 - api_entries_etl - DEBUG -   entry_type: function
2025-10-12 14:42:10,081 - api_entries_etl - DEBUG -   description: EvoShipのメインウィンドウを表示
2025-10-12 14:42:10,084 - api_entries_etl - DEBUG -   pseudo_code: ShowMainWindow(bShow)
2025-10-12 14:42:10,084 - api_entries_etl - DEBUG -   text: EvoShipのメインウィンドウを表示

〇EvoShipのメインウィンドウを表示する
 返り値:なし
  ShowMainWindow(
   bShow ) // bool: 表示する時はTrue
2025-10-12 14:42:10,085 - api_entries_etl - DEBUG -   raw_json: {"category":"Applicationオブジェクト","entry_type":"function","name":"ShowMainWindow","description":"EvoShipのメインウィンドウを表示","...
2025-10-12 14:42:10,085 - api_entries_etl - DEBUG -   position: 1
2025-10-12 14:42:10,085 - api_entries_etl - DEBUG - [Relation #7] Created HAS_ENTRY: api_entries::collection -> api_entry::ShowMainWindow
2025-10-12 14:42:10,087 - api_entries_etl - DEBUG - [Node #9] Created Category: category::Applicationオブジェクト
2025-10-12 14:42:10,087 - api_entries_etl - DEBUG -   name: Applicationオブジェクト
2025-10-12 14:42:10,088 - api_entries_etl - DEBUG - [Relation #8] Created IN_CATEGORY: api_entry::ShowMainWindow -> category::Applicationオブジェクト
2025-10-12 14:42:10,109 - api_entries_etl - DEBUG - [Node #10] Created EntryType: entry_type::function
2025-10-12 14:42:10,110 - api_entries_etl - DEBUG -   name: function
2025-10-12 14:42:10,111 - api_entries_etl - DEBUG - [Relation #9] Created HAS_ENTRY_TYPE: api_entry::ShowMainWindow -> entry_type::function
2025-10-12 14:42:10,111 - api_entries_etl - DEBUG - [Node #11] Created Parameter: param::ShowMainWindow::bShow
2025-10-12 14:42:10,111 - api_entries_etl - DEBUG -   name: bShow
2025-10-12 14:42:10,112 - api_entries_etl - DEBUG -   param_type: bool
2025-10-12 14:42:10,112 - api_entries_etl - DEBUG -   position: 0
2025-10-12 14:42:10,112 - api_entries_etl - DEBUG -   description: 表示の有効/無効を切り替えるフラグ
2025-10-12 14:42:10,114 - api_entries_etl - DEBUG -   raw_json: {"name":"bShow","type":"bool","position":0,"description":"表示の有効/無効を切り替えるフラグ","case":{"true":"表示を有効にする場合は True を設定","f...
2025-10-12 14:42:10,114 - api_entries_etl - DEBUG - [Relation #10] Created HAS_PARAMETER: api_entry::ShowMainWindow -> param::ShowMainWindow::bShow
2025-10-12 14:42:10,115 - api_entries_etl - DEBUG - [Node #12] Created ParameterCase: param::ShowMainWindow::bShow::case::true
2025-10-12 14:42:10,116 - api_entries_etl - DEBUG -   name: true
2025-10-12 14:42:10,116 - api_entries_etl - DEBUG -   description: 表示を有効にする場合は True を設定
2025-10-12 14:42:10,116 - api_entries_etl - DEBUG - [Relation #11] Created HAS_CASE_OPTION: param::ShowMainWindow::bShow -> param::ShowMainWindow::bShow::case::true
2025-10-12 14:42:10,117 - api_entries_etl - DEBUG - [Node #13] Created ParameterCase: param::ShowMainWindow::bShow::case::false
2025-10-12 14:42:10,118 - api_entries_etl - DEBUG -   name: false
2025-10-12 14:42:10,118 - api_entries_etl - DEBUG -   description: 表示を無効にする場合は False を設定
2025-10-12 14:42:10,118 - api_entries_etl - DEBUG - [Relation #12] Created HAS_CASE_OPTION: param::ShowMainWindow::bShow -> param::ShowMainWindow::bShow::case::false
2025-10-12 14:42:10,121 - api_entries_etl - DEBUG - [Node #14] Created ReturnValue: return::ShowMainWindow
2025-10-12 14:42:10,123 - api_entries_etl - DEBUG -   return_type: void
2025-10-12 14:42:10,123 - api_entries_etl - DEBUG -   description: なし
2025-10-12 14:42:10,123 - api_entries_etl - DEBUG -   raw_json: {"type":"void","description":"なし"}
2025-10-12 14:42:10,123 - api_entries_etl - DEBUG - [Relation #13] Created HAS_RETURN: api_entry::ShowMainWindow -> return::ShowMainWindow
2025-10-12 14:42:10,125 - api_entries_etl - DEBUG - [Node #15] Created PseudoCode: pseudo_code::ShowMainWindow
2025-10-12 14:42:10,128 - api_entries_etl - DEBUG -   code: ShowMainWindow(bShow)
2025-10-12 14:42:10,128 - api_entries_etl - DEBUG -   callee: ShowMainWindow
2025-10-12 14:42:10,130 - api_entries_etl - DEBUG -   argument_count: 1
2025-10-12 14:42:10,130 - api_entries_etl - DEBUG -   arguments_json: ["bShow"]
2025-10-12 14:42:10,130 - api_entries_etl - DEBUG - [Relation #14] Created HAS_PSEUDO_CODE: api_entry::ShowMainWindow -> pseudo_code::ShowMainWindow
2025-10-12 14:42:10,130 - api_entries_etl - DEBUG - [Node #16] Created PseudoCodeArgument: pseudo_code::ShowMainWindow::arg::0
2025-10-12 14:42:10,132 - api_entries_etl - DEBUG -   text: bShow
2025-10-12 14:42:10,132 - api_entries_etl - DEBUG -   position: 0
2025-10-12 14:42:10,134 - api_entries_etl - DEBUG -   normalized_text: bshow
2025-10-12 14:42:10,135 - api_entries_etl - DEBUG - [Relation #15] Created HAS_ARGUMENT: pseudo_code::ShowMainWindow -> pseudo_code::ShowMainWindow::arg::0
2025-10-12 14:42:10,135 - api_entries_etl - DEBUG - [Relation #16] Created ARGUMENT_MATCHES_PARAMETER: pseudo_code::ShowMainWindow::arg::0 -> param::ShowMainWindow::bShow
2025-10-12 14:42:10,135 - api_entries_etl - DEBUG - [Node #17] Created Source: source::ShowMainWindow::inline
2025-10-12 14:42:10,136 - api_entries_etl - DEBUG -   text: 〇EvoShipのメインウィンドウを表示する
 返り値:なし
  ShowMainWindow(
   bShow ) // bool: 表示する時はTrue
2025-10-12 14:42:10,136 - api_entries_etl - DEBUG - [Relation #17] Created CITED_FROM: api_entry::ShowMainWindow -> source::ShowMainWindow::inline
2025-10-12 14:42:10,136 - api_entries_etl - DEBUG - Processing API entry #3: LoadPart
2025-10-12 14:42:10,136 - api_entries_etl - DEBUG - [Node #18] Created APIEntry: api_entry::LoadPart
2025-10-12 14:42:10,136 - api_entries_etl - DEBUG -   name: LoadPart
2025-10-12 14:42:10,136 - api_entries_etl - DEBUG -   category: Applicationオブジェクト
2025-10-12 14:42:10,136 - api_entries_etl - DEBUG -   entry_type: function
2025-10-12 14:42:10,136 - api_entries_etl - DEBUG -   description: Partオブジェクトを読み込む
2025-10-12 14:42:10,136 - api_entries_etl - DEBUG -   pseudo_code: LoadPart(FileName, bForceEvaluation)
2025-10-12 14:42:10,136 - api_entries_etl - DEBUG -   text: Partオブジェクトを読み込む

〇Partオブジェクトを読み込む
 返り値:Partオブジェクト
  LoadPart(
   FileName, // 文字列：保存されているドキュメントのファイルパス名
   bForceEval...
2025-10-12 14:42:10,136 - api_entries_etl - DEBUG -   raw_json: {"category":"Applicationオブジェクト","entry_type":"function","name":"LoadPart","description":"Partオブジェクトを読み込む","pseudo_cod...
2025-10-12 14:42:10,141 - api_entries_etl - DEBUG -   position: 2
2025-10-12 14:42:10,141 - api_entries_etl - DEBUG - [Relation #18] Created HAS_ENTRY: api_entries::collection -> api_entry::LoadPart
2025-10-12 14:42:10,143 - api_entries_etl - DEBUG - [Node #19] Created Category: category::Applicationオブジェクト
2025-10-12 14:42:10,143 - api_entries_etl - DEBUG -   name: Applicationオブジェクト
2025-10-12 14:42:10,143 - api_entries_etl - DEBUG - [Relation #19] Created IN_CATEGORY: api_entry::LoadPart -> category::Applicationオブジェクト
2025-10-12 14:42:10,144 - api_entries_etl - DEBUG - [Node #20] Created EntryType: entry_type::function
2025-10-12 14:42:10,144 - api_entries_etl - DEBUG -   name: function
2025-10-12 14:42:10,146 - api_entries_etl - DEBUG - [Relation #20] Created HAS_ENTRY_TYPE: api_entry::LoadPart -> entry_type::function
2025-10-12 14:42:10,146 - api_entries_etl - DEBUG - [Node #21] Created Parameter: param::LoadPart::FileName
2025-10-12 14:42:10,147 - api_entries_etl - DEBUG -   name: FileName
2025-10-12 14:42:10,148 - api_entries_etl - DEBUG -   param_type: 文字列
2025-10-12 14:42:10,149 - api_entries_etl - DEBUG -   position: 0
2025-10-12 14:42:10,150 - api_entries_etl - DEBUG -   description: 保存されているドキュメントのファイルパス名
2025-10-12 14:42:10,150 - api_entries_etl - DEBUG -   raw_json: {"name":"FileName","type":"文字列","position":0,"description":"保存されているドキュメントのファイルパス名"}
2025-10-12 14:42:10,150 - api_entries_etl - DEBUG - [Relation #21] Created HAS_PARAMETER: api_entry::LoadPart -> param::LoadPart::FileName
2025-10-12 14:42:10,153 - api_entries_etl - DEBUG - [Node #22] Created Parameter: param::LoadPart::bForceEvaluation
2025-10-12 14:42:10,154 - api_entries_etl - DEBUG -   name: bForceEvaluation
2025-10-12 14:42:10,154 - api_entries_etl - DEBUG -   param_type: bool
2025-10-12 14:42:10,154 - api_entries_etl - DEBUG -   position: 1
2025-10-12 14:42:10,154 - api_entries_etl - DEBUG -   description: 強制的に全要素を再計算して開くかどうかのフラグ
2025-10-12 14:42:10,156 - api_entries_etl - DEBUG -   raw_json: {"name":"bForceEvaluation","type":"bool","position":1,"description":"強制的に全要素を再計算して開くかどうかのフラグ","case":{"true":"強制的に全要素...
2025-10-12 14:42:10,157 - api_entries_etl - DEBUG - [Relation #22] Created HAS_PARAMETER: api_entry::LoadPart -> param::LoadPart::bForceEvaluation
2025-10-12 14:42:10,159 - api_entries_etl - DEBUG - [Node #23] Created ParameterCase: param::LoadPart::bForceEvaluation::case::true
2025-10-12 14:42:10,159 - api_entries_etl - DEBUG -   name: true
2025-10-12 14:42:10,160 - api_entries_etl - DEBUG -   description: 強制的に全要素を再計算して開くときはTrue
2025-10-12 14:42:10,160 - api_entries_etl - DEBUG - [Relation #23] Created HAS_CASE_OPTION: param::LoadPart::bForceEvaluation -> param::LoadPart::bForceEvaluation::case::true
2025-10-12 14:42:10,160 - api_entries_etl - DEBUG - [Node #24] Created ParameterCase: param::LoadPart::bForceEvaluation::case::false
2025-10-12 14:42:10,160 - api_entries_etl - DEBUG -   name: false
2025-10-12 14:42:10,161 - api_entries_etl - DEBUG -   description: 通常はFalse
2025-10-12 14:42:10,162 - api_entries_etl - DEBUG - [Relation #24] Created HAS_CASE_OPTION: param::LoadPart::bForceEvaluation -> param::LoadPart::bForceEvaluation::case::false
2025-10-12 14:42:10,163 - api_entries_etl - DEBUG - [Node #25] Created ReturnValue: return::LoadPart
2025-10-12 14:42:10,163 - api_entries_etl - DEBUG -   return_type: 不明
2025-10-12 14:42:10,163 - api_entries_etl - DEBUG -   description: Partオブジェクト
2025-10-12 14:42:10,164 - api_entries_etl - DEBUG -   raw_json: {"type":"不明","description":"Partオブジェクト"}
2025-10-12 14:42:10,164 - api_entries_etl - DEBUG - [Relation #25] Created HAS_RETURN: api_entry::LoadPart -> return::LoadPart
2025-10-12 14:42:10,166 - api_entries_etl - DEBUG - [Node #26] Created PseudoCode: pseudo_code::LoadPart
2025-10-12 14:42:10,167 - api_entries_etl - DEBUG -   code: LoadPart(FileName, bForceEvaluation)
2025-10-12 14:42:10,167 - api_entries_etl - DEBUG -   callee: LoadPart
2025-10-12 14:42:10,167 - api_entries_etl - DEBUG -   argument_count: 2
2025-10-12 14:42:10,167 - api_entries_etl - DEBUG -   arguments_json: ["FileName","bForceEvaluation"]
2025-10-12 14:42:10,170 - api_entries_etl - DEBUG - [Relation #26] Created HAS_PSEUDO_CODE: api_entry::LoadPart -> pseudo_code::LoadPart
2025-10-12 14:42:10,170 - api_entries_etl - DEBUG - [Node #27] Created PseudoCodeArgument: pseudo_code::LoadPart::arg::0
2025-10-12 14:42:10,170 - api_entries_etl - DEBUG -   text: FileName
2025-10-12 14:42:10,171 - api_entries_etl - DEBUG -   position: 0
2025-10-12 14:42:10,171 - api_entries_etl - DEBUG -   normalized_text: filename
2025-10-12 14:42:10,171 - api_entries_etl - DEBUG - [Relation #27] Created HAS_ARGUMENT: pseudo_code::LoadPart -> pseudo_code::LoadPart::arg::0
2025-10-12 14:42:10,172 - api_entries_etl - DEBUG - [Relation #28] Created ARGUMENT_MATCHES_PARAMETER: pseudo_code::LoadPart::arg::0 -> param::LoadPart::FileName
2025-10-12 14:42:10,172 - api_entries_etl - DEBUG - [Node #28] Created PseudoCodeArgument: pseudo_code::LoadPart::arg::1
2025-10-12 14:42:10,172 - api_entries_etl - DEBUG -   text: bForceEvaluation
2025-10-12 14:42:10,172 - api_entries_etl - DEBUG -   position: 1
2025-10-12 14:42:10,175 - api_entries_etl - DEBUG -   normalized_text: bforceevaluation
2025-10-12 14:42:10,175 - api_entries_etl - DEBUG - [Relation #29] Created HAS_ARGUMENT: pseudo_code::LoadPart -> pseudo_code::LoadPart::arg::1
2025-10-12 14:42:10,175 - api_entries_etl - DEBUG - [Relation #30] Created ARGUMENT_MATCHES_PARAMETER: pseudo_code::LoadPart::arg::1 -> param::LoadPart::bForceEvaluation
2025-10-12 14:42:10,175 - api_entries_etl - DEBUG - [Node #29] Created Source: source::LoadPart::inline
2025-10-12 14:42:10,177 - api_entries_etl - DEBUG -   text: 〇Partオブジェクトを読み込む
 返り値:Partオブジェクト
  LoadPart(
   FileName, // 文字列：保存されているドキュメントのファイルパス名
   bForceEvaluation ) // bool:...
2025-10-12 14:42:10,177 - api_entries_etl - DEBUG - [Relation #31] Created CITED_FROM: api_entry::LoadPart -> source::LoadPart::inline
2025-10-12 14:42:10,177 - api_entries_etl - DEBUG - Processing API entry #4: OpenDocument
2025-10-12 14:42:10,179 - api_entries_etl - DEBUG - [Node #30] Created APIEntry: api_entry::OpenDocument
2025-10-12 14:42:10,179 - api_entries_etl - DEBUG -   name: OpenDocument
2025-10-12 14:42:10,180 - api_entries_etl - DEBUG -   category: Applicationオブジェクト
2025-10-12 14:42:10,180 - api_entries_etl - DEBUG -   entry_type: function
2025-10-12 14:42:10,180 - api_entries_etl - DEBUG -   description: Documentを開く
2025-10-12 14:42:10,180 - api_entries_etl - DEBUG -   pseudo_code: OpenDocument(FileName, bForceEvaluation)
2025-10-12 14:42:10,180 - api_entries_etl - DEBUG -   text: Documentを開く

〇Documentを開く
 返り値:Documentオブジェクト
  OpenDocument(
   FileName, // 文字列：保存されているドキュメントのファイルパス名
   bForceEval...
2025-10-12 14:42:10,182 - api_entries_etl - DEBUG -   raw_json: {"category":"Applicationオブジェクト","entry_type":"function","name":"OpenDocument","description":"Documentを開く","pseudo_cod...
2025-10-12 14:42:10,182 - api_entries_etl - DEBUG -   position: 3
2025-10-12 14:42:10,184 - api_entries_etl - DEBUG - [Relation #32] Created HAS_ENTRY: api_entries::collection -> api_entry::OpenDocument
2025-10-12 14:42:10,185 - api_entries_etl - DEBUG - [Node #31] Created Category: category::Applicationオブジェクト
2025-10-12 14:42:10,185 - api_entries_etl - DEBUG -   name: Applicationオブジェクト
2025-10-12 14:42:10,185 - api_entries_etl - DEBUG - [Relation #33] Created IN_CATEGORY: api_entry::OpenDocument -> category::Applicationオブジェクト
2025-10-12 14:42:10,186 - api_entries_etl - DEBUG - [Node #32] Created EntryType: entry_type::function
2025-10-12 14:42:10,187 - api_entries_etl - DEBUG -   name: function
2025-10-12 14:42:10,187 - api_entries_etl - DEBUG - [Relation #34] Created HAS_ENTRY_TYPE: api_entry::OpenDocument -> entry_type::function
2025-10-12 14:42:10,188 - api_entries_etl - DEBUG - [Node #33] Created Parameter: param::OpenDocument::FileName
2025-10-12 14:42:10,188 - api_entries_etl - DEBUG -   name: FileName
2025-10-12 14:42:10,189 - api_entries_etl - DEBUG -   param_type: 文字列
2025-10-12 14:42:10,189 - api_entries_etl - DEBUG -   position: 0
2025-10-12 14:42:10,190 - api_entries_etl - DEBUG -   description: 保存されているドキュメントのファイルパス名
2025-10-12 14:42:10,190 - api_entries_etl - DEBUG -   raw_json: {"name":"FileName","type":"文字列","description":"保存されているドキュメントのファイルパス名","position":0}
2025-10-12 14:42:10,191 - api_entries_etl - DEBUG - [Relation #35] Created HAS_PARAMETER: api_entry::OpenDocument -> param::OpenDocument::FileName
2025-10-12 14:42:10,191 - api_entries_etl - DEBUG - [Node #34] Created Parameter: param::OpenDocument::bForceEvaluation
2025-10-12 14:42:10,192 - api_entries_etl - DEBUG -   name: bForceEvaluation
2025-10-12 14:42:10,192 - api_entries_etl - DEBUG -   param_type: bool
2025-10-12 14:42:10,193 - api_entries_etl - DEBUG -   position: 1
2025-10-12 14:42:10,193 - api_entries_etl - DEBUG -   description: 強制的に全要素を再計算して開くときはTrue (通常はFalse）
2025-10-12 14:42:10,194 - api_entries_etl - DEBUG -   raw_json: {"name":"bForceEvaluation","type":"bool","description":"強制的に全要素を再計算して開くときはTrue (通常はFalse）","position":1}
2025-10-12 14:42:10,194 - api_entries_etl - DEBUG - [Relation #36] Created HAS_PARAMETER: api_entry::OpenDocument -> param::OpenDocument::bForceEvaluation
2025-10-12 14:42:10,195 - api_entries_etl - DEBUG - [Node #35] Created ReturnValue: return::OpenDocument
2025-10-12 14:42:10,195 - api_entries_etl - DEBUG -   return_type: 不明
2025-10-12 14:42:10,196 - api_entries_etl - DEBUG -   description: Documentオブジェクト
2025-10-12 14:42:10,196 - api_entries_etl - DEBUG -   raw_json: {"type":"不明","description":"Documentオブジェクト"}
2025-10-12 14:42:10,196 - api_entries_etl - DEBUG - [Relation #37] Created HAS_RETURN: api_entry::OpenDocument -> return::OpenDocument
2025-10-12 14:42:10,198 - api_entries_etl - DEBUG - [Node #36] Created PseudoCode: pseudo_code::OpenDocument
2025-10-12 14:42:10,198 - api_entries_etl - DEBUG -   code: OpenDocument(FileName, bForceEvaluation)
2025-10-12 14:42:10,198 - api_entries_etl - DEBUG -   callee: OpenDocument
2025-10-12 14:42:10,198 - api_entries_etl - DEBUG -   argument_count: 2
2025-10-12 14:42:10,198 - api_entries_etl - DEBUG -   arguments_json: ["FileName","bForceEvaluation"]
2025-10-12 14:42:10,198 - api_entries_etl - DEBUG - [Relation #38] Created HAS_PSEUDO_CODE: api_entry::OpenDocument -> pseudo_code::OpenDocument
2025-10-12 14:42:10,198 - api_entries_etl - DEBUG - [Node #37] Created PseudoCodeArgument: pseudo_code::OpenDocument::arg::0
2025-10-12 14:42:10,198 - api_entries_etl - DEBUG -   text: FileName
2025-10-12 14:42:10,201 - api_entries_etl - DEBUG -   position: 0
2025-10-12 14:42:10,201 - api_entries_etl - DEBUG -   normalized_text: filename
2025-10-12 14:42:10,201 - api_entries_etl - DEBUG - [Relation #39] Created HAS_ARGUMENT: pseudo_code::OpenDocument -> pseudo_code::OpenDocument::arg::0
2025-10-12 14:42:10,203 - api_entries_etl - DEBUG - [Relation #40] Created ARGUMENT_MATCHES_PARAMETER: pseudo_code::OpenDocument::arg::0 -> param::OpenDocument::FileName
2025-10-12 14:42:10,203 - api_entries_etl - DEBUG - [Node #38] Created PseudoCodeArgument: pseudo_code::OpenDocument::arg::1
2025-10-12 14:42:10,203 - api_entries_etl - DEBUG -   text: bForceEvaluation
2025-10-12 14:42:10,203 - api_entries_etl - DEBUG -   position: 1
2025-10-12 14:42:10,205 - api_entries_etl - DEBUG -   normalized_text: bforceevaluation
2025-10-12 14:42:10,205 - api_entries_etl - DEBUG - [Relation #41] Created HAS_ARGUMENT: pseudo_code::OpenDocument -> pseudo_code::OpenDocument::arg::1
2025-10-12 14:42:10,205 - api_entries_etl - DEBUG - [Relation #42] Created ARGUMENT_MATCHES_PARAMETER: pseudo_code::OpenDocument::arg::1 -> param::OpenDocument::bForceEvaluation
2025-10-12 14:42:10,205 - api_entries_etl - DEBUG - [Node #39] Created Source: source::OpenDocument::inline
2025-10-12 14:42:10,207 - api_entries_etl - DEBUG -   text: 〇Documentを開く
 返り値:Documentオブジェクト
  OpenDocument(
   FileName, // 文字列：保存されているドキュメントのファイルパス名
   bForceEvaluation ) // b...
2025-10-12 14:42:10,207 - api_entries_etl - DEBUG - [Relation #43] Created CITED_FROM: api_entry::OpenDocument -> source::OpenDocument::inline
2025-10-12 14:42:10,207 - api_entries_etl - DEBUG - Processing API entry #5: Create3DDocument
2025-10-12 14:42:10,207 - api_entries_etl - DEBUG - [Node #40] Created APIEntry: api_entry::Create3DDocument
2025-10-12 14:42:10,207 - api_entries_etl - DEBUG -   name: Create3DDocument
2025-10-12 14:42:10,209 - api_entries_etl - DEBUG -   category: Applicationオブジェクト
2025-10-12 14:42:10,209 - api_entries_etl - DEBUG -   entry_type: function
2025-10-12 14:42:10,211 - api_entries_etl - DEBUG -   description: 3DのDocumentを新規に作成する
2025-10-12 14:42:10,211 - api_entries_etl - DEBUG -   pseudo_code: Create3DDocument()
2025-10-12 14:42:10,211 - api_entries_etl - DEBUG -   text: 3DのDocumentを新規に作成する

〇3DのDocumentを新規に作成する
 返り値:Documentオブジェクト
 Create3DDocument()
2025-10-12 14:42:10,211 - api_entries_etl - DEBUG -   raw_json: {"category":"Applicationオブジェクト","entry_type":"function","name":"Create3DDocument","description":"3DのDocumentを新規に作成する"...
2025-10-12 14:42:10,211 - api_entries_etl - DEBUG -   position: 4
2025-10-12 14:42:10,213 - api_entries_etl - DEBUG - [Relation #44] Created HAS_ENTRY: api_entries::collection -> api_entry::Create3DDocument
2025-10-12 14:42:10,215 - api_entries_etl - DEBUG - [Node #41] Created Category: category::Applicationオブジェクト
2025-10-12 14:42:10,215 - api_entries_etl - DEBUG -   name: Applicationオブジェクト
2025-10-12 14:42:10,215 - api_entries_etl - DEBUG - [Relation #45] Created IN_CATEGORY: api_entry::Create3DDocument -> category::Applicationオブジェクト
2025-10-12 14:42:10,215 - api_entries_etl - DEBUG - [Node #42] Created EntryType: entry_type::function
2025-10-12 14:42:10,215 - api_entries_etl - DEBUG -   name: function
2025-10-12 14:42:10,215 - api_entries_etl - DEBUG - [Relation #46] Created HAS_ENTRY_TYPE: api_entry::Create3DDocument -> entry_type::function
2025-10-12 14:42:10,218 - api_entries_etl - DEBUG - [Node #43] Created ReturnValue: return::Create3DDocument
2025-10-12 14:42:10,218 - api_entries_etl - DEBUG -   return_type: 不明
2025-10-12 14:42:10,218 - api_entries_etl - DEBUG -   description: Documentオブジェクト
2025-10-12 14:42:10,220 - api_entries_etl - DEBUG -   raw_json: {"type":"不明","description":"Documentオブジェクト"}
2025-10-12 14:42:10,220 - api_entries_etl - DEBUG - [Relation #47] Created HAS_RETURN: api_entry::Create3DDocument -> return::Create3DDocument
2025-10-12 14:42:10,220 - api_entries_etl - DEBUG - [Node #44] Created PseudoCode: pseudo_code::Create3DDocument
2025-10-12 14:42:10,220 - api_entries_etl - DEBUG -   code: Create3DDocument()
2025-10-12 14:42:10,220 - api_entries_etl - DEBUG -   callee: Create3DDocument
2025-10-12 14:42:10,224 - api_entries_etl - DEBUG -   argument_count: 0
2025-10-12 14:42:10,224 - api_entries_etl - DEBUG - [Relation #48] Created HAS_PSEUDO_CODE: api_entry::Create3DDocument -> pseudo_code::Create3DDocument
2025-10-12 14:42:10,224 - api_entries_etl - DEBUG - [Node #45] Created Source: source::Create3DDocument::inline
2025-10-12 14:42:10,224 - api_entries_etl - DEBUG -   text: 〇3DのDocumentを新規に作成する
 返り値:Documentオブジェクト
 Create3DDocument()
2025-10-12 14:42:10,227 - api_entries_etl - DEBUG - [Relation #49] Created CITED_FROM: api_entry::Create3DDocument -> source::Create3DDocument::inline
2025-10-12 14:42:10,227 - api_entries_etl - DEBUG - Processing API entry #6: GetActiveDocument
2025-10-12 14:42:10,229 - api_entries_etl - DEBUG - [Node #46] Created APIEntry: api_entry::GetActiveDocument
2025-10-12 14:42:10,231 - api_entries_etl - DEBUG -   name: GetActiveDocument
2025-10-12 14:42:10,231 - api_entries_etl - DEBUG -   category: Applicationオブジェクト
2025-10-12 14:42:10,231 - api_entries_etl - DEBUG -   entry_type: function
2025-10-12 14:42:10,233 - api_entries_etl - DEBUG -   description: アクティブなDocumentオブジェクトを取得する
2025-10-12 14:42:10,233 - api_entries_etl - DEBUG -   pseudo_code: GetActiveDocument()
2025-10-12 14:42:10,235 - api_entries_etl - DEBUG -   text: アクティブなDocumentオブジェクトを取得する

〇アクティブなDocumentオブジェクトを取得する
 返り値:Documentオブジェクト
 GetActiveDocument()
2025-10-12 14:42:10,235 - api_entries_etl - DEBUG -   raw_json: {"category":"Applicationオブジェクト","entry_type":"function","name":"GetActiveDocument","description":"アクティブなDocumentオブジェク...
2025-10-12 14:42:10,237 - api_entries_etl - DEBUG -   position: 5
2025-10-12 14:42:10,237 - api_entries_etl - DEBUG - [Relation #50] Created HAS_ENTRY: api_entries::collection -> api_entry::GetActiveDocument
2025-10-12 14:42:10,237 - api_entries_etl - DEBUG - [Node #47] Created Category: category::Applicationオブジェクト
2025-10-12 14:42:10,239 - api_entries_etl - DEBUG -   name: Applicationオブジェクト
2025-10-12 14:42:10,239 - api_entries_etl - DEBUG - [Relation #51] Created IN_CATEGORY: api_entry::GetActiveDocument -> category::Applicationオブジェクト
2025-10-12 14:42:10,241 - api_entries_etl - DEBUG - [Node #48] Created EntryType: entry_type::function
2025-10-12 14:42:10,241 - api_entries_etl - DEBUG -   name: function
2025-10-12 14:42:10,242 - api_entries_etl - DEBUG - [Relation #52] Created HAS_ENTRY_TYPE: api_entry::GetActiveDocument -> entry_type::function
2025-10-12 14:42:10,242 - api_entries_etl - DEBUG - [Node #49] Created ReturnValue: return::GetActiveDocument
2025-10-12 14:42:10,242 - api_entries_etl - DEBUG -   return_type: 不明
2025-10-12 14:42:10,242 - api_entries_etl - DEBUG -   description: Documentオブジェクト
2025-10-12 14:42:10,243 - api_entries_etl - DEBUG -   raw_json: {"type":"不明","description":"Documentオブジェクト"}
2025-10-12 14:42:10,243 - api_entries_etl - DEBUG - [Relation #53] Created HAS_RETURN: api_entry::GetActiveDocument -> return::GetActiveDocument
2025-10-12 14:42:10,246 - api_entries_etl - DEBUG - [Node #50] Created PseudoCode: pseudo_code::GetActiveDocument
2025-10-12 14:42:10,247 - api_entries_etl - DEBUG -   code: GetActiveDocument()
2025-10-12 14:42:10,247 - api_entries_etl - DEBUG -   callee: GetActiveDocument
2025-10-12 14:42:10,248 - api_entries_etl - DEBUG -   argument_count: 0
2025-10-12 14:42:10,251 - api_entries_etl - DEBUG - [Relation #54] Created HAS_PSEUDO_CODE: api_entry::GetActiveDocument -> pseudo_code::GetActiveDocument
2025-10-12 14:42:10,251 - api_entries_etl - DEBUG - [Node #51] Created Source: source::GetActiveDocument::inline
2025-10-12 14:42:10,251 - api_entries_etl - DEBUG -   text: 〇アクティブなDocumentオブジェクトを取得する
 返り値:Documentオブジェクト
 GetActiveDocument()
2025-10-12 14:42:10,252 - api_entries_etl - DEBUG - [Relation #55] Created CITED_FROM: api_entry::GetActiveDocument -> source::GetActiveDocument::inline
2025-10-12 14:42:10,254 - api_entries_etl - DEBUG - Processing API entry #7: GetDocuments
2025-10-12 14:42:10,254 - api_entries_etl - DEBUG - [Node #52] Created APIEntry: api_entry::GetDocuments
2025-10-12 14:42:10,255 - api_entries_etl - DEBUG -   name: GetDocuments
2025-10-12 14:42:10,255 - api_entries_etl - DEBUG -   category: Applicationオブジェクト
2025-10-12 14:42:10,255 - api_entries_etl - DEBUG -   entry_type: function
2025-10-12 14:42:10,256 - api_entries_etl - DEBUG -   description: 開かれているDocumentオブジェクトを全て取得する
2025-10-12 14:42:10,257 - api_entries_etl - DEBUG -   pseudo_code: GetDocuments()
2025-10-12 14:42:10,258 - api_entries_etl - DEBUG -   text: 開かれているDocumentオブジェクトを全て取得する

〇開かれているDocumentオブジェクトを全て取得する
 返り値:Documentオブジェクトの配列
 GetDocuments()
2025-10-12 14:42:10,258 - api_entries_etl - DEBUG -   raw_json: {"category":"Applicationオブジェクト","entry_type":"function","name":"GetDocuments","description":"開かれているDocumentオブジェクトを全て取...
2025-10-12 14:42:10,258 - api_entries_etl - DEBUG -   position: 6
2025-10-12 14:42:10,259 - api_entries_etl - DEBUG - [Relation #56] Created HAS_ENTRY: api_entries::collection -> api_entry::GetDocuments
2025-10-12 14:42:10,259 - api_entries_etl - DEBUG - [Node #53] Created Category: category::Applicationオブジェクト
2025-10-12 14:42:10,260 - api_entries_etl - DEBUG -   name: Applicationオブジェクト
2025-10-12 14:42:10,260 - api_entries_etl - DEBUG - [Relation #57] Created IN_CATEGORY: api_entry::GetDocuments -> category::Applicationオブジェクト
2025-10-12 14:42:10,260 - api_entries_etl - DEBUG - [Node #54] Created EntryType: entry_type::function
2025-10-12 14:42:10,260 - api_entries_etl - DEBUG -   name: function
2025-10-12 14:42:10,260 - api_entries_etl - DEBUG - [Relation #58] Created HAS_ENTRY_TYPE: api_entry::GetDocuments -> entry_type::function
2025-10-12 14:42:10,261 - api_entries_etl - DEBUG - [Node #55] Created ReturnValue: return::GetDocuments
2025-10-12 14:42:10,262 - api_entries_etl - DEBUG -   return_type: 不明
2025-10-12 14:42:10,262 - api_entries_etl - DEBUG -   description: Documentオブジェクトの配列
2025-10-12 14:42:10,262 - api_entries_etl - DEBUG -   raw_json: {"type":"不明","description":"Documentオブジェクトの配列"}
2025-10-12 14:42:10,264 - api_entries_etl - DEBUG - [Relation #59] Created HAS_RETURN: api_entry::GetDocuments -> return::GetDocuments
2025-10-12 14:42:10,264 - api_entries_etl - DEBUG - [Node #56] Created PseudoCode: pseudo_code::GetDocuments
2025-10-12 14:42:10,264 - api_entries_etl - DEBUG -   code: GetDocuments()
2025-10-12 14:42:10,264 - api_entries_etl - DEBUG -   callee: GetDocuments
2025-10-12 14:42:10,264 - api_entries_etl - DEBUG -   argument_count: 0
2025-10-12 14:42:10,266 - api_entries_etl - DEBUG - [Relation #60] Created HAS_PSEUDO_CODE: api_entry::GetDocuments -> pseudo_code::GetDocuments
2025-10-12 14:42:10,267 - api_entries_etl - DEBUG - [Node #57] Created Source: source::GetDocuments::inline
2025-10-12 14:42:10,267 - api_entries_etl - DEBUG -   text: 〇開かれているDocumentオブジェクトを全て取得する
 返り値:Documentオブジェクトの配列
 GetDocuments()
2025-10-12 14:42:10,268 - api_entries_etl - DEBUG - [Relation #61] Created CITED_FROM: api_entry::GetDocuments -> source::GetDocuments::inline
2025-10-12 14:42:10,268 - api_entries_etl - DEBUG - Processing API entry #8: Close
2025-10-12 14:42:10,269 - api_entries_etl - DEBUG - [Node #58] Created APIEntry: api_entry::Close
2025-10-12 14:42:10,269 - api_entries_etl - DEBUG -   name: Close
2025-10-12 14:42:10,269 - api_entries_etl - DEBUG -   category: Documentオブジェクト
2025-10-12 14:42:10,269 - api_entries_etl - DEBUG -   entry_type: function
2025-10-12 14:42:10,269 - api_entries_etl - DEBUG -   description: ドキュメントを閉じる
2025-10-12 14:42:10,269 - api_entries_etl - DEBUG -   pseudo_code: Close()
2025-10-12 14:42:10,273 - api_entries_etl - DEBUG -   text: ドキュメントを閉じる

〇ドキュメントを閉じる
 返り値:なし
  Close()
2025-10-12 14:42:10,273 - api_entries_etl - DEBUG -   raw_json: {"category":"Documentオブジェクト","entry_type":"function","name":"Close","description":"ドキュメントを閉じる","pseudo_code":"Close()...
2025-10-12 14:42:10,273 - api_entries_etl - DEBUG -   position: 7
2025-10-12 14:42:10,273 - api_entries_etl - DEBUG - [Relation #62] Created HAS_ENTRY: api_entries::collection -> api_entry::Close
2025-10-12 14:42:10,275 - api_entries_etl - DEBUG - [Node #59] Created Category: category::Documentオブジェクト
2025-10-12 14:42:10,275 - api_entries_etl - DEBUG -   name: Documentオブジェクト
2025-10-12 14:42:10,275 - api_entries_etl - DEBUG - [Relation #63] Created IN_CATEGORY: api_entry::Close -> category::Documentオブジェクト
2025-10-12 14:42:10,275 - api_entries_etl - DEBUG - [Node #60] Created EntryType: entry_type::function
2025-10-12 14:42:10,275 - api_entries_etl - DEBUG -   name: function
2025-10-12 14:42:10,275 - api_entries_etl - DEBUG - [Relation #64] Created HAS_ENTRY_TYPE: api_entry::Close -> entry_type::function
2025-10-12 14:42:10,275 - api_entries_etl - DEBUG - [Node #61] Created ReturnValue: return::Close
2025-10-12 14:42:10,275 - api_entries_etl - DEBUG -   return_type: void
2025-10-12 14:42:10,275 - api_entries_etl - DEBUG -   description: なし
2025-10-12 14:42:10,280 - api_entries_etl - DEBUG -   raw_json: {"type":"void","description":"なし"}
2025-10-12 14:42:10,280 - api_entries_etl - DEBUG - [Relation #65] Created HAS_RETURN: api_entry::Close -> return::Close
2025-10-12 14:42:10,280 - api_entries_etl - DEBUG - [Node #62] Created PseudoCode: pseudo_code::Close
2025-10-12 14:42:10,282 - api_entries_etl - DEBUG -   code: Close()
2025-10-12 14:42:10,282 - api_entries_etl - DEBUG -   callee: Close
2025-10-12 14:42:10,282 - api_entries_etl - DEBUG -   argument_count: 0
2025-10-12 14:42:10,282 - api_entries_etl - DEBUG - [Relation #66] Created HAS_PSEUDO_CODE: api_entry::Close -> pseudo_code::Close
2025-10-12 14:42:10,282 - api_entries_etl - DEBUG - [Node #63] Created Source: source::Close::inline
2025-10-12 14:42:10,282 - api_entries_etl - DEBUG -   text: 〇ドキュメントを閉じる
 返り値:なし
  Close()
2025-10-12 14:42:10,282 - api_entries_etl - DEBUG - [Relation #67] Created CITED_FROM: api_entry::Close -> source::Close::inline
2025-10-12 14:42:10,282 - api_entries_etl - DEBUG - Processing API entry #9: Save
2025-10-12 14:42:10,282 - api_entries_etl - DEBUG - [Node #64] Created APIEntry: api_entry::Save
2025-10-12 14:42:10,282 - api_entries_etl - DEBUG -   name: Save
2025-10-12 14:42:10,282 - api_entries_etl - DEBUG -   category: Documentオブジェクト
2025-10-12 14:42:10,290 - api_entries_etl - DEBUG -   entry_type: function
2025-10-12 14:42:10,290 - api_entries_etl - DEBUG -   description: ドキュメントをファイルに保存する
2025-10-12 14:42:10,290 - api_entries_etl - DEBUG -   pseudo_code: Save(FileName, bAsCompactFormat)
2025-10-12 14:42:10,292 - api_entries_etl - DEBUG -   text: ドキュメントをファイルに保存する

〇ドキュメントをファイルに保存する
 返り値:なし
 Save(
    FileName, // 文字列：保存するファイルパス名
  bAsCompactFormat ) // bool: 最小サ...
2025-10-12 14:42:10,292 - api_entries_etl - DEBUG -   raw_json: {"category":"Documentオブジェクト","entry_type":"function","name":"Save","description":"ドキュメントをファイルに保存する","pseudo_code":"Sa...
2025-10-12 14:42:10,292 - api_entries_etl - DEBUG -   position: 8
2025-10-12 14:42:10,292 - api_entries_etl - DEBUG - [Relation #68] Created HAS_ENTRY: api_entries::collection -> api_entry::Save
2025-10-12 14:42:10,294 - api_entries_etl - DEBUG - [Node #65] Created Category: category::Documentオブジェクト
2025-10-12 14:42:10,294 - api_entries_etl - DEBUG -   name: Documentオブジェクト
2025-10-12 14:42:10,294 - api_entries_etl - DEBUG - [Relation #69] Created IN_CATEGORY: api_entry::Save -> category::Documentオブジェクト
2025-10-12 14:42:10,296 - api_entries_etl - DEBUG - [Node #66] Created EntryType: entry_type::function
2025-10-12 14:42:10,296 - api_entries_etl - DEBUG -   name: function
2025-10-12 14:42:10,298 - api_entries_etl - DEBUG - [Relation #70] Created HAS_ENTRY_TYPE: api_entry::Save -> entry_type::function
2025-10-12 14:42:10,298 - api_entries_etl - DEBUG - [Node #67] Created Parameter: param::Save::FileName
2025-10-12 14:42:10,298 - api_entries_etl - DEBUG -   name: FileName
2025-10-12 14:42:10,298 - api_entries_etl - DEBUG -   param_type: 文字列
2025-10-12 14:42:10,300 - api_entries_etl - DEBUG -   position: 0
2025-10-12 14:42:10,300 - api_entries_etl - DEBUG -   description: 保存するファイルパス名
2025-10-12 14:42:10,300 - api_entries_etl - DEBUG -   raw_json: {"name":"FileName","type":"文字列","description":"保存するファイルパス名","position":0}
2025-10-12 14:42:10,300 - api_entries_etl - DEBUG - [Relation #71] Created HAS_PARAMETER: api_entry::Save -> param::Save::FileName
2025-10-12 14:42:10,300 - api_entries_etl - DEBUG - [Node #68] Created Parameter: param::Save::bAsCompactFormat
2025-10-12 14:42:10,302 - api_entries_etl - DEBUG -   name: bAsCompactFormat
2025-10-12 14:42:10,302 - api_entries_etl - DEBUG -   param_type: bool
2025-10-12 14:42:10,302 - api_entries_etl - DEBUG -   position: 1
2025-10-12 14:42:10,302 - api_entries_etl - DEBUG -   description: 最小サイズになる形式で保存する時はTrue（開くのに計算を必要とします）
2025-10-12 14:42:10,304 - api_entries_etl - DEBUG -   raw_json: {"name":"bAsCompactFormat","type":"bool","description":"最小サイズになる形式で保存する時はTrue（開くのに計算を必要とします）","position":1}
2025-10-12 14:42:10,304 - api_entries_etl - DEBUG - [Relation #72] Created HAS_PARAMETER: api_entry::Save -> param::Save::bAsCompactFormat
2025-10-12 14:42:10,304 - api_entries_etl - DEBUG - [Node #69] Created ReturnValue: return::Save
2025-10-12 14:42:10,304 - api_entries_etl - DEBUG -   return_type: void
2025-10-12 14:42:10,306 - api_entries_etl - DEBUG -   description: なし
2025-10-12 14:42:10,306 - api_entries_etl - DEBUG -   raw_json: {"type":"void","description":"なし"}
2025-10-12 14:42:10,306 - api_entries_etl - DEBUG - [Relation #73] Created HAS_RETURN: api_entry::Save -> return::Save
2025-10-12 14:42:10,306 - api_entries_etl - DEBUG - [Node #70] Created PseudoCode: pseudo_code::Save
2025-10-12 14:42:10,308 - api_entries_etl - DEBUG -   code: Save(FileName, bAsCompactFormat)
2025-10-12 14:42:10,308 - api_entries_etl - DEBUG -   callee: Save
2025-10-12 14:42:10,308 - api_entries_etl - DEBUG -   argument_count: 2
2025-10-12 14:42:10,308 - api_entries_etl - DEBUG -   arguments_json: ["FileName","bAsCompactFormat"]
2025-10-12 14:42:10,308 - api_entries_etl - DEBUG - [Relation #74] Created HAS_PSEUDO_CODE: api_entry::Save -> pseudo_code::Save
2025-10-12 14:42:10,310 - api_entries_etl - DEBUG - [Node #71] Created PseudoCodeArgument: pseudo_code::Save::arg::0
2025-10-12 14:42:10,310 - api_entries_etl - DEBUG -   text: FileName
2025-10-12 14:42:10,310 - api_entries_etl - DEBUG -   position: 0
2025-10-12 14:42:10,310 - api_entries_etl - DEBUG -   normalized_text: filename
2025-10-12 14:42:10,310 - api_entries_etl - DEBUG - [Relation #75] Created HAS_ARGUMENT: pseudo_code::Save -> pseudo_code::Save::arg::0
2025-10-12 14:42:10,313 - api_entries_etl - DEBUG - [Relation #76] Created ARGUMENT_MATCHES_PARAMETER: pseudo_code::Save::arg::0 -> param::Save::FileName
2025-10-12 14:42:10,313 - api_entries_etl - DEBUG - [Node #72] Created PseudoCodeArgument: pseudo_code::Save::arg::1
2025-10-12 14:42:10,315 - api_entries_etl - DEBUG -   text: bAsCompactFormat
2025-10-12 14:42:10,315 - api_entries_etl - DEBUG -   position: 1
2025-10-12 14:42:10,315 - api_entries_etl - DEBUG -   normalized_text: bascompactformat
2025-10-12 14:42:10,315 - api_entries_etl - DEBUG - [Relation #77] Created HAS_ARGUMENT: pseudo_code::Save -> pseudo_code::Save::arg::1
2025-10-12 14:42:10,315 - api_entries_etl - DEBUG - [Relation #78] Created ARGUMENT_MATCHES_PARAMETER: pseudo_code::Save::arg::1 -> param::Save::bAsCompactFormat
2025-10-12 14:42:10,318 - api_entries_etl - DEBUG - [Node #73] Created Source: source::Save::inline
2025-10-12 14:42:10,318 - api_entries_etl - DEBUG -   text: 〇ドキュメントをファイルに保存する
 返り値:なし
 Save(
    FileName, // 文字列：保存するファイルパス名
  bAsCompactFormat ) // bool: 最小サイズになる形式で保存する時はTrue...
2025-10-12 14:42:10,318 - api_entries_etl - DEBUG - [Relation #79] Created CITED_FROM: api_entry::Save -> source::Save::inline
2025-10-12 14:42:10,318 - api_entries_etl - DEBUG - Processing API entry #10: GetPart
2025-10-12 14:42:10,318 - api_entries_etl - DEBUG - [Node #74] Created APIEntry: api_entry::GetPart
2025-10-12 14:42:10,320 - api_entries_etl - DEBUG -   name: GetPart
2025-10-12 14:42:10,320 - api_entries_etl - DEBUG -   category: Documentオブジェクト
2025-10-12 14:42:10,320 - api_entries_etl - DEBUG -   entry_type: function
2025-10-12 14:42:10,320 - api_entries_etl - DEBUG -   description: Partオブジェクトの取得
2025-10-12 14:42:10,320 - api_entries_etl - DEBUG -   pseudo_code: GetPart()
2025-10-12 14:42:10,320 - api_entries_etl - DEBUG -   text: Partオブジェクトの取得

〇Partオブジェクトの取得
 返り値:Partオブジェクト
 GetPart()
2025-10-12 14:42:10,320 - api_entries_etl - DEBUG -   raw_json: {"category":"Documentオブジェクト","entry_type":"function","name":"GetPart","description":"Partオブジェクトの取得","pseudo_code":"Ge...
2025-10-12 14:42:10,320 - api_entries_etl - DEBUG -   position: 9
2025-10-12 14:42:10,320 - api_entries_etl - DEBUG - [Relation #80] Created HAS_ENTRY: api_entries::collection -> api_entry::GetPart
2025-10-12 14:42:10,320 - api_entries_etl - DEBUG - [Node #75] Created Category: category::Documentオブジェクト
2025-10-12 14:42:10,320 - api_entries_etl - DEBUG -   name: Documentオブジェクト
2025-10-12 14:42:10,320 - api_entries_etl - DEBUG - [Relation #81] Created IN_CATEGORY: api_entry::GetPart -> category::Documentオブジェクト
2025-10-12 14:42:10,320 - api_entries_etl - DEBUG - [Node #76] Created EntryType: entry_type::function
2025-10-12 14:42:10,320 - api_entries_etl - DEBUG -   name: function
2025-10-12 14:42:10,320 - api_entries_etl - DEBUG - [Relation #82] Created HAS_ENTRY_TYPE: api_entry::GetPart -> entry_type::function
2025-10-12 14:42:10,320 - api_entries_etl - DEBUG - [Node #77] Created ReturnValue: return::GetPart
2025-10-12 14:42:10,320 - api_entries_etl - DEBUG -   return_type: 不明
2025-10-12 14:42:10,320 - api_entries_etl - DEBUG -   description: Partオブジェクト
2025-10-12 14:42:10,320 - api_entries_etl - DEBUG -   raw_json: {"type":"不明","description":"Partオブジェクト"}
2025-10-12 14:42:10,329 - api_entries_etl - DEBUG - [Relation #83] Created HAS_RETURN: api_entry::GetPart -> return::GetPart
2025-10-12 14:42:10,329 - api_entries_etl - DEBUG - [Node #78] Created PseudoCode: pseudo_code::GetPart
2025-10-12 14:42:10,329 - api_entries_etl - DEBUG -   code: GetPart()
2025-10-12 14:42:10,331 - api_entries_etl - DEBUG -   callee: GetPart
2025-10-12 14:42:10,331 - api_entries_etl - DEBUG -   argument_count: 0
2025-10-12 14:42:10,331 - api_entries_etl - DEBUG - [Relation #84] Created HAS_PSEUDO_CODE: api_entry::GetPart -> pseudo_code::GetPart
2025-10-12 14:42:10,331 - api_entries_etl - DEBUG - [Node #79] Created Source: source::GetPart::inline
2025-10-12 14:42:10,331 - api_entries_etl - DEBUG -   text: 〇Partオブジェクトの取得
 返り値:Partオブジェクト
 GetPart()
2025-10-12 14:42:10,331 - api_entries_etl - DEBUG - [Relation #85] Created CITED_FROM: api_entry::GetPart -> source::GetPart::inline
2025-10-12 14:42:10,331 - api_entries_etl - DEBUG - Processing API entry #11: IsActive
2025-10-12 14:42:10,331 - api_entries_etl - DEBUG - [Node #80] Created APIEntry: api_entry::IsActive
2025-10-12 14:42:10,331 - api_entries_etl - DEBUG -   name: IsActive
2025-10-12 14:42:10,331 - api_entries_etl - DEBUG -   category: Documentオブジェクト
2025-10-12 14:42:10,331 - api_entries_etl - DEBUG -   entry_type: function
2025-10-12 14:42:10,331 - api_entries_etl - DEBUG -   description: ドキュメントがアクティブ（カレント）かどうか
2025-10-12 14:42:10,331 - api_entries_etl - DEBUG -   pseudo_code: IsActive()
2025-10-12 14:42:10,331 - api_entries_etl - DEBUG -   text: ドキュメントがアクティブ（カレント）かどうか

〇ドキュメントがアクティブ（カレント）かどうか
 返り値:bool ドキュメントがActiveな時はTrue
 IsActive()
2025-10-12 14:42:10,331 - api_entries_etl - DEBUG -   raw_json: {"category":"Documentオブジェクト","entry_type":"function","name":"IsActive","description":"ドキュメントがアクティブ（カレント）かどうか","pseudo...
2025-10-12 14:42:10,331 - api_entries_etl - DEBUG -   position: 10
2025-10-12 14:42:10,331 - api_entries_etl - DEBUG - [Relation #86] Created HAS_ENTRY: api_entries::collection -> api_entry::IsActive
2025-10-12 14:42:10,331 - api_entries_etl - DEBUG - [Node #81] Created Category: category::Documentオブジェクト
2025-10-12 14:42:10,331 - api_entries_etl - DEBUG -   name: Documentオブジェクト
2025-10-12 14:42:10,331 - api_entries_etl - DEBUG - [Relation #87] Created IN_CATEGORY: api_entry::IsActive -> category::Documentオブジェクト
2025-10-12 14:42:10,331 - api_entries_etl - DEBUG - [Node #82] Created EntryType: entry_type::function
2025-10-12 14:42:10,331 - api_entries_etl - DEBUG -   name: function
2025-10-12 14:42:10,331 - api_entries_etl - DEBUG - [Relation #88] Created HAS_ENTRY_TYPE: api_entry::IsActive -> entry_type::function
2025-10-12 14:42:10,331 - api_entries_etl - DEBUG - [Node #83] Created ReturnValue: return::IsActive
2025-10-12 14:42:10,331 - api_entries_etl - DEBUG -   return_type: 不明
2025-10-12 14:42:10,331 - api_entries_etl - DEBUG -   description: bool ドキュメントがActiveな時はTrue
2025-10-12 14:42:10,331 - api_entries_etl - DEBUG -   raw_json: {"type":"不明","description":"bool ドキュメントがActiveな時はTrue"}
2025-10-12 14:42:10,331 - api_entries_etl - DEBUG - [Relation #89] Created HAS_RETURN: api_entry::IsActive -> return::IsActive
2025-10-12 14:42:10,331 - api_entries_etl - DEBUG - [Node #84] Created PseudoCode: pseudo_code::IsActive
2025-10-12 14:42:10,331 - api_entries_etl - DEBUG -   code: IsActive()
2025-10-12 14:42:10,331 - api_entries_etl - DEBUG -   callee: IsActive
2025-10-12 14:42:10,331 - api_entries_etl - DEBUG -   argument_count: 0
2025-10-12 14:42:10,331 - api_entries_etl - DEBUG - [Relation #90] Created HAS_PSEUDO_CODE: api_entry::IsActive -> pseudo_code::IsActive
2025-10-12 14:42:10,331 - api_entries_etl - DEBUG - [Node #85] Created Source: source::IsActive::inline
2025-10-12 14:42:10,331 - api_entries_etl - DEBUG -   text: 〇ドキュメントがアクティブ（カレント）かどうか
 返り値:bool ドキュメントがActiveな時はTrue
 IsActive()
2025-10-12 14:42:10,331 - api_entries_etl - DEBUG - [Relation #91] Created CITED_FROM: api_entry::IsActive -> source::IsActive::inline
2025-10-12 14:42:10,331 - api_entries_etl - DEBUG - Processing API entry #12: Activate
2025-10-12 14:42:10,345 - api_entries_etl - DEBUG - [Node #86] Created APIEntry: api_entry::Activate
2025-10-12 14:42:10,345 - api_entries_etl - DEBUG -   name: Activate
2025-10-12 14:42:10,345 - api_entries_etl - DEBUG -   category: Documentオブジェクト
2025-10-12 14:42:10,345 - api_entries_etl - DEBUG -   entry_type: function
2025-10-12 14:42:10,345 - api_entries_etl - DEBUG -   description: ドキュメントをアクティベイト（カレントに）する
2025-10-12 14:42:10,345 - api_entries_etl - DEBUG -   pseudo_code: Activate()
2025-10-12 14:42:10,345 - api_entries_etl - DEBUG -   text: ドキュメントをアクティベイト（カレントに）する

〇ドキュメントをアクティベイト（カレントに）する
 返り値:なし
 Activate()
2025-10-12 14:42:10,345 - api_entries_etl - DEBUG -   raw_json: {"category":"Documentオブジェクト","entry_type":"function","name":"Activate","description":"ドキュメントをアクティベイト（カレントに）する","pseud...
2025-10-12 14:42:10,345 - api_entries_etl - DEBUG -   position: 11
2025-10-12 14:42:10,345 - api_entries_etl - DEBUG - [Relation #92] Created HAS_ENTRY: api_entries::collection -> api_entry::Activate
2025-10-12 14:42:10,345 - api_entries_etl - DEBUG - [Node #87] Created Category: category::Documentオブジェクト
2025-10-12 14:42:10,345 - api_entries_etl - DEBUG -   name: Documentオブジェクト
2025-10-12 14:42:10,345 - api_entries_etl - DEBUG - [Relation #93] Created IN_CATEGORY: api_entry::Activate -> category::Documentオブジェクト
2025-10-12 14:42:10,345 - api_entries_etl - DEBUG - [Node #88] Created EntryType: entry_type::function
2025-10-12 14:42:10,345 - api_entries_etl - DEBUG -   name: function
2025-10-12 14:42:10,345 - api_entries_etl - DEBUG - [Relation #94] Created HAS_ENTRY_TYPE: api_entry::Activate -> entry_type::function
2025-10-12 14:42:10,345 - api_entries_etl - DEBUG - [Node #89] Created ReturnValue: return::Activate
2025-10-12 14:42:10,345 - api_entries_etl - DEBUG -   return_type: void
2025-10-12 14:42:10,345 - api_entries_etl - DEBUG -   description: なし
2025-10-12 14:42:10,345 - api_entries_etl - DEBUG -   raw_json: {"type":"void","description":"なし"}
2025-10-12 14:42:10,345 - api_entries_etl - DEBUG - [Relation #95] Created HAS_RETURN: api_entry::Activate -> return::Activate
2025-10-12 14:42:10,345 - api_entries_etl - DEBUG - [Node #90] Created PseudoCode: pseudo_code::Activate
2025-10-12 14:42:10,345 - api_entries_etl - DEBUG -   code: Activate()
2025-10-12 14:42:10,345 - api_entries_etl - DEBUG -   callee: Activate
2025-10-12 14:42:10,345 - api_entries_etl - DEBUG -   argument_count: 0
2025-10-12 14:42:10,345 - api_entries_etl - DEBUG - [Relation #96] Created HAS_PSEUDO_CODE: api_entry::Activate -> pseudo_code::Activate
2025-10-12 14:42:10,345 - api_entries_etl - DEBUG - [Node #91] Created Source: source::Activate::inline
2025-10-12 14:42:10,345 - api_entries_etl - DEBUG -   text: 〇ドキュメントをアクティベイト（カレントに）する
 返り値:なし
 Activate()
2025-10-12 14:42:10,357 - api_entries_etl - DEBUG - [Relation #97] Created CITED_FROM: api_entry::Activate -> source::Activate::inline
2025-10-12 14:42:10,357 - api_entries_etl - DEBUG - Processing API entry #13: FitAllViews
2025-10-12 14:42:10,359 - api_entries_etl - DEBUG - [Node #92] Created APIEntry: api_entry::FitAllViews
2025-10-12 14:42:10,359 - api_entries_etl - DEBUG -   name: FitAllViews
2025-10-12 14:42:10,359 - api_entries_etl - DEBUG -   category: Documentオブジェクト
2025-10-12 14:42:10,359 - api_entries_etl - DEBUG -   entry_type: function
2025-10-12 14:42:10,359 - api_entries_etl - DEBUG -   description: ドキュメントのビューを要素にフィットする
2025-10-12 14:42:10,361 - api_entries_etl - DEBUG -   pseudo_code: FitAllViews()
2025-10-12 14:42:10,361 - api_entries_etl - DEBUG -   text: ドキュメントのビューを要素にフィットする

〇ドキュメントのビューを要素にフィットする
 返り値:なし
 FitAllViews()
2025-10-12 14:42:10,363 - api_entries_etl - DEBUG -   raw_json: {"category":"Documentオブジェクト","entry_type":"function","name":"FitAllViews","description":"ドキュメントのビューを要素にフィットする","pseud...
2025-10-12 14:42:10,365 - api_entries_etl - DEBUG -   position: 12
2025-10-12 14:42:10,365 - api_entries_etl - DEBUG - [Relation #98] Created HAS_ENTRY: api_entries::collection -> api_entry::FitAllViews
2025-10-12 14:42:10,365 - api_entries_etl - DEBUG - [Node #93] Created Category: category::Documentオブジェクト
2025-10-12 14:42:10,365 - api_entries_etl - DEBUG -   name: Documentオブジェクト
2025-10-12 14:42:10,365 - api_entries_etl - DEBUG - [Relation #99] Created IN_CATEGORY: api_entry::FitAllViews -> category::Documentオブジェクト
2025-10-12 14:42:10,367 - api_entries_etl - DEBUG - [Node #94] Created EntryType: entry_type::function
2025-10-12 14:42:10,367 - api_entries_etl - DEBUG -   name: function
2025-10-12 14:42:10,367 - api_entries_etl - DEBUG - [Relation #100] Created HAS_ENTRY_TYPE: api_entry::FitAllViews -> entry_type::function
2025-10-12 14:42:10,369 - api_entries_etl - DEBUG - [Node #95] Created ReturnValue: return::FitAllViews
2025-10-12 14:42:10,369 - api_entries_etl - DEBUG -   return_type: void
2025-10-12 14:42:10,369 - api_entries_etl - DEBUG -   description: なし
2025-10-12 14:42:10,369 - api_entries_etl - DEBUG -   raw_json: {"type":"void","description":"なし"}
2025-10-12 14:42:10,369 - api_entries_etl - DEBUG - [Relation #101] Created HAS_RETURN: api_entry::FitAllViews -> return::FitAllViews
2025-10-12 14:42:10,369 - api_entries_etl - DEBUG - [Node #96] Created PseudoCode: pseudo_code::FitAllViews
2025-10-12 14:42:10,369 - api_entries_etl - DEBUG -   code: FitAllViews()
2025-10-12 14:42:10,369 - api_entries_etl - DEBUG -   callee: FitAllViews
2025-10-12 14:42:10,369 - api_entries_etl - DEBUG -   argument_count: 0
2025-10-12 14:42:10,369 - api_entries_etl - DEBUG - [Relation #102] Created HAS_PSEUDO_CODE: api_entry::FitAllViews -> pseudo_code::FitAllViews
2025-10-12 14:42:10,374 - api_entries_etl - DEBUG - [Node #97] Created Source: source::FitAllViews::inline
2025-10-12 14:42:10,374 - api_entries_etl - DEBUG -   text: 〇ドキュメントのビューを要素にフィットする
 返り値:なし
 FitAllViews()
2025-10-12 14:42:10,374 - api_entries_etl - DEBUG - [Relation #103] Created CITED_FROM: api_entry::FitAllViews -> source::FitAllViews::inline
2025-10-12 14:42:10,374 - api_entries_etl - DEBUG - Processing API entry #14: GetViews
2025-10-12 14:42:10,376 - api_entries_etl - DEBUG - [Node #98] Created APIEntry: api_entry::GetViews
2025-10-12 14:42:10,376 - api_entries_etl - DEBUG -   name: GetViews
2025-10-12 14:42:10,376 - api_entries_etl - DEBUG -   category: Documentオブジェクト
2025-10-12 14:42:10,376 - api_entries_etl - DEBUG -   entry_type: function
2025-10-12 14:42:10,376 - api_entries_etl - DEBUG -   description: ドキュメントのビューを取得する
2025-10-12 14:42:10,377 - api_entries_etl - DEBUG -   pseudo_code: GetViews()
2025-10-12 14:42:10,377 - api_entries_etl - DEBUG -   text: ドキュメントのビューを取得する

〇ドキュメントのビューを取得する
 返り値:Viewオブジェクトの配列
 GetViews()
2025-10-12 14:42:10,377 - api_entries_etl - DEBUG -   raw_json: {"category":"Documentオブジェクト","entry_type":"function","name":"GetViews","description":"ドキュメントのビューを取得する","pseudo_code":...
2025-10-12 14:42:10,379 - api_entries_etl - DEBUG -   position: 13
2025-10-12 14:42:10,379 - api_entries_etl - DEBUG - [Relation #104] Created HAS_ENTRY: api_entries::collection -> api_entry::GetViews
2025-10-12 14:42:10,379 - api_entries_etl - DEBUG - [Node #99] Created Category: category::Documentオブジェクト
2025-10-12 14:42:10,379 - api_entries_etl - DEBUG -   name: Documentオブジェクト
2025-10-12 14:42:10,379 - api_entries_etl - DEBUG - [Relation #105] Created IN_CATEGORY: api_entry::GetViews -> category::Documentオブジェクト
2025-10-12 14:42:10,379 - api_entries_etl - DEBUG - [Node #100] Created EntryType: entry_type::function
2025-10-12 14:42:10,379 - api_entries_etl - DEBUG -   name: function
2025-10-12 14:42:10,379 - api_entries_etl - DEBUG - [Relation #106] Created HAS_ENTRY_TYPE: api_entry::GetViews -> entry_type::function
2025-10-12 14:42:10,381 - api_entries_etl - DEBUG - [Node #101] Created ReturnValue: return::GetViews
2025-10-12 14:42:10,381 - api_entries_etl - DEBUG -   return_type: 不明
2025-10-12 14:42:10,382 - api_entries_etl - DEBUG -   description: Viewオブジェクトの配列
2025-10-12 14:42:10,382 - api_entries_etl - DEBUG -   raw_json: {"type":"不明","description":"Viewオブジェクトの配列"}
2025-10-12 14:42:10,382 - api_entries_etl - DEBUG - [Relation #107] Created HAS_RETURN: api_entry::GetViews -> return::GetViews
2025-10-12 14:42:10,382 - api_entries_etl - DEBUG - [Node #102] Created PseudoCode: pseudo_code::GetViews
2025-10-12 14:42:10,382 - api_entries_etl - DEBUG -   code: GetViews()
2025-10-12 14:42:10,382 - api_entries_etl - DEBUG -   callee: GetViews
2025-10-12 14:42:10,384 - api_entries_etl - DEBUG -   argument_count: 0
2025-10-12 14:42:10,384 - api_entries_etl - DEBUG - [Relation #108] Created HAS_PSEUDO_CODE: api_entry::GetViews -> pseudo_code::GetViews
2025-10-12 14:42:10,384 - api_entries_etl - DEBUG - [Node #103] Created Source: source::GetViews::inline
2025-10-12 14:42:10,384 - api_entries_etl - DEBUG -   text: 〇ドキュメントのビューを取得する
 返り値:Viewオブジェクトの配列
 GetViews()
2025-10-12 14:42:10,384 - api_entries_etl - DEBUG - [Relation #109] Created CITED_FROM: api_entry::GetViews -> source::GetViews::inline
2025-10-12 14:42:10,386 - api_entries_etl - DEBUG - Processing API entry #15: CreateSTLOption
2025-10-12 14:42:10,386 - api_entries_etl - DEBUG - [Node #104] Created APIEntry: api_entry::CreateSTLOption
2025-10-12 14:42:10,386 - api_entries_etl - DEBUG -   name: CreateSTLOption
2025-10-12 14:42:10,386 - api_entries_etl - DEBUG -   category: Documentオブジェクト
2025-10-12 14:42:10,388 - api_entries_etl - DEBUG -   entry_type: function
2025-10-12 14:42:10,388 - api_entries_etl - DEBUG -   description: ドキュメントをSTLとして保存する際のパラメータオブジェクトの作成
2025-10-12 14:42:10,388 - api_entries_etl - DEBUG -   pseudo_code: CreateSTLOption()
2025-10-12 14:42:10,388 - api_entries_etl - DEBUG -   text: ドキュメントをSTLとして保存する際のパラメータオブジェクトの作成

〇ドキュメントをSTLとして保存する際のパラメータオブジェクトの作成
 返り値:STLパラメータオブジェクト
 CreateSTLOption()
2025-10-12 14:42:10,388 - api_entries_etl - DEBUG -   raw_json: {"category":"Documentオブジェクト","entry_type":"function","name":"CreateSTLOption","description":"ドキュメントをSTLとして保存する際のパラメータ...
2025-10-12 14:42:10,390 - api_entries_etl - DEBUG -   position: 14
2025-10-12 14:42:10,390 - api_entries_etl - DEBUG - [Relation #110] Created HAS_ENTRY: api_entries::collection -> api_entry::CreateSTLOption
2025-10-12 14:42:10,390 - api_entries_etl - DEBUG - [Node #105] Created Category: category::Documentオブジェクト
2025-10-12 14:42:10,390 - api_entries_etl - DEBUG -   name: Documentオブジェクト
2025-10-12 14:42:10,390 - api_entries_etl - DEBUG - [Relation #111] Created IN_CATEGORY: api_entry::CreateSTLOption -> category::Documentオブジェクト
2025-10-12 14:42:10,390 - api_entries_etl - DEBUG - [Node #106] Created EntryType: entry_type::function
2025-10-12 14:42:10,392 - api_entries_etl - DEBUG -   name: function
2025-10-12 14:42:10,393 - api_entries_etl - DEBUG - [Relation #112] Created HAS_ENTRY_TYPE: api_entry::CreateSTLOption -> entry_type::function
2025-10-12 14:42:10,393 - api_entries_etl - DEBUG - [Node #107] Created ReturnValue: return::CreateSTLOption
2025-10-12 14:42:10,393 - api_entries_etl - DEBUG -   return_type: 不明
2025-10-12 14:42:10,393 - api_entries_etl - DEBUG -   description: STLパラメータオブジェクト
2025-10-12 14:42:10,393 - api_entries_etl - DEBUG -   raw_json: {"type":"不明","description":"STLパラメータオブジェクト"}
2025-10-12 14:42:10,393 - api_entries_etl - DEBUG - [Relation #113] Created HAS_RETURN: api_entry::CreateSTLOption -> return::CreateSTLOption
2025-10-12 14:42:10,393 - api_entries_etl - DEBUG - [Relation #114] Created RETURNS_ENTRY: return::CreateSTLOption -> api_entry::STLパラメータオブジェクト
2025-10-12 14:42:10,393 - api_entries_etl - WARNING - Destination node 'api_entry::STLパラメータオブジェクト' not found when creating relation
2025-10-12 14:42:10,395 - api_entries_etl - DEBUG - [Node #108] Created PseudoCode: pseudo_code::CreateSTLOption
2025-10-12 14:42:10,395 - api_entries_etl - DEBUG -   code: CreateSTLOption()
2025-10-12 14:42:10,395 - api_entries_etl - DEBUG -   callee: CreateSTLOption
2025-10-12 14:42:10,395 - api_entries_etl - DEBUG -   argument_count: 0
2025-10-12 14:42:10,395 - api_entries_etl - DEBUG - [Relation #115] Created HAS_PSEUDO_CODE: api_entry::CreateSTLOption -> pseudo_code::CreateSTLOption
2025-10-12 14:42:10,395 - api_entries_etl - DEBUG - [Node #109] Created Source: source::CreateSTLOption::inline
2025-10-12 14:42:10,395 - api_entries_etl - DEBUG -   text: 〇ドキュメントをSTLとして保存する際のパラメータオブジェクトの作成
 返り値:STLパラメータオブジェクト
 CreateSTLOption()
2025-10-12 14:42:10,395 - api_entries_etl - DEBUG - [Relation #116] Created CITED_FROM: api_entry::CreateSTLOption -> source::CreateSTLOption::inline
2025-10-12 14:42:10,395 - api_entries_etl - DEBUG - Processing API entry #16: STLパラメータオブジェクト
2025-10-12 14:42:10,395 - api_entries_etl - DEBUG - [Node #110] Created APIEntry: api_entry::STLパラメータオブジェクト
2025-10-12 14:42:10,395 - api_entries_etl - DEBUG -   name: STLパラメータオブジェクト
2025-10-12 14:42:10,395 - api_entries_etl - DEBUG -   category: STLパラメータオブジェクト
2025-10-12 14:42:10,395 - api_entries_etl - DEBUG -   entry_type: object
2025-10-12 14:42:10,395 - api_entries_etl - DEBUG -   description: STLファイル出力時の設定パラメータを格納するオブジェクト
2025-10-12 14:42:10,395 - api_entries_etl - DEBUG -   text: STLファイル出力時の設定パラメータを格納するオブジェクト

〇STLパラメータオブジェクト
2025-10-12 14:42:10,395 - api_entries_etl - DEBUG -   raw_json: {"category":"STLパラメータオブジェクト","entry_type":"object","name":"STLパラメータオブジェクト","description":"STLファイル出力時の設定パラメータを格納するオブジェ...
2025-10-12 14:42:10,395 - api_entries_etl - DEBUG -   position: 15
2025-10-12 14:42:10,395 - api_entries_etl - DEBUG - [Relation #117] Created HAS_ENTRY: api_entries::collection -> api_entry::STLパラメータオブジェクト
2025-10-12 14:42:10,395 - api_entries_etl - DEBUG - [Node #111] Created Category: category::STLパラメータオブジェクト
2025-10-12 14:42:10,395 - api_entries_etl - DEBUG -   name: STLパラメータオブジェクト
2025-10-12 14:42:10,395 - api_entries_etl - DEBUG - [Relation #118] Created IN_CATEGORY: api_entry::STLパラメータオブジェクト -> category::STLパラメータオブジェクト
2025-10-12 14:42:10,395 - api_entries_etl - DEBUG - [Node #112] Created EntryType: entry_type::object
2025-10-12 14:42:10,395 - api_entries_etl - DEBUG -   name: object
2025-10-12 14:42:10,395 - api_entries_etl - DEBUG - [Relation #119] Created HAS_ENTRY_TYPE: api_entry::STLパラメータオブジェクト -> entry_type::object
2025-10-12 14:42:10,395 - api_entries_etl - DEBUG - [Node #113] Created Property: property::STLパラメータオブジェクト::ChordalTolerance
2025-10-12 14:42:10,395 - api_entries_etl - DEBUG -   name: ChordalTolerance
2025-10-12 14:42:10,395 - api_entries_etl - DEBUG -   property_type: 浮動小数点
2025-10-12 14:42:10,395 - api_entries_etl - DEBUG -   unit: mm
2025-10-12 14:42:10,395 - api_entries_etl - DEBUG -   description: メッシュ近似する際の弦の幅の許容トレランスを指定
2025-10-12 14:42:10,395 - api_entries_etl - DEBUG -   raw_json: {"name":"ChordalTolerance","type":"浮動小数点","unit":"mm","description":"メッシュ近似する際の弦の幅の許容トレランスを指定","source":{"text":"Chor...
2025-10-12 14:42:10,395 - api_entries_etl - DEBUG -   position: 0
2025-10-12 14:42:10,395 - api_entries_etl - DEBUG - [Relation #120] Created HAS_PROPERTY: api_entry::STLパラメータオブジェクト -> property::STLパラメータオブジェクト::ChordalTolerance
2025-10-12 14:42:10,395 - api_entries_etl - DEBUG - [Node #114] Created Source: source::STLパラメータオブジェクト::property::ChordalTolerance
2025-10-12 14:42:10,395 - api_entries_etl - DEBUG -   text: ChordalTolerance　// 浮動小数点:メッシュ近似する際の弦の幅の許容トレランスを指定 (mm)
2025-10-12 14:42:10,395 - api_entries_etl - DEBUG - [Relation #121] Created CITED_FROM: property::STLパラメータオブジェクト::ChordalTolerance -> source::STLパラメータオブジェクト::property::ChordalTolerance
2025-10-12 14:42:10,395 - api_entries_etl - DEBUG - [Node #115] Created Property: property::STLパラメータオブジェクト::NormalTolerance
2025-10-12 14:42:10,408 - api_entries_etl - DEBUG -   name: NormalTolerance
2025-10-12 14:42:10,408 - api_entries_etl - DEBUG -   property_type: 浮動小数点
2025-10-12 14:42:10,408 - api_entries_etl - DEBUG -   unit: Degree
2025-10-12 14:42:10,408 - api_entries_etl - DEBUG -   description: メッシュ近似した場合のポリゴンの面と局面との法線方向のずれ角度の許容値
2025-10-12 14:42:10,408 - api_entries_etl - DEBUG -   raw_json: {"name":"NormalTolerance","type":"浮動小数点","unit":"Degree","description":"メッシュ近似した場合のポリゴンの面と局面との法線方向のずれ角度の許容値","source"...
2025-10-12 14:42:10,409 - api_entries_etl - DEBUG -   position: 1
2025-10-12 14:42:10,409 - api_entries_etl - DEBUG - [Relation #122] Created HAS_PROPERTY: api_entry::STLパラメータオブジェクト -> property::STLパラメータオブジェクト::NormalTolerance
2025-10-12 14:42:10,409 - api_entries_etl - DEBUG - [Node #116] Created Source: source::STLパラメータオブジェクト::property::NormalTolerance
2025-10-12 14:42:10,409 - api_entries_etl - DEBUG -   text: NormalTolerance　// 浮動小数点:メッシュ近似した場合のポリゴンの面と局面との法線方向のずれ角度の許容値（Degree)
2025-10-12 14:42:10,409 - api_entries_etl - DEBUG - [Relation #123] Created CITED_FROM: property::STLパラメータオブジェクト::NormalTolerance -> source::STLパラメータオブジェクト::property::NormalTolerance
2025-10-12 14:42:10,409 - api_entries_etl - DEBUG - [Node #117] Created Property: property::STLパラメータオブジェクト::SigDigits
2025-10-12 14:42:10,409 - api_entries_etl - DEBUG -   name: SigDigits
2025-10-12 14:42:10,409 - api_entries_etl - DEBUG -   property_type: 整数
2025-10-12 14:42:10,409 - api_entries_etl - DEBUG -   description: 頂点座標値の有効桁数
2025-10-12 14:42:10,409 - api_entries_etl - DEBUG -   raw_json: {"name":"SigDigits","type":"整数","description":"頂点座標値の有効桁数","source":{"text":"SigDigits　// 整数:頂点座標値の有効桁数"}}
2025-10-12 14:42:10,409 - api_entries_etl - DEBUG -   position: 2
2025-10-12 14:42:10,412 - api_entries_etl - DEBUG - [Relation #124] Created HAS_PROPERTY: api_entry::STLパラメータオブジェクト -> property::STLパラメータオブジェクト::SigDigits
2025-10-12 14:42:10,412 - api_entries_etl - DEBUG - [Node #118] Created Source: source::STLパラメータオブジェクト::property::SigDigits
2025-10-12 14:42:10,412 - api_entries_etl - DEBUG -   text: SigDigits　// 整数:頂点座標値の有効桁数
2025-10-12 14:42:10,412 - api_entries_etl - DEBUG - [Relation #125] Created CITED_FROM: property::STLパラメータオブジェクト::SigDigits -> source::STLパラメータオブジェクト::property::SigDigits
2025-10-12 14:42:10,412 - api_entries_etl - DEBUG - [Node #119] Created Property: property::STLパラメータオブジェクト::MinMeshLength
2025-10-12 14:42:10,412 - api_entries_etl - DEBUG -   name: MinMeshLength
2025-10-12 14:42:10,412 - api_entries_etl - DEBUG -   property_type: 浮動小数点
2025-10-12 14:42:10,412 - api_entries_etl - DEBUG -   unit: mm
2025-10-12 14:42:10,412 - api_entries_etl - DEBUG -   default_value: 0.0
2025-10-12 14:42:10,415 - api_entries_etl - DEBUG -   default_json: "0.0"
2025-10-12 14:42:10,415 - api_entries_etl - DEBUG -   description: メッシュの辺の最小サイズを指定する場合は指定
2025-10-12 14:42:10,415 - api_entries_etl - DEBUG -   raw_json: {"name":"MinMeshLength","type":"浮動小数点","unit":"mm","default":"0.0","description":"メッシュの辺の最小サイズを指定する場合は指定","source":{"...
2025-10-12 14:42:10,415 - api_entries_etl - DEBUG -   position: 3
2025-10-12 14:42:10,417 - api_entries_etl - DEBUG - [Relation #126] Created HAS_PROPERTY: api_entry::STLパラメータオブジェクト -> property::STLパラメータオブジェクト::MinMeshLength
2025-10-12 14:42:10,417 - api_entries_etl - DEBUG - [Node #120] Created Source: source::STLパラメータオブジェクト::property::MinMeshLength
2025-10-12 14:42:10,417 - api_entries_etl - DEBUG -   text: MinMeshLength　// 浮動小数点:メッシュの辺の最小サイズを指定する場合は指定(mm)（指定しない場合は０）
2025-10-12 14:42:10,417 - api_entries_etl - DEBUG - [Relation #127] Created CITED_FROM: property::STLパラメータオブジェクト::MinMeshLength -> source::STLパラメータオブジェクト::property::MinMeshLength
2025-10-12 14:42:10,417 - api_entries_etl - DEBUG - [Node #121] Created Property: property::STLパラメータオブジェクト::MaxMeshLength
2025-10-12 14:42:10,417 - api_entries_etl - DEBUG -   name: MaxMeshLength
2025-10-12 14:42:10,417 - api_entries_etl - DEBUG -   property_type: 浮動小数点
2025-10-12 14:42:10,417 - api_entries_etl - DEBUG -   unit: mm
2025-10-12 14:42:10,417 - api_entries_etl - DEBUG -   default_value: 0.0
2025-10-12 14:42:10,417 - api_entries_etl - DEBUG -   default_json: "0.0"
2025-10-12 14:42:10,417 - api_entries_etl - DEBUG -   description: メッシュの辺の最大サイズを指定する場合は指定
2025-10-12 14:42:10,417 - api_entries_etl - DEBUG -   raw_json: {"name":"MaxMeshLength","type":"浮動小数点","unit":"mm","default":"0.0","description":"メッシュの辺の最大サイズを指定する場合は指定","source":{"...
2025-10-12 14:42:10,417 - api_entries_etl - DEBUG -   position: 4
2025-10-12 14:42:10,417 - api_entries_etl - DEBUG - [Relation #128] Created HAS_PROPERTY: api_entry::STLパラメータオブジェクト -> property::STLパラメータオブジェクト::MaxMeshLength
2025-10-12 14:42:10,417 - api_entries_etl - DEBUG - [Node #122] Created Source: source::STLパラメータオブジェクト::property::MaxMeshLength
2025-10-12 14:42:10,417 - api_entries_etl - DEBUG -   text: MaxMeshLength　// 浮動小数点:メッシュの辺の最大サイズを指定する場合は指定(mm)（指定しない場合は０）
2025-10-12 14:42:10,417 - api_entries_etl - DEBUG - [Relation #129] Created CITED_FROM: property::STLパラメータオブジェクト::MaxMeshLength -> source::STLパラメータオブジェクト::property::MaxMeshLength
2025-10-12 14:42:10,417 - api_entries_etl - DEBUG - [Node #123] Created Property: property::STLパラメータオブジェクト::Elements
2025-10-12 14:42:10,417 - api_entries_etl - DEBUG -   name: Elements
2025-10-12 14:42:10,417 - api_entries_etl - DEBUG -   property_type: 要素(配列)
2025-10-12 14:42:10,417 - api_entries_etl - DEBUG -   default_value: 表示されている全ての要素を出力
2025-10-12 14:42:10,417 - api_entries_etl - DEBUG -   default_json: "表示されている全ての要素を出力"
2025-10-12 14:42:10,417 - api_entries_etl - DEBUG -   description: STL出力する要素を指定
2025-10-12 14:42:10,417 - api_entries_etl - DEBUG -   raw_json: {"name":"Elements","type":"要素(配列)","default":"表示されている全ての要素を出力","description":"STL出力する要素を指定","source":{"text":"Element...
2025-10-12 14:42:10,424 - api_entries_etl - DEBUG -   position: 5
2025-10-12 14:42:10,424 - api_entries_etl - DEBUG - [Relation #130] Created HAS_PROPERTY: api_entry::STLパラメータオブジェクト -> property::STLパラメータオブジェクト::Elements
2025-10-12 14:42:10,424 - api_entries_etl - DEBUG - [Node #124] Created Source: source::STLパラメータオブジェクト::property::Elements
2025-10-12 14:42:10,424 - api_entries_etl - DEBUG -   text: Elements　 // 要素(配列)：STL出力する要素を指定（指定しない場合は表示されている全ての要素を出力します）
2025-10-12 14:42:10,424 - api_entries_etl - DEBUG - [Relation #131] Created CITED_FROM: property::STLパラメータオブジェクト::Elements -> source::STLパラメータオブジェクト::property::Elements
2025-10-12 14:42:10,424 - api_entries_etl - DEBUG - [Node #125] Created Source: source::STLパラメータオブジェクト::inline
2025-10-12 14:42:10,424 - api_entries_etl - DEBUG -   text: 〇STLパラメータオブジェクト
2025-10-12 14:42:10,424 - api_entries_etl - DEBUG - [Relation #132] Created CITED_FROM: api_entry::STLパラメータオブジェクト -> source::STLパラメータオブジェクト::inline
2025-10-12 14:42:10,424 - api_entries_etl - DEBUG - Processing API entry #17: ExporAsSTL
2025-10-12 14:42:10,424 - api_entries_etl - DEBUG - [Node #126] Created APIEntry: api_entry::ExporAsSTL
2025-10-12 14:42:10,424 - api_entries_etl - DEBUG -   name: ExporAsSTL
2025-10-12 14:42:10,424 - api_entries_etl - DEBUG -   category: Documentオブジェクト
2025-10-12 14:42:10,424 - api_entries_etl - DEBUG -   entry_type: function
2025-10-12 14:42:10,424 - api_entries_etl - DEBUG -   description: ドキュメントをSTLとして保存する
2025-10-12 14:42:10,424 - api_entries_etl - DEBUG -   pseudo_code: ExporAsSTL(FileName, pOpt)
2025-10-12 14:42:10,424 - api_entries_etl - DEBUG -   text: ドキュメントをSTLとして保存する

〇ドキュメントをSTLとして保存する
 返り値:なし
  ExporAsSTL(
   FileName, // 文字列：保存するSTLファイルパス名
   pOpt) //STLパラメータオブジェクト
2025-10-12 14:42:10,424 - api_entries_etl - DEBUG -   raw_json: {"category":"Documentオブジェクト","entry_type":"function","name":"ExporAsSTL","description":"ドキュメントをSTLとして保存する","pseudo_co...
2025-10-12 14:42:10,424 - api_entries_etl - DEBUG -   position: 16
2025-10-12 14:42:10,424 - api_entries_etl - DEBUG - [Relation #133] Created HAS_ENTRY: api_entries::collection -> api_entry::ExporAsSTL
2025-10-12 14:42:10,424 - api_entries_etl - DEBUG - [Node #127] Created Category: category::Documentオブジェクト
2025-10-12 14:42:10,429 - api_entries_etl - DEBUG -   name: Documentオブジェクト
2025-10-12 14:42:10,429 - api_entries_etl - DEBUG - [Relation #134] Created IN_CATEGORY: api_entry::ExporAsSTL -> category::Documentオブジェクト
2025-10-12 14:42:10,429 - api_entries_etl - DEBUG - [Node #128] Created EntryType: entry_type::function
2025-10-12 14:42:10,430 - api_entries_etl - DEBUG -   name: function
2025-10-12 14:42:10,431 - api_entries_etl - DEBUG - [Relation #135] Created HAS_ENTRY_TYPE: api_entry::ExporAsSTL -> entry_type::function
2025-10-12 14:42:10,431 - api_entries_etl - DEBUG - [Node #129] Created Parameter: param::ExporAsSTL::FileName
2025-10-12 14:42:10,432 - api_entries_etl - DEBUG -   name: FileName
2025-10-12 14:42:10,432 - api_entries_etl - DEBUG -   param_type: 文字列
2025-10-12 14:42:10,432 - api_entries_etl - DEBUG -   position: 0
2025-10-12 14:42:10,432 - api_entries_etl - DEBUG -   description: 保存するSTLファイルパス名
2025-10-12 14:42:10,432 - api_entries_etl - DEBUG -   raw_json: {"name":"FileName","type":"文字列","description":"保存するSTLファイルパス名","position":0}
2025-10-12 14:42:10,432 - api_entries_etl - DEBUG - [Relation #136] Created HAS_PARAMETER: api_entry::ExporAsSTL -> param::ExporAsSTL::FileName
2025-10-12 14:42:10,432 - api_entries_etl - DEBUG - [Node #130] Created Parameter: param::ExporAsSTL::pOpt
2025-10-12 14:42:10,432 - api_entries_etl - DEBUG -   name: pOpt
2025-10-12 14:42:10,432 - api_entries_etl - DEBUG -   param_type: オブジェクト
2025-10-12 14:42:10,432 - api_entries_etl - DEBUG -   position: 1
2025-10-12 14:42:10,432 - api_entries_etl - DEBUG -   description: STLパラメータオブジェクト
2025-10-12 14:42:10,432 - api_entries_etl - DEBUG -   raw_json: {"name":"pOpt","type":"オブジェクト","description":"STLパラメータオブジェクト","position":1}
2025-10-12 14:42:10,432 - api_entries_etl - DEBUG - [Relation #137] Created HAS_PARAMETER: api_entry::ExporAsSTL -> param::ExporAsSTL::pOpt
2025-10-12 14:42:10,432 - api_entries_etl - DEBUG - [Node #131] Created ReturnValue: return::ExporAsSTL
2025-10-12 14:42:10,432 - api_entries_etl - DEBUG -   return_type: void
2025-10-12 14:42:10,432 - api_entries_etl - DEBUG -   description: なし
2025-10-12 14:42:10,432 - api_entries_etl - DEBUG -   raw_json: {"type":"void","description":"なし"}
2025-10-12 14:42:10,432 - api_entries_etl - DEBUG - [Relation #138] Created HAS_RETURN: api_entry::ExporAsSTL -> return::ExporAsSTL
2025-10-12 14:42:10,432 - api_entries_etl - DEBUG - [Node #132] Created PseudoCode: pseudo_code::ExporAsSTL
2025-10-12 14:42:10,432 - api_entries_etl - DEBUG -   code: ExporAsSTL(FileName, pOpt)
2025-10-12 14:42:10,432 - api_entries_etl - DEBUG -   callee: ExporAsSTL
2025-10-12 14:42:10,432 - api_entries_etl - DEBUG -   argument_count: 2
2025-10-12 14:42:10,432 - api_entries_etl - DEBUG -   arguments_json: ["FileName","pOpt"]
2025-10-12 14:42:10,432 - api_entries_etl - DEBUG - [Relation #139] Created HAS_PSEUDO_CODE: api_entry::ExporAsSTL -> pseudo_code::ExporAsSTL
2025-10-12 14:42:10,432 - api_entries_etl - DEBUG - [Node #133] Created PseudoCodeArgument: pseudo_code::ExporAsSTL::arg::0
2025-10-12 14:42:10,432 - api_entries_etl - DEBUG -   text: FileName
2025-10-12 14:42:10,432 - api_entries_etl - DEBUG -   position: 0
2025-10-12 14:42:10,432 - api_entries_etl - DEBUG -   normalized_text: filename
2025-10-12 14:42:10,432 - api_entries_etl - DEBUG - [Relation #140] Created HAS_ARGUMENT: pseudo_code::ExporAsSTL -> pseudo_code::ExporAsSTL::arg::0
2025-10-12 14:42:10,432 - api_entries_etl - DEBUG - [Relation #141] Created ARGUMENT_MATCHES_PARAMETER: pseudo_code::ExporAsSTL::arg::0 -> param::ExporAsSTL::FileName
2025-10-12 14:42:10,432 - api_entries_etl - DEBUG - [Node #134] Created PseudoCodeArgument: pseudo_code::ExporAsSTL::arg::1
2025-10-12 14:42:10,432 - api_entries_etl - DEBUG -   text: pOpt
2025-10-12 14:42:10,432 - api_entries_etl - DEBUG -   position: 1
2025-10-12 14:42:10,432 - api_entries_etl - DEBUG -   normalized_text: popt
2025-10-12 14:42:10,432 - api_entries_etl - DEBUG - [Relation #142] Created HAS_ARGUMENT: pseudo_code::ExporAsSTL -> pseudo_code::ExporAsSTL::arg::1
2025-10-12 14:42:10,432 - api_entries_etl - DEBUG - [Relation #143] Created ARGUMENT_MATCHES_PARAMETER: pseudo_code::ExporAsSTL::arg::1 -> param::ExporAsSTL::pOpt
2025-10-12 14:42:10,432 - api_entries_etl - DEBUG - [Node #135] Created Source: source::ExporAsSTL::inline
2025-10-12 14:42:10,432 - api_entries_etl - DEBUG -   text: 〇ドキュメントをSTLとして保存する
 返り値:なし
  ExporAsSTL(
   FileName, // 文字列：保存するSTLファイルパス名
   pOpt) //STLパラメータオブジェクト
2025-10-12 14:42:10,432 - api_entries_etl - DEBUG - [Relation #144] Created CITED_FROM: api_entry::ExporAsSTL -> source::ExporAsSTL::inline
2025-10-12 14:42:10,432 - api_entries_etl - DEBUG - Processing API entry #18: SetDirection
2025-10-12 14:42:10,432 - api_entries_etl - DEBUG - [Node #136] Created APIEntry: api_entry::SetDirection
2025-10-12 14:42:10,432 - api_entries_etl - DEBUG -   name: SetDirection
2025-10-12 14:42:10,432 - api_entries_etl - DEBUG -   category: Viewオブジェクト
2025-10-12 14:42:10,432 - api_entries_etl - DEBUG -   entry_type: function
2025-10-12 14:42:10,432 - api_entries_etl - DEBUG -   description: ビューの表示方向を設定する
2025-10-12 14:42:10,432 - api_entries_etl - DEBUG -   pseudo_code: SetDirection(outDir, upDir, bFitToModel)
2025-10-12 14:42:10,432 - api_entries_etl - DEBUG -   text: ビューの表示方向を設定する

〇ビューの表示方向を設定する
 返り値:なし
  SetDirection(
  outDir, // 方向： 画面から外側に向く方向
    upDir, // 方向： 画面の上方向
  bFitToM...
2025-10-12 14:42:10,432 - api_entries_etl - DEBUG -   raw_json: {"category":"Viewオブジェクト","entry_type":"function","name":"SetDirection","description":"ビューの表示方向を設定する","pseudo_code":"S...
2025-10-12 14:42:10,432 - api_entries_etl - DEBUG -   position: 17
2025-10-12 14:42:10,432 - api_entries_etl - DEBUG - [Relation #145] Created HAS_ENTRY: api_entries::collection -> api_entry::SetDirection
2025-10-12 14:42:10,432 - api_entries_etl - DEBUG - [Node #137] Created Category: category::Viewオブジェクト
2025-10-12 14:42:10,432 - api_entries_etl - DEBUG -   name: Viewオブジェクト
2025-10-12 14:42:10,432 - api_entries_etl - DEBUG - [Relation #146] Created IN_CATEGORY: api_entry::SetDirection -> category::Viewオブジェクト
2025-10-12 14:42:10,432 - api_entries_etl - DEBUG - [Node #138] Created EntryType: entry_type::function
2025-10-12 14:42:10,432 - api_entries_etl - DEBUG -   name: function
2025-10-12 14:42:10,432 - api_entries_etl - DEBUG - [Relation #147] Created HAS_ENTRY_TYPE: api_entry::SetDirection -> entry_type::function
2025-10-12 14:42:10,432 - api_entries_etl - DEBUG - [Node #139] Created Parameter: param::SetDirection::outDir
2025-10-12 14:42:10,432 - api_entries_etl - DEBUG -   name: outDir
2025-10-12 14:42:10,432 - api_entries_etl - DEBUG -   param_type: 方向
2025-10-12 14:42:10,432 - api_entries_etl - DEBUG -   position: 0
2025-10-12 14:42:10,432 - api_entries_etl - DEBUG -   description: 画面から外側に向く方向
2025-10-12 14:42:10,432 - api_entries_etl - DEBUG -   raw_json: {"name":"outDir","type":"方向","description":"画面から外側に向く方向","position":0}
2025-10-12 14:42:10,432 - api_entries_etl - DEBUG - [Relation #148] Created HAS_PARAMETER: api_entry::SetDirection -> param::SetDirection::outDir
2025-10-12 14:42:10,432 - api_entries_etl - DEBUG - [Node #140] Created Parameter: param::SetDirection::upDir
2025-10-12 14:42:10,432 - api_entries_etl - DEBUG -   name: upDir
2025-10-12 14:42:10,432 - api_entries_etl - DEBUG -   param_type: 方向
2025-10-12 14:42:10,432 - api_entries_etl - DEBUG -   position: 1
2025-10-12 14:42:10,432 - api_entries_etl - DEBUG -   description: 画面の上方向
2025-10-12 14:42:10,432 - api_entries_etl - DEBUG -   raw_json: {"name":"upDir","type":"方向","description":"画面の上方向","position":1}
2025-10-12 14:42:10,432 - api_entries_etl - DEBUG - [Relation #149] Created HAS_PARAMETER: api_entry::SetDirection -> param::SetDirection::upDir
2025-10-12 14:42:10,432 - api_entries_etl - DEBUG - [Node #141] Created Parameter: param::SetDirection::bFitToModel
2025-10-12 14:42:10,432 - api_entries_etl - DEBUG -   name: bFitToModel
2025-10-12 14:42:10,432 - api_entries_etl - DEBUG -   param_type: bool
2025-10-12 14:42:10,432 - api_entries_etl - DEBUG -   position: 2
2025-10-12 14:42:10,432 - api_entries_etl - DEBUG -   description: 表示方向にあわせて表示範囲を要素にフィットさせる時はTrue
2025-10-12 14:42:10,432 - api_entries_etl - DEBUG -   raw_json: {"name":"bFitToModel","type":"bool","description":"表示方向にあわせて表示範囲を要素にフィットさせる時はTrue","position":2}
2025-10-12 14:42:10,432 - api_entries_etl - DEBUG - [Relation #150] Created HAS_PARAMETER: api_entry::SetDirection -> param::SetDirection::bFitToModel
2025-10-12 14:42:10,447 - api_entries_etl - DEBUG - [Node #142] Created ReturnValue: return::SetDirection
2025-10-12 14:42:10,447 - api_entries_etl - DEBUG -   return_type: void
2025-10-12 14:42:10,447 - api_entries_etl - DEBUG -   description: なし
2025-10-12 14:42:10,447 - api_entries_etl - DEBUG -   raw_json: {"type":"void","description":"なし"}
2025-10-12 14:42:10,447 - api_entries_etl - DEBUG - [Relation #151] Created HAS_RETURN: api_entry::SetDirection -> return::SetDirection
2025-10-12 14:42:10,447 - api_entries_etl - DEBUG - [Node #143] Created PseudoCode: pseudo_code::SetDirection
2025-10-12 14:42:10,447 - api_entries_etl - DEBUG -   code: SetDirection(outDir, upDir, bFitToModel)
2025-10-12 14:42:10,447 - api_entries_etl - DEBUG -   callee: SetDirection
2025-10-12 14:42:10,447 - api_entries_etl - DEBUG -   argument_count: 3
2025-10-12 14:42:10,447 - api_entries_etl - DEBUG -   arguments_json: ["outDir","upDir","bFitToModel"]
2025-10-12 14:42:10,447 - api_entries_etl - DEBUG - [Relation #152] Created HAS_PSEUDO_CODE: api_entry::SetDirection -> pseudo_code::SetDirection
2025-10-12 14:42:10,447 - api_entries_etl - DEBUG - [Node #144] Created PseudoCodeArgument: pseudo_code::SetDirection::arg::0
2025-10-12 14:42:10,447 - api_entries_etl - DEBUG -   text: outDir
2025-10-12 14:42:10,447 - api_entries_etl - DEBUG -   position: 0
2025-10-12 14:42:10,447 - api_entries_etl - DEBUG -   normalized_text: outdir
2025-10-12 14:42:10,447 - api_entries_etl - DEBUG - [Relation #153] Created HAS_ARGUMENT: pseudo_code::SetDirection -> pseudo_code::SetDirection::arg::0
2025-10-12 14:42:10,447 - api_entries_etl - DEBUG - [Relation #154] Created ARGUMENT_MATCHES_PARAMETER: pseudo_code::SetDirection::arg::0 -> param::SetDirection::outDir
2025-10-12 14:42:10,447 - api_entries_etl - DEBUG - [Node #145] Created PseudoCodeArgument: pseudo_code::SetDirection::arg::1
2025-10-12 14:42:10,447 - api_entries_etl - DEBUG -   text: upDir
2025-10-12 14:42:10,447 - api_entries_etl - DEBUG -   position: 1
2025-10-12 14:42:10,447 - api_entries_etl - DEBUG -   normalized_text: updir
2025-10-12 14:42:10,447 - api_entries_etl - DEBUG - [Relation #155] Created HAS_ARGUMENT: pseudo_code::SetDirection -> pseudo_code::SetDirection::arg::1
2025-10-12 14:42:10,447 - api_entries_etl - DEBUG - [Relation #156] Created ARGUMENT_MATCHES_PARAMETER: pseudo_code::SetDirection::arg::1 -> param::SetDirection::upDir
2025-10-12 14:42:10,447 - api_entries_etl - DEBUG - [Node #146] Created PseudoCodeArgument: pseudo_code::SetDirection::arg::2
2025-10-12 14:42:10,447 - api_entries_etl - DEBUG -   text: bFitToModel
2025-10-12 14:42:10,447 - api_entries_etl - DEBUG -   position: 2
2025-10-12 14:42:10,447 - api_entries_etl - DEBUG -   normalized_text: bfittomodel
2025-10-12 14:42:10,447 - api_entries_etl - DEBUG - [Relation #157] Created HAS_ARGUMENT: pseudo_code::SetDirection -> pseudo_code::SetDirection::arg::2
2025-10-12 14:42:10,447 - api_entries_etl - DEBUG - [Relation #158] Created ARGUMENT_MATCHES_PARAMETER: pseudo_code::SetDirection::arg::2 -> param::SetDirection::bFitToModel
2025-10-12 14:42:10,447 - api_entries_etl - DEBUG - [Node #147] Created Source: source::SetDirection::inline
2025-10-12 14:42:10,447 - api_entries_etl - DEBUG -   text: 〇ビューの表示方向を設定する
 返り値:なし
  SetDirection(
  outDir, // 方向： 画面から外側に向く方向
    upDir, // 方向： 画面の上方向
  bFitToModel ) // bool：...
2025-10-12 14:42:10,447 - api_entries_etl - DEBUG - [Relation #159] Created CITED_FROM: api_entry::SetDirection -> source::SetDirection::inline
2025-10-12 14:42:10,447 - api_entries_etl - DEBUG - Processing API entry #19: ExportToBitmap
2025-10-12 14:42:10,447 - api_entries_etl - DEBUG - [Node #148] Created APIEntry: api_entry::ExportToBitmap
2025-10-12 14:42:10,447 - api_entries_etl - DEBUG -   name: ExportToBitmap
2025-10-12 14:42:10,447 - api_entries_etl - DEBUG -   category: Viewオブジェクト
2025-10-12 14:42:10,447 - api_entries_etl - DEBUG -   entry_type: function
2025-10-12 14:42:10,447 - api_entries_etl - DEBUG -   description: ビューの表示内容をビットマップファイルとして出力する
2025-10-12 14:42:10,447 - api_entries_etl - DEBUG -   pseudo_code: ExportToBitmap(FileName, nBitapWidth)
2025-10-12 14:42:10,447 - api_entries_etl - DEBUG -   text: ビューの表示内容をビットマップファイルとして出力する

〇ビューの表示内容をビットマップファイルとして出力する
 返り値:なし
 ExportToBitmap(
  FileName, // 文字列：ビットマップファイルのファイル名
...
2025-10-12 14:42:10,447 - api_entries_etl - DEBUG -   raw_json: {"category":"Viewオブジェクト","entry_type":"function","name":"ExportToBitmap","description":"ビューの表示内容をビットマップファイルとして出力する","...
2025-10-12 14:42:10,447 - api_entries_etl - DEBUG -   position: 18
2025-10-12 14:42:10,447 - api_entries_etl - DEBUG - [Relation #160] Created HAS_ENTRY: api_entries::collection -> api_entry::ExportToBitmap
2025-10-12 14:42:10,447 - api_entries_etl - DEBUG - [Node #149] Created Category: category::Viewオブジェクト
2025-10-12 14:42:10,447 - api_entries_etl - DEBUG -   name: Viewオブジェクト
2025-10-12 14:42:10,447 - api_entries_etl - DEBUG - [Relation #161] Created IN_CATEGORY: api_entry::ExportToBitmap -> category::Viewオブジェクト
2025-10-12 14:42:10,447 - api_entries_etl - DEBUG - [Node #150] Created EntryType: entry_type::function
2025-10-12 14:42:10,447 - api_entries_etl - DEBUG -   name: function
2025-10-12 14:42:10,447 - api_entries_etl - DEBUG - [Relation #162] Created HAS_ENTRY_TYPE: api_entry::ExportToBitmap -> entry_type::function
2025-10-12 14:42:10,447 - api_entries_etl - DEBUG - [Node #151] Created Parameter: param::ExportToBitmap::FileName
2025-10-12 14:42:10,447 - api_entries_etl - DEBUG -   name: FileName
2025-10-12 14:42:10,447 - api_entries_etl - DEBUG -   param_type: 文字列
2025-10-12 14:42:10,447 - api_entries_etl - DEBUG -   position: 0
2025-10-12 14:42:10,447 - api_entries_etl - DEBUG -   description: ビットマップファイルのファイル名
2025-10-12 14:42:10,447 - api_entries_etl - DEBUG -   raw_json: {"name":"FileName","type":"文字列","description":"ビットマップファイルのファイル名","position":0}
2025-10-12 14:42:10,447 - api_entries_etl - DEBUG - [Relation #163] Created HAS_PARAMETER: api_entry::ExportToBitmap -> param::ExportToBitmap::FileName
2025-10-12 14:42:10,447 - api_entries_etl - DEBUG - [Node #152] Created Parameter: param::ExportToBitmap::nBitapWidth
2025-10-12 14:42:10,447 - api_entries_etl - DEBUG -   name: nBitapWidth
2025-10-12 14:42:10,447 - api_entries_etl - DEBUG -   param_type: 整数
2025-10-12 14:42:10,447 - api_entries_etl - DEBUG -   position: 1
2025-10-12 14:42:10,447 - api_entries_etl - DEBUG -   description: ビットマップファイルの横方向のピクセルサイズ（縦方向はビューの縦横比から取得）
2025-10-12 14:42:10,447 - api_entries_etl - DEBUG -   raw_json: {"name":"nBitapWidth","type":"整数","description":"ビットマップファイルの横方向のピクセルサイズ（縦方向はビューの縦横比から取得）","position":1}
2025-10-12 14:42:10,447 - api_entries_etl - DEBUG - [Relation #164] Created HAS_PARAMETER: api_entry::ExportToBitmap -> param::ExportToBitmap::nBitapWidth
2025-10-12 14:42:10,447 - api_entries_etl - DEBUG - [Node #153] Created ReturnValue: return::ExportToBitmap
2025-10-12 14:42:10,447 - api_entries_etl - DEBUG -   return_type: void
2025-10-12 14:42:10,447 - api_entries_etl - DEBUG -   description: なし
2025-10-12 14:42:10,447 - api_entries_etl - DEBUG -   raw_json: {"type":"void","description":"なし"}
2025-10-12 14:42:10,447 - api_entries_etl - DEBUG - [Relation #165] Created HAS_RETURN: api_entry::ExportToBitmap -> return::ExportToBitmap
2025-10-12 14:42:10,447 - api_entries_etl - DEBUG - [Node #154] Created PseudoCode: pseudo_code::ExportToBitmap
2025-10-12 14:42:10,447 - api_entries_etl - DEBUG -   code: ExportToBitmap(FileName, nBitapWidth)
2025-10-12 14:42:10,447 - api_entries_etl - DEBUG -   callee: ExportToBitmap
2025-10-12 14:42:10,447 - api_entries_etl - DEBUG -   argument_count: 2
2025-10-12 14:42:10,447 - api_entries_etl - DEBUG -   arguments_json: ["FileName","nBitapWidth"]
2025-10-12 14:42:10,447 - api_entries_etl - DEBUG - [Relation #166] Created HAS_PSEUDO_CODE: api_entry::ExportToBitmap -> pseudo_code::ExportToBitmap
2025-10-12 14:42:10,447 - api_entries_etl - DEBUG - [Node #155] Created PseudoCodeArgument: pseudo_code::ExportToBitmap::arg::0
2025-10-12 14:42:10,447 - api_entries_etl - DEBUG -   text: FileName
2025-10-12 14:42:10,447 - api_entries_etl - DEBUG -   position: 0
2025-10-12 14:42:10,447 - api_entries_etl - DEBUG -   normalized_text: filename
2025-10-12 14:42:10,447 - api_entries_etl - DEBUG - [Relation #167] Created HAS_ARGUMENT: pseudo_code::ExportToBitmap -> pseudo_code::ExportToBitmap::arg::0
2025-10-12 14:42:10,447 - api_entries_etl - DEBUG - [Relation #168] Created ARGUMENT_MATCHES_PARAMETER: pseudo_code::ExportToBitmap::arg::0 -> param::ExportToBitmap::FileName
2025-10-12 14:42:10,447 - api_entries_etl - DEBUG - [Node #156] Created PseudoCodeArgument: pseudo_code::ExportToBitmap::arg::1
2025-10-12 14:42:10,447 - api_entries_etl - DEBUG -   text: nBitapWidth
2025-10-12 14:42:10,447 - api_entries_etl - DEBUG -   position: 1
2025-10-12 14:42:10,447 - api_entries_etl - DEBUG -   normalized_text: nbitapwidth
2025-10-12 14:42:10,447 - api_entries_etl - DEBUG - [Relation #169] Created HAS_ARGUMENT: pseudo_code::ExportToBitmap -> pseudo_code::ExportToBitmap::arg::1
2025-10-12 14:42:10,447 - api_entries_etl - DEBUG - [Relation #170] Created ARGUMENT_MATCHES_PARAMETER: pseudo_code::ExportToBitmap::arg::1 -> param::ExportToBitmap::nBitapWidth
2025-10-12 14:42:10,447 - api_entries_etl - DEBUG - [Node #157] Created Source: source::ExportToBitmap::inline
2025-10-12 14:42:10,447 - api_entries_etl - DEBUG -   text: 〇ビューの表示内容をビットマップファイルとして出力する
 返り値:なし
 ExportToBitmap(
  FileName, // 文字列：ビットマップファイルのファイル名
  nBitapWidth ) // 整数:ビットマップ...
2025-10-12 14:42:10,447 - api_entries_etl - DEBUG - [Relation #171] Created CITED_FROM: api_entry::ExportToBitmap -> source::ExportToBitmap::inline
2025-10-12 14:42:10,447 - api_entries_etl - DEBUG - Processing API entry #20: CreateVariable
2025-10-12 14:42:10,447 - api_entries_etl - DEBUG - [Node #158] Created APIEntry: api_entry::CreateVariable
2025-10-12 14:42:10,447 - api_entries_etl - DEBUG -   name: CreateVariable
2025-10-12 14:42:10,447 - api_entries_etl - DEBUG -   category: Partオブジェクト
2025-10-12 14:42:10,447 - api_entries_etl - DEBUG -   entry_type: function
2025-10-12 14:42:10,447 - api_entries_etl - DEBUG -   description: 変数要素の作成
2025-10-12 14:42:10,447 - api_entries_etl - DEBUG -   pseudo_code: CreateVariable(VariableName, VariableValue, VariableUnit, VariableElementGroup)
2025-10-12 14:42:10,447 - api_entries_etl - DEBUG -   text: 変数要素の作成

〇変数要素の作成
　返り値:作成された変数要素の要素ID
　CreateVariable(
        VariableName, // 文字列：作成する変数名称（空文字不可）
        VariableV...
2025-10-12 14:42:10,447 - api_entries_etl - DEBUG -   raw_json: {"category":"Partオブジェクト","entry_type":"function","name":"CreateVariable","description":"変数要素の作成","pseudo_code":"Creat...
2025-10-12 14:42:10,447 - api_entries_etl - DEBUG -   position: 19
2025-10-12 14:42:10,447 - api_entries_etl - DEBUG - [Relation #172] Created HAS_ENTRY: api_entries::collection -> api_entry::CreateVariable
2025-10-12 14:42:10,447 - api_entries_etl - DEBUG - [Node #159] Created Category: category::Partオブジェクト
2025-10-12 14:42:10,447 - api_entries_etl - DEBUG -   name: Partオブジェクト
2025-10-12 14:42:10,447 - api_entries_etl - DEBUG - [Relation #173] Created IN_CATEGORY: api_entry::CreateVariable -> category::Partオブジェクト
2025-10-12 14:42:10,447 - api_entries_etl - DEBUG - [Node #160] Created EntryType: entry_type::function
2025-10-12 14:42:10,447 - api_entries_etl - DEBUG -   name: function
2025-10-12 14:42:10,447 - api_entries_etl - DEBUG - [Relation #174] Created HAS_ENTRY_TYPE: api_entry::CreateVariable -> entry_type::function
2025-10-12 14:42:10,447 - api_entries_etl - DEBUG - [Node #161] Created Parameter: param::CreateVariable::VariableName
2025-10-12 14:42:10,447 - api_entries_etl - DEBUG -   name: VariableName
2025-10-12 14:42:10,447 - api_entries_etl - DEBUG -   param_type: 文字列
2025-10-12 14:42:10,447 - api_entries_etl - DEBUG -   position: 0
2025-10-12 14:42:10,447 - api_entries_etl - DEBUG -   description: 作成する変数名称（空文字不可）
2025-10-12 14:42:10,462 - api_entries_etl - DEBUG -   raw_json: {"name":"VariableName","type":"文字列","description":"作成する変数名称（空文字不可）","position":0}
2025-10-12 14:42:10,462 - api_entries_etl - DEBUG - [Relation #175] Created HAS_PARAMETER: api_entry::CreateVariable -> param::CreateVariable::VariableName
2025-10-12 14:42:10,463 - api_entries_etl - DEBUG - [Node #162] Created Parameter: param::CreateVariable::VariableValue
2025-10-12 14:42:10,463 - api_entries_etl - DEBUG -   name: VariableValue
2025-10-12 14:42:10,463 - api_entries_etl - DEBUG -   param_type: 浮動小数点
2025-10-12 14:42:10,463 - api_entries_etl - DEBUG -   position: 1
2025-10-12 14:42:10,463 - api_entries_etl - DEBUG -   description: 変数の値
2025-10-12 14:42:10,463 - api_entries_etl - DEBUG -   raw_json: {"name":"VariableValue","type":"浮動小数点","description":"変数の値","position":1}
2025-10-12 14:42:10,463 - api_entries_etl - DEBUG - [Relation #176] Created HAS_PARAMETER: api_entry::CreateVariable -> param::CreateVariable::VariableValue
2025-10-12 14:42:10,463 - api_entries_etl - DEBUG - [Node #163] Created Parameter: param::CreateVariable::VariableUnit
2025-10-12 14:42:10,463 - api_entries_etl - DEBUG -   name: VariableUnit
2025-10-12 14:42:10,463 - api_entries_etl - DEBUG -   param_type: 変数単位
2025-10-12 14:42:10,463 - api_entries_etl - DEBUG -   position: 2
2025-10-12 14:42:10,463 - api_entries_etl - DEBUG -   description: 作成する変数の単位を指定
2025-10-12 14:42:10,463 - api_entries_etl - DEBUG -   raw_json: {"name":"VariableUnit","type":"変数単位","description":"作成する変数の単位を指定","position":2}
2025-10-12 14:42:10,463 - api_entries_etl - DEBUG - [Relation #177] Created HAS_PARAMETER: api_entry::CreateVariable -> param::CreateVariable::VariableUnit
2025-10-12 14:42:10,463 - api_entries_etl - DEBUG - [Node #164] Created Parameter: param::CreateVariable::VariableElementGroup
2025-10-12 14:42:10,463 - api_entries_etl - DEBUG -   name: VariableElementGroup
2025-10-12 14:42:10,463 - api_entries_etl - DEBUG -   param_type: 要素グループ
2025-10-12 14:42:10,463 - api_entries_etl - DEBUG -   position: 3
2025-10-12 14:42:10,463 - api_entries_etl - DEBUG -   description: 作成する変数要素を要素グループに入れる場合は要素グループを指定（空文字可）
2025-10-12 14:42:10,463 - api_entries_etl - DEBUG -   raw_json: {"name":"VariableElementGroup","type":"要素グループ","description":"作成する変数要素を要素グループに入れる場合は要素グループを指定（空文字可）","position":3}
2025-10-12 14:42:10,463 - api_entries_etl - DEBUG - [Relation #178] Created HAS_PARAMETER: api_entry::CreateVariable -> param::CreateVariable::VariableElementGroup
2025-10-12 14:42:10,463 - api_entries_etl - DEBUG - [Node #165] Created ReturnValue: return::CreateVariable
2025-10-12 14:42:10,463 - api_entries_etl - DEBUG -   return_type: 不明
2025-10-12 14:42:10,463 - api_entries_etl - DEBUG -   description: 作成された変数要素の要素ID
2025-10-12 14:42:10,463 - api_entries_etl - DEBUG -   raw_json: {"type":"不明","description":"作成された変数要素の要素ID"}
2025-10-12 14:42:10,463 - api_entries_etl - DEBUG - [Relation #179] Created HAS_RETURN: api_entry::CreateVariable -> return::CreateVariable
2025-10-12 14:42:10,463 - api_entries_etl - DEBUG - [Node #166] Created PseudoCode: pseudo_code::CreateVariable
2025-10-12 14:42:10,463 - api_entries_etl - DEBUG -   code: CreateVariable(VariableName, VariableValue, VariableUnit, VariableElementGroup)
2025-10-12 14:42:10,463 - api_entries_etl - DEBUG -   callee: CreateVariable
2025-10-12 14:42:10,463 - api_entries_etl - DEBUG -   argument_count: 4
2025-10-12 14:42:10,463 - api_entries_etl - DEBUG -   arguments_json: ["VariableName","VariableValue","VariableUnit","VariableElementGroup"]
2025-10-12 14:42:10,463 - api_entries_etl - DEBUG - [Relation #180] Created HAS_PSEUDO_CODE: api_entry::CreateVariable -> pseudo_code::CreateVariable
2025-10-12 14:42:10,463 - api_entries_etl - DEBUG - [Node #167] Created PseudoCodeArgument: pseudo_code::CreateVariable::arg::0
2025-10-12 14:42:10,463 - api_entries_etl - DEBUG -   text: VariableName
2025-10-12 14:42:10,463 - api_entries_etl - DEBUG -   position: 0
2025-10-12 14:42:10,463 - api_entries_etl - DEBUG -   normalized_text: variablename
2025-10-12 14:42:10,463 - api_entries_etl - DEBUG - [Relation #181] Created HAS_ARGUMENT: pseudo_code::CreateVariable -> pseudo_code::CreateVariable::arg::0
2025-10-12 14:42:10,463 - api_entries_etl - DEBUG - [Relation #182] Created ARGUMENT_MATCHES_PARAMETER: pseudo_code::CreateVariable::arg::0 -> param::CreateVariable::VariableName
2025-10-12 14:42:10,463 - api_entries_etl - DEBUG - [Node #168] Created PseudoCodeArgument: pseudo_code::CreateVariable::arg::1
2025-10-12 14:42:10,463 - api_entries_etl - DEBUG -   text: VariableValue
2025-10-12 14:42:10,463 - api_entries_etl - DEBUG -   position: 1
2025-10-12 14:42:10,463 - api_entries_etl - DEBUG -   normalized_text: variablevalue
2025-10-12 14:42:10,463 - api_entries_etl - DEBUG - [Relation #183] Created HAS_ARGUMENT: pseudo_code::CreateVariable -> pseudo_code::CreateVariable::arg::1
2025-10-12 14:42:10,463 - api_entries_etl - DEBUG - [Relation #184] Created ARGUMENT_MATCHES_PARAMETER: pseudo_code::CreateVariable::arg::1 -> param::CreateVariable::VariableValue
2025-10-12 14:42:10,463 - api_entries_etl - DEBUG - [Node #169] Created PseudoCodeArgument: pseudo_code::CreateVariable::arg::2
2025-10-12 14:42:10,463 - api_entries_etl - DEBUG -   text: VariableUnit
2025-10-12 14:42:10,463 - api_entries_etl - DEBUG -   position: 2
2025-10-12 14:42:10,463 - api_entries_etl - DEBUG -   normalized_text: variableunit
2025-10-12 14:42:10,463 - api_entries_etl - DEBUG - [Relation #185] Created HAS_ARGUMENT: pseudo_code::CreateVariable -> pseudo_code::CreateVariable::arg::2
2025-10-12 14:42:10,463 - api_entries_etl - DEBUG - [Relation #186] Created ARGUMENT_MATCHES_PARAMETER: pseudo_code::CreateVariable::arg::2 -> param::CreateVariable::VariableUnit
2025-10-12 14:42:10,463 - api_entries_etl - DEBUG - [Node #170] Created PseudoCodeArgument: pseudo_code::CreateVariable::arg::3
2025-10-12 14:42:10,463 - api_entries_etl - DEBUG -   text: VariableElementGroup
2025-10-12 14:42:10,463 - api_entries_etl - DEBUG -   position: 3
2025-10-12 14:42:10,463 - api_entries_etl - DEBUG -   normalized_text: variableelementgroup
2025-10-12 14:42:10,463 - api_entries_etl - DEBUG - [Relation #187] Created HAS_ARGUMENT: pseudo_code::CreateVariable -> pseudo_code::CreateVariable::arg::3
2025-10-12 14:42:10,463 - api_entries_etl - DEBUG - [Relation #188] Created ARGUMENT_MATCHES_PARAMETER: pseudo_code::CreateVariable::arg::3 -> param::CreateVariable::VariableElementGroup
2025-10-12 14:42:10,463 - api_entries_etl - DEBUG - [Node #171] Created Source: source::CreateVariable::inline
2025-10-12 14:42:10,463 - api_entries_etl - DEBUG -   text: 〇変数要素の作成
　返り値:作成された変数要素の要素ID
　CreateVariable(
        VariableName, // 文字列：作成する変数名称（空文字不可）
        VariableValue,// 浮...
2025-10-12 14:42:10,463 - api_entries_etl - DEBUG - [Relation #189] Created CITED_FROM: api_entry::CreateVariable -> source::CreateVariable::inline
2025-10-12 14:42:10,463 - api_entries_etl - DEBUG - Processing API entry #21: CreateSketchPlane
2025-10-12 14:42:10,463 - api_entries_etl - DEBUG - [Node #172] Created APIEntry: api_entry::CreateSketchPlane
2025-10-12 14:42:10,463 - api_entries_etl - DEBUG -   name: CreateSketchPlane
2025-10-12 14:42:10,463 - api_entries_etl - DEBUG -   category: Partオブジェクト
2025-10-12 14:42:10,463 - api_entries_etl - DEBUG -   entry_type: function
2025-10-12 14:42:10,463 - api_entries_etl - DEBUG -   description: スケッチ平面の作成
2025-10-12 14:42:10,463 - api_entries_etl - DEBUG -   pseudo_code: CreateSketchPlane(ElementName, ElementGroup, PlaneDef, PlaneOffset, bRevPlane, bRevUV, bRevUDir, StyleName, OriginPoi...
2025-10-12 14:42:10,463 - api_entries_etl - DEBUG -   text: スケッチ平面の作成

〇スケッチ平面の作成
  返り値:作成されたスケッチ平面要素の要素ID
  CreateSketchPlane(
        ElementName,  // 文字列：作成するスケッチ平面名称（空文字可）
 ...
2025-10-12 14:42:10,463 - api_entries_etl - DEBUG -   raw_json: {"category":"Partオブジェクト","entry_type":"function","name":"CreateSketchPlane","description":"スケッチ平面の作成","pseudo_code":"...
2025-10-12 14:42:10,463 - api_entries_etl - DEBUG -   position: 20
2025-10-12 14:42:10,463 - api_entries_etl - DEBUG - [Relation #190] Created HAS_ENTRY: api_entries::collection -> api_entry::CreateSketchPlane
2025-10-12 14:42:10,463 - api_entries_etl - DEBUG - [Node #173] Created Category: category::Partオブジェクト
2025-10-12 14:42:10,463 - api_entries_etl - DEBUG -   name: Partオブジェクト
2025-10-12 14:42:10,463 - api_entries_etl - DEBUG - [Relation #191] Created IN_CATEGORY: api_entry::CreateSketchPlane -> category::Partオブジェクト
2025-10-12 14:42:10,463 - api_entries_etl - DEBUG - [Node #174] Created EntryType: entry_type::function
2025-10-12 14:42:10,463 - api_entries_etl - DEBUG -   name: function
2025-10-12 14:42:10,463 - api_entries_etl - DEBUG - [Relation #192] Created HAS_ENTRY_TYPE: api_entry::CreateSketchPlane -> entry_type::function
2025-10-12 14:42:10,463 - api_entries_etl - DEBUG - [Node #175] Created Parameter: param::CreateSketchPlane::ElementName
2025-10-12 14:42:10,463 - api_entries_etl - DEBUG -   name: ElementName
2025-10-12 14:42:10,463 - api_entries_etl - DEBUG -   param_type: 文字列
2025-10-12 14:42:10,463 - api_entries_etl - DEBUG -   position: 0
2025-10-12 14:42:10,463 - api_entries_etl - DEBUG -   description: 作成するスケッチ平面名称（空文字可）
2025-10-12 14:42:10,463 - api_entries_etl - DEBUG -   raw_json: {"name":"ElementName","type":"文字列","description":"作成するスケッチ平面名称（空文字可）","position":0}
2025-10-12 14:42:10,463 - api_entries_etl - DEBUG - [Relation #193] Created HAS_PARAMETER: api_entry::CreateSketchPlane -> param::CreateSketchPlane::ElementName
2025-10-12 14:42:10,463 - api_entries_etl - DEBUG - [Node #176] Created Parameter: param::CreateSketchPlane::ElementGroup
2025-10-12 14:42:10,463 - api_entries_etl - DEBUG -   name: ElementGroup
2025-10-12 14:42:10,463 - api_entries_etl - DEBUG -   param_type: 要素グループ
2025-10-12 14:42:10,463 - api_entries_etl - DEBUG -   position: 1
2025-10-12 14:42:10,463 - api_entries_etl - DEBUG -   description: 作成するスケッチ平面を要素グループに入れる場合は要素グループを指定（空文字可）
2025-10-12 14:42:10,463 - api_entries_etl - DEBUG -   raw_json: {"name":"ElementGroup","type":"要素グループ","description":"作成するスケッチ平面を要素グループに入れる場合は要素グループを指定（空文字可）","position":1}
2025-10-12 14:42:10,463 - api_entries_etl - DEBUG - [Relation #194] Created HAS_PARAMETER: api_entry::CreateSketchPlane -> param::CreateSketchPlane::ElementGroup
2025-10-12 14:42:10,463 - api_entries_etl - DEBUG - [Node #177] Created Parameter: param::CreateSketchPlane::PlaneDef
2025-10-12 14:42:10,463 - api_entries_etl - DEBUG -   name: PlaneDef
2025-10-12 14:42:10,463 - api_entries_etl - DEBUG -   param_type: 平面
2025-10-12 14:42:10,463 - api_entries_etl - DEBUG -   position: 2
2025-10-12 14:42:10,463 - api_entries_etl - DEBUG -   description: スケッチ平面を作成する平面を指定する
2025-10-12 14:42:10,463 - api_entries_etl - DEBUG -   raw_json: {"name":"PlaneDef","type":"平面","description":"スケッチ平面を作成する平面を指定する","position":2}
2025-10-12 14:42:10,463 - api_entries_etl - DEBUG - [Relation #195] Created HAS_PARAMETER: api_entry::CreateSketchPlane -> param::CreateSketchPlane::PlaneDef
2025-10-12 14:42:10,463 - api_entries_etl - DEBUG - [Node #178] Created Parameter: param::CreateSketchPlane::PlaneOffset
2025-10-12 14:42:10,463 - api_entries_etl - DEBUG -   name: PlaneOffset
2025-10-12 14:42:10,479 - api_entries_etl - DEBUG -   param_type: 長さ
2025-10-12 14:42:10,479 - api_entries_etl - DEBUG -   position: 3
2025-10-12 14:42:10,479 - api_entries_etl - DEBUG -   description: 平面からのオフセット距離を指定
2025-10-12 14:42:10,479 - api_entries_etl - DEBUG -   raw_json: {"name":"PlaneOffset","type":"長さ","description":"平面からのオフセット距離を指定","position":3}
2025-10-12 14:42:10,479 - api_entries_etl - DEBUG - [Relation #196] Created HAS_PARAMETER: api_entry::CreateSketchPlane -> param::CreateSketchPlane::PlaneOffset
2025-10-12 14:42:10,479 - api_entries_etl - DEBUG - [Node #179] Created Parameter: param::CreateSketchPlane::bRevPlane
2025-10-12 14:42:10,479 - api_entries_etl - DEBUG -   name: bRevPlane
2025-10-12 14:42:10,479 - api_entries_etl - DEBUG -   param_type: bool
2025-10-12 14:42:10,479 - api_entries_etl - DEBUG -   position: 4
2025-10-12 14:42:10,479 - api_entries_etl - DEBUG -   description: スケッチ平面を反転するかどうかのフラグ(bool)
2025-10-12 14:42:10,479 - api_entries_etl - DEBUG -   raw_json: {"name":"bRevPlane","type":"bool","description":"スケッチ平面を反転するかどうかのフラグ(bool)","position":4}
2025-10-12 14:42:10,479 - api_entries_etl - DEBUG - [Relation #197] Created HAS_PARAMETER: api_entry::CreateSketchPlane -> param::CreateSketchPlane::bRevPlane
2025-10-12 14:42:10,479 - api_entries_etl - DEBUG - [Node #180] Created Parameter: param::CreateSketchPlane::bRevUV
2025-10-12 14:42:10,479 - api_entries_etl - DEBUG -   name: bRevUV
2025-10-12 14:42:10,479 - api_entries_etl - DEBUG -   param_type: bool
2025-10-12 14:42:10,479 - api_entries_etl - DEBUG -   position: 5
2025-10-12 14:42:10,479 - api_entries_etl - DEBUG -   description: スケッチ平面のX,Y軸を交換するかどうかのフラグ(bool)
2025-10-12 14:42:10,479 - api_entries_etl - DEBUG -   raw_json: {"name":"bRevUV","type":"bool","description":"スケッチ平面のX,Y軸を交換するかどうかのフラグ(bool)","position":5}
2025-10-12 14:42:10,479 - api_entries_etl - DEBUG - [Relation #198] Created HAS_PARAMETER: api_entry::CreateSketchPlane -> param::CreateSketchPlane::bRevUV
2025-10-12 14:42:10,479 - api_entries_etl - DEBUG - [Node #181] Created Parameter: param::CreateSketchPlane::bRevUDir
2025-10-12 14:42:10,479 - api_entries_etl - DEBUG -   name: bRevUDir
2025-10-12 14:42:10,479 - api_entries_etl - DEBUG -   param_type: bool
2025-10-12 14:42:10,479 - api_entries_etl - DEBUG -   position: 6
2025-10-12 14:42:10,479 - api_entries_etl - DEBUG -   description: スケッチ平面のX軸となる方向を反転するかどうかのフラグ(bool)
2025-10-12 14:42:10,479 - api_entries_etl - DEBUG -   raw_json: {"name":"bRevUDir","type":"bool","description":"スケッチ平面のX軸となる方向を反転するかどうかのフラグ(bool)","position":6}
2025-10-12 14:42:10,479 - api_entries_etl - DEBUG - [Relation #199] Created HAS_PARAMETER: api_entry::CreateSketchPlane -> param::CreateSketchPlane::bRevUDir
2025-10-12 14:42:10,479 - api_entries_etl - DEBUG - [Node #182] Created Parameter: param::CreateSketchPlane::StyleName
2025-10-12 14:42:10,479 - api_entries_etl - DEBUG -   name: StyleName
2025-10-12 14:42:10,479 - api_entries_etl - DEBUG -   param_type: 注記スタイル
2025-10-12 14:42:10,479 - api_entries_etl - DEBUG -   position: 7
2025-10-12 14:42:10,479 - api_entries_etl - DEBUG -   description: スケッチ平面に適用する注記スタイル名称（空文字可）
2025-10-12 14:42:10,479 - api_entries_etl - DEBUG -   raw_json: {"name":"StyleName","type":"注記スタイル","description":"スケッチ平面に適用する注記スタイル名称（空文字可）","position":7}
2025-10-12 14:42:10,479 - api_entries_etl - DEBUG - [Relation #200] Created HAS_PARAMETER: api_entry::CreateSketchPlane -> param::CreateSketchPlane::StyleName
2025-10-12 14:42:10,479 - api_entries_etl - DEBUG - [Node #183] Created Parameter: param::CreateSketchPlane::OriginPoint
2025-10-12 14:42:10,479 - api_entries_etl - DEBUG -   name: OriginPoint
2025-10-12 14:42:10,479 - api_entries_etl - DEBUG -   param_type: 点
2025-10-12 14:42:10,479 - api_entries_etl - DEBUG -   position: 8
2025-10-12 14:42:10,479 - api_entries_etl - DEBUG -   description: スケッチ平面の原点を指定（空文字可）
2025-10-12 14:42:10,479 - api_entries_etl - DEBUG -   raw_json: {"name":"OriginPoint","type":"点","description":"スケッチ平面の原点を指定（空文字可）","position":8}
2025-10-12 14:42:10,479 - api_entries_etl - DEBUG - [Relation #201] Created HAS_PARAMETER: api_entry::CreateSketchPlane -> param::CreateSketchPlane::OriginPoint
2025-10-12 14:42:10,479 - api_entries_etl - DEBUG - [Node #184] Created Parameter: param::CreateSketchPlane::AxisDirection
2025-10-12 14:42:10,479 - api_entries_etl - DEBUG -   name: AxisDirection
2025-10-12 14:42:10,479 - api_entries_etl - DEBUG -   param_type: 方向
2025-10-12 14:42:10,479 - api_entries_etl - DEBUG -   position: 9
2025-10-12 14:42:10,479 - api_entries_etl - DEBUG -   description: スケッチ平面の軸方向を指定（空文字可）
2025-10-12 14:42:10,479 - api_entries_etl - DEBUG -   raw_json: {"name":"AxisDirection","type":"方向","description":"スケッチ平面の軸方向を指定（空文字可）","position":9}
2025-10-12 14:42:10,479 - api_entries_etl - DEBUG - [Relation #202] Created HAS_PARAMETER: api_entry::CreateSketchPlane -> param::CreateSketchPlane::AxisDirection
2025-10-12 14:42:10,479 - api_entries_etl - DEBUG - [Node #185] Created Parameter: param::CreateSketchPlane::bDefAxisIsX
2025-10-12 14:42:10,479 - api_entries_etl - DEBUG -   name: bDefAxisIsX
2025-10-12 14:42:10,479 - api_entries_etl - DEBUG -   param_type: bool
2025-10-12 14:42:10,479 - api_entries_etl - DEBUG -   position: 10
2025-10-12 14:42:10,479 - api_entries_etl - DEBUG -   description: スケッチ平面のX軸を指定する場合はTrue(bool)
2025-10-12 14:42:10,479 - api_entries_etl - DEBUG -   raw_json: {"name":"bDefAxisIsX","type":"bool","description":"スケッチ平面のX軸を指定する場合はTrue(bool)","position":10}
2025-10-12 14:42:10,479 - api_entries_etl - DEBUG - [Relation #203] Created HAS_PARAMETER: api_entry::CreateSketchPlane -> param::CreateSketchPlane::bDefAxisIsX
2025-10-12 14:42:10,479 - api_entries_etl - DEBUG - [Node #186] Created Parameter: param::CreateSketchPlane::bUpdate
2025-10-12 14:42:10,479 - api_entries_etl - DEBUG -   name: bUpdate
2025-10-12 14:42:10,479 - api_entries_etl - DEBUG -   param_type: bool
2025-10-12 14:42:10,479 - api_entries_etl - DEBUG -   position: 11
2025-10-12 14:42:10,479 - api_entries_etl - DEBUG -   description: 更新フラグ（未実装、使用しない）
2025-10-12 14:42:10,479 - api_entries_etl - DEBUG -   raw_json: {"name":"bUpdate","type":"bool","description":"更新フラグ（未実装、使用しない）","position":11}
2025-10-12 14:42:10,479 - api_entries_etl - DEBUG - [Relation #204] Created HAS_PARAMETER: api_entry::CreateSketchPlane -> param::CreateSketchPlane::bUpdate
2025-10-12 14:42:10,479 - api_entries_etl - DEBUG - [Node #187] Created ReturnValue: return::CreateSketchPlane
2025-10-12 14:42:10,479 - api_entries_etl - DEBUG -   return_type: ID
2025-10-12 14:42:10,479 - api_entries_etl - DEBUG -   description: 作成されたスケッチ平面要素の要素ID
2025-10-12 14:42:10,479 - api_entries_etl - DEBUG -   raw_json: {"type":"ID","description":"作成されたスケッチ平面要素の要素ID"}
2025-10-12 14:42:10,479 - api_entries_etl - DEBUG - [Relation #205] Created HAS_RETURN: api_entry::CreateSketchPlane -> return::CreateSketchPlane
2025-10-12 14:42:10,479 - api_entries_etl - DEBUG - [Node #188] Created PseudoCode: pseudo_code::CreateSketchPlane
2025-10-12 14:42:10,479 - api_entries_etl - DEBUG -   code: CreateSketchPlane(ElementName, ElementGroup, PlaneDef, PlaneOffset, bRevPlane, bRevUV, bRevUDir, StyleName, OriginPoi...
2025-10-12 14:42:10,479 - api_entries_etl - DEBUG -   callee: CreateSketchPlane
2025-10-12 14:42:10,479 - api_entries_etl - DEBUG -   argument_count: 12
2025-10-12 14:42:10,479 - api_entries_etl - DEBUG -   arguments_json: ["ElementName","ElementGroup","PlaneDef","PlaneOffset","bRevPlane","bRevUV","bRevUDir","StyleName","OriginPoint","Axi...
2025-10-12 14:42:10,479 - api_entries_etl - DEBUG - [Relation #206] Created HAS_PSEUDO_CODE: api_entry::CreateSketchPlane -> pseudo_code::CreateSketchPlane
2025-10-12 14:42:10,479 - api_entries_etl - DEBUG - [Node #189] Created PseudoCodeArgument: pseudo_code::CreateSketchPlane::arg::0
2025-10-12 14:42:10,479 - api_entries_etl - DEBUG -   text: ElementName
2025-10-12 14:42:10,479 - api_entries_etl - DEBUG -   position: 0
2025-10-12 14:42:10,479 - api_entries_etl - DEBUG -   normalized_text: elementname
2025-10-12 14:42:10,479 - api_entries_etl - DEBUG - [Relation #207] Created HAS_ARGUMENT: pseudo_code::CreateSketchPlane -> pseudo_code::CreateSketchPlane::arg::0
2025-10-12 14:42:10,479 - api_entries_etl - DEBUG - [Relation #208] Created ARGUMENT_MATCHES_PARAMETER: pseudo_code::CreateSketchPlane::arg::0 -> param::CreateSketchPlane::ElementName
2025-10-12 14:42:10,479 - api_entries_etl - DEBUG - [Node #190] Created PseudoCodeArgument: pseudo_code::CreateSketchPlane::arg::1
2025-10-12 14:42:10,479 - api_entries_etl - DEBUG -   text: ElementGroup
2025-10-12 14:42:10,479 - api_entries_etl - DEBUG -   position: 1
2025-10-12 14:42:10,479 - api_entries_etl - DEBUG -   normalized_text: elementgroup
2025-10-12 14:42:10,479 - api_entries_etl - DEBUG - [Relation #209] Created HAS_ARGUMENT: pseudo_code::CreateSketchPlane -> pseudo_code::CreateSketchPlane::arg::1
2025-10-12 14:42:10,479 - api_entries_etl - DEBUG - [Relation #210] Created ARGUMENT_MATCHES_PARAMETER: pseudo_code::CreateSketchPlane::arg::1 -> param::CreateSketchPlane::ElementGroup
2025-10-12 14:42:10,479 - api_entries_etl - DEBUG - [Node #191] Created PseudoCodeArgument: pseudo_code::CreateSketchPlane::arg::2
2025-10-12 14:42:10,479 - api_entries_etl - DEBUG -   text: PlaneDef
2025-10-12 14:42:10,479 - api_entries_etl - DEBUG -   position: 2
2025-10-12 14:42:10,479 - api_entries_etl - DEBUG -   normalized_text: planedef
2025-10-12 14:42:10,479 - api_entries_etl - DEBUG - [Relation #211] Created HAS_ARGUMENT: pseudo_code::CreateSketchPlane -> pseudo_code::CreateSketchPlane::arg::2
2025-10-12 14:42:10,479 - api_entries_etl - DEBUG - [Relation #212] Created ARGUMENT_MATCHES_PARAMETER: pseudo_code::CreateSketchPlane::arg::2 -> param::CreateSketchPlane::PlaneDef
2025-10-12 14:42:10,479 - api_entries_etl - DEBUG - [Node #192] Created PseudoCodeArgument: pseudo_code::CreateSketchPlane::arg::3
2025-10-12 14:42:10,479 - api_entries_etl - DEBUG -   text: PlaneOffset
2025-10-12 14:42:10,479 - api_entries_etl - DEBUG -   position: 3
2025-10-12 14:42:10,479 - api_entries_etl - DEBUG -   normalized_text: planeoffset
2025-10-12 14:42:10,479 - api_entries_etl - DEBUG - [Relation #213] Created HAS_ARGUMENT: pseudo_code::CreateSketchPlane -> pseudo_code::CreateSketchPlane::arg::3
2025-10-12 14:42:10,479 - api_entries_etl - DEBUG - [Relation #214] Created ARGUMENT_MATCHES_PARAMETER: pseudo_code::CreateSketchPlane::arg::3 -> param::CreateSketchPlane::PlaneOffset
2025-10-12 14:42:10,479 - api_entries_etl - DEBUG - [Node #193] Created PseudoCodeArgument: pseudo_code::CreateSketchPlane::arg::4
2025-10-12 14:42:10,479 - api_entries_etl - DEBUG -   text: bRevPlane
2025-10-12 14:42:10,479 - api_entries_etl - DEBUG -   position: 4
2025-10-12 14:42:10,479 - api_entries_etl - DEBUG -   normalized_text: brevplane
2025-10-12 14:42:10,479 - api_entries_etl - DEBUG - [Relation #215] Created HAS_ARGUMENT: pseudo_code::CreateSketchPlane -> pseudo_code::CreateSketchPlane::arg::4
2025-10-12 14:42:10,479 - api_entries_etl - DEBUG - [Relation #216] Created ARGUMENT_MATCHES_PARAMETER: pseudo_code::CreateSketchPlane::arg::4 -> param::CreateSketchPlane::bRevPlane
2025-10-12 14:42:10,479 - api_entries_etl - DEBUG - [Node #194] Created PseudoCodeArgument: pseudo_code::CreateSketchPlane::arg::5
2025-10-12 14:42:10,479 - api_entries_etl - DEBUG -   text: bRevUV
2025-10-12 14:42:10,479 - api_entries_etl - DEBUG -   position: 5
2025-10-12 14:42:10,479 - api_entries_etl - DEBUG -   normalized_text: brevuv
2025-10-12 14:42:10,479 - api_entries_etl - DEBUG - [Relation #217] Created HAS_ARGUMENT: pseudo_code::CreateSketchPlane -> pseudo_code::CreateSketchPlane::arg::5
2025-10-12 14:42:10,479 - api_entries_etl - DEBUG - [Relation #218] Created ARGUMENT_MATCHES_PARAMETER: pseudo_code::CreateSketchPlane::arg::5 -> param::CreateSketchPlane::bRevUV
2025-10-12 14:42:10,479 - api_entries_etl - DEBUG - [Node #195] Created PseudoCodeArgument: pseudo_code::CreateSketchPlane::arg::6
2025-10-12 14:42:10,479 - api_entries_etl - DEBUG -   text: bRevUDir
2025-10-12 14:42:10,479 - api_entries_etl - DEBUG -   position: 6
2025-10-12 14:42:10,479 - api_entries_etl - DEBUG -   normalized_text: brevudir
2025-10-12 14:42:10,479 - api_entries_etl - DEBUG - [Relation #219] Created HAS_ARGUMENT: pseudo_code::CreateSketchPlane -> pseudo_code::CreateSketchPlane::arg::6
2025-10-12 14:42:10,479 - api_entries_etl - DEBUG - [Relation #220] Created ARGUMENT_MATCHES_PARAMETER: pseudo_code::CreateSketchPlane::arg::6 -> param::CreateSketchPlane::bRevUDir
2025-10-12 14:42:10,479 - api_entries_etl - DEBUG - [Node #196] Created PseudoCodeArgument: pseudo_code::CreateSketchPlane::arg::7
2025-10-12 14:42:10,479 - api_entries_etl - DEBUG -   text: StyleName
2025-10-12 14:42:10,479 - api_entries_etl - DEBUG -   position: 7
2025-10-12 14:42:10,479 - api_entries_etl - DEBUG -   normalized_text: stylename
2025-10-12 14:42:10,495 - api_entries_etl - DEBUG - [Relation #221] Created HAS_ARGUMENT: pseudo_code::CreateSketchPlane -> pseudo_code::CreateSketchPlane::arg::7
2025-10-12 14:42:10,496 - api_entries_etl - DEBUG - [Relation #222] Created ARGUMENT_MATCHES_PARAMETER: pseudo_code::CreateSketchPlane::arg::7 -> param::CreateSketchPlane::StyleName
2025-10-12 14:42:10,496 - api_entries_etl - DEBUG - [Node #197] Created PseudoCodeArgument: pseudo_code::CreateSketchPlane::arg::8
2025-10-12 14:42:10,496 - api_entries_etl - DEBUG -   text: OriginPoint
2025-10-12 14:42:10,496 - api_entries_etl - DEBUG -   position: 8
2025-10-12 14:42:10,496 - api_entries_etl - DEBUG -   normalized_text: originpoint
2025-10-12 14:42:10,496 - api_entries_etl - DEBUG - [Relation #223] Created HAS_ARGUMENT: pseudo_code::CreateSketchPlane -> pseudo_code::CreateSketchPlane::arg::8
2025-10-12 14:42:10,496 - api_entries_etl - DEBUG - [Relation #224] Created ARGUMENT_MATCHES_PARAMETER: pseudo_code::CreateSketchPlane::arg::8 -> param::CreateSketchPlane::OriginPoint
2025-10-12 14:42:10,496 - api_entries_etl - DEBUG - [Node #198] Created PseudoCodeArgument: pseudo_code::CreateSketchPlane::arg::9
2025-10-12 14:42:10,496 - api_entries_etl - DEBUG -   text: AxisDirection
2025-10-12 14:42:10,496 - api_entries_etl - DEBUG -   position: 9
2025-10-12 14:42:10,496 - api_entries_etl - DEBUG -   normalized_text: axisdirection
2025-10-12 14:42:10,496 - api_entries_etl - DEBUG - [Relation #225] Created HAS_ARGUMENT: pseudo_code::CreateSketchPlane -> pseudo_code::CreateSketchPlane::arg::9
2025-10-12 14:42:10,496 - api_entries_etl - DEBUG - [Relation #226] Created ARGUMENT_MATCHES_PARAMETER: pseudo_code::CreateSketchPlane::arg::9 -> param::CreateSketchPlane::AxisDirection
2025-10-12 14:42:10,496 - api_entries_etl - DEBUG - [Node #199] Created PseudoCodeArgument: pseudo_code::CreateSketchPlane::arg::10
2025-10-12 14:42:10,496 - api_entries_etl - DEBUG -   text: bDefAxisIsX
2025-10-12 14:42:10,496 - api_entries_etl - DEBUG -   position: 10
2025-10-12 14:42:10,496 - api_entries_etl - DEBUG -   normalized_text: bdefaxisisx
2025-10-12 14:42:10,496 - api_entries_etl - DEBUG - [Relation #227] Created HAS_ARGUMENT: pseudo_code::CreateSketchPlane -> pseudo_code::CreateSketchPlane::arg::10
2025-10-12 14:42:10,496 - api_entries_etl - DEBUG - [Relation #228] Created ARGUMENT_MATCHES_PARAMETER: pseudo_code::CreateSketchPlane::arg::10 -> param::CreateSketchPlane::bDefAxisIsX
2025-10-12 14:42:10,496 - api_entries_etl - DEBUG - [Node #200] Created PseudoCodeArgument: pseudo_code::CreateSketchPlane::arg::11
2025-10-12 14:42:10,496 - api_entries_etl - DEBUG -   text: bUpdate
2025-10-12 14:42:10,496 - api_entries_etl - DEBUG -   position: 11
2025-10-12 14:42:10,496 - api_entries_etl - DEBUG -   normalized_text: bupdate
2025-10-12 14:42:10,496 - api_entries_etl - DEBUG - [Relation #229] Created HAS_ARGUMENT: pseudo_code::CreateSketchPlane -> pseudo_code::CreateSketchPlane::arg::11
2025-10-12 14:42:10,496 - api_entries_etl - DEBUG - [Relation #230] Created ARGUMENT_MATCHES_PARAMETER: pseudo_code::CreateSketchPlane::arg::11 -> param::CreateSketchPlane::bUpdate
2025-10-12 14:42:10,496 - api_entries_etl - DEBUG - [Node #201] Created Source: source::CreateSketchPlane::inline
2025-10-12 14:42:10,496 - api_entries_etl - DEBUG -   text: 〇スケッチ平面の作成
  返り値:作成されたスケッチ平面要素の要素ID
  CreateSketchPlane(
        ElementName,  // 文字列：作成するスケッチ平面名称（空文字可）
        Elem...
2025-10-12 14:42:10,496 - api_entries_etl - DEBUG - [Relation #231] Created CITED_FROM: api_entry::CreateSketchPlane -> source::CreateSketchPlane::inline
2025-10-12 14:42:10,496 - api_entries_etl - DEBUG - Processing API entry #22: CreateSketchLayer
2025-10-12 14:42:10,496 - api_entries_etl - DEBUG - [Node #202] Created APIEntry: api_entry::CreateSketchLayer
2025-10-12 14:42:10,496 - api_entries_etl - DEBUG -   name: CreateSketchLayer
2025-10-12 14:42:10,496 - api_entries_etl - DEBUG -   category: Partオブジェクト
2025-10-12 14:42:10,496 - api_entries_etl - DEBUG -   entry_type: function
2025-10-12 14:42:10,496 - api_entries_etl - DEBUG -   description: スケッチレイヤーの作成
2025-10-12 14:42:10,496 - api_entries_etl - DEBUG -   pseudo_code: CreateSketchLayer(SketchLayerName, SketchPlane)
2025-10-12 14:42:10,496 - api_entries_etl - DEBUG -   text: スケッチレイヤーの作成

〇スケッチレイヤーの作成
  返り値:作成されたスケッチレイヤー要素の要素ID
  CreateSketchLayer(
        SketchLayerName,  // 文字列：作成するスケッチレイ...
2025-10-12 14:42:10,496 - api_entries_etl - DEBUG -   raw_json: {"category":"Partオブジェクト","entry_type":"function","name":"CreateSketchLayer","description":"スケッチレイヤーの作成","pseudo_code"...
2025-10-12 14:42:10,496 - api_entries_etl - DEBUG -   position: 21
2025-10-12 14:42:10,496 - api_entries_etl - DEBUG - [Relation #232] Created HAS_ENTRY: api_entries::collection -> api_entry::CreateSketchLayer
2025-10-12 14:42:10,496 - api_entries_etl - DEBUG - [Node #203] Created Category: category::Partオブジェクト
2025-10-12 14:42:10,496 - api_entries_etl - DEBUG -   name: Partオブジェクト
2025-10-12 14:42:10,496 - api_entries_etl - DEBUG - [Relation #233] Created IN_CATEGORY: api_entry::CreateSketchLayer -> category::Partオブジェクト
2025-10-12 14:42:10,496 - api_entries_etl - DEBUG - [Node #204] Created EntryType: entry_type::function
2025-10-12 14:42:10,496 - api_entries_etl - DEBUG -   name: function
2025-10-12 14:42:10,496 - api_entries_etl - DEBUG - [Relation #234] Created HAS_ENTRY_TYPE: api_entry::CreateSketchLayer -> entry_type::function
2025-10-12 14:42:10,496 - api_entries_etl - DEBUG - [Node #205] Created Parameter: param::CreateSketchLayer::SketchLayerName
2025-10-12 14:42:10,496 - api_entries_etl - DEBUG -   name: SketchLayerName
2025-10-12 14:42:10,496 - api_entries_etl - DEBUG -   param_type: 文字列
2025-10-12 14:42:10,496 - api_entries_etl - DEBUG -   position: 0
2025-10-12 14:42:10,496 - api_entries_etl - DEBUG -   description: 作成するスケッチレイヤー名称（空文字可）
2025-10-12 14:42:10,496 - api_entries_etl - DEBUG -   raw_json: {"name":"SketchLayerName","type":"文字列","description":"作成するスケッチレイヤー名称（空文字可）","position":0}
2025-10-12 14:42:10,496 - api_entries_etl - DEBUG - [Relation #235] Created HAS_PARAMETER: api_entry::CreateSketchLayer -> param::CreateSketchLayer::SketchLayerName
2025-10-12 14:42:10,496 - api_entries_etl - DEBUG - [Node #206] Created Parameter: param::CreateSketchLayer::SketchPlane
2025-10-12 14:42:10,496 - api_entries_etl - DEBUG -   name: SketchPlane
2025-10-12 14:42:10,496 - api_entries_etl - DEBUG -   param_type: 要素
2025-10-12 14:42:10,496 - api_entries_etl - DEBUG -   position: 1
2025-10-12 14:42:10,496 - api_entries_etl - DEBUG -   description: レイヤーを作成するスケッチ要素
2025-10-12 14:42:10,496 - api_entries_etl - DEBUG -   raw_json: {"name":"SketchPlane","type":"要素","description":"レイヤーを作成するスケッチ要素","position":1}
2025-10-12 14:42:10,496 - api_entries_etl - DEBUG - [Relation #236] Created HAS_PARAMETER: api_entry::CreateSketchLayer -> param::CreateSketchLayer::SketchPlane
2025-10-12 14:42:10,496 - api_entries_etl - DEBUG - [Node #207] Created ReturnValue: return::CreateSketchLayer
2025-10-12 14:42:10,496 - api_entries_etl - DEBUG -   return_type: ID
2025-10-12 14:42:10,496 - api_entries_etl - DEBUG -   description: 作成されたスケッチレイヤー要素の要素ID
2025-10-12 14:42:10,496 - api_entries_etl - DEBUG -   raw_json: {"type":"ID","description":"作成されたスケッチレイヤー要素の要素ID"}
2025-10-12 14:42:10,496 - api_entries_etl - DEBUG - [Relation #237] Created HAS_RETURN: api_entry::CreateSketchLayer -> return::CreateSketchLayer
2025-10-12 14:42:10,496 - api_entries_etl - DEBUG - [Node #208] Created PseudoCode: pseudo_code::CreateSketchLayer
2025-10-12 14:42:10,496 - api_entries_etl - DEBUG -   code: CreateSketchLayer(SketchLayerName, SketchPlane)
2025-10-12 14:42:10,496 - api_entries_etl - DEBUG -   callee: CreateSketchLayer
2025-10-12 14:42:10,496 - api_entries_etl - DEBUG -   argument_count: 2
2025-10-12 14:42:10,496 - api_entries_etl - DEBUG -   arguments_json: ["SketchLayerName","SketchPlane"]
2025-10-12 14:42:10,496 - api_entries_etl - DEBUG - [Relation #238] Created HAS_PSEUDO_CODE: api_entry::CreateSketchLayer -> pseudo_code::CreateSketchLayer
2025-10-12 14:42:10,496 - api_entries_etl - DEBUG - [Node #209] Created PseudoCodeArgument: pseudo_code::CreateSketchLayer::arg::0
2025-10-12 14:42:10,496 - api_entries_etl - DEBUG -   text: SketchLayerName
2025-10-12 14:42:10,496 - api_entries_etl - DEBUG -   position: 0
2025-10-12 14:42:10,496 - api_entries_etl - DEBUG -   normalized_text: sketchlayername
2025-10-12 14:42:10,496 - api_entries_etl - DEBUG - [Relation #239] Created HAS_ARGUMENT: pseudo_code::CreateSketchLayer -> pseudo_code::CreateSketchLayer::arg::0
2025-10-12 14:42:10,496 - api_entries_etl - DEBUG - [Relation #240] Created ARGUMENT_MATCHES_PARAMETER: pseudo_code::CreateSketchLayer::arg::0 -> param::CreateSketchLayer::SketchLayerName
2025-10-12 14:42:10,496 - api_entries_etl - DEBUG - [Node #210] Created PseudoCodeArgument: pseudo_code::CreateSketchLayer::arg::1
2025-10-12 14:42:10,496 - api_entries_etl - DEBUG -   text: SketchPlane
2025-10-12 14:42:10,496 - api_entries_etl - DEBUG -   position: 1
2025-10-12 14:42:10,496 - api_entries_etl - DEBUG -   normalized_text: sketchplane
2025-10-12 14:42:10,496 - api_entries_etl - DEBUG - [Relation #241] Created HAS_ARGUMENT: pseudo_code::CreateSketchLayer -> pseudo_code::CreateSketchLayer::arg::1
2025-10-12 14:42:10,496 - api_entries_etl - DEBUG - [Relation #242] Created ARGUMENT_MATCHES_PARAMETER: pseudo_code::CreateSketchLayer::arg::1 -> param::CreateSketchLayer::SketchPlane
2025-10-12 14:42:10,496 - api_entries_etl - DEBUG - [Node #211] Created Source: source::CreateSketchLayer::inline
2025-10-12 14:42:10,496 - api_entries_etl - DEBUG -   text: 〇スケッチレイヤーの作成
  返り値:作成されたスケッチレイヤー要素の要素ID
  CreateSketchLayer(
        SketchLayerName,  // 文字列：作成するスケッチレイヤー名称（空文字可）
  ...
2025-10-12 14:42:10,496 - api_entries_etl - DEBUG - [Relation #243] Created CITED_FROM: api_entry::CreateSketchLayer -> source::CreateSketchLayer::inline
2025-10-12 14:42:10,496 - api_entries_etl - DEBUG - Processing API entry #23: CreateSketchLine
2025-10-12 14:42:10,496 - api_entries_etl - DEBUG - [Node #212] Created APIEntry: api_entry::CreateSketchLine
2025-10-12 14:42:10,496 - api_entries_etl - DEBUG -   name: CreateSketchLine
2025-10-12 14:42:10,496 - api_entries_etl - DEBUG -   category: Partオブジェクト
2025-10-12 14:42:10,496 - api_entries_etl - DEBUG -   entry_type: function
2025-10-12 14:42:10,496 - api_entries_etl - DEBUG -   description: スケッチ直線作成
2025-10-12 14:42:10,496 - api_entries_etl - DEBUG -   pseudo_code: CreateSketchLine(SketchPlane, SketchLineName, SketchLayer, StartPoint, EndPoint, bUpdate)
2025-10-12 14:42:10,496 - api_entries_etl - DEBUG -   text: スケッチ直線作成

〇スケッチ直線作成
  返り値:作成されたスケッチ直線要素の要素ID
  CreateSketchLine(
        SketchPlane,   // 要素：直線を作成するスケッチ要素
        S...
2025-10-12 14:42:10,496 - api_entries_etl - DEBUG -   raw_json: {"category":"Partオブジェクト","entry_type":"function","name":"CreateSketchLine","description":"スケッチ直線作成","pseudo_code":"Cr...
2025-10-12 14:42:10,496 - api_entries_etl - DEBUG -   position: 22
2025-10-12 14:42:10,496 - api_entries_etl - DEBUG - [Relation #244] Created HAS_ENTRY: api_entries::collection -> api_entry::CreateSketchLine
2025-10-12 14:42:10,496 - api_entries_etl - DEBUG - [Node #213] Created Category: category::Partオブジェクト
2025-10-12 14:42:10,496 - api_entries_etl - DEBUG -   name: Partオブジェクト
2025-10-12 14:42:10,496 - api_entries_etl - DEBUG - [Relation #245] Created IN_CATEGORY: api_entry::CreateSketchLine -> category::Partオブジェクト
2025-10-12 14:42:10,496 - api_entries_etl - DEBUG - [Node #214] Created EntryType: entry_type::function
2025-10-12 14:42:10,496 - api_entries_etl - DEBUG -   name: function
2025-10-12 14:42:10,496 - api_entries_etl - DEBUG - [Relation #246] Created HAS_ENTRY_TYPE: api_entry::CreateSketchLine -> entry_type::function
2025-10-12 14:42:10,496 - api_entries_etl - DEBUG - [Node #215] Created Parameter: param::CreateSketchLine::SketchPlane
2025-10-12 14:42:10,496 - api_entries_etl - DEBUG -   name: SketchPlane
2025-10-12 14:42:10,496 - api_entries_etl - DEBUG -   param_type: 要素
2025-10-12 14:42:10,496 - api_entries_etl - DEBUG -   position: 0
2025-10-12 14:42:10,511 - api_entries_etl - DEBUG -   description: 直線を作成するスケッチ要素
2025-10-12 14:42:10,511 - api_entries_etl - DEBUG -   raw_json: {"name":"SketchPlane","type":"要素","description":"直線を作成するスケッチ要素","position":0}
2025-10-12 14:42:10,511 - api_entries_etl - DEBUG - [Relation #247] Created HAS_PARAMETER: api_entry::CreateSketchLine -> param::CreateSketchLine::SketchPlane
2025-10-12 14:42:10,511 - api_entries_etl - DEBUG - [Node #216] Created Parameter: param::CreateSketchLine::SketchLineName
2025-10-12 14:42:10,511 - api_entries_etl - DEBUG -   name: SketchLineName
2025-10-12 14:42:10,511 - api_entries_etl - DEBUG -   param_type: 文字列
2025-10-12 14:42:10,512 - api_entries_etl - DEBUG -   position: 1
2025-10-12 14:42:10,512 - api_entries_etl - DEBUG -   description: 作成するスケッチ直線名称（空文字可）
2025-10-12 14:42:10,512 - api_entries_etl - DEBUG -   raw_json: {"name":"SketchLineName","type":"文字列","description":"作成するスケッチ直線名称（空文字可）","position":1}
2025-10-12 14:42:10,512 - api_entries_etl - DEBUG - [Relation #248] Created HAS_PARAMETER: api_entry::CreateSketchLine -> param::CreateSketchLine::SketchLineName
2025-10-12 14:42:10,512 - api_entries_etl - DEBUG - [Node #217] Created Parameter: param::CreateSketchLine::SketchLayer
2025-10-12 14:42:10,512 - api_entries_etl - DEBUG -   name: SketchLayer
2025-10-12 14:42:10,512 - api_entries_etl - DEBUG -   param_type: 要素
2025-10-12 14:42:10,512 - api_entries_etl - DEBUG -   position: 2
2025-10-12 14:42:10,512 - api_entries_etl - DEBUG -   description: 直線を作成するスケッチレイヤー(空文字可）
2025-10-12 14:42:10,512 - api_entries_etl - DEBUG -   raw_json: {"name":"SketchLayer","type":"要素","description":"直線を作成するスケッチレイヤー(空文字可）","position":2}
2025-10-12 14:42:10,512 - api_entries_etl - DEBUG - [Relation #249] Created HAS_PARAMETER: api_entry::CreateSketchLine -> param::CreateSketchLine::SketchLayer
2025-10-12 14:42:10,512 - api_entries_etl - DEBUG - [Node #218] Created Parameter: param::CreateSketchLine::StartPoint
2025-10-12 14:42:10,512 - api_entries_etl - DEBUG -   name: StartPoint
2025-10-12 14:42:10,512 - api_entries_etl - DEBUG -   param_type: 点(2D)
2025-10-12 14:42:10,512 - api_entries_etl - DEBUG -   position: 3
2025-10-12 14:42:10,512 - api_entries_etl - DEBUG -   description: 始点
2025-10-12 14:42:10,512 - api_entries_etl - DEBUG -   raw_json: {"name":"StartPoint","type":"点(2D)","description":"始点","position":3,"dimension":"2D"}
2025-10-12 14:42:10,512 - api_entries_etl - DEBUG - [Relation #250] Created HAS_PARAMETER: api_entry::CreateSketchLine -> param::CreateSketchLine::StartPoint
2025-10-12 14:42:10,512 - api_entries_etl - DEBUG - [Node #219] Created Parameter: param::CreateSketchLine::EndPoint
2025-10-12 14:42:10,512 - api_entries_etl - DEBUG -   name: EndPoint
2025-10-12 14:42:10,512 - api_entries_etl - DEBUG -   param_type: 点(2D)
2025-10-12 14:42:10,512 - api_entries_etl - DEBUG -   position: 4
2025-10-12 14:42:10,512 - api_entries_etl - DEBUG -   description: 終点
2025-10-12 14:42:10,512 - api_entries_etl - DEBUG -   raw_json: {"name":"EndPoint","type":"点(2D)","description":"終点","position":4,"dimension":"2D"}
2025-10-12 14:42:10,512 - api_entries_etl - DEBUG - [Relation #251] Created HAS_PARAMETER: api_entry::CreateSketchLine -> param::CreateSketchLine::EndPoint
2025-10-12 14:42:10,512 - api_entries_etl - DEBUG - [Node #220] Created Parameter: param::CreateSketchLine::bUpdate
2025-10-12 14:42:10,512 - api_entries_etl - DEBUG -   name: bUpdate
2025-10-12 14:42:10,512 - api_entries_etl - DEBUG -   param_type: bool
2025-10-12 14:42:10,512 - api_entries_etl - DEBUG -   position: 5
2025-10-12 14:42:10,512 - api_entries_etl - DEBUG -   description: 更新フラグ（未実装、使用しない）
2025-10-12 14:42:10,512 - api_entries_etl - DEBUG -   raw_json: {"name":"bUpdate","type":"bool","description":"更新フラグ（未実装、使用しない）","position":5}
2025-10-12 14:42:10,512 - api_entries_etl - DEBUG - [Relation #252] Created HAS_PARAMETER: api_entry::CreateSketchLine -> param::CreateSketchLine::bUpdate
2025-10-12 14:42:10,512 - api_entries_etl - DEBUG - [Node #221] Created ReturnValue: return::CreateSketchLine
2025-10-12 14:42:10,512 - api_entries_etl - DEBUG -   return_type: ID
2025-10-12 14:42:10,512 - api_entries_etl - DEBUG -   description: 作成されたスケッチ直線要素の要素ID
2025-10-12 14:42:10,512 - api_entries_etl - DEBUG -   raw_json: {"type":"ID","description":"作成されたスケッチ直線要素の要素ID"}
2025-10-12 14:42:10,512 - api_entries_etl - DEBUG - [Relation #253] Created HAS_RETURN: api_entry::CreateSketchLine -> return::CreateSketchLine
2025-10-12 14:42:10,512 - api_entries_etl - DEBUG - [Node #222] Created PseudoCode: pseudo_code::CreateSketchLine
2025-10-12 14:42:10,512 - api_entries_etl - DEBUG -   code: CreateSketchLine(SketchPlane, SketchLineName, SketchLayer, StartPoint, EndPoint, bUpdate)
2025-10-12 14:42:10,512 - api_entries_etl - DEBUG -   callee: CreateSketchLine
2025-10-12 14:42:10,512 - api_entries_etl - DEBUG -   argument_count: 6
2025-10-12 14:42:10,512 - api_entries_etl - DEBUG -   arguments_json: ["SketchPlane","SketchLineName","SketchLayer","StartPoint","EndPoint","bUpdate"]
2025-10-12 14:42:10,512 - api_entries_etl - DEBUG - [Relation #254] Created HAS_PSEUDO_CODE: api_entry::CreateSketchLine -> pseudo_code::CreateSketchLine
2025-10-12 14:42:10,512 - api_entries_etl - DEBUG - [Node #223] Created PseudoCodeArgument: pseudo_code::CreateSketchLine::arg::0
2025-10-12 14:42:10,512 - api_entries_etl - DEBUG -   text: SketchPlane
2025-10-12 14:42:10,512 - api_entries_etl - DEBUG -   position: 0
2025-10-12 14:42:10,512 - api_entries_etl - DEBUG -   normalized_text: sketchplane
2025-10-12 14:42:10,512 - api_entries_etl - DEBUG - [Relation #255] Created HAS_ARGUMENT: pseudo_code::CreateSketchLine -> pseudo_code::CreateSketchLine::arg::0
2025-10-12 14:42:10,512 - api_entries_etl - DEBUG - [Relation #256] Created ARGUMENT_MATCHES_PARAMETER: pseudo_code::CreateSketchLine::arg::0 -> param::CreateSketchLine::SketchPlane
2025-10-12 14:42:10,512 - api_entries_etl - DEBUG - [Node #224] Created PseudoCodeArgument: pseudo_code::CreateSketchLine::arg::1
2025-10-12 14:42:10,512 - api_entries_etl - DEBUG -   text: SketchLineName
2025-10-12 14:42:10,512 - api_entries_etl - DEBUG -   position: 1
2025-10-12 14:42:10,512 - api_entries_etl - DEBUG -   normalized_text: sketchlinename
2025-10-12 14:42:10,512 - api_entries_etl - DEBUG - [Relation #257] Created HAS_ARGUMENT: pseudo_code::CreateSketchLine -> pseudo_code::CreateSketchLine::arg::1
2025-10-12 14:42:10,512 - api_entries_etl - DEBUG - [Relation #258] Created ARGUMENT_MATCHES_PARAMETER: pseudo_code::CreateSketchLine::arg::1 -> param::CreateSketchLine::SketchLineName
2025-10-12 14:42:10,512 - api_entries_etl - DEBUG - [Node #225] Created PseudoCodeArgument: pseudo_code::CreateSketchLine::arg::2
2025-10-12 14:42:10,512 - api_entries_etl - DEBUG -   text: SketchLayer
2025-10-12 14:42:10,512 - api_entries_etl - DEBUG -   position: 2
2025-10-12 14:42:10,512 - api_entries_etl - DEBUG -   normalized_text: sketchlayer
2025-10-12 14:42:10,512 - api_entries_etl - DEBUG - [Relation #259] Created HAS_ARGUMENT: pseudo_code::CreateSketchLine -> pseudo_code::CreateSketchLine::arg::2
2025-10-12 14:42:10,512 - api_entries_etl - DEBUG - [Relation #260] Created ARGUMENT_MATCHES_PARAMETER: pseudo_code::CreateSketchLine::arg::2 -> param::CreateSketchLine::SketchLayer
2025-10-12 14:42:10,512 - api_entries_etl - DEBUG - [Node #226] Created PseudoCodeArgument: pseudo_code::CreateSketchLine::arg::3
2025-10-12 14:42:10,512 - api_entries_etl - DEBUG -   text: StartPoint
2025-10-12 14:42:10,512 - api_entries_etl - DEBUG -   position: 3
2025-10-12 14:42:10,512 - api_entries_etl - DEBUG -   normalized_text: startpoint
2025-10-12 14:42:10,512 - api_entries_etl - DEBUG - [Relation #261] Created HAS_ARGUMENT: pseudo_code::CreateSketchLine -> pseudo_code::CreateSketchLine::arg::3
2025-10-12 14:42:10,512 - api_entries_etl - DEBUG - [Relation #262] Created ARGUMENT_MATCHES_PARAMETER: pseudo_code::CreateSketchLine::arg::3 -> param::CreateSketchLine::StartPoint
2025-10-12 14:42:10,512 - api_entries_etl - DEBUG - [Node #227] Created PseudoCodeArgument: pseudo_code::CreateSketchLine::arg::4
2025-10-12 14:42:10,512 - api_entries_etl - DEBUG -   text: EndPoint
2025-10-12 14:42:10,512 - api_entries_etl - DEBUG -   position: 4
2025-10-12 14:42:10,512 - api_entries_etl - DEBUG -   normalized_text: endpoint
2025-10-12 14:42:10,512 - api_entries_etl - DEBUG - [Relation #263] Created HAS_ARGUMENT: pseudo_code::CreateSketchLine -> pseudo_code::CreateSketchLine::arg::4
2025-10-12 14:42:10,512 - api_entries_etl - DEBUG - [Relation #264] Created ARGUMENT_MATCHES_PARAMETER: pseudo_code::CreateSketchLine::arg::4 -> param::CreateSketchLine::EndPoint
2025-10-12 14:42:10,512 - api_entries_etl - DEBUG - [Node #228] Created PseudoCodeArgument: pseudo_code::CreateSketchLine::arg::5
2025-10-12 14:42:10,512 - api_entries_etl - DEBUG -   text: bUpdate
2025-10-12 14:42:10,512 - api_entries_etl - DEBUG -   position: 5
2025-10-12 14:42:10,512 - api_entries_etl - DEBUG -   normalized_text: bupdate
2025-10-12 14:42:10,512 - api_entries_etl - DEBUG - [Relation #265] Created HAS_ARGUMENT: pseudo_code::CreateSketchLine -> pseudo_code::CreateSketchLine::arg::5
2025-10-12 14:42:10,512 - api_entries_etl - DEBUG - [Relation #266] Created ARGUMENT_MATCHES_PARAMETER: pseudo_code::CreateSketchLine::arg::5 -> param::CreateSketchLine::bUpdate
2025-10-12 14:42:10,512 - api_entries_etl - DEBUG - [Node #229] Created Source: source::CreateSketchLine::inline
2025-10-12 14:42:10,512 - api_entries_etl - DEBUG -   text: 〇スケッチ直線作成
  返り値:作成されたスケッチ直線要素の要素ID
  CreateSketchLine(
        SketchPlane,   // 要素：直線を作成するスケッチ要素
        SketchLineN...
2025-10-12 14:42:10,512 - api_entries_etl - DEBUG - [Relation #267] Created CITED_FROM: api_entry::CreateSketchLine -> source::CreateSketchLine::inline
2025-10-12 14:42:10,512 - api_entries_etl - DEBUG - Processing API entry #24: CreateSketchArc
2025-10-12 14:42:10,512 - api_entries_etl - DEBUG - [Node #230] Created APIEntry: api_entry::CreateSketchArc
2025-10-12 14:42:10,512 - api_entries_etl - DEBUG -   name: CreateSketchArc
2025-10-12 14:42:10,512 - api_entries_etl - DEBUG -   category: Partオブジェクト
2025-10-12 14:42:10,512 - api_entries_etl - DEBUG -   entry_type: function
2025-10-12 14:42:10,512 - api_entries_etl - DEBUG -   description: スケッチ円弧を中心点と始終点を指定して作成
2025-10-12 14:42:10,512 - api_entries_etl - DEBUG -   pseudo_code: CreateSketchArc(SketchPlane, SketchArcName, SketchLayer, CenterPoint, StartPoint, EndPoint, bCCW, bUpdate)
2025-10-12 14:42:10,512 - api_entries_etl - DEBUG -   text: スケッチ円弧を中心点と始終点を指定して作成

〇スケッチ円弧を中心点と始終点を指定して作成
  返り値:作成されたスケッチ円弧要素の要素ID
  CreateSketchArc(
        SketchPlane,   // 要...
2025-10-12 14:42:10,512 - api_entries_etl - DEBUG -   raw_json: {"category":"Partオブジェクト","entry_type":"function","name":"CreateSketchArc","description":"スケッチ円弧を中心点と始終点を指定して作成","pseu...
2025-10-12 14:42:10,512 - api_entries_etl - DEBUG -   position: 23
2025-10-12 14:42:10,527 - api_entries_etl - DEBUG - [Relation #268] Created HAS_ENTRY: api_entries::collection -> api_entry::CreateSketchArc
2025-10-12 14:42:10,527 - api_entries_etl - DEBUG - [Node #231] Created Category: category::Partオブジェクト
2025-10-12 14:42:10,527 - api_entries_etl - DEBUG -   name: Partオブジェクト
2025-10-12 14:42:10,527 - api_entries_etl - DEBUG - [Relation #269] Created IN_CATEGORY: api_entry::CreateSketchArc -> category::Partオブジェクト
2025-10-12 14:42:10,527 - api_entries_etl - DEBUG - [Node #232] Created EntryType: entry_type::function
2025-10-12 14:42:10,527 - api_entries_etl - DEBUG -   name: function
2025-10-12 14:42:10,527 - api_entries_etl - DEBUG - [Relation #270] Created HAS_ENTRY_TYPE: api_entry::CreateSketchArc -> entry_type::function
2025-10-12 14:42:10,527 - api_entries_etl - DEBUG - [Node #233] Created Parameter: param::CreateSketchArc::SketchPlane
2025-10-12 14:42:10,527 - api_entries_etl - DEBUG -   name: SketchPlane
2025-10-12 14:42:10,527 - api_entries_etl - DEBUG -   param_type: 要素
2025-10-12 14:42:10,527 - api_entries_etl - DEBUG -   position: 0
2025-10-12 14:42:10,527 - api_entries_etl - DEBUG -   description: 円弧を作成するスケッチ要素
2025-10-12 14:42:10,527 - api_entries_etl - DEBUG -   raw_json: {"name":"SketchPlane","type":"要素","description":"円弧を作成するスケッチ要素","position":0}
2025-10-12 14:42:10,527 - api_entries_etl - DEBUG - [Relation #271] Created HAS_PARAMETER: api_entry::CreateSketchArc -> param::CreateSketchArc::SketchPlane
2025-10-12 14:42:10,527 - api_entries_etl - DEBUG - [Node #234] Created Parameter: param::CreateSketchArc::SketchArcName
2025-10-12 14:42:10,527 - api_entries_etl - DEBUG -   name: SketchArcName
2025-10-12 14:42:10,531 - api_entries_etl - DEBUG -   param_type: 文字列
2025-10-12 14:42:10,531 - api_entries_etl - DEBUG -   position: 1
2025-10-12 14:42:10,531 - api_entries_etl - DEBUG -   description: 作成するスケッチ円弧名称（空文字可）
2025-10-12 14:42:10,531 - api_entries_etl - DEBUG -   raw_json: {"name":"SketchArcName","type":"文字列","description":"作成するスケッチ円弧名称（空文字可）","position":1}
2025-10-12 14:42:10,531 - api_entries_etl - DEBUG - [Relation #272] Created HAS_PARAMETER: api_entry::CreateSketchArc -> param::CreateSketchArc::SketchArcName
2025-10-12 14:42:10,531 - api_entries_etl - DEBUG - [Node #235] Created Parameter: param::CreateSketchArc::SketchLayer
2025-10-12 14:42:10,531 - api_entries_etl - DEBUG -   name: SketchLayer
2025-10-12 14:42:10,531 - api_entries_etl - DEBUG -   param_type: 要素
2025-10-12 14:42:10,531 - api_entries_etl - DEBUG -   position: 2
2025-10-12 14:42:10,531 - api_entries_etl - DEBUG -   description: 円弧を作成するスケッチレイヤー(空文字可）
2025-10-12 14:42:10,531 - api_entries_etl - DEBUG -   raw_json: {"name":"SketchLayer","type":"要素","description":"円弧を作成するスケッチレイヤー(空文字可）","position":2}
2025-10-12 14:42:10,531 - api_entries_etl - DEBUG - [Relation #273] Created HAS_PARAMETER: api_entry::CreateSketchArc -> param::CreateSketchArc::SketchLayer
2025-10-12 14:42:10,531 - api_entries_etl - DEBUG - [Node #236] Created Parameter: param::CreateSketchArc::CenterPoint
2025-10-12 14:42:10,531 - api_entries_etl - DEBUG -   name: CenterPoint
2025-10-12 14:42:10,531 - api_entries_etl - DEBUG -   param_type: 点(2D)
2025-10-12 14:42:10,531 - api_entries_etl - DEBUG -   position: 3
2025-10-12 14:42:10,531 - api_entries_etl - DEBUG -   description: 中心点
2025-10-12 14:42:10,531 - api_entries_etl - DEBUG -   raw_json: {"name":"CenterPoint","type":"点(2D)","description":"中心点","position":3,"dimension":"2D"}
2025-10-12 14:42:10,531 - api_entries_etl - DEBUG - [Relation #274] Created HAS_PARAMETER: api_entry::CreateSketchArc -> param::CreateSketchArc::CenterPoint
2025-10-12 14:42:10,531 - api_entries_etl - DEBUG - [Node #237] Created Parameter: param::CreateSketchArc::StartPoint
2025-10-12 14:42:10,531 - api_entries_etl - DEBUG -   name: StartPoint
2025-10-12 14:42:10,531 - api_entries_etl - DEBUG -   param_type: 点(2D)
2025-10-12 14:42:10,531 - api_entries_etl - DEBUG -   position: 4
2025-10-12 14:42:10,531 - api_entries_etl - DEBUG -   description: 始点
2025-10-12 14:42:10,531 - api_entries_etl - DEBUG -   raw_json: {"name":"StartPoint","type":"点(2D)","description":"始点","position":4,"dimension":"2D"}
2025-10-12 14:42:10,531 - api_entries_etl - DEBUG - [Relation #275] Created HAS_PARAMETER: api_entry::CreateSketchArc -> param::CreateSketchArc::StartPoint
2025-10-12 14:42:10,531 - api_entries_etl - DEBUG - [Node #238] Created Parameter: param::CreateSketchArc::EndPoint
2025-10-12 14:42:10,531 - api_entries_etl - DEBUG -   name: EndPoint
2025-10-12 14:42:10,531 - api_entries_etl - DEBUG -   param_type: 点(2D)
2025-10-12 14:42:10,531 - api_entries_etl - DEBUG -   position: 5
2025-10-12 14:42:10,531 - api_entries_etl - DEBUG -   description: 終点
2025-10-12 14:42:10,531 - api_entries_etl - DEBUG -   raw_json: {"name":"EndPoint","type":"点(2D)","description":"終点","position":5,"dimension":"2D"}
2025-10-12 14:42:10,531 - api_entries_etl - DEBUG - [Relation #276] Created HAS_PARAMETER: api_entry::CreateSketchArc -> param::CreateSketchArc::EndPoint
2025-10-12 14:42:10,531 - api_entries_etl - DEBUG - [Node #239] Created Parameter: param::CreateSketchArc::bCCW
2025-10-12 14:42:10,531 - api_entries_etl - DEBUG -   name: bCCW
2025-10-12 14:42:10,531 - api_entries_etl - DEBUG -   param_type: bool
2025-10-12 14:42:10,531 - api_entries_etl - DEBUG -   position: 6
2025-10-12 14:42:10,531 - api_entries_etl - DEBUG -   description: 円弧の回転方向Trueの場合は反時計周り
2025-10-12 14:42:10,531 - api_entries_etl - DEBUG -   raw_json: {"name":"bCCW","type":"bool","description":"円弧の回転方向Trueの場合は反時計周り","position":6}
2025-10-12 14:42:10,531 - api_entries_etl - DEBUG - [Relation #277] Created HAS_PARAMETER: api_entry::CreateSketchArc -> param::CreateSketchArc::bCCW
2025-10-12 14:42:10,531 - api_entries_etl - DEBUG - [Node #240] Created Parameter: param::CreateSketchArc::bUpdate
2025-10-12 14:42:10,531 - api_entries_etl - DEBUG -   name: bUpdate
2025-10-12 14:42:10,531 - api_entries_etl - DEBUG -   param_type: bool
2025-10-12 14:42:10,531 - api_entries_etl - DEBUG -   position: 7
2025-10-12 14:42:10,531 - api_entries_etl - DEBUG -   description: 更新フラグ（未実装、使用しない）
2025-10-12 14:42:10,531 - api_entries_etl - DEBUG -   raw_json: {"name":"bUpdate","type":"bool","description":"更新フラグ（未実装、使用しない）","position":7}
2025-10-12 14:42:10,531 - api_entries_etl - DEBUG - [Relation #278] Created HAS_PARAMETER: api_entry::CreateSketchArc -> param::CreateSketchArc::bUpdate
2025-10-12 14:42:10,531 - api_entries_etl - DEBUG - [Node #241] Created ReturnValue: return::CreateSketchArc
2025-10-12 14:42:10,531 - api_entries_etl - DEBUG -   return_type: ID
2025-10-12 14:42:10,531 - api_entries_etl - DEBUG -   description: 作成されたスケッチ円弧要素の要素ID
2025-10-12 14:42:10,531 - api_entries_etl - DEBUG -   raw_json: {"type":"ID","description":"作成されたスケッチ円弧要素の要素ID"}
2025-10-12 14:42:10,531 - api_entries_etl - DEBUG - [Relation #279] Created HAS_RETURN: api_entry::CreateSketchArc -> return::CreateSketchArc
2025-10-12 14:42:10,531 - api_entries_etl - DEBUG - [Node #242] Created PseudoCode: pseudo_code::CreateSketchArc
2025-10-12 14:42:10,531 - api_entries_etl - DEBUG -   code: CreateSketchArc(SketchPlane, SketchArcName, SketchLayer, CenterPoint, StartPoint, EndPoint, bCCW, bUpdate)
2025-10-12 14:42:10,531 - api_entries_etl - DEBUG -   callee: CreateSketchArc
2025-10-12 14:42:10,531 - api_entries_etl - DEBUG -   argument_count: 8
2025-10-12 14:42:10,531 - api_entries_etl - DEBUG -   arguments_json: ["SketchPlane","SketchArcName","SketchLayer","CenterPoint","StartPoint","EndPoint","bCCW","bUpdate"]
2025-10-12 14:42:10,531 - api_entries_etl - DEBUG - [Relation #280] Created HAS_PSEUDO_CODE: api_entry::CreateSketchArc -> pseudo_code::CreateSketchArc
2025-10-12 14:42:10,531 - api_entries_etl - DEBUG - [Node #243] Created PseudoCodeArgument: pseudo_code::CreateSketchArc::arg::0
2025-10-12 14:42:10,531 - api_entries_etl - DEBUG -   text: SketchPlane
2025-10-12 14:42:10,531 - api_entries_etl - DEBUG -   position: 0
2025-10-12 14:42:10,531 - api_entries_etl - DEBUG -   normalized_text: sketchplane
2025-10-12 14:42:10,531 - api_entries_etl - DEBUG - [Relation #281] Created HAS_ARGUMENT: pseudo_code::CreateSketchArc -> pseudo_code::CreateSketchArc::arg::0
2025-10-12 14:42:10,531 - api_entries_etl - DEBUG - [Relation #282] Created ARGUMENT_MATCHES_PARAMETER: pseudo_code::CreateSketchArc::arg::0 -> param::CreateSketchArc::SketchPlane
2025-10-12 14:42:10,531 - api_entries_etl - DEBUG - [Node #244] Created PseudoCodeArgument: pseudo_code::CreateSketchArc::arg::1
2025-10-12 14:42:10,531 - api_entries_etl - DEBUG -   text: SketchArcName
2025-10-12 14:42:10,531 - api_entries_etl - DEBUG -   position: 1
2025-10-12 14:42:10,531 - api_entries_etl - DEBUG -   normalized_text: sketcharcname
2025-10-12 14:42:10,531 - api_entries_etl - DEBUG - [Relation #283] Created HAS_ARGUMENT: pseudo_code::CreateSketchArc -> pseudo_code::CreateSketchArc::arg::1
2025-10-12 14:42:10,531 - api_entries_etl - DEBUG - [Relation #284] Created ARGUMENT_MATCHES_PARAMETER: pseudo_code::CreateSketchArc::arg::1 -> param::CreateSketchArc::SketchArcName
2025-10-12 14:42:10,531 - api_entries_etl - DEBUG - [Node #245] Created PseudoCodeArgument: pseudo_code::CreateSketchArc::arg::2
2025-10-12 14:42:10,531 - api_entries_etl - DEBUG -   text: SketchLayer
2025-10-12 14:42:10,531 - api_entries_etl - DEBUG -   position: 2
2025-10-12 14:42:10,531 - api_entries_etl - DEBUG -   normalized_text: sketchlayer
2025-10-12 14:42:10,531 - api_entries_etl - DEBUG - [Relation #285] Created HAS_ARGUMENT: pseudo_code::CreateSketchArc -> pseudo_code::CreateSketchArc::arg::2
2025-10-12 14:42:10,531 - api_entries_etl - DEBUG - [Relation #286] Created ARGUMENT_MATCHES_PARAMETER: pseudo_code::CreateSketchArc::arg::2 -> param::CreateSketchArc::SketchLayer
2025-10-12 14:42:10,531 - api_entries_etl - DEBUG - [Node #246] Created PseudoCodeArgument: pseudo_code::CreateSketchArc::arg::3
2025-10-12 14:42:10,531 - api_entries_etl - DEBUG -   text: CenterPoint
2025-10-12 14:42:10,531 - api_entries_etl - DEBUG -   position: 3
2025-10-12 14:42:10,531 - api_entries_etl - DEBUG -   normalized_text: centerpoint
2025-10-12 14:42:10,531 - api_entries_etl - DEBUG - [Relation #287] Created HAS_ARGUMENT: pseudo_code::CreateSketchArc -> pseudo_code::CreateSketchArc::arg::3
2025-10-12 14:42:10,531 - api_entries_etl - DEBUG - [Relation #288] Created ARGUMENT_MATCHES_PARAMETER: pseudo_code::CreateSketchArc::arg::3 -> param::CreateSketchArc::CenterPoint
2025-10-12 14:42:10,531 - api_entries_etl - DEBUG - [Node #247] Created PseudoCodeArgument: pseudo_code::CreateSketchArc::arg::4
2025-10-12 14:42:10,531 - api_entries_etl - DEBUG -   text: StartPoint
2025-10-12 14:42:10,531 - api_entries_etl - DEBUG -   position: 4
2025-10-12 14:42:10,531 - api_entries_etl - DEBUG -   normalized_text: startpoint
2025-10-12 14:42:10,531 - api_entries_etl - DEBUG - [Relation #289] Created HAS_ARGUMENT: pseudo_code::CreateSketchArc -> pseudo_code::CreateSketchArc::arg::4
2025-10-12 14:42:10,531 - api_entries_etl - DEBUG - [Relation #290] Created ARGUMENT_MATCHES_PARAMETER: pseudo_code::CreateSketchArc::arg::4 -> param::CreateSketchArc::StartPoint
2025-10-12 14:42:10,531 - api_entries_etl - DEBUG - [Node #248] Created PseudoCodeArgument: pseudo_code::CreateSketchArc::arg::5
2025-10-12 14:42:10,531 - api_entries_etl - DEBUG -   text: EndPoint
2025-10-12 14:42:10,531 - api_entries_etl - DEBUG -   position: 5
2025-10-12 14:42:10,531 - api_entries_etl - DEBUG -   normalized_text: endpoint
2025-10-12 14:42:10,531 - api_entries_etl - DEBUG - [Relation #291] Created HAS_ARGUMENT: pseudo_code::CreateSketchArc -> pseudo_code::CreateSketchArc::arg::5
2025-10-12 14:42:10,531 - api_entries_etl - DEBUG - [Relation #292] Created ARGUMENT_MATCHES_PARAMETER: pseudo_code::CreateSketchArc::arg::5 -> param::CreateSketchArc::EndPoint
2025-10-12 14:42:10,531 - api_entries_etl - DEBUG - [Node #249] Created PseudoCodeArgument: pseudo_code::CreateSketchArc::arg::6
2025-10-12 14:42:10,531 - api_entries_etl - DEBUG -   text: bCCW
2025-10-12 14:42:10,531 - api_entries_etl - DEBUG -   position: 6
2025-10-12 14:42:10,543 - api_entries_etl - DEBUG -   normalized_text: bccw
2025-10-12 14:42:10,543 - api_entries_etl - DEBUG - [Relation #293] Created HAS_ARGUMENT: pseudo_code::CreateSketchArc -> pseudo_code::CreateSketchArc::arg::6
2025-10-12 14:42:10,543 - api_entries_etl - DEBUG - [Relation #294] Created ARGUMENT_MATCHES_PARAMETER: pseudo_code::CreateSketchArc::arg::6 -> param::CreateSketchArc::bCCW
2025-10-12 14:42:10,543 - api_entries_etl - DEBUG - [Node #250] Created PseudoCodeArgument: pseudo_code::CreateSketchArc::arg::7
2025-10-12 14:42:10,543 - api_entries_etl - DEBUG -   text: bUpdate
2025-10-12 14:42:10,543 - api_entries_etl - DEBUG -   position: 7
2025-10-12 14:42:10,543 - api_entries_etl - DEBUG -   normalized_text: bupdate
2025-10-12 14:42:10,543 - api_entries_etl - DEBUG - [Relation #295] Created HAS_ARGUMENT: pseudo_code::CreateSketchArc -> pseudo_code::CreateSketchArc::arg::7
2025-10-12 14:42:10,543 - api_entries_etl - DEBUG - [Relation #296] Created ARGUMENT_MATCHES_PARAMETER: pseudo_code::CreateSketchArc::arg::7 -> param::CreateSketchArc::bUpdate
2025-10-12 14:42:10,543 - api_entries_etl - DEBUG - [Node #251] Created Source: source::CreateSketchArc::inline
2025-10-12 14:42:10,543 - api_entries_etl - DEBUG -   text: 〇スケッチ円弧を中心点と始終点を指定して作成
  返り値:作成されたスケッチ円弧要素の要素ID
  CreateSketchArc(
        SketchPlane,   // 要素：円弧を作成するスケッチ要素
       ...
2025-10-12 14:42:10,543 - api_entries_etl - DEBUG - [Relation #297] Created CITED_FROM: api_entry::CreateSketchArc -> source::CreateSketchArc::inline
2025-10-12 14:42:10,543 - api_entries_etl - DEBUG - Processing API entry #25: CreateSketchArc3Pts
2025-10-12 14:42:10,543 - api_entries_etl - DEBUG - [Node #252] Created APIEntry: api_entry::CreateSketchArc3Pts
2025-10-12 14:42:10,543 - api_entries_etl - DEBUG -   name: CreateSketchArc3Pts
2025-10-12 14:42:10,543 - api_entries_etl - DEBUG -   category: Partオブジェクト
2025-10-12 14:42:10,543 - api_entries_etl - DEBUG -   entry_type: function
2025-10-12 14:42:10,543 - api_entries_etl - DEBUG -   description: スケッチ円弧を周上の３点を指定して作成
2025-10-12 14:42:10,543 - api_entries_etl - DEBUG -   pseudo_code: CreateSketchArc3Pts(SketchPlane, SketchArcName, SketchLayer, StartPoint, MidPoint, EndPoint, bUpdate)
2025-10-12 14:42:10,543 - api_entries_etl - DEBUG -   text: スケッチ円弧を周上の３点を指定して作成

〇スケッチ円弧を周上の３点を指定して作成
  返り値:作成されたスケッチ円弧要素の要素ID
  CreateSketchArc3Pts(
        SketchPlane,   // 要...
2025-10-12 14:42:10,543 - api_entries_etl - DEBUG -   raw_json: {"category":"Partオブジェクト","entry_type":"function","name":"CreateSketchArc3Pts","description":"スケッチ円弧を周上の３点を指定して作成","ps...
2025-10-12 14:42:10,543 - api_entries_etl - DEBUG -   position: 24
2025-10-12 14:42:10,543 - api_entries_etl - DEBUG - [Relation #298] Created HAS_ENTRY: api_entries::collection -> api_entry::CreateSketchArc3Pts
2025-10-12 14:42:10,543 - api_entries_etl - DEBUG - [Node #253] Created Category: category::Partオブジェクト
2025-10-12 14:42:10,543 - api_entries_etl - DEBUG -   name: Partオブジェクト
2025-10-12 14:42:10,543 - api_entries_etl - DEBUG - [Relation #299] Created IN_CATEGORY: api_entry::CreateSketchArc3Pts -> category::Partオブジェクト
2025-10-12 14:42:10,543 - api_entries_etl - DEBUG - [Node #254] Created EntryType: entry_type::function
2025-10-12 14:42:10,543 - api_entries_etl - DEBUG -   name: function
2025-10-12 14:42:10,543 - api_entries_etl - DEBUG - [Relation #300] Created HAS_ENTRY_TYPE: api_entry::CreateSketchArc3Pts -> entry_type::function
2025-10-12 14:42:10,543 - api_entries_etl - DEBUG - [Node #255] Created Parameter: param::CreateSketchArc3Pts::SketchPlane
2025-10-12 14:42:10,543 - api_entries_etl - DEBUG -   name: SketchPlane
2025-10-12 14:42:10,543 - api_entries_etl - DEBUG -   param_type: 要素
2025-10-12 14:42:10,543 - api_entries_etl - DEBUG -   position: 0
2025-10-12 14:42:10,543 - api_entries_etl - DEBUG -   description: 円弧を作成するスケッチ要素
2025-10-12 14:42:10,543 - api_entries_etl - DEBUG -   raw_json: {"name":"SketchPlane","type":"要素","description":"円弧を作成するスケッチ要素","position":0}
2025-10-12 14:42:10,543 - api_entries_etl - DEBUG - [Relation #301] Created HAS_PARAMETER: api_entry::CreateSketchArc3Pts -> param::CreateSketchArc3Pts::SketchPlane
2025-10-12 14:42:10,543 - api_entries_etl - DEBUG - [Node #256] Created Parameter: param::CreateSketchArc3Pts::SketchArcName
2025-10-12 14:42:10,543 - api_entries_etl - DEBUG -   name: SketchArcName
2025-10-12 14:42:10,543 - api_entries_etl - DEBUG -   param_type: 文字列
2025-10-12 14:42:10,543 - api_entries_etl - DEBUG -   position: 1
2025-10-12 14:42:10,543 - api_entries_etl - DEBUG -   description: 作成するスケッチ円弧名称（空文字可）
2025-10-12 14:42:10,543 - api_entries_etl - DEBUG -   raw_json: {"name":"SketchArcName","type":"文字列","description":"作成するスケッチ円弧名称（空文字可）","position":1}
2025-10-12 14:42:10,543 - api_entries_etl - DEBUG - [Relation #302] Created HAS_PARAMETER: api_entry::CreateSketchArc3Pts -> param::CreateSketchArc3Pts::SketchArcName
2025-10-12 14:42:10,543 - api_entries_etl - DEBUG - [Node #257] Created Parameter: param::CreateSketchArc3Pts::SketchLayer
2025-10-12 14:42:10,543 - api_entries_etl - DEBUG -   name: SketchLayer
2025-10-12 14:42:10,543 - api_entries_etl - DEBUG -   param_type: 要素
2025-10-12 14:42:10,543 - api_entries_etl - DEBUG -   position: 2
2025-10-12 14:42:10,543 - api_entries_etl - DEBUG -   description: 円弧を作成するスケッチレイヤー(空文字可）
2025-10-12 14:42:10,543 - api_entries_etl - DEBUG -   raw_json: {"name":"SketchLayer","type":"要素","description":"円弧を作成するスケッチレイヤー(空文字可）","position":2}
2025-10-12 14:42:10,543 - api_entries_etl - DEBUG - [Relation #303] Created HAS_PARAMETER: api_entry::CreateSketchArc3Pts -> param::CreateSketchArc3Pts::SketchLayer
2025-10-12 14:42:10,543 - api_entries_etl - DEBUG - [Node #258] Created Parameter: param::CreateSketchArc3Pts::StartPoint
2025-10-12 14:42:10,543 - api_entries_etl - DEBUG -   name: StartPoint
2025-10-12 14:42:10,543 - api_entries_etl - DEBUG -   param_type: 点(2D)
2025-10-12 14:42:10,543 - api_entries_etl - DEBUG -   position: 3
2025-10-12 14:42:10,543 - api_entries_etl - DEBUG -   description: 始点
2025-10-12 14:42:10,543 - api_entries_etl - DEBUG -   raw_json: {"name":"StartPoint","type":"点(2D)","description":"始点","position":3,"dimension":"2D"}
2025-10-12 14:42:10,543 - api_entries_etl - DEBUG - [Relation #304] Created HAS_PARAMETER: api_entry::CreateSketchArc3Pts -> param::CreateSketchArc3Pts::StartPoint
2025-10-12 14:42:10,543 - api_entries_etl - DEBUG - [Node #259] Created Parameter: param::CreateSketchArc3Pts::MidPoint
2025-10-12 14:42:10,543 - api_entries_etl - DEBUG -   name: MidPoint
2025-10-12 14:42:10,543 - api_entries_etl - DEBUG -   param_type: 点(2D)
2025-10-12 14:42:10,543 - api_entries_etl - DEBUG -   position: 4
2025-10-12 14:42:10,543 - api_entries_etl - DEBUG -   description: 通過点
2025-10-12 14:42:10,543 - api_entries_etl - DEBUG -   raw_json: {"name":"MidPoint","type":"点(2D)","description":"通過点","position":4,"dimension":"2D"}
2025-10-12 14:42:10,543 - api_entries_etl - DEBUG - [Relation #305] Created HAS_PARAMETER: api_entry::CreateSketchArc3Pts -> param::CreateSketchArc3Pts::MidPoint
2025-10-12 14:42:10,543 - api_entries_etl - DEBUG - [Node #260] Created Parameter: param::CreateSketchArc3Pts::EndPoint
2025-10-12 14:42:10,543 - api_entries_etl - DEBUG -   name: EndPoint
2025-10-12 14:42:10,543 - api_entries_etl - DEBUG -   param_type: 点(2D)
2025-10-12 14:42:10,543 - api_entries_etl - DEBUG -   position: 5
2025-10-12 14:42:10,543 - api_entries_etl - DEBUG -   description: 終点
2025-10-12 14:42:10,543 - api_entries_etl - DEBUG -   raw_json: {"name":"EndPoint","type":"点(2D)","description":"終点","position":5,"dimension":"2D"}
2025-10-12 14:42:10,543 - api_entries_etl - DEBUG - [Relation #306] Created HAS_PARAMETER: api_entry::CreateSketchArc3Pts -> param::CreateSketchArc3Pts::EndPoint
2025-10-12 14:42:10,543 - api_entries_etl - DEBUG - [Node #261] Created Parameter: param::CreateSketchArc3Pts::bUpdate
2025-10-12 14:42:10,543 - api_entries_etl - DEBUG -   name: bUpdate
2025-10-12 14:42:10,543 - api_entries_etl - DEBUG -   param_type: bool
2025-10-12 14:42:10,543 - api_entries_etl - DEBUG -   position: 6
2025-10-12 14:42:10,543 - api_entries_etl - DEBUG -   description: 更新フラグ（未実装、使用しない）
2025-10-12 14:42:10,543 - api_entries_etl - DEBUG -   raw_json: {"name":"bUpdate","type":"bool","description":"更新フラグ（未実装、使用しない）","position":6}
2025-10-12 14:42:10,543 - api_entries_etl - DEBUG - [Relation #307] Created HAS_PARAMETER: api_entry::CreateSketchArc3Pts -> param::CreateSketchArc3Pts::bUpdate
2025-10-12 14:42:10,543 - api_entries_etl - DEBUG - [Node #262] Created ReturnValue: return::CreateSketchArc3Pts
2025-10-12 14:42:10,543 - api_entries_etl - DEBUG -   return_type: ID
2025-10-12 14:42:10,543 - api_entries_etl - DEBUG -   description: 作成されたスケッチ円弧要素の要素ID
2025-10-12 14:42:10,543 - api_entries_etl - DEBUG -   raw_json: {"type":"ID","description":"作成されたスケッチ円弧要素の要素ID"}
2025-10-12 14:42:10,543 - api_entries_etl - DEBUG - [Relation #308] Created HAS_RETURN: api_entry::CreateSketchArc3Pts -> return::CreateSketchArc3Pts
2025-10-12 14:42:10,543 - api_entries_etl - DEBUG - [Node #263] Created PseudoCode: pseudo_code::CreateSketchArc3Pts
2025-10-12 14:42:10,543 - api_entries_etl - DEBUG -   code: CreateSketchArc3Pts(SketchPlane, SketchArcName, SketchLayer, StartPoint, MidPoint, EndPoint, bUpdate)
2025-10-12 14:42:10,543 - api_entries_etl - DEBUG -   callee: CreateSketchArc3Pts
2025-10-12 14:42:10,543 - api_entries_etl - DEBUG -   argument_count: 7
2025-10-12 14:42:10,543 - api_entries_etl - DEBUG -   arguments_json: ["SketchPlane","SketchArcName","SketchLayer","StartPoint","MidPoint","EndPoint","bUpdate"]
2025-10-12 14:42:10,543 - api_entries_etl - DEBUG - [Relation #309] Created HAS_PSEUDO_CODE: api_entry::CreateSketchArc3Pts -> pseudo_code::CreateSketchArc3Pts
2025-10-12 14:42:10,543 - api_entries_etl - DEBUG - [Node #264] Created PseudoCodeArgument: pseudo_code::CreateSketchArc3Pts::arg::0
2025-10-12 14:42:10,543 - api_entries_etl - DEBUG -   text: SketchPlane
2025-10-12 14:42:10,543 - api_entries_etl - DEBUG -   position: 0
2025-10-12 14:42:10,543 - api_entries_etl - DEBUG -   normalized_text: sketchplane
2025-10-12 14:42:10,543 - api_entries_etl - DEBUG - [Relation #310] Created HAS_ARGUMENT: pseudo_code::CreateSketchArc3Pts -> pseudo_code::CreateSketchArc3Pts::arg::0
2025-10-12 14:42:10,543 - api_entries_etl - DEBUG - [Relation #311] Created ARGUMENT_MATCHES_PARAMETER: pseudo_code::CreateSketchArc3Pts::arg::0 -> param::CreateSketchArc3Pts::SketchPlane
2025-10-12 14:42:10,543 - api_entries_etl - DEBUG - [Node #265] Created PseudoCodeArgument: pseudo_code::CreateSketchArc3Pts::arg::1
2025-10-12 14:42:10,543 - api_entries_etl - DEBUG -   text: SketchArcName
2025-10-12 14:42:10,543 - api_entries_etl - DEBUG -   position: 1
2025-10-12 14:42:10,543 - api_entries_etl - DEBUG -   normalized_text: sketcharcname
2025-10-12 14:42:10,543 - api_entries_etl - DEBUG - [Relation #312] Created HAS_ARGUMENT: pseudo_code::CreateSketchArc3Pts -> pseudo_code::CreateSketchArc3Pts::arg::1
2025-10-12 14:42:10,543 - api_entries_etl - DEBUG - [Relation #313] Created ARGUMENT_MATCHES_PARAMETER: pseudo_code::CreateSketchArc3Pts::arg::1 -> param::CreateSketchArc3Pts::SketchArcName
2025-10-12 14:42:10,543 - api_entries_etl - DEBUG - [Node #266] Created PseudoCodeArgument: pseudo_code::CreateSketchArc3Pts::arg::2
2025-10-12 14:42:10,543 - api_entries_etl - DEBUG -   text: SketchLayer
2025-10-12 14:42:10,543 - api_entries_etl - DEBUG -   position: 2
2025-10-12 14:42:10,543 - api_entries_etl - DEBUG -   normalized_text: sketchlayer
2025-10-12 14:42:10,543 - api_entries_etl - DEBUG - [Relation #314] Created HAS_ARGUMENT: pseudo_code::CreateSketchArc3Pts -> pseudo_code::CreateSketchArc3Pts::arg::2
2025-10-12 14:42:10,543 - api_entries_etl - DEBUG - [Relation #315] Created ARGUMENT_MATCHES_PARAMETER: pseudo_code::CreateSketchArc3Pts::arg::2 -> param::CreateSketchArc3Pts::SketchLayer
2025-10-12 14:42:10,543 - api_entries_etl - DEBUG - [Node #267] Created PseudoCodeArgument: pseudo_code::CreateSketchArc3Pts::arg::3
2025-10-12 14:42:10,543 - api_entries_etl - DEBUG -   text: StartPoint
2025-10-12 14:42:10,543 - api_entries_etl - DEBUG -   position: 3
2025-10-12 14:42:10,543 - api_entries_etl - DEBUG -   normalized_text: startpoint
2025-10-12 14:42:10,543 - api_entries_etl - DEBUG - [Relation #316] Created HAS_ARGUMENT: pseudo_code::CreateSketchArc3Pts -> pseudo_code::CreateSketchArc3Pts::arg::3
2025-10-12 14:42:10,559 - api_entries_etl - DEBUG - [Relation #317] Created ARGUMENT_MATCHES_PARAMETER: pseudo_code::CreateSketchArc3Pts::arg::3 -> param::CreateSketchArc3Pts::StartPoint
2025-10-12 14:42:10,559 - api_entries_etl - DEBUG - [Node #268] Created PseudoCodeArgument: pseudo_code::CreateSketchArc3Pts::arg::4
2025-10-12 14:42:10,559 - api_entries_etl - DEBUG -   text: MidPoint
2025-10-12 14:42:10,559 - api_entries_etl - DEBUG -   position: 4
2025-10-12 14:42:10,559 - api_entries_etl - DEBUG -   normalized_text: midpoint
2025-10-12 14:42:10,559 - api_entries_etl - DEBUG - [Relation #318] Created HAS_ARGUMENT: pseudo_code::CreateSketchArc3Pts -> pseudo_code::CreateSketchArc3Pts::arg::4
2025-10-12 14:42:10,559 - api_entries_etl - DEBUG - [Relation #319] Created ARGUMENT_MATCHES_PARAMETER: pseudo_code::CreateSketchArc3Pts::arg::4 -> param::CreateSketchArc3Pts::MidPoint
2025-10-12 14:42:10,559 - api_entries_etl - DEBUG - [Node #269] Created PseudoCodeArgument: pseudo_code::CreateSketchArc3Pts::arg::5
2025-10-12 14:42:10,559 - api_entries_etl - DEBUG -   text: EndPoint
2025-10-12 14:42:10,559 - api_entries_etl - DEBUG -   position: 5
2025-10-12 14:42:10,559 - api_entries_etl - DEBUG -   normalized_text: endpoint
2025-10-12 14:42:10,559 - api_entries_etl - DEBUG - [Relation #320] Created HAS_ARGUMENT: pseudo_code::CreateSketchArc3Pts -> pseudo_code::CreateSketchArc3Pts::arg::5
2025-10-12 14:42:10,559 - api_entries_etl - DEBUG - [Relation #321] Created ARGUMENT_MATCHES_PARAMETER: pseudo_code::CreateSketchArc3Pts::arg::5 -> param::CreateSketchArc3Pts::EndPoint
2025-10-12 14:42:10,559 - api_entries_etl - DEBUG - [Node #270] Created PseudoCodeArgument: pseudo_code::CreateSketchArc3Pts::arg::6
2025-10-12 14:42:10,559 - api_entries_etl - DEBUG -   text: bUpdate
2025-10-12 14:42:10,559 - api_entries_etl - DEBUG -   position: 6
2025-10-12 14:42:10,559 - api_entries_etl - DEBUG -   normalized_text: bupdate
2025-10-12 14:42:10,559 - api_entries_etl - DEBUG - [Relation #322] Created HAS_ARGUMENT: pseudo_code::CreateSketchArc3Pts -> pseudo_code::CreateSketchArc3Pts::arg::6
2025-10-12 14:42:10,559 - api_entries_etl - DEBUG - [Relation #323] Created ARGUMENT_MATCHES_PARAMETER: pseudo_code::CreateSketchArc3Pts::arg::6 -> param::CreateSketchArc3Pts::bUpdate
2025-10-12 14:42:10,559 - api_entries_etl - DEBUG - [Node #271] Created Source: source::CreateSketchArc3Pts::inline
2025-10-12 14:42:10,559 - api_entries_etl - DEBUG -   text: 〇スケッチ円弧を周上の３点を指定して作成
  返り値:作成されたスケッチ円弧要素の要素ID
  CreateSketchArc3Pts(
        SketchPlane,   // 要素：円弧を作成するスケッチ要素
     ...
2025-10-12 14:42:10,559 - api_entries_etl - DEBUG - [Relation #324] Created CITED_FROM: api_entry::CreateSketchArc3Pts -> source::CreateSketchArc3Pts::inline
2025-10-12 14:42:10,562 - api_entries_etl - DEBUG - Processing API entry #26: CreateSketchCircle
2025-10-12 14:42:10,562 - api_entries_etl - DEBUG - [Node #272] Created APIEntry: api_entry::CreateSketchCircle
2025-10-12 14:42:10,562 - api_entries_etl - DEBUG -   name: CreateSketchCircle
2025-10-12 14:42:10,562 - api_entries_etl - DEBUG -   category: Partオブジェクト
2025-10-12 14:42:10,562 - api_entries_etl - DEBUG -   entry_type: function
2025-10-12 14:42:10,562 - api_entries_etl - DEBUG -   description: スケッチ円を中心点を指定して作成
2025-10-12 14:42:10,562 - api_entries_etl - DEBUG -   pseudo_code: CreateSketchCircle(SketchPlane, SketchCircleName, SketchLayer, Centeroint, RadiusOrDiameter, bDiameter, bCCW, bUpdate)
2025-10-12 14:42:10,562 - api_entries_etl - DEBUG -   text: スケッチ円を中心点を指定して作成

〇スケッチ円を中心点を指定して作成
  返り値:作成されたスケッチ円要素の要素ID
  CreateSketchCircle(
        SketchPlane,   // 要素：円を作成する...
2025-10-12 14:42:10,562 - api_entries_etl - DEBUG -   raw_json: {"category":"Partオブジェクト","entry_type":"function","name":"CreateSketchCircle","description":"スケッチ円を中心点を指定して作成","pseudo...
2025-10-12 14:42:10,562 - api_entries_etl - DEBUG -   position: 25
2025-10-12 14:42:10,562 - api_entries_etl - DEBUG - [Relation #325] Created HAS_ENTRY: api_entries::collection -> api_entry::CreateSketchCircle
2025-10-12 14:42:10,562 - api_entries_etl - DEBUG - [Node #273] Created Category: category::Partオブジェクト
2025-10-12 14:42:10,562 - api_entries_etl - DEBUG -   name: Partオブジェクト
2025-10-12 14:42:10,562 - api_entries_etl - DEBUG - [Relation #326] Created IN_CATEGORY: api_entry::CreateSketchCircle -> category::Partオブジェクト
2025-10-12 14:42:10,562 - api_entries_etl - DEBUG - [Node #274] Created EntryType: entry_type::function
2025-10-12 14:42:10,562 - api_entries_etl - DEBUG -   name: function
2025-10-12 14:42:10,562 - api_entries_etl - DEBUG - [Relation #327] Created HAS_ENTRY_TYPE: api_entry::CreateSketchCircle -> entry_type::function
2025-10-12 14:42:10,562 - api_entries_etl - DEBUG - [Node #275] Created Parameter: param::CreateSketchCircle::SketchPlane
2025-10-12 14:42:10,562 - api_entries_etl - DEBUG -   name: SketchPlane
2025-10-12 14:42:10,562 - api_entries_etl - DEBUG -   param_type: 要素
2025-10-12 14:42:10,562 - api_entries_etl - DEBUG -   position: 0
2025-10-12 14:42:10,562 - api_entries_etl - DEBUG -   description: 円を作成するスケッチ要素
2025-10-12 14:42:10,562 - api_entries_etl - DEBUG -   raw_json: {"name":"SketchPlane","type":"要素","description":"円を作成するスケッチ要素","position":0}
2025-10-12 14:42:10,562 - api_entries_etl - DEBUG - [Relation #328] Created HAS_PARAMETER: api_entry::CreateSketchCircle -> param::CreateSketchCircle::SketchPlane
2025-10-12 14:42:10,562 - api_entries_etl - DEBUG - [Node #276] Created Parameter: param::CreateSketchCircle::SketchArcName
2025-10-12 14:42:10,562 - api_entries_etl - DEBUG -   name: SketchArcName
2025-10-12 14:42:10,562 - api_entries_etl - DEBUG -   param_type: 文字列
2025-10-12 14:42:10,562 - api_entries_etl - DEBUG -   position: 1
2025-10-12 14:42:10,562 - api_entries_etl - DEBUG -   description: 作成するスケッチ円名称（空文字可）
2025-10-12 14:42:10,562 - api_entries_etl - DEBUG -   raw_json: {"name":"SketchArcName","type":"文字列","description":"作成するスケッチ円名称（空文字可）","position":1}
2025-10-12 14:42:10,562 - api_entries_etl - DEBUG - [Relation #329] Created HAS_PARAMETER: api_entry::CreateSketchCircle -> param::CreateSketchCircle::SketchArcName
2025-10-12 14:42:10,562 - api_entries_etl - DEBUG - [Node #277] Created Parameter: param::CreateSketchCircle::SketchLayer
2025-10-12 14:42:10,562 - api_entries_etl - DEBUG -   name: SketchLayer
2025-10-12 14:42:10,562 - api_entries_etl - DEBUG -   param_type: 要素
2025-10-12 14:42:10,562 - api_entries_etl - DEBUG -   position: 2
2025-10-12 14:42:10,562 - api_entries_etl - DEBUG -   description: 円を作成するスケッチレイヤー(空文字可）
2025-10-12 14:42:10,562 - api_entries_etl - DEBUG -   raw_json: {"name":"SketchLayer","type":"要素","description":"円を作成するスケッチレイヤー(空文字可）","position":2}
2025-10-12 14:42:10,562 - api_entries_etl - DEBUG - [Relation #330] Created HAS_PARAMETER: api_entry::CreateSketchCircle -> param::CreateSketchCircle::SketchLayer
2025-10-12 14:42:10,562 - api_entries_etl - DEBUG - [Node #278] Created Parameter: param::CreateSketchCircle::Centeroint
2025-10-12 14:42:10,562 - api_entries_etl - DEBUG -   name: Centeroint
2025-10-12 14:42:10,562 - api_entries_etl - DEBUG -   param_type: 点(2D)
2025-10-12 14:42:10,562 - api_entries_etl - DEBUG -   position: 3
2025-10-12 14:42:10,562 - api_entries_etl - DEBUG -   description: 中心点
2025-10-12 14:42:10,562 - api_entries_etl - DEBUG -   raw_json: {"name":"Centeroint","type":"点(2D)","description":"中心点","position":3,"dimension":"2D"}
2025-10-12 14:42:10,562 - api_entries_etl - DEBUG - [Relation #331] Created HAS_PARAMETER: api_entry::CreateSketchCircle -> param::CreateSketchCircle::Centeroint
2025-10-12 14:42:10,562 - api_entries_etl - DEBUG - [Node #279] Created Parameter: param::CreateSketchCircle::RadiusOrDiameter
2025-10-12 14:42:10,562 - api_entries_etl - DEBUG -   name: RadiusOrDiameter
2025-10-12 14:42:10,562 - api_entries_etl - DEBUG -   param_type: 長さ
2025-10-12 14:42:10,562 - api_entries_etl - DEBUG -   position: 4
2025-10-12 14:42:10,562 - api_entries_etl - DEBUG -   description: 半径または直径
2025-10-12 14:42:10,562 - api_entries_etl - DEBUG -   raw_json: {"name":"RadiusOrDiameter","type":"長さ","description":"半径または直径","position":4}
2025-10-12 14:42:10,562 - api_entries_etl - DEBUG - [Relation #332] Created HAS_PARAMETER: api_entry::CreateSketchCircle -> param::CreateSketchCircle::RadiusOrDiameter
2025-10-12 14:42:10,562 - api_entries_etl - DEBUG - [Node #280] Created Parameter: param::CreateSketchCircle::bDiameter
2025-10-12 14:42:10,562 - api_entries_etl - DEBUG -   name: bDiameter
2025-10-12 14:42:10,562 - api_entries_etl - DEBUG -   param_type: bool
2025-10-12 14:42:10,562 - api_entries_etl - DEBUG -   position: 5
2025-10-12 14:42:10,562 - api_entries_etl - DEBUG -   description: 直径を指定する場合はTrue
2025-10-12 14:42:10,562 - api_entries_etl - DEBUG -   raw_json: {"name":"bDiameter","type":"bool","description":"直径を指定する場合はTrue","position":5}
2025-10-12 14:42:10,562 - api_entries_etl - DEBUG - [Relation #333] Created HAS_PARAMETER: api_entry::CreateSketchCircle -> param::CreateSketchCircle::bDiameter
2025-10-12 14:42:10,562 - api_entries_etl - DEBUG - [Node #281] Created Parameter: param::CreateSketchCircle::bCCW
2025-10-12 14:42:10,562 - api_entries_etl - DEBUG -   name: bCCW
2025-10-12 14:42:10,562 - api_entries_etl - DEBUG -   param_type: bool
2025-10-12 14:42:10,562 - api_entries_etl - DEBUG -   position: 6
2025-10-12 14:42:10,562 - api_entries_etl - DEBUG -   description: 円の回転方向Trueの場合は反時計周り
2025-10-12 14:42:10,562 - api_entries_etl - DEBUG -   raw_json: {"name":"bCCW","type":"bool","description":"円の回転方向Trueの場合は反時計周り","position":6}
2025-10-12 14:42:10,562 - api_entries_etl - DEBUG - [Relation #334] Created HAS_PARAMETER: api_entry::CreateSketchCircle -> param::CreateSketchCircle::bCCW
2025-10-12 14:42:10,562 - api_entries_etl - DEBUG - [Node #282] Created Parameter: param::CreateSketchCircle::bUpdate
2025-10-12 14:42:10,562 - api_entries_etl - DEBUG -   name: bUpdate
2025-10-12 14:42:10,562 - api_entries_etl - DEBUG -   param_type: bool
2025-10-12 14:42:10,562 - api_entries_etl - DEBUG -   position: 7
2025-10-12 14:42:10,562 - api_entries_etl - DEBUG -   description: 更新フラグ（未実装、使用しない）
2025-10-12 14:42:10,562 - api_entries_etl - DEBUG -   raw_json: {"name":"bUpdate","type":"bool","description":"更新フラグ（未実装、使用しない）","position":7}
2025-10-12 14:42:10,562 - api_entries_etl - DEBUG - [Relation #335] Created HAS_PARAMETER: api_entry::CreateSketchCircle -> param::CreateSketchCircle::bUpdate
2025-10-12 14:42:10,562 - api_entries_etl - DEBUG - [Node #283] Created ReturnValue: return::CreateSketchCircle
2025-10-12 14:42:10,562 - api_entries_etl - DEBUG -   return_type: ID
2025-10-12 14:42:10,562 - api_entries_etl - DEBUG -   description: 作成されたスケッチ円要素の要素ID
2025-10-12 14:42:10,562 - api_entries_etl - DEBUG -   raw_json: {"type":"ID","description":"作成されたスケッチ円要素の要素ID"}
2025-10-12 14:42:10,562 - api_entries_etl - DEBUG - [Relation #336] Created HAS_RETURN: api_entry::CreateSketchCircle -> return::CreateSketchCircle
2025-10-12 14:42:10,562 - api_entries_etl - DEBUG - [Node #284] Created PseudoCode: pseudo_code::CreateSketchCircle
2025-10-12 14:42:10,562 - api_entries_etl - DEBUG -   code: CreateSketchCircle(SketchPlane, SketchCircleName, SketchLayer, Centeroint, RadiusOrDiameter, bDiameter, bCCW, bUpdate)
2025-10-12 14:42:10,562 - api_entries_etl - DEBUG -   callee: CreateSketchCircle
2025-10-12 14:42:10,562 - api_entries_etl - DEBUG -   argument_count: 8
2025-10-12 14:42:10,562 - api_entries_etl - DEBUG -   arguments_json: ["SketchPlane","SketchCircleName","SketchLayer","Centeroint","RadiusOrDiameter","bDiameter","bCCW","bUpdate"]
2025-10-12 14:42:10,562 - api_entries_etl - DEBUG - [Relation #337] Created HAS_PSEUDO_CODE: api_entry::CreateSketchCircle -> pseudo_code::CreateSketchCircle
2025-10-12 14:42:10,562 - api_entries_etl - DEBUG - [Node #285] Created PseudoCodeArgument: pseudo_code::CreateSketchCircle::arg::0
2025-10-12 14:42:10,562 - api_entries_etl - DEBUG -   text: SketchPlane
2025-10-12 14:42:10,562 - api_entries_etl - DEBUG -   position: 0
2025-10-12 14:42:10,562 - api_entries_etl - DEBUG -   normalized_text: sketchplane
2025-10-12 14:42:10,562 - api_entries_etl - DEBUG - [Relation #338] Created HAS_ARGUMENT: pseudo_code::CreateSketchCircle -> pseudo_code::CreateSketchCircle::arg::0
2025-10-12 14:42:10,562 - api_entries_etl - DEBUG - [Relation #339] Created ARGUMENT_MATCHES_PARAMETER: pseudo_code::CreateSketchCircle::arg::0 -> param::CreateSketchCircle::SketchPlane
2025-10-12 14:42:10,562 - api_entries_etl - DEBUG - [Node #286] Created PseudoCodeArgument: pseudo_code::CreateSketchCircle::arg::1
2025-10-12 14:42:10,562 - api_entries_etl - DEBUG -   text: SketchCircleName
2025-10-12 14:42:10,575 - api_entries_etl - DEBUG -   position: 1
2025-10-12 14:42:10,575 - api_entries_etl - DEBUG -   normalized_text: sketchcirclename
2025-10-12 14:42:10,575 - api_entries_etl - DEBUG - [Relation #340] Created HAS_ARGUMENT: pseudo_code::CreateSketchCircle -> pseudo_code::CreateSketchCircle::arg::1
2025-10-12 14:42:10,575 - api_entries_etl - DEBUG - [Node #287] Created PseudoCodeArgument: pseudo_code::CreateSketchCircle::arg::2
2025-10-12 14:42:10,575 - api_entries_etl - DEBUG -   text: SketchLayer
2025-10-12 14:42:10,575 - api_entries_etl - DEBUG -   position: 2
2025-10-12 14:42:10,575 - api_entries_etl - DEBUG -   normalized_text: sketchlayer
2025-10-12 14:42:10,575 - api_entries_etl - DEBUG - [Relation #341] Created HAS_ARGUMENT: pseudo_code::CreateSketchCircle -> pseudo_code::CreateSketchCircle::arg::2
2025-10-12 14:42:10,575 - api_entries_etl - DEBUG - [Relation #342] Created ARGUMENT_MATCHES_PARAMETER: pseudo_code::CreateSketchCircle::arg::2 -> param::CreateSketchCircle::SketchLayer
2025-10-12 14:42:10,575 - api_entries_etl - DEBUG - [Node #288] Created PseudoCodeArgument: pseudo_code::CreateSketchCircle::arg::3
2025-10-12 14:42:10,575 - api_entries_etl - DEBUG -   text: Centeroint
2025-10-12 14:42:10,575 - api_entries_etl - DEBUG -   position: 3
2025-10-12 14:42:10,575 - api_entries_etl - DEBUG -   normalized_text: centeroint
2025-10-12 14:42:10,575 - api_entries_etl - DEBUG - [Relation #343] Created HAS_ARGUMENT: pseudo_code::CreateSketchCircle -> pseudo_code::CreateSketchCircle::arg::3
2025-10-12 14:42:10,575 - api_entries_etl - DEBUG - [Relation #344] Created ARGUMENT_MATCHES_PARAMETER: pseudo_code::CreateSketchCircle::arg::3 -> param::CreateSketchCircle::Centeroint
2025-10-12 14:42:10,575 - api_entries_etl - DEBUG - [Node #289] Created PseudoCodeArgument: pseudo_code::CreateSketchCircle::arg::4
2025-10-12 14:42:10,575 - api_entries_etl - DEBUG -   text: RadiusOrDiameter
2025-10-12 14:42:10,575 - api_entries_etl - DEBUG -   position: 4
2025-10-12 14:42:10,575 - api_entries_etl - DEBUG -   normalized_text: radiusordiameter
2025-10-12 14:42:10,575 - api_entries_etl - DEBUG - [Relation #345] Created HAS_ARGUMENT: pseudo_code::CreateSketchCircle -> pseudo_code::CreateSketchCircle::arg::4
2025-10-12 14:42:10,575 - api_entries_etl - DEBUG - [Relation #346] Created ARGUMENT_MATCHES_PARAMETER: pseudo_code::CreateSketchCircle::arg::4 -> param::CreateSketchCircle::RadiusOrDiameter
2025-10-12 14:42:10,575 - api_entries_etl - DEBUG - [Node #290] Created PseudoCodeArgument: pseudo_code::CreateSketchCircle::arg::5
2025-10-12 14:42:10,575 - api_entries_etl - DEBUG -   text: bDiameter
2025-10-12 14:42:10,575 - api_entries_etl - DEBUG -   position: 5
2025-10-12 14:42:10,575 - api_entries_etl - DEBUG -   normalized_text: bdiameter
2025-10-12 14:42:10,575 - api_entries_etl - DEBUG - [Relation #347] Created HAS_ARGUMENT: pseudo_code::CreateSketchCircle -> pseudo_code::CreateSketchCircle::arg::5
2025-10-12 14:42:10,575 - api_entries_etl - DEBUG - [Relation #348] Created ARGUMENT_MATCHES_PARAMETER: pseudo_code::CreateSketchCircle::arg::5 -> param::CreateSketchCircle::bDiameter
2025-10-12 14:42:10,575 - api_entries_etl - DEBUG - [Node #291] Created PseudoCodeArgument: pseudo_code::CreateSketchCircle::arg::6
2025-10-12 14:42:10,575 - api_entries_etl - DEBUG -   text: bCCW
2025-10-12 14:42:10,575 - api_entries_etl - DEBUG -   position: 6
2025-10-12 14:42:10,579 - api_entries_etl - DEBUG -   normalized_text: bccw
2025-10-12 14:42:10,579 - api_entries_etl - DEBUG - [Relation #349] Created HAS_ARGUMENT: pseudo_code::CreateSketchCircle -> pseudo_code::CreateSketchCircle::arg::6
2025-10-12 14:42:10,579 - api_entries_etl - DEBUG - [Relation #350] Created ARGUMENT_MATCHES_PARAMETER: pseudo_code::CreateSketchCircle::arg::6 -> param::CreateSketchCircle::bCCW
2025-10-12 14:42:10,579 - api_entries_etl - DEBUG - [Node #292] Created PseudoCodeArgument: pseudo_code::CreateSketchCircle::arg::7
2025-10-12 14:42:10,579 - api_entries_etl - DEBUG -   text: bUpdate
2025-10-12 14:42:10,579 - api_entries_etl - DEBUG -   position: 7
2025-10-12 14:42:10,579 - api_entries_etl - DEBUG -   normalized_text: bupdate
2025-10-12 14:42:10,579 - api_entries_etl - DEBUG - [Relation #351] Created HAS_ARGUMENT: pseudo_code::CreateSketchCircle -> pseudo_code::CreateSketchCircle::arg::7
2025-10-12 14:42:10,579 - api_entries_etl - DEBUG - [Relation #352] Created ARGUMENT_MATCHES_PARAMETER: pseudo_code::CreateSketchCircle::arg::7 -> param::CreateSketchCircle::bUpdate
2025-10-12 14:42:10,579 - api_entries_etl - DEBUG - [Node #293] Created Source: source::CreateSketchCircle::inline
2025-10-12 14:42:10,579 - api_entries_etl - DEBUG -   text: 〇スケッチ円を中心点を指定して作成
  返り値:作成されたスケッチ円要素の要素ID
  CreateSketchCircle(
        SketchPlane,   // 要素：円を作成するスケッチ要素
        Ske...
2025-10-12 14:42:10,579 - api_entries_etl - DEBUG - [Relation #353] Created CITED_FROM: api_entry::CreateSketchCircle -> source::CreateSketchCircle::inline
2025-10-12 14:42:10,579 - api_entries_etl - DEBUG - Processing API entry #27: CreateSketchEllipse
2025-10-12 14:42:10,579 - api_entries_etl - DEBUG - [Node #294] Created APIEntry: api_entry::CreateSketchEllipse
2025-10-12 14:42:10,579 - api_entries_etl - DEBUG -   name: CreateSketchEllipse
2025-10-12 14:42:10,579 - api_entries_etl - DEBUG -   category: Partオブジェクト
2025-10-12 14:42:10,579 - api_entries_etl - DEBUG -   entry_type: function
2025-10-12 14:42:10,579 - api_entries_etl - DEBUG -   description: スケッチ楕円を中心点を指定して作成
2025-10-12 14:42:10,579 - api_entries_etl - DEBUG -   pseudo_code: CreateSketchEllipse(SketchPlane, SketchEllipseName, SketchLayer, Centeroint, bCCW, MajorDir, MajorRadius, MinorRadius...
2025-10-12 14:42:10,579 - api_entries_etl - DEBUG -   text: スケッチ楕円を中心点を指定して作成

〇スケッチ楕円を中心点を指定して作成
  返り値:作成されたスケッチ楕円要素の要素ID
  CreateSketchEllipse(
        SketchPlane,   // 要素：楕円...
2025-10-12 14:42:10,579 - api_entries_etl - DEBUG -   raw_json: {"category":"Partオブジェクト","entry_type":"function","name":"CreateSketchEllipse","description":"スケッチ楕円を中心点を指定して作成","pseu...
2025-10-12 14:42:10,579 - api_entries_etl - DEBUG -   position: 26
2025-10-12 14:42:10,579 - api_entries_etl - DEBUG - [Relation #354] Created HAS_ENTRY: api_entries::collection -> api_entry::CreateSketchEllipse
2025-10-12 14:42:10,579 - api_entries_etl - DEBUG - [Node #295] Created Category: category::Partオブジェクト
2025-10-12 14:42:10,579 - api_entries_etl - DEBUG -   name: Partオブジェクト
2025-10-12 14:42:10,579 - api_entries_etl - DEBUG - [Relation #355] Created IN_CATEGORY: api_entry::CreateSketchEllipse -> category::Partオブジェクト
2025-10-12 14:42:10,579 - api_entries_etl - DEBUG - [Node #296] Created EntryType: entry_type::function
2025-10-12 14:42:10,579 - api_entries_etl - DEBUG -   name: function
2025-10-12 14:42:10,579 - api_entries_etl - DEBUG - [Relation #356] Created HAS_ENTRY_TYPE: api_entry::CreateSketchEllipse -> entry_type::function
2025-10-12 14:42:10,579 - api_entries_etl - DEBUG - [Node #297] Created Parameter: param::CreateSketchEllipse::SketchPlane
2025-10-12 14:42:10,579 - api_entries_etl - DEBUG -   name: SketchPlane
2025-10-12 14:42:10,579 - api_entries_etl - DEBUG -   param_type: 要素
2025-10-12 14:42:10,579 - api_entries_etl - DEBUG -   position: 0
2025-10-12 14:42:10,579 - api_entries_etl - DEBUG -   description: 楕円を作成するスケッチ要素
2025-10-12 14:42:10,579 - api_entries_etl - DEBUG -   raw_json: {"name":"SketchPlane","type":"要素","description":"楕円を作成するスケッチ要素","position":0}
2025-10-12 14:42:10,579 - api_entries_etl - DEBUG - [Relation #357] Created HAS_PARAMETER: api_entry::CreateSketchEllipse -> param::CreateSketchEllipse::SketchPlane
2025-10-12 14:42:10,579 - api_entries_etl - DEBUG - [Node #298] Created Parameter: param::CreateSketchEllipse::SketchArcName
2025-10-12 14:42:10,579 - api_entries_etl - DEBUG -   name: SketchArcName
2025-10-12 14:42:10,579 - api_entries_etl - DEBUG -   param_type: 文字列
2025-10-12 14:42:10,579 - api_entries_etl - DEBUG -   position: 1
2025-10-12 14:42:10,579 - api_entries_etl - DEBUG -   description: 作成するスケッチ楕円名称（空文字可）
2025-10-12 14:42:10,579 - api_entries_etl - DEBUG -   raw_json: {"name":"SketchArcName","type":"文字列","description":"作成するスケッチ楕円名称（空文字可）","position":1}
2025-10-12 14:42:10,579 - api_entries_etl - DEBUG - [Relation #358] Created HAS_PARAMETER: api_entry::CreateSketchEllipse -> param::CreateSketchEllipse::SketchArcName
2025-10-12 14:42:10,579 - api_entries_etl - DEBUG - [Node #299] Created Parameter: param::CreateSketchEllipse::SketchLayer
2025-10-12 14:42:10,579 - api_entries_etl - DEBUG -   name: SketchLayer
2025-10-12 14:42:10,579 - api_entries_etl - DEBUG -   param_type: 要素
2025-10-12 14:42:10,579 - api_entries_etl - DEBUG -   position: 2
2025-10-12 14:42:10,579 - api_entries_etl - DEBUG -   description: 楕円を作成するスケッチレイヤー(空文字可）
2025-10-12 14:42:10,579 - api_entries_etl - DEBUG -   raw_json: {"name":"SketchLayer","type":"要素","description":"楕円を作成するスケッチレイヤー(空文字可）","position":2}
2025-10-12 14:42:10,579 - api_entries_etl - DEBUG - [Relation #359] Created HAS_PARAMETER: api_entry::CreateSketchEllipse -> param::CreateSketchEllipse::SketchLayer
2025-10-12 14:42:10,579 - api_entries_etl - DEBUG - [Node #300] Created Parameter: param::CreateSketchEllipse::Centeroint
2025-10-12 14:42:10,579 - api_entries_etl - DEBUG -   name: Centeroint
2025-10-12 14:42:10,579 - api_entries_etl - DEBUG -   param_type: 点(2D)
2025-10-12 14:42:10,579 - api_entries_etl - DEBUG -   position: 3
2025-10-12 14:42:10,579 - api_entries_etl - DEBUG -   description: 中心点
2025-10-12 14:42:10,579 - api_entries_etl - DEBUG -   raw_json: {"name":"Centeroint","type":"点(2D)","description":"中心点","position":3,"dimension":"2D"}
2025-10-12 14:42:10,579 - api_entries_etl - DEBUG - [Relation #360] Created HAS_PARAMETER: api_entry::CreateSketchEllipse -> param::CreateSketchEllipse::Centeroint
2025-10-12 14:42:10,579 - api_entries_etl - DEBUG - [Node #301] Created Parameter: param::CreateSketchEllipse::bCCW
2025-10-12 14:42:10,579 - api_entries_etl - DEBUG -   name: bCCW
2025-10-12 14:42:10,579 - api_entries_etl - DEBUG -   param_type: bool
2025-10-12 14:42:10,579 - api_entries_etl - DEBUG -   position: 4
2025-10-12 14:42:10,579 - api_entries_etl - DEBUG -   description: 楕円の回転方向Trueの場合は反時計周り
2025-10-12 14:42:10,579 - api_entries_etl - DEBUG -   raw_json: {"name":"bCCW","type":"bool","description":"楕円の回転方向Trueの場合は反時計周り","position":4}
2025-10-12 14:42:10,579 - api_entries_etl - DEBUG - [Relation #361] Created HAS_PARAMETER: api_entry::CreateSketchEllipse -> param::CreateSketchEllipse::bCCW
2025-10-12 14:42:10,579 - api_entries_etl - DEBUG - [Node #302] Created Parameter: param::CreateSketchEllipse::MajorDir
2025-10-12 14:42:10,579 - api_entries_etl - DEBUG -   name: MajorDir
2025-10-12 14:42:10,579 - api_entries_etl - DEBUG -   param_type: 方向(2D)
2025-10-12 14:42:10,579 - api_entries_etl - DEBUG -   position: 5
2025-10-12 14:42:10,579 - api_entries_etl - DEBUG -   description: 主軸方向を指定
2025-10-12 14:42:10,579 - api_entries_etl - DEBUG -   raw_json: {"name":"MajorDir","type":"方向(2D)","description":"主軸方向を指定","position":5,"dimension":"2D"}
2025-10-12 14:42:10,579 - api_entries_etl - DEBUG - [Relation #362] Created HAS_PARAMETER: api_entry::CreateSketchEllipse -> param::CreateSketchEllipse::MajorDir
2025-10-12 14:42:10,579 - api_entries_etl - DEBUG - [Node #303] Created Parameter: param::CreateSketchEllipse::MajorRadius
2025-10-12 14:42:10,579 - api_entries_etl - DEBUG -   name: MajorRadius
2025-10-12 14:42:10,579 - api_entries_etl - DEBUG -   param_type: 長さ
2025-10-12 14:42:10,579 - api_entries_etl - DEBUG -   position: 6
2025-10-12 14:42:10,579 - api_entries_etl - DEBUG -   description: 主軸半径
2025-10-12 14:42:10,579 - api_entries_etl - DEBUG -   raw_json: {"name":"MajorRadius","type":"長さ","description":"主軸半径","position":6}
2025-10-12 14:42:10,579 - api_entries_etl - DEBUG - [Relation #363] Created HAS_PARAMETER: api_entry::CreateSketchEllipse -> param::CreateSketchEllipse::MajorRadius
2025-10-12 14:42:10,579 - api_entries_etl - DEBUG - [Node #304] Created Parameter: param::CreateSketchEllipse::MinorRadius
2025-10-12 14:42:10,579 - api_entries_etl - DEBUG -   name: MinorRadius
2025-10-12 14:42:10,579 - api_entries_etl - DEBUG -   param_type: 長さ
2025-10-12 14:42:10,579 - api_entries_etl - DEBUG -   position: 7
2025-10-12 14:42:10,579 - api_entries_etl - DEBUG -   description: 副軸半径
2025-10-12 14:42:10,579 - api_entries_etl - DEBUG -   raw_json: {"name":"MinorRadius","type":"長さ","description":"副軸半径","position":7}
2025-10-12 14:42:10,579 - api_entries_etl - DEBUG - [Relation #364] Created HAS_PARAMETER: api_entry::CreateSketchEllipse -> param::CreateSketchEllipse::MinorRadius
2025-10-12 14:42:10,591 - api_entries_etl - DEBUG - [Node #305] Created Parameter: param::CreateSketchEllipse::Range
2025-10-12 14:42:10,591 - api_entries_etl - DEBUG -   name: Range
2025-10-12 14:42:10,591 - api_entries_etl - DEBUG -   param_type: 範囲
2025-10-12 14:42:10,591 - api_entries_etl - DEBUG -   position: 8
2025-10-12 14:42:10,591 - api_entries_etl - DEBUG -   description: (0-2pi)
2025-10-12 14:42:10,591 - api_entries_etl - DEBUG -   raw_json: {"name":"Range","type":"範囲","description":"(0-2pi)","position":8}
2025-10-12 14:42:10,591 - api_entries_etl - DEBUG - [Relation #365] Created HAS_PARAMETER: api_entry::CreateSketchEllipse -> param::CreateSketchEllipse::Range
2025-10-12 14:42:10,591 - api_entries_etl - DEBUG - [Node #306] Created Parameter: param::CreateSketchEllipse::bUpdate
2025-10-12 14:42:10,591 - api_entries_etl - DEBUG -   name: bUpdate
2025-10-12 14:42:10,591 - api_entries_etl - DEBUG -   param_type: bool
2025-10-12 14:42:10,591 - api_entries_etl - DEBUG -   position: 9
2025-10-12 14:42:10,591 - api_entries_etl - DEBUG -   description: 更新フラグ（未実装、使用しない）
2025-10-12 14:42:10,591 - api_entries_etl - DEBUG -   raw_json: {"name":"bUpdate","type":"bool","description":"更新フラグ（未実装、使用しない）","position":9}
2025-10-12 14:42:10,591 - api_entries_etl - DEBUG - [Relation #366] Created HAS_PARAMETER: api_entry::CreateSketchEllipse -> param::CreateSketchEllipse::bUpdate
2025-10-12 14:42:10,591 - api_entries_etl - DEBUG - [Node #307] Created ReturnValue: return::CreateSketchEllipse
2025-10-12 14:42:10,591 - api_entries_etl - DEBUG -   return_type: ID
2025-10-12 14:42:10,591 - api_entries_etl - DEBUG -   description: 作成されたスケッチ楕円要素の要素ID（'ID@...' 形式）
2025-10-12 14:42:10,591 - api_entries_etl - DEBUG -   raw_json: {"type":"ID","description":"作成されたスケッチ楕円要素の要素ID（'ID@...' 形式）"}
2025-10-12 14:42:10,591 - api_entries_etl - DEBUG - [Relation #367] Created HAS_RETURN: api_entry::CreateSketchEllipse -> return::CreateSketchEllipse
2025-10-12 14:42:10,591 - api_entries_etl - DEBUG - [Node #308] Created PseudoCode: pseudo_code::CreateSketchEllipse
2025-10-12 14:42:10,591 - api_entries_etl - DEBUG -   code: CreateSketchEllipse(SketchPlane, SketchEllipseName, SketchLayer, Centeroint, bCCW, MajorDir, MajorRadius, MinorRadius...
2025-10-12 14:42:10,591 - api_entries_etl - DEBUG -   callee: CreateSketchEllipse
2025-10-12 14:42:10,591 - api_entries_etl - DEBUG -   argument_count: 10
2025-10-12 14:42:10,591 - api_entries_etl - DEBUG -   arguments_json: ["SketchPlane","SketchEllipseName","SketchLayer","Centeroint","bCCW","MajorDir","MajorRadius","MinorRadius","Range","...
2025-10-12 14:42:10,591 - api_entries_etl - DEBUG - [Relation #368] Created HAS_PSEUDO_CODE: api_entry::CreateSketchEllipse -> pseudo_code::CreateSketchEllipse
2025-10-12 14:42:10,591 - api_entries_etl - DEBUG - [Node #309] Created PseudoCodeArgument: pseudo_code::CreateSketchEllipse::arg::0
2025-10-12 14:42:10,591 - api_entries_etl - DEBUG -   text: SketchPlane
2025-10-12 14:42:10,591 - api_entries_etl - DEBUG -   position: 0
2025-10-12 14:42:10,591 - api_entries_etl - DEBUG -   normalized_text: sketchplane
2025-10-12 14:42:10,591 - api_entries_etl - DEBUG - [Relation #369] Created HAS_ARGUMENT: pseudo_code::CreateSketchEllipse -> pseudo_code::CreateSketchEllipse::arg::0
2025-10-12 14:42:10,591 - api_entries_etl - DEBUG - [Relation #370] Created ARGUMENT_MATCHES_PARAMETER: pseudo_code::CreateSketchEllipse::arg::0 -> param::CreateSketchEllipse::SketchPlane
2025-10-12 14:42:10,591 - api_entries_etl - DEBUG - [Node #310] Created PseudoCodeArgument: pseudo_code::CreateSketchEllipse::arg::1
2025-10-12 14:42:10,591 - api_entries_etl - DEBUG -   text: SketchEllipseName
2025-10-12 14:42:10,591 - api_entries_etl - DEBUG -   position: 1
2025-10-12 14:42:10,591 - api_entries_etl - DEBUG -   normalized_text: sketchellipsename
2025-10-12 14:42:10,591 - api_entries_etl - DEBUG - [Relation #371] Created HAS_ARGUMENT: pseudo_code::CreateSketchEllipse -> pseudo_code::CreateSketchEllipse::arg::1
2025-10-12 14:42:10,596 - api_entries_etl - DEBUG - [Node #311] Created PseudoCodeArgument: pseudo_code::CreateSketchEllipse::arg::2
2025-10-12 14:42:10,596 - api_entries_etl - DEBUG -   text: SketchLayer
2025-10-12 14:42:10,596 - api_entries_etl - DEBUG -   position: 2
2025-10-12 14:42:10,596 - api_entries_etl - DEBUG -   normalized_text: sketchlayer
2025-10-12 14:42:10,596 - api_entries_etl - DEBUG - [Relation #372] Created HAS_ARGUMENT: pseudo_code::CreateSketchEllipse -> pseudo_code::CreateSketchEllipse::arg::2
2025-10-12 14:42:10,596 - api_entries_etl - DEBUG - [Relation #373] Created ARGUMENT_MATCHES_PARAMETER: pseudo_code::CreateSketchEllipse::arg::2 -> param::CreateSketchEllipse::SketchLayer
2025-10-12 14:42:10,596 - api_entries_etl - DEBUG - [Node #312] Created PseudoCodeArgument: pseudo_code::CreateSketchEllipse::arg::3
2025-10-12 14:42:10,596 - api_entries_etl - DEBUG -   text: Centeroint
2025-10-12 14:42:10,596 - api_entries_etl - DEBUG -   position: 3
2025-10-12 14:42:10,596 - api_entries_etl - DEBUG -   normalized_text: centeroint
2025-10-12 14:42:10,596 - api_entries_etl - DEBUG - [Relation #374] Created HAS_ARGUMENT: pseudo_code::CreateSketchEllipse -> pseudo_code::CreateSketchEllipse::arg::3
2025-10-12 14:42:10,596 - api_entries_etl - DEBUG - [Relation #375] Created ARGUMENT_MATCHES_PARAMETER: pseudo_code::CreateSketchEllipse::arg::3 -> param::CreateSketchEllipse::Centeroint
2025-10-12 14:42:10,596 - api_entries_etl - DEBUG - [Node #313] Created PseudoCodeArgument: pseudo_code::CreateSketchEllipse::arg::4
2025-10-12 14:42:10,596 - api_entries_etl - DEBUG -   text: bCCW
2025-10-12 14:42:10,596 - api_entries_etl - DEBUG -   position: 4
2025-10-12 14:42:10,596 - api_entries_etl - DEBUG -   normalized_text: bccw
2025-10-12 14:42:10,596 - api_entries_etl - DEBUG - [Relation #376] Created HAS_ARGUMENT: pseudo_code::CreateSketchEllipse -> pseudo_code::CreateSketchEllipse::arg::4
2025-10-12 14:42:10,596 - api_entries_etl - DEBUG - [Relation #377] Created ARGUMENT_MATCHES_PARAMETER: pseudo_code::CreateSketchEllipse::arg::4 -> param::CreateSketchEllipse::bCCW
2025-10-12 14:42:10,596 - api_entries_etl - DEBUG - [Node #314] Created PseudoCodeArgument: pseudo_code::CreateSketchEllipse::arg::5
2025-10-12 14:42:10,596 - api_entries_etl - DEBUG -   text: MajorDir
2025-10-12 14:42:10,596 - api_entries_etl - DEBUG -   position: 5
2025-10-12 14:42:10,596 - api_entries_etl - DEBUG -   normalized_text: majordir
2025-10-12 14:42:10,596 - api_entries_etl - DEBUG - [Relation #378] Created HAS_ARGUMENT: pseudo_code::CreateSketchEllipse -> pseudo_code::CreateSketchEllipse::arg::5
2025-10-12 14:42:10,596 - api_entries_etl - DEBUG - [Relation #379] Created ARGUMENT_MATCHES_PARAMETER: pseudo_code::CreateSketchEllipse::arg::5 -> param::CreateSketchEllipse::MajorDir
2025-10-12 14:42:10,596 - api_entries_etl - DEBUG - [Node #315] Created PseudoCodeArgument: pseudo_code::CreateSketchEllipse::arg::6
2025-10-12 14:42:10,601 - api_entries_etl - DEBUG -   text: MajorRadius
2025-10-12 14:42:10,601 - api_entries_etl - DEBUG -   position: 6
2025-10-12 14:42:10,601 - api_entries_etl - DEBUG -   normalized_text: majorradius
2025-10-12 14:42:10,601 - api_entries_etl - DEBUG - [Relation #380] Created HAS_ARGUMENT: pseudo_code::CreateSketchEllipse -> pseudo_code::CreateSketchEllipse::arg::6
2025-10-12 14:42:10,601 - api_entries_etl - DEBUG - [Relation #381] Created ARGUMENT_MATCHES_PARAMETER: pseudo_code::CreateSketchEllipse::arg::6 -> param::CreateSketchEllipse::MajorRadius
2025-10-12 14:42:10,601 - api_entries_etl - DEBUG - [Node #316] Created PseudoCodeArgument: pseudo_code::CreateSketchEllipse::arg::7
2025-10-12 14:42:10,601 - api_entries_etl - DEBUG -   text: MinorRadius
2025-10-12 14:42:10,601 - api_entries_etl - DEBUG -   position: 7
2025-10-12 14:42:10,601 - api_entries_etl - DEBUG -   normalized_text: minorradius
2025-10-12 14:42:10,601 - api_entries_etl - DEBUG - [Relation #382] Created HAS_ARGUMENT: pseudo_code::CreateSketchEllipse -> pseudo_code::CreateSketchEllipse::arg::7
2025-10-12 14:42:10,601 - api_entries_etl - DEBUG - [Relation #383] Created ARGUMENT_MATCHES_PARAMETER: pseudo_code::CreateSketchEllipse::arg::7 -> param::CreateSketchEllipse::MinorRadius
2025-10-12 14:42:10,601 - api_entries_etl - DEBUG - [Node #317] Created PseudoCodeArgument: pseudo_code::CreateSketchEllipse::arg::8
2025-10-12 14:42:10,601 - api_entries_etl - DEBUG -   text: Range
2025-10-12 14:42:10,601 - api_entries_etl - DEBUG -   position: 8
2025-10-12 14:42:10,601 - api_entries_etl - DEBUG -   normalized_text: range
2025-10-12 14:42:10,601 - api_entries_etl - DEBUG - [Relation #384] Created HAS_ARGUMENT: pseudo_code::CreateSketchEllipse -> pseudo_code::CreateSketchEllipse::arg::8
2025-10-12 14:42:10,601 - api_entries_etl - DEBUG - [Relation #385] Created ARGUMENT_MATCHES_PARAMETER: pseudo_code::CreateSketchEllipse::arg::8 -> param::CreateSketchEllipse::Range
2025-10-12 14:42:10,601 - api_entries_etl - DEBUG - [Node #318] Created PseudoCodeArgument: pseudo_code::CreateSketchEllipse::arg::9
2025-10-12 14:42:10,601 - api_entries_etl - DEBUG -   text: bUpdate
2025-10-12 14:42:10,601 - api_entries_etl - DEBUG -   position: 9
2025-10-12 14:42:10,601 - api_entries_etl - DEBUG -   normalized_text: bupdate
2025-10-12 14:42:10,601 - api_entries_etl - DEBUG - [Relation #386] Created HAS_ARGUMENT: pseudo_code::CreateSketchEllipse -> pseudo_code::CreateSketchEllipse::arg::9
2025-10-12 14:42:10,601 - api_entries_etl - DEBUG - [Relation #387] Created ARGUMENT_MATCHES_PARAMETER: pseudo_code::CreateSketchEllipse::arg::9 -> param::CreateSketchEllipse::bUpdate
2025-10-12 14:42:10,601 - api_entries_etl - DEBUG - [Node #319] Created Source: source::CreateSketchEllipse::inline
2025-10-12 14:42:10,601 - api_entries_etl - DEBUG -   text: 〇スケッチ楕円を中心点を指定して作成
  返り値:作成されたスケッチ楕円要素の要素ID
  CreateSketchEllipse(
        SketchPlane,   // 要素：楕円を作成するスケッチ要素
       ...
2025-10-12 14:42:10,601 - api_entries_etl - DEBUG - [Relation #388] Created CITED_FROM: api_entry::CreateSketchEllipse -> source::CreateSketchEllipse::inline
2025-10-12 14:42:10,601 - api_entries_etl - DEBUG - Processing API entry #28: CreateSketchNURBSCurve
2025-10-12 14:42:10,601 - api_entries_etl - DEBUG - [Node #320] Created APIEntry: api_entry::CreateSketchNURBSCurve
2025-10-12 14:42:10,601 - api_entries_etl - DEBUG -   name: CreateSketchNURBSCurve
2025-10-12 14:42:10,601 - api_entries_etl - DEBUG -   category: Partオブジェクト
2025-10-12 14:42:10,601 - api_entries_etl - DEBUG -   entry_type: function
2025-10-12 14:42:10,601 - api_entries_etl - DEBUG -   description: スケッチＮＵＲＢＳ線を中心点を指定して作成
2025-10-12 14:42:10,601 - api_entries_etl - DEBUG -   pseudo_code: CreateSketchNURBSCurve(SketchPlane, SketchNURBSCurveName, SketchLayer, nDegree, bClose, bPeriodic, CtrlPoints, Weight...
2025-10-12 14:42:10,601 - api_entries_etl - DEBUG -   text: スケッチＮＵＲＢＳ線を中心点を指定して作成

〇スケッチＮＵＲＢＳ線を中心点を指定して作成
  返り値:作成されたスケッチＮＵＲＢＳ線要素の要素ID
  CreateSketchNURBSCurve(
        SketchPl...
2025-10-12 14:42:10,601 - api_entries_etl - DEBUG -   raw_json: {"category":"Partオブジェクト","entry_type":"function","name":"CreateSketchNURBSCurve","description":"スケッチＮＵＲＢＳ線を中心点を指定して作成...
2025-10-12 14:42:10,601 - api_entries_etl - DEBUG -   position: 27
2025-10-12 14:42:10,601 - api_entries_etl - DEBUG - [Relation #389] Created HAS_ENTRY: api_entries::collection -> api_entry::CreateSketchNURBSCurve
2025-10-12 14:42:10,601 - api_entries_etl - DEBUG - [Node #321] Created Category: category::Partオブジェクト
2025-10-12 14:42:10,601 - api_entries_etl - DEBUG -   name: Partオブジェクト
2025-10-12 14:42:10,601 - api_entries_etl - DEBUG - [Relation #390] Created IN_CATEGORY: api_entry::CreateSketchNURBSCurve -> category::Partオブジェクト
2025-10-12 14:42:10,601 - api_entries_etl - DEBUG - [Node #322] Created EntryType: entry_type::function
2025-10-12 14:42:10,601 - api_entries_etl - DEBUG -   name: function
2025-10-12 14:42:10,607 - api_entries_etl - DEBUG - [Relation #391] Created HAS_ENTRY_TYPE: api_entry::CreateSketchNURBSCurve -> entry_type::function
2025-10-12 14:42:10,607 - api_entries_etl - DEBUG - [Node #323] Created Parameter: param::CreateSketchNURBSCurve::SketchPlane
2025-10-12 14:42:10,607 - api_entries_etl - DEBUG -   name: SketchPlane
2025-10-12 14:42:10,607 - api_entries_etl - DEBUG -   param_type: 要素
2025-10-12 14:42:10,607 - api_entries_etl - DEBUG -   position: 0
2025-10-12 14:42:10,607 - api_entries_etl - DEBUG -   description: ＮＵＲＢＳ線を作成するスケッチ要素
2025-10-12 14:42:10,607 - api_entries_etl - DEBUG -   raw_json: {"name":"SketchPlane","type":"要素","description":"ＮＵＲＢＳ線を作成するスケッチ要素","position":0}
2025-10-12 14:42:10,607 - api_entries_etl - DEBUG - [Relation #392] Created HAS_PARAMETER: api_entry::CreateSketchNURBSCurve -> param::CreateSketchNURBSCurve::SketchPlane
2025-10-12 14:42:10,607 - api_entries_etl - DEBUG - [Node #324] Created Parameter: param::CreateSketchNURBSCurve::SketchArcName
2025-10-12 14:42:10,607 - api_entries_etl - DEBUG -   name: SketchArcName
2025-10-12 14:42:10,607 - api_entries_etl - DEBUG -   param_type: 文字列
2025-10-12 14:42:10,607 - api_entries_etl - DEBUG -   position: 1
2025-10-12 14:42:10,607 - api_entries_etl - DEBUG -   description: 作成するスケッチＮＵＲＢＳ線名称（空文字可）
2025-10-12 14:42:10,607 - api_entries_etl - DEBUG -   raw_json: {"name":"SketchArcName","type":"文字列","description":"作成するスケッチＮＵＲＢＳ線名称（空文字可）","position":1}
2025-10-12 14:42:10,607 - api_entries_etl - DEBUG - [Relation #393] Created HAS_PARAMETER: api_entry::CreateSketchNURBSCurve -> param::CreateSketchNURBSCurve::SketchArcName
2025-10-12 14:42:10,607 - api_entries_etl - DEBUG - [Node #325] Created Parameter: param::CreateSketchNURBSCurve::SketchLayer
2025-10-12 14:42:10,607 - api_entries_etl - DEBUG -   name: SketchLayer
2025-10-12 14:42:10,607 - api_entries_etl - DEBUG -   param_type: 要素
2025-10-12 14:42:10,607 - api_entries_etl - DEBUG -   position: 2
2025-10-12 14:42:10,607 - api_entries_etl - DEBUG -   description: ＮＵＲＢＳ線を作成するスケッチレイヤー(空文字可）
2025-10-12 14:42:10,607 - api_entries_etl - DEBUG -   raw_json: {"name":"SketchLayer","type":"要素","description":"ＮＵＲＢＳ線を作成するスケッチレイヤー(空文字可）","position":2}
2025-10-12 14:42:10,607 - api_entries_etl - DEBUG - [Relation #394] Created HAS_PARAMETER: api_entry::CreateSketchNURBSCurve -> param::CreateSketchNURBSCurve::SketchLayer
2025-10-12 14:42:10,607 - api_entries_etl - DEBUG - [Node #326] Created Parameter: param::CreateSketchNURBSCurve::nDegree
2025-10-12 14:42:10,607 - api_entries_etl - DEBUG -   name: nDegree
2025-10-12 14:42:10,607 - api_entries_etl - DEBUG -   param_type: 整数
2025-10-12 14:42:10,607 - api_entries_etl - DEBUG -   position: 3
2025-10-12 14:42:10,607 - api_entries_etl - DEBUG -   description: ＮＵＲＢＳ線の次数
2025-10-12 14:42:10,607 - api_entries_etl - DEBUG -   raw_json: {"name":"nDegree","type":"整数","description":"ＮＵＲＢＳ線の次数","position":3}
2025-10-12 14:42:10,607 - api_entries_etl - DEBUG - [Relation #395] Created HAS_PARAMETER: api_entry::CreateSketchNURBSCurve -> param::CreateSketchNURBSCurve::nDegree
2025-10-12 14:42:10,607 - api_entries_etl - DEBUG - [Node #327] Created Parameter: param::CreateSketchNURBSCurve::bClose
2025-10-12 14:42:10,607 - api_entries_etl - DEBUG -   name: bClose
2025-10-12 14:42:10,607 - api_entries_etl - DEBUG -   param_type: bool
2025-10-12 14:42:10,607 - api_entries_etl - DEBUG -   position: 4
2025-10-12 14:42:10,607 - api_entries_etl - DEBUG -   description: 閉じたＮＵＲＢＳ線の場合True
2025-10-12 14:42:10,607 - api_entries_etl - DEBUG -   raw_json: {"name":"bClose","type":"bool","description":"閉じたＮＵＲＢＳ線の場合True","position":4}
2025-10-12 14:42:10,607 - api_entries_etl - DEBUG - [Relation #396] Created HAS_PARAMETER: api_entry::CreateSketchNURBSCurve -> param::CreateSketchNURBSCurve::bClose
2025-10-12 14:42:10,607 - api_entries_etl - DEBUG - [Node #328] Created Parameter: param::CreateSketchNURBSCurve::bPeriodic
2025-10-12 14:42:10,607 - api_entries_etl - DEBUG -   name: bPeriodic
2025-10-12 14:42:10,607 - api_entries_etl - DEBUG -   param_type: bool
2025-10-12 14:42:10,607 - api_entries_etl - DEBUG -   position: 5
2025-10-12 14:42:10,607 - api_entries_etl - DEBUG -   description: 周期ＮＵＲＢＳ線の場合True
2025-10-12 14:42:10,607 - api_entries_etl - DEBUG -   raw_json: {"name":"bPeriodic","type":"bool","description":"周期ＮＵＲＢＳ線の場合True","position":5}
2025-10-12 14:42:10,607 - api_entries_etl - DEBUG - [Relation #397] Created HAS_PARAMETER: api_entry::CreateSketchNURBSCurve -> param::CreateSketchNURBSCurve::bPeriodic
2025-10-12 14:42:10,607 - api_entries_etl - DEBUG - [Node #329] Created Parameter: param::CreateSketchNURBSCurve::CtrlPoints
2025-10-12 14:42:10,607 - api_entries_etl - DEBUG -   name: CtrlPoints
2025-10-12 14:42:10,607 - api_entries_etl - DEBUG -   param_type: 点(配列)
2025-10-12 14:42:10,607 - api_entries_etl - DEBUG -   position: 6
2025-10-12 14:42:10,607 - api_entries_etl - DEBUG -   description: 制御点
2025-10-12 14:42:10,607 - api_entries_etl - DEBUG -   raw_json: {"name":"CtrlPoints","type":"点(配列)","description":"制御点","position":6}
2025-10-12 14:42:10,607 - api_entries_etl - DEBUG - [Relation #398] Created HAS_PARAMETER: api_entry::CreateSketchNURBSCurve -> param::CreateSketchNURBSCurve::CtrlPoints
2025-10-12 14:42:10,607 - api_entries_etl - DEBUG - [Node #330] Created Parameter: param::CreateSketchNURBSCurve::Weights
2025-10-12 14:42:10,607 - api_entries_etl - DEBUG -   name: Weights
2025-10-12 14:42:10,607 - api_entries_etl - DEBUG -   param_type: 浮動小数点(配列)
2025-10-12 14:42:10,607 - api_entries_etl - DEBUG -   position: 7
2025-10-12 14:42:10,607 - api_entries_etl - DEBUG -   description: 重み
2025-10-12 14:42:10,607 - api_entries_etl - DEBUG -   raw_json: {"name":"Weights","type":"浮動小数点(配列)","description":"重み","position":7}
2025-10-12 14:42:10,607 - api_entries_etl - DEBUG - [Relation #399] Created HAS_PARAMETER: api_entry::CreateSketchNURBSCurve -> param::CreateSketchNURBSCurve::Weights
2025-10-12 14:42:10,607 - api_entries_etl - DEBUG - [Node #331] Created Parameter: param::CreateSketchNURBSCurve::Knots
2025-10-12 14:42:10,607 - api_entries_etl - DEBUG -   name: Knots
2025-10-12 14:42:10,607 - api_entries_etl - DEBUG -   param_type: 浮動小数点(配列)
2025-10-12 14:42:10,607 - api_entries_etl - DEBUG -   position: 8
2025-10-12 14:42:10,607 - api_entries_etl - DEBUG -   description: ノットベクトル
2025-10-12 14:42:10,607 - api_entries_etl - DEBUG -   raw_json: {"name":"Knots","type":"浮動小数点(配列)","description":"ノットベクトル","position":8}
2025-10-12 14:42:10,607 - api_entries_etl - DEBUG - [Relation #400] Created HAS_PARAMETER: api_entry::CreateSketchNURBSCurve -> param::CreateSketchNURBSCurve::Knots
2025-10-12 14:42:10,607 - api_entries_etl - DEBUG - [Node #332] Created Parameter: param::CreateSketchNURBSCurve::Range
2025-10-12 14:42:10,607 - api_entries_etl - DEBUG -   name: Range
2025-10-12 14:42:10,607 - api_entries_etl - DEBUG -   param_type: 範囲
2025-10-12 14:42:10,607 - api_entries_etl - DEBUG -   position: 9
2025-10-12 14:42:10,607 - api_entries_etl - DEBUG -   description: トリム範囲
2025-10-12 14:42:10,607 - api_entries_etl - DEBUG -   raw_json: {"name":"Range","type":"範囲","description":"トリム範囲","position":9}
2025-10-12 14:42:10,607 - api_entries_etl - DEBUG - [Relation #401] Created HAS_PARAMETER: api_entry::CreateSketchNURBSCurve -> param::CreateSketchNURBSCurve::Range
2025-10-12 14:42:10,607 - api_entries_etl - DEBUG - [Node #333] Created Parameter: param::CreateSketchNURBSCurve::bUpdate
2025-10-12 14:42:10,607 - api_entries_etl - DEBUG -   name: bUpdate
2025-10-12 14:42:10,607 - api_entries_etl - DEBUG -   param_type: bool
2025-10-12 14:42:10,607 - api_entries_etl - DEBUG -   position: 10
2025-10-12 14:42:10,607 - api_entries_etl - DEBUG -   description: 更新フラグ（未実装、使用しない）
2025-10-12 14:42:10,607 - api_entries_etl - DEBUG -   raw_json: {"name":"bUpdate","type":"bool","description":"更新フラグ（未実装、使用しない）","position":10}
2025-10-12 14:42:10,607 - api_entries_etl - DEBUG - [Relation #402] Created HAS_PARAMETER: api_entry::CreateSketchNURBSCurve -> param::CreateSketchNURBSCurve::bUpdate
2025-10-12 14:42:10,607 - api_entries_etl - DEBUG - [Node #334] Created ReturnValue: return::CreateSketchNURBSCurve
2025-10-12 14:42:10,607 - api_entries_etl - DEBUG -   return_type: ID
2025-10-12 14:42:10,607 - api_entries_etl - DEBUG -   description: 作成されたスケッチＮＵＲＢＳ線要素の要素ID
2025-10-12 14:42:10,607 - api_entries_etl - DEBUG -   raw_json: {"type":"ID","description":"作成されたスケッチＮＵＲＢＳ線要素の要素ID"}
2025-10-12 14:42:10,607 - api_entries_etl - DEBUG - [Relation #403] Created HAS_RETURN: api_entry::CreateSketchNURBSCurve -> return::CreateSketchNURBSCurve
2025-10-12 14:42:10,607 - api_entries_etl - DEBUG - [Node #335] Created PseudoCode: pseudo_code::CreateSketchNURBSCurve
2025-10-12 14:42:10,607 - api_entries_etl - DEBUG -   code: CreateSketchNURBSCurve(SketchPlane, SketchNURBSCurveName, SketchLayer, nDegree, bClose, bPeriodic, CtrlPoints, Weight...
2025-10-12 14:42:10,607 - api_entries_etl - DEBUG -   callee: CreateSketchNURBSCurve
2025-10-12 14:42:10,607 - api_entries_etl - DEBUG -   argument_count: 11
2025-10-12 14:42:10,607 - api_entries_etl - DEBUG -   arguments_json: ["SketchPlane","SketchNURBSCurveName","SketchLayer","nDegree","bClose","bPeriodic","CtrlPoints","Weights","Knots","Ra...
2025-10-12 14:42:10,607 - api_entries_etl - DEBUG - [Relation #404] Created HAS_PSEUDO_CODE: api_entry::CreateSketchNURBSCurve -> pseudo_code::CreateSketchNURBSCurve
2025-10-12 14:42:10,607 - api_entries_etl - DEBUG - [Node #336] Created PseudoCodeArgument: pseudo_code::CreateSketchNURBSCurve::arg::0
2025-10-12 14:42:10,607 - api_entries_etl - DEBUG -   text: SketchPlane
2025-10-12 14:42:10,607 - api_entries_etl - DEBUG -   position: 0
2025-10-12 14:42:10,607 - api_entries_etl - DEBUG -   normalized_text: sketchplane
2025-10-12 14:42:10,607 - api_entries_etl - DEBUG - [Relation #405] Created HAS_ARGUMENT: pseudo_code::CreateSketchNURBSCurve -> pseudo_code::CreateSketchNURBSCurve::arg::0
2025-10-12 14:42:10,607 - api_entries_etl - DEBUG - [Relation #406] Created ARGUMENT_MATCHES_PARAMETER: pseudo_code::CreateSketchNURBSCurve::arg::0 -> param::CreateSketchNURBSCurve::SketchPlane
2025-10-12 14:42:10,607 - api_entries_etl - DEBUG - [Node #337] Created PseudoCodeArgument: pseudo_code::CreateSketchNURBSCurve::arg::1
2025-10-12 14:42:10,607 - api_entries_etl - DEBUG -   text: SketchNURBSCurveName
2025-10-12 14:42:10,607 - api_entries_etl - DEBUG -   position: 1
2025-10-12 14:42:10,607 - api_entries_etl - DEBUG -   normalized_text: sketchnurbscurvename
2025-10-12 14:42:10,607 - api_entries_etl - DEBUG - [Relation #407] Created HAS_ARGUMENT: pseudo_code::CreateSketchNURBSCurve -> pseudo_code::CreateSketchNURBSCurve::arg::1
2025-10-12 14:42:10,607 - api_entries_etl - DEBUG - [Node #338] Created PseudoCodeArgument: pseudo_code::CreateSketchNURBSCurve::arg::2
2025-10-12 14:42:10,607 - api_entries_etl - DEBUG -   text: SketchLayer
2025-10-12 14:42:10,607 - api_entries_etl - DEBUG -   position: 2
2025-10-12 14:42:10,607 - api_entries_etl - DEBUG -   normalized_text: sketchlayer
2025-10-12 14:42:10,607 - api_entries_etl - DEBUG - [Relation #408] Created HAS_ARGUMENT: pseudo_code::CreateSketchNURBSCurve -> pseudo_code::CreateSketchNURBSCurve::arg::2
2025-10-12 14:42:10,607 - api_entries_etl - DEBUG - [Relation #409] Created ARGUMENT_MATCHES_PARAMETER: pseudo_code::CreateSketchNURBSCurve::arg::2 -> param::CreateSketchNURBSCurve::SketchLayer
2025-10-12 14:42:10,607 - api_entries_etl - DEBUG - [Node #339] Created PseudoCodeArgument: pseudo_code::CreateSketchNURBSCurve::arg::3
2025-10-12 14:42:10,607 - api_entries_etl - DEBUG -   text: nDegree
2025-10-12 14:42:10,607 - api_entries_etl - DEBUG -   position: 3
2025-10-12 14:42:10,607 - api_entries_etl - DEBUG -   normalized_text: ndegree
2025-10-12 14:42:10,607 - api_entries_etl - DEBUG - [Relation #410] Created HAS_ARGUMENT: pseudo_code::CreateSketchNURBSCurve -> pseudo_code::CreateSketchNURBSCurve::arg::3
2025-10-12 14:42:10,607 - api_entries_etl - DEBUG - [Relation #411] Created ARGUMENT_MATCHES_PARAMETER: pseudo_code::CreateSketchNURBSCurve::arg::3 -> param::CreateSketchNURBSCurve::nDegree
2025-10-12 14:42:10,607 - api_entries_etl - DEBUG - [Node #340] Created PseudoCodeArgument: pseudo_code::CreateSketchNURBSCurve::arg::4
2025-10-12 14:42:10,607 - api_entries_etl - DEBUG -   text: bClose
2025-10-12 14:42:10,607 - api_entries_etl - DEBUG -   position: 4
2025-10-12 14:42:10,623 - api_entries_etl - DEBUG -   normalized_text: bclose
2025-10-12 14:42:10,623 - api_entries_etl - DEBUG - [Relation #412] Created HAS_ARGUMENT: pseudo_code::CreateSketchNURBSCurve -> pseudo_code::CreateSketchNURBSCurve::arg::4
2025-10-12 14:42:10,623 - api_entries_etl - DEBUG - [Relation #413] Created ARGUMENT_MATCHES_PARAMETER: pseudo_code::CreateSketchNURBSCurve::arg::4 -> param::CreateSketchNURBSCurve::bClose
2025-10-12 14:42:10,623 - api_entries_etl - DEBUG - [Node #341] Created PseudoCodeArgument: pseudo_code::CreateSketchNURBSCurve::arg::5
2025-10-12 14:42:10,623 - api_entries_etl - DEBUG -   text: bPeriodic
2025-10-12 14:42:10,623 - api_entries_etl - DEBUG -   position: 5
2025-10-12 14:42:10,623 - api_entries_etl - DEBUG -   normalized_text: bperiodic
2025-10-12 14:42:10,623 - api_entries_etl - DEBUG - [Relation #414] Created HAS_ARGUMENT: pseudo_code::CreateSketchNURBSCurve -> pseudo_code::CreateSketchNURBSCurve::arg::5
2025-10-12 14:42:10,623 - api_entries_etl - DEBUG - [Relation #415] Created ARGUMENT_MATCHES_PARAMETER: pseudo_code::CreateSketchNURBSCurve::arg::5 -> param::CreateSketchNURBSCurve::bPeriodic
2025-10-12 14:42:10,623 - api_entries_etl - DEBUG - [Node #342] Created PseudoCodeArgument: pseudo_code::CreateSketchNURBSCurve::arg::6
2025-10-12 14:42:10,623 - api_entries_etl - DEBUG -   text: CtrlPoints
2025-10-12 14:42:10,623 - api_entries_etl - DEBUG -   position: 6
2025-10-12 14:42:10,623 - api_entries_etl - DEBUG -   normalized_text: ctrlpoints
2025-10-12 14:42:10,623 - api_entries_etl - DEBUG - [Relation #416] Created HAS_ARGUMENT: pseudo_code::CreateSketchNURBSCurve -> pseudo_code::CreateSketchNURBSCurve::arg::6
2025-10-12 14:42:10,623 - api_entries_etl - DEBUG - [Relation #417] Created ARGUMENT_MATCHES_PARAMETER: pseudo_code::CreateSketchNURBSCurve::arg::6 -> param::CreateSketchNURBSCurve::CtrlPoints
2025-10-12 14:42:10,623 - api_entries_etl - DEBUG - [Node #343] Created PseudoCodeArgument: pseudo_code::CreateSketchNURBSCurve::arg::7
2025-10-12 14:42:10,623 - api_entries_etl - DEBUG -   text: Weights
2025-10-12 14:42:10,623 - api_entries_etl - DEBUG -   position: 7
2025-10-12 14:42:10,623 - api_entries_etl - DEBUG -   normalized_text: weights
2025-10-12 14:42:10,623 - api_entries_etl - DEBUG - [Relation #418] Created HAS_ARGUMENT: pseudo_code::CreateSketchNURBSCurve -> pseudo_code::CreateSketchNURBSCurve::arg::7
2025-10-12 14:42:10,623 - api_entries_etl - DEBUG - [Relation #419] Created ARGUMENT_MATCHES_PARAMETER: pseudo_code::CreateSketchNURBSCurve::arg::7 -> param::CreateSketchNURBSCurve::Weights
2025-10-12 14:42:10,623 - api_entries_etl - DEBUG - [Node #344] Created PseudoCodeArgument: pseudo_code::CreateSketchNURBSCurve::arg::8
2025-10-12 14:42:10,623 - api_entries_etl - DEBUG -   text: Knots
2025-10-12 14:42:10,623 - api_entries_etl - DEBUG -   position: 8
2025-10-12 14:42:10,623 - api_entries_etl - DEBUG -   normalized_text: knots
2025-10-12 14:42:10,623 - api_entries_etl - DEBUG - [Relation #420] Created HAS_ARGUMENT: pseudo_code::CreateSketchNURBSCurve -> pseudo_code::CreateSketchNURBSCurve::arg::8
2025-10-12 14:42:10,623 - api_entries_etl - DEBUG - [Relation #421] Created ARGUMENT_MATCHES_PARAMETER: pseudo_code::CreateSketchNURBSCurve::arg::8 -> param::CreateSketchNURBSCurve::Knots
2025-10-12 14:42:10,623 - api_entries_etl - DEBUG - [Node #345] Created PseudoCodeArgument: pseudo_code::CreateSketchNURBSCurve::arg::9
2025-10-12 14:42:10,629 - api_entries_etl - DEBUG -   text: Range
2025-10-12 14:42:10,629 - api_entries_etl - DEBUG -   position: 9
2025-10-12 14:42:10,629 - api_entries_etl - DEBUG -   normalized_text: range
2025-10-12 14:42:10,631 - api_entries_etl - DEBUG - [Relation #422] Created HAS_ARGUMENT: pseudo_code::CreateSketchNURBSCurve -> pseudo_code::CreateSketchNURBSCurve::arg::9
2025-10-12 14:42:10,631 - api_entries_etl - DEBUG - [Relation #423] Created ARGUMENT_MATCHES_PARAMETER: pseudo_code::CreateSketchNURBSCurve::arg::9 -> param::CreateSketchNURBSCurve::Range
2025-10-12 14:42:10,631 - api_entries_etl - DEBUG - [Node #346] Created PseudoCodeArgument: pseudo_code::CreateSketchNURBSCurve::arg::10
2025-10-12 14:42:10,631 - api_entries_etl - DEBUG -   text: bUpdate
2025-10-12 14:42:10,631 - api_entries_etl - DEBUG -   position: 10
2025-10-12 14:42:10,631 - api_entries_etl - DEBUG -   normalized_text: bupdate
2025-10-12 14:42:10,631 - api_entries_etl - DEBUG - [Relation #424] Created HAS_ARGUMENT: pseudo_code::CreateSketchNURBSCurve -> pseudo_code::CreateSketchNURBSCurve::arg::10
2025-10-12 14:42:10,631 - api_entries_etl - DEBUG - [Relation #425] Created ARGUMENT_MATCHES_PARAMETER: pseudo_code::CreateSketchNURBSCurve::arg::10 -> param::CreateSketchNURBSCurve::bUpdate
2025-10-12 14:42:10,631 - api_entries_etl - DEBUG - [Node #347] Created Source: source::CreateSketchNURBSCurve::inline
2025-10-12 14:42:10,631 - api_entries_etl - DEBUG -   text: 〇スケッチＮＵＲＢＳ線を中心点を指定して作成
  返り値:作成されたスケッチＮＵＲＢＳ線要素の要素ID
  CreateSketchNURBSCurve(
        SketchPlane,   // 要素：ＮＵＲＢＳ線を作成す...
2025-10-12 14:42:10,631 - api_entries_etl - DEBUG - [Relation #426] Created CITED_FROM: api_entry::CreateSketchNURBSCurve -> source::CreateSketchNURBSCurve::inline
2025-10-12 14:42:10,631 - api_entries_etl - DEBUG - Processing API entry #29: CreateElementsFromFile
2025-10-12 14:42:10,631 - api_entries_etl - DEBUG - [Node #348] Created APIEntry: api_entry::CreateElementsFromFile
2025-10-12 14:42:10,631 - api_entries_etl - DEBUG -   name: CreateElementsFromFile
2025-10-12 14:42:10,631 - api_entries_etl - DEBUG -   category: Partオブジェクト
2025-10-12 14:42:10,631 - api_entries_etl - DEBUG -   entry_type: function
2025-10-12 14:42:10,631 - api_entries_etl - DEBUG -   description: ファイルをインポートして要素を作成
2025-10-12 14:42:10,631 - api_entries_etl - DEBUG -   pseudo_code: CreateElementsFromFile(FileName)
2025-10-12 14:42:10,631 - api_entries_etl - DEBUG -   text: ファイルをインポートして要素を作成

〇ファイルをインポートして要素を作成
  返り値:作成された要素の要素IDの配列
  CreateElementsFromFile(
        FileName,      // 文字列:フ...
2025-10-12 14:42:10,631 - api_entries_etl - DEBUG -   raw_json: {"category":"Partオブジェクト","entry_type":"function","name":"CreateElementsFromFile","description":"ファイルをインポートして要素を作成","p...
2025-10-12 14:42:10,631 - api_entries_etl - DEBUG -   position: 28
2025-10-12 14:42:10,631 - api_entries_etl - DEBUG - [Relation #427] Created HAS_ENTRY: api_entries::collection -> api_entry::CreateElementsFromFile
2025-10-12 14:42:10,631 - api_entries_etl - DEBUG - [Node #349] Created Category: category::Partオブジェクト
2025-10-12 14:42:10,631 - api_entries_etl - DEBUG -   name: Partオブジェクト
2025-10-12 14:42:10,631 - api_entries_etl - DEBUG - [Relation #428] Created IN_CATEGORY: api_entry::CreateElementsFromFile -> category::Partオブジェクト
2025-10-12 14:42:10,631 - api_entries_etl - DEBUG - [Node #350] Created EntryType: entry_type::function
2025-10-12 14:42:10,631 - api_entries_etl - DEBUG -   name: function
2025-10-12 14:42:10,631 - api_entries_etl - DEBUG - [Relation #429] Created HAS_ENTRY_TYPE: api_entry::CreateElementsFromFile -> entry_type::function
2025-10-12 14:42:10,631 - api_entries_etl - DEBUG - [Node #351] Created Parameter: param::CreateElementsFromFile::FileName
2025-10-12 14:42:10,638 - api_entries_etl - DEBUG -   name: FileName
2025-10-12 14:42:10,638 - api_entries_etl - DEBUG -   param_type: 文字列
2025-10-12 14:42:10,638 - api_entries_etl - DEBUG -   position: 0
2025-10-12 14:42:10,640 - api_entries_etl - DEBUG -   description: ファイルパス（現状、Parasolid形式のみ）
2025-10-12 14:42:10,640 - api_entries_etl - DEBUG -   raw_json: {"name":"FileName","type":"文字列","description":"ファイルパス（現状、Parasolid形式のみ）","position":0}
2025-10-12 14:42:10,640 - api_entries_etl - DEBUG - [Relation #430] Created HAS_PARAMETER: api_entry::CreateElementsFromFile -> param::CreateElementsFromFile::FileName
2025-10-12 14:42:10,640 - api_entries_etl - DEBUG - [Node #352] Created ReturnValue: return::CreateElementsFromFile
2025-10-12 14:42:10,640 - api_entries_etl - DEBUG -   return_type: ID
2025-10-12 14:42:10,640 - api_entries_etl - DEBUG -   description: 作成された要素の要素IDの配列
2025-10-12 14:42:10,640 - api_entries_etl - DEBUG -   raw_json: {"type":"ID","description":"作成された要素の要素IDの配列"}
2025-10-12 14:42:10,640 - api_entries_etl - DEBUG - [Relation #431] Created HAS_RETURN: api_entry::CreateElementsFromFile -> return::CreateElementsFromFile
2025-10-12 14:42:10,640 - api_entries_etl - DEBUG - [Node #353] Created PseudoCode: pseudo_code::CreateElementsFromFile
2025-10-12 14:42:10,640 - api_entries_etl - DEBUG -   code: CreateElementsFromFile(FileName)
2025-10-12 14:42:10,640 - api_entries_etl - DEBUG -   callee: CreateElementsFromFile
2025-10-12 14:42:10,640 - api_entries_etl - DEBUG -   argument_count: 1
2025-10-12 14:42:10,642 - api_entries_etl - DEBUG -   arguments_json: ["FileName"]
2025-10-12 14:42:10,642 - api_entries_etl - DEBUG - [Relation #432] Created HAS_PSEUDO_CODE: api_entry::CreateElementsFromFile -> pseudo_code::CreateElementsFromFile
2025-10-12 14:42:10,642 - api_entries_etl - DEBUG - [Node #354] Created PseudoCodeArgument: pseudo_code::CreateElementsFromFile::arg::0
2025-10-12 14:42:10,642 - api_entries_etl - DEBUG -   text: FileName
2025-10-12 14:42:10,642 - api_entries_etl - DEBUG -   position: 0
2025-10-12 14:42:10,642 - api_entries_etl - DEBUG -   normalized_text: filename
2025-10-12 14:42:10,644 - api_entries_etl - DEBUG - [Relation #433] Created HAS_ARGUMENT: pseudo_code::CreateElementsFromFile -> pseudo_code::CreateElementsFromFile::arg::0
2025-10-12 14:42:10,644 - api_entries_etl - DEBUG - [Relation #434] Created ARGUMENT_MATCHES_PARAMETER: pseudo_code::CreateElementsFromFile::arg::0 -> param::CreateElementsFromFile::FileName
2025-10-12 14:42:10,644 - api_entries_etl - DEBUG - [Node #355] Created Source: source::CreateElementsFromFile::inline
2025-10-12 14:42:10,644 - api_entries_etl - DEBUG -   text: 〇ファイルをインポートして要素を作成
  返り値:作成された要素の要素IDの配列
  CreateElementsFromFile(
        FileName,      // 文字列:ファイルパス（現状、Parasolid形...
2025-10-12 14:42:10,645 - api_entries_etl - DEBUG - [Relation #435] Created CITED_FROM: api_entry::CreateElementsFromFile -> source::CreateElementsFromFile::inline
2025-10-12 14:42:10,646 - api_entries_etl - DEBUG - Processing API entry #30: CreateOffsetSheet
2025-10-12 14:42:10,647 - api_entries_etl - DEBUG - [Node #356] Created APIEntry: api_entry::CreateOffsetSheet
2025-10-12 14:42:10,648 - api_entries_etl - DEBUG -   name: CreateOffsetSheet
2025-10-12 14:42:10,648 - api_entries_etl - DEBUG -   category: Partオブジェクト
2025-10-12 14:42:10,648 - api_entries_etl - DEBUG -   entry_type: function
2025-10-12 14:42:10,648 - api_entries_etl - DEBUG -   description: オフセットシートを作成
2025-10-12 14:42:10,648 - api_entries_etl - DEBUG -   pseudo_code: CreateOffsetSheet(SheetName, ElementGroup, MaterialName, SrcSurfaces, OffsetLength, bOffsetBackwards, bUpdate)
2025-10-12 14:42:10,648 - api_entries_etl - DEBUG -   text: オフセットシートを作成

〇オフセットシートを作成
  返り値:作成されたオフセットシート要素の要素ID
  CreateOffsetSheet(
        SheetName,    // 文字列：作成するシート要素名称（空文...
2025-10-12 14:42:10,648 - api_entries_etl - DEBUG -   raw_json: {"category":"Partオブジェクト","entry_type":"function","name":"CreateOffsetSheet","description":"オフセットシートを作成","pseudo_code"...
2025-10-12 14:42:10,650 - api_entries_etl - DEBUG -   position: 29
2025-10-12 14:42:10,650 - api_entries_etl - DEBUG - [Relation #436] Created HAS_ENTRY: api_entries::collection -> api_entry::CreateOffsetSheet
2025-10-12 14:42:10,650 - api_entries_etl - DEBUG - [Node #357] Created Category: category::Partオブジェクト
2025-10-12 14:42:10,650 - api_entries_etl - DEBUG -   name: Partオブジェクト
2025-10-12 14:42:10,652 - api_entries_etl - DEBUG - [Relation #437] Created IN_CATEGORY: api_entry::CreateOffsetSheet -> category::Partオブジェクト
2025-10-12 14:42:10,652 - api_entries_etl - DEBUG - [Node #358] Created EntryType: entry_type::function
2025-10-12 14:42:10,652 - api_entries_etl - DEBUG -   name: function
2025-10-12 14:42:10,652 - api_entries_etl - DEBUG - [Relation #438] Created HAS_ENTRY_TYPE: api_entry::CreateOffsetSheet -> entry_type::function
2025-10-12 14:42:10,652 - api_entries_etl - DEBUG - [Node #359] Created Parameter: param::CreateOffsetSheet::SheetName
2025-10-12 14:42:10,655 - api_entries_etl - DEBUG -   name: SheetName
2025-10-12 14:42:10,656 - api_entries_etl - DEBUG -   param_type: 文字列
2025-10-12 14:42:10,656 - api_entries_etl - DEBUG -   position: 0
2025-10-12 14:42:10,656 - api_entries_etl - DEBUG -   description: 作成するシート要素名称（空文字可）
2025-10-12 14:42:10,656 - api_entries_etl - DEBUG -   raw_json: {"name":"SheetName","type":"文字列","description":"作成するシート要素名称（空文字可）","position":0}
2025-10-12 14:42:10,656 - api_entries_etl - DEBUG - [Relation #439] Created HAS_PARAMETER: api_entry::CreateOffsetSheet -> param::CreateOffsetSheet::SheetName
2025-10-12 14:42:10,656 - api_entries_etl - DEBUG - [Node #360] Created Parameter: param::CreateOffsetSheet::ElementGroup
2025-10-12 14:42:10,656 - api_entries_etl - DEBUG -   name: ElementGroup
2025-10-12 14:42:10,656 - api_entries_etl - DEBUG -   param_type: 要素グループ
2025-10-12 14:42:10,656 - api_entries_etl - DEBUG -   position: 1
2025-10-12 14:42:10,661 - api_entries_etl - DEBUG -   description: 作成するシート要素を要素グループに入れる場合は要素グループを指定（空文字可）
2025-10-12 14:42:10,662 - api_entries_etl - DEBUG -   raw_json: {"name":"ElementGroup","type":"要素グループ","description":"作成するシート要素を要素グループに入れる場合は要素グループを指定（空文字可）","position":1}
2025-10-12 14:42:10,663 - api_entries_etl - DEBUG - [Relation #440] Created HAS_PARAMETER: api_entry::CreateOffsetSheet -> param::CreateOffsetSheet::ElementGroup
2025-10-12 14:42:10,663 - api_entries_etl - DEBUG - [Node #361] Created Parameter: param::CreateOffsetSheet::MaterialName
2025-10-12 14:42:10,663 - api_entries_etl - DEBUG -   name: MaterialName
2025-10-12 14:42:10,663 - api_entries_etl - DEBUG -   param_type: 材料
2025-10-12 14:42:10,663 - api_entries_etl - DEBUG -   position: 2
2025-10-12 14:42:10,663 - api_entries_etl - DEBUG -   description: 作成するシート要素の材質名称（空文字可）
2025-10-12 14:42:10,663 - api_entries_etl - DEBUG -   raw_json: {"name":"MaterialName","type":"材料","description":"作成するシート要素の材質名称（空文字可）","position":2}
2025-10-12 14:42:10,663 - api_entries_etl - DEBUG - [Relation #441] Created HAS_PARAMETER: api_entry::CreateOffsetSheet -> param::CreateOffsetSheet::MaterialName
2025-10-12 14:42:10,663 - api_entries_etl - DEBUG - [Node #362] Created Parameter: param::CreateOffsetSheet::SrcSurfaces
2025-10-12 14:42:10,663 - api_entries_etl - DEBUG -   name: SrcSurfaces
2025-10-12 14:42:10,663 - api_entries_etl - DEBUG -   param_type: 要素(配列)
2025-10-12 14:42:10,663 - api_entries_etl - DEBUG -   position: 3
2025-10-12 14:42:10,663 - api_entries_etl - DEBUG -   description: オフセットする元シート要素、フェイス要素の指定文字列配列
2025-10-12 14:42:10,663 - api_entries_etl - DEBUG -   raw_json: {"name":"SrcSurfaces","type":"要素(配列)","description":"オフセットする元シート要素、フェイス要素の指定文字列配列","position":3}
2025-10-12 14:42:10,663 - api_entries_etl - DEBUG - [Relation #442] Created HAS_PARAMETER: api_entry::CreateOffsetSheet -> param::CreateOffsetSheet::SrcSurfaces
2025-10-12 14:42:10,663 - api_entries_etl - DEBUG - [Node #363] Created Parameter: param::CreateOffsetSheet::OffsetLength
2025-10-12 14:42:10,663 - api_entries_etl - DEBUG -   name: OffsetLength
2025-10-12 14:42:10,663 - api_entries_etl - DEBUG -   param_type: 長さ
2025-10-12 14:42:10,663 - api_entries_etl - DEBUG -   position: 4
2025-10-12 14:42:10,671 - api_entries_etl - DEBUG -   description: オフセット距離
2025-10-12 14:42:10,671 - api_entries_etl - DEBUG -   raw_json: {"name":"OffsetLength","type":"長さ","description":"オフセット距離","position":4}
2025-10-12 14:42:10,671 - api_entries_etl - DEBUG - [Relation #443] Created HAS_PARAMETER: api_entry::CreateOffsetSheet -> param::CreateOffsetSheet::OffsetLength
2025-10-12 14:42:10,671 - api_entries_etl - DEBUG - [Node #364] Created Parameter: param::CreateOffsetSheet::bOffsetBackwards
2025-10-12 14:42:10,671 - api_entries_etl - DEBUG -   name: bOffsetBackwards
2025-10-12 14:42:10,671 - api_entries_etl - DEBUG -   param_type: bool
2025-10-12 14:42:10,671 - api_entries_etl - DEBUG -   position: 5
2025-10-12 14:42:10,672 - api_entries_etl - DEBUG -   description: オフセット方向を反転
2025-10-12 14:42:10,672 - api_entries_etl - DEBUG -   raw_json: {"name":"bOffsetBackwards","type":"bool","description":"オフセット方向を反転","position":5}
2025-10-12 14:42:10,672 - api_entries_etl - DEBUG - [Relation #444] Created HAS_PARAMETER: api_entry::CreateOffsetSheet -> param::CreateOffsetSheet::bOffsetBackwards
2025-10-12 14:42:10,672 - api_entries_etl - DEBUG - [Node #365] Created Parameter: param::CreateOffsetSheet::bUpdate
2025-10-12 14:42:10,672 - api_entries_etl - DEBUG -   name: bUpdate
2025-10-12 14:42:10,672 - api_entries_etl - DEBUG -   param_type: bool
2025-10-12 14:42:10,672 - api_entries_etl - DEBUG -   position: 6
2025-10-12 14:42:10,672 - api_entries_etl - DEBUG -   description: 更新フラグ（未実装、使用しない）
2025-10-12 14:42:10,672 - api_entries_etl - DEBUG -   raw_json: {"name":"bUpdate","type":"bool","description":"更新フラグ（未実装、使用しない）","position":6}
2025-10-12 14:42:10,672 - api_entries_etl - DEBUG - [Relation #445] Created HAS_PARAMETER: api_entry::CreateOffsetSheet -> param::CreateOffsetSheet::bUpdate
2025-10-12 14:42:10,672 - api_entries_etl - DEBUG - [Node #366] Created ReturnValue: return::CreateOffsetSheet
2025-10-12 14:42:10,672 - api_entries_etl - DEBUG -   return_type: ID
2025-10-12 14:42:10,672 - api_entries_etl - DEBUG -   description: 作成されたオフセットシート要素の要素ID
2025-10-12 14:42:10,672 - api_entries_etl - DEBUG -   raw_json: {"type":"ID","description":"作成されたオフセットシート要素の要素ID"}
2025-10-12 14:42:10,672 - api_entries_etl - DEBUG - [Relation #446] Created HAS_RETURN: api_entry::CreateOffsetSheet -> return::CreateOffsetSheet
2025-10-12 14:42:10,672 - api_entries_etl - DEBUG - [Node #367] Created PseudoCode: pseudo_code::CreateOffsetSheet
2025-10-12 14:42:10,672 - api_entries_etl - DEBUG -   code: CreateOffsetSheet(SheetName, ElementGroup, MaterialName, SrcSurfaces, OffsetLength, bOffsetBackwards, bUpdate)
2025-10-12 14:42:10,672 - api_entries_etl - DEBUG -   callee: CreateOffsetSheet
2025-10-12 14:42:10,672 - api_entries_etl - DEBUG -   argument_count: 7
2025-10-12 14:42:10,672 - api_entries_etl - DEBUG -   arguments_json: ["SheetName","ElementGroup","MaterialName","SrcSurfaces","OffsetLength","bOffsetBackwards","bUpdate"]
2025-10-12 14:42:10,672 - api_entries_etl - DEBUG - [Relation #447] Created HAS_PSEUDO_CODE: api_entry::CreateOffsetSheet -> pseudo_code::CreateOffsetSheet
2025-10-12 14:42:10,672 - api_entries_etl - DEBUG - [Node #368] Created PseudoCodeArgument: pseudo_code::CreateOffsetSheet::arg::0
2025-10-12 14:42:10,672 - api_entries_etl - DEBUG -   text: SheetName
2025-10-12 14:42:10,679 - api_entries_etl - DEBUG -   position: 0
2025-10-12 14:42:10,680 - api_entries_etl - DEBUG -   normalized_text: sheetname
2025-10-12 14:42:10,680 - api_entries_etl - DEBUG - [Relation #448] Created HAS_ARGUMENT: pseudo_code::CreateOffsetSheet -> pseudo_code::CreateOffsetSheet::arg::0
2025-10-12 14:42:10,680 - api_entries_etl - DEBUG - [Relation #449] Created ARGUMENT_MATCHES_PARAMETER: pseudo_code::CreateOffsetSheet::arg::0 -> param::CreateOffsetSheet::SheetName
2025-10-12 14:42:10,680 - api_entries_etl - DEBUG - [Node #369] Created PseudoCodeArgument: pseudo_code::CreateOffsetSheet::arg::1
2025-10-12 14:42:10,680 - api_entries_etl - DEBUG -   text: ElementGroup
2025-10-12 14:42:10,680 - api_entries_etl - DEBUG -   position: 1
2025-10-12 14:42:10,680 - api_entries_etl - DEBUG -   normalized_text: elementgroup
2025-10-12 14:42:10,680 - api_entries_etl - DEBUG - [Relation #450] Created HAS_ARGUMENT: pseudo_code::CreateOffsetSheet -> pseudo_code::CreateOffsetSheet::arg::1
2025-10-12 14:42:10,680 - api_entries_etl - DEBUG - [Relation #451] Created ARGUMENT_MATCHES_PARAMETER: pseudo_code::CreateOffsetSheet::arg::1 -> param::CreateOffsetSheet::ElementGroup
2025-10-12 14:42:10,683 - api_entries_etl - DEBUG - [Node #370] Created PseudoCodeArgument: pseudo_code::CreateOffsetSheet::arg::2
2025-10-12 14:42:10,683 - api_entries_etl - DEBUG -   text: MaterialName
2025-10-12 14:42:10,684 - api_entries_etl - DEBUG -   position: 2
2025-10-12 14:42:10,684 - api_entries_etl - DEBUG -   normalized_text: materialname
2025-10-12 14:42:10,685 - api_entries_etl - DEBUG - [Relation #452] Created HAS_ARGUMENT: pseudo_code::CreateOffsetSheet -> pseudo_code::CreateOffsetSheet::arg::2
2025-10-12 14:42:10,685 - api_entries_etl - DEBUG - [Relation #453] Created ARGUMENT_MATCHES_PARAMETER: pseudo_code::CreateOffsetSheet::arg::2 -> param::CreateOffsetSheet::MaterialName
2025-10-12 14:42:10,685 - api_entries_etl - DEBUG - [Node #371] Created PseudoCodeArgument: pseudo_code::CreateOffsetSheet::arg::3
2025-10-12 14:42:10,685 - api_entries_etl - DEBUG -   text: SrcSurfaces
2025-10-12 14:42:10,687 - api_entries_etl - DEBUG -   position: 3
2025-10-12 14:42:10,687 - api_entries_etl - DEBUG -   normalized_text: srcsurfaces
2025-10-12 14:42:10,688 - api_entries_etl - DEBUG - [Relation #454] Created HAS_ARGUMENT: pseudo_code::CreateOffsetSheet -> pseudo_code::CreateOffsetSheet::arg::3
2025-10-12 14:42:10,688 - api_entries_etl - DEBUG - [Relation #455] Created ARGUMENT_MATCHES_PARAMETER: pseudo_code::CreateOffsetSheet::arg::3 -> param::CreateOffsetSheet::SrcSurfaces
2025-10-12 14:42:10,688 - api_entries_etl - DEBUG - [Node #372] Created PseudoCodeArgument: pseudo_code::CreateOffsetSheet::arg::4
2025-10-12 14:42:10,688 - api_entries_etl - DEBUG -   text: OffsetLength
2025-10-12 14:42:10,689 - api_entries_etl - DEBUG -   position: 4
2025-10-12 14:42:10,689 - api_entries_etl - DEBUG -   normalized_text: offsetlength
2025-10-12 14:42:10,690 - api_entries_etl - DEBUG - [Relation #456] Created HAS_ARGUMENT: pseudo_code::CreateOffsetSheet -> pseudo_code::CreateOffsetSheet::arg::4
2025-10-12 14:42:10,690 - api_entries_etl - DEBUG - [Relation #457] Created ARGUMENT_MATCHES_PARAMETER: pseudo_code::CreateOffsetSheet::arg::4 -> param::CreateOffsetSheet::OffsetLength
2025-10-12 14:42:10,691 - api_entries_etl - DEBUG - [Node #373] Created PseudoCodeArgument: pseudo_code::CreateOffsetSheet::arg::5
2025-10-12 14:42:10,692 - api_entries_etl - DEBUG -   text: bOffsetBackwards
2025-10-12 14:42:10,692 - api_entries_etl - DEBUG -   position: 5
2025-10-12 14:42:10,692 - api_entries_etl - DEBUG -   normalized_text: boffsetbackwards
2025-10-12 14:42:10,692 - api_entries_etl - DEBUG - [Relation #458] Created HAS_ARGUMENT: pseudo_code::CreateOffsetSheet -> pseudo_code::CreateOffsetSheet::arg::5
2025-10-12 14:42:10,692 - api_entries_etl - DEBUG - [Relation #459] Created ARGUMENT_MATCHES_PARAMETER: pseudo_code::CreateOffsetSheet::arg::5 -> param::CreateOffsetSheet::bOffsetBackwards
2025-10-12 14:42:10,692 - api_entries_etl - DEBUG - [Node #374] Created PseudoCodeArgument: pseudo_code::CreateOffsetSheet::arg::6
2025-10-12 14:42:10,692 - api_entries_etl - DEBUG -   text: bUpdate
2025-10-12 14:42:10,693 - api_entries_etl - DEBUG -   position: 6
2025-10-12 14:42:10,693 - api_entries_etl - DEBUG -   normalized_text: bupdate
2025-10-12 14:42:10,693 - api_entries_etl - DEBUG - [Relation #460] Created HAS_ARGUMENT: pseudo_code::CreateOffsetSheet -> pseudo_code::CreateOffsetSheet::arg::6
2025-10-12 14:42:10,694 - api_entries_etl - DEBUG - [Relation #461] Created ARGUMENT_MATCHES_PARAMETER: pseudo_code::CreateOffsetSheet::arg::6 -> param::CreateOffsetSheet::bUpdate
2025-10-12 14:42:10,696 - api_entries_etl - DEBUG - [Node #375] Created Source: source::CreateOffsetSheet::inline
2025-10-12 14:42:10,697 - api_entries_etl - DEBUG -   text: 〇オフセットシートを作成
  返り値:作成されたオフセットシート要素の要素ID
  CreateOffsetSheet(
        SheetName,    // 文字列：作成するシート要素名称（空文字可）
        E...
2025-10-12 14:42:10,697 - api_entries_etl - DEBUG - [Relation #462] Created CITED_FROM: api_entry::CreateOffsetSheet -> source::CreateOffsetSheet::inline
2025-10-12 14:42:10,698 - api_entries_etl - DEBUG - Processing API entry #31: CreateLinearSweepParam
2025-10-12 14:42:10,699 - api_entries_etl - DEBUG - [Node #376] Created APIEntry: api_entry::CreateLinearSweepParam
2025-10-12 14:42:10,699 - api_entries_etl - DEBUG -   name: CreateLinearSweepParam
2025-10-12 14:42:10,700 - api_entries_etl - DEBUG -   category: Partオブジェクト
2025-10-12 14:42:10,700 - api_entries_etl - DEBUG -   entry_type: function
2025-10-12 14:42:10,701 - api_entries_etl - DEBUG -   description: 押し出しパラメータオブジェクトの作成
2025-10-12 14:42:10,701 - api_entries_etl - DEBUG -   pseudo_code: CreateLinearSweepParam()
2025-10-12 14:42:10,701 - api_entries_etl - DEBUG -   text: 押し出しパラメータオブジェクトの作成

〇押し出しパラメータオブジェクトの作成
 返り値:押し出しパラメータオブジェクト
 CreateLinearSweepParam()
2025-10-12 14:42:10,701 - api_entries_etl - DEBUG -   raw_json: {"category":"Partオブジェクト","entry_type":"function","name":"CreateLinearSweepParam","description":"押し出しパラメータオブジェクトの作成","...
2025-10-12 14:42:10,702 - api_entries_etl - DEBUG -   position: 30
2025-10-12 14:42:10,703 - api_entries_etl - DEBUG - [Relation #463] Created HAS_ENTRY: api_entries::collection -> api_entry::CreateLinearSweepParam
2025-10-12 14:42:10,703 - api_entries_etl - DEBUG - [Node #377] Created Category: category::Partオブジェクト
2025-10-12 14:42:10,703 - api_entries_etl - DEBUG -   name: Partオブジェクト
2025-10-12 14:42:10,704 - api_entries_etl - DEBUG - [Relation #464] Created IN_CATEGORY: api_entry::CreateLinearSweepParam -> category::Partオブジェクト
2025-10-12 14:42:10,704 - api_entries_etl - DEBUG - [Node #378] Created EntryType: entry_type::function
2025-10-12 14:42:10,704 - api_entries_etl - DEBUG -   name: function
2025-10-12 14:42:10,704 - api_entries_etl - DEBUG - [Relation #465] Created HAS_ENTRY_TYPE: api_entry::CreateLinearSweepParam -> entry_type::function
2025-10-12 14:42:10,704 - api_entries_etl - DEBUG - [Node #379] Created ReturnValue: return::CreateLinearSweepParam
2025-10-12 14:42:10,705 - api_entries_etl - DEBUG -   return_type: 押し出しパラメータオブジェクト
2025-10-12 14:42:10,705 - api_entries_etl - DEBUG -   description: 押し出しパラメータオブジェクト
2025-10-12 14:42:10,705 - api_entries_etl - DEBUG -   raw_json: {"type":"押し出しパラメータオブジェクト","description":"押し出しパラメータオブジェクト"}
2025-10-12 14:42:10,706 - api_entries_etl - DEBUG - [Relation #466] Created HAS_RETURN: api_entry::CreateLinearSweepParam -> return::CreateLinearSweepParam
2025-10-12 14:42:10,706 - api_entries_etl - DEBUG - [Relation #467] Created RETURNS_ENTRY: return::CreateLinearSweepParam -> api_entry::押し出しパラメータオブジェクト
2025-10-12 14:42:10,707 - api_entries_etl - WARNING - Destination node 'api_entry::押し出しパラメータオブジェクト' not found when creating relation
2025-10-12 14:42:10,708 - api_entries_etl - DEBUG - [Node #380] Created PseudoCode: pseudo_code::CreateLinearSweepParam
2025-10-12 14:42:10,708 - api_entries_etl - DEBUG -   code: CreateLinearSweepParam()
2025-10-12 14:42:10,708 - api_entries_etl - DEBUG -   callee: CreateLinearSweepParam
2025-10-12 14:42:10,708 - api_entries_etl - DEBUG -   argument_count: 0
2025-10-12 14:42:10,708 - api_entries_etl - DEBUG - [Relation #468] Created HAS_PSEUDO_CODE: api_entry::CreateLinearSweepParam -> pseudo_code::CreateLinearSweepParam
2025-10-12 14:42:10,709 - api_entries_etl - DEBUG - [Node #381] Created Source: source::CreateLinearSweepParam::inline
2025-10-12 14:42:10,709 - api_entries_etl - DEBUG -   text: 〇押し出しパラメータオブジェクトの作成
 返り値:押し出しパラメータオブジェクト
 CreateLinearSweepParam()
2025-10-12 14:42:10,710 - api_entries_etl - DEBUG - [Relation #469] Created CITED_FROM: api_entry::CreateLinearSweepParam -> source::CreateLinearSweepParam::inline
2025-10-12 14:42:10,710 - api_entries_etl - DEBUG - Processing API entry #32: 押し出しパラメータオブジェクト
2025-10-12 14:42:10,710 - api_entries_etl - DEBUG - [Node #382] Created APIEntry: api_entry::押し出しパラメータオブジェクト
2025-10-12 14:42:10,711 - api_entries_etl - DEBUG -   name: 押し出しパラメータオブジェクト
2025-10-12 14:42:10,711 - api_entries_etl - DEBUG -   category: 押し出しパラメータオブジェクト
2025-10-12 14:42:10,711 - api_entries_etl - DEBUG -   entry_type: object
2025-10-12 14:42:10,711 - api_entries_etl - DEBUG -   description: 押し出し操作の設定パラメータを格納するオブジェクト
2025-10-12 14:42:10,711 - api_entries_etl - DEBUG -   text: 押し出し操作の設定パラメータを格納するオブジェクト

〇押し出しパラメータオブジェクト
   属性
   NAME   // 文字列：要素名（空文字可）
   ElementGroup // 要素グループ：作成するシート要素を要素グル...
2025-10-12 14:42:10,712 - api_entries_etl - DEBUG -   raw_json: {"category":"押し出しパラメータオブジェクト","entry_type":"object","name":"押し出しパラメータオブジェクト","description":"押し出し操作の設定パラメータを格納するオブジェクト...
2025-10-12 14:42:10,713 - api_entries_etl - DEBUG -   position: 31
2025-10-12 14:42:10,714 - api_entries_etl - DEBUG - [Relation #470] Created HAS_ENTRY: api_entries::collection -> api_entry::押し出しパラメータオブジェクト
2025-10-12 14:42:10,714 - api_entries_etl - DEBUG - [Node #383] Created Category: category::押し出しパラメータオブジェクト
2025-10-12 14:42:10,714 - api_entries_etl - DEBUG -   name: 押し出しパラメータオブジェクト
2025-10-12 14:42:10,715 - api_entries_etl - DEBUG - [Relation #471] Created IN_CATEGORY: api_entry::押し出しパラメータオブジェクト -> category::押し出しパラメータオブジェクト
2025-10-12 14:42:10,715 - api_entries_etl - DEBUG - [Node #384] Created EntryType: entry_type::object
2025-10-12 14:42:10,716 - api_entries_etl - DEBUG -   name: object
2025-10-12 14:42:10,716 - api_entries_etl - DEBUG - [Relation #472] Created HAS_ENTRY_TYPE: api_entry::押し出しパラメータオブジェクト -> entry_type::object
2025-10-12 14:42:10,717 - api_entries_etl - DEBUG - [Node #385] Created Property: property::押し出しパラメータオブジェクト::NAME
2025-10-12 14:42:10,718 - api_entries_etl - DEBUG -   name: NAME
2025-10-12 14:42:10,718 - api_entries_etl - DEBUG -   property_type: 文字列
2025-10-12 14:42:10,718 - api_entries_etl - DEBUG -   description: 要素名（空文字可）
2025-10-12 14:42:10,718 - api_entries_etl - DEBUG -   raw_json: {"name":"NAME","type":"文字列","description":"要素名（空文字可）"}
2025-10-12 14:42:10,719 - api_entries_etl - DEBUG -   position: 0
2025-10-12 14:42:10,720 - api_entries_etl - DEBUG - [Relation #473] Created HAS_PROPERTY: api_entry::押し出しパラメータオブジェクト -> property::押し出しパラメータオブジェクト::NAME
2025-10-12 14:42:10,721 - api_entries_etl - DEBUG - [Node #386] Created Property: property::押し出しパラメータオブジェクト::ElementGroup
2025-10-12 14:42:10,721 - api_entries_etl - DEBUG -   name: ElementGroup
2025-10-12 14:42:10,721 - api_entries_etl - DEBUG -   property_type: 要素グループ
2025-10-12 14:42:10,722 - api_entries_etl - DEBUG -   description: 作成するシート要素を要素グループに入れる場合は要素グループを指定（空文字可）
2025-10-12 14:42:10,722 - api_entries_etl - DEBUG -   raw_json: {"name":"ElementGroup","type":"要素グループ","description":"作成するシート要素を要素グループに入れる場合は要素グループを指定（空文字可）"}
2025-10-12 14:42:10,722 - api_entries_etl - DEBUG -   position: 1
2025-10-12 14:42:10,722 - api_entries_etl - DEBUG - [Relation #474] Created HAS_PROPERTY: api_entry::押し出しパラメータオブジェクト -> property::押し出しパラメータオブジェクト::ElementGroup
2025-10-12 14:42:10,723 - api_entries_etl - DEBUG - [Node #387] Created Property: property::押し出しパラメータオブジェクト::MaterialName
2025-10-12 14:42:10,723 - api_entries_etl - DEBUG -   name: MaterialName
2025-10-12 14:42:10,723 - api_entries_etl - DEBUG -   property_type: 材料
2025-10-12 14:42:10,723 - api_entries_etl - DEBUG -   description: 作成するシード要素の材質名称（空文字可）
2025-10-12 14:42:10,723 - api_entries_etl - DEBUG -   raw_json: {"name":"MaterialName","type":"材料","description":"作成するシード要素の材質名称（空文字可）"}
2025-10-12 14:42:10,724 - api_entries_etl - DEBUG -   position: 2
2025-10-12 14:42:10,724 - api_entries_etl - DEBUG - [Relation #475] Created HAS_PROPERTY: api_entry::押し出しパラメータオブジェクト -> property::押し出しパラメータオブジェクト::MaterialName
2025-10-12 14:42:10,724 - api_entries_etl - DEBUG - [Node #388] Created Property: property::押し出しパラメータオブジェクト::Target1
2025-10-12 14:42:10,724 - api_entries_etl - DEBUG -   name: Target1
2025-10-12 14:42:10,724 - api_entries_etl - DEBUG -   property_type: 要素(配列)
2025-10-12 14:42:10,725 - api_entries_etl - DEBUG -   description: スイープするターゲット要素１（点、線、シート、ソリッド、あるいはソリッドフェイス）
2025-10-12 14:42:10,725 - api_entries_etl - DEBUG -   raw_json: {"name":"Target1","type":"要素(配列)","description":"スイープするターゲット要素１（点、線、シート、ソリッド、あるいはソリッドフェイス）"}
2025-10-12 14:42:10,725 - api_entries_etl - DEBUG -   position: 3
2025-10-12 14:42:10,725 - api_entries_etl - DEBUG - [Relation #476] Created HAS_PROPERTY: api_entry::押し出しパラメータオブジェクト -> property::押し出しパラメータオブジェクト::Target1
2025-10-12 14:42:10,726 - api_entries_etl - DEBUG - [Node #389] Created Property: property::押し出しパラメータオブジェクト::Target2
2025-10-12 14:42:10,726 - api_entries_etl - DEBUG -   name: Target2
2025-10-12 14:42:10,726 - api_entries_etl - DEBUG -   property_type: 要素(配列)
2025-10-12 14:42:10,726 - api_entries_etl - DEBUG -   description: スイープ方向が２方向の場合に使用。スイープするターゲット要素２
2025-10-12 14:42:10,726 - api_entries_etl - DEBUG -   raw_json: {"name":"Target2","type":"要素(配列)","description":"スイープ方向が２方向の場合に使用。スイープするターゲット要素２"}
2025-10-12 14:42:10,726 - api_entries_etl - DEBUG -   position: 4
2025-10-12 14:42:10,727 - api_entries_etl - DEBUG - [Relation #477] Created HAS_PROPERTY: api_entry::押し出しパラメータオブジェクト -> property::押し出しパラメータオブジェクト::Target2
2025-10-12 14:42:10,727 - api_entries_etl - DEBUG - [Node #390] Created Property: property::押し出しパラメータオブジェクト::Profile
2025-10-12 14:42:10,727 - api_entries_etl - DEBUG -   name: Profile
2025-10-12 14:42:10,727 - api_entries_etl - DEBUG -   property_type: 要素(配列)
2025-10-12 14:42:10,727 - api_entries_etl - DEBUG -   description: 押し出しのプロファイル要素（スケッチ、線、シート）
2025-10-12 14:42:10,727 - api_entries_etl - DEBUG -   raw_json: {"name":"Profile","type":"要素(配列)","description":"押し出しのプロファイル要素（スケッチ、線、シート）"}
2025-10-12 14:42:10,728 - api_entries_etl - DEBUG -   position: 5
2025-10-12 14:42:10,728 - api_entries_etl - DEBUG - [Relation #478] Created HAS_PROPERTY: api_entry::押し出しパラメータオブジェクト -> property::押し出しパラメータオブジェクト::Profile
2025-10-12 14:42:10,728 - api_entries_etl - DEBUG - [Node #391] Created Property: property::押し出しパラメータオブジェクト::ProfileNormal
2025-10-12 14:42:10,729 - api_entries_etl - DEBUG -   name: ProfileNormal
2025-10-12 14:42:10,730 - api_entries_etl - DEBUG -   property_type: 方向
2025-10-12 14:42:10,730 - api_entries_etl - DEBUG -   description: プロファイルの平面法線方向。（プロファイルが３Dの直線の場合にその平面法線として指定。）
2025-10-12 14:42:10,730 - api_entries_etl - DEBUG -   raw_json: {"name":"ProfileNormal","type":"方向","description":"プロファイルの平面法線方向。（プロファイルが３Dの直線の場合にその平面法線として指定。）"}
2025-10-12 14:42:10,730 - api_entries_etl - DEBUG -   position: 6
2025-10-12 14:42:10,731 - api_entries_etl - DEBUG - [Relation #479] Created HAS_PROPERTY: api_entry::押し出しパラメータオブジェクト -> property::押し出しパラメータオブジェクト::ProfileNormal
2025-10-12 14:42:10,731 - api_entries_etl - DEBUG - [Node #392] Created Property: property::押し出しパラメータオブジェクト::ProfileOffset
2025-10-12 14:42:10,731 - api_entries_etl - DEBUG -   name: ProfileOffset
2025-10-12 14:42:10,731 - api_entries_etl - DEBUG -   property_type: 長さ
2025-10-12 14:42:10,731 - api_entries_etl - DEBUG -   description: プロファイル位置のオフセット距離
2025-10-12 14:42:10,731 - api_entries_etl - DEBUG -   raw_json: {"name":"ProfileOffset","type":"長さ","description":"プロファイル位置のオフセット距離"}
2025-10-12 14:42:10,732 - api_entries_etl - DEBUG -   position: 7
2025-10-12 14:42:10,732 - api_entries_etl - DEBUG - [Relation #480] Created HAS_PROPERTY: api_entry::押し出しパラメータオブジェクト -> property::押し出しパラメータオブジェクト::ProfileOffset
2025-10-12 14:42:10,732 - api_entries_etl - DEBUG - [Node #393] Created Property: property::押し出しパラメータオブジェクト::DirectionType
2025-10-12 14:42:10,732 - api_entries_etl - DEBUG -   name: DirectionType
2025-10-12 14:42:10,735 - api_entries_etl - DEBUG -   property_type: スイープ方向
2025-10-12 14:42:10,735 - api_entries_etl - DEBUG -   description: スイープ方向
2025-10-12 14:42:10,736 - api_entries_etl - DEBUG -   raw_json: {"name":"DirectionType","type":"スイープ方向","description":"スイープ方向"}
2025-10-12 14:42:10,736 - api_entries_etl - DEBUG -   position: 8
2025-10-12 14:42:10,736 - api_entries_etl - DEBUG - [Relation #481] Created HAS_PROPERTY: api_entry::押し出しパラメータオブジェクト -> property::押し出しパラメータオブジェクト::DirectionType
2025-10-12 14:42:10,736 - api_entries_etl - DEBUG - [Node #394] Created Property: property::押し出しパラメータオブジェクト::DirectionParameter1
2025-10-12 14:42:10,736 - api_entries_etl - DEBUG -   name: DirectionParameter1
2025-10-12 14:42:10,736 - api_entries_etl - DEBUG -   property_type: 長さ
2025-10-12 14:42:10,736 - api_entries_etl - DEBUG -   description: スイープする距離１（SweepTarget1を指定している場合は使用しない）
2025-10-12 14:42:10,736 - api_entries_etl - DEBUG -   raw_json: {"name":"DirectionParameter1","type":"長さ","description":"スイープする距離１（SweepTarget1を指定している場合は使用しない）"}
2025-10-12 14:42:10,736 - api_entries_etl - DEBUG -   position: 9
2025-10-12 14:42:10,736 - api_entries_etl - DEBUG - [Relation #482] Created HAS_PROPERTY: api_entry::押し出しパラメータオブジェクト -> property::押し出しパラメータオブジェクト::DirectionParameter1
2025-10-12 14:42:10,736 - api_entries_etl - DEBUG - [Node #395] Created Property: property::押し出しパラメータオブジェクト::DirectionParameter2
2025-10-12 14:42:10,736 - api_entries_etl - DEBUG -   name: DirectionParameter2
2025-10-12 14:42:10,736 - api_entries_etl - DEBUG -   property_type: 長さ
2025-10-12 14:42:10,741 - api_entries_etl - DEBUG -   description: スイープ方向が２方向の場合に使用。スイープする距離２（SweepTarget２を指定している場合は使用しない）
2025-10-12 14:42:10,741 - api_entries_etl - DEBUG -   raw_json: {"name":"DirectionParameter2","type":"長さ","description":"スイープ方向が２方向の場合に使用。スイープする距離２（SweepTarget２を指定している場合は使用しない）"}
2025-10-12 14:42:10,741 - api_entries_etl - DEBUG -   position: 10
2025-10-12 14:42:10,743 - api_entries_etl - DEBUG - [Relation #483] Created HAS_PROPERTY: api_entry::押し出しパラメータオブジェクト -> property::押し出しパラメータオブジェクト::DirectionParameter2
2025-10-12 14:42:10,743 - api_entries_etl - DEBUG - [Node #396] Created Property: property::押し出しパラメータオブジェクト::SweepDirection
2025-10-12 14:42:10,743 - api_entries_etl - DEBUG -   name: SweepDirection
2025-10-12 14:42:10,743 - api_entries_etl - DEBUG -   property_type: 方向
2025-10-12 14:42:10,743 - api_entries_etl - DEBUG -   description: スイープする方向を設定する場合に使用。指定しない場合はプロファイルの法線方向
2025-10-12 14:42:10,743 - api_entries_etl - DEBUG -   raw_json: {"name":"SweepDirection","type":"方向","description":"スイープする方向を設定する場合に使用。指定しない場合はプロファイルの法線方向"}
2025-10-12 14:42:10,745 - api_entries_etl - DEBUG -   position: 11
2025-10-12 14:42:10,746 - api_entries_etl - DEBUG - [Relation #484] Created HAS_PROPERTY: api_entry::押し出しパラメータオブジェクト -> property::押し出しパラメータオブジェクト::SweepDirection
2025-10-12 14:42:10,746 - api_entries_etl - DEBUG - [Node #397] Created Property: property::押し出しパラメータオブジェクト::DraftAngle
2025-10-12 14:42:10,746 - api_entries_etl - DEBUG -   name: DraftAngle
2025-10-12 14:42:10,748 - api_entries_etl - DEBUG -   property_type: 角度
2025-10-12 14:42:10,748 - api_entries_etl - DEBUG -   description: 押し出し方向の勾配角度
2025-10-12 14:42:10,748 - api_entries_etl - DEBUG -   raw_json: {"name":"DraftAngle","type":"角度","description":"押し出し方向の勾配角度"}
2025-10-12 14:42:10,748 - api_entries_etl - DEBUG -   position: 12
2025-10-12 14:42:10,750 - api_entries_etl - DEBUG - [Relation #485] Created HAS_PROPERTY: api_entry::押し出しパラメータオブジェクト -> property::押し出しパラメータオブジェクト::DraftAngle
2025-10-12 14:42:10,750 - api_entries_etl - DEBUG - [Node #398] Created Property: property::押し出しパラメータオブジェクト::DraftAngle2Type
2025-10-12 14:42:10,750 - api_entries_etl - DEBUG -   name: DraftAngle2Type
2025-10-12 14:42:10,750 - api_entries_etl - DEBUG -   property_type: 勾配２のタイプ
2025-10-12 14:42:10,750 - api_entries_etl - DEBUG -   description: ２方向に押し出す際の勾配の取り方指定
2025-10-12 14:42:10,750 - api_entries_etl - DEBUG -   raw_json: {"name":"DraftAngle2Type","type":"勾配２のタイプ","description":"２方向に押し出す際の勾配の取り方指定"}
2025-10-12 14:42:10,750 - api_entries_etl - DEBUG -   position: 13
2025-10-12 14:42:10,750 - api_entries_etl - DEBUG - [Relation #486] Created HAS_PROPERTY: api_entry::押し出しパラメータオブジェクト -> property::押し出しパラメータオブジェクト::DraftAngle2Type
2025-10-12 14:42:10,752 - api_entries_etl - DEBUG - [Node #399] Created Property: property::押し出しパラメータオブジェクト::DraftAngle2
2025-10-12 14:42:10,752 - api_entries_etl - DEBUG -   name: DraftAngle2
2025-10-12 14:42:10,752 - api_entries_etl - DEBUG -   property_type: 角度
2025-10-12 14:42:10,752 - api_entries_etl - DEBUG -   description: ２方向目の押し出し方向の勾配角度
2025-10-12 14:42:10,752 - api_entries_etl - DEBUG -   raw_json: {"name":"DraftAngle2","type":"角度","description":"２方向目の押し出し方向の勾配角度"}
2025-10-12 14:42:10,752 - api_entries_etl - DEBUG -   position: 14
2025-10-12 14:42:10,752 - api_entries_etl - DEBUG - [Relation #487] Created HAS_PROPERTY: api_entry::押し出しパラメータオブジェクト -> property::押し出しパラメータオブジェクト::DraftAngle2
2025-10-12 14:42:10,752 - api_entries_etl - DEBUG - [Node #400] Created Property: property::押し出しパラメータオブジェクト::ThickenType
2025-10-12 14:42:10,752 - api_entries_etl - DEBUG -   name: ThickenType
2025-10-12 14:42:10,752 - api_entries_etl - DEBUG -   property_type: 厚み付けタイプ
2025-10-12 14:42:10,752 - api_entries_etl - DEBUG -   description: 厚み付けタイプ
2025-10-12 14:42:10,752 - api_entries_etl - DEBUG -   raw_json: {"name":"ThickenType","type":"厚み付けタイプ","description":"厚み付けタイプ"}
2025-10-12 14:42:10,752 - api_entries_etl - DEBUG -   position: 15
2025-10-12 14:42:10,752 - api_entries_etl - DEBUG - [Relation #488] Created HAS_PROPERTY: api_entry::押し出しパラメータオブジェクト -> property::押し出しパラメータオブジェクト::ThickenType
2025-10-12 14:42:10,752 - api_entries_etl - DEBUG - [Node #401] Created Property: property::押し出しパラメータオブジェクト::Thickeness1
2025-10-12 14:42:10,752 - api_entries_etl - DEBUG -   name: Thickeness1
2025-10-12 14:42:10,752 - api_entries_etl - DEBUG -   property_type: 長さ
2025-10-12 14:42:10,752 - api_entries_etl - DEBUG -   description: 板厚
2025-10-12 14:42:10,752 - api_entries_etl - DEBUG -   raw_json: {"name":"Thickeness1","type":"長さ","description":"板厚"}
2025-10-12 14:42:10,752 - api_entries_etl - DEBUG -   position: 16
2025-10-12 14:42:10,752 - api_entries_etl - DEBUG - [Relation #489] Created HAS_PROPERTY: api_entry::押し出しパラメータオブジェクト -> property::押し出しパラメータオブジェクト::Thickeness1
2025-10-12 14:42:10,752 - api_entries_etl - DEBUG - [Node #402] Created Property: property::押し出しパラメータオブジェクト::Thickeness2
2025-10-12 14:42:10,752 - api_entries_etl - DEBUG -   name: Thickeness2
2025-10-12 14:42:10,752 - api_entries_etl - DEBUG -   property_type: 長さ
2025-10-12 14:42:10,752 - api_entries_etl - DEBUG -   description: 板厚２（厚み付けタイプが２方向のときに使用）
2025-10-12 14:42:10,752 - api_entries_etl - DEBUG -   raw_json: {"name":"Thickeness2","type":"長さ","description":"板厚２（厚み付けタイプが２方向のときに使用）"}
2025-10-12 14:42:10,752 - api_entries_etl - DEBUG -   position: 17
2025-10-12 14:42:10,752 - api_entries_etl - DEBUG - [Relation #490] Created HAS_PROPERTY: api_entry::押し出しパラメータオブジェクト -> property::押し出しパラメータオブジェクト::Thickeness2
2025-10-12 14:42:10,752 - api_entries_etl - DEBUG - [Node #403] Created Property: property::押し出しパラメータオブジェクト::ThickenessOffset
2025-10-12 14:42:10,752 - api_entries_etl - DEBUG -   name: ThickenessOffset
2025-10-12 14:42:10,752 - api_entries_etl - DEBUG -   property_type: 長さ
2025-10-12 14:42:10,752 - api_entries_etl - DEBUG -   description: 厚みづけのオフセット距離
2025-10-12 14:42:10,752 - api_entries_etl - DEBUG -   raw_json: {"name":"ThickenessOffset","type":"長さ","description":"厚みづけのオフセット距離"}
2025-10-12 14:42:10,752 - api_entries_etl - DEBUG -   position: 18
2025-10-12 14:42:10,752 - api_entries_etl - DEBUG - [Relation #491] Created HAS_PROPERTY: api_entry::押し出しパラメータオブジェクト -> property::押し出しパラメータオブジェクト::ThickenessOffset
2025-10-12 14:42:10,752 - api_entries_etl - DEBUG - [Node #404] Created Property: property::押し出しパラメータオブジェクト::bRefByGeometricMethod
2025-10-12 14:42:10,752 - api_entries_etl - DEBUG -   name: bRefByGeometricMethod
2025-10-12 14:42:10,752 - api_entries_etl - DEBUG -   property_type: bool
2025-10-12 14:42:10,752 - api_entries_etl - DEBUG -   description: Trueの時は幾何位置にもとづいて関連を設定する
2025-10-12 14:42:10,752 - api_entries_etl - DEBUG -   raw_json: {"name":"bRefByGeometricMethod","type":"bool","description":"Trueの時は幾何位置にもとづいて関連を設定する"}
2025-10-12 14:42:10,752 - api_entries_etl - DEBUG -   position: 19
2025-10-12 14:42:10,752 - api_entries_etl - DEBUG - [Relation #492] Created HAS_PROPERTY: api_entry::押し出しパラメータオブジェクト -> property::押し出しパラメータオブジェクト::bRefByGeometricMethod
2025-10-12 14:42:10,752 - api_entries_etl - DEBUG - [Node #405] Created Property: property::押し出しパラメータオブジェクト::bIntervalSwep
2025-10-12 14:42:10,752 - api_entries_etl - DEBUG -   name: bIntervalSwep
2025-10-12 14:42:10,752 - api_entries_etl - DEBUG -   property_type: bool
2025-10-12 14:42:10,752 - api_entries_etl - DEBUG -   description: 区間内だけをスイープする
2025-10-12 14:42:10,752 - api_entries_etl - DEBUG -   raw_json: {"name":"bIntervalSwep","type":"bool","description":"区間内だけをスイープする"}
2025-10-12 14:42:10,752 - api_entries_etl - DEBUG -   position: 20
2025-10-12 14:42:10,752 - api_entries_etl - DEBUG - [Relation #493] Created HAS_PROPERTY: api_entry::押し出しパラメータオブジェクト -> property::押し出しパラメータオブジェクト::bIntervalSwep
2025-10-12 14:42:10,752 - api_entries_etl - DEBUG - [Node #406] Created Property: property::押し出しパラメータオブジェクト::ReferMethod
2025-10-12 14:42:10,752 - api_entries_etl - DEBUG -   name: ReferMethod
2025-10-12 14:42:10,752 - api_entries_etl - DEBUG -   property_type: 関連設定
2025-10-12 14:42:10,752 - api_entries_etl - DEBUG -   description: 要素の関連づけ方法の指定
2025-10-12 14:42:10,761 - api_entries_etl - DEBUG -   raw_json: {"name":"ReferMethod","type":"関連設定","description":"要素の関連づけ方法の指定"}
2025-10-12 14:42:10,761 - api_entries_etl - DEBUG -   position: 21
2025-10-12 14:42:10,762 - api_entries_etl - DEBUG - [Relation #494] Created HAS_PROPERTY: api_entry::押し出しパラメータオブジェクト -> property::押し出しパラメータオブジェクト::ReferMethod
2025-10-12 14:42:10,762 - api_entries_etl - DEBUG - [Node #407] Created Source: source::押し出しパラメータオブジェクト::inline
2025-10-12 14:42:10,762 - api_entries_etl - DEBUG -   text: 〇押し出しパラメータオブジェクト
   属性
   NAME   // 文字列：要素名（空文字可）
   ElementGroup // 要素グループ：作成するシート要素を要素グループに入れる場合は要素グループを指定（空文字可）
  ...
2025-10-12 14:42:10,762 - api_entries_etl - DEBUG - [Relation #495] Created CITED_FROM: api_entry::押し出しパラメータオブジェクト -> source::押し出しパラメータオブジェクト::inline
2025-10-12 14:42:10,762 - api_entries_etl - DEBUG - Processing API entry #33: CreateLinearSweep
2025-10-12 14:42:10,762 - api_entries_etl - DEBUG - [Node #408] Created APIEntry: api_entry::CreateLinearSweep
2025-10-12 14:42:10,762 - api_entries_etl - DEBUG -   name: CreateLinearSweep
2025-10-12 14:42:10,762 - api_entries_etl - DEBUG -   category: Partオブジェクト
2025-10-12 14:42:10,762 - api_entries_etl - DEBUG -   entry_type: function
2025-10-12 14:42:10,762 - api_entries_etl - DEBUG -   description: 指定したソリッド要素に押し出し形状を付加する
2025-10-12 14:42:10,762 - api_entries_etl - DEBUG -   pseudo_code: CreateLinearSweep(TargetSolidName, OperationType, pParam, bUpdate)
2025-10-12 14:42:10,762 - api_entries_etl - DEBUG -   text: 指定したソリッド要素に押し出し形状を付加する

〇指定したソリッド要素に押し出し形状を付加する
  返り値:作成された押し出しフィーチャーのID
  CreateLinearSweep(
        TargetSolidName...
2025-10-12 14:42:10,762 - api_entries_etl - DEBUG -   raw_json: {"category":"Partオブジェクト","entry_type":"function","name":"CreateLinearSweep","description":"指定したソリッド要素に押し出し形状を付加する","p...
2025-10-12 14:42:10,762 - api_entries_etl - DEBUG -   position: 32
2025-10-12 14:42:10,762 - api_entries_etl - DEBUG - [Relation #496] Created HAS_ENTRY: api_entries::collection -> api_entry::CreateLinearSweep
2025-10-12 14:42:10,762 - api_entries_etl - DEBUG - [Node #409] Created Category: category::Partオブジェクト
2025-10-12 14:42:10,762 - api_entries_etl - DEBUG -   name: Partオブジェクト
2025-10-12 14:42:10,762 - api_entries_etl - DEBUG - [Relation #497] Created IN_CATEGORY: api_entry::CreateLinearSweep -> category::Partオブジェクト
2025-10-12 14:42:10,762 - api_entries_etl - DEBUG - [Node #410] Created EntryType: entry_type::function
2025-10-12 14:42:10,762 - api_entries_etl - DEBUG -   name: function
2025-10-12 14:42:10,762 - api_entries_etl - DEBUG - [Relation #498] Created HAS_ENTRY_TYPE: api_entry::CreateLinearSweep -> entry_type::function
2025-10-12 14:42:10,762 - api_entries_etl - DEBUG - [Node #411] Created Parameter: param::CreateLinearSweep::TargetSolidName
2025-10-12 14:42:10,762 - api_entries_etl - DEBUG -   name: TargetSolidName
2025-10-12 14:42:10,762 - api_entries_etl - DEBUG -   param_type: 要素
2025-10-12 14:42:10,762 - api_entries_etl - DEBUG -   position: 0
2025-10-12 14:42:10,762 - api_entries_etl - DEBUG -   description: 押し出しフィーチャーを作成する対象のソリッドを指定
2025-10-12 14:42:10,762 - api_entries_etl - DEBUG -   raw_json: {"name":"TargetSolidName","type":"要素","description":"押し出しフィーチャーを作成する対象のソリッドを指定","position":0}
2025-10-12 14:42:10,762 - api_entries_etl - DEBUG - [Relation #499] Created HAS_PARAMETER: api_entry::CreateLinearSweep -> param::CreateLinearSweep::TargetSolidName
2025-10-12 14:42:10,762 - api_entries_etl - DEBUG - [Node #412] Created Parameter: param::CreateLinearSweep::OperationType
2025-10-12 14:42:10,762 - api_entries_etl - DEBUG -   name: OperationType
2025-10-12 14:42:10,762 - api_entries_etl - DEBUG -   param_type: オペレーションタイプ
2025-10-12 14:42:10,762 - api_entries_etl - DEBUG -   position: 1
2025-10-12 14:42:10,762 - api_entries_etl - DEBUG -   description: ソリッドオペレーションのタイプを指定する
2025-10-12 14:42:10,762 - api_entries_etl - DEBUG -   raw_json: {"name":"OperationType","type":"オペレーションタイプ","description":"ソリッドオペレーションのタイプを指定する","position":1}
2025-10-12 14:42:10,762 - api_entries_etl - DEBUG - [Relation #500] Created HAS_PARAMETER: api_entry::CreateLinearSweep -> param::CreateLinearSweep::OperationType
2025-10-12 14:42:10,762 - api_entries_etl - DEBUG - [Node #413] Created Parameter: param::CreateLinearSweep::pParam
2025-10-12 14:42:10,762 - api_entries_etl - DEBUG -   name: pParam
2025-10-12 14:42:10,762 - api_entries_etl - DEBUG -   param_type: 押し出しパラメータオブジェクト
2025-10-12 14:42:10,762 - api_entries_etl - DEBUG -   position: 2
2025-10-12 14:42:10,762 - api_entries_etl - DEBUG -   description: 押し出しのパラメータを指定するオブジェクト
2025-10-12 14:42:10,762 - api_entries_etl - DEBUG -   raw_json: {"name":"pParam","type":"押し出しパラメータオブジェクト","description":"押し出しのパラメータを指定するオブジェクト","position":2}
2025-10-12 14:42:10,762 - api_entries_etl - DEBUG - [Relation #501] Created HAS_PARAMETER: api_entry::CreateLinearSweep -> param::CreateLinearSweep::pParam
2025-10-12 14:42:10,762 - api_entries_etl - DEBUG - [Node #414] Created Parameter: param::CreateLinearSweep::bUpdate
2025-10-12 14:42:10,762 - api_entries_etl - DEBUG -   name: bUpdate
2025-10-12 14:42:10,762 - api_entries_etl - DEBUG -   param_type: bool
2025-10-12 14:42:10,762 - api_entries_etl - DEBUG -   position: 3
2025-10-12 14:42:10,762 - api_entries_etl - DEBUG -   description: 更新フラグ（未実装、使用しない）
2025-10-12 14:42:10,762 - api_entries_etl - DEBUG -   raw_json: {"name":"bUpdate","type":"bool","description":"更新フラグ（未実装、使用しない）","position":3}
2025-10-12 14:42:10,762 - api_entries_etl - DEBUG - [Relation #502] Created HAS_PARAMETER: api_entry::CreateLinearSweep -> param::CreateLinearSweep::bUpdate
2025-10-12 14:42:10,762 - api_entries_etl - DEBUG - [Node #415] Created ReturnValue: return::CreateLinearSweep
2025-10-12 14:42:10,762 - api_entries_etl - DEBUG -   return_type: 文字列
2025-10-12 14:42:10,762 - api_entries_etl - DEBUG -   description: 作成された押し出しフィーチャーのID
2025-10-12 14:42:10,762 - api_entries_etl - DEBUG -   raw_json: {"type":"文字列","description":"作成された押し出しフィーチャーのID"}
2025-10-12 14:42:10,762 - api_entries_etl - DEBUG - [Relation #503] Created HAS_RETURN: api_entry::CreateLinearSweep -> return::CreateLinearSweep
2025-10-12 14:42:10,762 - api_entries_etl - DEBUG - [Node #416] Created PseudoCode: pseudo_code::CreateLinearSweep
2025-10-12 14:42:10,762 - api_entries_etl - DEBUG -   code: CreateLinearSweep(TargetSolidName, OperationType, pParam, bUpdate)
2025-10-12 14:42:10,762 - api_entries_etl - DEBUG -   callee: CreateLinearSweep
2025-10-12 14:42:10,762 - api_entries_etl - DEBUG -   argument_count: 4
2025-10-12 14:42:10,762 - api_entries_etl - DEBUG -   arguments_json: ["TargetSolidName","OperationType","pParam","bUpdate"]
2025-10-12 14:42:10,762 - api_entries_etl - DEBUG - [Relation #504] Created HAS_PSEUDO_CODE: api_entry::CreateLinearSweep -> pseudo_code::CreateLinearSweep
2025-10-12 14:42:10,762 - api_entries_etl - DEBUG - [Node #417] Created PseudoCodeArgument: pseudo_code::CreateLinearSweep::arg::0
2025-10-12 14:42:10,762 - api_entries_etl - DEBUG -   text: TargetSolidName
2025-10-12 14:42:10,762 - api_entries_etl - DEBUG -   position: 0
2025-10-12 14:42:10,762 - api_entries_etl - DEBUG -   normalized_text: targetsolidname
2025-10-12 14:42:10,762 - api_entries_etl - DEBUG - [Relation #505] Created HAS_ARGUMENT: pseudo_code::CreateLinearSweep -> pseudo_code::CreateLinearSweep::arg::0
2025-10-12 14:42:10,762 - api_entries_etl - DEBUG - [Relation #506] Created ARGUMENT_MATCHES_PARAMETER: pseudo_code::CreateLinearSweep::arg::0 -> param::CreateLinearSweep::TargetSolidName
2025-10-12 14:42:10,762 - api_entries_etl - DEBUG - [Node #418] Created PseudoCodeArgument: pseudo_code::CreateLinearSweep::arg::1
2025-10-12 14:42:10,762 - api_entries_etl - DEBUG -   text: OperationType
2025-10-12 14:42:10,762 - api_entries_etl - DEBUG -   position: 1
2025-10-12 14:42:10,762 - api_entries_etl - DEBUG -   normalized_text: operationtype
2025-10-12 14:42:10,762 - api_entries_etl - DEBUG - [Relation #507] Created HAS_ARGUMENT: pseudo_code::CreateLinearSweep -> pseudo_code::CreateLinearSweep::arg::1
2025-10-12 14:42:10,762 - api_entries_etl - DEBUG - [Relation #508] Created ARGUMENT_MATCHES_PARAMETER: pseudo_code::CreateLinearSweep::arg::1 -> param::CreateLinearSweep::OperationType
2025-10-12 14:42:10,777 - api_entries_etl - DEBUG - [Node #419] Created PseudoCodeArgument: pseudo_code::CreateLinearSweep::arg::2
2025-10-12 14:42:10,777 - api_entries_etl - DEBUG -   text: pParam
2025-10-12 14:42:10,777 - api_entries_etl - DEBUG -   position: 2
2025-10-12 14:42:10,777 - api_entries_etl - DEBUG -   normalized_text: pparam
2025-10-12 14:42:10,777 - api_entries_etl - DEBUG - [Relation #509] Created HAS_ARGUMENT: pseudo_code::CreateLinearSweep -> pseudo_code::CreateLinearSweep::arg::2
2025-10-12 14:42:10,779 - api_entries_etl - DEBUG - [Relation #510] Created ARGUMENT_MATCHES_PARAMETER: pseudo_code::CreateLinearSweep::arg::2 -> param::CreateLinearSweep::pParam
2025-10-12 14:42:10,779 - api_entries_etl - DEBUG - [Node #420] Created PseudoCodeArgument: pseudo_code::CreateLinearSweep::arg::3
2025-10-12 14:42:10,779 - api_entries_etl - DEBUG -   text: bUpdate
2025-10-12 14:42:10,779 - api_entries_etl - DEBUG -   position: 3
2025-10-12 14:42:10,779 - api_entries_etl - DEBUG -   normalized_text: bupdate
2025-10-12 14:42:10,779 - api_entries_etl - DEBUG - [Relation #511] Created HAS_ARGUMENT: pseudo_code::CreateLinearSweep -> pseudo_code::CreateLinearSweep::arg::3
2025-10-12 14:42:10,779 - api_entries_etl - DEBUG - [Relation #512] Created ARGUMENT_MATCHES_PARAMETER: pseudo_code::CreateLinearSweep::arg::3 -> param::CreateLinearSweep::bUpdate
2025-10-12 14:42:10,779 - api_entries_etl - DEBUG - [Node #421] Created Source: source::CreateLinearSweep::inline
2025-10-12 14:42:10,779 - api_entries_etl - DEBUG -   text: 〇指定したソリッド要素に押し出し形状を付加する
  返り値:作成された押し出しフィーチャーのID
  CreateLinearSweep(
        TargetSolidName,         // 要素：押し出しフィーチ...
2025-10-12 14:42:10,779 - api_entries_etl - DEBUG - [Relation #513] Created CITED_FROM: api_entry::CreateLinearSweep -> source::CreateLinearSweep::inline
2025-10-12 14:42:10,779 - api_entries_etl - DEBUG - Processing API entry #34: CreateLinearSweepSheet
2025-10-12 14:42:10,779 - api_entries_etl - DEBUG - [Node #422] Created APIEntry: api_entry::CreateLinearSweepSheet
2025-10-12 14:42:10,779 - api_entries_etl - DEBUG -   name: CreateLinearSweepSheet
2025-10-12 14:42:10,779 - api_entries_etl - DEBUG -   category: Partオブジェクト
2025-10-12 14:42:10,779 - api_entries_etl - DEBUG -   entry_type: function
2025-10-12 14:42:10,779 - api_entries_etl - DEBUG -   description: プロファイル要素を押し出してシート要素を作成する
2025-10-12 14:42:10,779 - api_entries_etl - DEBUG -   pseudo_code: CreateLinearSweepSheet(ParamObj, bUpdate)
2025-10-12 14:42:10,779 - api_entries_etl - DEBUG -   text: プロファイル要素を押し出してシート要素を作成する

〇プロファイル要素を押し出してシート要素を作成
  返り値:作成されたシート要素の要素ID
  CreateLinearSweepSheet(
        ParamObj, /...
2025-10-12 14:42:10,779 - api_entries_etl - DEBUG -   raw_json: {"category":"Partオブジェクト","entry_type":"function","name":"CreateLinearSweepSheet","description":"プロファイル要素を押し出してシート要素を作...
2025-10-12 14:42:10,779 - api_entries_etl - DEBUG -   position: 33
2025-10-12 14:42:10,779 - api_entries_etl - DEBUG - [Relation #514] Created HAS_ENTRY: api_entries::collection -> api_entry::CreateLinearSweepSheet
2025-10-12 14:42:10,779 - api_entries_etl - DEBUG - [Node #423] Created Category: category::Partオブジェクト
2025-10-12 14:42:10,779 - api_entries_etl - DEBUG -   name: Partオブジェクト
2025-10-12 14:42:10,779 - api_entries_etl - DEBUG - [Relation #515] Created IN_CATEGORY: api_entry::CreateLinearSweepSheet -> category::Partオブジェクト
2025-10-12 14:42:10,779 - api_entries_etl - DEBUG - [Node #424] Created EntryType: entry_type::function
2025-10-12 14:42:10,779 - api_entries_etl - DEBUG -   name: function
2025-10-12 14:42:10,779 - api_entries_etl - DEBUG - [Relation #516] Created HAS_ENTRY_TYPE: api_entry::CreateLinearSweepSheet -> entry_type::function
2025-10-12 14:42:10,779 - api_entries_etl - DEBUG - [Node #425] Created Parameter: param::CreateLinearSweepSheet::ParamObj
2025-10-12 14:42:10,779 - api_entries_etl - DEBUG -   name: ParamObj
2025-10-12 14:42:10,779 - api_entries_etl - DEBUG -   param_type: 押し出しパラメータオブジェクト
2025-10-12 14:42:10,779 - api_entries_etl - DEBUG -   position: 0
2025-10-12 14:42:10,779 - api_entries_etl - DEBUG -   description: 押し出しパラメータオブジェクト（プロファイル要素と押し出し設定を含む）
2025-10-12 14:42:10,779 - api_entries_etl - DEBUG -   raw_json: {"name":"ParamObj","type":"押し出しパラメータオブジェクト","description":"押し出しパラメータオブジェクト（プロファイル要素と押し出し設定を含む）","position":0}
2025-10-12 14:42:10,779 - api_entries_etl - DEBUG - [Relation #517] Created HAS_PARAMETER: api_entry::CreateLinearSweepSheet -> param::CreateLinearSweepSheet::ParamObj
2025-10-12 14:42:10,779 - api_entries_etl - DEBUG - [Node #426] Created Parameter: param::CreateLinearSweepSheet::bUpdate
2025-10-12 14:42:10,779 - api_entries_etl - DEBUG -   name: bUpdate
2025-10-12 14:42:10,779 - api_entries_etl - DEBUG -   param_type: bool
2025-10-12 14:42:10,779 - api_entries_etl - DEBUG -   position: 1
2025-10-12 14:42:10,779 - api_entries_etl - DEBUG -   description: 更新フラグ（未実装、使用しない）
2025-10-12 14:42:10,779 - api_entries_etl - DEBUG -   raw_json: {"name":"bUpdate","type":"bool","description":"更新フラグ（未実装、使用しない）","position":1}
2025-10-12 14:42:10,779 - api_entries_etl - DEBUG - [Relation #518] Created HAS_PARAMETER: api_entry::CreateLinearSweepSheet -> param::CreateLinearSweepSheet::bUpdate
2025-10-12 14:42:10,779 - api_entries_etl - DEBUG - [Node #427] Created ReturnValue: return::CreateLinearSweepSheet
2025-10-12 14:42:10,779 - api_entries_etl - DEBUG -   return_type: ID
2025-10-12 14:42:10,779 - api_entries_etl - DEBUG -   description: 作成されたシート要素の要素ID
2025-10-12 14:42:10,779 - api_entries_etl - DEBUG -   raw_json: {"type":"ID","description":"作成されたシート要素の要素ID"}
2025-10-12 14:42:10,779 - api_entries_etl - DEBUG - [Relation #519] Created HAS_RETURN: api_entry::CreateLinearSweepSheet -> return::CreateLinearSweepSheet
2025-10-12 14:42:10,779 - api_entries_etl - DEBUG - [Node #428] Created PseudoCode: pseudo_code::CreateLinearSweepSheet
2025-10-12 14:42:10,779 - api_entries_etl - DEBUG -   code: CreateLinearSweepSheet(ParamObj, bUpdate)
2025-10-12 14:42:10,779 - api_entries_etl - DEBUG -   callee: CreateLinearSweepSheet
2025-10-12 14:42:10,779 - api_entries_etl - DEBUG -   argument_count: 2
2025-10-12 14:42:10,779 - api_entries_etl - DEBUG -   arguments_json: ["ParamObj","bUpdate"]
2025-10-12 14:42:10,779 - api_entries_etl - DEBUG - [Relation #520] Created HAS_PSEUDO_CODE: api_entry::CreateLinearSweepSheet -> pseudo_code::CreateLinearSweepSheet
2025-10-12 14:42:10,779 - api_entries_etl - DEBUG - [Node #429] Created PseudoCodeArgument: pseudo_code::CreateLinearSweepSheet::arg::0
2025-10-12 14:42:10,779 - api_entries_etl - DEBUG -   text: ParamObj
2025-10-12 14:42:10,779 - api_entries_etl - DEBUG -   position: 0
2025-10-12 14:42:10,779 - api_entries_etl - DEBUG -   normalized_text: paramobj
2025-10-12 14:42:10,779 - api_entries_etl - DEBUG - [Relation #521] Created HAS_ARGUMENT: pseudo_code::CreateLinearSweepSheet -> pseudo_code::CreateLinearSweepSheet::arg::0
2025-10-12 14:42:10,779 - api_entries_etl - DEBUG - [Relation #522] Created ARGUMENT_MATCHES_PARAMETER: pseudo_code::CreateLinearSweepSheet::arg::0 -> param::CreateLinearSweepSheet::ParamObj
2025-10-12 14:42:10,779 - api_entries_etl - DEBUG - [Node #430] Created PseudoCodeArgument: pseudo_code::CreateLinearSweepSheet::arg::1
2025-10-12 14:42:10,779 - api_entries_etl - DEBUG -   text: bUpdate
2025-10-12 14:42:10,779 - api_entries_etl - DEBUG -   position: 1
2025-10-12 14:42:10,779 - api_entries_etl - DEBUG -   normalized_text: bupdate
2025-10-12 14:42:10,779 - api_entries_etl - DEBUG - [Relation #523] Created HAS_ARGUMENT: pseudo_code::CreateLinearSweepSheet -> pseudo_code::CreateLinearSweepSheet::arg::1
2025-10-12 14:42:10,779 - api_entries_etl - DEBUG - [Relation #524] Created ARGUMENT_MATCHES_PARAMETER: pseudo_code::CreateLinearSweepSheet::arg::1 -> param::CreateLinearSweepSheet::bUpdate
2025-10-12 14:42:10,779 - api_entries_etl - DEBUG - [Node #431] Created Source: source::CreateLinearSweepSheet::inline
2025-10-12 14:42:10,779 - api_entries_etl - DEBUG -   text: 〇プロファイル要素を押し出してシート要素を作成
  返り値:作成されたシート要素の要素ID
  CreateLinearSweepSheet(
        ParamObj, // 押し出しパラメータオブジェクト
        ...
2025-10-12 14:42:10,779 - api_entries_etl - DEBUG - [Relation #525] Created CITED_FROM: api_entry::CreateLinearSweepSheet -> source::CreateLinearSweepSheet::inline
2025-10-12 14:42:10,779 - api_entries_etl - DEBUG - Processing API entry #35: SheetAlignNormal
2025-10-12 14:42:10,779 - api_entries_etl - DEBUG - [Node #432] Created APIEntry: api_entry::SheetAlignNormal
2025-10-12 14:42:10,779 - api_entries_etl - DEBUG -   name: SheetAlignNormal
2025-10-12 14:42:10,779 - api_entries_etl - DEBUG -   category: Partオブジェクト
2025-10-12 14:42:10,779 - api_entries_etl - DEBUG -   entry_type: function
2025-10-12 14:42:10,779 - api_entries_etl - DEBUG -   description: シート要素の向き（表側、法線方向）を指定した方向に揃える
2025-10-12 14:42:10,779 - api_entries_etl - DEBUG -   pseudo_code: SheetAlignNormal(SheetElement, dirX, dirY, dirZ)
2025-10-12 14:42:10,779 - api_entries_etl - DEBUG -   text: シート要素の向き（表側、法線方向）を指定した方向に揃える

〇シート要素の向き（表側、法線方向）を指定した方向に揃える
  返り値:なし
  SheetAlignNormal(
        SheetElement,// 要素：方...
2025-10-12 14:42:10,792 - api_entries_etl - DEBUG -   raw_json: {"category":"Partオブジェクト","entry_type":"function","name":"SheetAlignNormal","description":"シート要素の向き（表側、法線方向）を指定した方向に揃え...
2025-10-12 14:42:10,792 - api_entries_etl - DEBUG -   position: 34
2025-10-12 14:42:10,792 - api_entries_etl - DEBUG - [Relation #526] Created HAS_ENTRY: api_entries::collection -> api_entry::SheetAlignNormal
2025-10-12 14:42:10,792 - api_entries_etl - DEBUG - [Node #433] Created Category: category::Partオブジェクト
2025-10-12 14:42:10,792 - api_entries_etl - DEBUG -   name: Partオブジェクト
2025-10-12 14:42:10,793 - api_entries_etl - DEBUG - [Relation #527] Created IN_CATEGORY: api_entry::SheetAlignNormal -> category::Partオブジェクト
2025-10-12 14:42:10,793 - api_entries_etl - DEBUG - [Node #434] Created EntryType: entry_type::function
2025-10-12 14:42:10,793 - api_entries_etl - DEBUG -   name: function
2025-10-12 14:42:10,794 - api_entries_etl - DEBUG - [Relation #528] Created HAS_ENTRY_TYPE: api_entry::SheetAlignNormal -> entry_type::function
2025-10-12 14:42:10,794 - api_entries_etl - DEBUG - [Node #435] Created Parameter: param::SheetAlignNormal::SheetElement
2025-10-12 14:42:10,795 - api_entries_etl - DEBUG -   name: SheetElement
2025-10-12 14:42:10,795 - api_entries_etl - DEBUG -   param_type: 要素
2025-10-12 14:42:10,796 - api_entries_etl - DEBUG -   position: 0
2025-10-12 14:42:10,796 - api_entries_etl - DEBUG -   description: 方向を揃えるシート要素
2025-10-12 14:42:10,796 - api_entries_etl - DEBUG -   raw_json: {"name":"SheetElement","type":"要素","description":"方向を揃えるシート要素","position":0}
2025-10-12 14:42:10,796 - api_entries_etl - DEBUG - [Relation #529] Created HAS_PARAMETER: api_entry::SheetAlignNormal -> param::SheetAlignNormal::SheetElement
2025-10-12 14:42:10,796 - api_entries_etl - DEBUG - [Node #436] Created Parameter: param::SheetAlignNormal::dirX
2025-10-12 14:42:10,796 - api_entries_etl - DEBUG -   name: dirX
2025-10-12 14:42:10,796 - api_entries_etl - DEBUG -   param_type: 浮動小数点
2025-10-12 14:42:10,796 - api_entries_etl - DEBUG -   position: 1
2025-10-12 14:42:10,796 - api_entries_etl - DEBUG -   description: 方向ベクトルのX成分
2025-10-12 14:42:10,796 - api_entries_etl - DEBUG -   raw_json: {"name":"dirX","type":"浮動小数点","description":"方向ベクトルのX成分","position":1}
2025-10-12 14:42:10,796 - api_entries_etl - DEBUG - [Relation #530] Created HAS_PARAMETER: api_entry::SheetAlignNormal -> param::SheetAlignNormal::dirX
2025-10-12 14:42:10,796 - api_entries_etl - DEBUG - [Node #437] Created Parameter: param::SheetAlignNormal::dirY
2025-10-12 14:42:10,796 - api_entries_etl - DEBUG -   name: dirY
2025-10-12 14:42:10,796 - api_entries_etl - DEBUG -   param_type: 浮動小数点
2025-10-12 14:42:10,796 - api_entries_etl - DEBUG -   position: 2
2025-10-12 14:42:10,796 - api_entries_etl - DEBUG -   description: 方向ベクトルのY成分
2025-10-12 14:42:10,796 - api_entries_etl - DEBUG -   raw_json: {"name":"dirY","type":"浮動小数点","description":"方向ベクトルのY成分","position":2}
2025-10-12 14:42:10,803 - api_entries_etl - DEBUG - [Relation #531] Created HAS_PARAMETER: api_entry::SheetAlignNormal -> param::SheetAlignNormal::dirY
2025-10-12 14:42:10,803 - api_entries_etl - DEBUG - [Node #438] Created Parameter: param::SheetAlignNormal::dirZ
2025-10-12 14:42:10,803 - api_entries_etl - DEBUG -   name: dirZ
2025-10-12 14:42:10,803 - api_entries_etl - DEBUG -   param_type: 浮動小数点
2025-10-12 14:42:10,803 - api_entries_etl - DEBUG -   position: 3
2025-10-12 14:42:10,803 - api_entries_etl - DEBUG -   description: 方向ベクトルのZ成分
2025-10-12 14:42:10,803 - api_entries_etl - DEBUG -   raw_json: {"name":"dirZ","type":"浮動小数点","description":"方向ベクトルのZ成分","position":3}
2025-10-12 14:42:10,803 - api_entries_etl - DEBUG - [Relation #532] Created HAS_PARAMETER: api_entry::SheetAlignNormal -> param::SheetAlignNormal::dirZ
2025-10-12 14:42:10,803 - api_entries_etl - DEBUG - [Node #439] Created ReturnValue: return::SheetAlignNormal
2025-10-12 14:42:10,806 - api_entries_etl - DEBUG -   return_type: void
2025-10-12 14:42:10,806 - api_entries_etl - DEBUG -   description: なし
2025-10-12 14:42:10,806 - api_entries_etl - DEBUG -   raw_json: {"type":"void","description":"なし"}
2025-10-12 14:42:10,806 - api_entries_etl - DEBUG - [Relation #533] Created HAS_RETURN: api_entry::SheetAlignNormal -> return::SheetAlignNormal
2025-10-12 14:42:10,806 - api_entries_etl - DEBUG - [Node #440] Created PseudoCode: pseudo_code::SheetAlignNormal
2025-10-12 14:42:10,806 - api_entries_etl - DEBUG -   code: SheetAlignNormal(SheetElement, dirX, dirY, dirZ)
2025-10-12 14:42:10,806 - api_entries_etl - DEBUG -   callee: SheetAlignNormal
2025-10-12 14:42:10,806 - api_entries_etl - DEBUG -   argument_count: 4
2025-10-12 14:42:10,806 - api_entries_etl - DEBUG -   arguments_json: ["SheetElement","dirX","dirY","dirZ"]
2025-10-12 14:42:10,806 - api_entries_etl - DEBUG - [Relation #534] Created HAS_PSEUDO_CODE: api_entry::SheetAlignNormal -> pseudo_code::SheetAlignNormal
2025-10-12 14:42:10,808 - api_entries_etl - DEBUG - [Node #441] Created PseudoCodeArgument: pseudo_code::SheetAlignNormal::arg::0
2025-10-12 14:42:10,808 - api_entries_etl - DEBUG -   text: SheetElement
2025-10-12 14:42:10,809 - api_entries_etl - DEBUG -   position: 0
2025-10-12 14:42:10,809 - api_entries_etl - DEBUG -   normalized_text: sheetelement
2025-10-12 14:42:10,809 - api_entries_etl - DEBUG - [Relation #535] Created HAS_ARGUMENT: pseudo_code::SheetAlignNormal -> pseudo_code::SheetAlignNormal::arg::0
2025-10-12 14:42:10,809 - api_entries_etl - DEBUG - [Relation #536] Created ARGUMENT_MATCHES_PARAMETER: pseudo_code::SheetAlignNormal::arg::0 -> param::SheetAlignNormal::SheetElement
2025-10-12 14:42:10,809 - api_entries_etl - DEBUG - [Node #442] Created PseudoCodeArgument: pseudo_code::SheetAlignNormal::arg::1
2025-10-12 14:42:10,809 - api_entries_etl - DEBUG -   text: dirX
2025-10-12 14:42:10,809 - api_entries_etl - DEBUG -   position: 1
2025-10-12 14:42:10,809 - api_entries_etl - DEBUG -   normalized_text: dirx
2025-10-12 14:42:10,811 - api_entries_etl - DEBUG - [Relation #537] Created HAS_ARGUMENT: pseudo_code::SheetAlignNormal -> pseudo_code::SheetAlignNormal::arg::1
2025-10-12 14:42:10,811 - api_entries_etl - DEBUG - [Relation #538] Created ARGUMENT_MATCHES_PARAMETER: pseudo_code::SheetAlignNormal::arg::1 -> param::SheetAlignNormal::dirX
2025-10-12 14:42:10,811 - api_entries_etl - DEBUG - [Node #443] Created PseudoCodeArgument: pseudo_code::SheetAlignNormal::arg::2
2025-10-12 14:42:10,811 - api_entries_etl - DEBUG -   text: dirY
2025-10-12 14:42:10,811 - api_entries_etl - DEBUG -   position: 2
2025-10-12 14:42:10,811 - api_entries_etl - DEBUG -   normalized_text: diry
2025-10-12 14:42:10,814 - api_entries_etl - DEBUG - [Relation #539] Created HAS_ARGUMENT: pseudo_code::SheetAlignNormal -> pseudo_code::SheetAlignNormal::arg::2
2025-10-12 14:42:10,814 - api_entries_etl - DEBUG - [Relation #540] Created ARGUMENT_MATCHES_PARAMETER: pseudo_code::SheetAlignNormal::arg::2 -> param::SheetAlignNormal::dirY
2025-10-12 14:42:10,814 - api_entries_etl - DEBUG - [Node #444] Created PseudoCodeArgument: pseudo_code::SheetAlignNormal::arg::3
2025-10-12 14:42:10,814 - api_entries_etl - DEBUG -   text: dirZ
2025-10-12 14:42:10,814 - api_entries_etl - DEBUG -   position: 3
2025-10-12 14:42:10,814 - api_entries_etl - DEBUG -   normalized_text: dirz
2025-10-12 14:42:10,814 - api_entries_etl - DEBUG - [Relation #541] Created HAS_ARGUMENT: pseudo_code::SheetAlignNormal -> pseudo_code::SheetAlignNormal::arg::3
2025-10-12 14:42:10,814 - api_entries_etl - DEBUG - [Relation #542] Created ARGUMENT_MATCHES_PARAMETER: pseudo_code::SheetAlignNormal::arg::3 -> param::SheetAlignNormal::dirZ
2025-10-12 14:42:10,814 - api_entries_etl - DEBUG - [Node #445] Created Source: source::SheetAlignNormal::inline
2025-10-12 14:42:10,814 - api_entries_etl - DEBUG -   text: 〇シート要素の向き（表側、法線方向）を指定した方向に揃える
  返り値:なし
  SheetAlignNormal(
        SheetElement,// 要素：方向を揃えるシート要素
        dirX,   // ...
2025-10-12 14:42:10,814 - api_entries_etl - DEBUG - [Relation #543] Created CITED_FROM: api_entry::SheetAlignNormal -> source::SheetAlignNormal::inline
2025-10-12 14:42:10,814 - api_entries_etl - DEBUG - Processing API entry #36: ReverseSheet
2025-10-12 14:42:10,814 - api_entries_etl - DEBUG - [Node #446] Created APIEntry: api_entry::ReverseSheet
2025-10-12 14:42:10,814 - api_entries_etl - DEBUG -   name: ReverseSheet
2025-10-12 14:42:10,814 - api_entries_etl - DEBUG -   category: Partオブジェクト
2025-10-12 14:42:10,814 - api_entries_etl - DEBUG -   entry_type: function
2025-10-12 14:42:10,818 - api_entries_etl - DEBUG -   description: シート要素の向きを反転する
2025-10-12 14:42:10,818 - api_entries_etl - DEBUG -   pseudo_code: ReverseSheet(SheetElement)
2025-10-12 14:42:10,818 - api_entries_etl - DEBUG -   text: シート要素の向きを反転する

〇シート要素の向きを反転する
  返り値:シート反転フィーチャーの要素ID
  ReverseSheet(
        SheetElement ); // 要素：反転するシート要素
2025-10-12 14:42:10,818 - api_entries_etl - DEBUG -   raw_json: {"category":"Partオブジェクト","entry_type":"function","name":"ReverseSheet","description":"シート要素の向きを反転する","pseudo_code":"R...
2025-10-12 14:42:10,818 - api_entries_etl - DEBUG -   position: 35
2025-10-12 14:42:10,818 - api_entries_etl - DEBUG - [Relation #544] Created HAS_ENTRY: api_entries::collection -> api_entry::ReverseSheet
2025-10-12 14:42:10,818 - api_entries_etl - DEBUG - [Node #447] Created Category: category::Partオブジェクト
2025-10-12 14:42:10,818 - api_entries_etl - DEBUG -   name: Partオブジェクト
2025-10-12 14:42:10,818 - api_entries_etl - DEBUG - [Relation #545] Created IN_CATEGORY: api_entry::ReverseSheet -> category::Partオブジェクト
2025-10-12 14:42:10,818 - api_entries_etl - DEBUG - [Node #448] Created EntryType: entry_type::function
2025-10-12 14:42:10,818 - api_entries_etl - DEBUG -   name: function
2025-10-12 14:42:10,818 - api_entries_etl - DEBUG - [Relation #546] Created HAS_ENTRY_TYPE: api_entry::ReverseSheet -> entry_type::function
2025-10-12 14:42:10,818 - api_entries_etl - DEBUG - [Node #449] Created Parameter: param::ReverseSheet::SheetElement
2025-10-12 14:42:10,818 - api_entries_etl - DEBUG -   name: SheetElement
2025-10-12 14:42:10,818 - api_entries_etl - DEBUG -   param_type: 不明
2025-10-12 14:42:10,818 - api_entries_etl - DEBUG -   position: 0
2025-10-12 14:42:10,818 - api_entries_etl - DEBUG -   description: 要素：反転するシート要素
2025-10-12 14:42:10,818 - api_entries_etl - DEBUG -   raw_json: {"name":"SheetElement","type":"不明","description":"要素：反転するシート要素","position":0}
2025-10-12 14:42:10,818 - api_entries_etl - DEBUG - [Relation #547] Created HAS_PARAMETER: api_entry::ReverseSheet -> param::ReverseSheet::SheetElement
2025-10-12 14:42:10,818 - api_entries_etl - DEBUG - [Node #450] Created ReturnValue: return::ReverseSheet
2025-10-12 14:42:10,818 - api_entries_etl - DEBUG -   return_type: ID
2025-10-12 14:42:10,818 - api_entries_etl - DEBUG -   description: シート反転フィーチャーの要素ID
2025-10-12 14:42:10,818 - api_entries_etl - DEBUG -   raw_json: {"type":"ID","description":"シート反転フィーチャーの要素ID"}
2025-10-12 14:42:10,818 - api_entries_etl - DEBUG - [Relation #548] Created HAS_RETURN: api_entry::ReverseSheet -> return::ReverseSheet
2025-10-12 14:42:10,818 - api_entries_etl - DEBUG - [Node #451] Created PseudoCode: pseudo_code::ReverseSheet
2025-10-12 14:42:10,818 - api_entries_etl - DEBUG -   code: ReverseSheet(SheetElement)
2025-10-12 14:42:10,818 - api_entries_etl - DEBUG -   callee: ReverseSheet
2025-10-12 14:42:10,818 - api_entries_etl - DEBUG -   argument_count: 1
2025-10-12 14:42:10,818 - api_entries_etl - DEBUG -   arguments_json: ["SheetElement"]
2025-10-12 14:42:10,818 - api_entries_etl - DEBUG - [Relation #549] Created HAS_PSEUDO_CODE: api_entry::ReverseSheet -> pseudo_code::ReverseSheet
2025-10-12 14:42:10,818 - api_entries_etl - DEBUG - [Node #452] Created PseudoCodeArgument: pseudo_code::ReverseSheet::arg::0
2025-10-12 14:42:10,818 - api_entries_etl - DEBUG -   text: SheetElement
2025-10-12 14:42:10,818 - api_entries_etl - DEBUG -   position: 0
2025-10-12 14:42:10,824 - api_entries_etl - DEBUG -   normalized_text: sheetelement
2025-10-12 14:42:10,824 - api_entries_etl - DEBUG - [Relation #550] Created HAS_ARGUMENT: pseudo_code::ReverseSheet -> pseudo_code::ReverseSheet::arg::0
2025-10-12 14:42:10,824 - api_entries_etl - DEBUG - [Relation #551] Created ARGUMENT_MATCHES_PARAMETER: pseudo_code::ReverseSheet::arg::0 -> param::ReverseSheet::SheetElement
2025-10-12 14:42:10,824 - api_entries_etl - DEBUG - [Node #453] Created Source: source::ReverseSheet::inline
2025-10-12 14:42:10,824 - api_entries_etl - DEBUG -   text: 〇シート要素の向きを反転する
  返り値:シート反転フィーチャーの要素ID
  ReverseSheet(
        SheetElement ); // 要素：反転するシート要素
2025-10-12 14:42:10,824 - api_entries_etl - DEBUG - [Relation #552] Created CITED_FROM: api_entry::ReverseSheet -> source::ReverseSheet::inline
2025-10-12 14:42:10,824 - api_entries_etl - DEBUG - Processing API entry #37: BlankElement
2025-10-12 14:42:10,824 - api_entries_etl - DEBUG - [Node #454] Created APIEntry: api_entry::BlankElement
2025-10-12 14:42:10,824 - api_entries_etl - DEBUG -   name: BlankElement
2025-10-12 14:42:10,824 - api_entries_etl - DEBUG -   category: Partオブジェクト
2025-10-12 14:42:10,824 - api_entries_etl - DEBUG -   entry_type: function
2025-10-12 14:42:10,824 - api_entries_etl - DEBUG -   description: 指定要素の表示/非表示を設定する
2025-10-12 14:42:10,824 - api_entries_etl - DEBUG -   pseudo_code: BlankElement(Element, bBlank)
2025-10-12 14:42:10,824 - api_entries_etl - DEBUG -   text: 指定要素の表示/非表示を設定する

〇指定要素を表示状態を設定する
  返り値:なし
  BlankElement(
        Element,  // 要素：表示状態を指定する要素
        bBlank ); // b...
2025-10-12 14:42:10,824 - api_entries_etl - DEBUG -   raw_json: {"category":"Partオブジェクト","entry_type":"function","name":"BlankElement","description":"指定要素の表示/非表示を設定する","pseudo_code"...
2025-10-12 14:42:10,824 - api_entries_etl - DEBUG -   position: 36
2025-10-12 14:42:10,824 - api_entries_etl - DEBUG - [Relation #553] Created HAS_ENTRY: api_entries::collection -> api_entry::BlankElement
2025-10-12 14:42:10,824 - api_entries_etl - DEBUG - [Node #455] Created Category: category::Partオブジェクト
2025-10-12 14:42:10,824 - api_entries_etl - DEBUG -   name: Partオブジェクト
2025-10-12 14:42:10,824 - api_entries_etl - DEBUG - [Relation #554] Created IN_CATEGORY: api_entry::BlankElement -> category::Partオブジェクト
2025-10-12 14:42:10,824 - api_entries_etl - DEBUG - [Node #456] Created EntryType: entry_type::function
2025-10-12 14:42:10,824 - api_entries_etl - DEBUG -   name: function
2025-10-12 14:42:10,824 - api_entries_etl - DEBUG - [Relation #555] Created HAS_ENTRY_TYPE: api_entry::BlankElement -> entry_type::function
2025-10-12 14:42:10,829 - api_entries_etl - DEBUG - [Node #457] Created Parameter: param::BlankElement::Element
2025-10-12 14:42:10,829 - api_entries_etl - DEBUG -   name: Element
2025-10-12 14:42:10,829 - api_entries_etl - DEBUG -   param_type: 要素
2025-10-12 14:42:10,831 - api_entries_etl - DEBUG -   position: 0
2025-10-12 14:42:10,831 - api_entries_etl - DEBUG -   description: 表示状態を指定する要素。
2025-10-12 14:42:10,832 - api_entries_etl - DEBUG -   raw_json: {"name":"Element","type":"要素","description":"表示状態を指定する要素。","position":0}
2025-10-12 14:42:10,832 - api_entries_etl - DEBUG - [Relation #556] Created HAS_PARAMETER: api_entry::BlankElement -> param::BlankElement::Element
2025-10-12 14:42:10,832 - api_entries_etl - DEBUG - [Node #458] Created Parameter: param::BlankElement::bBlank
2025-10-12 14:42:10,832 - api_entries_etl - DEBUG -   name: bBlank
2025-10-12 14:42:10,832 - api_entries_etl - DEBUG -   param_type: bool
2025-10-12 14:42:10,834 - api_entries_etl - DEBUG -   position: 1
2025-10-12 14:42:10,834 - api_entries_etl - DEBUG -   description: Trueの時は非表示にする。Falseの時は表示する。
2025-10-12 14:42:10,834 - api_entries_etl - DEBUG -   raw_json: {"name":"bBlank","type":"bool","description":"Trueの時は非表示にする。Falseの時は表示する。","position":1}
2025-10-12 14:42:10,834 - api_entries_etl - DEBUG - [Relation #557] Created HAS_PARAMETER: api_entry::BlankElement -> param::BlankElement::bBlank
2025-10-12 14:42:10,834 - api_entries_etl - DEBUG - [Node #459] Created ReturnValue: return::BlankElement
2025-10-12 14:42:10,834 - api_entries_etl - DEBUG -   return_type: void
2025-10-12 14:42:10,834 - api_entries_etl - DEBUG -   description: なし
2025-10-12 14:42:10,834 - api_entries_etl - DEBUG -   raw_json: {"type":"void","description":"なし"}
2025-10-12 14:42:10,834 - api_entries_etl - DEBUG - [Relation #558] Created HAS_RETURN: api_entry::BlankElement -> return::BlankElement
2025-10-12 14:42:10,834 - api_entries_etl - DEBUG - [Node #460] Created PseudoCode: pseudo_code::BlankElement
2025-10-12 14:42:10,834 - api_entries_etl - DEBUG -   code: BlankElement(Element, bBlank)
2025-10-12 14:42:10,834 - api_entries_etl - DEBUG -   callee: BlankElement
2025-10-12 14:42:10,834 - api_entries_etl - DEBUG -   argument_count: 2
2025-10-12 14:42:10,834 - api_entries_etl - DEBUG -   arguments_json: ["Element","bBlank"]
2025-10-12 14:42:10,834 - api_entries_etl - DEBUG - [Relation #559] Created HAS_PSEUDO_CODE: api_entry::BlankElement -> pseudo_code::BlankElement
2025-10-12 14:42:10,834 - api_entries_etl - DEBUG - [Node #461] Created PseudoCodeArgument: pseudo_code::BlankElement::arg::0
2025-10-12 14:42:10,834 - api_entries_etl - DEBUG -   text: Element
2025-10-12 14:42:10,834 - api_entries_etl - DEBUG -   position: 0
2025-10-12 14:42:10,834 - api_entries_etl - DEBUG -   normalized_text: element
2025-10-12 14:42:10,834 - api_entries_etl - DEBUG - [Relation #560] Created HAS_ARGUMENT: pseudo_code::BlankElement -> pseudo_code::BlankElement::arg::0
2025-10-12 14:42:10,834 - api_entries_etl - DEBUG - [Relation #561] Created ARGUMENT_MATCHES_PARAMETER: pseudo_code::BlankElement::arg::0 -> param::BlankElement::Element
2025-10-12 14:42:10,834 - api_entries_etl - DEBUG - [Node #462] Created PseudoCodeArgument: pseudo_code::BlankElement::arg::1
2025-10-12 14:42:10,834 - api_entries_etl - DEBUG -   text: bBlank
2025-10-12 14:42:10,834 - api_entries_etl - DEBUG -   position: 1
2025-10-12 14:42:10,834 - api_entries_etl - DEBUG -   normalized_text: bblank
2025-10-12 14:42:10,834 - api_entries_etl - DEBUG - [Relation #562] Created HAS_ARGUMENT: pseudo_code::BlankElement -> pseudo_code::BlankElement::arg::1
2025-10-12 14:42:10,834 - api_entries_etl - DEBUG - [Relation #563] Created ARGUMENT_MATCHES_PARAMETER: pseudo_code::BlankElement::arg::1 -> param::BlankElement::bBlank
2025-10-12 14:42:10,834 - api_entries_etl - DEBUG - [Node #463] Created Source: source::BlankElement::inline
2025-10-12 14:42:10,834 - api_entries_etl - DEBUG -   text: 〇指定要素を表示状態を設定する
  返り値:なし
  BlankElement(
        Element,  // 要素：表示状態を指定する要素
        bBlank ); // bool： Trueの時は非表示にする...
2025-10-12 14:42:10,834 - api_entries_etl - DEBUG - [Relation #564] Created CITED_FROM: api_entry::BlankElement -> source::BlankElement::inline
2025-10-12 14:42:10,834 - api_entries_etl - DEBUG - Processing API entry #38: TranslationCopy
2025-10-12 14:42:10,834 - api_entries_etl - DEBUG - [Node #464] Created APIEntry: api_entry::TranslationCopy
2025-10-12 14:42:10,834 - api_entries_etl - DEBUG -   name: TranslationCopy
2025-10-12 14:42:10,834 - api_entries_etl - DEBUG -   category: Partオブジェクト
2025-10-12 14:42:10,834 - api_entries_etl - DEBUG -   entry_type: function
2025-10-12 14:42:10,834 - api_entries_etl - DEBUG -   description: 指定要素を移動コピーする
2025-10-12 14:42:10,834 - api_entries_etl - DEBUG -   pseudo_code: TranslationCopy(SrcElements, nCopy, direction, distance, ReferMethod)
2025-10-12 14:42:10,834 - api_entries_etl - DEBUG -   text: 指定要素を移動コピーする

〇指定要素を移動コピーする
  返り値:コピーされた要素ID配列
  TranslationCopy(
        SrcElements,// 要素(配列)：コピーする要素
        nCopy...
2025-10-12 14:42:10,834 - api_entries_etl - DEBUG -   raw_json: {"category":"Partオブジェクト","entry_type":"function","name":"TranslationCopy","description":"指定要素を移動コピーする","pseudo_code":...
2025-10-12 14:42:10,834 - api_entries_etl - DEBUG -   position: 37
2025-10-12 14:42:10,834 - api_entries_etl - DEBUG - [Relation #565] Created HAS_ENTRY: api_entries::collection -> api_entry::TranslationCopy
2025-10-12 14:42:10,840 - api_entries_etl - DEBUG - [Node #465] Created Category: category::Partオブジェクト
2025-10-12 14:42:10,840 - api_entries_etl - DEBUG -   name: Partオブジェクト
2025-10-12 14:42:10,840 - api_entries_etl - DEBUG - [Relation #566] Created IN_CATEGORY: api_entry::TranslationCopy -> category::Partオブジェクト
2025-10-12 14:42:10,840 - api_entries_etl - DEBUG - [Node #466] Created EntryType: entry_type::function
2025-10-12 14:42:10,840 - api_entries_etl - DEBUG -   name: function
2025-10-12 14:42:10,840 - api_entries_etl - DEBUG - [Relation #567] Created HAS_ENTRY_TYPE: api_entry::TranslationCopy -> entry_type::function
2025-10-12 14:42:10,840 - api_entries_etl - DEBUG - [Node #467] Created Parameter: param::TranslationCopy::SrcElements
2025-10-12 14:42:10,840 - api_entries_etl - DEBUG -   name: SrcElements
2025-10-12 14:42:10,840 - api_entries_etl - DEBUG -   param_type: 要素(配列)
2025-10-12 14:42:10,840 - api_entries_etl - DEBUG -   position: 0
2025-10-12 14:42:10,840 - api_entries_etl - DEBUG -   description: コピーする要素
2025-10-12 14:42:10,840 - api_entries_etl - DEBUG -   raw_json: {"name":"SrcElements","type":"要素(配列)","description":"コピーする要素","position":0}
2025-10-12 14:42:10,840 - api_entries_etl - DEBUG - [Relation #568] Created HAS_PARAMETER: api_entry::TranslationCopy -> param::TranslationCopy::SrcElements
2025-10-12 14:42:10,840 - api_entries_etl - DEBUG - [Node #468] Created Parameter: param::TranslationCopy::nCopy
2025-10-12 14:42:10,840 - api_entries_etl - DEBUG -   name: nCopy
2025-10-12 14:42:10,840 - api_entries_etl - DEBUG -   param_type: 整数
2025-10-12 14:42:10,840 - api_entries_etl - DEBUG -   position: 1
2025-10-12 14:42:10,840 - api_entries_etl - DEBUG -   description: コピーする数
2025-10-12 14:42:10,840 - api_entries_etl - DEBUG -   raw_json: {"name":"nCopy","type":"整数","description":"コピーする数","position":1}
2025-10-12 14:42:10,840 - api_entries_etl - DEBUG - [Relation #569] Created HAS_PARAMETER: api_entry::TranslationCopy -> param::TranslationCopy::nCopy
2025-10-12 14:42:10,840 - api_entries_etl - DEBUG - [Node #469] Created Parameter: param::TranslationCopy::direction
2025-10-12 14:42:10,840 - api_entries_etl - DEBUG -   name: direction
2025-10-12 14:42:10,840 - api_entries_etl - DEBUG -   param_type: 方向
2025-10-12 14:42:10,840 - api_entries_etl - DEBUG -   position: 2
2025-10-12 14:42:10,844 - api_entries_etl - DEBUG -   description: コピーする方向（'+X','-X','+Y','-Y','+Z','-Z' のような軸指定、またはコンマ区切りで X,Y,Z を数値で指定可能）
2025-10-12 14:42:10,844 - api_entries_etl - DEBUG -   raw_json: {"name":"direction","type":"方向","description":"コピーする方向（'+X','-X','+Y','-Y','+Z','-Z' のような軸指定、またはコンマ区切りで X,Y,Z を数値で指定可...
2025-10-12 14:42:10,844 - api_entries_etl - DEBUG - [Relation #570] Created HAS_PARAMETER: api_entry::TranslationCopy -> param::TranslationCopy::direction
2025-10-12 14:42:10,844 - api_entries_etl - DEBUG - [Node #470] Created Parameter: param::TranslationCopy::distance
2025-10-12 14:42:10,844 - api_entries_etl - DEBUG -   name: distance
2025-10-12 14:42:10,846 - api_entries_etl - DEBUG -   param_type: 長さ
2025-10-12 14:42:10,846 - api_entries_etl - DEBUG -   position: 3
2025-10-12 14:42:10,846 - api_entries_etl - DEBUG -   description: 移動距離（mm単位の数値、変数名、または式文字列を指定可）
2025-10-12 14:42:10,846 - api_entries_etl - DEBUG -   raw_json: {"name":"distance","type":"長さ","description":"移動距離（mm単位の数値、変数名、または式文字列を指定可）","position":3}
2025-10-12 14:42:10,846 - api_entries_etl - DEBUG - [Relation #571] Created HAS_PARAMETER: api_entry::TranslationCopy -> param::TranslationCopy::distance
2025-10-12 14:42:10,846 - api_entries_etl - DEBUG - [Node #471] Created Parameter: param::TranslationCopy::ReferMethod
2025-10-12 14:42:10,846 - api_entries_etl - DEBUG -   name: ReferMethod
2025-10-12 14:42:10,846 - api_entries_etl - DEBUG -   param_type: 不明
2025-10-12 14:42:10,846 - api_entries_etl - DEBUG -   position: 4
2025-10-12 14:42:10,846 - api_entries_etl - DEBUG -   description: 要素の関連づけ方法の指定
2025-10-12 14:42:10,846 - api_entries_etl - DEBUG -   raw_json: {"name":"ReferMethod","type":"不明","description":"要素の関連づけ方法の指定","position":4}
2025-10-12 14:42:10,846 - api_entries_etl - DEBUG - [Relation #572] Created HAS_PARAMETER: api_entry::TranslationCopy -> param::TranslationCopy::ReferMethod
2025-10-12 14:42:10,846 - api_entries_etl - DEBUG - [Node #472] Created ReturnValue: return::TranslationCopy
2025-10-12 14:42:10,846 - api_entries_etl - DEBUG -   return_type: ID
2025-10-12 14:42:10,846 - api_entries_etl - DEBUG -   description: コピーされた要素ID配列（各IDは 'ID@...' の形式）
2025-10-12 14:42:10,846 - api_entries_etl - DEBUG -   raw_json: {"type":"ID","description":"コピーされた要素ID配列（各IDは 'ID@...' の形式）"}
2025-10-12 14:42:10,846 - api_entries_etl - DEBUG - [Relation #573] Created HAS_RETURN: api_entry::TranslationCopy -> return::TranslationCopy
2025-10-12 14:42:10,846 - api_entries_etl - DEBUG - [Node #473] Created PseudoCode: pseudo_code::TranslationCopy
2025-10-12 14:42:10,846 - api_entries_etl - DEBUG -   code: TranslationCopy(SrcElements, nCopy, direction, distance, ReferMethod)
2025-10-12 14:42:10,846 - api_entries_etl - DEBUG -   callee: TranslationCopy
2025-10-12 14:42:10,846 - api_entries_etl - DEBUG -   argument_count: 5
2025-10-12 14:42:10,846 - api_entries_etl - DEBUG -   arguments_json: ["SrcElements","nCopy","direction","distance","ReferMethod"]
2025-10-12 14:42:10,846 - api_entries_etl - DEBUG - [Relation #574] Created HAS_PSEUDO_CODE: api_entry::TranslationCopy -> pseudo_code::TranslationCopy
2025-10-12 14:42:10,846 - api_entries_etl - DEBUG - [Node #474] Created PseudoCodeArgument: pseudo_code::TranslationCopy::arg::0
2025-10-12 14:42:10,846 - api_entries_etl - DEBUG -   text: SrcElements
2025-10-12 14:42:10,846 - api_entries_etl - DEBUG -   position: 0
2025-10-12 14:42:10,846 - api_entries_etl - DEBUG -   normalized_text: srcelements
2025-10-12 14:42:10,846 - api_entries_etl - DEBUG - [Relation #575] Created HAS_ARGUMENT: pseudo_code::TranslationCopy -> pseudo_code::TranslationCopy::arg::0
2025-10-12 14:42:10,846 - api_entries_etl - DEBUG - [Relation #576] Created ARGUMENT_MATCHES_PARAMETER: pseudo_code::TranslationCopy::arg::0 -> param::TranslationCopy::SrcElements
2025-10-12 14:42:10,846 - api_entries_etl - DEBUG - [Node #475] Created PseudoCodeArgument: pseudo_code::TranslationCopy::arg::1
2025-10-12 14:42:10,846 - api_entries_etl - DEBUG -   text: nCopy
2025-10-12 14:42:10,846 - api_entries_etl - DEBUG -   position: 1
2025-10-12 14:42:10,846 - api_entries_etl - DEBUG -   normalized_text: ncopy
2025-10-12 14:42:10,846 - api_entries_etl - DEBUG - [Relation #577] Created HAS_ARGUMENT: pseudo_code::TranslationCopy -> pseudo_code::TranslationCopy::arg::1
2025-10-12 14:42:10,846 - api_entries_etl - DEBUG - [Relation #578] Created ARGUMENT_MATCHES_PARAMETER: pseudo_code::TranslationCopy::arg::1 -> param::TranslationCopy::nCopy
2025-10-12 14:42:10,846 - api_entries_etl - DEBUG - [Node #476] Created PseudoCodeArgument: pseudo_code::TranslationCopy::arg::2
2025-10-12 14:42:10,846 - api_entries_etl - DEBUG -   text: direction
2025-10-12 14:42:10,846 - api_entries_etl - DEBUG -   position: 2
2025-10-12 14:42:10,846 - api_entries_etl - DEBUG -   normalized_text: direction
2025-10-12 14:42:10,846 - api_entries_etl - DEBUG - [Relation #579] Created HAS_ARGUMENT: pseudo_code::TranslationCopy -> pseudo_code::TranslationCopy::arg::2
2025-10-12 14:42:10,846 - api_entries_etl - DEBUG - [Relation #580] Created ARGUMENT_MATCHES_PARAMETER: pseudo_code::TranslationCopy::arg::2 -> param::TranslationCopy::direction
2025-10-12 14:42:10,846 - api_entries_etl - DEBUG - [Node #477] Created PseudoCodeArgument: pseudo_code::TranslationCopy::arg::3
2025-10-12 14:42:10,846 - api_entries_etl - DEBUG -   text: distance
2025-10-12 14:42:10,846 - api_entries_etl - DEBUG -   position: 3
2025-10-12 14:42:10,846 - api_entries_etl - DEBUG -   normalized_text: distance
2025-10-12 14:42:10,846 - api_entries_etl - DEBUG - [Relation #581] Created HAS_ARGUMENT: pseudo_code::TranslationCopy -> pseudo_code::TranslationCopy::arg::3
2025-10-12 14:42:10,846 - api_entries_etl - DEBUG - [Relation #582] Created ARGUMENT_MATCHES_PARAMETER: pseudo_code::TranslationCopy::arg::3 -> param::TranslationCopy::distance
2025-10-12 14:42:10,846 - api_entries_etl - DEBUG - [Node #478] Created PseudoCodeArgument: pseudo_code::TranslationCopy::arg::4
2025-10-12 14:42:10,846 - api_entries_etl - DEBUG -   text: ReferMethod
2025-10-12 14:42:10,846 - api_entries_etl - DEBUG -   position: 4
2025-10-12 14:42:10,846 - api_entries_etl - DEBUG -   normalized_text: refermethod
2025-10-12 14:42:10,846 - api_entries_etl - DEBUG - [Relation #583] Created HAS_ARGUMENT: pseudo_code::TranslationCopy -> pseudo_code::TranslationCopy::arg::4
2025-10-12 14:42:10,846 - api_entries_etl - DEBUG - [Relation #584] Created ARGUMENT_MATCHES_PARAMETER: pseudo_code::TranslationCopy::arg::4 -> param::TranslationCopy::ReferMethod
2025-10-12 14:42:10,846 - api_entries_etl - DEBUG - [Node #479] Created Source: source::TranslationCopy::inline
2025-10-12 14:42:10,846 - api_entries_etl - DEBUG -   text: 〇指定要素を移動コピーする
  返り値:コピーされた要素ID配列
  TranslationCopy(
        SrcElements,// 要素(配列)：コピーする要素
        nCopy,    // 整数: コピ...
2025-10-12 14:42:10,846 - api_entries_etl - DEBUG - [Relation #585] Created CITED_FROM: api_entry::TranslationCopy -> source::TranslationCopy::inline
2025-10-12 14:42:10,856 - api_entries_etl - DEBUG - Processing API entry #39: MirrorCopy
2025-10-12 14:42:10,856 - api_entries_etl - DEBUG - [Node #480] Created APIEntry: api_entry::MirrorCopy
2025-10-12 14:42:10,856 - api_entries_etl - DEBUG -   name: MirrorCopy
2025-10-12 14:42:10,856 - api_entries_etl - DEBUG -   category: Partオブジェクト
2025-10-12 14:42:10,856 - api_entries_etl - DEBUG -   entry_type: function
2025-10-12 14:42:10,856 - api_entries_etl - DEBUG -   description: 指定要素をミラーコピーする
2025-10-12 14:42:10,856 - api_entries_etl - DEBUG -   pseudo_code: MirrorCopy(SrcElements, plane, ReferMethod)
2025-10-12 14:42:10,856 - api_entries_etl - DEBUG -   text: 指定要素をミラーコピーする

〇指定要素をミラーコピーする
  返り値:コピーされた要素ID配列
  MirrorCopy(
        SrcElements,// 要素(配列)：コピーする要素
        [in] BST...
2025-10-12 14:42:10,856 - api_entries_etl - DEBUG -   raw_json: {"category":"Partオブジェクト","entry_type":"function","name":"MirrorCopy","description":"指定要素をミラーコピーする","pseudo_code":"Mir...
2025-10-12 14:42:10,856 - api_entries_etl - DEBUG -   position: 38
2025-10-12 14:42:10,856 - api_entries_etl - DEBUG - [Relation #586] Created HAS_ENTRY: api_entries::collection -> api_entry::MirrorCopy
2025-10-12 14:42:10,856 - api_entries_etl - DEBUG - [Node #481] Created Category: category::Partオブジェクト
2025-10-12 14:42:10,856 - api_entries_etl - DEBUG -   name: Partオブジェクト
2025-10-12 14:42:10,856 - api_entries_etl - DEBUG - [Relation #587] Created IN_CATEGORY: api_entry::MirrorCopy -> category::Partオブジェクト
2025-10-12 14:42:10,856 - api_entries_etl - DEBUG - [Node #482] Created EntryType: entry_type::function
2025-10-12 14:42:10,856 - api_entries_etl - DEBUG -   name: function
2025-10-12 14:42:10,856 - api_entries_etl - DEBUG - [Relation #588] Created HAS_ENTRY_TYPE: api_entry::MirrorCopy -> entry_type::function
2025-10-12 14:42:10,856 - api_entries_etl - DEBUG - [Node #483] Created Parameter: param::MirrorCopy::SrcElements
2025-10-12 14:42:10,856 - api_entries_etl - DEBUG -   name: SrcElements
2025-10-12 14:42:10,856 - api_entries_etl - DEBUG -   param_type: 要素(配列)
2025-10-12 14:42:10,856 - api_entries_etl - DEBUG -   position: 0
2025-10-12 14:42:10,856 - api_entries_etl - DEBUG -   description: コピーする要素
2025-10-12 14:42:10,856 - api_entries_etl - DEBUG -   raw_json: {"name":"SrcElements","type":"要素(配列)","description":"コピーする要素","position":0}
2025-10-12 14:42:10,856 - api_entries_etl - DEBUG - [Relation #589] Created HAS_PARAMETER: api_entry::MirrorCopy -> param::MirrorCopy::SrcElements
2025-10-12 14:42:10,856 - api_entries_etl - DEBUG - [Node #484] Created Parameter: param::MirrorCopy::plane
2025-10-12 14:42:10,856 - api_entries_etl - DEBUG -   name: plane
2025-10-12 14:42:10,856 - api_entries_etl - DEBUG -   param_type: 文字列
2025-10-12 14:42:10,856 - api_entries_etl - DEBUG -   position: 1
2025-10-12 14:42:10,856 - api_entries_etl - DEBUG -   description: ミラーする平面の指定（平面を表す文字列）
2025-10-12 14:42:10,856 - api_entries_etl - DEBUG -   raw_json: {"name":"plane","type":"文字列","description":"ミラーする平面の指定（平面を表す文字列）","position":1,"raw_type":"[in] BSTR"}
2025-10-12 14:42:10,856 - api_entries_etl - DEBUG - [Relation #590] Created HAS_PARAMETER: api_entry::MirrorCopy -> param::MirrorCopy::plane
2025-10-12 14:42:10,856 - api_entries_etl - DEBUG - [Node #485] Created Parameter: param::MirrorCopy::ReferMethod
2025-10-12 14:42:10,856 - api_entries_etl - DEBUG -   name: ReferMethod
2025-10-12 14:42:10,856 - api_entries_etl - DEBUG -   param_type: 文字列
2025-10-12 14:42:10,856 - api_entries_etl - DEBUG -   position: 2
2025-10-12 14:42:10,856 - api_entries_etl - DEBUG -   description: 要素の関連づけ方法の指定（関連設定）
2025-10-12 14:42:10,856 - api_entries_etl - DEBUG -   raw_json: {"name":"ReferMethod","type":"文字列","description":"要素の関連づけ方法の指定（関連設定）","position":2}
2025-10-12 14:42:10,856 - api_entries_etl - DEBUG - [Relation #591] Created HAS_PARAMETER: api_entry::MirrorCopy -> param::MirrorCopy::ReferMethod
2025-10-12 14:42:10,856 - api_entries_etl - DEBUG - [Node #486] Created ReturnValue: return::MirrorCopy
2025-10-12 14:42:10,856 - api_entries_etl - DEBUG -   return_type: ID
2025-10-12 14:42:10,856 - api_entries_etl - DEBUG -   description: コピーされた要素ID配列
2025-10-12 14:42:10,856 - api_entries_etl - DEBUG -   raw_json: {"type":"ID","description":"コピーされた要素ID配列"}
2025-10-12 14:42:10,856 - api_entries_etl - DEBUG - [Relation #592] Created HAS_RETURN: api_entry::MirrorCopy -> return::MirrorCopy
2025-10-12 14:42:10,856 - api_entries_etl - DEBUG - [Node #487] Created PseudoCode: pseudo_code::MirrorCopy
2025-10-12 14:42:10,856 - api_entries_etl - DEBUG -   code: MirrorCopy(SrcElements, plane, ReferMethod)
2025-10-12 14:42:10,856 - api_entries_etl - DEBUG -   callee: MirrorCopy
2025-10-12 14:42:10,856 - api_entries_etl - DEBUG -   argument_count: 3
2025-10-12 14:42:10,856 - api_entries_etl - DEBUG -   arguments_json: ["SrcElements","plane","ReferMethod"]
2025-10-12 14:42:10,856 - api_entries_etl - DEBUG - [Relation #593] Created HAS_PSEUDO_CODE: api_entry::MirrorCopy -> pseudo_code::MirrorCopy
2025-10-12 14:42:10,856 - api_entries_etl - DEBUG - [Node #488] Created PseudoCodeArgument: pseudo_code::MirrorCopy::arg::0
2025-10-12 14:42:10,856 - api_entries_etl - DEBUG -   text: SrcElements
2025-10-12 14:42:10,856 - api_entries_etl - DEBUG -   position: 0
2025-10-12 14:42:10,856 - api_entries_etl - DEBUG -   normalized_text: srcelements
2025-10-12 14:42:10,856 - api_entries_etl - DEBUG - [Relation #594] Created HAS_ARGUMENT: pseudo_code::MirrorCopy -> pseudo_code::MirrorCopy::arg::0
2025-10-12 14:42:10,856 - api_entries_etl - DEBUG - [Relation #595] Created ARGUMENT_MATCHES_PARAMETER: pseudo_code::MirrorCopy::arg::0 -> param::MirrorCopy::SrcElements
2025-10-12 14:42:10,856 - api_entries_etl - DEBUG - [Node #489] Created PseudoCodeArgument: pseudo_code::MirrorCopy::arg::1
2025-10-12 14:42:10,856 - api_entries_etl - DEBUG -   text: plane
2025-10-12 14:42:10,856 - api_entries_etl - DEBUG -   position: 1
2025-10-12 14:42:10,856 - api_entries_etl - DEBUG -   normalized_text: plane
2025-10-12 14:42:10,856 - api_entries_etl - DEBUG - [Relation #596] Created HAS_ARGUMENT: pseudo_code::MirrorCopy -> pseudo_code::MirrorCopy::arg::1
2025-10-12 14:42:10,856 - api_entries_etl - DEBUG - [Relation #597] Created ARGUMENT_MATCHES_PARAMETER: pseudo_code::MirrorCopy::arg::1 -> param::MirrorCopy::plane
2025-10-12 14:42:10,856 - api_entries_etl - DEBUG - [Node #490] Created PseudoCodeArgument: pseudo_code::MirrorCopy::arg::2
2025-10-12 14:42:10,856 - api_entries_etl - DEBUG -   text: ReferMethod
2025-10-12 14:42:10,856 - api_entries_etl - DEBUG -   position: 2
2025-10-12 14:42:10,856 - api_entries_etl - DEBUG -   normalized_text: refermethod
2025-10-12 14:42:10,856 - api_entries_etl - DEBUG - [Relation #598] Created HAS_ARGUMENT: pseudo_code::MirrorCopy -> pseudo_code::MirrorCopy::arg::2
2025-10-12 14:42:10,856 - api_entries_etl - DEBUG - [Relation #599] Created ARGUMENT_MATCHES_PARAMETER: pseudo_code::MirrorCopy::arg::2 -> param::MirrorCopy::ReferMethod
2025-10-12 14:42:10,856 - api_entries_etl - DEBUG - [Node #491] Created Source: source::MirrorCopy::inline
2025-10-12 14:42:10,856 - api_entries_etl - DEBUG -   text: 〇指定要素をミラーコピーする
  返り値:コピーされた要素ID配列
  MirrorCopy(
        SrcElements,// 要素(配列)：コピーする要素
        [in] BSTR plane,
      ...
2025-10-12 14:42:10,856 - api_entries_etl - DEBUG - [Relation #600] Created CITED_FROM: api_entry::MirrorCopy -> source::MirrorCopy::inline
2025-10-12 14:42:10,856 - api_entries_etl - DEBUG - Processing API entry #40: CreateSolid
2025-10-12 14:42:10,856 - api_entries_etl - DEBUG - [Node #492] Created APIEntry: api_entry::CreateSolid
2025-10-12 14:42:10,856 - api_entries_etl - DEBUG -   name: CreateSolid
2025-10-12 14:42:10,856 - api_entries_etl - DEBUG -   category: Partオブジェクト
2025-10-12 14:42:10,856 - api_entries_etl - DEBUG -   entry_type: function
2025-10-12 14:42:10,856 - api_entries_etl - DEBUG -   description: 空のソリッド要素を作成する
2025-10-12 14:42:10,856 - api_entries_etl - DEBUG -   pseudo_code: CreateSolid(SolidName, ElementGroup, MaterialName)
2025-10-12 14:42:10,856 - api_entries_etl - DEBUG -   text: 空のソリッド要素を作成する

〇空のソリッド要素を作成する
  返り値:作成されたソリッドの要素ID
  CreateSolid(
        SolidName, // 文字列：作成するソリッド要素名称（空文字可）
      ...
2025-10-12 14:42:10,856 - api_entries_etl - DEBUG -   raw_json: {"category":"Partオブジェクト","entry_type":"function","name":"CreateSolid","description":"空のソリッド要素を作成する","pseudo_code":"Cr...
2025-10-12 14:42:10,856 - api_entries_etl - DEBUG -   position: 39
2025-10-12 14:42:10,856 - api_entries_etl - DEBUG - [Relation #601] Created HAS_ENTRY: api_entries::collection -> api_entry::CreateSolid
2025-10-12 14:42:10,856 - api_entries_etl - DEBUG - [Node #493] Created Category: category::Partオブジェクト
2025-10-12 14:42:10,856 - api_entries_etl - DEBUG -   name: Partオブジェクト
2025-10-12 14:42:10,856 - api_entries_etl - DEBUG - [Relation #602] Created IN_CATEGORY: api_entry::CreateSolid -> category::Partオブジェクト
2025-10-12 14:42:10,856 - api_entries_etl - DEBUG - [Node #494] Created EntryType: entry_type::function
2025-10-12 14:42:10,856 - api_entries_etl - DEBUG -   name: function
2025-10-12 14:42:10,856 - api_entries_etl - DEBUG - [Relation #603] Created HAS_ENTRY_TYPE: api_entry::CreateSolid -> entry_type::function
2025-10-12 14:42:10,872 - api_entries_etl - DEBUG - [Node #495] Created Parameter: param::CreateSolid::SolidName
2025-10-12 14:42:10,872 - api_entries_etl - DEBUG -   name: SolidName
2025-10-12 14:42:10,872 - api_entries_etl - DEBUG -   param_type: 文字列
2025-10-12 14:42:10,873 - api_entries_etl - DEBUG -   position: 0
2025-10-12 14:42:10,873 - api_entries_etl - DEBUG -   description: 作成するソリッド要素名称（空文字可）
2025-10-12 14:42:10,873 - api_entries_etl - DEBUG -   raw_json: {"name":"SolidName","type":"文字列","description":"作成するソリッド要素名称（空文字可）","position":0}
2025-10-12 14:42:10,873 - api_entries_etl - DEBUG - [Relation #604] Created HAS_PARAMETER: api_entry::CreateSolid -> param::CreateSolid::SolidName
2025-10-12 14:42:10,873 - api_entries_etl - DEBUG - [Node #496] Created Parameter: param::CreateSolid::ElementGroup
2025-10-12 14:42:10,873 - api_entries_etl - DEBUG -   name: ElementGroup
2025-10-12 14:42:10,873 - api_entries_etl - DEBUG -   param_type: 要素グループ
2025-10-12 14:42:10,873 - api_entries_etl - DEBUG -   position: 1
2025-10-12 14:42:10,873 - api_entries_etl - DEBUG -   description: 作成するソリッド要素を要素グループに入れる場合は要素グループを指定（空文字可）
2025-10-12 14:42:10,873 - api_entries_etl - DEBUG -   raw_json: {"name":"ElementGroup","type":"要素グループ","description":"作成するソリッド要素を要素グループに入れる場合は要素グループを指定（空文字可）","position":1}
2025-10-12 14:42:10,873 - api_entries_etl - DEBUG - [Relation #605] Created HAS_PARAMETER: api_entry::CreateSolid -> param::CreateSolid::ElementGroup
2025-10-12 14:42:10,873 - api_entries_etl - DEBUG - [Node #497] Created Parameter: param::CreateSolid::MaterialName
2025-10-12 14:42:10,873 - api_entries_etl - DEBUG -   name: MaterialName
2025-10-12 14:42:10,873 - api_entries_etl - DEBUG -   param_type: 材料
2025-10-12 14:42:10,873 - api_entries_etl - DEBUG -   position: 2
2025-10-12 14:42:10,873 - api_entries_etl - DEBUG -   description: 作成するソリッド要素の材質名称（空文字可）
2025-10-12 14:42:10,873 - api_entries_etl - DEBUG -   raw_json: {"name":"MaterialName","type":"材料","description":"作成するソリッド要素の材質名称（空文字可）","position":2}
2025-10-12 14:42:10,873 - api_entries_etl - DEBUG - [Relation #606] Created HAS_PARAMETER: api_entry::CreateSolid -> param::CreateSolid::MaterialName
2025-10-12 14:42:10,873 - api_entries_etl - DEBUG - [Node #498] Created ReturnValue: return::CreateSolid
2025-10-12 14:42:10,873 - api_entries_etl - DEBUG -   return_type: ID
2025-10-12 14:42:10,873 - api_entries_etl - DEBUG -   description: 作成されたソリッドの要素ID
2025-10-12 14:42:10,873 - api_entries_etl - DEBUG -   raw_json: {"type":"ID","description":"作成されたソリッドの要素ID"}
2025-10-12 14:42:10,873 - api_entries_etl - DEBUG - [Relation #607] Created HAS_RETURN: api_entry::CreateSolid -> return::CreateSolid
2025-10-12 14:42:10,873 - api_entries_etl - DEBUG - [Node #499] Created PseudoCode: pseudo_code::CreateSolid
2025-10-12 14:42:10,878 - api_entries_etl - DEBUG -   code: CreateSolid(SolidName, ElementGroup, MaterialName)
2025-10-12 14:42:10,878 - api_entries_etl - DEBUG -   callee: CreateSolid
2025-10-12 14:42:10,878 - api_entries_etl - DEBUG -   argument_count: 3
2025-10-12 14:42:10,878 - api_entries_etl - DEBUG -   arguments_json: ["SolidName","ElementGroup","MaterialName"]
2025-10-12 14:42:10,878 - api_entries_etl - DEBUG - [Relation #608] Created HAS_PSEUDO_CODE: api_entry::CreateSolid -> pseudo_code::CreateSolid
2025-10-12 14:42:10,878 - api_entries_etl - DEBUG - [Node #500] Created PseudoCodeArgument: pseudo_code::CreateSolid::arg::0
2025-10-12 14:42:10,878 - api_entries_etl - DEBUG -   text: SolidName
2025-10-12 14:42:10,878 - api_entries_etl - DEBUG -   position: 0
2025-10-12 14:42:10,878 - api_entries_etl - DEBUG -   normalized_text: solidname
2025-10-12 14:42:10,878 - api_entries_etl - DEBUG - [Relation #609] Created HAS_ARGUMENT: pseudo_code::CreateSolid -> pseudo_code::CreateSolid::arg::0
2025-10-12 14:42:10,878 - api_entries_etl - DEBUG - [Relation #610] Created ARGUMENT_MATCHES_PARAMETER: pseudo_code::CreateSolid::arg::0 -> param::CreateSolid::SolidName
2025-10-12 14:42:10,878 - api_entries_etl - DEBUG - [Node #501] Created PseudoCodeArgument: pseudo_code::CreateSolid::arg::1
2025-10-12 14:42:10,878 - api_entries_etl - DEBUG -   text: ElementGroup
2025-10-12 14:42:10,878 - api_entries_etl - DEBUG -   position: 1
2025-10-12 14:42:10,878 - api_entries_etl - DEBUG -   normalized_text: elementgroup
2025-10-12 14:42:10,878 - api_entries_etl - DEBUG - [Relation #611] Created HAS_ARGUMENT: pseudo_code::CreateSolid -> pseudo_code::CreateSolid::arg::1
2025-10-12 14:42:10,878 - api_entries_etl - DEBUG - [Relation #612] Created ARGUMENT_MATCHES_PARAMETER: pseudo_code::CreateSolid::arg::1 -> param::CreateSolid::ElementGroup
2025-10-12 14:42:10,878 - api_entries_etl - DEBUG - [Node #502] Created PseudoCodeArgument: pseudo_code::CreateSolid::arg::2
2025-10-12 14:42:10,878 - api_entries_etl - DEBUG -   text: MaterialName
2025-10-12 14:42:10,878 - api_entries_etl - DEBUG -   position: 2
2025-10-12 14:42:10,878 - api_entries_etl - DEBUG -   normalized_text: materialname
2025-10-12 14:42:10,878 - api_entries_etl - DEBUG - [Relation #613] Created HAS_ARGUMENT: pseudo_code::CreateSolid -> pseudo_code::CreateSolid::arg::2
2025-10-12 14:42:10,878 - api_entries_etl - DEBUG - [Relation #614] Created ARGUMENT_MATCHES_PARAMETER: pseudo_code::CreateSolid::arg::2 -> param::CreateSolid::MaterialName
2025-10-12 14:42:10,878 - api_entries_etl - DEBUG - [Node #503] Created Source: source::CreateSolid::inline
2025-10-12 14:42:10,878 - api_entries_etl - DEBUG -   text: 〇空のソリッド要素を作成する
  返り値:作成されたソリッドの要素ID
  CreateSolid(
        SolidName, // 文字列：作成するソリッド要素名称（空文字可）
        ElementGroup,...
2025-10-12 14:42:10,878 - api_entries_etl - DEBUG - [Relation #615] Created CITED_FROM: api_entry::CreateSolid -> source::CreateSolid::inline
2025-10-12 14:42:10,878 - api_entries_etl - DEBUG - Processing API entry #41: CreateThicken
2025-10-12 14:42:10,878 - api_entries_etl - DEBUG - [Node #504] Created APIEntry: api_entry::CreateThicken
2025-10-12 14:42:10,878 - api_entries_etl - DEBUG -   name: CreateThicken
2025-10-12 14:42:10,878 - api_entries_etl - DEBUG -   category: Partオブジェクト
2025-10-12 14:42:10,878 - api_entries_etl - DEBUG -   entry_type: function
2025-10-12 14:42:10,878 - api_entries_etl - DEBUG -   description: 指定したソリッド要素に指定要素を厚みづけして形状を作成する。作成された厚みづけフィーチャーのIDが返る。
2025-10-12 14:42:10,878 - api_entries_etl - DEBUG -   pseudo_code: CreateThicken(ThickenFeatureName, TargetSolidName, OperationType, Sheet, ThickenType, Thickeness1, Thickeness2, Thick...
2025-10-12 14:42:10,878 - api_entries_etl - DEBUG -   text: 指定したソリッド要素に指定要素を厚みづけして形状を作成する。作成された厚みづけフィーチャーのIDが返る。

〇指定したソリッド要素に指定要素厚みづけした形状を作成する
  返り値:作成された厚みづけフィーチャーのID
  Create...
2025-10-12 14:42:10,878 - api_entries_etl - DEBUG -   raw_json: {"category":"Partオブジェクト","entry_type":"function","name":"CreateThicken","description":"指定したソリッド要素に指定要素を厚みづけして形状を作成する。...
2025-10-12 14:42:10,878 - api_entries_etl - DEBUG -   position: 40
2025-10-12 14:42:10,878 - api_entries_etl - DEBUG - [Relation #616] Created HAS_ENTRY: api_entries::collection -> api_entry::CreateThicken
2025-10-12 14:42:10,878 - api_entries_etl - DEBUG - [Node #505] Created Category: category::Partオブジェクト
2025-10-12 14:42:10,878 - api_entries_etl - DEBUG -   name: Partオブジェクト
2025-10-12 14:42:10,878 - api_entries_etl - DEBUG - [Relation #617] Created IN_CATEGORY: api_entry::CreateThicken -> category::Partオブジェクト
2025-10-12 14:42:10,878 - api_entries_etl - DEBUG - [Node #506] Created EntryType: entry_type::function
2025-10-12 14:42:10,878 - api_entries_etl - DEBUG -   name: function
2025-10-12 14:42:10,878 - api_entries_etl - DEBUG - [Relation #618] Created HAS_ENTRY_TYPE: api_entry::CreateThicken -> entry_type::function
2025-10-12 14:42:10,878 - api_entries_etl - DEBUG - [Node #507] Created Parameter: param::CreateThicken::ThickenFeatureName
2025-10-12 14:42:10,878 - api_entries_etl - DEBUG -   name: ThickenFeatureName
2025-10-12 14:42:10,878 - api_entries_etl - DEBUG -   param_type: 文字列
2025-10-12 14:42:10,878 - api_entries_etl - DEBUG -   position: 0
2025-10-12 14:42:10,878 - api_entries_etl - DEBUG -   description: 作成する厚みづけフィーチャー要素名称（空文字可）
2025-10-12 14:42:10,878 - api_entries_etl - DEBUG -   raw_json: {"name":"ThickenFeatureName","type":"文字列","description":"作成する厚みづけフィーチャー要素名称（空文字可）","position":0}
2025-10-12 14:42:10,878 - api_entries_etl - DEBUG - [Relation #619] Created HAS_PARAMETER: api_entry::CreateThicken -> param::CreateThicken::ThickenFeatureName
2025-10-12 14:42:10,878 - api_entries_etl - DEBUG - [Node #508] Created Parameter: param::CreateThicken::TargetSolidName
2025-10-12 14:42:10,878 - api_entries_etl - DEBUG -   name: TargetSolidName
2025-10-12 14:42:10,888 - api_entries_etl - DEBUG -   param_type: 要素
2025-10-12 14:42:10,888 - api_entries_etl - DEBUG -   position: 1
2025-10-12 14:42:10,888 - api_entries_etl - DEBUG -   description: 厚みづけフィーチャーを作成する対象のソリッドを指定
2025-10-12 14:42:10,888 - api_entries_etl - DEBUG -   raw_json: {"name":"TargetSolidName","type":"要素","description":"厚みづけフィーチャーを作成する対象のソリッドを指定","position":1}
2025-10-12 14:42:10,888 - api_entries_etl - DEBUG - [Relation #620] Created HAS_PARAMETER: api_entry::CreateThicken -> param::CreateThicken::TargetSolidName
2025-10-12 14:42:10,888 - api_entries_etl - DEBUG - [Node #509] Created Parameter: param::CreateThicken::OperationType
2025-10-12 14:42:10,888 - api_entries_etl - DEBUG -   name: OperationType
2025-10-12 14:42:10,888 - api_entries_etl - DEBUG -   param_type: オペレーションタイプ
2025-10-12 14:42:10,888 - api_entries_etl - DEBUG -   position: 2
2025-10-12 14:42:10,890 - api_entries_etl - DEBUG -   description: ソリッドオペレーションのタイプを指定する
2025-10-12 14:42:10,890 - api_entries_etl - DEBUG -   raw_json: {"name":"OperationType","type":"オペレーションタイプ","description":"ソリッドオペレーションのタイプを指定する","position":2}
2025-10-12 14:42:10,890 - api_entries_etl - DEBUG - [Relation #621] Created HAS_PARAMETER: api_entry::CreateThicken -> param::CreateThicken::OperationType
2025-10-12 14:42:10,890 - api_entries_etl - DEBUG - [Node #510] Created Parameter: param::CreateThicken::Sheet
2025-10-12 14:42:10,890 - api_entries_etl - DEBUG -   name: Sheet
2025-10-12 14:42:10,890 - api_entries_etl - DEBUG -   param_type: 要素(配列)
2025-10-12 14:42:10,892 - api_entries_etl - DEBUG -   position: 3
2025-10-12 14:42:10,892 - api_entries_etl - DEBUG -   description: 厚み付けをするシートやフェイス
2025-10-12 14:42:10,892 - api_entries_etl - DEBUG -   raw_json: {"name":"Sheet","type":"要素(配列)","description":"厚み付けをするシートやフェイス","position":3}
2025-10-12 14:42:10,892 - api_entries_etl - DEBUG - [Relation #622] Created HAS_PARAMETER: api_entry::CreateThicken -> param::CreateThicken::Sheet
2025-10-12 14:42:10,892 - api_entries_etl - DEBUG - [Node #511] Created Parameter: param::CreateThicken::ThickenType
2025-10-12 14:42:10,892 - api_entries_etl - DEBUG -   name: ThickenType
2025-10-12 14:42:10,892 - api_entries_etl - DEBUG -   param_type: 厚み付けタイプ
2025-10-12 14:42:10,892 - api_entries_etl - DEBUG -   position: 4
2025-10-12 14:42:10,892 - api_entries_etl - DEBUG -   description: 厚み付けの方向／方式を指定する。"+": 内側、"-": 外側、"B": 両方向、"2": ２方向、""(空文字): 厚み付けしない。
2025-10-12 14:42:10,892 - api_entries_etl - DEBUG -   raw_json: {"name":"ThickenType","type":"厚み付けタイプ","description":"厚み付けの方向／方式を指定する。\"+\": 内側、\"-\": 外側、\"B\": 両方向、\"2\": ２方向、\"\"(...
2025-10-12 14:42:10,892 - api_entries_etl - DEBUG - [Relation #623] Created HAS_PARAMETER: api_entry::CreateThicken -> param::CreateThicken::ThickenType
2025-10-12 14:42:10,892 - api_entries_etl - DEBUG - [Node #512] Created Parameter: param::CreateThicken::Thickeness1
2025-10-12 14:42:10,892 - api_entries_etl - DEBUG -   name: Thickeness1
2025-10-12 14:42:10,892 - api_entries_etl - DEBUG -   param_type: 長さ
2025-10-12 14:42:10,892 - api_entries_etl - DEBUG -   position: 5
2025-10-12 14:42:10,892 - api_entries_etl - DEBUG -   description: 板厚
2025-10-12 14:42:10,892 - api_entries_etl - DEBUG -   raw_json: {"name":"Thickeness1","type":"長さ","description":"板厚","position":5}
2025-10-12 14:42:10,892 - api_entries_etl - DEBUG - [Relation #624] Created HAS_PARAMETER: api_entry::CreateThicken -> param::CreateThicken::Thickeness1
2025-10-12 14:42:10,892 - api_entries_etl - DEBUG - [Node #513] Created Parameter: param::CreateThicken::Thickeness2
2025-10-12 14:42:10,892 - api_entries_etl - DEBUG -   name: Thickeness2
2025-10-12 14:42:10,892 - api_entries_etl - DEBUG -   param_type: 長さ
2025-10-12 14:42:10,892 - api_entries_etl - DEBUG -   position: 6
2025-10-12 14:42:10,892 - api_entries_etl - DEBUG -   description: 板厚２（厚み付けタイプが２方向のときに使用）
2025-10-12 14:42:10,892 - api_entries_etl - DEBUG -   raw_json: {"name":"Thickeness2","type":"長さ","description":"板厚２（厚み付けタイプが２方向のときに使用）","position":6}
2025-10-12 14:42:10,892 - api_entries_etl - DEBUG - [Relation #625] Created HAS_PARAMETER: api_entry::CreateThicken -> param::CreateThicken::Thickeness2
2025-10-12 14:42:10,892 - api_entries_etl - DEBUG - [Node #514] Created Parameter: param::CreateThicken::ThickenessOffset
2025-10-12 14:42:10,892 - api_entries_etl - DEBUG -   name: ThickenessOffset
2025-10-12 14:42:10,892 - api_entries_etl - DEBUG -   param_type: 長さ
2025-10-12 14:42:10,892 - api_entries_etl - DEBUG -   position: 7
2025-10-12 14:42:10,892 - api_entries_etl - DEBUG -   description: 厚みづけをするシート、フェイス要素のオフセット距離
2025-10-12 14:42:10,892 - api_entries_etl - DEBUG -   raw_json: {"name":"ThickenessOffset","type":"長さ","description":"厚みづけをするシート、フェイス要素のオフセット距離","position":7}
2025-10-12 14:42:10,892 - api_entries_etl - DEBUG - [Relation #626] Created HAS_PARAMETER: api_entry::CreateThicken -> param::CreateThicken::ThickenessOffset
2025-10-12 14:42:10,892 - api_entries_etl - DEBUG - [Node #515] Created Parameter: param::CreateThicken::ReferMethod
2025-10-12 14:42:10,892 - api_entries_etl - DEBUG -   name: ReferMethod
2025-10-12 14:42:10,892 - api_entries_etl - DEBUG -   param_type: 関連設定
2025-10-12 14:42:10,892 - api_entries_etl - DEBUG -   position: 8
2025-10-12 14:42:10,892 - api_entries_etl - DEBUG -   description: 要素の関連づけ方法の指定
2025-10-12 14:42:10,892 - api_entries_etl - DEBUG -   raw_json: {"name":"ReferMethod","type":"関連設定","description":"要素の関連づけ方法の指定","position":8}
2025-10-12 14:42:10,892 - api_entries_etl - DEBUG - [Relation #627] Created HAS_PARAMETER: api_entry::CreateThicken -> param::CreateThicken::ReferMethod
2025-10-12 14:42:10,892 - api_entries_etl - DEBUG - [Node #516] Created Parameter: param::CreateThicken::bUpdate
2025-10-12 14:42:10,892 - api_entries_etl - DEBUG -   name: bUpdate
2025-10-12 14:42:10,892 - api_entries_etl - DEBUG -   param_type: bool
2025-10-12 14:42:10,892 - api_entries_etl - DEBUG -   position: 9
2025-10-12 14:42:10,892 - api_entries_etl - DEBUG -   description: 更新フラグ（未実装、使用しない）。
2025-10-12 14:42:10,892 - api_entries_etl - DEBUG -   raw_json: {"name":"bUpdate","type":"bool","description":"更新フラグ（未実装、使用しない）。","position":9}
2025-10-12 14:42:10,892 - api_entries_etl - DEBUG - [Relation #628] Created HAS_PARAMETER: api_entry::CreateThicken -> param::CreateThicken::bUpdate
2025-10-12 14:42:10,892 - api_entries_etl - DEBUG - [Node #517] Created ReturnValue: return::CreateThicken
2025-10-12 14:42:10,892 - api_entries_etl - DEBUG -   return_type: 要素
2025-10-12 14:42:10,892 - api_entries_etl - DEBUG -   description: 作成された厚みづけフィーチャーのID
2025-10-12 14:42:10,892 - api_entries_etl - DEBUG -   raw_json: {"type":"要素","description":"作成された厚みづけフィーチャーのID"}
2025-10-12 14:42:10,892 - api_entries_etl - DEBUG - [Relation #629] Created HAS_RETURN: api_entry::CreateThicken -> return::CreateThicken
2025-10-12 14:42:10,892 - api_entries_etl - DEBUG - [Node #518] Created PseudoCode: pseudo_code::CreateThicken
2025-10-12 14:42:10,892 - api_entries_etl - DEBUG -   code: CreateThicken(ThickenFeatureName, TargetSolidName, OperationType, Sheet, ThickenType, Thickeness1, Thickeness2, Thick...
2025-10-12 14:42:10,892 - api_entries_etl - DEBUG -   callee: CreateThicken
2025-10-12 14:42:10,892 - api_entries_etl - DEBUG -   argument_count: 10
2025-10-12 14:42:10,892 - api_entries_etl - DEBUG -   arguments_json: ["ThickenFeatureName","TargetSolidName","OperationType","Sheet","ThickenType","Thickeness1","Thickeness2","Thickeness...
2025-10-12 14:42:10,892 - api_entries_etl - DEBUG - [Relation #630] Created HAS_PSEUDO_CODE: api_entry::CreateThicken -> pseudo_code::CreateThicken
2025-10-12 14:42:10,892 - api_entries_etl - DEBUG - [Node #519] Created PseudoCodeArgument: pseudo_code::CreateThicken::arg::0
2025-10-12 14:42:10,892 - api_entries_etl - DEBUG -   text: ThickenFeatureName
2025-10-12 14:42:10,892 - api_entries_etl - DEBUG -   position: 0
2025-10-12 14:42:10,892 - api_entries_etl - DEBUG -   normalized_text: thickenfeaturename
2025-10-12 14:42:10,902 - api_entries_etl - DEBUG - [Relation #631] Created HAS_ARGUMENT: pseudo_code::CreateThicken -> pseudo_code::CreateThicken::arg::0
2025-10-12 14:42:10,902 - api_entries_etl - DEBUG - [Relation #632] Created ARGUMENT_MATCHES_PARAMETER: pseudo_code::CreateThicken::arg::0 -> param::CreateThicken::ThickenFeatureName
2025-10-12 14:42:10,902 - api_entries_etl - DEBUG - [Node #520] Created PseudoCodeArgument: pseudo_code::CreateThicken::arg::1
2025-10-12 14:42:10,902 - api_entries_etl - DEBUG -   text: TargetSolidName
2025-10-12 14:42:10,902 - api_entries_etl - DEBUG -   position: 1
2025-10-12 14:42:10,902 - api_entries_etl - DEBUG -   normalized_text: targetsolidname
2025-10-12 14:42:10,902 - api_entries_etl - DEBUG - [Relation #633] Created HAS_ARGUMENT: pseudo_code::CreateThicken -> pseudo_code::CreateThicken::arg::1
2025-10-12 14:42:10,902 - api_entries_etl - DEBUG - [Relation #634] Created ARGUMENT_MATCHES_PARAMETER: pseudo_code::CreateThicken::arg::1 -> param::CreateThicken::TargetSolidName
2025-10-12 14:42:10,902 - api_entries_etl - DEBUG - [Node #521] Created PseudoCodeArgument: pseudo_code::CreateThicken::arg::2
2025-10-12 14:42:10,902 - api_entries_etl - DEBUG -   text: OperationType
2025-10-12 14:42:10,902 - api_entries_etl - DEBUG -   position: 2
2025-10-12 14:42:10,902 - api_entries_etl - DEBUG -   normalized_text: operationtype
2025-10-12 14:42:10,904 - api_entries_etl - DEBUG - [Relation #635] Created HAS_ARGUMENT: pseudo_code::CreateThicken -> pseudo_code::CreateThicken::arg::2
2025-10-12 14:42:10,904 - api_entries_etl - DEBUG - [Relation #636] Created ARGUMENT_MATCHES_PARAMETER: pseudo_code::CreateThicken::arg::2 -> param::CreateThicken::OperationType
2025-10-12 14:42:10,904 - api_entries_etl - DEBUG - [Node #522] Created PseudoCodeArgument: pseudo_code::CreateThicken::arg::3
2025-10-12 14:42:10,904 - api_entries_etl - DEBUG -   text: Sheet
2025-10-12 14:42:10,904 - api_entries_etl - DEBUG -   position: 3
2025-10-12 14:42:10,904 - api_entries_etl - DEBUG -   normalized_text: sheet
2025-10-12 14:42:10,904 - api_entries_etl - DEBUG - [Relation #637] Created HAS_ARGUMENT: pseudo_code::CreateThicken -> pseudo_code::CreateThicken::arg::3
2025-10-12 14:42:10,904 - api_entries_etl - DEBUG - [Relation #638] Created ARGUMENT_MATCHES_PARAMETER: pseudo_code::CreateThicken::arg::3 -> param::CreateThicken::Sheet
2025-10-12 14:42:10,904 - api_entries_etl - DEBUG - [Node #523] Created PseudoCodeArgument: pseudo_code::CreateThicken::arg::4
2025-10-12 14:42:10,904 - api_entries_etl - DEBUG -   text: ThickenType
2025-10-12 14:42:10,904 - api_entries_etl - DEBUG -   position: 4
2025-10-12 14:42:10,904 - api_entries_etl - DEBUG -   normalized_text: thickentype
2025-10-12 14:42:10,904 - api_entries_etl - DEBUG - [Relation #639] Created HAS_ARGUMENT: pseudo_code::CreateThicken -> pseudo_code::CreateThicken::arg::4
2025-10-12 14:42:10,904 - api_entries_etl - DEBUG - [Relation #640] Created ARGUMENT_MATCHES_PARAMETER: pseudo_code::CreateThicken::arg::4 -> param::CreateThicken::ThickenType
2025-10-12 14:42:10,904 - api_entries_etl - DEBUG - [Node #524] Created PseudoCodeArgument: pseudo_code::CreateThicken::arg::5
2025-10-12 14:42:10,904 - api_entries_etl - DEBUG -   text: Thickeness1
2025-10-12 14:42:10,904 - api_entries_etl - DEBUG -   position: 5
2025-10-12 14:42:10,904 - api_entries_etl - DEBUG -   normalized_text: thickeness1
2025-10-12 14:42:10,904 - api_entries_etl - DEBUG - [Relation #641] Created HAS_ARGUMENT: pseudo_code::CreateThicken -> pseudo_code::CreateThicken::arg::5
2025-10-12 14:42:10,904 - api_entries_etl - DEBUG - [Relation #642] Created ARGUMENT_MATCHES_PARAMETER: pseudo_code::CreateThicken::arg::5 -> param::CreateThicken::Thickeness1
2025-10-12 14:42:10,904 - api_entries_etl - DEBUG - [Node #525] Created PseudoCodeArgument: pseudo_code::CreateThicken::arg::6
2025-10-12 14:42:10,904 - api_entries_etl - DEBUG -   text: Thickeness2
2025-10-12 14:42:10,904 - api_entries_etl - DEBUG -   position: 6
2025-10-12 14:42:10,904 - api_entries_etl - DEBUG -   normalized_text: thickeness2
2025-10-12 14:42:10,904 - api_entries_etl - DEBUG - [Relation #643] Created HAS_ARGUMENT: pseudo_code::CreateThicken -> pseudo_code::CreateThicken::arg::6
2025-10-12 14:42:10,904 - api_entries_etl - DEBUG - [Relation #644] Created ARGUMENT_MATCHES_PARAMETER: pseudo_code::CreateThicken::arg::6 -> param::CreateThicken::Thickeness2
2025-10-12 14:42:10,904 - api_entries_etl - DEBUG - [Node #526] Created PseudoCodeArgument: pseudo_code::CreateThicken::arg::7
2025-10-12 14:42:10,904 - api_entries_etl - DEBUG -   text: ThickenessOffset
2025-10-12 14:42:10,904 - api_entries_etl - DEBUG -   position: 7
2025-10-12 14:42:10,904 - api_entries_etl - DEBUG -   normalized_text: thickenessoffset
2025-10-12 14:42:10,904 - api_entries_etl - DEBUG - [Relation #645] Created HAS_ARGUMENT: pseudo_code::CreateThicken -> pseudo_code::CreateThicken::arg::7
2025-10-12 14:42:10,904 - api_entries_etl - DEBUG - [Relation #646] Created ARGUMENT_MATCHES_PARAMETER: pseudo_code::CreateThicken::arg::7 -> param::CreateThicken::ThickenessOffset
2025-10-12 14:42:10,904 - api_entries_etl - DEBUG - [Node #527] Created PseudoCodeArgument: pseudo_code::CreateThicken::arg::8
2025-10-12 14:42:10,904 - api_entries_etl - DEBUG -   text: ReferMethod
2025-10-12 14:42:10,904 - api_entries_etl - DEBUG -   position: 8
2025-10-12 14:42:10,904 - api_entries_etl - DEBUG -   normalized_text: refermethod
2025-10-12 14:42:10,904 - api_entries_etl - DEBUG - [Relation #647] Created HAS_ARGUMENT: pseudo_code::CreateThicken -> pseudo_code::CreateThicken::arg::8
2025-10-12 14:42:10,904 - api_entries_etl - DEBUG - [Relation #648] Created ARGUMENT_MATCHES_PARAMETER: pseudo_code::CreateThicken::arg::8 -> param::CreateThicken::ReferMethod
2025-10-12 14:42:10,904 - api_entries_etl - DEBUG - [Node #528] Created PseudoCodeArgument: pseudo_code::CreateThicken::arg::9
2025-10-12 14:42:10,904 - api_entries_etl - DEBUG -   text: bUpdate
2025-10-12 14:42:10,904 - api_entries_etl - DEBUG -   position: 9
2025-10-12 14:42:10,904 - api_entries_etl - DEBUG -   normalized_text: bupdate
2025-10-12 14:42:10,904 - api_entries_etl - DEBUG - [Relation #649] Created HAS_ARGUMENT: pseudo_code::CreateThicken -> pseudo_code::CreateThicken::arg::9
2025-10-12 14:42:10,904 - api_entries_etl - DEBUG - [Relation #650] Created ARGUMENT_MATCHES_PARAMETER: pseudo_code::CreateThicken::arg::9 -> param::CreateThicken::bUpdate
2025-10-12 14:42:10,904 - api_entries_etl - DEBUG - [Node #529] Created Source: source::CreateThicken::inline
2025-10-12 14:42:10,904 - api_entries_etl - DEBUG -   text: 〇指定したソリッド要素に指定要素厚みづけした形状を作成する
  返り値:作成された厚みづけフィーチャーのID
  CreateThicken(
        ThickenFeatureName, // 文字列：作成する厚みづけフィ...
2025-10-12 14:42:10,904 - api_entries_etl - DEBUG - [Relation #651] Created CITED_FROM: api_entry::CreateThicken -> source::CreateThicken::inline
2025-10-12 14:42:10,904 - api_entries_etl - DEBUG - Processing API entry #42: CreateOtherSolid
2025-10-12 14:42:10,904 - api_entries_etl - DEBUG - [Node #530] Created APIEntry: api_entry::CreateOtherSolid
2025-10-12 14:42:10,904 - api_entries_etl - DEBUG -   name: CreateOtherSolid
2025-10-12 14:42:10,904 - api_entries_etl - DEBUG -   category: Partオブジェクト
2025-10-12 14:42:10,904 - api_entries_etl - DEBUG -   entry_type: function
2025-10-12 14:42:10,904 - api_entries_etl - DEBUG -   description: 指定したソリッド要素に別のソリッド要素形状を付加する
2025-10-12 14:42:10,904 - api_entries_etl - DEBUG -   pseudo_code: CreateOtherSolid(OtherSolidFeatureName, TargetSolidName, OperationType, SourceSolid, ReferMethod, bUpdate)
2025-10-12 14:42:10,904 - api_entries_etl - DEBUG -   text: 指定したソリッド要素に別のソリッド要素形状を付加する

〇指定したソリッド要素に別のソリッド要素形状を付加する
  返り値:作成された別ソリッドフィーチャーのID
  CreateOtherSolid(
    OtherSolidF...
2025-10-12 14:42:10,904 - api_entries_etl - DEBUG -   raw_json: {"category":"Partオブジェクト","entry_type":"function","name":"CreateOtherSolid","description":"指定したソリッド要素に別のソリッド要素形状を付加する"...
2025-10-12 14:42:10,904 - api_entries_etl - DEBUG -   position: 41
2025-10-12 14:42:10,904 - api_entries_etl - DEBUG - [Relation #652] Created HAS_ENTRY: api_entries::collection -> api_entry::CreateOtherSolid
2025-10-12 14:42:10,904 - api_entries_etl - DEBUG - [Node #531] Created Category: category::Partオブジェクト
2025-10-12 14:42:10,904 - api_entries_etl - DEBUG -   name: Partオブジェクト
2025-10-12 14:42:10,904 - api_entries_etl - DEBUG - [Relation #653] Created IN_CATEGORY: api_entry::CreateOtherSolid -> category::Partオブジェクト
2025-10-12 14:42:10,904 - api_entries_etl - DEBUG - [Node #532] Created EntryType: entry_type::function
2025-10-12 14:42:10,904 - api_entries_etl - DEBUG -   name: function
2025-10-12 14:42:10,904 - api_entries_etl - DEBUG - [Relation #654] Created HAS_ENTRY_TYPE: api_entry::CreateOtherSolid -> entry_type::function
2025-10-12 14:42:10,904 - api_entries_etl - DEBUG - [Node #533] Created Parameter: param::CreateOtherSolid::OtherSolidFeatureName
2025-10-12 14:42:10,904 - api_entries_etl - DEBUG -   name: OtherSolidFeatureName
2025-10-12 14:42:10,904 - api_entries_etl - DEBUG -   param_type: 文字列
2025-10-12 14:42:10,904 - api_entries_etl - DEBUG -   position: 0
2025-10-12 14:42:10,904 - api_entries_etl - DEBUG -   description: 作成する別ソリッドフィーチャー要素名称（空文字可）
2025-10-12 14:42:10,904 - api_entries_etl - DEBUG -   raw_json: {"name":"OtherSolidFeatureName","type":"文字列","description":"作成する別ソリッドフィーチャー要素名称（空文字可）","position":0}
2025-10-12 14:42:10,904 - api_entries_etl - DEBUG - [Relation #655] Created HAS_PARAMETER: api_entry::CreateOtherSolid -> param::CreateOtherSolid::OtherSolidFeatureName
2025-10-12 14:42:10,904 - api_entries_etl - DEBUG - [Node #534] Created Parameter: param::CreateOtherSolid::TargetSolidName
2025-10-12 14:42:10,904 - api_entries_etl - DEBUG -   name: TargetSolidName
2025-10-12 14:42:10,904 - api_entries_etl - DEBUG -   param_type: 要素
2025-10-12 14:42:10,904 - api_entries_etl - DEBUG -   position: 1
2025-10-12 14:42:10,904 - api_entries_etl - DEBUG -   description: 別ソリッドフィーチャーを作成する対象のソリッドを指定
2025-10-12 14:42:10,904 - api_entries_etl - DEBUG -   raw_json: {"name":"TargetSolidName","type":"要素","description":"別ソリッドフィーチャーを作成する対象のソリッドを指定","position":1}
2025-10-12 14:42:10,904 - api_entries_etl - DEBUG - [Relation #656] Created HAS_PARAMETER: api_entry::CreateOtherSolid -> param::CreateOtherSolid::TargetSolidName
2025-10-12 14:42:10,904 - api_entries_etl - DEBUG - [Node #535] Created Parameter: param::CreateOtherSolid::OperationType
2025-10-12 14:42:10,904 - api_entries_etl - DEBUG -   name: OperationType
2025-10-12 14:42:10,904 - api_entries_etl - DEBUG -   param_type: オペレーションタイプ
2025-10-12 14:42:10,904 - api_entries_etl - DEBUG -   position: 2
2025-10-12 14:42:10,904 - api_entries_etl - DEBUG -   description: ソリッドオペレーションのタイプを指定する
2025-10-12 14:42:10,904 - api_entries_etl - DEBUG -   raw_json: {"name":"OperationType","type":"オペレーションタイプ","description":"ソリッドオペレーションのタイプを指定する","position":2}
2025-10-12 14:42:10,904 - api_entries_etl - DEBUG - [Relation #657] Created HAS_PARAMETER: api_entry::CreateOtherSolid -> param::CreateOtherSolid::OperationType
2025-10-12 14:42:10,904 - api_entries_etl - DEBUG - [Node #536] Created Parameter: param::CreateOtherSolid::SourceSolid
2025-10-12 14:42:10,904 - api_entries_etl - DEBUG -   name: SourceSolid
2025-10-12 14:42:10,904 - api_entries_etl - DEBUG -   param_type: 要素
2025-10-12 14:42:10,904 - api_entries_etl - DEBUG -   position: 3
2025-10-12 14:42:10,904 - api_entries_etl - DEBUG -   description: 別ソリッドフィーチャーとするソリッド要素を指定する
2025-10-12 14:42:10,904 - api_entries_etl - DEBUG -   raw_json: {"name":"SourceSolid","type":"要素","description":"別ソリッドフィーチャーとするソリッド要素を指定する","position":3}
2025-10-12 14:42:10,904 - api_entries_etl - DEBUG - [Relation #658] Created HAS_PARAMETER: api_entry::CreateOtherSolid -> param::CreateOtherSolid::SourceSolid
2025-10-12 14:42:10,904 - api_entries_etl - DEBUG - [Node #537] Created Parameter: param::CreateOtherSolid::ReferMethod
2025-10-12 14:42:10,904 - api_entries_etl - DEBUG -   name: ReferMethod
2025-10-12 14:42:10,904 - api_entries_etl - DEBUG -   param_type: 関連設定
2025-10-12 14:42:10,904 - api_entries_etl - DEBUG -   position: 4
2025-10-12 14:42:10,904 - api_entries_etl - DEBUG -   description: 要素の関連づけ方法の指定。ボディ関連は"B"、それ以外（空白含む）はフィーチャー関連
2025-10-12 14:42:10,904 - api_entries_etl - DEBUG -   raw_json: {"name":"ReferMethod","type":"関連設定","description":"要素の関連づけ方法の指定。ボディ関連は\"B\"、それ以外（空白含む）はフィーチャー関連","position":4}
2025-10-12 14:42:10,904 - api_entries_etl - DEBUG - [Relation #659] Created HAS_PARAMETER: api_entry::CreateOtherSolid -> param::CreateOtherSolid::ReferMethod
2025-10-12 14:42:10,904 - api_entries_etl - DEBUG - [Node #538] Created Parameter: param::CreateOtherSolid::bUpdate
2025-10-12 14:42:10,904 - api_entries_etl - DEBUG -   name: bUpdate
2025-10-12 14:42:10,904 - api_entries_etl - DEBUG -   param_type: bool
2025-10-12 14:42:10,904 - api_entries_etl - DEBUG -   position: 5
2025-10-12 14:42:10,904 - api_entries_etl - DEBUG -   description: 更新フラグ（未実装、使用しない）
2025-10-12 14:42:10,904 - api_entries_etl - DEBUG -   raw_json: {"name":"bUpdate","type":"bool","description":"更新フラグ（未実装、使用しない）","position":5}
2025-10-12 14:42:10,904 - api_entries_etl - DEBUG - [Relation #660] Created HAS_PARAMETER: api_entry::CreateOtherSolid -> param::CreateOtherSolid::bUpdate
2025-10-12 14:42:10,920 - api_entries_etl - DEBUG - [Node #539] Created ReturnValue: return::CreateOtherSolid
2025-10-12 14:42:10,920 - api_entries_etl - DEBUG -   return_type: 文字列
2025-10-12 14:42:10,920 - api_entries_etl - DEBUG -   description: 作成された別ソリッドフィーチャーのID（ID@...形式の文字列）
2025-10-12 14:42:10,920 - api_entries_etl - DEBUG -   raw_json: {"type":"文字列","description":"作成された別ソリッドフィーチャーのID（ID@...形式の文字列）"}
2025-10-12 14:42:10,920 - api_entries_etl - DEBUG - [Relation #661] Created HAS_RETURN: api_entry::CreateOtherSolid -> return::CreateOtherSolid
2025-10-12 14:42:10,920 - api_entries_etl - DEBUG - [Node #540] Created PseudoCode: pseudo_code::CreateOtherSolid
2025-10-12 14:42:10,920 - api_entries_etl - DEBUG -   code: CreateOtherSolid(OtherSolidFeatureName, TargetSolidName, OperationType, SourceSolid, ReferMethod, bUpdate)
2025-10-12 14:42:10,920 - api_entries_etl - DEBUG -   callee: CreateOtherSolid
2025-10-12 14:42:10,920 - api_entries_etl - DEBUG -   argument_count: 6
2025-10-12 14:42:10,920 - api_entries_etl - DEBUG -   arguments_json: ["OtherSolidFeatureName","TargetSolidName","OperationType","SourceSolid","ReferMethod","bUpdate"]
2025-10-12 14:42:10,920 - api_entries_etl - DEBUG - [Relation #662] Created HAS_PSEUDO_CODE: api_entry::CreateOtherSolid -> pseudo_code::CreateOtherSolid
2025-10-12 14:42:10,920 - api_entries_etl - DEBUG - [Node #541] Created PseudoCodeArgument: pseudo_code::CreateOtherSolid::arg::0
2025-10-12 14:42:10,920 - api_entries_etl - DEBUG -   text: OtherSolidFeatureName
2025-10-12 14:42:10,920 - api_entries_etl - DEBUG -   position: 0
2025-10-12 14:42:10,920 - api_entries_etl - DEBUG -   normalized_text: othersolidfeaturename
2025-10-12 14:42:10,920 - api_entries_etl - DEBUG - [Relation #663] Created HAS_ARGUMENT: pseudo_code::CreateOtherSolid -> pseudo_code::CreateOtherSolid::arg::0
2025-10-12 14:42:10,920 - api_entries_etl - DEBUG - [Relation #664] Created ARGUMENT_MATCHES_PARAMETER: pseudo_code::CreateOtherSolid::arg::0 -> param::CreateOtherSolid::OtherSolidFeatureName
2025-10-12 14:42:10,920 - api_entries_etl - DEBUG - [Node #542] Created PseudoCodeArgument: pseudo_code::CreateOtherSolid::arg::1
2025-10-12 14:42:10,920 - api_entries_etl - DEBUG -   text: TargetSolidName
2025-10-12 14:42:10,920 - api_entries_etl - DEBUG -   position: 1
2025-10-12 14:42:10,920 - api_entries_etl - DEBUG -   normalized_text: targetsolidname
2025-10-12 14:42:10,920 - api_entries_etl - DEBUG - [Relation #665] Created HAS_ARGUMENT: pseudo_code::CreateOtherSolid -> pseudo_code::CreateOtherSolid::arg::1
2025-10-12 14:42:10,920 - api_entries_etl - DEBUG - [Relation #666] Created ARGUMENT_MATCHES_PARAMETER: pseudo_code::CreateOtherSolid::arg::1 -> param::CreateOtherSolid::TargetSolidName
2025-10-12 14:42:10,920 - api_entries_etl - DEBUG - [Node #543] Created PseudoCodeArgument: pseudo_code::CreateOtherSolid::arg::2
2025-10-12 14:42:10,920 - api_entries_etl - DEBUG -   text: OperationType
2025-10-12 14:42:10,920 - api_entries_etl - DEBUG -   position: 2
2025-10-12 14:42:10,920 - api_entries_etl - DEBUG -   normalized_text: operationtype
2025-10-12 14:42:10,920 - api_entries_etl - DEBUG - [Relation #667] Created HAS_ARGUMENT: pseudo_code::CreateOtherSolid -> pseudo_code::CreateOtherSolid::arg::2
2025-10-12 14:42:10,920 - api_entries_etl - DEBUG - [Relation #668] Created ARGUMENT_MATCHES_PARAMETER: pseudo_code::CreateOtherSolid::arg::2 -> param::CreateOtherSolid::OperationType
2025-10-12 14:42:10,920 - api_entries_etl - DEBUG - [Node #544] Created PseudoCodeArgument: pseudo_code::CreateOtherSolid::arg::3
2025-10-12 14:42:10,920 - api_entries_etl - DEBUG -   text: SourceSolid
2025-10-12 14:42:10,920 - api_entries_etl - DEBUG -   position: 3
2025-10-12 14:42:10,920 - api_entries_etl - DEBUG -   normalized_text: sourcesolid
2025-10-12 14:42:10,920 - api_entries_etl - DEBUG - [Relation #669] Created HAS_ARGUMENT: pseudo_code::CreateOtherSolid -> pseudo_code::CreateOtherSolid::arg::3
2025-10-12 14:42:10,920 - api_entries_etl - DEBUG - [Relation #670] Created ARGUMENT_MATCHES_PARAMETER: pseudo_code::CreateOtherSolid::arg::3 -> param::CreateOtherSolid::SourceSolid
2025-10-12 14:42:10,920 - api_entries_etl - DEBUG - [Node #545] Created PseudoCodeArgument: pseudo_code::CreateOtherSolid::arg::4
2025-10-12 14:42:10,920 - api_entries_etl - DEBUG -   text: ReferMethod
2025-10-12 14:42:10,920 - api_entries_etl - DEBUG -   position: 4
2025-10-12 14:42:10,920 - api_entries_etl - DEBUG -   normalized_text: refermethod
2025-10-12 14:42:10,920 - api_entries_etl - DEBUG - [Relation #671] Created HAS_ARGUMENT: pseudo_code::CreateOtherSolid -> pseudo_code::CreateOtherSolid::arg::4
2025-10-12 14:42:10,920 - api_entries_etl - DEBUG - [Relation #672] Created ARGUMENT_MATCHES_PARAMETER: pseudo_code::CreateOtherSolid::arg::4 -> param::CreateOtherSolid::ReferMethod
2025-10-12 14:42:10,920 - api_entries_etl - DEBUG - [Node #546] Created PseudoCodeArgument: pseudo_code::CreateOtherSolid::arg::5
2025-10-12 14:42:10,920 - api_entries_etl - DEBUG -   text: bUpdate
2025-10-12 14:42:10,920 - api_entries_etl - DEBUG -   position: 5
2025-10-12 14:42:10,920 - api_entries_etl - DEBUG -   normalized_text: bupdate
2025-10-12 14:42:10,920 - api_entries_etl - DEBUG - [Relation #673] Created HAS_ARGUMENT: pseudo_code::CreateOtherSolid -> pseudo_code::CreateOtherSolid::arg::5
2025-10-12 14:42:10,920 - api_entries_etl - DEBUG - [Relation #674] Created ARGUMENT_MATCHES_PARAMETER: pseudo_code::CreateOtherSolid::arg::5 -> param::CreateOtherSolid::bUpdate
2025-10-12 14:42:10,920 - api_entries_etl - DEBUG - [Node #547] Created Source: source::CreateOtherSolid::inline
2025-10-12 14:42:10,920 - api_entries_etl - DEBUG -   text: 〇指定したソリッド要素に別のソリッド要素形状を付加する
  返り値:作成された別ソリッドフィーチャーのID
  CreateOtherSolid(
    OtherSolidFeatureName, // 文字列：作成する別ソリッド...
2025-10-12 14:42:10,920 - api_entries_etl - DEBUG - [Relation #675] Created CITED_FROM: api_entry::CreateOtherSolid -> source::CreateOtherSolid::inline
2025-10-12 14:42:10,920 - api_entries_etl - DEBUG - Processing API entry #43: CreateBracketParam
2025-10-12 14:42:10,920 - api_entries_etl - DEBUG - [Node #548] Created APIEntry: api_entry::CreateBracketParam
2025-10-12 14:42:10,920 - api_entries_etl - DEBUG -   name: CreateBracketParam
2025-10-12 14:42:10,920 - api_entries_etl - DEBUG -   category: Partオブジェクト
2025-10-12 14:42:10,920 - api_entries_etl - DEBUG -   entry_type: function
2025-10-12 14:42:10,920 - api_entries_etl - DEBUG -   description: 船殻のブラケット要素のパラメータオブジェクトの作成
2025-10-12 14:42:10,920 - api_entries_etl - DEBUG -   pseudo_code: CreateBracketParam()
2025-10-12 14:42:10,920 - api_entries_etl - DEBUG -   text: 船殻のブラケット要素のパラメータオブジェクトの作成

〇船殻のブラケット要素のパラメータオブジェクトの作成
 返り値:ブラケット要素のパラメータオブジェクト
 CreateBracketParam()
2025-10-12 14:42:10,920 - api_entries_etl - DEBUG -   raw_json: {"category":"Partオブジェクト","entry_type":"function","name":"CreateBracketParam","description":"船殻のブラケット要素のパラメータオブジェクトの作成...
2025-10-12 14:42:10,920 - api_entries_etl - DEBUG -   position: 42
2025-10-12 14:42:10,920 - api_entries_etl - DEBUG - [Relation #676] Created HAS_ENTRY: api_entries::collection -> api_entry::CreateBracketParam
2025-10-12 14:42:10,920 - api_entries_etl - DEBUG - [Node #549] Created Category: category::Partオブジェクト
2025-10-12 14:42:10,920 - api_entries_etl - DEBUG -   name: Partオブジェクト
2025-10-12 14:42:10,920 - api_entries_etl - DEBUG - [Relation #677] Created IN_CATEGORY: api_entry::CreateBracketParam -> category::Partオブジェクト
2025-10-12 14:42:10,920 - api_entries_etl - DEBUG - [Node #550] Created EntryType: entry_type::function
2025-10-12 14:42:10,920 - api_entries_etl - DEBUG -   name: function
2025-10-12 14:42:10,920 - api_entries_etl - DEBUG - [Relation #678] Created HAS_ENTRY_TYPE: api_entry::CreateBracketParam -> entry_type::function
2025-10-12 14:42:10,920 - api_entries_etl - DEBUG - [Node #551] Created ReturnValue: return::CreateBracketParam
2025-10-12 14:42:10,920 - api_entries_etl - DEBUG -   return_type: ブラケット要素のパラメータオブジェクト
2025-10-12 14:42:10,920 - api_entries_etl - DEBUG -   description: ブラケット要素のパラメータオブジェクト
2025-10-12 14:42:10,920 - api_entries_etl - DEBUG -   raw_json: {"type":"ブラケット要素のパラメータオブジェクト","description":"ブラケット要素のパラメータオブジェクト"}
2025-10-12 14:42:10,920 - api_entries_etl - DEBUG - [Relation #679] Created HAS_RETURN: api_entry::CreateBracketParam -> return::CreateBracketParam
2025-10-12 14:42:10,920 - api_entries_etl - DEBUG - [Relation #680] Created RETURNS_ENTRY: return::CreateBracketParam -> api_entry::ブラケット要素のパラメータオブジェクト
2025-10-12 14:42:10,920 - api_entries_etl - WARNING - Destination node 'api_entry::ブラケット要素のパラメータオブジェクト' not found when creating relation
2025-10-12 14:42:10,920 - api_entries_etl - DEBUG - [Node #552] Created PseudoCode: pseudo_code::CreateBracketParam
2025-10-12 14:42:10,920 - api_entries_etl - DEBUG -   code: CreateBracketParam()
2025-10-12 14:42:10,920 - api_entries_etl - DEBUG -   callee: CreateBracketParam
2025-10-12 14:42:10,931 - api_entries_etl - DEBUG -   argument_count: 0
2025-10-12 14:42:10,931 - api_entries_etl - DEBUG - [Relation #681] Created HAS_PSEUDO_CODE: api_entry::CreateBracketParam -> pseudo_code::CreateBracketParam
2025-10-12 14:42:10,931 - api_entries_etl - DEBUG - [Node #553] Created Source: source::CreateBracketParam::inline
2025-10-12 14:42:10,931 - api_entries_etl - DEBUG -   text: 〇船殻のブラケット要素のパラメータオブジェクトの作成
 返り値:ブラケット要素のパラメータオブジェクト
 CreateBracketParam()
2025-10-12 14:42:10,931 - api_entries_etl - DEBUG - [Relation #682] Created CITED_FROM: api_entry::CreateBracketParam -> source::CreateBracketParam::inline
2025-10-12 14:42:10,931 - api_entries_etl - DEBUG - Processing API entry #44: ブラケット要素のパラメータオブジェクト
2025-10-12 14:42:10,931 - api_entries_etl - DEBUG - [Node #554] Created APIEntry: api_entry::ブラケット要素のパラメータオブジェクト
2025-10-12 14:42:10,931 - api_entries_etl - DEBUG -   name: ブラケット要素のパラメータオブジェクト
2025-10-12 14:42:10,931 - api_entries_etl - DEBUG -   category: ブラケット要素のパラメータオブジェクト
2025-10-12 14:42:10,931 - api_entries_etl - DEBUG -   entry_type: object
2025-10-12 14:42:10,931 - api_entries_etl - DEBUG -   description: 船殻のブラケットソリッド要素作成の設定パラメータを格納するオブジェクト
2025-10-12 14:42:10,931 - api_entries_etl - DEBUG -   text: 船殻のブラケットソリッド要素作成の設定パラメータを格納するオブジェクト

〇ブラケット要素のパラメータオブジェクト
   属性
        DefinitionType //　整数: ブラケットの作成方法指定　0: 面指定　1:基...
2025-10-12 14:42:10,931 - api_entries_etl - DEBUG -   raw_json: {"category":"ブラケット要素のパラメータオブジェクト","entry_type":"object","name":"ブラケット要素のパラメータオブジェクト","description":"船殻のブラケットソリッド要素作成の...
2025-10-12 14:42:10,931 - api_entries_etl - DEBUG -   position: 43
2025-10-12 14:42:10,931 - api_entries_etl - DEBUG - [Relation #683] Created HAS_ENTRY: api_entries::collection -> api_entry::ブラケット要素のパラメータオブジェクト
2025-10-12 14:42:10,931 - api_entries_etl - DEBUG - [Node #555] Created Category: category::ブラケット要素のパラメータオブジェクト
2025-10-12 14:42:10,931 - api_entries_etl - DEBUG -   name: ブラケット要素のパラメータオブジェクト
2025-10-12 14:42:10,931 - api_entries_etl - DEBUG - [Relation #684] Created IN_CATEGORY: api_entry::ブラケット要素のパラメータオブジェクト -> category::ブラケット要素のパラメータオブジェクト
2025-10-12 14:42:10,931 - api_entries_etl - DEBUG - [Node #556] Created EntryType: entry_type::object
2025-10-12 14:42:10,931 - api_entries_etl - DEBUG -   name: object
2025-10-12 14:42:10,931 - api_entries_etl - DEBUG - [Relation #685] Created HAS_ENTRY_TYPE: api_entry::ブラケット要素のパラメータオブジェクト -> entry_type::object
2025-10-12 14:42:10,931 - api_entries_etl - DEBUG - [Node #557] Created Property: property::ブラケット要素のパラメータオブジェクト::DefinitionType
2025-10-12 14:42:10,936 - api_entries_etl - DEBUG -   name: DefinitionType
2025-10-12 14:42:10,936 - api_entries_etl - DEBUG -   property_type: 整数
2025-10-12 14:42:10,936 - api_entries_etl - DEBUG -   description: ブラケットの作成方法指定　0: 面指定　1:基準要素指定
2025-10-12 14:42:10,936 - api_entries_etl - DEBUG -   raw_json: {"name":"DefinitionType","type":"整数","description":"ブラケットの作成方法指定　0: 面指定　1:基準要素指定"}
2025-10-12 14:42:10,936 - api_entries_etl - DEBUG -   position: 0
2025-10-12 14:42:10,936 - api_entries_etl - DEBUG - [Relation #686] Created HAS_PROPERTY: api_entry::ブラケット要素のパラメータオブジェクト -> property::ブラケット要素のパラメータオブジェクト::DefinitionType
2025-10-12 14:42:10,937 - api_entries_etl - DEBUG - [Node #558] Created Property: property::ブラケット要素のパラメータオブジェクト::BracketName
2025-10-12 14:42:10,937 - api_entries_etl - DEBUG -   name: BracketName
2025-10-12 14:42:10,937 - api_entries_etl - DEBUG -   property_type: 文字列
2025-10-12 14:42:10,937 - api_entries_etl - DEBUG -   description: 作成するブラケットソリッド要素名称（空文字可）
2025-10-12 14:42:10,937 - api_entries_etl - DEBUG -   raw_json: {"name":"BracketName","type":"文字列","description":"作成するブラケットソリッド要素名称（空文字可）"}
2025-10-12 14:42:10,937 - api_entries_etl - DEBUG -   position: 1
2025-10-12 14:42:10,937 - api_entries_etl - DEBUG - [Relation #687] Created HAS_PROPERTY: api_entry::ブラケット要素のパラメータオブジェクト -> property::ブラケット要素のパラメータオブジェクト::BracketName
2025-10-12 14:42:10,937 - api_entries_etl - DEBUG - [Node #559] Created Property: property::ブラケット要素のパラメータオブジェクト::ElementGroup
2025-10-12 14:42:10,937 - api_entries_etl - DEBUG -   name: ElementGroup
2025-10-12 14:42:10,937 - api_entries_etl - DEBUG -   property_type: 要素グループ
2025-10-12 14:42:10,937 - api_entries_etl - DEBUG -   description: 作成するソリッド要素を要素グループに入れる場合は要素グループを指定（空文字可）
2025-10-12 14:42:10,937 - api_entries_etl - DEBUG -   raw_json: {"name":"ElementGroup","type":"要素グループ","description":"作成するソリッド要素を要素グループに入れる場合は要素グループを指定（空文字可）"}
2025-10-12 14:42:10,937 - api_entries_etl - DEBUG -   position: 2
2025-10-12 14:42:10,937 - api_entries_etl - DEBUG - [Relation #688] Created HAS_PROPERTY: api_entry::ブラケット要素のパラメータオブジェクト -> property::ブラケット要素のパラメータオブジェクト::ElementGroup
2025-10-12 14:42:10,937 - api_entries_etl - DEBUG - [Node #560] Created Property: property::ブラケット要素のパラメータオブジェクト::MaterialName
2025-10-12 14:42:10,937 - api_entries_etl - DEBUG -   name: MaterialName
2025-10-12 14:42:10,937 - api_entries_etl - DEBUG -   property_type: 材料
2025-10-12 14:42:10,937 - api_entries_etl - DEBUG -   description: 作成するソリッド要素の材質名称（空文字可）
2025-10-12 14:42:10,937 - api_entries_etl - DEBUG -   raw_json: {"name":"MaterialName","type":"材料","description":"作成するソリッド要素の材質名称（空文字可）"}
2025-10-12 14:42:10,937 - api_entries_etl - DEBUG -   position: 3
2025-10-12 14:42:10,937 - api_entries_etl - DEBUG - [Relation #689] Created HAS_PROPERTY: api_entry::ブラケット要素のパラメータオブジェクト -> property::ブラケット要素のパラメータオブジェクト::MaterialName
2025-10-12 14:42:10,937 - api_entries_etl - DEBUG - [Node #561] Created Property: property::ブラケット要素のパラメータオブジェクト::BasePlane
2025-10-12 14:42:10,937 - api_entries_etl - DEBUG -   name: BasePlane
2025-10-12 14:42:10,937 - api_entries_etl - DEBUG -   property_type: 面指定の場合の基準平面
2025-10-12 14:42:10,937 - api_entries_etl - DEBUG -   description: 面指定の場合の基準平面
2025-10-12 14:42:10,937 - api_entries_etl - DEBUG -   raw_json: {"name":"BasePlane","type":"面指定の場合の基準平面","description":"面指定の場合の基準平面"}
2025-10-12 14:42:10,937 - api_entries_etl - DEBUG -   position: 4
2025-10-12 14:42:10,937 - api_entries_etl - DEBUG - [Relation #690] Created HAS_PROPERTY: api_entry::ブラケット要素のパラメータオブジェクト -> property::ブラケット要素のパラメータオブジェクト::BasePlane
2025-10-12 14:42:10,937 - api_entries_etl - DEBUG - [Node #562] Created Property: property::ブラケット要素のパラメータオブジェクト::BasePlaneOffset
2025-10-12 14:42:10,937 - api_entries_etl - DEBUG -   name: BasePlaneOffset
2025-10-12 14:42:10,937 - api_entries_etl - DEBUG -   property_type: 長さ
2025-10-12 14:42:10,937 - api_entries_etl - DEBUG -   description: 基準平面のオフセット距離
2025-10-12 14:42:10,937 - api_entries_etl - DEBUG -   raw_json: {"name":"BasePlaneOffset","type":"長さ","description":"基準平面のオフセット距離"}
2025-10-12 14:42:10,937 - api_entries_etl - DEBUG -   position: 5
2025-10-12 14:42:10,937 - api_entries_etl - DEBUG - [Relation #691] Created HAS_PROPERTY: api_entry::ブラケット要素のパラメータオブジェクト -> property::ブラケット要素のパラメータオブジェクト::BasePlaneOffset
2025-10-12 14:42:10,937 - api_entries_etl - DEBUG - [Node #563] Created Property: property::ブラケット要素のパラメータオブジェクト::BaseElement
2025-10-12 14:42:10,937 - api_entries_etl - DEBUG -   name: BaseElement
2025-10-12 14:42:10,937 - api_entries_etl - DEBUG -   property_type: 基準要素指定の場合の基準要素
2025-10-12 14:42:10,937 - api_entries_etl - DEBUG -   description: 基準要素指定の場合の基準要素
2025-10-12 14:42:10,937 - api_entries_etl - DEBUG -   raw_json: {"name":"BaseElement","type":"基準要素指定の場合の基準要素","description":"基準要素指定の場合の基準要素"}
2025-10-12 14:42:10,937 - api_entries_etl - DEBUG -   position: 6
2025-10-12 14:42:10,937 - api_entries_etl - DEBUG - [Relation #692] Created HAS_PROPERTY: api_entry::ブラケット要素のパラメータオブジェクト -> property::ブラケット要素のパラメータオブジェクト::BaseElement
2025-10-12 14:42:10,937 - api_entries_etl - DEBUG - [Node #564] Created Property: property::ブラケット要素のパラメータオブジェクト::UseSideSheetForPlane
2025-10-12 14:42:10,937 - api_entries_etl - DEBUG -   name: UseSideSheetForPlane
2025-10-12 14:42:10,937 - api_entries_etl - DEBUG -   property_type: bool
2025-10-12 14:42:10,937 - api_entries_etl - DEBUG -   description: 三面指定の場合はTrue
2025-10-12 14:42:10,937 - api_entries_etl - DEBUG -   raw_json: {"name":"UseSideSheetForPlane","type":"bool","description":"三面指定の場合はTrue"}
2025-10-12 14:42:10,937 - api_entries_etl - DEBUG -   position: 7
2025-10-12 14:42:10,937 - api_entries_etl - DEBUG - [Relation #693] Created HAS_PROPERTY: api_entry::ブラケット要素のパラメータオブジェクト -> property::ブラケット要素のパラメータオブジェクト::UseSideSheetForPlane
2025-10-12 14:42:10,937 - api_entries_etl - DEBUG - [Node #565] Created Property: property::ブラケット要素のパラメータオブジェクト::Thickness
2025-10-12 14:42:10,944 - api_entries_etl - DEBUG -   name: Thickness
2025-10-12 14:42:10,944 - api_entries_etl - DEBUG -   property_type: 長さ
2025-10-12 14:42:10,944 - api_entries_etl - DEBUG -   description: 板厚
2025-10-12 14:42:10,944 - api_entries_etl - DEBUG -   raw_json: {"name":"Thickness","type":"長さ","description":"板厚"}
2025-10-12 14:42:10,944 - api_entries_etl - DEBUG -   position: 8
2025-10-12 14:42:10,946 - api_entries_etl - DEBUG - [Relation #694] Created HAS_PROPERTY: api_entry::ブラケット要素のパラメータオブジェクト -> property::ブラケット要素のパラメータオブジェクト::Thickness
2025-10-12 14:42:10,946 - api_entries_etl - DEBUG - [Node #566] Created Property: property::ブラケット要素のパラメータオブジェクト::Mold
2025-10-12 14:42:10,946 - api_entries_etl - DEBUG -   name: Mold
2025-10-12 14:42:10,946 - api_entries_etl - DEBUG -   property_type: モールド位置
2025-10-12 14:42:10,946 - api_entries_etl - DEBUG -   description: モールド位置
2025-10-12 14:42:10,946 - api_entries_etl - DEBUG -   raw_json: {"name":"Mold","type":"モールド位置","description":"モールド位置"}
2025-10-12 14:42:10,946 - api_entries_etl - DEBUG -   position: 9
2025-10-12 14:42:10,946 - api_entries_etl - DEBUG - [Relation #695] Created HAS_PROPERTY: api_entry::ブラケット要素のパラメータオブジェクト -> property::ブラケット要素のパラメータオブジェクト::Mold
2025-10-12 14:42:10,946 - api_entries_etl - DEBUG - [Node #567] Created Property: property::ブラケット要素のパラメータオブジェクト::MoldOffset
2025-10-12 14:42:10,949 - api_entries_etl - DEBUG -   name: MoldOffset
2025-10-12 14:42:10,949 - api_entries_etl - DEBUG -   property_type: 長さ
2025-10-12 14:42:10,949 - api_entries_etl - DEBUG -   description: モールド位置のオフセット距離
2025-10-12 14:42:10,949 - api_entries_etl - DEBUG -   raw_json: {"name":"MoldOffset","type":"長さ","description":"モールド位置のオフセット距離"}
2025-10-12 14:42:10,949 - api_entries_etl - DEBUG -   position: 10
2025-10-12 14:42:10,949 - api_entries_etl - DEBUG - [Relation #696] Created HAS_PROPERTY: api_entry::ブラケット要素のパラメータオブジェクト -> property::ブラケット要素のパラメータオブジェクト::MoldOffset
2025-10-12 14:42:10,951 - api_entries_etl - DEBUG - [Node #568] Created Property: property::ブラケット要素のパラメータオブジェクト::BracketType
2025-10-12 14:42:10,951 - api_entries_etl - DEBUG -   name: BracketType
2025-10-12 14:42:10,953 - api_entries_etl - DEBUG -   property_type: 形状タイプ
2025-10-12 14:42:10,953 - api_entries_etl - DEBUG -   description: ブラケットの形状タイプ
2025-10-12 14:42:10,953 - api_entries_etl - DEBUG -   raw_json: {"name":"BracketType","type":"形状タイプ","description":"ブラケットの形状タイプ"}
2025-10-12 14:42:10,953 - api_entries_etl - DEBUG -   position: 11
2025-10-12 14:42:10,953 - api_entries_etl - DEBUG - [Relation #697] Created HAS_PROPERTY: api_entry::ブラケット要素のパラメータオブジェクト -> property::ブラケット要素のパラメータオブジェクト::BracketType
2025-10-12 14:42:10,953 - api_entries_etl - DEBUG - [Node #569] Created Property: property::ブラケット要素のパラメータオブジェクト::BracketParams
2025-10-12 14:42:10,953 - api_entries_etl - DEBUG -   name: BracketParams
2025-10-12 14:42:10,953 - api_entries_etl - DEBUG -   property_type: 形状パラメータ
2025-10-12 14:42:10,953 - api_entries_etl - DEBUG -   description: ブラケットの形状タイプのパラメータ
2025-10-12 14:42:10,953 - api_entries_etl - DEBUG -   raw_json: {"name":"BracketParams","type":"形状パラメータ","description":"ブラケットの形状タイプのパラメータ"}
2025-10-12 14:42:10,953 - api_entries_etl - DEBUG -   position: 12
2025-10-12 14:42:10,953 - api_entries_etl - DEBUG - [Relation #698] Created HAS_PROPERTY: api_entry::ブラケット要素のパラメータオブジェクト -> property::ブラケット要素のパラメータオブジェクト::BracketParams
2025-10-12 14:42:10,953 - api_entries_etl - DEBUG - [Node #570] Created Property: property::ブラケット要素のパラメータオブジェクト::Scallop1Type
2025-10-12 14:42:10,953 - api_entries_etl - DEBUG -   name: Scallop1Type
2025-10-12 14:42:10,953 - api_entries_etl - DEBUG -   property_type: 形状タイプ
2025-10-12 14:42:10,953 - api_entries_etl - DEBUG -   description: ブラケットのスカラップの形状タイプ
2025-10-12 14:42:10,953 - api_entries_etl - DEBUG -   raw_json: {"name":"Scallop1Type","type":"形状タイプ","description":"ブラケットのスカラップの形状タイプ"}
2025-10-12 14:42:10,953 - api_entries_etl - DEBUG -   position: 13
2025-10-12 14:42:10,958 - api_entries_etl - DEBUG - [Relation #699] Created HAS_PROPERTY: api_entry::ブラケット要素のパラメータオブジェクト -> property::ブラケット要素のパラメータオブジェクト::Scallop1Type
2025-10-12 14:42:10,959 - api_entries_etl - DEBUG - [Node #571] Created Property: property::ブラケット要素のパラメータオブジェクト::Scallop1Params
2025-10-12 14:42:10,959 - api_entries_etl - DEBUG -   name: Scallop1Params
2025-10-12 14:42:10,959 - api_entries_etl - DEBUG -   property_type: 形状パラメータ
2025-10-12 14:42:10,959 - api_entries_etl - DEBUG -   description: ブラケットのスカラップの形状タイプのパラメータ
2025-10-12 14:42:10,959 - api_entries_etl - DEBUG -   raw_json: {"name":"Scallop1Params","type":"形状パラメータ","description":"ブラケットのスカラップの形状タイプのパラメータ"}
2025-10-12 14:42:10,959 - api_entries_etl - DEBUG -   position: 14
2025-10-12 14:42:10,959 - api_entries_etl - DEBUG - [Relation #700] Created HAS_PROPERTY: api_entry::ブラケット要素のパラメータオブジェクト -> property::ブラケット要素のパラメータオブジェクト::Scallop1Params
2025-10-12 14:42:10,959 - api_entries_etl - DEBUG - [Node #572] Created Property: property::ブラケット要素のパラメータオブジェクト::nScallop2Type
2025-10-12 14:42:10,959 - api_entries_etl - DEBUG -   name: nScallop2Type
2025-10-12 14:42:10,959 - api_entries_etl - DEBUG -   property_type: 形状タイプ
2025-10-12 14:42:10,959 - api_entries_etl - DEBUG -   description: ３面ブラケットの場合のスカラップ２の形状タイプ
2025-10-12 14:42:10,959 - api_entries_etl - DEBUG -   raw_json: {"name":"nScallop2Type","type":"形状タイプ","description":"３面ブラケットの場合のスカラップ２の形状タイプ"}
2025-10-12 14:42:10,962 - api_entries_etl - DEBUG -   position: 15
2025-10-12 14:42:10,963 - api_entries_etl - DEBUG - [Relation #701] Created HAS_PROPERTY: api_entry::ブラケット要素のパラメータオブジェクト -> property::ブラケット要素のパラメータオブジェクト::nScallop2Type
2025-10-12 14:42:10,964 - api_entries_etl - DEBUG - [Node #573] Created Property: property::ブラケット要素のパラメータオブジェクト::Scallop2Params
2025-10-12 14:42:10,964 - api_entries_etl - DEBUG -   name: Scallop2Params
2025-10-12 14:42:10,964 - api_entries_etl - DEBUG -   property_type: 形状パラメータ
2025-10-12 14:42:10,964 - api_entries_etl - DEBUG -   description: ブラケットのスカラップ２の形状タイプのパラメータ
2025-10-12 14:42:10,965 - api_entries_etl - DEBUG -   raw_json: {"name":"Scallop2Params","type":"形状パラメータ","description":"ブラケットのスカラップ２の形状タイプのパラメータ"}
2025-10-12 14:42:10,965 - api_entries_etl - DEBUG -   position: 16
2025-10-12 14:42:10,965 - api_entries_etl - DEBUG - [Relation #702] Created HAS_PROPERTY: api_entry::ブラケット要素のパラメータオブジェクト -> property::ブラケット要素のパラメータオブジェクト::Scallop2Params
2025-10-12 14:42:10,965 - api_entries_etl - DEBUG - [Node #574] Created Property: property::ブラケット要素のパラメータオブジェクト::Surfaces1
2025-10-12 14:42:10,966 - api_entries_etl - DEBUG -   name: Surfaces1
2025-10-12 14:42:10,966 - api_entries_etl - DEBUG -   property_type: 要素(配列)
2025-10-12 14:42:10,966 - api_entries_etl - DEBUG -   description: ブラケット作成する面１の要素（ソリッド、シート、フェイス）
2025-10-12 14:42:10,966 - api_entries_etl - DEBUG -   raw_json: {"name":"Surfaces1","type":"要素(配列)","description":"ブラケット作成する面１の要素（ソリッド、シート、フェイス）"}
2025-10-12 14:42:10,966 - api_entries_etl - DEBUG -   position: 17
2025-10-12 14:42:10,966 - api_entries_etl - DEBUG - [Relation #703] Created HAS_PROPERTY: api_entry::ブラケット要素のパラメータオブジェクト -> property::ブラケット要素のパラメータオブジェクト::Surfaces1
2025-10-12 14:42:10,966 - api_entries_etl - DEBUG - [Node #575] Created Property: property::ブラケット要素のパラメータオブジェクト::RevSf1
2025-10-12 14:42:10,966 - api_entries_etl - DEBUG -   name: RevSf1
2025-10-12 14:42:10,968 - api_entries_etl - DEBUG -   property_type: bool
2025-10-12 14:42:10,968 - api_entries_etl - DEBUG -   description: 面１の反対側にブラケットを作成する場合はTrue
2025-10-12 14:42:10,968 - api_entries_etl - DEBUG -   raw_json: {"name":"RevSf1","type":"bool","description":"面１の反対側にブラケットを作成する場合はTrue"}
2025-10-12 14:42:10,968 - api_entries_etl - DEBUG -   position: 18
2025-10-12 14:42:10,968 - api_entries_etl - DEBUG - [Relation #704] Created HAS_PROPERTY: api_entry::ブラケット要素のパラメータオブジェクト -> property::ブラケット要素のパラメータオブジェクト::RevSf1
2025-10-12 14:42:10,968 - api_entries_etl - DEBUG - [Node #576] Created Property: property::ブラケット要素のパラメータオブジェクト::Surfaces2
2025-10-12 14:42:10,968 - api_entries_etl - DEBUG -   name: Surfaces2
2025-10-12 14:42:10,968 - api_entries_etl - DEBUG -   property_type: 要素(配列)
2025-10-12 14:42:10,968 - api_entries_etl - DEBUG -   description: ブラケット作成する面2の要素（ソリッド、シート、フェイス）
2025-10-12 14:42:10,968 - api_entries_etl - DEBUG -   raw_json: {"name":"Surfaces2","type":"要素(配列)","description":"ブラケット作成する面2の要素（ソリッド、シート、フェイス）"}
2025-10-12 14:42:10,968 - api_entries_etl - DEBUG -   position: 19
2025-10-12 14:42:10,968 - api_entries_etl - DEBUG - [Relation #705] Created HAS_PROPERTY: api_entry::ブラケット要素のパラメータオブジェクト -> property::ブラケット要素のパラメータオブジェクト::Surfaces2
2025-10-12 14:42:10,968 - api_entries_etl - DEBUG - [Node #577] Created Property: property::ブラケット要素のパラメータオブジェクト::RevSf2
2025-10-12 14:42:10,968 - api_entries_etl - DEBUG -   name: RevSf2
2025-10-12 14:42:10,968 - api_entries_etl - DEBUG -   property_type: bool
2025-10-12 14:42:10,968 - api_entries_etl - DEBUG -   description: 面2の反対側にブラケットを作成する場合はTrue
2025-10-12 14:42:10,968 - api_entries_etl - DEBUG -   raw_json: {"name":"RevSf2","type":"bool","description":"面2の反対側にブラケットを作成する場合はTrue"}
2025-10-12 14:42:10,968 - api_entries_etl - DEBUG -   position: 20
2025-10-12 14:42:10,968 - api_entries_etl - DEBUG - [Relation #706] Created HAS_PROPERTY: api_entry::ブラケット要素のパラメータオブジェクト -> property::ブラケット要素のパラメータオブジェクト::RevSf2
2025-10-12 14:42:10,968 - api_entries_etl - DEBUG - [Node #578] Created Property: property::ブラケット要素のパラメータオブジェクト::Surfaces3
2025-10-12 14:42:10,968 - api_entries_etl - DEBUG -   name: Surfaces3
2025-10-12 14:42:10,968 - api_entries_etl - DEBUG -   property_type: 要素(配列)
2025-10-12 14:42:10,968 - api_entries_etl - DEBUG -   description: ３面ブラケット作成する場合の面３の要素（ソリッド、シート、フェイス）
2025-10-12 14:42:10,968 - api_entries_etl - DEBUG -   raw_json: {"name":"Surfaces3","type":"要素(配列)","description":"３面ブラケット作成する場合の面３の要素（ソリッド、シート、フェイス）"}
2025-10-12 14:42:10,968 - api_entries_etl - DEBUG -   position: 21
2025-10-12 14:42:10,968 - api_entries_etl - DEBUG - [Relation #707] Created HAS_PROPERTY: api_entry::ブラケット要素のパラメータオブジェクト -> property::ブラケット要素のパラメータオブジェクト::Surfaces3
2025-10-12 14:42:10,968 - api_entries_etl - DEBUG - [Node #579] Created Property: property::ブラケット要素のパラメータオブジェクト::RevSf3
2025-10-12 14:42:10,968 - api_entries_etl - DEBUG -   name: RevSf3
2025-10-12 14:42:10,968 - api_entries_etl - DEBUG -   property_type: bool
2025-10-12 14:42:10,968 - api_entries_etl - DEBUG -   description: 面3の反対側にブラケットを作成する場合はTrue
2025-10-12 14:42:10,968 - api_entries_etl - DEBUG -   raw_json: {"name":"RevSf3","type":"bool","description":"面3の反対側にブラケットを作成する場合はTrue"}
2025-10-12 14:42:10,968 - api_entries_etl - DEBUG -   position: 22
2025-10-12 14:42:10,968 - api_entries_etl - DEBUG - [Relation #708] Created HAS_PROPERTY: api_entry::ブラケット要素のパラメータオブジェクト -> property::ブラケット要素のパラメータオブジェクト::RevSf3
2025-10-12 14:42:10,968 - api_entries_etl - DEBUG - [Node #580] Created Property: property::ブラケット要素のパラメータオブジェクト::FlangeType
2025-10-12 14:42:10,968 - api_entries_etl - DEBUG -   name: FlangeType
2025-10-12 14:42:10,968 - api_entries_etl - DEBUG -   property_type: 形状タイプ
2025-10-12 14:42:10,968 - api_entries_etl - DEBUG -   description: ブラケットのフランジの形状タイプ　(0の場合はフランジをつけない）
2025-10-12 14:42:10,968 - api_entries_etl - DEBUG -   raw_json: {"name":"FlangeType","type":"形状タイプ","description":"ブラケットのフランジの形状タイプ　(0の場合はフランジをつけない）"}
2025-10-12 14:42:10,968 - api_entries_etl - DEBUG -   position: 23
2025-10-12 14:42:10,968 - api_entries_etl - DEBUG - [Relation #709] Created HAS_PROPERTY: api_entry::ブラケット要素のパラメータオブジェクト -> property::ブラケット要素のパラメータオブジェクト::FlangeType
2025-10-12 14:42:10,968 - api_entries_etl - DEBUG - [Node #581] Created Property: property::ブラケット要素のパラメータオブジェクト::FlangeParams
2025-10-12 14:42:10,968 - api_entries_etl - DEBUG -   name: FlangeParams
2025-10-12 14:42:10,968 - api_entries_etl - DEBUG -   property_type: 形状パラメータ
2025-10-12 14:42:10,968 - api_entries_etl - DEBUG -   description: ブラケットのフランジの形状タイプのパラメータ
2025-10-12 14:42:10,968 - api_entries_etl - DEBUG -   raw_json: {"name":"FlangeParams","type":"形状パラメータ","description":"ブラケットのフランジの形状タイプのパラメータ"}
2025-10-12 14:42:10,968 - api_entries_etl - DEBUG -   position: 24
2025-10-12 14:42:10,968 - api_entries_etl - DEBUG - [Relation #710] Created HAS_PROPERTY: api_entry::ブラケット要素のパラメータオブジェクト -> property::ブラケット要素のパラメータオブジェクト::FlangeParams
2025-10-12 14:42:10,968 - api_entries_etl - DEBUG - [Node #582] Created Property: property::ブラケット要素のパラメータオブジェクト::RevFlange
2025-10-12 14:42:10,968 - api_entries_etl - DEBUG -   name: RevFlange
2025-10-12 14:42:10,968 - api_entries_etl - DEBUG -   property_type: bool
2025-10-12 14:42:10,968 - api_entries_etl - DEBUG -   description: フランジの向きを反転する場合はTrue
2025-10-12 14:42:10,968 - api_entries_etl - DEBUG -   raw_json: {"name":"RevFlange","type":"bool","description":"フランジの向きを反転する場合はTrue"}
2025-10-12 14:42:10,968 - api_entries_etl - DEBUG -   position: 25
2025-10-12 14:42:10,978 - api_entries_etl - DEBUG - [Relation #711] Created HAS_PROPERTY: api_entry::ブラケット要素のパラメータオブジェクト -> property::ブラケット要素のパラメータオブジェクト::RevFlange
2025-10-12 14:42:10,979 - api_entries_etl - DEBUG - [Node #583] Created Property: property::ブラケット要素のパラメータオブジェクト::FlangeAngle
2025-10-12 14:42:10,979 - api_entries_etl - DEBUG -   name: FlangeAngle
2025-10-12 14:42:10,979 - api_entries_etl - DEBUG -   property_type: 角度
2025-10-12 14:42:10,979 - api_entries_etl - DEBUG -   description: フランジの角度指定　０°は直角を意味し、そこからの増分を＋－で指定
2025-10-12 14:42:10,979 - api_entries_etl - DEBUG -   raw_json: {"name":"FlangeAngle","type":"角度","description":"フランジの角度指定　０°は直角を意味し、そこからの増分を＋－で指定"}
2025-10-12 14:42:10,979 - api_entries_etl - DEBUG -   position: 26
2025-10-12 14:42:10,979 - api_entries_etl - DEBUG - [Relation #712] Created HAS_PROPERTY: api_entry::ブラケット要素のパラメータオブジェクト -> property::ブラケット要素のパラメータオブジェクト::FlangeAngle
2025-10-12 14:42:10,979 - api_entries_etl - DEBUG - [Node #584] Created Property: property::ブラケット要素のパラメータオブジェクト::Sf1DimensionType
2025-10-12 14:42:10,979 - api_entries_etl - DEBUG -   name: Sf1DimensionType
2025-10-12 14:42:10,979 - api_entries_etl - DEBUG -   property_type: 形状タイプ
2025-10-12 14:42:10,979 - api_entries_etl - DEBUG -   description: 面１方向の寸法タイプ
2025-10-12 14:42:10,979 - api_entries_etl - DEBUG -   raw_json: {"name":"Sf1DimensionType","type":"形状タイプ","description":"面１方向の寸法タイプ"}
2025-10-12 14:42:10,979 - api_entries_etl - DEBUG -   position: 27
2025-10-12 14:42:10,979 - api_entries_etl - DEBUG - [Relation #713] Created HAS_PROPERTY: api_entry::ブラケット要素のパラメータオブジェクト -> property::ブラケット要素のパラメータオブジェクト::Sf1DimensionType
2025-10-12 14:42:10,979 - api_entries_etl - DEBUG - [Node #585] Created Property: property::ブラケット要素のパラメータオブジェクト::Sf1DimensonParams
2025-10-12 14:42:10,979 - api_entries_etl - DEBUG -   name: Sf1DimensonParams
2025-10-12 14:42:10,979 - api_entries_etl - DEBUG -   property_type: 形状パラメータ
2025-10-12 14:42:10,979 - api_entries_etl - DEBUG -   description: 面１方向の寸法タイプのパラメータ
2025-10-12 14:42:10,979 - api_entries_etl - DEBUG -   raw_json: {"name":"Sf1DimensonParams","type":"形状パラメータ","description":"面１方向の寸法タイプのパラメータ"}
2025-10-12 14:42:10,979 - api_entries_etl - DEBUG -   position: 28
2025-10-12 14:42:10,979 - api_entries_etl - DEBUG - [Relation #714] Created HAS_PROPERTY: api_entry::ブラケット要素のパラメータオブジェクト -> property::ブラケット要素のパラメータオブジェクト::Sf1DimensonParams
2025-10-12 14:42:10,979 - api_entries_etl - DEBUG - [Node #586] Created Property: property::ブラケット要素のパラメータオブジェクト::Sf1EndElements
2025-10-12 14:42:10,979 - api_entries_etl - DEBUG -   name: Sf1EndElements
2025-10-12 14:42:10,979 - api_entries_etl - DEBUG -   property_type: 要素(配列)
2025-10-12 14:42:10,979 - api_entries_etl - DEBUG -   description: 面１方向の端部要素（必要な形状タイプの場合）
2025-10-12 14:42:10,979 - api_entries_etl - DEBUG -   raw_json: {"name":"Sf1EndElements","type":"要素(配列)","description":"面１方向の端部要素（必要な形状タイプの場合）"}
2025-10-12 14:42:10,979 - api_entries_etl - DEBUG -   position: 29
2025-10-12 14:42:10,979 - api_entries_etl - DEBUG - [Relation #715] Created HAS_PROPERTY: api_entry::ブラケット要素のパラメータオブジェクト -> property::ブラケット要素のパラメータオブジェクト::Sf1EndElements
2025-10-12 14:42:10,979 - api_entries_etl - DEBUG - [Node #587] Created Property: property::ブラケット要素のパラメータオブジェクト::Sf1BaseElements
2025-10-12 14:42:10,979 - api_entries_etl - DEBUG -   name: Sf1BaseElements
2025-10-12 14:42:10,979 - api_entries_etl - DEBUG -   property_type: 要素(配列)
2025-10-12 14:42:10,979 - api_entries_etl - DEBUG -   description: 面１方向の基準要素（必要な形状タイプの場合）
2025-10-12 14:42:10,979 - api_entries_etl - DEBUG -   raw_json: {"name":"Sf1BaseElements","type":"要素(配列)","description":"面１方向の基準要素（必要な形状タイプの場合）"}
2025-10-12 14:42:10,979 - api_entries_etl - DEBUG -   position: 30
2025-10-12 14:42:10,979 - api_entries_etl - DEBUG - [Relation #716] Created HAS_PROPERTY: api_entry::ブラケット要素のパラメータオブジェクト -> property::ブラケット要素のパラメータオブジェクト::Sf1BaseElements
2025-10-12 14:42:10,979 - api_entries_etl - DEBUG - [Node #588] Created Property: property::ブラケット要素のパラメータオブジェクト::Sf2DimensionType
2025-10-12 14:42:10,979 - api_entries_etl - DEBUG -   name: Sf2DimensionType
2025-10-12 14:42:10,979 - api_entries_etl - DEBUG -   property_type: 形状タイプ
2025-10-12 14:42:10,979 - api_entries_etl - DEBUG -   description: 面２方向の寸法タイプ
2025-10-12 14:42:10,979 - api_entries_etl - DEBUG -   raw_json: {"name":"Sf2DimensionType","type":"形状タイプ","description":"面２方向の寸法タイプ"}
2025-10-12 14:42:10,979 - api_entries_etl - DEBUG -   position: 31
2025-10-12 14:42:10,979 - api_entries_etl - DEBUG - [Relation #717] Created HAS_PROPERTY: api_entry::ブラケット要素のパラメータオブジェクト -> property::ブラケット要素のパラメータオブジェクト::Sf2DimensionType
2025-10-12 14:42:10,979 - api_entries_etl - DEBUG - [Node #589] Created Property: property::ブラケット要素のパラメータオブジェクト::Sf2DimensonParams
2025-10-12 14:42:10,979 - api_entries_etl - DEBUG -   name: Sf2DimensonParams
2025-10-12 14:42:10,979 - api_entries_etl - DEBUG -   property_type: 形状パラメータ
2025-10-12 14:42:10,979 - api_entries_etl - DEBUG -   description: 面２方向の寸法タイプのパラメータ
2025-10-12 14:42:10,979 - api_entries_etl - DEBUG -   raw_json: {"name":"Sf2DimensonParams","type":"形状パラメータ","description":"面２方向の寸法タイプのパラメータ"}
2025-10-12 14:42:10,979 - api_entries_etl - DEBUG -   position: 32
2025-10-12 14:42:10,979 - api_entries_etl - DEBUG - [Relation #718] Created HAS_PROPERTY: api_entry::ブラケット要素のパラメータオブジェクト -> property::ブラケット要素のパラメータオブジェクト::Sf2DimensonParams
2025-10-12 14:42:10,979 - api_entries_etl - DEBUG - [Node #590] Created Property: property::ブラケット要素のパラメータオブジェクト::Sf2EndElements
2025-10-12 14:42:10,979 - api_entries_etl - DEBUG -   name: Sf2EndElements
2025-10-12 14:42:10,979 - api_entries_etl - DEBUG -   property_type: 要素(配列)
2025-10-12 14:42:10,979 - api_entries_etl - DEBUG -   description: 面２方向の端部要素（必要な形状タイプの場合）
2025-10-12 14:42:10,979 - api_entries_etl - DEBUG -   raw_json: {"name":"Sf2EndElements","type":"要素(配列)","description":"面２方向の端部要素（必要な形状タイプの場合）"}
2025-10-12 14:42:10,979 - api_entries_etl - DEBUG -   position: 33
2025-10-12 14:42:10,979 - api_entries_etl - DEBUG - [Relation #719] Created HAS_PROPERTY: api_entry::ブラケット要素のパラメータオブジェクト -> property::ブラケット要素のパラメータオブジェクト::Sf2EndElements
2025-10-12 14:42:10,979 - api_entries_etl - DEBUG - [Node #591] Created Property: property::ブラケット要素のパラメータオブジェクト::Sf2BaseElements
2025-10-12 14:42:10,979 - api_entries_etl - DEBUG -   name: Sf2BaseElements
2025-10-12 14:42:10,979 - api_entries_etl - DEBUG -   property_type: 要素(配列)
2025-10-12 14:42:10,979 - api_entries_etl - DEBUG -   description: 面２方向の基準要素（必要な形状タイプの場合）
2025-10-12 14:42:10,979 - api_entries_etl - DEBUG -   raw_json: {"name":"Sf2BaseElements","type":"要素(配列)","description":"面２方向の基準要素（必要な形状タイプの場合）"}
2025-10-12 14:42:10,979 - api_entries_etl - DEBUG -   position: 34
2025-10-12 14:42:10,979 - api_entries_etl - DEBUG - [Relation #720] Created HAS_PROPERTY: api_entry::ブラケット要素のパラメータオブジェクト -> property::ブラケット要素のパラメータオブジェクト::Sf2BaseElements
2025-10-12 14:42:10,979 - api_entries_etl - DEBUG - [Node #592] Created Property: property::ブラケット要素のパラメータオブジェクト::ScallopEnd1LowerType
2025-10-12 14:42:10,979 - api_entries_etl - DEBUG -   name: ScallopEnd1LowerType
2025-10-12 14:42:10,979 - api_entries_etl - DEBUG -   property_type: 形状タイプ
2025-10-12 14:42:10,979 - api_entries_etl - DEBUG -   description: 面１方向の下側端部のスカラップのタイプ
2025-10-12 14:42:10,979 - api_entries_etl - DEBUG -   raw_json: {"name":"ScallopEnd1LowerType","type":"形状タイプ","description":"面１方向の下側端部のスカラップのタイプ"}
2025-10-12 14:42:10,979 - api_entries_etl - DEBUG -   position: 35
2025-10-12 14:42:10,979 - api_entries_etl - DEBUG - [Relation #721] Created HAS_PROPERTY: api_entry::ブラケット要素のパラメータオブジェクト -> property::ブラケット要素のパラメータオブジェクト::ScallopEnd1LowerType
2025-10-12 14:42:10,979 - api_entries_etl - DEBUG - [Node #593] Created Property: property::ブラケット要素のパラメータオブジェクト::ScallopEnd1LowerParams
2025-10-12 14:42:10,979 - api_entries_etl - DEBUG -   name: ScallopEnd1LowerParams
2025-10-12 14:42:10,979 - api_entries_etl - DEBUG -   property_type: 形状パラメータ
2025-10-12 14:42:10,979 - api_entries_etl - DEBUG -   description: 面１方向の下側端部のスカラップのタイプのパラメータ
2025-10-12 14:42:10,979 - api_entries_etl - DEBUG -   raw_json: {"name":"ScallopEnd1LowerParams","type":"形状パラメータ","description":"面１方向の下側端部のスカラップのタイプのパラメータ"}
2025-10-12 14:42:10,979 - api_entries_etl - DEBUG -   position: 36
2025-10-12 14:42:10,979 - api_entries_etl - DEBUG - [Relation #722] Created HAS_PROPERTY: api_entry::ブラケット要素のパラメータオブジェクト -> property::ブラケット要素のパラメータオブジェクト::ScallopEnd1LowerParams
2025-10-12 14:42:10,979 - api_entries_etl - DEBUG - [Node #594] Created Property: property::ブラケット要素のパラメータオブジェクト::ScallopEnd1UpperType
2025-10-12 14:42:10,979 - api_entries_etl - DEBUG -   name: ScallopEnd1UpperType
2025-10-12 14:42:10,979 - api_entries_etl - DEBUG -   property_type: 形状タイプ
2025-10-12 14:42:10,979 - api_entries_etl - DEBUG -   description: 面１方向の上側端部のスカラップのタイプ
2025-10-12 14:42:10,979 - api_entries_etl - DEBUG -   raw_json: {"name":"ScallopEnd1UpperType","type":"形状タイプ","description":"面１方向の上側端部のスカラップのタイプ"}
2025-10-12 14:42:10,979 - api_entries_etl - DEBUG -   position: 37
2025-10-12 14:42:10,979 - api_entries_etl - DEBUG - [Relation #723] Created HAS_PROPERTY: api_entry::ブラケット要素のパラメータオブジェクト -> property::ブラケット要素のパラメータオブジェクト::ScallopEnd1UpperType
2025-10-12 14:42:10,979 - api_entries_etl - DEBUG - [Node #595] Created Property: property::ブラケット要素のパラメータオブジェクト::ScallopEnd1UpperParams
2025-10-12 14:42:10,979 - api_entries_etl - DEBUG -   name: ScallopEnd1UpperParams
2025-10-12 14:42:10,979 - api_entries_etl - DEBUG -   property_type: 形状パラメータ
2025-10-12 14:42:10,979 - api_entries_etl - DEBUG -   description: 面１方向の上側端部のスカラップのタイプのパラメータ
2025-10-12 14:42:10,979 - api_entries_etl - DEBUG -   raw_json: {"name":"ScallopEnd1UpperParams","type":"形状パラメータ","description":"面１方向の上側端部のスカラップのタイプのパラメータ"}
2025-10-12 14:42:10,979 - api_entries_etl - DEBUG -   position: 38
2025-10-12 14:42:10,979 - api_entries_etl - DEBUG - [Relation #724] Created HAS_PROPERTY: api_entry::ブラケット要素のパラメータオブジェクト -> property::ブラケット要素のパラメータオブジェクト::ScallopEnd1UpperParams
2025-10-12 14:42:10,979 - api_entries_etl - DEBUG - [Node #596] Created Property: property::ブラケット要素のパラメータオブジェクト::ScallopEnd2LowerType
2025-10-12 14:42:10,979 - api_entries_etl - DEBUG -   name: ScallopEnd2LowerType
2025-10-12 14:42:10,979 - api_entries_etl - DEBUG -   property_type: 形状タイプ
2025-10-12 14:42:10,979 - api_entries_etl - DEBUG -   description: 面２方向の下側端部のスカラップのタイプ
2025-10-12 14:42:10,979 - api_entries_etl - DEBUG -   raw_json: {"name":"ScallopEnd2LowerType","type":"形状タイプ","description":"面２方向の下側端部のスカラップのタイプ"}
2025-10-12 14:42:10,979 - api_entries_etl - DEBUG -   position: 39
2025-10-12 14:42:10,979 - api_entries_etl - DEBUG - [Relation #725] Created HAS_PROPERTY: api_entry::ブラケット要素のパラメータオブジェクト -> property::ブラケット要素のパラメータオブジェクト::ScallopEnd2LowerType
2025-10-12 14:42:10,979 - api_entries_etl - DEBUG - [Node #597] Created Property: property::ブラケット要素のパラメータオブジェクト::ScallopEnd2LowerParams
2025-10-12 14:42:10,979 - api_entries_etl - DEBUG -   name: ScallopEnd2LowerParams
2025-10-12 14:42:10,994 - api_entries_etl - DEBUG -   property_type: 形状パラメータ
2025-10-12 14:42:10,994 - api_entries_etl - DEBUG -   description: 面２方向の下側端部のスカラップのタイプのパラメータ
2025-10-12 14:42:10,994 - api_entries_etl - DEBUG -   raw_json: {"name":"ScallopEnd2LowerParams","type":"形状パラメータ","description":"面２方向の下側端部のスカラップのタイプのパラメータ"}
2025-10-12 14:42:10,994 - api_entries_etl - DEBUG -   position: 40
2025-10-12 14:42:10,994 - api_entries_etl - DEBUG - [Relation #726] Created HAS_PROPERTY: api_entry::ブラケット要素のパラメータオブジェクト -> property::ブラケット要素のパラメータオブジェクト::ScallopEnd2LowerParams
2025-10-12 14:42:10,994 - api_entries_etl - DEBUG - [Node #598] Created Property: property::ブラケット要素のパラメータオブジェクト::ScallopEnd2UpperType
2025-10-12 14:42:10,994 - api_entries_etl - DEBUG -   name: ScallopEnd2UpperType
2025-10-12 14:42:10,994 - api_entries_etl - DEBUG -   property_type: 形状タイプ
2025-10-12 14:42:10,994 - api_entries_etl - DEBUG -   description: 面２方向の上側端部のスカラップのタイプ
2025-10-12 14:42:10,994 - api_entries_etl - DEBUG -   raw_json: {"name":"ScallopEnd2UpperType","type":"形状タイプ","description":"面２方向の上側端部のスカラップのタイプ"}
2025-10-12 14:42:10,994 - api_entries_etl - DEBUG -   position: 41
2025-10-12 14:42:10,994 - api_entries_etl - DEBUG - [Relation #727] Created HAS_PROPERTY: api_entry::ブラケット要素のパラメータオブジェクト -> property::ブラケット要素のパラメータオブジェクト::ScallopEnd2UpperType
2025-10-12 14:42:10,994 - api_entries_etl - DEBUG - [Node #599] Created Property: property::ブラケット要素のパラメータオブジェクト::ScallopEnd2UpperParams
2025-10-12 14:42:10,994 - api_entries_etl - DEBUG -   name: ScallopEnd2UpperParams
2025-10-12 14:42:10,994 - api_entries_etl - DEBUG -   property_type: 形状パラメータ
2025-10-12 14:42:10,994 - api_entries_etl - DEBUG -   description: 面２方向の上側端部のスカラップのタイプのパラメータ
2025-10-12 14:42:10,994 - api_entries_etl - DEBUG -   raw_json: {"name":"ScallopEnd2UpperParams","type":"形状パラメータ","description":"面２方向の上側端部のスカラップのタイプのパラメータ"}
2025-10-12 14:42:10,994 - api_entries_etl - DEBUG -   position: 42
2025-10-12 14:42:10,994 - api_entries_etl - DEBUG - [Relation #728] Created HAS_PROPERTY: api_entry::ブラケット要素のパラメータオブジェクト -> property::ブラケット要素のパラメータオブジェクト::ScallopEnd2UpperParams
2025-10-12 14:42:10,994 - api_entries_etl - DEBUG - [Node #600] Created Property: property::ブラケット要素のパラメータオブジェクト::WCS
2025-10-12 14:42:10,994 - api_entries_etl - DEBUG -   name: WCS
2025-10-12 14:42:10,994 - api_entries_etl - DEBUG -   property_type: 要素
2025-10-12 14:42:10,994 - api_entries_etl - DEBUG -   description: ブラケットが使用する座標系を指定。通常は指定しない
2025-10-12 14:42:10,994 - api_entries_etl - DEBUG -   raw_json: {"name":"WCS","type":"要素","description":"ブラケットが使用する座標系を指定。通常は指定しない"}
2025-10-12 14:42:10,994 - api_entries_etl - DEBUG -   position: 43
2025-10-12 14:42:10,994 - api_entries_etl - DEBUG - [Relation #729] Created HAS_PROPERTY: api_entry::ブラケット要素のパラメータオブジェクト -> property::ブラケット要素のパラメータオブジェクト::WCS
2025-10-12 14:42:10,994 - api_entries_etl - DEBUG - [Node #601] Created Property: property::ブラケット要素のパラメータオブジェクト::ReferMethod
2025-10-12 14:42:10,994 - api_entries_etl - DEBUG -   name: ReferMethod
2025-10-12 14:42:10,994 - api_entries_etl - DEBUG -   property_type: 関連設定
2025-10-12 14:42:10,994 - api_entries_etl - DEBUG -   description: 要素の関連づけ方法の指定
2025-10-12 14:42:10,994 - api_entries_etl - DEBUG -   raw_json: {"name":"ReferMethod","type":"関連設定","description":"要素の関連づけ方法の指定"}
2025-10-12 14:42:10,994 - api_entries_etl - DEBUG -   position: 44
2025-10-12 14:42:10,994 - api_entries_etl - DEBUG - [Relation #730] Created HAS_PROPERTY: api_entry::ブラケット要素のパラメータオブジェクト -> property::ブラケット要素のパラメータオブジェクト::ReferMethod
2025-10-12 14:42:10,994 - api_entries_etl - DEBUG - [Node #602] Created Source: source::ブラケット要素のパラメータオブジェクト::inline
2025-10-12 14:42:10,994 - api_entries_etl - DEBUG -   text: 〇ブラケット要素のパラメータオブジェクト
   属性
        DefinitionType //　整数: ブラケットの作成方法指定　0: 面指定　1:基準要素指定
        BracketName // 文字列：作成する...
2025-10-12 14:42:10,994 - api_entries_etl - DEBUG - [Relation #731] Created CITED_FROM: api_entry::ブラケット要素のパラメータオブジェクト -> source::ブラケット要素のパラメータオブジェクト::inline
2025-10-12 14:42:10,994 - api_entries_etl - DEBUG - Processing API entry #45: CreateBracket
2025-10-12 14:42:10,994 - api_entries_etl - DEBUG - [Node #603] Created APIEntry: api_entry::CreateBracket
2025-10-12 14:42:10,994 - api_entries_etl - DEBUG -   name: CreateBracket
2025-10-12 14:42:10,994 - api_entries_etl - DEBUG -   category: Partオブジェクト
2025-10-12 14:42:10,994 - api_entries_etl - DEBUG -   entry_type: function
2025-10-12 14:42:10,994 - api_entries_etl - DEBUG -   description: 船殻のブラケットソリッド要素を作成する
2025-10-12 14:42:10,994 - api_entries_etl - DEBUG -   pseudo_code: CreateBracket(ParamObj, bUpdate)
2025-10-12 14:42:10,994 - api_entries_etl - DEBUG -   text: 船殻のブラケットソリッド要素を作成する

〇船殻のブラケットソリッド要素を作成する
  返り値:作成したソリッド要素のID
  CreateBracket(
      ParamObj, // ブラケットパラメータオブジェクト
  ...
2025-10-12 14:42:10,994 - api_entries_etl - DEBUG -   raw_json: {"category":"Partオブジェクト","entry_type":"function","name":"CreateBracket","description":"船殻のブラケットソリッド要素を作成する","pseudo_c...
2025-10-12 14:42:10,994 - api_entries_etl - DEBUG -   position: 44
2025-10-12 14:42:10,994 - api_entries_etl - DEBUG - [Relation #732] Created HAS_ENTRY: api_entries::collection -> api_entry::CreateBracket
2025-10-12 14:42:10,994 - api_entries_etl - DEBUG - [Node #604] Created Category: category::Partオブジェクト
2025-10-12 14:42:10,994 - api_entries_etl - DEBUG -   name: Partオブジェクト
2025-10-12 14:42:10,994 - api_entries_etl - DEBUG - [Relation #733] Created IN_CATEGORY: api_entry::CreateBracket -> category::Partオブジェクト
2025-10-12 14:42:10,994 - api_entries_etl - DEBUG - [Node #605] Created EntryType: entry_type::function
2025-10-12 14:42:10,994 - api_entries_etl - DEBUG -   name: function
2025-10-12 14:42:10,994 - api_entries_etl - DEBUG - [Relation #734] Created HAS_ENTRY_TYPE: api_entry::CreateBracket -> entry_type::function
2025-10-12 14:42:11,004 - api_entries_etl - DEBUG - [Node #606] Created Parameter: param::CreateBracket::ParamObj
2025-10-12 14:42:11,004 - api_entries_etl - DEBUG -   name: ParamObj
2025-10-12 14:42:11,004 - api_entries_etl - DEBUG -   param_type: ブラケットパラメータオブジェクト
2025-10-12 14:42:11,004 - api_entries_etl - DEBUG -   position: 0
2025-10-12 14:42:11,004 - api_entries_etl - DEBUG -   description: ブラケット作成用のパラメータを格納したオブジェクト
2025-10-12 14:42:11,004 - api_entries_etl - DEBUG -   raw_json: {"name":"ParamObj","type":"ブラケットパラメータオブジェクト","description":"ブラケット作成用のパラメータを格納したオブジェクト","position":0}
2025-10-12 14:42:11,004 - api_entries_etl - DEBUG - [Relation #735] Created HAS_PARAMETER: api_entry::CreateBracket -> param::CreateBracket::ParamObj
2025-10-12 14:42:11,004 - api_entries_etl - DEBUG - [Node #607] Created Parameter: param::CreateBracket::bUpdate
2025-10-12 14:42:11,004 - api_entries_etl - DEBUG -   name: bUpdate
2025-10-12 14:42:11,004 - api_entries_etl - DEBUG -   param_type: bool
2025-10-12 14:42:11,004 - api_entries_etl - DEBUG -   position: 1
2025-10-12 14:42:11,004 - api_entries_etl - DEBUG -   description: 更新フラグ（未実装、使用しない）
2025-10-12 14:42:11,004 - api_entries_etl - DEBUG -   raw_json: {"name":"bUpdate","type":"bool","description":"更新フラグ（未実装、使用しない）","position":1}
2025-10-12 14:42:11,004 - api_entries_etl - DEBUG - [Relation #736] Created HAS_PARAMETER: api_entry::CreateBracket -> param::CreateBracket::bUpdate
2025-10-12 14:42:11,004 - api_entries_etl - DEBUG - [Node #608] Created ReturnValue: return::CreateBracket
2025-10-12 14:42:11,004 - api_entries_etl - DEBUG -   return_type: ソリッド要素のID
2025-10-12 14:42:11,004 - api_entries_etl - DEBUG -   description: 作成したソリッド要素のID
2025-10-12 14:42:11,004 - api_entries_etl - DEBUG -   raw_json: {"type":"ソリッド要素のID","description":"作成したソリッド要素のID"}
2025-10-12 14:42:11,004 - api_entries_etl - DEBUG - [Relation #737] Created HAS_RETURN: api_entry::CreateBracket -> return::CreateBracket
2025-10-12 14:42:11,004 - api_entries_etl - DEBUG - [Node #609] Created PseudoCode: pseudo_code::CreateBracket
2025-10-12 14:42:11,004 - api_entries_etl - DEBUG -   code: CreateBracket(ParamObj, bUpdate)
2025-10-12 14:42:11,004 - api_entries_etl - DEBUG -   callee: CreateBracket
2025-10-12 14:42:11,004 - api_entries_etl - DEBUG -   argument_count: 2
2025-10-12 14:42:11,004 - api_entries_etl - DEBUG -   arguments_json: ["ParamObj","bUpdate"]
2025-10-12 14:42:11,004 - api_entries_etl - DEBUG - [Relation #738] Created HAS_PSEUDO_CODE: api_entry::CreateBracket -> pseudo_code::CreateBracket
2025-10-12 14:42:11,004 - api_entries_etl - DEBUG - [Node #610] Created PseudoCodeArgument: pseudo_code::CreateBracket::arg::0
2025-10-12 14:42:11,004 - api_entries_etl - DEBUG -   text: ParamObj
2025-10-12 14:42:11,004 - api_entries_etl - DEBUG -   position: 0
2025-10-12 14:42:11,004 - api_entries_etl - DEBUG -   normalized_text: paramobj
2025-10-12 14:42:11,004 - api_entries_etl - DEBUG - [Relation #739] Created HAS_ARGUMENT: pseudo_code::CreateBracket -> pseudo_code::CreateBracket::arg::0
2025-10-12 14:42:11,004 - api_entries_etl - DEBUG - [Relation #740] Created ARGUMENT_MATCHES_PARAMETER: pseudo_code::CreateBracket::arg::0 -> param::CreateBracket::ParamObj
2025-10-12 14:42:11,004 - api_entries_etl - DEBUG - [Node #611] Created PseudoCodeArgument: pseudo_code::CreateBracket::arg::1
2025-10-12 14:42:11,004 - api_entries_etl - DEBUG -   text: bUpdate
2025-10-12 14:42:11,004 - api_entries_etl - DEBUG -   position: 1
2025-10-12 14:42:11,004 - api_entries_etl - DEBUG -   normalized_text: bupdate
2025-10-12 14:42:11,004 - api_entries_etl - DEBUG - [Relation #741] Created HAS_ARGUMENT: pseudo_code::CreateBracket -> pseudo_code::CreateBracket::arg::1
2025-10-12 14:42:11,004 - api_entries_etl - DEBUG - [Relation #742] Created ARGUMENT_MATCHES_PARAMETER: pseudo_code::CreateBracket::arg::1 -> param::CreateBracket::bUpdate
2025-10-12 14:42:11,004 - api_entries_etl - DEBUG - [Node #612] Created Source: source::CreateBracket::inline
2025-10-12 14:42:11,004 - api_entries_etl - DEBUG -   text: 〇船殻のブラケットソリッド要素を作成する
  返り値:作成したソリッド要素のID
  CreateBracket(
      ParamObj, // ブラケットパラメータオブジェクト
        bUpdate ); // b...
2025-10-12 14:42:11,004 - api_entries_etl - DEBUG - [Relation #743] Created CITED_FROM: api_entry::CreateBracket -> source::CreateBracket::inline
2025-10-12 14:42:11,004 - api_entries_etl - DEBUG - Processing API entry #46: CreatePlate
2025-10-12 14:42:11,004 - api_entries_etl - DEBUG - [Node #613] Created APIEntry: api_entry::CreatePlate
2025-10-12 14:42:11,004 - api_entries_etl - DEBUG -   name: CreatePlate
2025-10-12 14:42:11,010 - api_entries_etl - DEBUG -   category: Partオブジェクト
2025-10-12 14:42:11,010 - api_entries_etl - DEBUG -   entry_type: function
2025-10-12 14:42:11,010 - api_entries_etl - DEBUG -   description: 船殻のプレートソリッド要素を作成する
2025-10-12 14:42:11,010 - api_entries_etl - DEBUG -   pseudo_code: CreatePlate(PlateName, ElementGroup, MaterialName, Plane, PlaneOffset, Thickness, nMold, MoldOffset, BoundSolid, Sect...
2025-10-12 14:42:11,010 - api_entries_etl - DEBUG -   text: 船殻のプレートソリッド要素を作成する

〇船殻のプレートソリッド要素を作成する
  返り値:作成したソリッド要素のID
  CreatePlate(
        PlateName,     // 文字列：作成するプレートソリッド...
2025-10-12 14:42:11,010 - api_entries_etl - DEBUG -   raw_json: {"category":"Partオブジェクト","entry_type":"function","name":"CreatePlate","description":"船殻のプレートソリッド要素を作成する","pseudo_code...
2025-10-12 14:42:11,010 - api_entries_etl - DEBUG -   position: 45
2025-10-12 14:42:11,010 - api_entries_etl - DEBUG - [Relation #744] Created HAS_ENTRY: api_entries::collection -> api_entry::CreatePlate
2025-10-12 14:42:11,010 - api_entries_etl - DEBUG - [Node #614] Created Category: category::Partオブジェクト
2025-10-12 14:42:11,010 - api_entries_etl - DEBUG -   name: Partオブジェクト
2025-10-12 14:42:11,010 - api_entries_etl - DEBUG - [Relation #745] Created IN_CATEGORY: api_entry::CreatePlate -> category::Partオブジェクト
2025-10-12 14:42:11,010 - api_entries_etl - DEBUG - [Node #615] Created EntryType: entry_type::function
2025-10-12 14:42:11,010 - api_entries_etl - DEBUG -   name: function
2025-10-12 14:42:11,010 - api_entries_etl - DEBUG - [Relation #746] Created HAS_ENTRY_TYPE: api_entry::CreatePlate -> entry_type::function
2025-10-12 14:42:11,010 - api_entries_etl - DEBUG - [Node #616] Created Parameter: param::CreatePlate::PlateName
2025-10-12 14:42:11,010 - api_entries_etl - DEBUG -   name: PlateName
2025-10-12 14:42:11,010 - api_entries_etl - DEBUG -   param_type: 文字列
2025-10-12 14:42:11,010 - api_entries_etl - DEBUG -   position: 0
2025-10-12 14:42:11,010 - api_entries_etl - DEBUG -   description: 作成するプレートソリッド要素名称（空文字可）
2025-10-12 14:42:11,010 - api_entries_etl - DEBUG -   raw_json: {"name":"PlateName","type":"文字列","description":"作成するプレートソリッド要素名称（空文字可）","position":0}
2025-10-12 14:42:11,010 - api_entries_etl - DEBUG - [Relation #747] Created HAS_PARAMETER: api_entry::CreatePlate -> param::CreatePlate::PlateName
2025-10-12 14:42:11,010 - api_entries_etl - DEBUG - [Node #617] Created Parameter: param::CreatePlate::ElementGroup
2025-10-12 14:42:11,010 - api_entries_etl - DEBUG -   name: ElementGroup
2025-10-12 14:42:11,010 - api_entries_etl - DEBUG -   param_type: 要素グループ
2025-10-12 14:42:11,010 - api_entries_etl - DEBUG -   position: 1
2025-10-12 14:42:11,010 - api_entries_etl - DEBUG -   description: 作成するソリッド要素を要素グループに入れる場合は要素グループを指定（空文字可）
2025-10-12 14:42:11,010 - api_entries_etl - DEBUG -   raw_json: {"name":"ElementGroup","type":"要素グループ","description":"作成するソリッド要素を要素グループに入れる場合は要素グループを指定（空文字可）","position":1}
2025-10-12 14:42:11,010 - api_entries_etl - DEBUG - [Relation #748] Created HAS_PARAMETER: api_entry::CreatePlate -> param::CreatePlate::ElementGroup
2025-10-12 14:42:11,010 - api_entries_etl - DEBUG - [Node #618] Created Parameter: param::CreatePlate::MaterialName
2025-10-12 14:42:11,010 - api_entries_etl - DEBUG -   name: MaterialName
2025-10-12 14:42:11,010 - api_entries_etl - DEBUG -   param_type: 材料
2025-10-12 14:42:11,010 - api_entries_etl - DEBUG -   position: 2
2025-10-12 14:42:11,010 - api_entries_etl - DEBUG -   description: 作成するソリッド要素の材質名称（空文字可）
2025-10-12 14:42:11,010 - api_entries_etl - DEBUG -   raw_json: {"name":"MaterialName","type":"材料","description":"作成するソリッド要素の材質名称（空文字可）","position":2}
2025-10-12 14:42:11,010 - api_entries_etl - DEBUG - [Relation #749] Created HAS_PARAMETER: api_entry::CreatePlate -> param::CreatePlate::MaterialName
2025-10-12 14:42:11,010 - api_entries_etl - DEBUG - [Node #619] Created Parameter: param::CreatePlate::Plane
2025-10-12 14:42:11,010 - api_entries_etl - DEBUG -   name: Plane
2025-10-12 14:42:11,010 - api_entries_etl - DEBUG -   param_type: 平面
2025-10-12 14:42:11,010 - api_entries_etl - DEBUG -   position: 3
2025-10-12 14:42:11,010 - api_entries_etl - DEBUG -   description: プレートの平面位置
2025-10-12 14:42:11,010 - api_entries_etl - DEBUG -   raw_json: {"name":"Plane","type":"平面","description":"プレートの平面位置","position":3}
2025-10-12 14:42:11,018 - api_entries_etl - DEBUG - [Relation #750] Created HAS_PARAMETER: api_entry::CreatePlate -> param::CreatePlate::Plane
2025-10-12 14:42:11,018 - api_entries_etl - DEBUG - [Node #620] Created Parameter: param::CreatePlate::PlaneOffset
2025-10-12 14:42:11,018 - api_entries_etl - DEBUG -   name: PlaneOffset
2025-10-12 14:42:11,018 - api_entries_etl - DEBUG -   param_type: 長さ
2025-10-12 14:42:11,018 - api_entries_etl - DEBUG -   position: 4
2025-10-12 14:42:11,018 - api_entries_etl - DEBUG -   description: 平面のオフセット距離を指定
2025-10-12 14:42:11,018 - api_entries_etl - DEBUG -   raw_json: {"name":"PlaneOffset","type":"長さ","description":"平面のオフセット距離を指定","position":4}
2025-10-12 14:42:11,018 - api_entries_etl - DEBUG - [Relation #751] Created HAS_PARAMETER: api_entry::CreatePlate -> param::CreatePlate::PlaneOffset
2025-10-12 14:42:11,018 - api_entries_etl - DEBUG - [Node #621] Created Parameter: param::CreatePlate::Thickness
2025-10-12 14:42:11,018 - api_entries_etl - DEBUG -   name: Thickness
2025-10-12 14:42:11,018 - api_entries_etl - DEBUG -   param_type: 長さ
2025-10-12 14:42:11,018 - api_entries_etl - DEBUG -   position: 5
2025-10-12 14:42:11,018 - api_entries_etl - DEBUG -   description: 板厚
2025-10-12 14:42:11,018 - api_entries_etl - DEBUG -   raw_json: {"name":"Thickness","type":"長さ","description":"板厚","position":5}
2025-10-12 14:42:11,018 - api_entries_etl - DEBUG - [Relation #752] Created HAS_PARAMETER: api_entry::CreatePlate -> param::CreatePlate::Thickness
2025-10-12 14:42:11,018 - api_entries_etl - DEBUG - [Node #622] Created Parameter: param::CreatePlate::nMold
2025-10-12 14:42:11,020 - api_entries_etl - DEBUG -   name: nMold
2025-10-12 14:42:11,020 - api_entries_etl - DEBUG -   param_type: モールド位置
2025-10-12 14:42:11,020 - api_entries_etl - DEBUG -   position: 6
2025-10-12 14:42:11,020 - api_entries_etl - DEBUG -   description: モールド位置（"+":＋側、"-":－側、空文字:センター）
2025-10-12 14:42:11,020 - api_entries_etl - DEBUG -   raw_json: {"name":"nMold","type":"モールド位置","description":"モールド位置（\"+\":＋側、\"-\":－側、空文字:センター）","position":6}
2025-10-12 14:42:11,020 - api_entries_etl - DEBUG - [Relation #753] Created HAS_PARAMETER: api_entry::CreatePlate -> param::CreatePlate::nMold
2025-10-12 14:42:11,020 - api_entries_etl - DEBUG - [Node #623] Created Parameter: param::CreatePlate::MoldOffset
2025-10-12 14:42:11,020 - api_entries_etl - DEBUG -   name: MoldOffset
2025-10-12 14:42:11,020 - api_entries_etl - DEBUG -   param_type: 長さ
2025-10-12 14:42:11,020 - api_entries_etl - DEBUG -   position: 7
2025-10-12 14:42:11,020 - api_entries_etl - DEBUG -   description: モールド位置のオフセット距離
2025-10-12 14:42:11,020 - api_entries_etl - DEBUG -   raw_json: {"name":"MoldOffset","type":"長さ","description":"モールド位置のオフセット距離","position":7}
2025-10-12 14:42:11,020 - api_entries_etl - DEBUG - [Relation #754] Created HAS_PARAMETER: api_entry::CreatePlate -> param::CreatePlate::MoldOffset
2025-10-12 14:42:11,020 - api_entries_etl - DEBUG - [Node #624] Created Parameter: param::CreatePlate::BoundSolid
2025-10-12 14:42:11,020 - api_entries_etl - DEBUG -   name: BoundSolid
2025-10-12 14:42:11,020 - api_entries_etl - DEBUG -   param_type: 要素
2025-10-12 14:42:11,020 - api_entries_etl - DEBUG -   position: 8
2025-10-12 14:42:11,022 - api_entries_etl - DEBUG -   description: プレートソリッドの境界となるソリッド要素。
2025-10-12 14:42:11,022 - api_entries_etl - DEBUG -   raw_json: {"name":"BoundSolid","type":"要素","description":"プレートソリッドの境界となるソリッド要素。","position":8}
2025-10-12 14:42:11,022 - api_entries_etl - DEBUG - [Relation #755] Created HAS_PARAMETER: api_entry::CreatePlate -> param::CreatePlate::BoundSolid
2025-10-12 14:42:11,022 - api_entries_etl - DEBUG - [Node #625] Created Parameter: param::CreatePlate::Section1End1
2025-10-12 14:42:11,022 - api_entries_etl - DEBUG -   name: Section1End1
2025-10-12 14:42:11,022 - api_entries_etl - DEBUG -   param_type: 長さ
2025-10-12 14:42:11,022 - api_entries_etl - DEBUG -   position: 9
2025-10-12 14:42:11,022 - api_entries_etl - DEBUG -   description: プレートソリッドの平面上の方向１の境界位置の座標値１
2025-10-12 14:42:11,022 - api_entries_etl - DEBUG -   raw_json: {"name":"Section1End1","type":"長さ","description":"プレートソリッドの平面上の方向１の境界位置の座標値１","position":9}
2025-10-12 14:42:11,022 - api_entries_etl - DEBUG - [Relation #756] Created HAS_PARAMETER: api_entry::CreatePlate -> param::CreatePlate::Section1End1
2025-10-12 14:42:11,022 - api_entries_etl - DEBUG - [Node #626] Created Parameter: param::CreatePlate::Section1End2
2025-10-12 14:42:11,022 - api_entries_etl - DEBUG -   name: Section1End2
2025-10-12 14:42:11,022 - api_entries_etl - DEBUG -   param_type: 長さ
2025-10-12 14:42:11,022 - api_entries_etl - DEBUG -   position: 10
2025-10-12 14:42:11,022 - api_entries_etl - DEBUG -   description: プレートソリッドの平面上の方向１の境界位置の座標値２
2025-10-12 14:42:11,022 - api_entries_etl - DEBUG -   raw_json: {"name":"Section1End2","type":"長さ","description":"プレートソリッドの平面上の方向１の境界位置の座標値２","position":10}
2025-10-12 14:42:11,022 - api_entries_etl - DEBUG - [Relation #757] Created HAS_PARAMETER: api_entry::CreatePlate -> param::CreatePlate::Section1End2
2025-10-12 14:42:11,024 - api_entries_etl - DEBUG - [Node #627] Created Parameter: param::CreatePlate::Section2End1
2025-10-12 14:42:11,024 - api_entries_etl - DEBUG -   name: Section2End1
2025-10-12 14:42:11,024 - api_entries_etl - DEBUG -   param_type: 長さ
2025-10-12 14:42:11,024 - api_entries_etl - DEBUG -   position: 11
2025-10-12 14:42:11,024 - api_entries_etl - DEBUG -   description: プレートソリッドの平面上の方向２の境界位置の座標値１
2025-10-12 14:42:11,024 - api_entries_etl - DEBUG -   raw_json: {"name":"Section2End1","type":"長さ","description":"プレートソリッドの平面上の方向２の境界位置の座標値１","position":11}
2025-10-12 14:42:11,024 - api_entries_etl - DEBUG - [Relation #758] Created HAS_PARAMETER: api_entry::CreatePlate -> param::CreatePlate::Section2End1
2025-10-12 14:42:11,024 - api_entries_etl - DEBUG - [Node #628] Created Parameter: param::CreatePlate::Section2End2
2025-10-12 14:42:11,024 - api_entries_etl - DEBUG -   name: Section2End2
2025-10-12 14:42:11,024 - api_entries_etl - DEBUG -   param_type: 長さ
2025-10-12 14:42:11,026 - api_entries_etl - DEBUG -   position: 12
2025-10-12 14:42:11,026 - api_entries_etl - DEBUG -   description: プレートソリッドの平面上の方向２の境界位置の座標値２
2025-10-12 14:42:11,026 - api_entries_etl - DEBUG -   raw_json: {"name":"Section2End2","type":"長さ","description":"プレートソリッドの平面上の方向２の境界位置の座標値２","position":12}
2025-10-12 14:42:11,026 - api_entries_etl - DEBUG - [Relation #759] Created HAS_PARAMETER: api_entry::CreatePlate -> param::CreatePlate::Section2End2
2025-10-12 14:42:11,026 - api_entries_etl - DEBUG - [Node #629] Created Parameter: param::CreatePlate::bUpdate
2025-10-12 14:42:11,026 - api_entries_etl - DEBUG -   name: bUpdate
2025-10-12 14:42:11,026 - api_entries_etl - DEBUG -   param_type: bool
2025-10-12 14:42:11,026 - api_entries_etl - DEBUG -   position: 13
2025-10-12 14:42:11,026 - api_entries_etl - DEBUG -   description: 更新フラグ（未実装、使用しない）
2025-10-12 14:42:11,026 - api_entries_etl - DEBUG -   raw_json: {"name":"bUpdate","type":"bool","description":"更新フラグ（未実装、使用しない）","position":13}
2025-10-12 14:42:11,026 - api_entries_etl - DEBUG - [Relation #760] Created HAS_PARAMETER: api_entry::CreatePlate -> param::CreatePlate::bUpdate
2025-10-12 14:42:11,026 - api_entries_etl - DEBUG - [Node #630] Created ReturnValue: return::CreatePlate
2025-10-12 14:42:11,026 - api_entries_etl - DEBUG -   return_type: 文字列
2025-10-12 14:42:11,026 - api_entries_etl - DEBUG -   description: 作成したソリッド要素のID
2025-10-12 14:42:11,026 - api_entries_etl - DEBUG -   raw_json: {"type":"文字列","description":"作成したソリッド要素のID"}
2025-10-12 14:42:11,026 - api_entries_etl - DEBUG - [Relation #761] Created HAS_RETURN: api_entry::CreatePlate -> return::CreatePlate
2025-10-12 14:42:11,026 - api_entries_etl - DEBUG - [Node #631] Created PseudoCode: pseudo_code::CreatePlate
2025-10-12 14:42:11,026 - api_entries_etl - DEBUG -   code: CreatePlate(PlateName, ElementGroup, MaterialName, Plane, PlaneOffset, Thickness, nMold, MoldOffset, BoundSolid, Sect...
2025-10-12 14:42:11,026 - api_entries_etl - DEBUG -   callee: CreatePlate
2025-10-12 14:42:11,026 - api_entries_etl - DEBUG -   argument_count: 14
2025-10-12 14:42:11,026 - api_entries_etl - DEBUG -   arguments_json: ["PlateName","ElementGroup","MaterialName","Plane","PlaneOffset","Thickness","nMold","MoldOffset","BoundSolid","Secti...
2025-10-12 14:42:11,026 - api_entries_etl - DEBUG - [Relation #762] Created HAS_PSEUDO_CODE: api_entry::CreatePlate -> pseudo_code::CreatePlate
2025-10-12 14:42:11,031 - api_entries_etl - DEBUG - [Node #632] Created PseudoCodeArgument: pseudo_code::CreatePlate::arg::0
2025-10-12 14:42:11,031 - api_entries_etl - DEBUG -   text: PlateName
2025-10-12 14:42:11,031 - api_entries_etl - DEBUG -   position: 0
2025-10-12 14:42:11,031 - api_entries_etl - DEBUG -   normalized_text: platename
2025-10-12 14:42:11,031 - api_entries_etl - DEBUG - [Relation #763] Created HAS_ARGUMENT: pseudo_code::CreatePlate -> pseudo_code::CreatePlate::arg::0
2025-10-12 14:42:11,031 - api_entries_etl - DEBUG - [Relation #764] Created ARGUMENT_MATCHES_PARAMETER: pseudo_code::CreatePlate::arg::0 -> param::CreatePlate::PlateName
2025-10-12 14:42:11,031 - api_entries_etl - DEBUG - [Node #633] Created PseudoCodeArgument: pseudo_code::CreatePlate::arg::1
2025-10-12 14:42:11,031 - api_entries_etl - DEBUG -   text: ElementGroup
2025-10-12 14:42:11,031 - api_entries_etl - DEBUG -   position: 1
2025-10-12 14:42:11,031 - api_entries_etl - DEBUG -   normalized_text: elementgroup
2025-10-12 14:42:11,031 - api_entries_etl - DEBUG - [Relation #765] Created HAS_ARGUMENT: pseudo_code::CreatePlate -> pseudo_code::CreatePlate::arg::1
2025-10-12 14:42:11,031 - api_entries_etl - DEBUG - [Relation #766] Created ARGUMENT_MATCHES_PARAMETER: pseudo_code::CreatePlate::arg::1 -> param::CreatePlate::ElementGroup
2025-10-12 14:42:11,031 - api_entries_etl - DEBUG - [Node #634] Created PseudoCodeArgument: pseudo_code::CreatePlate::arg::2
2025-10-12 14:42:11,031 - api_entries_etl - DEBUG -   text: MaterialName
2025-10-12 14:42:11,031 - api_entries_etl - DEBUG -   position: 2
2025-10-12 14:42:11,031 - api_entries_etl - DEBUG -   normalized_text: materialname
2025-10-12 14:42:11,031 - api_entries_etl - DEBUG - [Relation #767] Created HAS_ARGUMENT: pseudo_code::CreatePlate -> pseudo_code::CreatePlate::arg::2
2025-10-12 14:42:11,031 - api_entries_etl - DEBUG - [Relation #768] Created ARGUMENT_MATCHES_PARAMETER: pseudo_code::CreatePlate::arg::2 -> param::CreatePlate::MaterialName
2025-10-12 14:42:11,031 - api_entries_etl - DEBUG - [Node #635] Created PseudoCodeArgument: pseudo_code::CreatePlate::arg::3
2025-10-12 14:42:11,031 - api_entries_etl - DEBUG -   text: Plane
2025-10-12 14:42:11,031 - api_entries_etl - DEBUG -   position: 3
2025-10-12 14:42:11,031 - api_entries_etl - DEBUG -   normalized_text: plane
2025-10-12 14:42:11,031 - api_entries_etl - DEBUG - [Relation #769] Created HAS_ARGUMENT: pseudo_code::CreatePlate -> pseudo_code::CreatePlate::arg::3
2025-10-12 14:42:11,031 - api_entries_etl - DEBUG - [Relation #770] Created ARGUMENT_MATCHES_PARAMETER: pseudo_code::CreatePlate::arg::3 -> param::CreatePlate::Plane
2025-10-12 14:42:11,031 - api_entries_etl - DEBUG - [Node #636] Created PseudoCodeArgument: pseudo_code::CreatePlate::arg::4
2025-10-12 14:42:11,031 - api_entries_etl - DEBUG -   text: PlaneOffset
2025-10-12 14:42:11,031 - api_entries_etl - DEBUG -   position: 4
2025-10-12 14:42:11,031 - api_entries_etl - DEBUG -   normalized_text: planeoffset
2025-10-12 14:42:11,031 - api_entries_etl - DEBUG - [Relation #771] Created HAS_ARGUMENT: pseudo_code::CreatePlate -> pseudo_code::CreatePlate::arg::4
2025-10-12 14:42:11,031 - api_entries_etl - DEBUG - [Relation #772] Created ARGUMENT_MATCHES_PARAMETER: pseudo_code::CreatePlate::arg::4 -> param::CreatePlate::PlaneOffset
2025-10-12 14:42:11,031 - api_entries_etl - DEBUG - [Node #637] Created PseudoCodeArgument: pseudo_code::CreatePlate::arg::5
2025-10-12 14:42:11,031 - api_entries_etl - DEBUG -   text: Thickness
2025-10-12 14:42:11,031 - api_entries_etl - DEBUG -   position: 5
2025-10-12 14:42:11,031 - api_entries_etl - DEBUG -   normalized_text: thickness
2025-10-12 14:42:11,031 - api_entries_etl - DEBUG - [Relation #773] Created HAS_ARGUMENT: pseudo_code::CreatePlate -> pseudo_code::CreatePlate::arg::5
2025-10-12 14:42:11,031 - api_entries_etl - DEBUG - [Relation #774] Created ARGUMENT_MATCHES_PARAMETER: pseudo_code::CreatePlate::arg::5 -> param::CreatePlate::Thickness
2025-10-12 14:42:11,031 - api_entries_etl - DEBUG - [Node #638] Created PseudoCodeArgument: pseudo_code::CreatePlate::arg::6
2025-10-12 14:42:11,031 - api_entries_etl - DEBUG -   text: nMold
2025-10-12 14:42:11,031 - api_entries_etl - DEBUG -   position: 6
2025-10-12 14:42:11,031 - api_entries_etl - DEBUG -   normalized_text: nmold
2025-10-12 14:42:11,031 - api_entries_etl - DEBUG - [Relation #775] Created HAS_ARGUMENT: pseudo_code::CreatePlate -> pseudo_code::CreatePlate::arg::6
2025-10-12 14:42:11,031 - api_entries_etl - DEBUG - [Relation #776] Created ARGUMENT_MATCHES_PARAMETER: pseudo_code::CreatePlate::arg::6 -> param::CreatePlate::nMold
2025-10-12 14:42:11,031 - api_entries_etl - DEBUG - [Node #639] Created PseudoCodeArgument: pseudo_code::CreatePlate::arg::7
2025-10-12 14:42:11,031 - api_entries_etl - DEBUG -   text: MoldOffset
2025-10-12 14:42:11,031 - api_entries_etl - DEBUG -   position: 7
2025-10-12 14:42:11,031 - api_entries_etl - DEBUG -   normalized_text: moldoffset
2025-10-12 14:42:11,031 - api_entries_etl - DEBUG - [Relation #777] Created HAS_ARGUMENT: pseudo_code::CreatePlate -> pseudo_code::CreatePlate::arg::7
2025-10-12 14:42:11,031 - api_entries_etl - DEBUG - [Relation #778] Created ARGUMENT_MATCHES_PARAMETER: pseudo_code::CreatePlate::arg::7 -> param::CreatePlate::MoldOffset
2025-10-12 14:42:11,031 - api_entries_etl - DEBUG - [Node #640] Created PseudoCodeArgument: pseudo_code::CreatePlate::arg::8
2025-10-12 14:42:11,031 - api_entries_etl - DEBUG -   text: BoundSolid
2025-10-12 14:42:11,031 - api_entries_etl - DEBUG -   position: 8
2025-10-12 14:42:11,031 - api_entries_etl - DEBUG -   normalized_text: boundsolid
2025-10-12 14:42:11,031 - api_entries_etl - DEBUG - [Relation #779] Created HAS_ARGUMENT: pseudo_code::CreatePlate -> pseudo_code::CreatePlate::arg::8
2025-10-12 14:42:11,031 - api_entries_etl - DEBUG - [Relation #780] Created ARGUMENT_MATCHES_PARAMETER: pseudo_code::CreatePlate::arg::8 -> param::CreatePlate::BoundSolid
2025-10-12 14:42:11,031 - api_entries_etl - DEBUG - [Node #641] Created PseudoCodeArgument: pseudo_code::CreatePlate::arg::9
2025-10-12 14:42:11,031 - api_entries_etl - DEBUG -   text: Section1End1
2025-10-12 14:42:11,031 - api_entries_etl - DEBUG -   position: 9
2025-10-12 14:42:11,031 - api_entries_etl - DEBUG -   normalized_text: section1end1
2025-10-12 14:42:11,031 - api_entries_etl - DEBUG - [Relation #781] Created HAS_ARGUMENT: pseudo_code::CreatePlate -> pseudo_code::CreatePlate::arg::9
2025-10-12 14:42:11,031 - api_entries_etl - DEBUG - [Relation #782] Created ARGUMENT_MATCHES_PARAMETER: pseudo_code::CreatePlate::arg::9 -> param::CreatePlate::Section1End1
2025-10-12 14:42:11,031 - api_entries_etl - DEBUG - [Node #642] Created PseudoCodeArgument: pseudo_code::CreatePlate::arg::10
2025-10-12 14:42:11,031 - api_entries_etl - DEBUG -   text: Section1End2
2025-10-12 14:42:11,031 - api_entries_etl - DEBUG -   position: 10
2025-10-12 14:42:11,031 - api_entries_etl - DEBUG -   normalized_text: section1end2
2025-10-12 14:42:11,031 - api_entries_etl - DEBUG - [Relation #783] Created HAS_ARGUMENT: pseudo_code::CreatePlate -> pseudo_code::CreatePlate::arg::10
2025-10-12 14:42:11,031 - api_entries_etl - DEBUG - [Relation #784] Created ARGUMENT_MATCHES_PARAMETER: pseudo_code::CreatePlate::arg::10 -> param::CreatePlate::Section1End2
2025-10-12 14:42:11,031 - api_entries_etl - DEBUG - [Node #643] Created PseudoCodeArgument: pseudo_code::CreatePlate::arg::11
2025-10-12 14:42:11,031 - api_entries_etl - DEBUG -   text: Section2End1
2025-10-12 14:42:11,031 - api_entries_etl - DEBUG -   position: 11
2025-10-12 14:42:11,031 - api_entries_etl - DEBUG -   normalized_text: section2end1
2025-10-12 14:42:11,031 - api_entries_etl - DEBUG - [Relation #785] Created HAS_ARGUMENT: pseudo_code::CreatePlate -> pseudo_code::CreatePlate::arg::11
2025-10-12 14:42:11,031 - api_entries_etl - DEBUG - [Relation #786] Created ARGUMENT_MATCHES_PARAMETER: pseudo_code::CreatePlate::arg::11 -> param::CreatePlate::Section2End1
2025-10-12 14:42:11,031 - api_entries_etl - DEBUG - [Node #644] Created PseudoCodeArgument: pseudo_code::CreatePlate::arg::12
2025-10-12 14:42:11,031 - api_entries_etl - DEBUG -   text: Section2End2
2025-10-12 14:42:11,031 - api_entries_etl - DEBUG -   position: 12
2025-10-12 14:42:11,031 - api_entries_etl - DEBUG -   normalized_text: section2end2
2025-10-12 14:42:11,031 - api_entries_etl - DEBUG - [Relation #787] Created HAS_ARGUMENT: pseudo_code::CreatePlate -> pseudo_code::CreatePlate::arg::12
2025-10-12 14:42:11,042 - api_entries_etl - DEBUG - [Relation #788] Created ARGUMENT_MATCHES_PARAMETER: pseudo_code::CreatePlate::arg::12 -> param::CreatePlate::Section2End2
2025-10-12 14:42:11,042 - api_entries_etl - DEBUG - [Node #645] Created PseudoCodeArgument: pseudo_code::CreatePlate::arg::13
2025-10-12 14:42:11,042 - api_entries_etl - DEBUG -   text: bUpdate
2025-10-12 14:42:11,042 - api_entries_etl - DEBUG -   position: 13
2025-10-12 14:42:11,042 - api_entries_etl - DEBUG -   normalized_text: bupdate
2025-10-12 14:42:11,042 - api_entries_etl - DEBUG - [Relation #789] Created HAS_ARGUMENT: pseudo_code::CreatePlate -> pseudo_code::CreatePlate::arg::13
2025-10-12 14:42:11,042 - api_entries_etl - DEBUG - [Relation #790] Created ARGUMENT_MATCHES_PARAMETER: pseudo_code::CreatePlate::arg::13 -> param::CreatePlate::bUpdate
2025-10-12 14:42:11,042 - api_entries_etl - DEBUG - [Node #646] Created Source: source::CreatePlate::inline
2025-10-12 14:42:11,042 - api_entries_etl - DEBUG -   text: 〇船殻のプレートソリッド要素を作成する
  返り値:作成したソリッド要素のID
  CreatePlate(
        PlateName,     // 文字列：作成するプレートソリッド要素名称（空文字可）
        E...
2025-10-12 14:42:11,042 - api_entries_etl - DEBUG - [Relation #791] Created CITED_FROM: api_entry::CreatePlate -> source::CreatePlate::inline
2025-10-12 14:42:11,042 - api_entries_etl - DEBUG - Processing API entry #47: CreateProfileParam
2025-10-12 14:42:11,042 - api_entries_etl - DEBUG - [Node #647] Created APIEntry: api_entry::CreateProfileParam
2025-10-12 14:42:11,042 - api_entries_etl - DEBUG -   name: CreateProfileParam
2025-10-12 14:42:11,042 - api_entries_etl - DEBUG -   category: Partオブジェクト
2025-10-12 14:42:11,042 - api_entries_etl - DEBUG -   entry_type: function
2025-10-12 14:42:11,042 - api_entries_etl - DEBUG -   description: 船殻の条材ソリッド要素のパラメータオブジェクトの作成
2025-10-12 14:42:11,042 - api_entries_etl - DEBUG -   pseudo_code: CreateProfileParam()
2025-10-12 14:42:11,042 - api_entries_etl - DEBUG -   text: 船殻の条材ソリッド要素のパラメータオブジェクトの作成

〇船殻の条材ソリッド要素のパラメータオブジェクトの作成
  返り値:条材要素のパラメータオブジェクト
  CreateProfileParam()
2025-10-12 14:42:11,042 - api_entries_etl - DEBUG -   raw_json: {"category":"Partオブジェクト","entry_type":"function","name":"CreateProfileParam","description":"船殻の条材ソリッド要素のパラメータオブジェクトの作...
2025-10-12 14:42:11,042 - api_entries_etl - DEBUG -   position: 46
2025-10-12 14:42:11,042 - api_entries_etl - DEBUG - [Relation #792] Created HAS_ENTRY: api_entries::collection -> api_entry::CreateProfileParam
2025-10-12 14:42:11,042 - api_entries_etl - DEBUG - [Node #648] Created Category: category::Partオブジェクト
2025-10-12 14:42:11,042 - api_entries_etl - DEBUG -   name: Partオブジェクト
2025-10-12 14:42:11,042 - api_entries_etl - DEBUG - [Relation #793] Created IN_CATEGORY: api_entry::CreateProfileParam -> category::Partオブジェクト
2025-10-12 14:42:11,042 - api_entries_etl - DEBUG - [Node #649] Created EntryType: entry_type::function
2025-10-12 14:42:11,042 - api_entries_etl - DEBUG -   name: function
2025-10-12 14:42:11,042 - api_entries_etl - DEBUG - [Relation #794] Created HAS_ENTRY_TYPE: api_entry::CreateProfileParam -> entry_type::function
2025-10-12 14:42:11,042 - api_entries_etl - DEBUG - [Node #650] Created ReturnValue: return::CreateProfileParam
2025-10-12 14:42:11,042 - api_entries_etl - DEBUG -   return_type: 不明
2025-10-12 14:42:11,042 - api_entries_etl - DEBUG -   description: 条材要素のパラメータオブジェクト
2025-10-12 14:42:11,042 - api_entries_etl - DEBUG -   raw_json: {"type":"不明","description":"条材要素のパラメータオブジェクト"}
2025-10-12 14:42:11,042 - api_entries_etl - DEBUG - [Relation #795] Created HAS_RETURN: api_entry::CreateProfileParam -> return::CreateProfileParam
2025-10-12 14:42:11,042 - api_entries_etl - DEBUG - [Relation #796] Created RETURNS_ENTRY: return::CreateProfileParam -> api_entry::条材要素のパラメータオブジェクト
2025-10-12 14:42:11,042 - api_entries_etl - WARNING - Destination node 'api_entry::条材要素のパラメータオブジェクト' not found when creating relation
2025-10-12 14:42:11,042 - api_entries_etl - DEBUG - [Node #651] Created PseudoCode: pseudo_code::CreateProfileParam
2025-10-12 14:42:11,042 - api_entries_etl - DEBUG -   code: CreateProfileParam()
2025-10-12 14:42:11,042 - api_entries_etl - DEBUG -   callee: CreateProfileParam
2025-10-12 14:42:11,042 - api_entries_etl - DEBUG -   argument_count: 0
2025-10-12 14:42:11,042 - api_entries_etl - DEBUG - [Relation #797] Created HAS_PSEUDO_CODE: api_entry::CreateProfileParam -> pseudo_code::CreateProfileParam
2025-10-12 14:42:11,042 - api_entries_etl - DEBUG - [Node #652] Created Source: source::CreateProfileParam::inline
2025-10-12 14:42:11,042 - api_entries_etl - DEBUG -   text: 〇船殻の条材ソリッド要素のパラメータオブジェクトの作成
  返り値:条材要素のパラメータオブジェクト
  CreateProfileParam()
2025-10-12 14:42:11,042 - api_entries_etl - DEBUG - [Relation #798] Created CITED_FROM: api_entry::CreateProfileParam -> source::CreateProfileParam::inline
2025-10-12 14:42:11,042 - api_entries_etl - DEBUG - Processing API entry #48: 条材要素のパラメータオブジェクト
2025-10-12 14:42:11,042 - api_entries_etl - DEBUG - [Node #653] Created APIEntry: api_entry::条材要素のパラメータオブジェクト
2025-10-12 14:42:11,042 - api_entries_etl - DEBUG -   name: 条材要素のパラメータオブジェクト
2025-10-12 14:42:11,042 - api_entries_etl - DEBUG -   category: 条材要素のパラメータオブジェクト
2025-10-12 14:42:11,042 - api_entries_etl - DEBUG -   entry_type: object
2025-10-12 14:42:11,042 - api_entries_etl - DEBUG -   description: 船殻の条材ソリッド要素作成の設定パラメータを格納するオブジェクト
2025-10-12 14:42:11,042 - api_entries_etl - DEBUG -   text: 船殻の条材ソリッド要素作成の設定パラメータを格納するオブジェクト

〇条材要素のパラメータオブジェクト
   属性
        DefinitionType //　整数: の作成方法指定　0:取付線指定 　1:基準面指定  2:取...
2025-10-12 14:42:11,042 - api_entries_etl - DEBUG -   raw_json: {"category":"条材要素のパラメータオブジェクト","entry_type":"object","name":"条材要素のパラメータオブジェクト","description":"船殻の条材ソリッド要素作成の設定パラメータを格...
2025-10-12 14:42:11,042 - api_entries_etl - DEBUG -   position: 47
2025-10-12 14:42:11,042 - api_entries_etl - DEBUG - [Relation #799] Created HAS_ENTRY: api_entries::collection -> api_entry::条材要素のパラメータオブジェクト
2025-10-12 14:42:11,042 - api_entries_etl - DEBUG - [Node #654] Created Category: category::条材要素のパラメータオブジェクト
2025-10-12 14:42:11,042 - api_entries_etl - DEBUG -   name: 条材要素のパラメータオブジェクト
2025-10-12 14:42:11,042 - api_entries_etl - DEBUG - [Relation #800] Created IN_CATEGORY: api_entry::条材要素のパラメータオブジェクト -> category::条材要素のパラメータオブジェクト
2025-10-12 14:42:11,042 - api_entries_etl - DEBUG - [Node #655] Created EntryType: entry_type::object
2025-10-12 14:42:11,042 - api_entries_etl - DEBUG -   name: object
2025-10-12 14:42:11,042 - api_entries_etl - DEBUG - [Relation #801] Created HAS_ENTRY_TYPE: api_entry::条材要素のパラメータオブジェクト -> entry_type::object
2025-10-12 14:42:11,042 - api_entries_etl - DEBUG - [Node #656] Created Property: property::条材要素のパラメータオブジェクト::DefinitionType
2025-10-12 14:42:11,042 - api_entries_etl - DEBUG -   name: DefinitionType
2025-10-12 14:42:11,042 - api_entries_etl - DEBUG -   property_type: 整数
2025-10-12 14:42:11,042 - api_entries_etl - DEBUG -   description: 作成方法指定　0:取付線指定　1:基準面指定　2:取付線＋指定方向線　3:元要素指定　4:ホール指定　5:２点　6:ロンジ間　7:基準線指定　8:基準点と方向　9:基準要素
2025-10-12 14:42:11,042 - api_entries_etl - DEBUG -   raw_json: {"name":"DefinitionType","type":"整数","description":"作成方法指定　0:取付線指定　1:基準面指定　2:取付線＋指定方向線　3:元要素指定　4:ホール指定　5:２点　6:ロンジ間　7:...
2025-10-12 14:42:11,042 - api_entries_etl - DEBUG -   position: 0
2025-10-12 14:42:11,042 - api_entries_etl - DEBUG - [Relation #802] Created HAS_PROPERTY: api_entry::条材要素のパラメータオブジェクト -> property::条材要素のパラメータオブジェクト::DefinitionType
2025-10-12 14:42:11,042 - api_entries_etl - DEBUG - [Node #657] Created Property: property::条材要素のパラメータオブジェクト::ProfileName
2025-10-12 14:42:11,042 - api_entries_etl - DEBUG -   name: ProfileName
2025-10-12 14:42:11,042 - api_entries_etl - DEBUG -   property_type: 文字列
2025-10-12 14:42:11,042 - api_entries_etl - DEBUG -   description: 作成する条材ソリッド要素名称（空文字可）
2025-10-12 14:42:11,042 - api_entries_etl - DEBUG -   raw_json: {"name":"ProfileName","type":"文字列","description":"作成する条材ソリッド要素名称（空文字可）"}
2025-10-12 14:42:11,042 - api_entries_etl - DEBUG -   position: 1
2025-10-12 14:42:11,042 - api_entries_etl - DEBUG - [Relation #803] Created HAS_PROPERTY: api_entry::条材要素のパラメータオブジェクト -> property::条材要素のパラメータオブジェクト::ProfileName
2025-10-12 14:42:11,042 - api_entries_etl - DEBUG - [Node #658] Created Property: property::条材要素のパラメータオブジェクト::ElementGroup
2025-10-12 14:42:11,042 - api_entries_etl - DEBUG -   name: ElementGroup
2025-10-12 14:42:11,042 - api_entries_etl - DEBUG -   property_type: 要素グループ
2025-10-12 14:42:11,042 - api_entries_etl - DEBUG -   description: 作成するソリッド要素を要素グループに入れる場合は要素グループを指定（空文字可）
2025-10-12 14:42:11,042 - api_entries_etl - DEBUG -   raw_json: {"name":"ElementGroup","type":"要素グループ","description":"作成するソリッド要素を要素グループに入れる場合は要素グループを指定（空文字可）"}
2025-10-12 14:42:11,042 - api_entries_etl - DEBUG -   position: 2
2025-10-12 14:42:11,042 - api_entries_etl - DEBUG - [Relation #804] Created HAS_PROPERTY: api_entry::条材要素のパラメータオブジェクト -> property::条材要素のパラメータオブジェクト::ElementGroup
2025-10-12 14:42:11,042 - api_entries_etl - DEBUG - [Node #659] Created Property: property::条材要素のパラメータオブジェクト::MaterialName
2025-10-12 14:42:11,042 - api_entries_etl - DEBUG -   name: MaterialName
2025-10-12 14:42:11,042 - api_entries_etl - DEBUG -   property_type: 材料
2025-10-12 14:42:11,042 - api_entries_etl - DEBUG -   description: 作成するソリッド要素の材質名称（空文字可）
2025-10-12 14:42:11,042 - api_entries_etl - DEBUG -   raw_json: {"name":"MaterialName","type":"材料","description":"作成するソリッド要素の材質名称（空文字可）"}
2025-10-12 14:42:11,042 - api_entries_etl - DEBUG -   position: 3
2025-10-12 14:42:11,042 - api_entries_etl - DEBUG - [Relation #805] Created HAS_PROPERTY: api_entry::条材要素のパラメータオブジェクト -> property::条材要素のパラメータオブジェクト::MaterialName
2025-10-12 14:42:11,042 - api_entries_etl - DEBUG - [Node #660] Created Property: property::条材要素のパラメータオブジェクト::FlangeName
2025-10-12 14:42:11,042 - api_entries_etl - DEBUG -   name: FlangeName
2025-10-12 14:42:11,042 - api_entries_etl - DEBUG -   property_type: 文字列
2025-10-12 14:42:11,042 - api_entries_etl - DEBUG -   description: ビルトアップを作成する場合のフランジソリッド要素名称（空文字可）
2025-10-12 14:42:11,042 - api_entries_etl - DEBUG -   raw_json: {"name":"FlangeName","type":"文字列","description":"ビルトアップを作成する場合のフランジソリッド要素名称（空文字可）"}
2025-10-12 14:42:11,042 - api_entries_etl - DEBUG -   position: 4
2025-10-12 14:42:11,042 - api_entries_etl - DEBUG - [Relation #806] Created HAS_PROPERTY: api_entry::条材要素のパラメータオブジェクト -> property::条材要素のパラメータオブジェクト::FlangeName
2025-10-12 14:42:11,042 - api_entries_etl - DEBUG - [Node #661] Created Property: property::条材要素のパラメータオブジェクト::FlangeElementGroup
2025-10-12 14:42:11,042 - api_entries_etl - DEBUG -   name: FlangeElementGroup
2025-10-12 14:42:11,042 - api_entries_etl - DEBUG -   property_type: 要素グループ
2025-10-12 14:42:11,058 - api_entries_etl - DEBUG -   description: フランジソリッド要素を要素グループに入れる場合は要素グループを指定（空文字可）
2025-10-12 14:42:11,058 - api_entries_etl - DEBUG -   raw_json: {"name":"FlangeElementGroup","type":"要素グループ","description":"フランジソリッド要素を要素グループに入れる場合は要素グループを指定（空文字可）"}
2025-10-12 14:42:11,058 - api_entries_etl - DEBUG -   position: 5
2025-10-12 14:42:11,058 - api_entries_etl - DEBUG - [Relation #807] Created HAS_PROPERTY: api_entry::条材要素のパラメータオブジェクト -> property::条材要素のパラメータオブジェクト::FlangeElementGroup
2025-10-12 14:42:11,059 - api_entries_etl - DEBUG - [Node #662] Created Property: property::条材要素のパラメータオブジェクト::FlangeMaterialName
2025-10-12 14:42:11,059 - api_entries_etl - DEBUG -   name: FlangeMaterialName
2025-10-12 14:42:11,059 - api_entries_etl - DEBUG -   property_type: 材料
2025-10-12 14:42:11,059 - api_entries_etl - DEBUG -   description: 作成するフランジソリッド要素の材質名称（空文字可）
2025-10-12 14:42:11,059 - api_entries_etl - DEBUG -   raw_json: {"name":"FlangeMaterialName","type":"材料","description":"作成するフランジソリッド要素の材質名称（空文字可）"}
2025-10-12 14:42:11,059 - api_entries_etl - DEBUG -   position: 6
2025-10-12 14:42:11,059 - api_entries_etl - DEBUG - [Relation #808] Created HAS_PROPERTY: api_entry::条材要素のパラメータオブジェクト -> property::条材要素のパラメータオブジェクト::FlangeMaterialName
2025-10-12 14:42:11,059 - api_entries_etl - DEBUG - [Node #663] Created Property: property::条材要素のパラメータオブジェクト::ProfileType
2025-10-12 14:42:11,059 - api_entries_etl - DEBUG -   name: ProfileType
2025-10-12 14:42:11,059 - api_entries_etl - DEBUG -   property_type: 形状タイプ
2025-10-12 14:42:11,059 - api_entries_etl - DEBUG -   description: 条材の形状タイプを指定
2025-10-12 14:42:11,059 - api_entries_etl - DEBUG -   raw_json: {"name":"ProfileType","type":"形状タイプ","description":"条材の形状タイプを指定"}
2025-10-12 14:42:11,059 - api_entries_etl - DEBUG -   position: 7
2025-10-12 14:42:11,059 - api_entries_etl - DEBUG - [Relation #809] Created HAS_PROPERTY: api_entry::条材要素のパラメータオブジェクト -> property::条材要素のパラメータオブジェクト::ProfileType
2025-10-12 14:42:11,059 - api_entries_etl - DEBUG - [Node #664] Created Property: property::条材要素のパラメータオブジェクト::ProfileParam
2025-10-12 14:42:11,059 - api_entries_etl - DEBUG -   name: ProfileParam
2025-10-12 14:42:11,059 - api_entries_etl - DEBUG -   property_type: 形状パラメータ
2025-10-12 14:42:11,059 - api_entries_etl - DEBUG -   description: 条材の形状タイプのパラメータ
2025-10-12 14:42:11,059 - api_entries_etl - DEBUG -   raw_json: {"name":"ProfileParam","type":"形状パラメータ","description":"条材の形状タイプのパラメータ"}
2025-10-12 14:42:11,059 - api_entries_etl - DEBUG -   position: 8
2025-10-12 14:42:11,059 - api_entries_etl - DEBUG - [Relation #810] Created HAS_PROPERTY: api_entry::条材要素のパラメータオブジェクト -> property::条材要素のパラメータオブジェクト::ProfileParam
2025-10-12 14:42:11,062 - api_entries_etl - DEBUG - [Node #665] Created Property: property::条材要素のパラメータオブジェクト::FaceAngle
2025-10-12 14:42:11,062 - api_entries_etl - DEBUG -   name: FaceAngle
2025-10-12 14:42:11,062 - api_entries_etl - DEBUG -   property_type: 角度
2025-10-12 14:42:11,062 - api_entries_etl - DEBUG -   description: ビルトアップを作成する場合のフランジの角度指定　０°は直角を意味し、そこからの増分を＋－で指定
2025-10-12 14:42:11,062 - api_entries_etl - DEBUG -   raw_json: {"name":"FaceAngle","type":"角度","description":"ビルトアップを作成する場合のフランジの角度指定　０°は直角を意味し、そこからの増分を＋－で指定"}
2025-10-12 14:42:11,064 - api_entries_etl - DEBUG -   position: 9
2025-10-12 14:42:11,064 - api_entries_etl - DEBUG - [Relation #811] Created HAS_PROPERTY: api_entry::条材要素のパラメータオブジェクト -> property::条材要素のパラメータオブジェクト::FaceAngle
2025-10-12 14:42:11,065 - api_entries_etl - DEBUG - [Node #666] Created Property: property::条材要素のパラメータオブジェクト::ConnectionTol
2025-10-12 14:42:11,066 - api_entries_etl - DEBUG -   name: ConnectionTol
2025-10-12 14:42:11,066 - api_entries_etl - DEBUG -   property_type: 長さ
2025-10-12 14:42:11,066 - api_entries_etl - DEBUG -   description: 取付線が複数の場合の連続性の判定トレランスを指定（通常は指定しない、空文字）
2025-10-12 14:42:11,066 - api_entries_etl - DEBUG -   raw_json: {"name":"ConnectionTol","type":"長さ","description":"取付線が複数の場合の連続性の判定トレランスを指定（通常は指定しない、空文字）"}
2025-10-12 14:42:11,066 - api_entries_etl - DEBUG -   position: 10
2025-10-12 14:42:11,066 - api_entries_etl - DEBUG - [Relation #812] Created HAS_PROPERTY: api_entry::条材要素のパラメータオブジェクト -> property::条材要素のパラメータオブジェクト::ConnectionTol
2025-10-12 14:42:11,066 - api_entries_etl - DEBUG - [Node #667] Created Property: property::条材要素のパラメータオブジェクト::Mold
2025-10-12 14:42:11,066 - api_entries_etl - DEBUG -   name: Mold
2025-10-12 14:42:11,066 - api_entries_etl - DEBUG -   property_type: モールド位置
2025-10-12 14:42:11,066 - api_entries_etl - DEBUG -   description: モールド位置
2025-10-12 14:42:11,066 - api_entries_etl - DEBUG -   raw_json: {"name":"Mold","type":"モールド位置","description":"モールド位置"}
2025-10-12 14:42:11,066 - api_entries_etl - DEBUG -   position: 11
2025-10-12 14:42:11,066 - api_entries_etl - DEBUG - [Relation #813] Created HAS_PROPERTY: api_entry::条材要素のパラメータオブジェクト -> property::条材要素のパラメータオブジェクト::Mold
2025-10-12 14:42:11,066 - api_entries_etl - DEBUG - [Node #668] Created Property: property::条材要素のパラメータオブジェクト::MoldOffset
2025-10-12 14:42:11,066 - api_entries_etl - DEBUG -   name: MoldOffset
2025-10-12 14:42:11,066 - api_entries_etl - DEBUG -   property_type: 長さ
2025-10-12 14:42:11,066 - api_entries_etl - DEBUG -   description: モールド位置のオフセット距離
2025-10-12 14:42:11,066 - api_entries_etl - DEBUG -   raw_json: {"name":"MoldOffset","type":"長さ","description":"モールド位置のオフセット距離"}
2025-10-12 14:42:11,066 - api_entries_etl - DEBUG -   position: 12
2025-10-12 14:42:11,066 - api_entries_etl - DEBUG - [Relation #814] Created HAS_PROPERTY: api_entry::条材要素のパラメータオブジェクト -> property::条材要素のパラメータオブジェクト::MoldOffset
2025-10-12 14:42:11,066 - api_entries_etl - DEBUG - [Node #669] Created Property: property::条材要素のパラメータオブジェクト::ReverseDir
2025-10-12 14:42:11,066 - api_entries_etl - DEBUG -   name: ReverseDir
2025-10-12 14:42:11,071 - api_entries_etl - DEBUG -   property_type: bool
2025-10-12 14:42:11,071 - api_entries_etl - DEBUG -   description: 取付方向を反転する時True
2025-10-12 14:42:11,071 - api_entries_etl - DEBUG -   raw_json: {"name":"ReverseDir","type":"bool","description":"取付方向を反転する時True"}
2025-10-12 14:42:11,071 - api_entries_etl - DEBUG -   position: 13
2025-10-12 14:42:11,072 - api_entries_etl - DEBUG - [Relation #815] Created HAS_PROPERTY: api_entry::条材要素のパラメータオブジェクト -> property::条材要素のパラメータオブジェクト::ReverseDir
2025-10-12 14:42:11,073 - api_entries_etl - DEBUG - [Node #670] Created Property: property::条材要素のパラメータオブジェクト::ReverseAngle
2025-10-12 14:42:11,073 - api_entries_etl - DEBUG -   name: ReverseAngle
2025-10-12 14:42:11,073 - api_entries_etl - DEBUG -   property_type: bool
2025-10-12 14:42:11,073 - api_entries_etl - DEBUG -   description: アングル方向を反転する時True
2025-10-12 14:42:11,073 - api_entries_etl - DEBUG -   raw_json: {"name":"ReverseAngle","type":"bool","description":"アングル方向を反転する時True"}
2025-10-12 14:42:11,073 - api_entries_etl - DEBUG -   position: 14
2025-10-12 14:42:11,074 - api_entries_etl - DEBUG - [Relation #816] Created HAS_PROPERTY: api_entry::条材要素のパラメータオブジェクト -> property::条材要素のパラメータオブジェクト::ReverseAngle
2025-10-12 14:42:11,074 - api_entries_etl - DEBUG - [Node #671] Created Property: property::条材要素のパラメータオブジェクト::BaseOnAttachLines
2025-10-12 14:42:11,074 - api_entries_etl - DEBUG -   name: BaseOnAttachLines
2025-10-12 14:42:11,074 - api_entries_etl - DEBUG -   property_type: bool
2025-10-12 14:42:11,074 - api_entries_etl - DEBUG -   description: 取付線の境界を基準にする時True
2025-10-12 14:42:11,074 - api_entries_etl - DEBUG -   raw_json: {"name":"BaseOnAttachLines","type":"bool","description":"取付線の境界を基準にする時True"}
2025-10-12 14:42:11,074 - api_entries_etl - DEBUG -   position: 15
2025-10-12 14:42:11,074 - api_entries_etl - DEBUG - [Relation #817] Created HAS_PROPERTY: api_entry::条材要素のパラメータオブジェクト -> property::条材要素のパラメータオブジェクト::BaseOnAttachLines
2025-10-12 14:42:11,074 - api_entries_etl - DEBUG - [Node #672] Created Property: property::条材要素のパラメータオブジェクト::CalcSnipOnlyAttachLines
2025-10-12 14:42:11,074 - api_entries_etl - DEBUG -   name: CalcSnipOnlyAttachLines
2025-10-12 14:42:11,074 - api_entries_etl - DEBUG -   property_type: bool
2025-10-12 14:42:11,074 - api_entries_etl - DEBUG -   description: 端部スニップ量を取付線のみで計算する時True
2025-10-12 14:42:11,074 - api_entries_etl - DEBUG -   raw_json: {"name":"CalcSnipOnlyAttachLines","type":"bool","description":"端部スニップ量を取付線のみで計算する時True"}
2025-10-12 14:42:11,074 - api_entries_etl - DEBUG -   position: 16
2025-10-12 14:42:11,074 - api_entries_etl - DEBUG - [Relation #818] Created HAS_PROPERTY: api_entry::条材要素のパラメータオブジェクト -> property::条材要素のパラメータオブジェクト::CalcSnipOnlyAttachLines
2025-10-12 14:42:11,074 - api_entries_etl - DEBUG - [Node #673] Created Property: property::条材要素のパラメータオブジェクト::NotProfjectAttachLines
2025-10-12 14:42:11,074 - api_entries_etl - DEBUG -   name: NotProfjectAttachLines
2025-10-12 14:42:11,074 - api_entries_etl - DEBUG -   property_type: bool
2025-10-12 14:42:11,074 - api_entries_etl - DEBUG -   description: 取付線を取付面に投影しない時True
2025-10-12 14:42:11,074 - api_entries_etl - DEBUG -   raw_json: {"name":"NotProfjectAttachLines","type":"bool","description":"取付線を取付面に投影しない時True"}
2025-10-12 14:42:11,074 - api_entries_etl - DEBUG -   position: 17
2025-10-12 14:42:11,074 - api_entries_etl - DEBUG - [Relation #819] Created HAS_PROPERTY: api_entry::条材要素のパラメータオブジェクト -> property::条材要素のパラメータオブジェクト::NotProfjectAttachLines
2025-10-12 14:42:11,074 - api_entries_etl - DEBUG - [Node #674] Created Property: property::条材要素のパラメータオブジェクト::ProjectionDir
2025-10-12 14:42:11,074 - api_entries_etl - DEBUG -   name: ProjectionDir
2025-10-12 14:42:11,074 - api_entries_etl - DEBUG -   property_type: 方向
2025-10-12 14:42:11,078 - api_entries_etl - DEBUG -   description: 取付線を投影する場合に設定。通常は設定しない（空白文字）
2025-10-12 14:42:11,078 - api_entries_etl - DEBUG -   raw_json: {"name":"ProjectionDir","type":"方向","description":"取付線を投影する場合に設定。通常は設定しない（空白文字）"}
2025-10-12 14:42:11,079 - api_entries_etl - DEBUG -   position: 18
2025-10-12 14:42:11,079 - api_entries_etl - DEBUG - [Relation #820] Created HAS_PROPERTY: api_entry::条材要素のパラメータオブジェクト -> property::条材要素のパラメータオブジェクト::ProjectionDir
2025-10-12 14:42:11,081 - api_entries_etl - DEBUG - [Node #675] Created Property: property::条材要素のパラメータオブジェクト::AttachDirMethod
2025-10-12 14:42:11,081 - api_entries_etl - DEBUG -   name: AttachDirMethod
2025-10-12 14:42:11,081 - api_entries_etl - DEBUG -   property_type: 整数
2025-10-12 14:42:11,081 - api_entries_etl - DEBUG -   description: 条材取付方向設定　0:デフォルト　1:基準平面内　2:取付角度指定
2025-10-12 14:42:11,081 - api_entries_etl - DEBUG -   raw_json: {"name":"AttachDirMethod","type":"整数","description":"条材取付方向設定　0:デフォルト　1:基準平面内　2:取付角度指定"}
2025-10-12 14:42:11,081 - api_entries_etl - DEBUG -   position: 19
2025-10-12 14:42:11,082 - api_entries_etl - DEBUG - [Relation #821] Created HAS_PROPERTY: api_entry::条材要素のパラメータオブジェクト -> property::条材要素のパラメータオブジェクト::AttachDirMethod
2025-10-12 14:42:11,082 - api_entries_etl - DEBUG - [Node #676] Created Property: property::条材要素のパラメータオブジェクト::AttachAngle
2025-10-12 14:42:11,082 - api_entries_etl - DEBUG -   name: AttachAngle
2025-10-12 14:42:11,082 - api_entries_etl - DEBUG -   property_type: 角度
2025-10-12 14:42:11,082 - api_entries_etl - DEBUG -   description: 取付角度指定
2025-10-12 14:42:11,082 - api_entries_etl - DEBUG -   raw_json: {"name":"AttachAngle","type":"角度","description":"取付角度指定"}
2025-10-12 14:42:11,082 - api_entries_etl - DEBUG -   position: 20
2025-10-12 14:42:11,082 - api_entries_etl - DEBUG - [Relation #822] Created HAS_PROPERTY: api_entry::条材要素のパラメータオブジェクト -> property::条材要素のパラメータオブジェクト::AttachAngle
2025-10-12 14:42:11,082 - api_entries_etl - DEBUG - [Node #677] Created Property: property::条材要素のパラメータオブジェクト::AttachDirection
2025-10-12 14:42:11,082 - api_entries_etl - DEBUG -   name: AttachDirection
2025-10-12 14:42:11,082 - api_entries_etl - DEBUG -   property_type: 方向
2025-10-12 14:42:11,082 - api_entries_etl - DEBUG -   description: 条材取付方向を指定する場合に設定する
2025-10-12 14:42:11,082 - api_entries_etl - DEBUG -   raw_json: {"name":"AttachDirection","type":"方向","description":"条材取付方向を指定する場合に設定する"}
2025-10-12 14:42:11,082 - api_entries_etl - DEBUG -   position: 21
2025-10-12 14:42:11,082 - api_entries_etl - DEBUG - [Relation #823] Created HAS_PROPERTY: api_entry::条材要素のパラメータオブジェクト -> property::条材要素のパラメータオブジェクト::AttachDirection
2025-10-12 14:42:11,082 - api_entries_etl - DEBUG - [Node #678] Created Property: property::条材要素のパラメータオブジェクト::DefAnglePositionAxisDir
2025-10-12 14:42:11,082 - api_entries_etl - DEBUG -   name: DefAnglePositionAxisDir
2025-10-12 14:42:11,082 - api_entries_etl - DEBUG -   property_type: 方向
2025-10-12 14:42:11,082 - api_entries_etl - DEBUG -   description: ねじれた条材を作成する場合のそのネジレ角度を定義する軸方向を指定
2025-10-12 14:42:11,082 - api_entries_etl - DEBUG -   raw_json: {"name":"DefAnglePositionAxisDir","type":"方向","description":"ねじれた条材を作成する場合のそのネジレ角度を定義する軸方向を指定"}
2025-10-12 14:42:11,082 - api_entries_etl - DEBUG -   position: 22
2025-10-12 14:42:11,082 - api_entries_etl - DEBUG - [Relation #824] Created HAS_PROPERTY: api_entry::条材要素のパラメータオブジェクト -> property::条材要素のパラメータオブジェクト::DefAnglePositionAxisDir
2025-10-12 14:42:11,082 - api_entries_etl - DEBUG - [Node #679] Created Property: property::条材要素のパラメータオブジェクト::DefAngleBaseDir
2025-10-12 14:42:11,082 - api_entries_etl - DEBUG -   name: DefAngleBaseDir
2025-10-12 14:42:11,082 - api_entries_etl - DEBUG -   property_type: 方向
2025-10-12 14:42:11,082 - api_entries_etl - DEBUG -   description: ねじれた条材を作成する場合のそのネジレ角度の基準となる軸方向を指定
2025-10-12 14:42:11,082 - api_entries_etl - DEBUG -   raw_json: {"name":"DefAngleBaseDir","type":"方向","description":"ねじれた条材を作成する場合のそのネジレ角度の基準となる軸方向を指定"}
2025-10-12 14:42:11,082 - api_entries_etl - DEBUG -   position: 23
2025-10-12 14:42:11,082 - api_entries_etl - DEBUG - [Relation #825] Created HAS_PROPERTY: api_entry::条材要素のパラメータオブジェクト -> property::条材要素のパラメータオブジェクト::DefAngleBaseDir
2025-10-12 14:42:11,082 - api_entries_etl - DEBUG - [Node #680] Created Property: property::条材要素のパラメータオブジェクト::CCWDefAngle
2025-10-12 14:42:11,082 - api_entries_etl - DEBUG -   name: CCWDefAngle
2025-10-12 14:42:11,082 - api_entries_etl - DEBUG -   property_type: bool
2025-10-12 14:42:11,082 - api_entries_etl - DEBUG -   description: ねじれた条材を作成する場合のネジレ角度を反統計まわりに指定する場合はTrue
2025-10-12 14:42:11,082 - api_entries_etl - DEBUG -   raw_json: {"name":"CCWDefAngle","type":"bool","description":"ねじれた条材を作成する場合のネジレ角度を反統計まわりに指定する場合はTrue"}
2025-10-12 14:42:11,082 - api_entries_etl - DEBUG -   position: 24
2025-10-12 14:42:11,082 - api_entries_etl - DEBUG - [Relation #826] Created HAS_PROPERTY: api_entry::条材要素のパラメータオブジェクト -> property::条材要素のパラメータオブジェクト::CCWDefAngle
2025-10-12 14:42:11,082 - api_entries_etl - DEBUG - [Node #681] Created Property: property::条材要素のパラメータオブジェクト::DefPossitionAngles
2025-10-12 14:42:11,082 - api_entries_etl - DEBUG -   name: DefPossitionAngles
2025-10-12 14:42:11,082 - api_entries_etl - DEBUG -   property_type: 位置と角度配列
2025-10-12 14:42:11,082 - api_entries_etl - DEBUG -   description: ねじれた条材を作成する場合のネジレ角度を位置と角度で指定
2025-10-12 14:42:11,082 - api_entries_etl - DEBUG -   raw_json: {"name":"DefPossitionAngles","type":"位置と角度配列","description":"ねじれた条材を作成する場合のネジレ角度を位置と角度で指定"}
2025-10-12 14:42:11,082 - api_entries_etl - DEBUG -   position: 25
2025-10-12 14:42:11,082 - api_entries_etl - DEBUG - [Relation #827] Created HAS_PROPERTY: api_entry::条材要素のパラメータオブジェクト -> property::条材要素のパラメータオブジェクト::DefPossitionAngles
2025-10-12 14:42:11,091 - api_entries_etl - DEBUG - [Node #682] Created Property: property::条材要素のパラメータオブジェクト::DefPositionNormalAngles
2025-10-12 14:42:11,091 - api_entries_etl - DEBUG -   name: DefPositionNormalAngles
2025-10-12 14:42:11,091 - api_entries_etl - DEBUG -   property_type: 位置と角度配列
2025-10-12 14:42:11,091 - api_entries_etl - DEBUG -   description: ねじれた条材を作成する場合のネジレ角度を位置と角度を取付面の法線位置からの差分で指定
2025-10-12 14:42:11,091 - api_entries_etl - DEBUG -   raw_json: {"name":"DefPositionNormalAngles","type":"位置と角度配列","description":"ねじれた条材を作成する場合のネジレ角度を位置と角度を取付面の法線位置からの差分で指定"}
2025-10-12 14:42:11,091 - api_entries_etl - DEBUG -   position: 26
2025-10-12 14:42:11,091 - api_entries_etl - DEBUG - [Relation #828] Created HAS_PROPERTY: api_entry::条材要素のパラメータオブジェクト -> property::条材要素のパラメータオブジェクト::DefPositionNormalAngles
2025-10-12 14:42:11,091 - api_entries_etl - DEBUG - [Node #683] Created Property: property::条材要素のパラメータオブジェクト::End1Elements
2025-10-12 14:42:11,091 - api_entries_etl - DEBUG -   name: End1Elements
2025-10-12 14:42:11,091 - api_entries_etl - DEBUG -   property_type: 要素(配列)
2025-10-12 14:42:11,091 - api_entries_etl - DEBUG -   description: 端部１、端部となる要素を指定する
2025-10-12 14:42:11,091 - api_entries_etl - DEBUG -   raw_json: {"name":"End1Elements","type":"要素(配列)","description":"端部１、端部となる要素を指定する"}
2025-10-12 14:42:11,091 - api_entries_etl - DEBUG -   position: 27
2025-10-12 14:42:11,091 - api_entries_etl - DEBUG - [Relation #829] Created HAS_PROPERTY: api_entry::条材要素のパラメータオブジェクト -> property::条材要素のパラメータオブジェクト::End1Elements
2025-10-12 14:42:11,091 - api_entries_etl - DEBUG - [Node #684] Created Property: property::条材要素のパラメータオブジェクト::End1Type
2025-10-12 14:42:11,091 - api_entries_etl - DEBUG -   name: End1Type
2025-10-12 14:42:11,091 - api_entries_etl - DEBUG -   property_type: 形状タイプ
2025-10-12 14:42:11,091 - api_entries_etl - DEBUG -   description: 端部１、条材の端部タイプを指定
2025-10-12 14:42:11,091 - api_entries_etl - DEBUG -   raw_json: {"name":"End1Type","type":"形状タイプ","description":"端部１、条材の端部タイプを指定"}
2025-10-12 14:42:11,091 - api_entries_etl - DEBUG -   position: 28
2025-10-12 14:42:11,091 - api_entries_etl - DEBUG - [Relation #830] Created HAS_PROPERTY: api_entry::条材要素のパラメータオブジェクト -> property::条材要素のパラメータオブジェクト::End1Type
2025-10-12 14:42:11,091 - api_entries_etl - DEBUG - [Node #685] Created Property: property::条材要素のパラメータオブジェクト::End1TypeParams
2025-10-12 14:42:11,091 - api_entries_etl - DEBUG -   name: End1TypeParams
2025-10-12 14:42:11,091 - api_entries_etl - DEBUG -   property_type: 形状パラメータ
2025-10-12 14:42:11,091 - api_entries_etl - DEBUG -   description: 端部１、条材の端部タイプのパラメータ
2025-10-12 14:42:11,091 - api_entries_etl - DEBUG -   raw_json: {"name":"End1TypeParams","type":"形状パラメータ","description":"端部１、条材の端部タイプのパラメータ"}
2025-10-12 14:42:11,091 - api_entries_etl - DEBUG -   position: 29
2025-10-12 14:42:11,091 - api_entries_etl - DEBUG - [Relation #831] Created HAS_PROPERTY: api_entry::条材要素のパラメータオブジェクト -> property::条材要素のパラメータオブジェクト::End1TypeParams
2025-10-12 14:42:11,091 - api_entries_etl - DEBUG - [Node #686] Created Property: property::条材要素のパラメータオブジェクト::End2Elements
2025-10-12 14:42:11,091 - api_entries_etl - DEBUG -   name: End2Elements
2025-10-12 14:42:11,095 - api_entries_etl - DEBUG -   property_type: 要素(配列)
2025-10-12 14:42:11,095 - api_entries_etl - DEBUG -   description: 端部２、端部となる要素を指定する
2025-10-12 14:42:11,095 - api_entries_etl - DEBUG -   raw_json: {"name":"End2Elements","type":"要素(配列)","description":"端部２、端部となる要素を指定する"}
2025-10-12 14:42:11,095 - api_entries_etl - DEBUG -   position: 30
2025-10-12 14:42:11,095 - api_entries_etl - DEBUG - [Relation #832] Created HAS_PROPERTY: api_entry::条材要素のパラメータオブジェクト -> property::条材要素のパラメータオブジェクト::End2Elements
2025-10-12 14:42:11,097 - api_entries_etl - DEBUG - [Node #687] Created Property: property::条材要素のパラメータオブジェクト::End2Type
2025-10-12 14:42:11,098 - api_entries_etl - DEBUG -   name: End2Type
2025-10-12 14:42:11,098 - api_entries_etl - DEBUG -   property_type: 形状タイプ
2025-10-12 14:42:11,098 - api_entries_etl - DEBUG -   description: 端部２、条材の端部タイプを指定
2025-10-12 14:42:11,098 - api_entries_etl - DEBUG -   raw_json: {"name":"End2Type","type":"形状タイプ","description":"端部２、条材の端部タイプを指定"}
2025-10-12 14:42:11,098 - api_entries_etl - DEBUG -   position: 31
2025-10-12 14:42:11,098 - api_entries_etl - DEBUG - [Relation #833] Created HAS_PROPERTY: api_entry::条材要素のパラメータオブジェクト -> property::条材要素のパラメータオブジェクト::End2Type
2025-10-12 14:42:11,098 - api_entries_etl - DEBUG - [Node #688] Created Property: property::条材要素のパラメータオブジェクト::End2TypeParams
2025-10-12 14:42:11,098 - api_entries_etl - DEBUG -   name: End2TypeParams
2025-10-12 14:42:11,098 - api_entries_etl - DEBUG -   property_type: 形状パラメータ
2025-10-12 14:42:11,098 - api_entries_etl - DEBUG -   description: 端部２、条材の端部タイプのパラメータ
2025-10-12 14:42:11,098 - api_entries_etl - DEBUG -   raw_json: {"name":"End2TypeParams","type":"形状パラメータ","description":"端部２、条材の端部タイプのパラメータ"}
2025-10-12 14:42:11,098 - api_entries_etl - DEBUG -   position: 32
2025-10-12 14:42:11,098 - api_entries_etl - DEBUG - [Relation #834] Created HAS_PROPERTY: api_entry::条材要素のパラメータオブジェクト -> property::条材要素のパラメータオブジェクト::End2TypeParams
2025-10-12 14:42:11,098 - api_entries_etl - DEBUG - [Node #689] Created Property: property::条材要素のパラメータオブジェクト::End1ScallopType
2025-10-12 14:42:11,098 - api_entries_etl - DEBUG -   name: End1ScallopType
2025-10-12 14:42:11,098 - api_entries_etl - DEBUG -   property_type: 形状タイプ
2025-10-12 14:42:11,098 - api_entries_etl - DEBUG -   description: 端部１、条材の端部スカラップタイプを指定
2025-10-12 14:42:11,098 - api_entries_etl - DEBUG -   raw_json: {"name":"End1ScallopType","type":"形状タイプ","description":"端部１、条材の端部スカラップタイプを指定"}
2025-10-12 14:42:11,098 - api_entries_etl - DEBUG -   position: 33
2025-10-12 14:42:11,098 - api_entries_etl - DEBUG - [Relation #835] Created HAS_PROPERTY: api_entry::条材要素のパラメータオブジェクト -> property::条材要素のパラメータオブジェクト::End1ScallopType
2025-10-12 14:42:11,098 - api_entries_etl - DEBUG - [Node #690] Created Property: property::条材要素のパラメータオブジェクト::End1ScallopTypeParams
2025-10-12 14:42:11,098 - api_entries_etl - DEBUG -   name: End1ScallopTypeParams
2025-10-12 14:42:11,098 - api_entries_etl - DEBUG -   property_type: 形状パラメータ
2025-10-12 14:42:11,098 - api_entries_etl - DEBUG -   description: 端部１、条材の端部スカラップタイプのパラメータ
2025-10-12 14:42:11,098 - api_entries_etl - DEBUG -   raw_json: {"name":"End1ScallopTypeParams","type":"形状パラメータ","description":"端部１、条材の端部スカラップタイプのパラメータ"}
2025-10-12 14:42:11,098 - api_entries_etl - DEBUG -   position: 34
2025-10-12 14:42:11,098 - api_entries_etl - DEBUG - [Relation #836] Created HAS_PROPERTY: api_entry::条材要素のパラメータオブジェクト -> property::条材要素のパラメータオブジェクト::End1ScallopTypeParams
2025-10-12 14:42:11,098 - api_entries_etl - DEBUG - [Node #691] Created Property: property::条材要素のパラメータオブジェクト::End2ScallopType
2025-10-12 14:42:11,098 - api_entries_etl - DEBUG -   name: End2ScallopType
2025-10-12 14:42:11,098 - api_entries_etl - DEBUG -   property_type: 形状タイプ
2025-10-12 14:42:11,098 - api_entries_etl - DEBUG -   description: 端部２、条材の端部スカラップタイプを指定
2025-10-12 14:42:11,098 - api_entries_etl - DEBUG -   raw_json: {"name":"End2ScallopType","type":"形状タイプ","description":"端部２、条材の端部スカラップタイプを指定"}
2025-10-12 14:42:11,098 - api_entries_etl - DEBUG -   position: 35
2025-10-12 14:42:11,098 - api_entries_etl - DEBUG - [Relation #837] Created HAS_PROPERTY: api_entry::条材要素のパラメータオブジェクト -> property::条材要素のパラメータオブジェクト::End2ScallopType
2025-10-12 14:42:11,098 - api_entries_etl - DEBUG - [Node #692] Created Property: property::条材要素のパラメータオブジェクト::End2ScallopTypeParams
2025-10-12 14:42:11,098 - api_entries_etl - DEBUG -   name: End2ScallopTypeParams
2025-10-12 14:42:11,098 - api_entries_etl - DEBUG -   property_type: 形状パラメータ
2025-10-12 14:42:11,098 - api_entries_etl - DEBUG -   description: 端部２、条材の端部スカラップタイプのパラメータ
2025-10-12 14:42:11,098 - api_entries_etl - DEBUG -   raw_json: {"name":"End2ScallopTypeParams","type":"形状パラメータ","description":"端部２、条材の端部スカラップタイプのパラメータ"}
2025-10-12 14:42:11,098 - api_entries_etl - DEBUG -   position: 36
2025-10-12 14:42:11,098 - api_entries_etl - DEBUG - [Relation #838] Created HAS_PROPERTY: api_entry::条材要素のパラメータオブジェクト -> property::条材要素のパラメータオブジェクト::End2ScallopTypeParams
2025-10-12 14:42:11,098 - api_entries_etl - DEBUG - [Node #693] Created Property: property::条材要素のパラメータオブジェクト::AttachLines
2025-10-12 14:42:11,098 - api_entries_etl - DEBUG -   name: AttachLines
2025-10-12 14:42:11,098 - api_entries_etl - DEBUG -   property_type: 要素(配列)
2025-10-12 14:42:11,098 - api_entries_etl - DEBUG -   description: 条材の取付線
2025-10-12 14:42:11,098 - api_entries_etl - DEBUG -   raw_json: {"name":"AttachLines","type":"要素(配列)","description":"条材の取付線"}
2025-10-12 14:42:11,098 - api_entries_etl - DEBUG -   position: 37
2025-10-12 14:42:11,098 - api_entries_etl - DEBUG - [Relation #839] Created HAS_PROPERTY: api_entry::条材要素のパラメータオブジェクト -> property::条材要素のパラメータオブジェクト::AttachLines
2025-10-12 14:42:11,098 - api_entries_etl - DEBUG - [Node #694] Created Property: property::条材要素のパラメータオブジェクト::AttachSurface
2025-10-12 14:42:11,098 - api_entries_etl - DEBUG -   name: AttachSurface
2025-10-12 14:42:11,098 - api_entries_etl - DEBUG -   property_type: 要素(配列)
2025-10-12 14:42:11,098 - api_entries_etl - DEBUG -   description: 条材を取り付ける面要素（フェイス、シートボディ）
2025-10-12 14:42:11,098 - api_entries_etl - DEBUG -   raw_json: {"name":"AttachSurface","type":"要素(配列)","description":"条材を取り付ける面要素（フェイス、シートボディ）"}
2025-10-12 14:42:11,098 - api_entries_etl - DEBUG -   position: 38
2025-10-12 14:42:11,098 - api_entries_etl - DEBUG - [Relation #840] Created HAS_PROPERTY: api_entry::条材要素のパラメータオブジェクト -> property::条材要素のパラメータオブジェクト::AttachSurface
2025-10-12 14:42:11,107 - api_entries_etl - DEBUG - [Node #695] Created Property: property::条材要素のパラメータオブジェクト::BasePlane
2025-10-12 14:42:11,107 - api_entries_etl - DEBUG -   name: BasePlane
2025-10-12 14:42:11,107 - api_entries_etl - DEBUG -   property_type: 要素
2025-10-12 14:42:11,107 - api_entries_etl - DEBUG -   description: 基準面要素（平面、シート、フェイス）を指定
2025-10-12 14:42:11,107 - api_entries_etl - DEBUG -   raw_json: {"name":"BasePlane","type":"要素","description":"基準面要素（平面、シート、フェイス）を指定"}
2025-10-12 14:42:11,107 - api_entries_etl - DEBUG -   position: 39
2025-10-12 14:42:11,107 - api_entries_etl - DEBUG - [Relation #841] Created HAS_PROPERTY: api_entry::条材要素のパラメータオブジェクト -> property::条材要素のパラメータオブジェクト::BasePlane
2025-10-12 14:42:11,107 - api_entries_etl - DEBUG - [Node #696] Created Property: property::条材要素のパラメータオブジェクト::BasePlaneOffset
2025-10-12 14:42:11,107 - api_entries_etl - DEBUG -   name: BasePlaneOffset
2025-10-12 14:42:11,107 - api_entries_etl - DEBUG -   property_type: 長さ
2025-10-12 14:42:11,107 - api_entries_etl - DEBUG -   description: 基準面のオフセット距離を指定
2025-10-12 14:42:11,107 - api_entries_etl - DEBUG -   raw_json: {"name":"BasePlaneOffset","type":"長さ","description":"基準面のオフセット距離を指定"}
2025-10-12 14:42:11,107 - api_entries_etl - DEBUG -   position: 40
2025-10-12 14:42:11,107 - api_entries_etl - DEBUG - [Relation #842] Created HAS_PROPERTY: api_entry::条材要素のパラメータオブジェクト -> property::条材要素のパラメータオブジェクト::BasePlaneOffset
2025-10-12 14:42:11,107 - api_entries_etl - DEBUG - [Node #697] Created Property: property::条材要素のパラメータオブジェクト::BaseSolid
2025-10-12 14:42:11,107 - api_entries_etl - DEBUG -   name: BaseSolid
2025-10-12 14:42:11,107 - api_entries_etl - DEBUG -   property_type: 要素
2025-10-12 14:42:11,107 - api_entries_etl - DEBUG -   description: 基準要素（ソリッド）を指定
2025-10-12 14:42:11,107 - api_entries_etl - DEBUG -   raw_json: {"name":"BaseSolid","type":"要素","description":"基準要素（ソリッド）を指定"}
2025-10-12 14:42:11,107 - api_entries_etl - DEBUG -   position: 41
2025-10-12 14:42:11,107 - api_entries_etl - DEBUG - [Relation #843] Created HAS_PROPERTY: api_entry::条材要素のパラメータオブジェクト -> property::条材要素のパラメータオブジェクト::BaseSolid
2025-10-12 14:42:11,107 - api_entries_etl - DEBUG - [Node #698] Created Property: property::条材要素のパラメータオブジェクト::PathCurves
2025-10-12 14:42:11,107 - api_entries_etl - DEBUG -   name: PathCurves
2025-10-12 14:42:11,107 - api_entries_etl - DEBUG -   property_type: 要素(配列)
2025-10-12 14:42:11,107 - api_entries_etl - DEBUG -   description: 取付線（取付線＋指定方向線で作成する際に使用する）
2025-10-12 14:42:11,107 - api_entries_etl - DEBUG -   raw_json: {"name":"PathCurves","type":"要素(配列)","description":"取付線（取付線＋指定方向線で作成する際に使用する）"}
2025-10-12 14:42:11,107 - api_entries_etl - DEBUG -   position: 42
2025-10-12 14:42:11,107 - api_entries_etl - DEBUG - [Relation #844] Created HAS_PROPERTY: api_entry::条材要素のパラメータオブジェクト -> property::条材要素のパラメータオブジェクト::PathCurves
2025-10-12 14:42:11,112 - api_entries_etl - DEBUG - [Node #699] Created Property: property::条材要素のパラメータオブジェクト::DirLines
2025-10-12 14:42:11,112 - api_entries_etl - DEBUG -   name: DirLines
2025-10-12 14:42:11,112 - api_entries_etl - DEBUG -   property_type: 要素(配列)
2025-10-12 14:42:11,112 - api_entries_etl - DEBUG -   description: 基準直線（取付線＋指定方向線で作成する際に使用する）
2025-10-12 14:42:11,115 - api_entries_etl - DEBUG -   raw_json: {"name":"DirLines","type":"要素(配列)","description":"基準直線（取付線＋指定方向線で作成する際に使用する）"}
2025-10-12 14:42:11,115 - api_entries_etl - DEBUG -   position: 43
2025-10-12 14:42:11,115 - api_entries_etl - DEBUG - [Relation #845] Created HAS_PROPERTY: api_entry::条材要素のパラメータオブジェクト -> property::条材要素のパラメータオブジェクト::DirLines
2025-10-12 14:42:11,116 - api_entries_etl - DEBUG - [Node #700] Created Property: property::条材要素のパラメータオブジェクト::OrignalProfile
2025-10-12 14:42:11,116 - api_entries_etl - DEBUG -   name: OrignalProfile
2025-10-12 14:42:11,116 - api_entries_etl - DEBUG -   property_type: 要素
2025-10-12 14:42:11,116 - api_entries_etl - DEBUG -   description: 作成元の条材（元要素指定で作成する際に使用する）
2025-10-12 14:42:11,116 - api_entries_etl - DEBUG -   raw_json: {"name":"OrignalProfile","type":"要素","description":"作成元の条材（元要素指定で作成する際に使用する）"}
2025-10-12 14:42:11,116 - api_entries_etl - DEBUG -   position: 44
2025-10-12 14:42:11,116 - api_entries_etl - DEBUG - [Relation #846] Created HAS_PROPERTY: api_entry::条材要素のパラメータオブジェクト -> property::条材要素のパラメータオブジェクト::OrignalProfile
2025-10-12 14:42:11,116 - api_entries_etl - DEBUG - [Node #701] Created Property: property::条材要素のパラメータオブジェクト::HoleFeature
2025-10-12 14:42:11,116 - api_entries_etl - DEBUG -   name: HoleFeature
2025-10-12 14:42:11,116 - api_entries_etl - DEBUG -   property_type: 要素
2025-10-12 14:42:11,116 - api_entries_etl - DEBUG -   description: ホールフィーチャー（ホール指定で作成する際に使用する）
2025-10-12 14:42:11,116 - api_entries_etl - DEBUG -   raw_json: {"name":"HoleFeature","type":"要素","description":"ホールフィーチャー（ホール指定で作成する際に使用する）"}
2025-10-12 14:42:11,116 - api_entries_etl - DEBUG -   position: 45
2025-10-12 14:42:11,116 - api_entries_etl - DEBUG - [Relation #847] Created HAS_PROPERTY: api_entry::条材要素のパラメータオブジェクト -> property::条材要素のパラメータオブジェクト::HoleFeature
2025-10-12 14:42:11,116 - api_entries_etl - DEBUG - [Node #702] Created Property: property::条材要素のパラメータオブジェクト::LocationAtHole
2025-10-12 14:42:11,116 - api_entries_etl - DEBUG -   name: LocationAtHole
2025-10-12 14:42:11,116 - api_entries_etl - DEBUG -   property_type: 整数
2025-10-12 14:42:11,116 - api_entries_etl - DEBUG -   description: 条材の位置　0:上　1:下　2:左　3:右　（ホール指定で作成する際に使用する）
2025-10-12 14:42:11,116 - api_entries_etl - DEBUG -   raw_json: {"name":"LocationAtHole","type":"整数","description":"条材の位置　0:上　1:下　2:左　3:右　（ホール指定で作成する際に使用する）"}
2025-10-12 14:42:11,116 - api_entries_etl - DEBUG -   position: 46
2025-10-12 14:42:11,116 - api_entries_etl - DEBUG - [Relation #848] Created HAS_PROPERTY: api_entry::条材要素のパラメータオブジェクト -> property::条材要素のパラメータオブジェクト::LocationAtHole
2025-10-12 14:42:11,116 - api_entries_etl - DEBUG - [Node #703] Created Property: property::条材要素のパラメータオブジェクト::BasePoint1
2025-10-12 14:42:11,116 - api_entries_etl - DEBUG -   name: BasePoint1
2025-10-12 14:42:11,116 - api_entries_etl - DEBUG -   property_type: 点
2025-10-12 14:42:11,116 - api_entries_etl - DEBUG -   description: 基準点1（２点もしくは基準点と方向で作成する際に使用する）
2025-10-12 14:42:11,116 - api_entries_etl - DEBUG -   raw_json: {"name":"BasePoint1","type":"点","description":"基準点1（２点もしくは基準点と方向で作成する際に使用する）"}
2025-10-12 14:42:11,116 - api_entries_etl - DEBUG -   position: 47
2025-10-12 14:42:11,116 - api_entries_etl - DEBUG - [Relation #849] Created HAS_PROPERTY: api_entry::条材要素のパラメータオブジェクト -> property::条材要素のパラメータオブジェクト::BasePoint1
2025-10-12 14:42:11,116 - api_entries_etl - DEBUG - [Node #704] Created Property: property::条材要素のパラメータオブジェクト::BasePoint2
2025-10-12 14:42:11,116 - api_entries_etl - DEBUG -   name: BasePoint2
2025-10-12 14:42:11,116 - api_entries_etl - DEBUG -   property_type: 点
2025-10-12 14:42:11,116 - api_entries_etl - DEBUG -   description: 基準点2（２点で作成する際に使用する）
2025-10-12 14:42:11,116 - api_entries_etl - DEBUG -   raw_json: {"name":"BasePoint2","type":"点","description":"基準点2（２点で作成する際に使用する）"}
2025-10-12 14:42:11,116 - api_entries_etl - DEBUG -   position: 48
2025-10-12 14:42:11,116 - api_entries_etl - DEBUG - [Relation #850] Created HAS_PROPERTY: api_entry::条材要素のパラメータオブジェクト -> property::条材要素のパラメータオブジェクト::BasePoint2
2025-10-12 14:42:11,116 - api_entries_etl - DEBUG - [Node #705] Created Property: property::条材要素のパラメータオブジェクト::BaseProfile1
2025-10-12 14:42:11,116 - api_entries_etl - DEBUG -   name: BaseProfile1
2025-10-12 14:42:11,116 - api_entries_etl - DEBUG -   property_type: 要素
2025-10-12 14:42:11,116 - api_entries_etl - DEBUG -   description: ロンジ１（ロンジ間で作成する際に使用する）
2025-10-12 14:42:11,116 - api_entries_etl - DEBUG -   raw_json: {"name":"BaseProfile1","type":"要素","description":"ロンジ１（ロンジ間で作成する際に使用する）"}
2025-10-12 14:42:11,116 - api_entries_etl - DEBUG -   position: 49
2025-10-12 14:42:11,116 - api_entries_etl - DEBUG - [Relation #851] Created HAS_PROPERTY: api_entry::条材要素のパラメータオブジェクト -> property::条材要素のパラメータオブジェクト::BaseProfile1
2025-10-12 14:42:11,116 - api_entries_etl - DEBUG - [Node #706] Created Property: property::条材要素のパラメータオブジェクト::BaseProfile2
2025-10-12 14:42:11,116 - api_entries_etl - DEBUG -   name: BaseProfile2
2025-10-12 14:42:11,116 - api_entries_etl - DEBUG -   property_type: 要素
2025-10-12 14:42:11,116 - api_entries_etl - DEBUG -   description: ロンジ２（ロンジ間で作成する際に使用する）
2025-10-12 14:42:11,116 - api_entries_etl - DEBUG -   raw_json: {"name":"BaseProfile2","type":"要素","description":"ロンジ２（ロンジ間で作成する際に使用する）"}
2025-10-12 14:42:11,116 - api_entries_etl - DEBUG -   position: 50
2025-10-12 14:42:11,116 - api_entries_etl - DEBUG - [Relation #852] Created HAS_PROPERTY: api_entry::条材要素のパラメータオブジェクト -> property::条材要素のパラメータオブジェクト::BaseProfile2
2025-10-12 14:42:11,116 - api_entries_etl - DEBUG - [Node #707] Created Property: property::条材要素のパラメータオブジェクト::BaseDirection1
2025-10-12 14:42:11,116 - api_entries_etl - DEBUG -   name: BaseDirection1
2025-10-12 14:42:11,116 - api_entries_etl - DEBUG -   property_type: 方向
2025-10-12 14:42:11,116 - api_entries_etl - DEBUG -   description: 基準点と方向で作成する際に使用する
2025-10-12 14:42:11,116 - api_entries_etl - DEBUG -   raw_json: {"name":"BaseDirection1","type":"方向","description":"基準点と方向で作成する際に使用する"}
2025-10-12 14:42:11,116 - api_entries_etl - DEBUG -   position: 51
2025-10-12 14:42:11,116 - api_entries_etl - DEBUG - [Relation #853] Created HAS_PROPERTY: api_entry::条材要素のパラメータオブジェクト -> property::条材要素のパラメータオブジェクト::BaseDirection1
2025-10-12 14:42:11,116 - api_entries_etl - DEBUG - [Node #708] Created Property: property::条材要素のパラメータオブジェクト::BaseDirection2
2025-10-12 14:42:11,116 - api_entries_etl - DEBUG -   name: BaseDirection2
2025-10-12 14:42:11,116 - api_entries_etl - DEBUG -   property_type: 方向
2025-10-12 14:42:11,116 - api_entries_etl - DEBUG -   description: 取付方向指定　（基準点と方向で作成する際に使用する）
2025-10-12 14:42:11,116 - api_entries_etl - DEBUG -   raw_json: {"name":"BaseDirection2","type":"方向","description":"取付方向指定　（基準点と方向で作成する際に使用する）"}
2025-10-12 14:42:11,116 - api_entries_etl - DEBUG -   position: 52
2025-10-12 14:42:11,116 - api_entries_etl - DEBUG - [Relation #854] Created HAS_PROPERTY: api_entry::条材要素のパラメータオブジェクト -> property::条材要素のパラメータオブジェクト::BaseDirection2
2025-10-12 14:42:11,116 - api_entries_etl - DEBUG - [Node #709] Created Property: property::条材要素のパラメータオブジェクト::BaseLocation
2025-10-12 14:42:11,116 - api_entries_etl - DEBUG -   name: BaseLocation
2025-10-12 14:42:11,116 - api_entries_etl - DEBUG -   property_type: 整数
2025-10-12 14:42:11,116 - api_entries_etl - DEBUG -   description: 基準位置　0:左下　1:中下　2:右下　3:左中　4:中中　5:右中　6:左上　7:中上　8:右上　（基準点と方向で作成する際に使用する）
2025-10-12 14:42:11,116 - api_entries_etl - DEBUG -   raw_json: {"name":"BaseLocation","type":"整数","description":"基準位置　0:左下　1:中下　2:右下　3:左中　4:中中　5:右中　6:左上　7:中上　8:右上　（基準点と方向で作成する際に使用す...
2025-10-12 14:42:11,116 - api_entries_etl - DEBUG -   position: 53
2025-10-12 14:42:11,116 - api_entries_etl - DEBUG - [Relation #855] Created HAS_PROPERTY: api_entry::条材要素のパラメータオブジェクト -> property::条材要素のパラメータオブジェクト::BaseLocation
2025-10-12 14:42:11,116 - api_entries_etl - DEBUG - [Node #710] Created Property: property::条材要素のパラメータオブジェクト::ReferMethod
2025-10-12 14:42:11,116 - api_entries_etl - DEBUG -   name: ReferMethod
2025-10-12 14:42:11,116 - api_entries_etl - DEBUG -   property_type: 関連設定
2025-10-12 14:42:11,116 - api_entries_etl - DEBUG -   description: 要素の関連づけ方法の指定
2025-10-12 14:42:11,116 - api_entries_etl - DEBUG -   raw_json: {"name":"ReferMethod","type":"関連設定","description":"要素の関連づけ方法の指定"}
2025-10-12 14:42:11,116 - api_entries_etl - DEBUG -   position: 54
2025-10-12 14:42:11,116 - api_entries_etl - DEBUG - [Relation #856] Created HAS_PROPERTY: api_entry::条材要素のパラメータオブジェクト -> property::条材要素のパラメータオブジェクト::ReferMethod
2025-10-12 14:42:11,116 - api_entries_etl - DEBUG - [Node #711] Created Source: source::条材要素のパラメータオブジェクト::inline
2025-10-12 14:42:11,116 - api_entries_etl - DEBUG -   text: 〇条材要素のパラメータオブジェクト
   属性
        DefinitionType //　整数: の作成方法指定　0:取付線指定 　1:基準面指定  2:取付線＋指定方向線  3: 元要素指定
　　　　　　　　　　　 // ...
2025-10-12 14:42:11,116 - api_entries_etl - DEBUG - [Relation #857] Created CITED_FROM: api_entry::条材要素のパラメータオブジェクト -> source::条材要素のパラメータオブジェクト::inline
2025-10-12 14:42:11,116 - api_entries_etl - DEBUG - Processing API entry #49: CreateProfile
2025-10-12 14:42:11,116 - api_entries_etl - DEBUG - [Node #712] Created APIEntry: api_entry::CreateProfile
2025-10-12 14:42:11,116 - api_entries_etl - DEBUG -   name: CreateProfile
2025-10-12 14:42:11,116 - api_entries_etl - DEBUG -   category: Partオブジェクト
2025-10-12 14:42:11,116 - api_entries_etl - DEBUG -   entry_type: function
2025-10-12 14:42:11,116 - api_entries_etl - DEBUG -   description: 取付線を指定して船殻の条材ソリッド要素を作成する
2025-10-12 14:42:11,116 - api_entries_etl - DEBUG -   pseudo_code: CreateProfile(ParamObj, bUpdate)
2025-10-12 14:42:11,129 - api_entries_etl - DEBUG -   text: 取付線を指定して船殻の条材ソリッド要素を作成する

〇船殻の条材ソリッド要素を取付線指定で作成する
  返り値:作成した条材ソリッド要素のID(配列 配列[0]Web要素 配列[1]フランジ要素
  CreateProfile(
  ...
2025-10-12 14:42:11,129 - api_entries_etl - DEBUG -   raw_json: {"category":"Partオブジェクト","entry_type":"function","name":"CreateProfile","description":"取付線を指定して船殻の条材ソリッド要素を作成する","pse...
2025-10-12 14:42:11,129 - api_entries_etl - DEBUG -   position: 48
2025-10-12 14:42:11,132 - api_entries_etl - DEBUG - [Relation #858] Created HAS_ENTRY: api_entries::collection -> api_entry::CreateProfile
2025-10-12 14:42:11,132 - api_entries_etl - DEBUG - [Node #713] Created Category: category::Partオブジェクト
2025-10-12 14:42:11,132 - api_entries_etl - DEBUG -   name: Partオブジェクト
2025-10-12 14:42:11,132 - api_entries_etl - DEBUG - [Relation #859] Created IN_CATEGORY: api_entry::CreateProfile -> category::Partオブジェクト
2025-10-12 14:42:11,132 - api_entries_etl - DEBUG - [Node #714] Created EntryType: entry_type::function
2025-10-12 14:42:11,134 - api_entries_etl - DEBUG -   name: function
2025-10-12 14:42:11,134 - api_entries_etl - DEBUG - [Relation #860] Created HAS_ENTRY_TYPE: api_entry::CreateProfile -> entry_type::function
2025-10-12 14:42:11,134 - api_entries_etl - DEBUG - [Node #715] Created Parameter: param::CreateProfile::ParamObj
2025-10-12 14:42:11,134 - api_entries_etl - DEBUG -   name: ParamObj
2025-10-12 14:42:11,134 - api_entries_etl - DEBUG -   param_type: 条材要素のパラメータオブジェクト
2025-10-12 14:42:11,134 - api_entries_etl - DEBUG -   position: 0
2025-10-12 14:42:11,134 - api_entries_etl - DEBUG -   description: 条材要素の作成に必要なパラメータを格納したオブジェクト
2025-10-12 14:42:11,134 - api_entries_etl - DEBUG -   raw_json: {"name":"ParamObj","type":"条材要素のパラメータオブジェクト","description":"条材要素の作成に必要なパラメータを格納したオブジェクト","position":0}
2025-10-12 14:42:11,134 - api_entries_etl - DEBUG - [Relation #861] Created HAS_PARAMETER: api_entry::CreateProfile -> param::CreateProfile::ParamObj
2025-10-12 14:42:11,134 - api_entries_etl - DEBUG - [Node #716] Created Parameter: param::CreateProfile::bUpdate
2025-10-12 14:42:11,136 - api_entries_etl - DEBUG -   name: bUpdate
2025-10-12 14:42:11,136 - api_entries_etl - DEBUG -   param_type: bool
2025-10-12 14:42:11,136 - api_entries_etl - DEBUG -   position: 1
2025-10-12 14:42:11,136 - api_entries_etl - DEBUG -   description: 更新フラグ（未実装、使用しない）
2025-10-12 14:42:11,136 - api_entries_etl - DEBUG -   raw_json: {"name":"bUpdate","type":"bool","description":"更新フラグ（未実装、使用しない）","position":1}
2025-10-12 14:42:11,136 - api_entries_etl - DEBUG - [Relation #862] Created HAS_PARAMETER: api_entry::CreateProfile -> param::CreateProfile::bUpdate
2025-10-12 14:42:11,136 - api_entries_etl - DEBUG - [Node #717] Created ReturnValue: return::CreateProfile
2025-10-12 14:42:11,138 - api_entries_etl - DEBUG -   return_type: 配列
2025-10-12 14:42:11,138 - api_entries_etl - DEBUG -   description: 作成した条材ソリッド要素のIDを配列で返す。配列[0]：Web要素のID、配列[1]：フランジ要素のID
2025-10-12 14:42:11,138 - api_entries_etl - DEBUG -   raw_json: {"type":"配列","description":"作成した条材ソリッド要素のIDを配列で返す。配列[0]：Web要素のID、配列[1]：フランジ要素のID"}
2025-10-12 14:42:11,138 - api_entries_etl - DEBUG - [Relation #863] Created HAS_RETURN: api_entry::CreateProfile -> return::CreateProfile
2025-10-12 14:42:11,138 - api_entries_etl - DEBUG - [Node #718] Created PseudoCode: pseudo_code::CreateProfile
2025-10-12 14:42:11,138 - api_entries_etl - DEBUG -   code: CreateProfile(ParamObj, bUpdate)
2025-10-12 14:42:11,138 - api_entries_etl - DEBUG -   callee: CreateProfile
2025-10-12 14:42:11,138 - api_entries_etl - DEBUG -   argument_count: 2
2025-10-12 14:42:11,138 - api_entries_etl - DEBUG -   arguments_json: ["ParamObj","bUpdate"]
2025-10-12 14:42:11,138 - api_entries_etl - DEBUG - [Relation #864] Created HAS_PSEUDO_CODE: api_entry::CreateProfile -> pseudo_code::CreateProfile
2025-10-12 14:42:11,138 - api_entries_etl - DEBUG - [Node #719] Created PseudoCodeArgument: pseudo_code::CreateProfile::arg::0
2025-10-12 14:42:11,138 - api_entries_etl - DEBUG -   text: ParamObj
2025-10-12 14:42:11,138 - api_entries_etl - DEBUG -   position: 0
2025-10-12 14:42:11,140 - api_entries_etl - DEBUG -   normalized_text: paramobj
2025-10-12 14:42:11,140 - api_entries_etl - DEBUG - [Relation #865] Created HAS_ARGUMENT: pseudo_code::CreateProfile -> pseudo_code::CreateProfile::arg::0
2025-10-12 14:42:11,140 - api_entries_etl - DEBUG - [Relation #866] Created ARGUMENT_MATCHES_PARAMETER: pseudo_code::CreateProfile::arg::0 -> param::CreateProfile::ParamObj
2025-10-12 14:42:11,140 - api_entries_etl - DEBUG - [Node #720] Created PseudoCodeArgument: pseudo_code::CreateProfile::arg::1
2025-10-12 14:42:11,140 - api_entries_etl - DEBUG -   text: bUpdate
2025-10-12 14:42:11,140 - api_entries_etl - DEBUG -   position: 1
2025-10-12 14:42:11,142 - api_entries_etl - DEBUG -   normalized_text: bupdate
2025-10-12 14:42:11,142 - api_entries_etl - DEBUG - [Relation #867] Created HAS_ARGUMENT: pseudo_code::CreateProfile -> pseudo_code::CreateProfile::arg::1
2025-10-12 14:42:11,142 - api_entries_etl - DEBUG - [Relation #868] Created ARGUMENT_MATCHES_PARAMETER: pseudo_code::CreateProfile::arg::1 -> param::CreateProfile::bUpdate
2025-10-12 14:42:11,142 - api_entries_etl - DEBUG - [Node #721] Created Source: source::CreateProfile::inline
2025-10-12 14:42:11,142 - api_entries_etl - DEBUG -   text: 〇船殻の条材ソリッド要素を取付線指定で作成する
  返り値:作成した条材ソリッド要素のID(配列 配列[0]Web要素 配列[1]フランジ要素
  CreateProfile(
      ParamObj, // 条材要素のパラメー...
2025-10-12 14:42:11,142 - api_entries_etl - DEBUG - [Relation #869] Created CITED_FROM: api_entry::CreateProfile -> source::CreateProfile::inline
2025-10-12 14:42:11,142 - api_entries_etl - DEBUG - Processing API entry #50: BodyDivideByElements
2025-10-12 14:42:11,142 - api_entries_etl - DEBUG - [Node #722] Created APIEntry: api_entry::BodyDivideByElements
2025-10-12 14:42:11,142 - api_entries_etl - DEBUG -   name: BodyDivideByElements
2025-10-12 14:42:11,142 - api_entries_etl - DEBUG -   category: Partオブジェクト
2025-10-12 14:42:11,142 - api_entries_etl - DEBUG -   entry_type: function
2025-10-12 14:42:11,144 - api_entries_etl - DEBUG -   description: ボディを指定した要素で分割する
2025-10-12 14:42:11,144 - api_entries_etl - DEBUG -   pseudo_code: BodyDivideByElements(pDriveFeatureName, pTargetBody, pDivideElements, pAlignmentDirection, pWCS, ReferMethod, bUpdate)
2025-10-12 14:42:11,144 - api_entries_etl - DEBUG -   text: ボディを指定した要素で分割する

〇ボディを指定した要素で分割する
  返り値:分割で作成されたボディ要素のID配列
BodyDivideByElements(
    pDriveFeatureName, // 文字列：作成する分割...
2025-10-12 14:42:11,144 - api_entries_etl - DEBUG -   raw_json: {"category":"Partオブジェクト","entry_type":"function","name":"BodyDivideByElements","description":"ボディを指定した要素で分割する","pseud...
2025-10-12 14:42:11,144 - api_entries_etl - DEBUG -   position: 49
2025-10-12 14:42:11,144 - api_entries_etl - DEBUG - [Relation #870] Created HAS_ENTRY: api_entries::collection -> api_entry::BodyDivideByElements
2025-10-12 14:42:11,145 - api_entries_etl - DEBUG - [Node #723] Created Category: category::Partオブジェクト
2025-10-12 14:42:11,145 - api_entries_etl - DEBUG -   name: Partオブジェクト
2025-10-12 14:42:11,145 - api_entries_etl - DEBUG - [Relation #871] Created IN_CATEGORY: api_entry::BodyDivideByElements -> category::Partオブジェクト
2025-10-12 14:42:11,147 - api_entries_etl - DEBUG - [Node #724] Created EntryType: entry_type::function
2025-10-12 14:42:11,147 - api_entries_etl - DEBUG -   name: function
2025-10-12 14:42:11,147 - api_entries_etl - DEBUG - [Relation #872] Created HAS_ENTRY_TYPE: api_entry::BodyDivideByElements -> entry_type::function
2025-10-12 14:42:11,148 - api_entries_etl - DEBUG - [Node #725] Created Parameter: param::BodyDivideByElements::pDriveFeatureName
2025-10-12 14:42:11,148 - api_entries_etl - DEBUG -   name: pDriveFeatureName
2025-10-12 14:42:11,148 - api_entries_etl - DEBUG -   param_type: 文字列
2025-10-12 14:42:11,148 - api_entries_etl - DEBUG -   position: 0
2025-10-12 14:42:11,150 - api_entries_etl - DEBUG -   description: 作成する分割フィーチャー要素名称（空文字可）
2025-10-12 14:42:11,150 - api_entries_etl - DEBUG -   raw_json: {"name":"pDriveFeatureName","type":"文字列","description":"作成する分割フィーチャー要素名称（空文字可）","position":0}
2025-10-12 14:42:11,150 - api_entries_etl - DEBUG - [Relation #873] Created HAS_PARAMETER: api_entry::BodyDivideByElements -> param::BodyDivideByElements::pDriveFeatureName
2025-10-12 14:42:11,151 - api_entries_etl - DEBUG - [Node #726] Created Parameter: param::BodyDivideByElements::pTargetBody
2025-10-12 14:42:11,151 - api_entries_etl - DEBUG -   name: pTargetBody
2025-10-12 14:42:11,151 - api_entries_etl - DEBUG -   param_type: 要素
2025-10-12 14:42:11,152 - api_entries_etl - DEBUG -   position: 1
2025-10-12 14:42:11,152 - api_entries_etl - DEBUG -   description: 分割対象のボディ
2025-10-12 14:42:11,152 - api_entries_etl - DEBUG -   raw_json: {"name":"pTargetBody","type":"要素","description":"分割対象のボディ","position":1}
2025-10-12 14:42:11,152 - api_entries_etl - DEBUG - [Relation #874] Created HAS_PARAMETER: api_entry::BodyDivideByElements -> param::BodyDivideByElements::pTargetBody
2025-10-12 14:42:11,152 - api_entries_etl - DEBUG - [Node #727] Created Parameter: param::BodyDivideByElements::pDivideElements
2025-10-12 14:42:11,152 - api_entries_etl - DEBUG -   name: pDivideElements
2025-10-12 14:42:11,154 - api_entries_etl - DEBUG -   param_type: 要素(配列)
2025-10-12 14:42:11,154 - api_entries_etl - DEBUG -   position: 2
2025-10-12 14:42:11,154 - api_entries_etl - DEBUG -   description: 分割をする要素（シートボディ、フェイス、平面要素）
2025-10-12 14:42:11,154 - api_entries_etl - DEBUG -   raw_json: {"name":"pDivideElements","type":"要素(配列)","description":"分割をする要素（シートボディ、フェイス、平面要素）","position":2}
2025-10-12 14:42:11,154 - api_entries_etl - DEBUG - [Relation #875] Created HAS_PARAMETER: api_entry::BodyDivideByElements -> param::BodyDivideByElements::pDivideElements
2025-10-12 14:42:11,154 - api_entries_etl - DEBUG - [Node #728] Created Parameter: param::BodyDivideByElements::pAlignmentDirection
2025-10-12 14:42:11,154 - api_entries_etl - DEBUG -   name: pAlignmentDirection
2025-10-12 14:42:11,156 - api_entries_etl - DEBUG -   param_type: 方向
2025-10-12 14:42:11,156 - api_entries_etl - DEBUG -   position: 3
2025-10-12 14:42:11,156 - api_entries_etl - DEBUG -   description: 分割されたボディ要素の順番を整列させるのに使用する方向
2025-10-12 14:42:11,156 - api_entries_etl - DEBUG -   raw_json: {"name":"pAlignmentDirection","type":"方向","description":"分割されたボディ要素の順番を整列させるのに使用する方向","position":3}
2025-10-12 14:42:11,156 - api_entries_etl - DEBUG - [Relation #876] Created HAS_PARAMETER: api_entry::BodyDivideByElements -> param::BodyDivideByElements::pAlignmentDirection
2025-10-12 14:42:11,156 - api_entries_etl - DEBUG - [Node #729] Created Parameter: param::BodyDivideByElements::pWCS
2025-10-12 14:42:11,156 - api_entries_etl - DEBUG -   name: pWCS
2025-10-12 14:42:11,156 - api_entries_etl - DEBUG -   param_type: 要素
2025-10-12 14:42:11,156 - api_entries_etl - DEBUG -   position: 4
2025-10-12 14:42:11,156 - api_entries_etl - DEBUG -   description: 方向を定義する座標系（通常は指定しない）
2025-10-12 14:42:11,156 - api_entries_etl - DEBUG -   raw_json: {"name":"pWCS","type":"要素","description":"方向を定義する座標系（通常は指定しない）","position":4}
2025-10-12 14:42:11,156 - api_entries_etl - DEBUG - [Relation #877] Created HAS_PARAMETER: api_entry::BodyDivideByElements -> param::BodyDivideByElements::pWCS
2025-10-12 14:42:11,156 - api_entries_etl - DEBUG - [Node #730] Created Parameter: param::BodyDivideByElements::ReferMethod
2025-10-12 14:42:11,156 - api_entries_etl - DEBUG -   name: ReferMethod
2025-10-12 14:42:11,156 - api_entries_etl - DEBUG -   param_type: 関連設定
2025-10-12 14:42:11,156 - api_entries_etl - DEBUG -   position: 5
2025-10-12 14:42:11,156 - api_entries_etl - DEBUG -   description: 要素の関連づけ方法の指定
2025-10-12 14:42:11,161 - api_entries_etl - DEBUG -   raw_json: {"name":"ReferMethod","type":"関連設定","description":"要素の関連づけ方法の指定","position":5}
2025-10-12 14:42:11,161 - api_entries_etl - DEBUG - [Relation #878] Created HAS_PARAMETER: api_entry::BodyDivideByElements -> param::BodyDivideByElements::ReferMethod
2025-10-12 14:42:11,161 - api_entries_etl - DEBUG - [Node #731] Created Parameter: param::BodyDivideByElements::bUpdate
2025-10-12 14:42:11,161 - api_entries_etl - DEBUG -   name: bUpdate
2025-10-12 14:42:11,161 - api_entries_etl - DEBUG -   param_type: bool
2025-10-12 14:42:11,161 - api_entries_etl - DEBUG -   position: 6
2025-10-12 14:42:11,161 - api_entries_etl - DEBUG -   description: 更新フラグ（未実装、使用しない）
2025-10-12 14:42:11,161 - api_entries_etl - DEBUG -   raw_json: {"name":"bUpdate","type":"bool","description":"更新フラグ（未実装、使用しない）","position":6}
2025-10-12 14:42:11,161 - api_entries_etl - DEBUG - [Relation #879] Created HAS_PARAMETER: api_entry::BodyDivideByElements -> param::BodyDivideByElements::bUpdate
2025-10-12 14:42:11,161 - api_entries_etl - DEBUG - [Node #732] Created ReturnValue: return::BodyDivideByElements
2025-10-12 14:42:11,161 - api_entries_etl - DEBUG -   return_type: ID配列
2025-10-12 14:42:11,161 - api_entries_etl - DEBUG -   description: 分割で作成されたボディ要素のID配列
2025-10-12 14:42:11,161 - api_entries_etl - DEBUG -   raw_json: {"type":"ID配列","description":"分割で作成されたボディ要素のID配列"}
2025-10-12 14:42:11,161 - api_entries_etl - DEBUG - [Relation #880] Created HAS_RETURN: api_entry::BodyDivideByElements -> return::BodyDivideByElements
2025-10-12 14:42:11,161 - api_entries_etl - DEBUG - [Node #733] Created PseudoCode: pseudo_code::BodyDivideByElements
2025-10-12 14:42:11,167 - api_entries_etl - DEBUG -   code: BodyDivideByElements(pDriveFeatureName, pTargetBody, pDivideElements, pAlignmentDirection, pWCS, ReferMethod, bUpdate)
2025-10-12 14:42:11,167 - api_entries_etl - DEBUG -   callee: BodyDivideByElements
2025-10-12 14:42:11,167 - api_entries_etl - DEBUG -   argument_count: 7
2025-10-12 14:42:11,167 - api_entries_etl - DEBUG -   arguments_json: ["pDriveFeatureName","pTargetBody","pDivideElements","pAlignmentDirection","pWCS","ReferMethod","bUpdate"]
2025-10-12 14:42:11,167 - api_entries_etl - DEBUG - [Relation #881] Created HAS_PSEUDO_CODE: api_entry::BodyDivideByElements -> pseudo_code::BodyDivideByElements
2025-10-12 14:42:11,167 - api_entries_etl - DEBUG - [Node #734] Created PseudoCodeArgument: pseudo_code::BodyDivideByElements::arg::0
2025-10-12 14:42:11,167 - api_entries_etl - DEBUG -   text: pDriveFeatureName
2025-10-12 14:42:11,167 - api_entries_etl - DEBUG -   position: 0
2025-10-12 14:42:11,167 - api_entries_etl - DEBUG -   normalized_text: pdrivefeaturename
2025-10-12 14:42:11,167 - api_entries_etl - DEBUG - [Relation #882] Created HAS_ARGUMENT: pseudo_code::BodyDivideByElements -> pseudo_code::BodyDivideByElements::arg::0
2025-10-12 14:42:11,167 - api_entries_etl - DEBUG - [Relation #883] Created ARGUMENT_MATCHES_PARAMETER: pseudo_code::BodyDivideByElements::arg::0 -> param::BodyDivideByElements::pDriveFeatureName
2025-10-12 14:42:11,167 - api_entries_etl - DEBUG - [Node #735] Created PseudoCodeArgument: pseudo_code::BodyDivideByElements::arg::1
2025-10-12 14:42:11,167 - api_entries_etl - DEBUG -   text: pTargetBody
2025-10-12 14:42:11,167 - api_entries_etl - DEBUG -   position: 1
2025-10-12 14:42:11,167 - api_entries_etl - DEBUG -   normalized_text: ptargetbody
2025-10-12 14:42:11,167 - api_entries_etl - DEBUG - [Relation #884] Created HAS_ARGUMENT: pseudo_code::BodyDivideByElements -> pseudo_code::BodyDivideByElements::arg::1
2025-10-12 14:42:11,167 - api_entries_etl - DEBUG - [Relation #885] Created ARGUMENT_MATCHES_PARAMETER: pseudo_code::BodyDivideByElements::arg::1 -> param::BodyDivideByElements::pTargetBody
2025-10-12 14:42:11,167 - api_entries_etl - DEBUG - [Node #736] Created PseudoCodeArgument: pseudo_code::BodyDivideByElements::arg::2
2025-10-12 14:42:11,167 - api_entries_etl - DEBUG -   text: pDivideElements
2025-10-12 14:42:11,167 - api_entries_etl - DEBUG -   position: 2
2025-10-12 14:42:11,167 - api_entries_etl - DEBUG -   normalized_text: pdivideelements
2025-10-12 14:42:11,167 - api_entries_etl - DEBUG - [Relation #886] Created HAS_ARGUMENT: pseudo_code::BodyDivideByElements -> pseudo_code::BodyDivideByElements::arg::2
2025-10-12 14:42:11,167 - api_entries_etl - DEBUG - [Relation #887] Created ARGUMENT_MATCHES_PARAMETER: pseudo_code::BodyDivideByElements::arg::2 -> param::BodyDivideByElements::pDivideElements
2025-10-12 14:42:11,167 - api_entries_etl - DEBUG - [Node #737] Created PseudoCodeArgument: pseudo_code::BodyDivideByElements::arg::3
2025-10-12 14:42:11,167 - api_entries_etl - DEBUG -   text: pAlignmentDirection
2025-10-12 14:42:11,167 - api_entries_etl - DEBUG -   position: 3
2025-10-12 14:42:11,167 - api_entries_etl - DEBUG -   normalized_text: palignmentdirection
2025-10-12 14:42:11,167 - api_entries_etl - DEBUG - [Relation #888] Created HAS_ARGUMENT: pseudo_code::BodyDivideByElements -> pseudo_code::BodyDivideByElements::arg::3
2025-10-12 14:42:11,167 - api_entries_etl - DEBUG - [Relation #889] Created ARGUMENT_MATCHES_PARAMETER: pseudo_code::BodyDivideByElements::arg::3 -> param::BodyDivideByElements::pAlignmentDirection
2025-10-12 14:42:11,167 - api_entries_etl - DEBUG - [Node #738] Created PseudoCodeArgument: pseudo_code::BodyDivideByElements::arg::4
2025-10-12 14:42:11,167 - api_entries_etl - DEBUG -   text: pWCS
2025-10-12 14:42:11,167 - api_entries_etl - DEBUG -   position: 4
2025-10-12 14:42:11,167 - api_entries_etl - DEBUG -   normalized_text: pwcs
2025-10-12 14:42:11,167 - api_entries_etl - DEBUG - [Relation #890] Created HAS_ARGUMENT: pseudo_code::BodyDivideByElements -> pseudo_code::BodyDivideByElements::arg::4
2025-10-12 14:42:11,167 - api_entries_etl - DEBUG - [Relation #891] Created ARGUMENT_MATCHES_PARAMETER: pseudo_code::BodyDivideByElements::arg::4 -> param::BodyDivideByElements::pWCS
2025-10-12 14:42:11,167 - api_entries_etl - DEBUG - [Node #739] Created PseudoCodeArgument: pseudo_code::BodyDivideByElements::arg::5
2025-10-12 14:42:11,167 - api_entries_etl - DEBUG -   text: ReferMethod
2025-10-12 14:42:11,167 - api_entries_etl - DEBUG -   position: 5
2025-10-12 14:42:11,167 - api_entries_etl - DEBUG -   normalized_text: refermethod
2025-10-12 14:42:11,167 - api_entries_etl - DEBUG - [Relation #892] Created HAS_ARGUMENT: pseudo_code::BodyDivideByElements -> pseudo_code::BodyDivideByElements::arg::5
2025-10-12 14:42:11,167 - api_entries_etl - DEBUG - [Relation #893] Created ARGUMENT_MATCHES_PARAMETER: pseudo_code::BodyDivideByElements::arg::5 -> param::BodyDivideByElements::ReferMethod
2025-10-12 14:42:11,167 - api_entries_etl - DEBUG - [Node #740] Created PseudoCodeArgument: pseudo_code::BodyDivideByElements::arg::6
2025-10-12 14:42:11,167 - api_entries_etl - DEBUG -   text: bUpdate
2025-10-12 14:42:11,167 - api_entries_etl - DEBUG -   position: 6
2025-10-12 14:42:11,167 - api_entries_etl - DEBUG -   normalized_text: bupdate
2025-10-12 14:42:11,167 - api_entries_etl - DEBUG - [Relation #894] Created HAS_ARGUMENT: pseudo_code::BodyDivideByElements -> pseudo_code::BodyDivideByElements::arg::6
2025-10-12 14:42:11,167 - api_entries_etl - DEBUG - [Relation #895] Created ARGUMENT_MATCHES_PARAMETER: pseudo_code::BodyDivideByElements::arg::6 -> param::BodyDivideByElements::bUpdate
2025-10-12 14:42:11,177 - api_entries_etl - DEBUG - [Node #741] Created Source: source::BodyDivideByElements::inline
2025-10-12 14:42:11,177 - api_entries_etl - DEBUG -   text: 〇ボディを指定した要素で分割する
  返り値:分割で作成されたボディ要素のID配列
BodyDivideByElements(
    pDriveFeatureName, // 文字列：作成する分割フィーチャー要素名称（空文字可）
...
2025-10-12 14:42:11,177 - api_entries_etl - DEBUG - [Relation #896] Created CITED_FROM: api_entry::BodyDivideByElements -> source::BodyDivideByElements::inline
2025-10-12 14:42:11,177 - api_entries_etl - DEBUG - Processing API entry #51: BodySeparateBySubSolids
2025-10-12 14:42:11,177 - api_entries_etl - DEBUG - [Node #742] Created APIEntry: api_entry::BodySeparateBySubSolids
2025-10-12 14:42:11,177 - api_entries_etl - DEBUG -   name: BodySeparateBySubSolids
2025-10-12 14:42:11,177 - api_entries_etl - DEBUG -   category: Partオブジェクト
2025-10-12 14:42:11,177 - api_entries_etl - DEBUG -   entry_type: function
2025-10-12 14:42:11,179 - api_entries_etl - DEBUG -   description: ボディを指定したソリッドで削除することで分割する（ボディの区分けコマンド）
2025-10-12 14:42:11,179 - api_entries_etl - DEBUG -   pseudo_code: BodySeparateBySubSolids(pSeparateFeatureName, pTargetBody, pSubSolids, pAlignmentDirection, ReferMethod, bUpdate)
2025-10-12 14:42:11,179 - api_entries_etl - DEBUG -   text: ボディを指定したソリッドで削除することで分割する（ボディの区分けコマンド）

〇ボディを指定したソリッドで削除することで分割する（ボディの区分けコマンド）
  返り値:分割で作成されたボディ要素のID配列
 BodySeparateB...
2025-10-12 14:42:11,179 - api_entries_etl - DEBUG -   raw_json: {"category":"Partオブジェクト","entry_type":"function","name":"BodySeparateBySubSolids","description":"ボディを指定したソリッドで削除することで...
2025-10-12 14:42:11,179 - api_entries_etl - DEBUG -   position: 50
2025-10-12 14:42:11,179 - api_entries_etl - DEBUG - [Relation #897] Created HAS_ENTRY: api_entries::collection -> api_entry::BodySeparateBySubSolids
2025-10-12 14:42:11,179 - api_entries_etl - DEBUG - [Node #743] Created Category: category::Partオブジェクト
2025-10-12 14:42:11,179 - api_entries_etl - DEBUG -   name: Partオブジェクト
2025-10-12 14:42:11,179 - api_entries_etl - DEBUG - [Relation #898] Created IN_CATEGORY: api_entry::BodySeparateBySubSolids -> category::Partオブジェクト
2025-10-12 14:42:11,179 - api_entries_etl - DEBUG - [Node #744] Created EntryType: entry_type::function
2025-10-12 14:42:11,179 - api_entries_etl - DEBUG -   name: function
2025-10-12 14:42:11,179 - api_entries_etl - DEBUG - [Relation #899] Created HAS_ENTRY_TYPE: api_entry::BodySeparateBySubSolids -> entry_type::function
2025-10-12 14:42:11,179 - api_entries_etl - DEBUG - [Node #745] Created Parameter: param::BodySeparateBySubSolids::pSeparateFeatureName
2025-10-12 14:42:11,179 - api_entries_etl - DEBUG -   name: pSeparateFeatureName
2025-10-12 14:42:11,179 - api_entries_etl - DEBUG -   param_type: 文字列
2025-10-12 14:42:11,179 - api_entries_etl - DEBUG -   position: 0
2025-10-12 14:42:11,179 - api_entries_etl - DEBUG -   description: 作成する分割フィーチャー要素名称（空文字可）
2025-10-12 14:42:11,179 - api_entries_etl - DEBUG -   raw_json: {"name":"pSeparateFeatureName","type":"文字列","description":"作成する分割フィーチャー要素名称（空文字可）","position":0}
2025-10-12 14:42:11,179 - api_entries_etl - DEBUG - [Relation #900] Created HAS_PARAMETER: api_entry::BodySeparateBySubSolids -> param::BodySeparateBySubSolids::pSeparateFeatureName
2025-10-12 14:42:11,179 - api_entries_etl - DEBUG - [Node #746] Created Parameter: param::BodySeparateBySubSolids::pTargetBody
2025-10-12 14:42:11,179 - api_entries_etl - DEBUG -   name: pTargetBody
2025-10-12 14:42:11,179 - api_entries_etl - DEBUG -   param_type: 要素
2025-10-12 14:42:11,179 - api_entries_etl - DEBUG -   position: 1
2025-10-12 14:42:11,179 - api_entries_etl - DEBUG -   description: 分割対象のボディ
2025-10-12 14:42:11,185 - api_entries_etl - DEBUG -   raw_json: {"name":"pTargetBody","type":"要素","description":"分割対象のボディ","position":1}
2025-10-12 14:42:11,185 - api_entries_etl - DEBUG - [Relation #901] Created HAS_PARAMETER: api_entry::BodySeparateBySubSolids -> param::BodySeparateBySubSolids::pTargetBody
2025-10-12 14:42:11,185 - api_entries_etl - DEBUG - [Node #747] Created Parameter: param::BodySeparateBySubSolids::pSubSolids
2025-10-12 14:42:11,185 - api_entries_etl - DEBUG -   name: pSubSolids
2025-10-12 14:42:11,185 - api_entries_etl - DEBUG -   param_type: 要素(配列)
2025-10-12 14:42:11,185 - api_entries_etl - DEBUG -   position: 2
2025-10-12 14:42:11,185 - api_entries_etl - DEBUG -   description: 分割をするソリッド要素
2025-10-12 14:42:11,185 - api_entries_etl - DEBUG -   raw_json: {"name":"pSubSolids","type":"要素(配列)","description":"分割をするソリッド要素","position":2}
2025-10-12 14:42:11,185 - api_entries_etl - DEBUG - [Relation #902] Created HAS_PARAMETER: api_entry::BodySeparateBySubSolids -> param::BodySeparateBySubSolids::pSubSolids
2025-10-12 14:42:11,185 - api_entries_etl - DEBUG - [Node #748] Created Parameter: param::BodySeparateBySubSolids::pAlignmentDirection
2025-10-12 14:42:11,185 - api_entries_etl - DEBUG -   name: pAlignmentDirection
2025-10-12 14:42:11,185 - api_entries_etl - DEBUG -   param_type: 方向
2025-10-12 14:42:11,185 - api_entries_etl - DEBUG -   position: 3
2025-10-12 14:42:11,185 - api_entries_etl - DEBUG -   description: 分割されたボディ要素の順番を整列させるのに使用する方向
2025-10-12 14:42:11,185 - api_entries_etl - DEBUG -   raw_json: {"name":"pAlignmentDirection","type":"方向","description":"分割されたボディ要素の順番を整列させるのに使用する方向","position":3}
2025-10-12 14:42:11,185 - api_entries_etl - DEBUG - [Relation #903] Created HAS_PARAMETER: api_entry::BodySeparateBySubSolids -> param::BodySeparateBySubSolids::pAlignmentDirection
2025-10-12 14:42:11,185 - api_entries_etl - DEBUG - [Node #749] Created Parameter: param::BodySeparateBySubSolids::ReferMethod
2025-10-12 14:42:11,185 - api_entries_etl - DEBUG -   name: ReferMethod
2025-10-12 14:42:11,185 - api_entries_etl - DEBUG -   param_type: 関連設定
2025-10-12 14:42:11,185 - api_entries_etl - DEBUG -   position: 4
2025-10-12 14:42:11,185 - api_entries_etl - DEBUG -   description: 要素の関連づけ方法の指定
2025-10-12 14:42:11,185 - api_entries_etl - DEBUG -   raw_json: {"name":"ReferMethod","type":"関連設定","description":"要素の関連づけ方法の指定","position":4}
2025-10-12 14:42:11,185 - api_entries_etl - DEBUG - [Relation #904] Created HAS_PARAMETER: api_entry::BodySeparateBySubSolids -> param::BodySeparateBySubSolids::ReferMethod
2025-10-12 14:42:11,185 - api_entries_etl - DEBUG - [Node #750] Created Parameter: param::BodySeparateBySubSolids::bUpdate
2025-10-12 14:42:11,185 - api_entries_etl - DEBUG -   name: bUpdate
2025-10-12 14:42:11,185 - api_entries_etl - DEBUG -   param_type: bool
2025-10-12 14:42:11,185 - api_entries_etl - DEBUG -   position: 5
2025-10-12 14:42:11,185 - api_entries_etl - DEBUG -   description: 更新フラグ（未実装、使用しない）
2025-10-12 14:42:11,185 - api_entries_etl - DEBUG -   raw_json: {"name":"bUpdate","type":"bool","description":"更新フラグ（未実装、使用しない）","position":5}
2025-10-12 14:42:11,193 - api_entries_etl - DEBUG - [Relation #905] Created HAS_PARAMETER: api_entry::BodySeparateBySubSolids -> param::BodySeparateBySubSolids::bUpdate
2025-10-12 14:42:11,193 - api_entries_etl - DEBUG - [Node #751] Created ReturnValue: return::BodySeparateBySubSolids
2025-10-12 14:42:11,193 - api_entries_etl - DEBUG -   return_type: ID配列
2025-10-12 14:42:11,193 - api_entries_etl - DEBUG -   description: 分割で作成されたボディ要素のID配列
2025-10-12 14:42:11,195 - api_entries_etl - DEBUG -   raw_json: {"type":"ID配列","description":"分割で作成されたボディ要素のID配列"}
2025-10-12 14:42:11,195 - api_entries_etl - DEBUG - [Relation #906] Created HAS_RETURN: api_entry::BodySeparateBySubSolids -> return::BodySeparateBySubSolids
2025-10-12 14:42:11,195 - api_entries_etl - DEBUG - [Node #752] Created PseudoCode: pseudo_code::BodySeparateBySubSolids
2025-10-12 14:42:11,195 - api_entries_etl - DEBUG -   code: BodySeparateBySubSolids(pSeparateFeatureName, pTargetBody, pSubSolids, pAlignmentDirection, ReferMethod, bUpdate)
2025-10-12 14:42:11,196 - api_entries_etl - DEBUG -   callee: BodySeparateBySubSolids
2025-10-12 14:42:11,197 - api_entries_etl - DEBUG -   argument_count: 6
2025-10-12 14:42:11,198 - api_entries_etl - DEBUG -   arguments_json: ["pSeparateFeatureName","pTargetBody","pSubSolids","pAlignmentDirection","ReferMethod","bUpdate"]
2025-10-12 14:42:11,198 - api_entries_etl - DEBUG - [Relation #907] Created HAS_PSEUDO_CODE: api_entry::BodySeparateBySubSolids -> pseudo_code::BodySeparateBySubSolids
2025-10-12 14:42:11,198 - api_entries_etl - DEBUG - [Node #753] Created PseudoCodeArgument: pseudo_code::BodySeparateBySubSolids::arg::0
2025-10-12 14:42:11,198 - api_entries_etl - DEBUG -   text: pSeparateFeatureName
2025-10-12 14:42:11,199 - api_entries_etl - DEBUG -   position: 0
2025-10-12 14:42:11,199 - api_entries_etl - DEBUG -   normalized_text: pseparatefeaturename
2025-10-12 14:42:11,200 - api_entries_etl - DEBUG - [Relation #908] Created HAS_ARGUMENT: pseudo_code::BodySeparateBySubSolids -> pseudo_code::BodySeparateBySubSolids::arg::0
2025-10-12 14:42:11,201 - api_entries_etl - DEBUG - [Relation #909] Created ARGUMENT_MATCHES_PARAMETER: pseudo_code::BodySeparateBySubSolids::arg::0 -> param::BodySeparateBySubSolids::pSeparateFeatureName
2025-10-12 14:42:11,201 - api_entries_etl - DEBUG - [Node #754] Created PseudoCodeArgument: pseudo_code::BodySeparateBySubSolids::arg::1
2025-10-12 14:42:11,201 - api_entries_etl - DEBUG -   text: pTargetBody
2025-10-12 14:42:11,202 - api_entries_etl - DEBUG -   position: 1
2025-10-12 14:42:11,203 - api_entries_etl - DEBUG -   normalized_text: ptargetbody
2025-10-12 14:42:11,203 - api_entries_etl - DEBUG - [Relation #910] Created HAS_ARGUMENT: pseudo_code::BodySeparateBySubSolids -> pseudo_code::BodySeparateBySubSolids::arg::1
2025-10-12 14:42:11,203 - api_entries_etl - DEBUG - [Relation #911] Created ARGUMENT_MATCHES_PARAMETER: pseudo_code::BodySeparateBySubSolids::arg::1 -> param::BodySeparateBySubSolids::pTargetBody
2025-10-12 14:42:11,204 - api_entries_etl - DEBUG - [Node #755] Created PseudoCodeArgument: pseudo_code::BodySeparateBySubSolids::arg::2
2025-10-12 14:42:11,204 - api_entries_etl - DEBUG -   text: pSubSolids
2025-10-12 14:42:11,204 - api_entries_etl - DEBUG -   position: 2
2025-10-12 14:42:11,205 - api_entries_etl - DEBUG -   normalized_text: psubsolids
2025-10-12 14:42:11,205 - api_entries_etl - DEBUG - [Relation #912] Created HAS_ARGUMENT: pseudo_code::BodySeparateBySubSolids -> pseudo_code::BodySeparateBySubSolids::arg::2
2025-10-12 14:42:11,205 - api_entries_etl - DEBUG - [Relation #913] Created ARGUMENT_MATCHES_PARAMETER: pseudo_code::BodySeparateBySubSolids::arg::2 -> param::BodySeparateBySubSolids::pSubSolids
2025-10-12 14:42:11,205 - api_entries_etl - DEBUG - [Node #756] Created PseudoCodeArgument: pseudo_code::BodySeparateBySubSolids::arg::3
2025-10-12 14:42:11,206 - api_entries_etl - DEBUG -   text: pAlignmentDirection
2025-10-12 14:42:11,206 - api_entries_etl - DEBUG -   position: 3
2025-10-12 14:42:11,206 - api_entries_etl - DEBUG -   normalized_text: palignmentdirection
2025-10-12 14:42:11,206 - api_entries_etl - DEBUG - [Relation #914] Created HAS_ARGUMENT: pseudo_code::BodySeparateBySubSolids -> pseudo_code::BodySeparateBySubSolids::arg::3
2025-10-12 14:42:11,206 - api_entries_etl - DEBUG - [Relation #915] Created ARGUMENT_MATCHES_PARAMETER: pseudo_code::BodySeparateBySubSolids::arg::3 -> param::BodySeparateBySubSolids::pAlignmentDirection
2025-10-12 14:42:11,206 - api_entries_etl - DEBUG - [Node #757] Created PseudoCodeArgument: pseudo_code::BodySeparateBySubSolids::arg::4
2025-10-12 14:42:11,206 - api_entries_etl - DEBUG -   text: ReferMethod
2025-10-12 14:42:11,207 - api_entries_etl - DEBUG -   position: 4
2025-10-12 14:42:11,207 - api_entries_etl - DEBUG -   normalized_text: refermethod
2025-10-12 14:42:11,207 - api_entries_etl - DEBUG - [Relation #916] Created HAS_ARGUMENT: pseudo_code::BodySeparateBySubSolids -> pseudo_code::BodySeparateBySubSolids::arg::4
2025-10-12 14:42:11,207 - api_entries_etl - DEBUG - [Relation #917] Created ARGUMENT_MATCHES_PARAMETER: pseudo_code::BodySeparateBySubSolids::arg::4 -> param::BodySeparateBySubSolids::ReferMethod
2025-10-12 14:42:11,208 - api_entries_etl - DEBUG - [Node #758] Created PseudoCodeArgument: pseudo_code::BodySeparateBySubSolids::arg::5
2025-10-12 14:42:11,208 - api_entries_etl - DEBUG -   text: bUpdate
2025-10-12 14:42:11,208 - api_entries_etl - DEBUG -   position: 5
2025-10-12 14:42:11,209 - api_entries_etl - DEBUG -   normalized_text: bupdate
2025-10-12 14:42:11,209 - api_entries_etl - DEBUG - [Relation #918] Created HAS_ARGUMENT: pseudo_code::BodySeparateBySubSolids -> pseudo_code::BodySeparateBySubSolids::arg::5
2025-10-12 14:42:11,209 - api_entries_etl - DEBUG - [Relation #919] Created ARGUMENT_MATCHES_PARAMETER: pseudo_code::BodySeparateBySubSolids::arg::5 -> param::BodySeparateBySubSolids::bUpdate
2025-10-12 14:42:11,209 - api_entries_etl - DEBUG - [Node #759] Created Source: source::BodySeparateBySubSolids::inline
2025-10-12 14:42:11,209 - api_entries_etl - DEBUG -   text: 〇ボディを指定したソリッドで削除することで分割する（ボディの区分けコマンド）
  返り値:分割で作成されたボディ要素のID配列
 BodySeparateBySubSolids(
    pSeparateFeatureName, /...
2025-10-12 14:42:11,210 - api_entries_etl - DEBUG - [Relation #920] Created CITED_FROM: api_entry::BodySeparateBySubSolids -> source::BodySeparateBySubSolids::inline
2025-10-12 14:42:11,210 - api_entries_etl - DEBUG - Processing API entry #52: BodyDivideByCurves
2025-10-12 14:42:11,210 - api_entries_etl - DEBUG - [Node #760] Created APIEntry: api_entry::BodyDivideByCurves
2025-10-12 14:42:11,210 - api_entries_etl - DEBUG -   name: BodyDivideByCurves
2025-10-12 14:42:11,210 - api_entries_etl - DEBUG -   category: Partオブジェクト
2025-10-12 14:42:11,210 - api_entries_etl - DEBUG -   entry_type: function
2025-10-12 14:42:11,210 - api_entries_etl - DEBUG -   description: ボディを指定した線で分割する
2025-10-12 14:42:11,210 - api_entries_etl - DEBUG -   pseudo_code: BodyDivideByCurves(pDriveFeatureName, pTargetBody, pDivideCurves, bNorProjection, CorrectEndPointsTolerance, Alignmen...
2025-10-12 14:42:11,211 - api_entries_etl - DEBUG -   text: ボディを指定した線で分割する

〇ボディを指定した線で分割する
  返り値:分割で作成されたボディ要素のID配列
BodyDivideByCurves(
        pDriveFeatureName,// 文字列：作成する分割フ...
2025-10-12 14:42:11,211 - api_entries_etl - DEBUG -   raw_json: {"category":"Partオブジェクト","entry_type":"function","name":"BodyDivideByCurves","description":"ボディを指定した線で分割する","pseudo_c...
2025-10-12 14:42:11,212 - api_entries_etl - DEBUG -   position: 51
2025-10-12 14:42:11,212 - api_entries_etl - DEBUG - [Relation #921] Created HAS_ENTRY: api_entries::collection -> api_entry::BodyDivideByCurves
2025-10-12 14:42:11,213 - api_entries_etl - DEBUG - [Node #761] Created Category: category::Partオブジェクト
2025-10-12 14:42:11,214 - api_entries_etl - DEBUG -   name: Partオブジェクト
2025-10-12 14:42:11,214 - api_entries_etl - DEBUG - [Relation #922] Created IN_CATEGORY: api_entry::BodyDivideByCurves -> category::Partオブジェクト
2025-10-12 14:42:11,215 - api_entries_etl - DEBUG - [Node #762] Created EntryType: entry_type::function
2025-10-12 14:42:11,216 - api_entries_etl - DEBUG -   name: function
2025-10-12 14:42:11,216 - api_entries_etl - DEBUG - [Relation #923] Created HAS_ENTRY_TYPE: api_entry::BodyDivideByCurves -> entry_type::function
2025-10-12 14:42:11,216 - api_entries_etl - DEBUG - [Node #763] Created Parameter: param::BodyDivideByCurves::pDriveFeatureName
2025-10-12 14:42:11,217 - api_entries_etl - DEBUG -   name: pDriveFeatureName
2025-10-12 14:42:11,217 - api_entries_etl - DEBUG -   param_type: 文字列
2025-10-12 14:42:11,217 - api_entries_etl - DEBUG -   position: 0
2025-10-12 14:42:11,217 - api_entries_etl - DEBUG -   description: 作成する分割フィーチャー要素名称（空文字可）
2025-10-12 14:42:11,217 - api_entries_etl - DEBUG -   raw_json: {"name":"pDriveFeatureName","type":"文字列","description":"作成する分割フィーチャー要素名称（空文字可）","position":0}
2025-10-12 14:42:11,217 - api_entries_etl - DEBUG - [Relation #924] Created HAS_PARAMETER: api_entry::BodyDivideByCurves -> param::BodyDivideByCurves::pDriveFeatureName
2025-10-12 14:42:11,218 - api_entries_etl - DEBUG - [Node #764] Created Parameter: param::BodyDivideByCurves::pTargetBody
2025-10-12 14:42:11,218 - api_entries_etl - DEBUG -   name: pTargetBody
2025-10-12 14:42:11,218 - api_entries_etl - DEBUG -   param_type: 要素
2025-10-12 14:42:11,219 - api_entries_etl - DEBUG -   position: 1
2025-10-12 14:42:11,219 - api_entries_etl - DEBUG -   description: 分割対象のボディ
2025-10-12 14:42:11,219 - api_entries_etl - DEBUG -   raw_json: {"name":"pTargetBody","type":"要素","description":"分割対象のボディ","position":1}
2025-10-12 14:42:11,219 - api_entries_etl - DEBUG - [Relation #925] Created HAS_PARAMETER: api_entry::BodyDivideByCurves -> param::BodyDivideByCurves::pTargetBody
2025-10-12 14:42:11,220 - api_entries_etl - DEBUG - [Node #765] Created Parameter: param::BodyDivideByCurves::pDivideCurves
2025-10-12 14:42:11,220 - api_entries_etl - DEBUG -   name: pDivideCurves
2025-10-12 14:42:11,220 - api_entries_etl - DEBUG -   param_type: 要素(配列)
2025-10-12 14:42:11,220 - api_entries_etl - DEBUG -   position: 2
2025-10-12 14:42:11,220 - api_entries_etl - DEBUG -   description: 分割をするスケッチ等の線要素
2025-10-12 14:42:11,220 - api_entries_etl - DEBUG -   raw_json: {"name":"pDivideCurves","type":"要素(配列)","description":"分割をするスケッチ等の線要素","position":2}
2025-10-12 14:42:11,220 - api_entries_etl - DEBUG - [Relation #926] Created HAS_PARAMETER: api_entry::BodyDivideByCurves -> param::BodyDivideByCurves::pDivideCurves
2025-10-12 14:42:11,220 - api_entries_etl - DEBUG - [Node #766] Created Parameter: param::BodyDivideByCurves::bNorProjection
2025-10-12 14:42:11,221 - api_entries_etl - DEBUG -   name: bNorProjection
2025-10-12 14:42:11,221 - api_entries_etl - DEBUG -   param_type: bool
2025-10-12 14:42:11,221 - api_entries_etl - DEBUG -   position: 3
2025-10-12 14:42:11,221 - api_entries_etl - DEBUG -   description: 線要素を要素に投影するかどうかのフラグ
2025-10-12 14:42:11,222 - api_entries_etl - DEBUG -   raw_json: {"name":"bNorProjection","type":"bool","description":"線要素を要素に投影するかどうかのフラグ","position":3}
2025-10-12 14:42:11,222 - api_entries_etl - DEBUG - [Relation #927] Created HAS_PARAMETER: api_entry::BodyDivideByCurves -> param::BodyDivideByCurves::bNorProjection
2025-10-12 14:42:11,223 - api_entries_etl - DEBUG - [Node #767] Created Parameter: param::BodyDivideByCurves::CorrectEndPointsTolerance
2025-10-12 14:42:11,223 - api_entries_etl - DEBUG -   name: CorrectEndPointsTolerance
2025-10-12 14:42:11,223 - api_entries_etl - DEBUG -   param_type: 長さ
2025-10-12 14:42:11,223 - api_entries_etl - DEBUG -   position: 4
2025-10-12 14:42:11,223 - api_entries_etl - DEBUG -   description: 分割線が複数の場合の分割線同士のの判定トレランスを指定（通常は指定しない、空文字）
2025-10-12 14:42:11,223 - api_entries_etl - DEBUG -   raw_json: {"name":"CorrectEndPointsTolerance","type":"長さ","description":"分割線が複数の場合の分割線同士のの判定トレランスを指定（通常は指定しない、空文字）","position":4}
2025-10-12 14:42:11,223 - api_entries_etl - DEBUG - [Relation #928] Created HAS_PARAMETER: api_entry::BodyDivideByCurves -> param::BodyDivideByCurves::CorrectEndPointsTolerance
2025-10-12 14:42:11,223 - api_entries_etl - DEBUG - [Node #768] Created Parameter: param::BodyDivideByCurves::AlignmentDirection
2025-10-12 14:42:11,224 - api_entries_etl - DEBUG -   name: AlignmentDirection
2025-10-12 14:42:11,224 - api_entries_etl - DEBUG -   param_type: 方向
2025-10-12 14:42:11,224 - api_entries_etl - DEBUG -   position: 5
2025-10-12 14:42:11,224 - api_entries_etl - DEBUG -   description: 分割されたボディ要素の順番を整列させるのに使用する方向
2025-10-12 14:42:11,224 - api_entries_etl - DEBUG -   raw_json: {"name":"AlignmentDirection","type":"方向","description":"分割されたボディ要素の順番を整列させるのに使用する方向","position":5}
2025-10-12 14:42:11,225 - api_entries_etl - DEBUG - [Relation #929] Created HAS_PARAMETER: api_entry::BodyDivideByCurves -> param::BodyDivideByCurves::AlignmentDirection
2025-10-12 14:42:11,225 - api_entries_etl - DEBUG - [Node #769] Created Parameter: param::BodyDivideByCurves::ReferMethod
2025-10-12 14:42:11,225 - api_entries_etl - DEBUG -   name: ReferMethod
2025-10-12 14:42:11,225 - api_entries_etl - DEBUG -   param_type: 関連設定
2025-10-12 14:42:11,225 - api_entries_etl - DEBUG -   position: 6
2025-10-12 14:42:11,226 - api_entries_etl - DEBUG -   description: 要素の関連づけ方法の指定
2025-10-12 14:42:11,226 - api_entries_etl - DEBUG -   raw_json: {"name":"ReferMethod","type":"関連設定","description":"要素の関連づけ方法の指定","position":6}
2025-10-12 14:42:11,227 - api_entries_etl - DEBUG - [Relation #930] Created HAS_PARAMETER: api_entry::BodyDivideByCurves -> param::BodyDivideByCurves::ReferMethod
2025-10-12 14:42:11,227 - api_entries_etl - DEBUG - [Node #770] Created Parameter: param::BodyDivideByCurves::bUpdate
2025-10-12 14:42:11,228 - api_entries_etl - DEBUG -   name: bUpdate
2025-10-12 14:42:11,228 - api_entries_etl - DEBUG -   param_type: bool
2025-10-12 14:42:11,228 - api_entries_etl - DEBUG -   position: 7
2025-10-12 14:42:11,228 - api_entries_etl - DEBUG -   description: 更新フラグ（未実装、使用しない）
2025-10-12 14:42:11,228 - api_entries_etl - DEBUG -   raw_json: {"name":"bUpdate","type":"bool","description":"更新フラグ（未実装、使用しない）","position":7}
2025-10-12 14:42:11,229 - api_entries_etl - DEBUG - [Relation #931] Created HAS_PARAMETER: api_entry::BodyDivideByCurves -> param::BodyDivideByCurves::bUpdate
2025-10-12 14:42:11,230 - api_entries_etl - DEBUG - [Node #771] Created ReturnValue: return::BodyDivideByCurves
2025-10-12 14:42:11,230 - api_entries_etl - DEBUG -   return_type: ID配列
2025-10-12 14:42:11,231 - api_entries_etl - DEBUG -   description: 分割で作成されたボディ要素のID配列
2025-10-12 14:42:11,231 - api_entries_etl - DEBUG -   raw_json: {"type":"ID配列","description":"分割で作成されたボディ要素のID配列"}
2025-10-12 14:42:11,231 - api_entries_etl - DEBUG - [Relation #932] Created HAS_RETURN: api_entry::BodyDivideByCurves -> return::BodyDivideByCurves
2025-10-12 14:42:11,231 - api_entries_etl - DEBUG - [Node #772] Created PseudoCode: pseudo_code::BodyDivideByCurves
2025-10-12 14:42:11,231 - api_entries_etl - DEBUG -   code: BodyDivideByCurves(pDriveFeatureName, pTargetBody, pDivideCurves, bNorProjection, CorrectEndPointsTolerance, Alignmen...
2025-10-12 14:42:11,232 - api_entries_etl - DEBUG -   callee: BodyDivideByCurves
2025-10-12 14:42:11,232 - api_entries_etl - DEBUG -   argument_count: 8
2025-10-12 14:42:11,232 - api_entries_etl - DEBUG -   arguments_json: ["pDriveFeatureName","pTargetBody","pDivideCurves","bNorProjection","CorrectEndPointsTolerance","AlignmentDirection",...
2025-10-12 14:42:11,232 - api_entries_etl - DEBUG - [Relation #933] Created HAS_PSEUDO_CODE: api_entry::BodyDivideByCurves -> pseudo_code::BodyDivideByCurves
2025-10-12 14:42:11,232 - api_entries_etl - DEBUG - [Node #773] Created PseudoCodeArgument: pseudo_code::BodyDivideByCurves::arg::0
2025-10-12 14:42:11,232 - api_entries_etl - DEBUG -   text: pDriveFeatureName
2025-10-12 14:42:11,232 - api_entries_etl - DEBUG -   position: 0
2025-10-12 14:42:11,232 - api_entries_etl - DEBUG -   normalized_text: pdrivefeaturename
2025-10-12 14:42:11,232 - api_entries_etl - DEBUG - [Relation #934] Created HAS_ARGUMENT: pseudo_code::BodyDivideByCurves -> pseudo_code::BodyDivideByCurves::arg::0
2025-10-12 14:42:11,233 - api_entries_etl - DEBUG - [Relation #935] Created ARGUMENT_MATCHES_PARAMETER: pseudo_code::BodyDivideByCurves::arg::0 -> param::BodyDivideByCurves::pDriveFeatureName
2025-10-12 14:42:11,233 - api_entries_etl - DEBUG - [Node #774] Created PseudoCodeArgument: pseudo_code::BodyDivideByCurves::arg::1
2025-10-12 14:42:11,233 - api_entries_etl - DEBUG -   text: pTargetBody
2025-10-12 14:42:11,234 - api_entries_etl - DEBUG -   position: 1
2025-10-12 14:42:11,234 - api_entries_etl - DEBUG -   normalized_text: ptargetbody
2025-10-12 14:42:11,234 - api_entries_etl - DEBUG - [Relation #936] Created HAS_ARGUMENT: pseudo_code::BodyDivideByCurves -> pseudo_code::BodyDivideByCurves::arg::1
2025-10-12 14:42:11,234 - api_entries_etl - DEBUG - [Relation #937] Created ARGUMENT_MATCHES_PARAMETER: pseudo_code::BodyDivideByCurves::arg::1 -> param::BodyDivideByCurves::pTargetBody
2025-10-12 14:42:11,234 - api_entries_etl - DEBUG - [Node #775] Created PseudoCodeArgument: pseudo_code::BodyDivideByCurves::arg::2
2025-10-12 14:42:11,235 - api_entries_etl - DEBUG -   text: pDivideCurves
2025-10-12 14:42:11,235 - api_entries_etl - DEBUG -   position: 2
2025-10-12 14:42:11,235 - api_entries_etl - DEBUG -   normalized_text: pdividecurves
2025-10-12 14:42:11,235 - api_entries_etl - DEBUG - [Relation #938] Created HAS_ARGUMENT: pseudo_code::BodyDivideByCurves -> pseudo_code::BodyDivideByCurves::arg::2
2025-10-12 14:42:11,235 - api_entries_etl - DEBUG - [Relation #939] Created ARGUMENT_MATCHES_PARAMETER: pseudo_code::BodyDivideByCurves::arg::2 -> param::BodyDivideByCurves::pDivideCurves
2025-10-12 14:42:11,235 - api_entries_etl - DEBUG - [Node #776] Created PseudoCodeArgument: pseudo_code::BodyDivideByCurves::arg::3
2025-10-12 14:42:11,236 - api_entries_etl - DEBUG -   text: bNorProjection
2025-10-12 14:42:11,237 - api_entries_etl - DEBUG -   position: 3
2025-10-12 14:42:11,237 - api_entries_etl - DEBUG -   normalized_text: bnorprojection
2025-10-12 14:42:11,237 - api_entries_etl - DEBUG - [Relation #940] Created HAS_ARGUMENT: pseudo_code::BodyDivideByCurves -> pseudo_code::BodyDivideByCurves::arg::3
2025-10-12 14:42:11,237 - api_entries_etl - DEBUG - [Relation #941] Created ARGUMENT_MATCHES_PARAMETER: pseudo_code::BodyDivideByCurves::arg::3 -> param::BodyDivideByCurves::bNorProjection
2025-10-12 14:42:11,237 - api_entries_etl - DEBUG - [Node #777] Created PseudoCodeArgument: pseudo_code::BodyDivideByCurves::arg::4
2025-10-12 14:42:11,238 - api_entries_etl - DEBUG -   text: CorrectEndPointsTolerance
2025-10-12 14:42:11,238 - api_entries_etl - DEBUG -   position: 4
2025-10-12 14:42:11,238 - api_entries_etl - DEBUG -   normalized_text: correctendpointstolerance
2025-10-12 14:42:11,238 - api_entries_etl - DEBUG - [Relation #942] Created HAS_ARGUMENT: pseudo_code::BodyDivideByCurves -> pseudo_code::BodyDivideByCurves::arg::4
2025-10-12 14:42:11,238 - api_entries_etl - DEBUG - [Relation #943] Created ARGUMENT_MATCHES_PARAMETER: pseudo_code::BodyDivideByCurves::arg::4 -> param::BodyDivideByCurves::CorrectEndPointsTolerance
2025-10-12 14:42:11,238 - api_entries_etl - DEBUG - [Node #778] Created PseudoCodeArgument: pseudo_code::BodyDivideByCurves::arg::5
2025-10-12 14:42:11,238 - api_entries_etl - DEBUG -   text: AlignmentDirection
2025-10-12 14:42:11,239 - api_entries_etl - DEBUG -   position: 5
2025-10-12 14:42:11,239 - api_entries_etl - DEBUG -   normalized_text: alignmentdirection
2025-10-12 14:42:11,239 - api_entries_etl - DEBUG - [Relation #944] Created HAS_ARGUMENT: pseudo_code::BodyDivideByCurves -> pseudo_code::BodyDivideByCurves::arg::5
2025-10-12 14:42:11,239 - api_entries_etl - DEBUG - [Relation #945] Created ARGUMENT_MATCHES_PARAMETER: pseudo_code::BodyDivideByCurves::arg::5 -> param::BodyDivideByCurves::AlignmentDirection
2025-10-12 14:42:11,240 - api_entries_etl - DEBUG - [Node #779] Created PseudoCodeArgument: pseudo_code::BodyDivideByCurves::arg::6
2025-10-12 14:42:11,240 - api_entries_etl - DEBUG -   text: ReferMethod
2025-10-12 14:42:11,241 - api_entries_etl - DEBUG -   position: 6
2025-10-12 14:42:11,241 - api_entries_etl - DEBUG -   normalized_text: refermethod
2025-10-12 14:42:11,241 - api_entries_etl - DEBUG - [Relation #946] Created HAS_ARGUMENT: pseudo_code::BodyDivideByCurves -> pseudo_code::BodyDivideByCurves::arg::6
2025-10-12 14:42:11,241 - api_entries_etl - DEBUG - [Relation #947] Created ARGUMENT_MATCHES_PARAMETER: pseudo_code::BodyDivideByCurves::arg::6 -> param::BodyDivideByCurves::ReferMethod
2025-10-12 14:42:11,241 - api_entries_etl - DEBUG - [Node #780] Created PseudoCodeArgument: pseudo_code::BodyDivideByCurves::arg::7
2025-10-12 14:42:11,241 - api_entries_etl - DEBUG -   text: bUpdate
2025-10-12 14:42:11,241 - api_entries_etl - DEBUG -   position: 7
2025-10-12 14:42:11,241 - api_entries_etl - DEBUG -   normalized_text: bupdate
2025-10-12 14:42:11,241 - api_entries_etl - DEBUG - [Relation #948] Created HAS_ARGUMENT: pseudo_code::BodyDivideByCurves -> pseudo_code::BodyDivideByCurves::arg::7
2025-10-12 14:42:11,241 - api_entries_etl - DEBUG - [Relation #949] Created ARGUMENT_MATCHES_PARAMETER: pseudo_code::BodyDivideByCurves::arg::7 -> param::BodyDivideByCurves::bUpdate
2025-10-12 14:42:11,242 - api_entries_etl - DEBUG - [Node #781] Created Source: source::BodyDivideByCurves::inline
2025-10-12 14:42:11,242 - api_entries_etl - DEBUG -   text: 〇ボディを指定した線で分割する
  返り値:分割で作成されたボディ要素のID配列
BodyDivideByCurves(
        pDriveFeatureName,// 文字列：作成する分割フィーチャー要素名称（空文字可）
...
2025-10-12 14:42:11,242 - api_entries_etl - DEBUG - [Relation #950] Created CITED_FROM: api_entry::BodyDivideByCurves -> source::BodyDivideByCurves::inline
2025-10-12 14:42:11,243 - api_entries_etl - DEBUG - Processing API entry #53: BodyDivideByPlanes
2025-10-12 14:42:11,244 - api_entries_etl - DEBUG - [Node #782] Created APIEntry: api_entry::BodyDivideByPlanes
2025-10-12 14:42:11,244 - api_entries_etl - DEBUG -   name: BodyDivideByPlanes
2025-10-12 14:42:11,244 - api_entries_etl - DEBUG -   category: Partオブジェクト
2025-10-12 14:42:11,244 - api_entries_etl - DEBUG -   entry_type: function
2025-10-12 14:42:11,244 - api_entries_etl - DEBUG -   description: ボディを指定した平面で分割する
2025-10-12 14:42:11,244 - api_entries_etl - DEBUG -   pseudo_code: BodyDivideByPlanes(pDriveFeatureName, pTargetBody, pDividePlanes, PlaneDeltaCopy, nPlaneCopy, pAlignmentDirection, pW...
2025-10-12 14:42:11,244 - api_entries_etl - DEBUG -   text: ボディを指定した平面で分割する

〇ボディを指定した平面で分割する
  返り値:分割で作成されたボディ要素のID配列
BodyDivideByPlanes(
    pDriveFeatureName, // 文字列：作成する分割フィ...
2025-10-12 14:42:11,244 - api_entries_etl - DEBUG -   raw_json: {"category":"Partオブジェクト","entry_type":"function","name":"BodyDivideByPlanes","description":"ボディを指定した平面で分割する","pseudo_...
2025-10-12 14:42:11,244 - api_entries_etl - DEBUG -   position: 52
2025-10-12 14:42:11,244 - api_entries_etl - DEBUG - [Relation #951] Created HAS_ENTRY: api_entries::collection -> api_entry::BodyDivideByPlanes
2025-10-12 14:42:11,244 - api_entries_etl - DEBUG - [Node #783] Created Category: category::Partオブジェクト
2025-10-12 14:42:11,245 - api_entries_etl - DEBUG -   name: Partオブジェクト
2025-10-12 14:42:11,245 - api_entries_etl - DEBUG - [Relation #952] Created IN_CATEGORY: api_entry::BodyDivideByPlanes -> category::Partオブジェクト
2025-10-12 14:42:11,245 - api_entries_etl - DEBUG - [Node #784] Created EntryType: entry_type::function
2025-10-12 14:42:11,246 - api_entries_etl - DEBUG -   name: function
2025-10-12 14:42:11,246 - api_entries_etl - DEBUG - [Relation #953] Created HAS_ENTRY_TYPE: api_entry::BodyDivideByPlanes -> entry_type::function
2025-10-12 14:42:11,247 - api_entries_etl - DEBUG - [Node #785] Created Parameter: param::BodyDivideByPlanes::pDriveFeatureName
2025-10-12 14:42:11,248 - api_entries_etl - DEBUG -   name: pDriveFeatureName
2025-10-12 14:42:11,248 - api_entries_etl - DEBUG -   param_type: 文字列
2025-10-12 14:42:11,248 - api_entries_etl - DEBUG -   position: 0
2025-10-12 14:42:11,248 - api_entries_etl - DEBUG -   description: 作成する分割フィーチャー要素名称（空文字可）
2025-10-12 14:42:11,249 - api_entries_etl - DEBUG -   raw_json: {"name":"pDriveFeatureName","type":"文字列","description":"作成する分割フィーチャー要素名称（空文字可）","position":0}
2025-10-12 14:42:11,249 - api_entries_etl - DEBUG - [Relation #954] Created HAS_PARAMETER: api_entry::BodyDivideByPlanes -> param::BodyDivideByPlanes::pDriveFeatureName
2025-10-12 14:42:11,249 - api_entries_etl - DEBUG - [Node #786] Created Parameter: param::BodyDivideByPlanes::TargetBody
2025-10-12 14:42:11,249 - api_entries_etl - DEBUG -   name: TargetBody
2025-10-12 14:42:11,249 - api_entries_etl - DEBUG -   param_type: 要素
2025-10-12 14:42:11,249 - api_entries_etl - DEBUG -   position: 1
2025-10-12 14:42:11,249 - api_entries_etl - DEBUG -   description: 分割対象のボディ
2025-10-12 14:42:11,249 - api_entries_etl - DEBUG -   raw_json: {"name":"TargetBody","type":"要素","description":"分割対象のボディ","position":1}
2025-10-12 14:42:11,249 - api_entries_etl - DEBUG - [Relation #955] Created HAS_PARAMETER: api_entry::BodyDivideByPlanes -> param::BodyDivideByPlanes::TargetBody
2025-10-12 14:42:11,249 - api_entries_etl - DEBUG - [Node #787] Created Parameter: param::BodyDivideByPlanes::plane
2025-10-12 14:42:11,249 - api_entries_etl - DEBUG -   name: plane
2025-10-12 14:42:11,249 - api_entries_etl - DEBUG -   param_type: 要素
2025-10-12 14:42:11,249 - api_entries_etl - DEBUG -   position: 2
2025-10-12 14:42:11,249 - api_entries_etl - DEBUG -   description: 分割をする平面
2025-10-12 14:42:11,249 - api_entries_etl - DEBUG -   raw_json: {"name":"plane","type":"要素","description":"分割をする平面","position":2}
2025-10-12 14:42:11,249 - api_entries_etl - DEBUG - [Relation #956] Created HAS_PARAMETER: api_entry::BodyDivideByPlanes -> param::BodyDivideByPlanes::plane
2025-10-12 14:42:11,249 - api_entries_etl - DEBUG - [Node #788] Created Parameter: param::BodyDivideByPlanes::nPlaneCopy
2025-10-12 14:42:11,249 - api_entries_etl - DEBUG -   name: nPlaneCopy
2025-10-12 14:42:11,249 - api_entries_etl - DEBUG -   param_type: 整数
2025-10-12 14:42:11,249 - api_entries_etl - DEBUG -   position: 3
2025-10-12 14:42:11,249 - api_entries_etl - DEBUG -   description: 分割をする平面を複数コピーして分割をする（通常は1)
2025-10-12 14:42:11,249 - api_entries_etl - DEBUG -   raw_json: {"name":"nPlaneCopy","type":"整数","description":"分割をする平面を複数コピーして分割をする（通常は1)","position":3}
2025-10-12 14:42:11,249 - api_entries_etl - DEBUG - [Relation #957] Created HAS_PARAMETER: api_entry::BodyDivideByPlanes -> param::BodyDivideByPlanes::nPlaneCopy
2025-10-12 14:42:11,249 - api_entries_etl - DEBUG - [Node #789] Created Parameter: param::BodyDivideByPlanes::pAlignmentDirection
2025-10-12 14:42:11,249 - api_entries_etl - DEBUG -   name: pAlignmentDirection
2025-10-12 14:42:11,249 - api_entries_etl - DEBUG -   param_type: 方向
2025-10-12 14:42:11,249 - api_entries_etl - DEBUG -   position: 4
2025-10-12 14:42:11,249 - api_entries_etl - DEBUG -   description: 分割されたボディ要素の順番を整列させるのに使用する方向
2025-10-12 14:42:11,249 - api_entries_etl - DEBUG -   raw_json: {"name":"pAlignmentDirection","type":"方向","description":"分割されたボディ要素の順番を整列させるのに使用する方向","position":4}
2025-10-12 14:42:11,249 - api_entries_etl - DEBUG - [Relation #958] Created HAS_PARAMETER: api_entry::BodyDivideByPlanes -> param::BodyDivideByPlanes::pAlignmentDirection
2025-10-12 14:42:11,249 - api_entries_etl - DEBUG - [Node #790] Created Parameter: param::BodyDivideByPlanes::WCS
2025-10-12 14:42:11,249 - api_entries_etl - DEBUG -   name: WCS
2025-10-12 14:42:11,249 - api_entries_etl - DEBUG -   param_type: 要素
2025-10-12 14:42:11,249 - api_entries_etl - DEBUG -   position: 5
2025-10-12 14:42:11,249 - api_entries_etl - DEBUG -   description: 要素分割に使用する座標系を指定。通常は指定しない
2025-10-12 14:42:11,249 - api_entries_etl - DEBUG -   raw_json: {"name":"WCS","type":"要素","description":"要素分割に使用する座標系を指定。通常は指定しない","position":5}
2025-10-12 14:42:11,249 - api_entries_etl - DEBUG - [Relation #959] Created HAS_PARAMETER: api_entry::BodyDivideByPlanes -> param::BodyDivideByPlanes::WCS
2025-10-12 14:42:11,249 - api_entries_etl - DEBUG - [Node #791] Created Parameter: param::BodyDivideByPlanes::ReferMethod
2025-10-12 14:42:11,249 - api_entries_etl - DEBUG -   name: ReferMethod
2025-10-12 14:42:11,249 - api_entries_etl - DEBUG -   param_type: 関連設定
2025-10-12 14:42:11,249 - api_entries_etl - DEBUG -   position: 6
2025-10-12 14:42:11,249 - api_entries_etl - DEBUG -   description: 要素の関連づけ方法の指定
2025-10-12 14:42:11,249 - api_entries_etl - DEBUG -   raw_json: {"name":"ReferMethod","type":"関連設定","description":"要素の関連づけ方法の指定","position":6}
2025-10-12 14:42:11,255 - api_entries_etl - DEBUG - [Relation #960] Created HAS_PARAMETER: api_entry::BodyDivideByPlanes -> param::BodyDivideByPlanes::ReferMethod
2025-10-12 14:42:11,255 - api_entries_etl - DEBUG - [Node #792] Created Parameter: param::BodyDivideByPlanes::bUpdate
2025-10-12 14:42:11,255 - api_entries_etl - DEBUG -   name: bUpdate
2025-10-12 14:42:11,255 - api_entries_etl - DEBUG -   param_type: bool
2025-10-12 14:42:11,255 - api_entries_etl - DEBUG -   position: 7
2025-10-12 14:42:11,255 - api_entries_etl - DEBUG -   description: 更新フラグ（未実装、使用しない）
2025-10-12 14:42:11,255 - api_entries_etl - DEBUG -   raw_json: {"name":"bUpdate","type":"bool","description":"更新フラグ（未実装、使用しない）","position":7}
2025-10-12 14:42:11,255 - api_entries_etl - DEBUG - [Relation #961] Created HAS_PARAMETER: api_entry::BodyDivideByPlanes -> param::BodyDivideByPlanes::bUpdate
2025-10-12 14:42:11,255 - api_entries_etl - DEBUG - [Node #793] Created ReturnValue: return::BodyDivideByPlanes
2025-10-12 14:42:11,255 - api_entries_etl - DEBUG -   return_type: ID配列
2025-10-12 14:42:11,255 - api_entries_etl - DEBUG -   description: 分割で作成されたボディ要素のID配列
2025-10-12 14:42:11,255 - api_entries_etl - DEBUG -   raw_json: {"type":"ID配列","description":"分割で作成されたボディ要素のID配列"}
2025-10-12 14:42:11,255 - api_entries_etl - DEBUG - [Relation #962] Created HAS_RETURN: api_entry::BodyDivideByPlanes -> return::BodyDivideByPlanes
2025-10-12 14:42:11,255 - api_entries_etl - DEBUG - [Node #794] Created PseudoCode: pseudo_code::BodyDivideByPlanes
2025-10-12 14:42:11,255 - api_entries_etl - DEBUG -   code: BodyDivideByPlanes(pDriveFeatureName, pTargetBody, pDividePlanes, PlaneDeltaCopy, nPlaneCopy, pAlignmentDirection, pW...
2025-10-12 14:42:11,255 - api_entries_etl - DEBUG -   callee: BodyDivideByPlanes
2025-10-12 14:42:11,255 - api_entries_etl - DEBUG -   argument_count: 9
2025-10-12 14:42:11,255 - api_entries_etl - DEBUG -   arguments_json: ["pDriveFeatureName","pTargetBody","pDividePlanes","PlaneDeltaCopy","nPlaneCopy","pAlignmentDirection","pWCS","ReferM...
2025-10-12 14:42:11,255 - api_entries_etl - DEBUG - [Relation #963] Created HAS_PSEUDO_CODE: api_entry::BodyDivideByPlanes -> pseudo_code::BodyDivideByPlanes
2025-10-12 14:42:11,255 - api_entries_etl - DEBUG - [Node #795] Created PseudoCodeArgument: pseudo_code::BodyDivideByPlanes::arg::0
2025-10-12 14:42:11,255 - api_entries_etl - DEBUG -   text: pDriveFeatureName
2025-10-12 14:42:11,255 - api_entries_etl - DEBUG -   position: 0
2025-10-12 14:42:11,255 - api_entries_etl - DEBUG -   normalized_text: pdrivefeaturename
2025-10-12 14:42:11,255 - api_entries_etl - DEBUG - [Relation #964] Created HAS_ARGUMENT: pseudo_code::BodyDivideByPlanes -> pseudo_code::BodyDivideByPlanes::arg::0
2025-10-12 14:42:11,255 - api_entries_etl - DEBUG - [Relation #965] Created ARGUMENT_MATCHES_PARAMETER: pseudo_code::BodyDivideByPlanes::arg::0 -> param::BodyDivideByPlanes::pDriveFeatureName
2025-10-12 14:42:11,255 - api_entries_etl - DEBUG - [Node #796] Created PseudoCodeArgument: pseudo_code::BodyDivideByPlanes::arg::1
2025-10-12 14:42:11,255 - api_entries_etl - DEBUG -   text: pTargetBody
2025-10-12 14:42:11,255 - api_entries_etl - DEBUG -   position: 1
2025-10-12 14:42:11,255 - api_entries_etl - DEBUG -   normalized_text: ptargetbody
2025-10-12 14:42:11,255 - api_entries_etl - DEBUG - [Relation #966] Created HAS_ARGUMENT: pseudo_code::BodyDivideByPlanes -> pseudo_code::BodyDivideByPlanes::arg::1
2025-10-12 14:42:11,255 - api_entries_etl - DEBUG - [Node #797] Created PseudoCodeArgument: pseudo_code::BodyDivideByPlanes::arg::2
2025-10-12 14:42:11,255 - api_entries_etl - DEBUG -   text: pDividePlanes
2025-10-12 14:42:11,255 - api_entries_etl - DEBUG -   position: 2
2025-10-12 14:42:11,255 - api_entries_etl - DEBUG -   normalized_text: pdivideplanes
2025-10-12 14:42:11,255 - api_entries_etl - DEBUG - [Relation #967] Created HAS_ARGUMENT: pseudo_code::BodyDivideByPlanes -> pseudo_code::BodyDivideByPlanes::arg::2
2025-10-12 14:42:11,255 - api_entries_etl - DEBUG - [Node #798] Created PseudoCodeArgument: pseudo_code::BodyDivideByPlanes::arg::3
2025-10-12 14:42:11,255 - api_entries_etl - DEBUG -   text: PlaneDeltaCopy
2025-10-12 14:42:11,255 - api_entries_etl - DEBUG -   position: 3
2025-10-12 14:42:11,255 - api_entries_etl - DEBUG -   normalized_text: planedeltacopy
2025-10-12 14:42:11,255 - api_entries_etl - DEBUG - [Relation #968] Created HAS_ARGUMENT: pseudo_code::BodyDivideByPlanes -> pseudo_code::BodyDivideByPlanes::arg::3
2025-10-12 14:42:11,255 - api_entries_etl - DEBUG - [Node #799] Created PseudoCodeArgument: pseudo_code::BodyDivideByPlanes::arg::4
2025-10-12 14:42:11,255 - api_entries_etl - DEBUG -   text: nPlaneCopy
2025-10-12 14:42:11,255 - api_entries_etl - DEBUG -   position: 4
2025-10-12 14:42:11,255 - api_entries_etl - DEBUG -   normalized_text: nplanecopy
2025-10-12 14:42:11,255 - api_entries_etl - DEBUG - [Relation #969] Created HAS_ARGUMENT: pseudo_code::BodyDivideByPlanes -> pseudo_code::BodyDivideByPlanes::arg::4
2025-10-12 14:42:11,255 - api_entries_etl - DEBUG - [Relation #970] Created ARGUMENT_MATCHES_PARAMETER: pseudo_code::BodyDivideByPlanes::arg::4 -> param::BodyDivideByPlanes::nPlaneCopy
2025-10-12 14:42:11,255 - api_entries_etl - DEBUG - [Node #800] Created PseudoCodeArgument: pseudo_code::BodyDivideByPlanes::arg::5
2025-10-12 14:42:11,255 - api_entries_etl - DEBUG -   text: pAlignmentDirection
2025-10-12 14:42:11,255 - api_entries_etl - DEBUG -   position: 5
2025-10-12 14:42:11,255 - api_entries_etl - DEBUG -   normalized_text: palignmentdirection
2025-10-12 14:42:11,255 - api_entries_etl - DEBUG - [Relation #971] Created HAS_ARGUMENT: pseudo_code::BodyDivideByPlanes -> pseudo_code::BodyDivideByPlanes::arg::5
2025-10-12 14:42:11,255 - api_entries_etl - DEBUG - [Relation #972] Created ARGUMENT_MATCHES_PARAMETER: pseudo_code::BodyDivideByPlanes::arg::5 -> param::BodyDivideByPlanes::pAlignmentDirection
2025-10-12 14:42:11,255 - api_entries_etl - DEBUG - [Node #801] Created PseudoCodeArgument: pseudo_code::BodyDivideByPlanes::arg::6
2025-10-12 14:42:11,255 - api_entries_etl - DEBUG -   text: pWCS
2025-10-12 14:42:11,255 - api_entries_etl - DEBUG -   position: 6
2025-10-12 14:42:11,255 - api_entries_etl - DEBUG -   normalized_text: pwcs
2025-10-12 14:42:11,255 - api_entries_etl - DEBUG - [Relation #973] Created HAS_ARGUMENT: pseudo_code::BodyDivideByPlanes -> pseudo_code::BodyDivideByPlanes::arg::6
2025-10-12 14:42:11,255 - api_entries_etl - DEBUG - [Node #802] Created PseudoCodeArgument: pseudo_code::BodyDivideByPlanes::arg::7
2025-10-12 14:42:11,255 - api_entries_etl - DEBUG -   text: ReferMethod
2025-10-12 14:42:11,255 - api_entries_etl - DEBUG -   position: 7
2025-10-12 14:42:11,255 - api_entries_etl - DEBUG -   normalized_text: refermethod
2025-10-12 14:42:11,255 - api_entries_etl - DEBUG - [Relation #974] Created HAS_ARGUMENT: pseudo_code::BodyDivideByPlanes -> pseudo_code::BodyDivideByPlanes::arg::7
2025-10-12 14:42:11,255 - api_entries_etl - DEBUG - [Relation #975] Created ARGUMENT_MATCHES_PARAMETER: pseudo_code::BodyDivideByPlanes::arg::7 -> param::BodyDivideByPlanes::ReferMethod
2025-10-12 14:42:11,255 - api_entries_etl - DEBUG - [Node #803] Created PseudoCodeArgument: pseudo_code::BodyDivideByPlanes::arg::8
2025-10-12 14:42:11,255 - api_entries_etl - DEBUG -   text: bUpdate
2025-10-12 14:42:11,255 - api_entries_etl - DEBUG -   position: 8
2025-10-12 14:42:11,255 - api_entries_etl - DEBUG -   normalized_text: bupdate
2025-10-12 14:42:11,255 - api_entries_etl - DEBUG - [Relation #976] Created HAS_ARGUMENT: pseudo_code::BodyDivideByPlanes -> pseudo_code::BodyDivideByPlanes::arg::8
2025-10-12 14:42:11,255 - api_entries_etl - DEBUG - [Relation #977] Created ARGUMENT_MATCHES_PARAMETER: pseudo_code::BodyDivideByPlanes::arg::8 -> param::BodyDivideByPlanes::bUpdate
2025-10-12 14:42:11,255 - api_entries_etl - DEBUG - [Node #804] Created Source: source::BodyDivideByPlanes::inline
2025-10-12 14:42:11,255 - api_entries_etl - DEBUG -   text: 〇ボディを指定した平面で分割する
  返り値:分割で作成されたボディ要素のID配列
BodyDivideByPlanes(
    pDriveFeatureName, // 文字列：作成する分割フィーチャー要素名称（空文字可）
  ...
2025-10-12 14:42:11,255 - api_entries_etl - DEBUG - [Relation #978] Created CITED_FROM: api_entry::BodyDivideByPlanes -> source::BodyDivideByPlanes::inline
2025-10-12 14:42:11,255 - api_entries_etl - DEBUG - Processing API entry #54: CutBody
2025-10-12 14:42:11,255 - api_entries_etl - DEBUG - [Node #805] Created APIEntry: api_entry::CutBody
2025-10-12 14:42:11,255 - api_entries_etl - DEBUG -   name: CutBody
2025-10-12 14:42:11,255 - api_entries_etl - DEBUG -   category: Partオブジェクト
2025-10-12 14:42:11,255 - api_entries_etl - DEBUG -   entry_type: function
2025-10-12 14:42:11,255 - api_entries_etl - DEBUG -   description: ボディを指定した要素でカットする
2025-10-12 14:42:11,255 - api_entries_etl - DEBUG -   pseudo_code: CutBody(FeatureName, TargetBody, CutElement, ElementOffset, bCutForward, ReferMethod)
2025-10-12 14:42:11,255 - api_entries_etl - DEBUG -   text: ボディを指定した要素でカットする

〇ボディを指定した要素でカットする
  返り値:作成されたカットフィーチャーのID
  CutBody(
   FeatureName, // 文字列：作成するカットフィーチャー要素名称（空文字可）...
2025-10-12 14:42:11,255 - api_entries_etl - DEBUG -   raw_json: {"category":"Partオブジェクト","entry_type":"function","name":"CutBody","description":"ボディを指定した要素でカットする","pseudo_code":"Cut...
2025-10-12 14:42:11,255 - api_entries_etl - DEBUG -   position: 53
2025-10-12 14:42:11,255 - api_entries_etl - DEBUG - [Relation #979] Created HAS_ENTRY: api_entries::collection -> api_entry::CutBody
2025-10-12 14:42:11,255 - api_entries_etl - DEBUG - [Node #806] Created Category: category::Partオブジェクト
2025-10-12 14:42:11,255 - api_entries_etl - DEBUG -   name: Partオブジェクト
2025-10-12 14:42:11,255 - api_entries_etl - DEBUG - [Relation #980] Created IN_CATEGORY: api_entry::CutBody -> category::Partオブジェクト
2025-10-12 14:42:11,255 - api_entries_etl - DEBUG - [Node #807] Created EntryType: entry_type::function
2025-10-12 14:42:11,255 - api_entries_etl - DEBUG -   name: function
2025-10-12 14:42:11,255 - api_entries_etl - DEBUG - [Relation #981] Created HAS_ENTRY_TYPE: api_entry::CutBody -> entry_type::function
2025-10-12 14:42:11,271 - api_entries_etl - DEBUG - [Node #808] Created Parameter: param::CutBody::FeatureName
2025-10-12 14:42:11,271 - api_entries_etl - DEBUG -   name: FeatureName
2025-10-12 14:42:11,271 - api_entries_etl - DEBUG -   param_type: 文字列
2025-10-12 14:42:11,271 - api_entries_etl - DEBUG -   position: 0
2025-10-12 14:42:11,271 - api_entries_etl - DEBUG -   description: 作成するカットフィーチャー要素名称（空文字可）
2025-10-12 14:42:11,271 - api_entries_etl - DEBUG -   raw_json: {"name":"FeatureName","type":"文字列","description":"作成するカットフィーチャー要素名称（空文字可）","position":0}
2025-10-12 14:42:11,271 - api_entries_etl - DEBUG - [Relation #982] Created HAS_PARAMETER: api_entry::CutBody -> param::CutBody::FeatureName
2025-10-12 14:42:11,271 - api_entries_etl - DEBUG - [Node #809] Created Parameter: param::CutBody::TargetBody
2025-10-12 14:42:11,271 - api_entries_etl - DEBUG -   name: TargetBody
2025-10-12 14:42:11,271 - api_entries_etl - DEBUG -   param_type: 要素
2025-10-12 14:42:11,271 - api_entries_etl - DEBUG -   position: 1
2025-10-12 14:42:11,271 - api_entries_etl - DEBUG -   description: カット対象のソリッド、シート
2025-10-12 14:42:11,271 - api_entries_etl - DEBUG -   raw_json: {"name":"TargetBody","type":"要素","description":"カット対象のソリッド、シート","position":1}
2025-10-12 14:42:11,271 - api_entries_etl - DEBUG - [Relation #983] Created HAS_PARAMETER: api_entry::CutBody -> param::CutBody::TargetBody
2025-10-12 14:42:11,271 - api_entries_etl - DEBUG - [Node #810] Created Parameter: param::CutBody::CutElement
2025-10-12 14:42:11,271 - api_entries_etl - DEBUG -   name: CutElement
2025-10-12 14:42:11,271 - api_entries_etl - DEBUG -   param_type: 要素
2025-10-12 14:42:11,271 - api_entries_etl - DEBUG -   position: 2
2025-10-12 14:42:11,271 - api_entries_etl - DEBUG -   description: カットする要素(平面、シート）
2025-10-12 14:42:11,271 - api_entries_etl - DEBUG -   raw_json: {"name":"CutElement","type":"要素","description":"カットする要素(平面、シート）","position":2}
2025-10-12 14:42:11,271 - api_entries_etl - DEBUG - [Relation #984] Created HAS_PARAMETER: api_entry::CutBody -> param::CutBody::CutElement
2025-10-12 14:42:11,271 - api_entries_etl - DEBUG - [Node #811] Created Parameter: param::CutBody::ElementOffset
2025-10-12 14:42:11,271 - api_entries_etl - DEBUG -   name: ElementOffset
2025-10-12 14:42:11,271 - api_entries_etl - DEBUG -   param_type: 長さ
2025-10-12 14:42:11,271 - api_entries_etl - DEBUG -   position: 3
2025-10-12 14:42:11,271 - api_entries_etl - DEBUG -   description: カットする要素のオフセット距離を指定
2025-10-12 14:42:11,271 - api_entries_etl - DEBUG -   raw_json: {"name":"ElementOffset","type":"長さ","description":"カットする要素のオフセット距離を指定","position":3}
2025-10-12 14:42:11,271 - api_entries_etl - DEBUG - [Relation #985] Created HAS_PARAMETER: api_entry::CutBody -> param::CutBody::ElementOffset
2025-10-12 14:42:11,271 - api_entries_etl - DEBUG - [Node #812] Created Parameter: param::CutBody::bCutForward
2025-10-12 14:42:11,271 - api_entries_etl - DEBUG -   name: bCutForward
2025-10-12 14:42:11,271 - api_entries_etl - DEBUG -   param_type: 関連設定
2025-10-12 14:42:11,271 - api_entries_etl - DEBUG -   position: 4
2025-10-12 14:42:11,271 - api_entries_etl - DEBUG -   description: 要素の関連づけ方法の指定
2025-10-12 14:42:11,271 - api_entries_etl - DEBUG -   raw_json: {"name":"bCutForward","type":"関連設定","description":"要素の関連づけ方法の指定","position":4}
2025-10-12 14:42:11,271 - api_entries_etl - DEBUG - [Relation #986] Created HAS_PARAMETER: api_entry::CutBody -> param::CutBody::bCutForward
2025-10-12 14:42:11,271 - api_entries_etl - DEBUG - [Node #813] Created Parameter: param::CutBody::ReferMethod
2025-10-12 14:42:11,271 - api_entries_etl - DEBUG -   name: ReferMethod
2025-10-12 14:42:11,271 - api_entries_etl - DEBUG -   param_type: 不明
2025-10-12 14:42:11,271 - api_entries_etl - DEBUG -   position: 5
2025-10-12 14:42:11,271 - api_entries_etl - DEBUG -   description: 参照方法の指定
2025-10-12 14:42:11,271 - api_entries_etl - DEBUG -   raw_json: {"name":"ReferMethod","type":"不明","description":"参照方法の指定","position":5}
2025-10-12 14:42:11,271 - api_entries_etl - DEBUG - [Relation #987] Created HAS_PARAMETER: api_entry::CutBody -> param::CutBody::ReferMethod
2025-10-12 14:42:11,271 - api_entries_etl - DEBUG - [Node #814] Created ReturnValue: return::CutBody
2025-10-12 14:42:11,271 - api_entries_etl - DEBUG -   return_type: ID
2025-10-12 14:42:11,271 - api_entries_etl - DEBUG -   description: 作成されたカットフィーチャーのID
2025-10-12 14:42:11,271 - api_entries_etl - DEBUG -   raw_json: {"type":"ID","description":"作成されたカットフィーチャーのID"}
2025-10-12 14:42:11,271 - api_entries_etl - DEBUG - [Relation #988] Created HAS_RETURN: api_entry::CutBody -> return::CutBody
2025-10-12 14:42:11,271 - api_entries_etl - DEBUG - [Node #815] Created PseudoCode: pseudo_code::CutBody
2025-10-12 14:42:11,271 - api_entries_etl - DEBUG -   code: CutBody(FeatureName, TargetBody, CutElement, ElementOffset, bCutForward, ReferMethod)
2025-10-12 14:42:11,271 - api_entries_etl - DEBUG -   callee: CutBody
2025-10-12 14:42:11,271 - api_entries_etl - DEBUG -   argument_count: 6
2025-10-12 14:42:11,271 - api_entries_etl - DEBUG -   arguments_json: ["FeatureName","TargetBody","CutElement","ElementOffset","bCutForward","ReferMethod"]
2025-10-12 14:42:11,271 - api_entries_etl - DEBUG - [Relation #989] Created HAS_PSEUDO_CODE: api_entry::CutBody -> pseudo_code::CutBody
2025-10-12 14:42:11,271 - api_entries_etl - DEBUG - [Node #816] Created PseudoCodeArgument: pseudo_code::CutBody::arg::0
2025-10-12 14:42:11,271 - api_entries_etl - DEBUG -   text: FeatureName
2025-10-12 14:42:11,271 - api_entries_etl - DEBUG -   position: 0
2025-10-12 14:42:11,271 - api_entries_etl - DEBUG -   normalized_text: featurename
2025-10-12 14:42:11,271 - api_entries_etl - DEBUG - [Relation #990] Created HAS_ARGUMENT: pseudo_code::CutBody -> pseudo_code::CutBody::arg::0
2025-10-12 14:42:11,271 - api_entries_etl - DEBUG - [Relation #991] Created ARGUMENT_MATCHES_PARAMETER: pseudo_code::CutBody::arg::0 -> param::CutBody::FeatureName
2025-10-12 14:42:11,271 - api_entries_etl - DEBUG - [Node #817] Created PseudoCodeArgument: pseudo_code::CutBody::arg::1
2025-10-12 14:42:11,271 - api_entries_etl - DEBUG -   text: TargetBody
2025-10-12 14:42:11,271 - api_entries_etl - DEBUG -   position: 1
2025-10-12 14:42:11,271 - api_entries_etl - DEBUG -   normalized_text: targetbody
2025-10-12 14:42:11,271 - api_entries_etl - DEBUG - [Relation #992] Created HAS_ARGUMENT: pseudo_code::CutBody -> pseudo_code::CutBody::arg::1
2025-10-12 14:42:11,271 - api_entries_etl - DEBUG - [Relation #993] Created ARGUMENT_MATCHES_PARAMETER: pseudo_code::CutBody::arg::1 -> param::CutBody::TargetBody
2025-10-12 14:42:11,271 - api_entries_etl - DEBUG - [Node #818] Created PseudoCodeArgument: pseudo_code::CutBody::arg::2
2025-10-12 14:42:11,271 - api_entries_etl - DEBUG -   text: CutElement
2025-10-12 14:42:11,271 - api_entries_etl - DEBUG -   position: 2
2025-10-12 14:42:11,271 - api_entries_etl - DEBUG -   normalized_text: cutelement
2025-10-12 14:42:11,271 - api_entries_etl - DEBUG - [Relation #994] Created HAS_ARGUMENT: pseudo_code::CutBody -> pseudo_code::CutBody::arg::2
2025-10-12 14:42:11,271 - api_entries_etl - DEBUG - [Relation #995] Created ARGUMENT_MATCHES_PARAMETER: pseudo_code::CutBody::arg::2 -> param::CutBody::CutElement
2025-10-12 14:42:11,271 - api_entries_etl - DEBUG - [Node #819] Created PseudoCodeArgument: pseudo_code::CutBody::arg::3
2025-10-12 14:42:11,271 - api_entries_etl - DEBUG -   text: ElementOffset
2025-10-12 14:42:11,271 - api_entries_etl - DEBUG -   position: 3
2025-10-12 14:42:11,271 - api_entries_etl - DEBUG -   normalized_text: elementoffset
2025-10-12 14:42:11,271 - api_entries_etl - DEBUG - [Relation #996] Created HAS_ARGUMENT: pseudo_code::CutBody -> pseudo_code::CutBody::arg::3
2025-10-12 14:42:11,271 - api_entries_etl - DEBUG - [Relation #997] Created ARGUMENT_MATCHES_PARAMETER: pseudo_code::CutBody::arg::3 -> param::CutBody::ElementOffset
2025-10-12 14:42:11,271 - api_entries_etl - DEBUG - [Node #820] Created PseudoCodeArgument: pseudo_code::CutBody::arg::4
2025-10-12 14:42:11,271 - api_entries_etl - DEBUG -   text: bCutForward
2025-10-12 14:42:11,271 - api_entries_etl - DEBUG -   position: 4
2025-10-12 14:42:11,271 - api_entries_etl - DEBUG -   normalized_text: bcutforward
2025-10-12 14:42:11,271 - api_entries_etl - DEBUG - [Relation #998] Created HAS_ARGUMENT: pseudo_code::CutBody -> pseudo_code::CutBody::arg::4
2025-10-12 14:42:11,271 - api_entries_etl - DEBUG - [Relation #999] Created ARGUMENT_MATCHES_PARAMETER: pseudo_code::CutBody::arg::4 -> param::CutBody::bCutForward
2025-10-12 14:42:11,271 - api_entries_etl - DEBUG - [Node #821] Created PseudoCodeArgument: pseudo_code::CutBody::arg::5
2025-10-12 14:42:11,271 - api_entries_etl - DEBUG -   text: ReferMethod
2025-10-12 14:42:11,271 - api_entries_etl - DEBUG -   position: 5
2025-10-12 14:42:11,271 - api_entries_etl - DEBUG -   normalized_text: refermethod
2025-10-12 14:42:11,271 - api_entries_etl - DEBUG - [Relation #1000] Created HAS_ARGUMENT: pseudo_code::CutBody -> pseudo_code::CutBody::arg::5
2025-10-12 14:42:11,271 - api_entries_etl - DEBUG - [Relation #1001] Created ARGUMENT_MATCHES_PARAMETER: pseudo_code::CutBody::arg::5 -> param::CutBody::ReferMethod
2025-10-12 14:42:11,271 - api_entries_etl - DEBUG - [Node #822] Created Source: source::CutBody::inline
2025-10-12 14:42:11,271 - api_entries_etl - DEBUG -   text: 〇ボディを指定した要素でカットする
  返り値:作成されたカットフィーチャーのID
  CutBody(
   FeatureName, // 文字列：作成するカットフィーチャー要素名称（空文字可）
   TargetBody, //...
2025-10-12 14:42:11,271 - api_entries_etl - DEBUG - [Relation #1002] Created CITED_FROM: api_entry::CutBody -> source::CutBody::inline
2025-10-12 14:42:11,271 - api_entries_etl - DEBUG - Processing API entry #55: CreateBoundedPlate
2025-10-12 14:42:11,271 - api_entries_etl - DEBUG - [Node #823] Created APIEntry: api_entry::CreateBoundedPlate
2025-10-12 14:42:11,271 - api_entries_etl - DEBUG -   name: CreateBoundedPlate
2025-10-12 14:42:11,271 - api_entries_etl - DEBUG -   category: Partオブジェクト
2025-10-12 14:42:11,271 - api_entries_etl - DEBUG -   entry_type: function
2025-10-12 14:42:11,271 - api_entries_etl - DEBUG -   description: 指定したソリッド要素に境界要素を指定した板形状を作成する
2025-10-12 14:42:11,271 - api_entries_etl - DEBUG -   pseudo_code: CreateBoundedPlate(FeatureName, TargetSolid, OperationType, Plane, PlaneOffset, BoundObjects, ThickenType, Thickness1...
2025-10-12 14:42:11,271 - api_entries_etl - DEBUG -   text: 指定したソリッド要素に境界要素を指定した板形状を作成する

〇指定したソリッド要素に境界要素を指定した板形状を作成する
  返り値:作成された境界要素指定フィーチャーのID
 CreateBoundedPlate(
    Featu...
2025-10-12 14:42:11,287 - api_entries_etl - DEBUG -   raw_json: {"category":"Partオブジェクト","entry_type":"function","name":"CreateBoundedPlate","description":"指定したソリッド要素に境界要素を指定した板形状を作...
2025-10-12 14:42:11,287 - api_entries_etl - DEBUG -   position: 54
2025-10-12 14:42:11,287 - api_entries_etl - DEBUG - [Relation #1003] Created HAS_ENTRY: api_entries::collection -> api_entry::CreateBoundedPlate
2025-10-12 14:42:11,287 - api_entries_etl - DEBUG - [Node #824] Created Category: category::Partオブジェクト
2025-10-12 14:42:11,287 - api_entries_etl - DEBUG -   name: Partオブジェクト
2025-10-12 14:42:11,287 - api_entries_etl - DEBUG - [Relation #1004] Created IN_CATEGORY: api_entry::CreateBoundedPlate -> category::Partオブジェクト
2025-10-12 14:42:11,287 - api_entries_etl - DEBUG - [Node #825] Created EntryType: entry_type::function
2025-10-12 14:42:11,287 - api_entries_etl - DEBUG -   name: function
2025-10-12 14:42:11,287 - api_entries_etl - DEBUG - [Relation #1005] Created HAS_ENTRY_TYPE: api_entry::CreateBoundedPlate -> entry_type::function
2025-10-12 14:42:11,287 - api_entries_etl - DEBUG - [Node #826] Created Parameter: param::CreateBoundedPlate::FeatureName
2025-10-12 14:42:11,287 - api_entries_etl - DEBUG -   name: FeatureName
2025-10-12 14:42:11,287 - api_entries_etl - DEBUG -   param_type: 文字列
2025-10-12 14:42:11,287 - api_entries_etl - DEBUG -   position: 0
2025-10-12 14:42:11,287 - api_entries_etl - DEBUG -   description: 作成する境界要素指定フィーチャー要素名称（空文字可）
2025-10-12 14:42:11,287 - api_entries_etl - DEBUG -   raw_json: {"name":"FeatureName","type":"文字列","description":"作成する境界要素指定フィーチャー要素名称（空文字可）","position":0}
2025-10-12 14:42:11,287 - api_entries_etl - DEBUG - [Relation #1006] Created HAS_PARAMETER: api_entry::CreateBoundedPlate -> param::CreateBoundedPlate::FeatureName
2025-10-12 14:42:11,287 - api_entries_etl - DEBUG - [Node #827] Created Parameter: param::CreateBoundedPlate::TargetSolid
2025-10-12 14:42:11,287 - api_entries_etl - DEBUG -   name: TargetSolid
2025-10-12 14:42:11,287 - api_entries_etl - DEBUG -   param_type: 要素
2025-10-12 14:42:11,287 - api_entries_etl - DEBUG -   position: 1
2025-10-12 14:42:11,287 - api_entries_etl - DEBUG -   description: 境界要素指定フィーチャーを作成する対象のソリッドを指定
2025-10-12 14:42:11,287 - api_entries_etl - DEBUG -   raw_json: {"name":"TargetSolid","type":"要素","description":"境界要素指定フィーチャーを作成する対象のソリッドを指定","position":1}
2025-10-12 14:42:11,287 - api_entries_etl - DEBUG - [Relation #1007] Created HAS_PARAMETER: api_entry::CreateBoundedPlate -> param::CreateBoundedPlate::TargetSolid
2025-10-12 14:42:11,287 - api_entries_etl - DEBUG - [Node #828] Created Parameter: param::CreateBoundedPlate::OperationType
2025-10-12 14:42:11,287 - api_entries_etl - DEBUG -   name: OperationType
2025-10-12 14:42:11,287 - api_entries_etl - DEBUG -   param_type: オペレーションタイプ
2025-10-12 14:42:11,287 - api_entries_etl - DEBUG -   position: 2
2025-10-12 14:42:11,287 - api_entries_etl - DEBUG -   description: ソリッドオペレーションのタイプを指定する
2025-10-12 14:42:11,287 - api_entries_etl - DEBUG -   raw_json: {"name":"OperationType","type":"オペレーションタイプ","description":"ソリッドオペレーションのタイプを指定する","position":2}
2025-10-12 14:42:11,287 - api_entries_etl - DEBUG - [Relation #1008] Created HAS_PARAMETER: api_entry::CreateBoundedPlate -> param::CreateBoundedPlate::OperationType
2025-10-12 14:42:11,287 - api_entries_etl - DEBUG - [Node #829] Created Parameter: param::CreateBoundedPlate::Plane
2025-10-12 14:42:11,287 - api_entries_etl - DEBUG -   name: Plane
2025-10-12 14:42:11,287 - api_entries_etl - DEBUG -   param_type: 平面
2025-10-12 14:42:11,287 - api_entries_etl - DEBUG -   position: 3
2025-10-12 14:42:11,287 - api_entries_etl - DEBUG -   description: 板の定義平面位置。'PL'で始まる平面指定文字列（例:'PL,Z' や 'PL,O,500.0,X'）で指定。
2025-10-12 14:42:11,287 - api_entries_etl - DEBUG -   raw_json: {"name":"Plane","type":"平面","description":"板の定義平面位置。'PL'で始まる平面指定文字列（例:'PL,Z' や 'PL,O,500.0,X'）で指定。","position":3}
2025-10-12 14:42:11,287 - api_entries_etl - DEBUG - [Relation #1009] Created HAS_PARAMETER: api_entry::CreateBoundedPlate -> param::CreateBoundedPlate::Plane
2025-10-12 14:42:11,287 - api_entries_etl - DEBUG - [Node #830] Created Parameter: param::CreateBoundedPlate::PlaneOffset
2025-10-12 14:42:11,287 - api_entries_etl - DEBUG -   name: PlaneOffset
2025-10-12 14:42:11,287 - api_entries_etl - DEBUG -   param_type: 長さ
2025-10-12 14:42:11,287 - api_entries_etl - DEBUG -   position: 4
2025-10-12 14:42:11,287 - api_entries_etl - DEBUG -   description: 平面のオフセット距離を指定
2025-10-12 14:42:11,287 - api_entries_etl - DEBUG -   raw_json: {"name":"PlaneOffset","type":"長さ","description":"平面のオフセット距離を指定","position":4}
2025-10-12 14:42:11,287 - api_entries_etl - DEBUG - [Relation #1010] Created HAS_PARAMETER: api_entry::CreateBoundedPlate -> param::CreateBoundedPlate::PlaneOffset
2025-10-12 14:42:11,287 - api_entries_etl - DEBUG - [Node #831] Created Parameter: param::CreateBoundedPlate::BoundObjects
2025-10-12 14:42:11,287 - api_entries_etl - DEBUG -   name: BoundObjects
2025-10-12 14:42:11,287 - api_entries_etl - DEBUG -   param_type: 要素(配列)
2025-10-12 14:42:11,287 - api_entries_etl - DEBUG -   position: 5
2025-10-12 14:42:11,287 - api_entries_etl - DEBUG -   description: 境界要素（シート、フェイス、スケッチ、平面、ソリッド）
2025-10-12 14:42:11,287 - api_entries_etl - DEBUG -   raw_json: {"name":"BoundObjects","type":"要素(配列)","description":"境界要素（シート、フェイス、スケッチ、平面、ソリッド）","position":5}
2025-10-12 14:42:11,287 - api_entries_etl - DEBUG - [Relation #1011] Created HAS_PARAMETER: api_entry::CreateBoundedPlate -> param::CreateBoundedPlate::BoundObjects
2025-10-12 14:42:11,287 - api_entries_etl - DEBUG - [Node #832] Created Parameter: param::CreateBoundedPlate::ThickenType
2025-10-12 14:42:11,287 - api_entries_etl - DEBUG -   name: ThickenType
2025-10-12 14:42:11,287 - api_entries_etl - DEBUG -   param_type: 厚み付けタイプ
2025-10-12 14:42:11,287 - api_entries_etl - DEBUG -   position: 6
2025-10-12 14:42:11,287 - api_entries_etl - DEBUG -   description: 厚み付け方向の指定。'+' 内側、'-' 外側、'B' 両方向、'2' ２方向、''（空文字）厚み付けしない。
2025-10-12 14:42:11,287 - api_entries_etl - DEBUG -   raw_json: {"name":"ThickenType","type":"厚み付けタイプ","description":"厚み付け方向の指定。'+' 内側、'-' 外側、'B' 両方向、'2' ２方向、''（空文字）厚み付けしない。","posit...
2025-10-12 14:42:11,287 - api_entries_etl - DEBUG - [Relation #1012] Created HAS_PARAMETER: api_entry::CreateBoundedPlate -> param::CreateBoundedPlate::ThickenType
2025-10-12 14:42:11,287 - api_entries_etl - DEBUG - [Node #833] Created Parameter: param::CreateBoundedPlate::Thickness1
2025-10-12 14:42:11,287 - api_entries_etl - DEBUG -   name: Thickness1
2025-10-12 14:42:11,296 - api_entries_etl - DEBUG -   param_type: 長さ
2025-10-12 14:42:11,296 - api_entries_etl - DEBUG -   position: 7
2025-10-12 14:42:11,296 - api_entries_etl - DEBUG -   description: 板厚
2025-10-12 14:42:11,296 - api_entries_etl - DEBUG -   raw_json: {"name":"Thickness1","type":"長さ","description":"板厚","position":7}
2025-10-12 14:42:11,296 - api_entries_etl - DEBUG - [Relation #1013] Created HAS_PARAMETER: api_entry::CreateBoundedPlate -> param::CreateBoundedPlate::Thickness1
2025-10-12 14:42:11,296 - api_entries_etl - DEBUG - [Node #834] Created Parameter: param::CreateBoundedPlate::Thickness2
2025-10-12 14:42:11,296 - api_entries_etl - DEBUG -   name: Thickness2
2025-10-12 14:42:11,296 - api_entries_etl - DEBUG -   param_type: 長さ
2025-10-12 14:42:11,296 - api_entries_etl - DEBUG -   position: 8
2025-10-12 14:42:11,296 - api_entries_etl - DEBUG -   description: 板厚２（厚み付けタイプが２方向のときに使用）
2025-10-12 14:42:11,296 - api_entries_etl - DEBUG -   raw_json: {"name":"Thickness2","type":"長さ","description":"板厚２（厚み付けタイプが２方向のときに使用）","position":8}
2025-10-12 14:42:11,296 - api_entries_etl - DEBUG - [Relation #1014] Created HAS_PARAMETER: api_entry::CreateBoundedPlate -> param::CreateBoundedPlate::Thickness2
2025-10-12 14:42:11,296 - api_entries_etl - DEBUG - [Node #835] Created Parameter: param::CreateBoundedPlate::ThicknessOffset
2025-10-12 14:42:11,296 - api_entries_etl - DEBUG -   name: ThicknessOffset
2025-10-12 14:42:11,296 - api_entries_etl - DEBUG -   param_type: 長さ
2025-10-12 14:42:11,296 - api_entries_etl - DEBUG -   position: 9
2025-10-12 14:42:11,296 - api_entries_etl - DEBUG -   description: 厚みづけをする板のオフセット距離
2025-10-12 14:42:11,296 - api_entries_etl - DEBUG -   raw_json: {"name":"ThicknessOffset","type":"長さ","description":"厚みづけをする板のオフセット距離","position":9}
2025-10-12 14:42:11,296 - api_entries_etl - DEBUG - [Relation #1015] Created HAS_PARAMETER: api_entry::CreateBoundedPlate -> param::CreateBoundedPlate::ThicknessOffset
2025-10-12 14:42:11,296 - api_entries_etl - DEBUG - [Node #836] Created Parameter: param::CreateBoundedPlate::RefByGeometricMethod
2025-10-12 14:42:11,296 - api_entries_etl - DEBUG -   name: RefByGeometricMethod
2025-10-12 14:42:11,296 - api_entries_etl - DEBUG -   param_type: bool
2025-10-12 14:42:11,296 - api_entries_etl - DEBUG -   position: 10
2025-10-12 14:42:11,296 - api_entries_etl - DEBUG -   description: Trueの時は幾何位置にもとづいて関連を設定する
2025-10-12 14:42:11,296 - api_entries_etl - DEBUG -   raw_json: {"name":"RefByGeometricMethod","type":"bool","description":"Trueの時は幾何位置にもとづいて関連を設定する","position":10}
2025-10-12 14:42:11,296 - api_entries_etl - DEBUG - [Relation #1016] Created HAS_PARAMETER: api_entry::CreateBoundedPlate -> param::CreateBoundedPlate::RefByGeometricMethod
2025-10-12 14:42:11,296 - api_entries_etl - DEBUG - [Node #837] Created Parameter: param::CreateBoundedPlate::ReferMethod
2025-10-12 14:42:11,296 - api_entries_etl - DEBUG -   name: ReferMethod
2025-10-12 14:42:11,296 - api_entries_etl - DEBUG -   param_type: 関連設定
2025-10-12 14:42:11,296 - api_entries_etl - DEBUG -   position: 11
2025-10-12 14:42:11,296 - api_entries_etl - DEBUG -   description: 要素の関連づけ方法の指定
2025-10-12 14:42:11,296 - api_entries_etl - DEBUG -   raw_json: {"name":"ReferMethod","type":"関連設定","description":"要素の関連づけ方法の指定","position":11}
2025-10-12 14:42:11,296 - api_entries_etl - DEBUG - [Relation #1017] Created HAS_PARAMETER: api_entry::CreateBoundedPlate -> param::CreateBoundedPlate::ReferMethod
2025-10-12 14:42:11,296 - api_entries_etl - DEBUG - [Node #838] Created Parameter: param::CreateBoundedPlate::bUpdate
2025-10-12 14:42:11,296 - api_entries_etl - DEBUG -   name: bUpdate
2025-10-12 14:42:11,296 - api_entries_etl - DEBUG -   param_type: bool
2025-10-12 14:42:11,296 - api_entries_etl - DEBUG -   position: 12
2025-10-12 14:42:11,296 - api_entries_etl - DEBUG -   description: 更新フラグ（未実装、使用しない）
2025-10-12 14:42:11,296 - api_entries_etl - DEBUG -   raw_json: {"name":"bUpdate","type":"bool","description":"更新フラグ（未実装、使用しない）","position":12}
2025-10-12 14:42:11,296 - api_entries_etl - DEBUG - [Relation #1018] Created HAS_PARAMETER: api_entry::CreateBoundedPlate -> param::CreateBoundedPlate::bUpdate
2025-10-12 14:42:11,296 - api_entries_etl - DEBUG - [Node #839] Created ReturnValue: return::CreateBoundedPlate
2025-10-12 14:42:11,296 - api_entries_etl - DEBUG -   return_type: ID
2025-10-12 14:42:11,296 - api_entries_etl - DEBUG -   description: 作成された境界要素指定フィーチャーのID
2025-10-12 14:42:11,296 - api_entries_etl - DEBUG -   raw_json: {"type":"ID","description":"作成された境界要素指定フィーチャーのID"}
2025-10-12 14:42:11,296 - api_entries_etl - DEBUG - [Relation #1019] Created HAS_RETURN: api_entry::CreateBoundedPlate -> return::CreateBoundedPlate
2025-10-12 14:42:11,296 - api_entries_etl - DEBUG - [Node #840] Created PseudoCode: pseudo_code::CreateBoundedPlate
2025-10-12 14:42:11,296 - api_entries_etl - DEBUG -   code: CreateBoundedPlate(FeatureName, TargetSolid, OperationType, Plane, PlaneOffset, BoundObjects, ThickenType, Thickness1...
2025-10-12 14:42:11,296 - api_entries_etl - DEBUG -   callee: CreateBoundedPlate
2025-10-12 14:42:11,296 - api_entries_etl - DEBUG -   argument_count: 13
2025-10-12 14:42:11,296 - api_entries_etl - DEBUG -   arguments_json: ["FeatureName","TargetSolid","OperationType","Plane","PlaneOffset","BoundObjects","ThickenType","Thickness1","Thickne...
2025-10-12 14:42:11,296 - api_entries_etl - DEBUG - [Relation #1020] Created HAS_PSEUDO_CODE: api_entry::CreateBoundedPlate -> pseudo_code::CreateBoundedPlate
2025-10-12 14:42:11,296 - api_entries_etl - DEBUG - [Node #841] Created PseudoCodeArgument: pseudo_code::CreateBoundedPlate::arg::0
2025-10-12 14:42:11,296 - api_entries_etl - DEBUG -   text: FeatureName
2025-10-12 14:42:11,296 - api_entries_etl - DEBUG -   position: 0
2025-10-12 14:42:11,296 - api_entries_etl - DEBUG -   normalized_text: featurename
2025-10-12 14:42:11,296 - api_entries_etl - DEBUG - [Relation #1021] Created HAS_ARGUMENT: pseudo_code::CreateBoundedPlate -> pseudo_code::CreateBoundedPlate::arg::0
2025-10-12 14:42:11,303 - api_entries_etl - DEBUG - [Relation #1022] Created ARGUMENT_MATCHES_PARAMETER: pseudo_code::CreateBoundedPlate::arg::0 -> param::CreateBoundedPlate::FeatureName
2025-10-12 14:42:11,303 - api_entries_etl - DEBUG - [Node #842] Created PseudoCodeArgument: pseudo_code::CreateBoundedPlate::arg::1
2025-10-12 14:42:11,303 - api_entries_etl - DEBUG -   text: TargetSolid
2025-10-12 14:42:11,303 - api_entries_etl - DEBUG -   position: 1
2025-10-12 14:42:11,303 - api_entries_etl - DEBUG -   normalized_text: targetsolid
2025-10-12 14:42:11,303 - api_entries_etl - DEBUG - [Relation #1023] Created HAS_ARGUMENT: pseudo_code::CreateBoundedPlate -> pseudo_code::CreateBoundedPlate::arg::1
2025-10-12 14:42:11,303 - api_entries_etl - DEBUG - [Relation #1024] Created ARGUMENT_MATCHES_PARAMETER: pseudo_code::CreateBoundedPlate::arg::1 -> param::CreateBoundedPlate::TargetSolid
2025-10-12 14:42:11,303 - api_entries_etl - DEBUG - [Node #843] Created PseudoCodeArgument: pseudo_code::CreateBoundedPlate::arg::2
2025-10-12 14:42:11,303 - api_entries_etl - DEBUG -   text: OperationType
2025-10-12 14:42:11,303 - api_entries_etl - DEBUG -   position: 2
2025-10-12 14:42:11,303 - api_entries_etl - DEBUG -   normalized_text: operationtype
2025-10-12 14:42:11,303 - api_entries_etl - DEBUG - [Relation #1025] Created HAS_ARGUMENT: pseudo_code::CreateBoundedPlate -> pseudo_code::CreateBoundedPlate::arg::2
2025-10-12 14:42:11,303 - api_entries_etl - DEBUG - [Relation #1026] Created ARGUMENT_MATCHES_PARAMETER: pseudo_code::CreateBoundedPlate::arg::2 -> param::CreateBoundedPlate::OperationType
2025-10-12 14:42:11,303 - api_entries_etl - DEBUG - [Node #844] Created PseudoCodeArgument: pseudo_code::CreateBoundedPlate::arg::3
2025-10-12 14:42:11,303 - api_entries_etl - DEBUG -   text: Plane
2025-10-12 14:42:11,303 - api_entries_etl - DEBUG -   position: 3
2025-10-12 14:42:11,303 - api_entries_etl - DEBUG -   normalized_text: plane
2025-10-12 14:42:11,303 - api_entries_etl - DEBUG - [Relation #1027] Created HAS_ARGUMENT: pseudo_code::CreateBoundedPlate -> pseudo_code::CreateBoundedPlate::arg::3
2025-10-12 14:42:11,303 - api_entries_etl - DEBUG - [Relation #1028] Created ARGUMENT_MATCHES_PARAMETER: pseudo_code::CreateBoundedPlate::arg::3 -> param::CreateBoundedPlate::Plane
2025-10-12 14:42:11,303 - api_entries_etl - DEBUG - [Node #845] Created PseudoCodeArgument: pseudo_code::CreateBoundedPlate::arg::4
2025-10-12 14:42:11,303 - api_entries_etl - DEBUG -   text: PlaneOffset
2025-10-12 14:42:11,303 - api_entries_etl - DEBUG -   position: 4
2025-10-12 14:42:11,303 - api_entries_etl - DEBUG -   normalized_text: planeoffset
2025-10-12 14:42:11,303 - api_entries_etl - DEBUG - [Relation #1029] Created HAS_ARGUMENT: pseudo_code::CreateBoundedPlate -> pseudo_code::CreateBoundedPlate::arg::4
2025-10-12 14:42:11,303 - api_entries_etl - DEBUG - [Relation #1030] Created ARGUMENT_MATCHES_PARAMETER: pseudo_code::CreateBoundedPlate::arg::4 -> param::CreateBoundedPlate::PlaneOffset
2025-10-12 14:42:11,303 - api_entries_etl - DEBUG - [Node #846] Created PseudoCodeArgument: pseudo_code::CreateBoundedPlate::arg::5
2025-10-12 14:42:11,303 - api_entries_etl - DEBUG -   text: BoundObjects
2025-10-12 14:42:11,303 - api_entries_etl - DEBUG -   position: 5
2025-10-12 14:42:11,303 - api_entries_etl - DEBUG -   normalized_text: boundobjects
2025-10-12 14:42:11,303 - api_entries_etl - DEBUG - [Relation #1031] Created HAS_ARGUMENT: pseudo_code::CreateBoundedPlate -> pseudo_code::CreateBoundedPlate::arg::5
2025-10-12 14:42:11,303 - api_entries_etl - DEBUG - [Relation #1032] Created ARGUMENT_MATCHES_PARAMETER: pseudo_code::CreateBoundedPlate::arg::5 -> param::CreateBoundedPlate::BoundObjects
2025-10-12 14:42:11,303 - api_entries_etl - DEBUG - [Node #847] Created PseudoCodeArgument: pseudo_code::CreateBoundedPlate::arg::6
2025-10-12 14:42:11,303 - api_entries_etl - DEBUG -   text: ThickenType
2025-10-12 14:42:11,303 - api_entries_etl - DEBUG -   position: 6
2025-10-12 14:42:11,303 - api_entries_etl - DEBUG -   normalized_text: thickentype
2025-10-12 14:42:11,303 - api_entries_etl - DEBUG - [Relation #1033] Created HAS_ARGUMENT: pseudo_code::CreateBoundedPlate -> pseudo_code::CreateBoundedPlate::arg::6
2025-10-12 14:42:11,303 - api_entries_etl - DEBUG - [Relation #1034] Created ARGUMENT_MATCHES_PARAMETER: pseudo_code::CreateBoundedPlate::arg::6 -> param::CreateBoundedPlate::ThickenType
2025-10-12 14:42:11,303 - api_entries_etl - DEBUG - [Node #848] Created PseudoCodeArgument: pseudo_code::CreateBoundedPlate::arg::7
2025-10-12 14:42:11,303 - api_entries_etl - DEBUG -   text: Thickness1
2025-10-12 14:42:11,303 - api_entries_etl - DEBUG -   position: 7
2025-10-12 14:42:11,303 - api_entries_etl - DEBUG -   normalized_text: thickness1
2025-10-12 14:42:11,303 - api_entries_etl - DEBUG - [Relation #1035] Created HAS_ARGUMENT: pseudo_code::CreateBoundedPlate -> pseudo_code::CreateBoundedPlate::arg::7
2025-10-12 14:42:11,303 - api_entries_etl - DEBUG - [Relation #1036] Created ARGUMENT_MATCHES_PARAMETER: pseudo_code::CreateBoundedPlate::arg::7 -> param::CreateBoundedPlate::Thickness1
2025-10-12 14:42:11,303 - api_entries_etl - DEBUG - [Node #849] Created PseudoCodeArgument: pseudo_code::CreateBoundedPlate::arg::8
2025-10-12 14:42:11,303 - api_entries_etl - DEBUG -   text: Thickness2
2025-10-12 14:42:11,303 - api_entries_etl - DEBUG -   position: 8
2025-10-12 14:42:11,303 - api_entries_etl - DEBUG -   normalized_text: thickness2
2025-10-12 14:42:11,303 - api_entries_etl - DEBUG - [Relation #1037] Created HAS_ARGUMENT: pseudo_code::CreateBoundedPlate -> pseudo_code::CreateBoundedPlate::arg::8
2025-10-12 14:42:11,303 - api_entries_etl - DEBUG - [Relation #1038] Created ARGUMENT_MATCHES_PARAMETER: pseudo_code::CreateBoundedPlate::arg::8 -> param::CreateBoundedPlate::Thickness2
2025-10-12 14:42:11,303 - api_entries_etl - DEBUG - [Node #850] Created PseudoCodeArgument: pseudo_code::CreateBoundedPlate::arg::9
2025-10-12 14:42:11,303 - api_entries_etl - DEBUG -   text: ThicknessOffset
2025-10-12 14:42:11,303 - api_entries_etl - DEBUG -   position: 9
2025-10-12 14:42:11,303 - api_entries_etl - DEBUG -   normalized_text: thicknessoffset
2025-10-12 14:42:11,303 - api_entries_etl - DEBUG - [Relation #1039] Created HAS_ARGUMENT: pseudo_code::CreateBoundedPlate -> pseudo_code::CreateBoundedPlate::arg::9
2025-10-12 14:42:11,303 - api_entries_etl - DEBUG - [Relation #1040] Created ARGUMENT_MATCHES_PARAMETER: pseudo_code::CreateBoundedPlate::arg::9 -> param::CreateBoundedPlate::ThicknessOffset
2025-10-12 14:42:11,303 - api_entries_etl - DEBUG - [Node #851] Created PseudoCodeArgument: pseudo_code::CreateBoundedPlate::arg::10
2025-10-12 14:42:11,303 - api_entries_etl - DEBUG -   text: RefByGeometricMethod
2025-10-12 14:42:11,303 - api_entries_etl - DEBUG -   position: 10
2025-10-12 14:42:11,303 - api_entries_etl - DEBUG -   normalized_text: refbygeometricmethod
2025-10-12 14:42:11,303 - api_entries_etl - DEBUG - [Relation #1041] Created HAS_ARGUMENT: pseudo_code::CreateBoundedPlate -> pseudo_code::CreateBoundedPlate::arg::10
2025-10-12 14:42:11,303 - api_entries_etl - DEBUG - [Relation #1042] Created ARGUMENT_MATCHES_PARAMETER: pseudo_code::CreateBoundedPlate::arg::10 -> param::CreateBoundedPlate::RefByGeometricMethod
2025-10-12 14:42:11,303 - api_entries_etl - DEBUG - [Node #852] Created PseudoCodeArgument: pseudo_code::CreateBoundedPlate::arg::11
2025-10-12 14:42:11,303 - api_entries_etl - DEBUG -   text: ReferMethod
2025-10-12 14:42:11,303 - api_entries_etl - DEBUG -   position: 11
2025-10-12 14:42:11,303 - api_entries_etl - DEBUG -   normalized_text: refermethod
2025-10-12 14:42:11,303 - api_entries_etl - DEBUG - [Relation #1043] Created HAS_ARGUMENT: pseudo_code::CreateBoundedPlate -> pseudo_code::CreateBoundedPlate::arg::11
2025-10-12 14:42:11,303 - api_entries_etl - DEBUG - [Relation #1044] Created ARGUMENT_MATCHES_PARAMETER: pseudo_code::CreateBoundedPlate::arg::11 -> param::CreateBoundedPlate::ReferMethod
2025-10-12 14:42:11,303 - api_entries_etl - DEBUG - [Node #853] Created PseudoCodeArgument: pseudo_code::CreateBoundedPlate::arg::12
2025-10-12 14:42:11,303 - api_entries_etl - DEBUG -   text: bUpdate
2025-10-12 14:42:11,303 - api_entries_etl - DEBUG -   position: 12
2025-10-12 14:42:11,303 - api_entries_etl - DEBUG -   normalized_text: bupdate
2025-10-12 14:42:11,303 - api_entries_etl - DEBUG - [Relation #1045] Created HAS_ARGUMENT: pseudo_code::CreateBoundedPlate -> pseudo_code::CreateBoundedPlate::arg::12
2025-10-12 14:42:11,303 - api_entries_etl - DEBUG - [Relation #1046] Created ARGUMENT_MATCHES_PARAMETER: pseudo_code::CreateBoundedPlate::arg::12 -> param::CreateBoundedPlate::bUpdate
2025-10-12 14:42:11,303 - api_entries_etl - DEBUG - [Node #854] Created Source: source::CreateBoundedPlate::inline
2025-10-12 14:42:11,303 - api_entries_etl - DEBUG -   text: 〇指定したソリッド要素に境界要素を指定した板形状を作成する
  返り値:作成された境界要素指定フィーチャーのID
 CreateBoundedPlate(
    FeatureName, // 文字列：作成する境界要素指定フィーチャ...
2025-10-12 14:42:11,303 - api_entries_etl - DEBUG - [Relation #1047] Created CITED_FROM: api_entry::CreateBoundedPlate -> source::CreateBoundedPlate::inline
2025-10-12 14:42:11,303 - api_entries_etl - DEBUG - Processing API entry #56: CreateBoundingBox
2025-10-12 14:42:11,303 - api_entries_etl - DEBUG - [Node #855] Created APIEntry: api_entry::CreateBoundingBox
2025-10-12 14:42:11,303 - api_entries_etl - DEBUG -   name: CreateBoundingBox
2025-10-12 14:42:11,303 - api_entries_etl - DEBUG -   category: Partオブジェクト
2025-10-12 14:42:11,303 - api_entries_etl - DEBUG -   entry_type: function
2025-10-12 14:42:11,303 - api_entries_etl - DEBUG -   description: 指定したソリッド要素に境界ボックス形状を作成する
2025-10-12 14:42:11,303 - api_entries_etl - DEBUG -   pseudo_code: CreateBoundingBox(FeatureName, TargetSolid, OperationType, Bodies, bOptimalBox, ReferMethod, bUpdate)
2025-10-12 14:42:11,303 - api_entries_etl - DEBUG -   text: 指定したソリッド要素に境界ボックス形状を作成する

〇指定したソリッド要素に境界ボックス形状を作成する
  返り値:作成された境界ボックス形状フィーチャーのID
CreateBoundingBox(
    FeatureName, ...
2025-10-12 14:42:11,303 - api_entries_etl - DEBUG -   raw_json: {"category":"Partオブジェクト","entry_type":"function","name":"CreateBoundingBox","description":"指定したソリッド要素に境界ボックス形状を作成する",...
2025-10-12 14:42:11,303 - api_entries_etl - DEBUG -   position: 55
2025-10-12 14:42:11,303 - api_entries_etl - DEBUG - [Relation #1048] Created HAS_ENTRY: api_entries::collection -> api_entry::CreateBoundingBox
2025-10-12 14:42:11,303 - api_entries_etl - DEBUG - [Node #856] Created Category: category::Partオブジェクト
2025-10-12 14:42:11,303 - api_entries_etl - DEBUG -   name: Partオブジェクト
2025-10-12 14:42:11,303 - api_entries_etl - DEBUG - [Relation #1049] Created IN_CATEGORY: api_entry::CreateBoundingBox -> category::Partオブジェクト
2025-10-12 14:42:11,303 - api_entries_etl - DEBUG - [Node #857] Created EntryType: entry_type::function
2025-10-12 14:42:11,303 - api_entries_etl - DEBUG -   name: function
2025-10-12 14:42:11,303 - api_entries_etl - DEBUG - [Relation #1050] Created HAS_ENTRY_TYPE: api_entry::CreateBoundingBox -> entry_type::function
2025-10-12 14:42:11,303 - api_entries_etl - DEBUG - [Node #858] Created Parameter: param::CreateBoundingBox::FeatureName
2025-10-12 14:42:11,303 - api_entries_etl - DEBUG -   name: FeatureName
2025-10-12 14:42:11,303 - api_entries_etl - DEBUG -   param_type: 文字列
2025-10-12 14:42:11,303 - api_entries_etl - DEBUG -   position: 0
2025-10-12 14:42:11,303 - api_entries_etl - DEBUG -   description: 作成する境界ボックスフィーチャー要素名称（空文字可）
2025-10-12 14:42:11,320 - api_entries_etl - DEBUG -   raw_json: {"name":"FeatureName","type":"文字列","description":"作成する境界ボックスフィーチャー要素名称（空文字可）","position":0}
2025-10-12 14:42:11,320 - api_entries_etl - DEBUG - [Relation #1051] Created HAS_PARAMETER: api_entry::CreateBoundingBox -> param::CreateBoundingBox::FeatureName
2025-10-12 14:42:11,320 - api_entries_etl - DEBUG - [Node #859] Created Parameter: param::CreateBoundingBox::TargetSolid
2025-10-12 14:42:11,320 - api_entries_etl - DEBUG -   name: TargetSolid
2025-10-12 14:42:11,320 - api_entries_etl - DEBUG -   param_type: 要素
2025-10-12 14:42:11,320 - api_entries_etl - DEBUG -   position: 1
2025-10-12 14:42:11,320 - api_entries_etl - DEBUG -   description: 境界ボックスフィーチャーを作成する対象のソリッドを指定
2025-10-12 14:42:11,320 - api_entries_etl - DEBUG -   raw_json: {"name":"TargetSolid","type":"要素","description":"境界ボックスフィーチャーを作成する対象のソリッドを指定","position":1}
2025-10-12 14:42:11,320 - api_entries_etl - DEBUG - [Relation #1052] Created HAS_PARAMETER: api_entry::CreateBoundingBox -> param::CreateBoundingBox::TargetSolid
2025-10-12 14:42:11,320 - api_entries_etl - DEBUG - [Node #860] Created Parameter: param::CreateBoundingBox::OperationType
2025-10-12 14:42:11,320 - api_entries_etl - DEBUG -   name: OperationType
2025-10-12 14:42:11,320 - api_entries_etl - DEBUG -   param_type: オペレーションタイプ
2025-10-12 14:42:11,320 - api_entries_etl - DEBUG -   position: 2
2025-10-12 14:42:11,320 - api_entries_etl - DEBUG -   description: ソリッドオペレーションのタイプを指定する
2025-10-12 14:42:11,320 - api_entries_etl - DEBUG -   raw_json: {"name":"OperationType","type":"オペレーションタイプ","description":"ソリッドオペレーションのタイプを指定する","position":2}
2025-10-12 14:42:11,320 - api_entries_etl - DEBUG - [Relation #1053] Created HAS_PARAMETER: api_entry::CreateBoundingBox -> param::CreateBoundingBox::OperationType
2025-10-12 14:42:11,320 - api_entries_etl - DEBUG - [Node #861] Created Parameter: param::CreateBoundingBox::Bodies
2025-10-12 14:42:11,320 - api_entries_etl - DEBUG -   name: Bodies
2025-10-12 14:42:11,320 - api_entries_etl - DEBUG -   param_type: 要素(配列)
2025-10-12 14:42:11,320 - api_entries_etl - DEBUG -   position: 3
2025-10-12 14:42:11,320 - api_entries_etl - DEBUG -   description: 境界ボックスを計算するソリッド、シート要素
2025-10-12 14:42:11,320 - api_entries_etl - DEBUG -   raw_json: {"name":"Bodies","type":"要素(配列)","description":"境界ボックスを計算するソリッド、シート要素","position":3}
2025-10-12 14:42:11,320 - api_entries_etl - DEBUG - [Relation #1054] Created HAS_PARAMETER: api_entry::CreateBoundingBox -> param::CreateBoundingBox::Bodies
2025-10-12 14:42:11,320 - api_entries_etl - DEBUG - [Node #862] Created Parameter: param::CreateBoundingBox::bOptimalBox
2025-10-12 14:42:11,320 - api_entries_etl - DEBUG -   name: bOptimalBox
2025-10-12 14:42:11,320 - api_entries_etl - DEBUG -   param_type: bool
2025-10-12 14:42:11,320 - api_entries_etl - DEBUG -   position: 4
2025-10-12 14:42:11,320 - api_entries_etl - DEBUG -   description: Trueを指定するとボックスを計算する座標系を最適なものにする。（そうでない場合は絶対座標系で計算する）
2025-10-12 14:42:11,320 - api_entries_etl - DEBUG -   raw_json: {"name":"bOptimalBox","type":"bool","description":"Trueを指定するとボックスを計算する座標系を最適なものにする。（そうでない場合は絶対座標系で計算する）","position":4}
2025-10-12 14:42:11,320 - api_entries_etl - DEBUG - [Relation #1055] Created HAS_PARAMETER: api_entry::CreateBoundingBox -> param::CreateBoundingBox::bOptimalBox
2025-10-12 14:42:11,320 - api_entries_etl - DEBUG - [Node #863] Created Parameter: param::CreateBoundingBox::ReferMethod
2025-10-12 14:42:11,320 - api_entries_etl - DEBUG -   name: ReferMethod
2025-10-12 14:42:11,320 - api_entries_etl - DEBUG -   param_type: 関連設定
2025-10-12 14:42:11,320 - api_entries_etl - DEBUG -   position: 5
2025-10-12 14:42:11,320 - api_entries_etl - DEBUG -   description: 要素の関連づけ方法の指定
2025-10-12 14:42:11,320 - api_entries_etl - DEBUG -   raw_json: {"name":"ReferMethod","type":"関連設定","description":"要素の関連づけ方法の指定","position":5}
2025-10-12 14:42:11,320 - api_entries_etl - DEBUG - [Relation #1056] Created HAS_PARAMETER: api_entry::CreateBoundingBox -> param::CreateBoundingBox::ReferMethod
2025-10-12 14:42:11,320 - api_entries_etl - DEBUG - [Node #864] Created Parameter: param::CreateBoundingBox::bUpdate
2025-10-12 14:42:11,320 - api_entries_etl - DEBUG -   name: bUpdate
2025-10-12 14:42:11,320 - api_entries_etl - DEBUG -   param_type: bool
2025-10-12 14:42:11,320 - api_entries_etl - DEBUG -   position: 6
2025-10-12 14:42:11,320 - api_entries_etl - DEBUG -   description: 更新フラグ（未実装、使用しない）
2025-10-12 14:42:11,320 - api_entries_etl - DEBUG -   raw_json: {"name":"bUpdate","type":"bool","description":"更新フラグ（未実装、使用しない）","position":6}
2025-10-12 14:42:11,320 - api_entries_etl - DEBUG - [Relation #1057] Created HAS_PARAMETER: api_entry::CreateBoundingBox -> param::CreateBoundingBox::bUpdate
2025-10-12 14:42:11,320 - api_entries_etl - DEBUG - [Node #865] Created ReturnValue: return::CreateBoundingBox
2025-10-12 14:42:11,320 - api_entries_etl - DEBUG -   return_type: ID
2025-10-12 14:42:11,320 - api_entries_etl - DEBUG -   description: 作成された境界ボックス形状フィーチャーのID
2025-10-12 14:42:11,320 - api_entries_etl - DEBUG -   raw_json: {"type":"ID","description":"作成された境界ボックス形状フィーチャーのID"}
2025-10-12 14:42:11,320 - api_entries_etl - DEBUG - [Relation #1058] Created HAS_RETURN: api_entry::CreateBoundingBox -> return::CreateBoundingBox
2025-10-12 14:42:11,320 - api_entries_etl - DEBUG - [Node #866] Created PseudoCode: pseudo_code::CreateBoundingBox
2025-10-12 14:42:11,320 - api_entries_etl - DEBUG -   code: CreateBoundingBox(FeatureName, TargetSolid, OperationType, Bodies, bOptimalBox, ReferMethod, bUpdate)
2025-10-12 14:42:11,320 - api_entries_etl - DEBUG -   callee: CreateBoundingBox
2025-10-12 14:42:11,320 - api_entries_etl - DEBUG -   argument_count: 7
2025-10-12 14:42:11,320 - api_entries_etl - DEBUG -   arguments_json: ["FeatureName","TargetSolid","OperationType","Bodies","bOptimalBox","ReferMethod","bUpdate"]
2025-10-12 14:42:11,320 - api_entries_etl - DEBUG - [Relation #1059] Created HAS_PSEUDO_CODE: api_entry::CreateBoundingBox -> pseudo_code::CreateBoundingBox
2025-10-12 14:42:11,320 - api_entries_etl - DEBUG - [Node #867] Created PseudoCodeArgument: pseudo_code::CreateBoundingBox::arg::0
2025-10-12 14:42:11,320 - api_entries_etl - DEBUG -   text: FeatureName
2025-10-12 14:42:11,320 - api_entries_etl - DEBUG -   position: 0
2025-10-12 14:42:11,320 - api_entries_etl - DEBUG -   normalized_text: featurename
2025-10-12 14:42:11,320 - api_entries_etl - DEBUG - [Relation #1060] Created HAS_ARGUMENT: pseudo_code::CreateBoundingBox -> pseudo_code::CreateBoundingBox::arg::0
2025-10-12 14:42:11,320 - api_entries_etl - DEBUG - [Relation #1061] Created ARGUMENT_MATCHES_PARAMETER: pseudo_code::CreateBoundingBox::arg::0 -> param::CreateBoundingBox::FeatureName
2025-10-12 14:42:11,320 - api_entries_etl - DEBUG - [Node #868] Created PseudoCodeArgument: pseudo_code::CreateBoundingBox::arg::1
2025-10-12 14:42:11,320 - api_entries_etl - DEBUG -   text: TargetSolid
2025-10-12 14:42:11,320 - api_entries_etl - DEBUG -   position: 1
2025-10-12 14:42:11,320 - api_entries_etl - DEBUG -   normalized_text: targetsolid
2025-10-12 14:42:11,320 - api_entries_etl - DEBUG - [Relation #1062] Created HAS_ARGUMENT: pseudo_code::CreateBoundingBox -> pseudo_code::CreateBoundingBox::arg::1
2025-10-12 14:42:11,320 - api_entries_etl - DEBUG - [Relation #1063] Created ARGUMENT_MATCHES_PARAMETER: pseudo_code::CreateBoundingBox::arg::1 -> param::CreateBoundingBox::TargetSolid
2025-10-12 14:42:11,320 - api_entries_etl - DEBUG - [Node #869] Created PseudoCodeArgument: pseudo_code::CreateBoundingBox::arg::2
2025-10-12 14:42:11,320 - api_entries_etl - DEBUG -   text: OperationType
2025-10-12 14:42:11,320 - api_entries_etl - DEBUG -   position: 2
2025-10-12 14:42:11,320 - api_entries_etl - DEBUG -   normalized_text: operationtype
2025-10-12 14:42:11,320 - api_entries_etl - DEBUG - [Relation #1064] Created HAS_ARGUMENT: pseudo_code::CreateBoundingBox -> pseudo_code::CreateBoundingBox::arg::2
2025-10-12 14:42:11,320 - api_entries_etl - DEBUG - [Relation #1065] Created ARGUMENT_MATCHES_PARAMETER: pseudo_code::CreateBoundingBox::arg::2 -> param::CreateBoundingBox::OperationType
2025-10-12 14:42:11,320 - api_entries_etl - DEBUG - [Node #870] Created PseudoCodeArgument: pseudo_code::CreateBoundingBox::arg::3
2025-10-12 14:42:11,320 - api_entries_etl - DEBUG -   text: Bodies
2025-10-12 14:42:11,320 - api_entries_etl - DEBUG -   position: 3
2025-10-12 14:42:11,320 - api_entries_etl - DEBUG -   normalized_text: bodies
2025-10-12 14:42:11,320 - api_entries_etl - DEBUG - [Relation #1066] Created HAS_ARGUMENT: pseudo_code::CreateBoundingBox -> pseudo_code::CreateBoundingBox::arg::3
2025-10-12 14:42:11,320 - api_entries_etl - DEBUG - [Relation #1067] Created ARGUMENT_MATCHES_PARAMETER: pseudo_code::CreateBoundingBox::arg::3 -> param::CreateBoundingBox::Bodies
2025-10-12 14:42:11,332 - api_entries_etl - DEBUG - [Node #871] Created PseudoCodeArgument: pseudo_code::CreateBoundingBox::arg::4
2025-10-12 14:42:11,332 - api_entries_etl - DEBUG -   text: bOptimalBox
2025-10-12 14:42:11,332 - api_entries_etl - DEBUG -   position: 4
2025-10-12 14:42:11,332 - api_entries_etl - DEBUG -   normalized_text: boptimalbox
2025-10-12 14:42:11,332 - api_entries_etl - DEBUG - [Relation #1068] Created HAS_ARGUMENT: pseudo_code::CreateBoundingBox -> pseudo_code::CreateBoundingBox::arg::4
2025-10-12 14:42:11,332 - api_entries_etl - DEBUG - [Relation #1069] Created ARGUMENT_MATCHES_PARAMETER: pseudo_code::CreateBoundingBox::arg::4 -> param::CreateBoundingBox::bOptimalBox
2025-10-12 14:42:11,332 - api_entries_etl - DEBUG - [Node #872] Created PseudoCodeArgument: pseudo_code::CreateBoundingBox::arg::5
2025-10-12 14:42:11,332 - api_entries_etl - DEBUG -   text: ReferMethod
2025-10-12 14:42:11,332 - api_entries_etl - DEBUG -   position: 5
2025-10-12 14:42:11,332 - api_entries_etl - DEBUG -   normalized_text: refermethod
2025-10-12 14:42:11,332 - api_entries_etl - DEBUG - [Relation #1070] Created HAS_ARGUMENT: pseudo_code::CreateBoundingBox -> pseudo_code::CreateBoundingBox::arg::5
2025-10-12 14:42:11,332 - api_entries_etl - DEBUG - [Relation #1071] Created ARGUMENT_MATCHES_PARAMETER: pseudo_code::CreateBoundingBox::arg::5 -> param::CreateBoundingBox::ReferMethod
2025-10-12 14:42:11,332 - api_entries_etl - DEBUG - [Node #873] Created PseudoCodeArgument: pseudo_code::CreateBoundingBox::arg::6
2025-10-12 14:42:11,332 - api_entries_etl - DEBUG -   text: bUpdate
2025-10-12 14:42:11,332 - api_entries_etl - DEBUG -   position: 6
2025-10-12 14:42:11,332 - api_entries_etl - DEBUG -   normalized_text: bupdate
2025-10-12 14:42:11,332 - api_entries_etl - DEBUG - [Relation #1072] Created HAS_ARGUMENT: pseudo_code::CreateBoundingBox -> pseudo_code::CreateBoundingBox::arg::6
2025-10-12 14:42:11,332 - api_entries_etl - DEBUG - [Relation #1073] Created ARGUMENT_MATCHES_PARAMETER: pseudo_code::CreateBoundingBox::arg::6 -> param::CreateBoundingBox::bUpdate
2025-10-12 14:42:11,332 - api_entries_etl - DEBUG - [Node #874] Created Source: source::CreateBoundingBox::inline
2025-10-12 14:42:11,332 - api_entries_etl - DEBUG -   text: 〇指定したソリッド要素に境界ボックス形状を作成する
  返り値:作成された境界ボックス形状フィーチャーのID
CreateBoundingBox(
    FeatureName, // 文字列：作成する境界ボックスフィーチャー要素名...
2025-10-12 14:42:11,332 - api_entries_etl - DEBUG - [Relation #1074] Created CITED_FROM: api_entry::CreateBoundingBox -> source::CreateBoundingBox::inline
2025-10-12 14:42:11,332 - api_entries_etl - DEBUG - Processing API entry #57: SetElementColor
2025-10-12 14:42:11,332 - api_entries_etl - DEBUG - [Node #875] Created APIEntry: api_entry::SetElementColor
2025-10-12 14:42:11,332 - api_entries_etl - DEBUG -   name: SetElementColor
2025-10-12 14:42:11,332 - api_entries_etl - DEBUG -   category: Partオブジェクト
2025-10-12 14:42:11,332 - api_entries_etl - DEBUG -   entry_type: function
2025-10-12 14:42:11,335 - api_entries_etl - DEBUG -   description: 指定要素の色を設定する
2025-10-12 14:42:11,335 - api_entries_etl - DEBUG -   pseudo_code: SetElementColor(Element, RValue, GValue, BValue, Transparency)
2025-10-12 14:42:11,335 - api_entries_etl - DEBUG -   text: 指定要素の色を設定する

〇指定要素の色を設定する
  SetElementColor(
     Element  // 要素：色を設定する要素
     RValue,  // 整数: 赤色の値(0-255)
     GValu...
2025-10-12 14:42:11,335 - api_entries_etl - DEBUG -   raw_json: {"category":"Partオブジェクト","entry_type":"function","name":"SetElementColor","description":"指定要素の色を設定する","pseudo_code":"...
2025-10-12 14:42:11,335 - api_entries_etl - DEBUG -   position: 56
2025-10-12 14:42:11,335 - api_entries_etl - DEBUG - [Relation #1075] Created HAS_ENTRY: api_entries::collection -> api_entry::SetElementColor
2025-10-12 14:42:11,335 - api_entries_etl - DEBUG - [Node #876] Created Category: category::Partオブジェクト
2025-10-12 14:42:11,335 - api_entries_etl - DEBUG -   name: Partオブジェクト
2025-10-12 14:42:11,335 - api_entries_etl - DEBUG - [Relation #1076] Created IN_CATEGORY: api_entry::SetElementColor -> category::Partオブジェクト
2025-10-12 14:42:11,335 - api_entries_etl - DEBUG - [Node #877] Created EntryType: entry_type::function
2025-10-12 14:42:11,335 - api_entries_etl - DEBUG -   name: function
2025-10-12 14:42:11,335 - api_entries_etl - DEBUG - [Relation #1077] Created HAS_ENTRY_TYPE: api_entry::SetElementColor -> entry_type::function
2025-10-12 14:42:11,335 - api_entries_etl - DEBUG - [Node #878] Created Parameter: param::SetElementColor::Element
2025-10-12 14:42:11,335 - api_entries_etl - DEBUG -   name: Element
2025-10-12 14:42:11,335 - api_entries_etl - DEBUG -   param_type: 要素
2025-10-12 14:42:11,335 - api_entries_etl - DEBUG -   position: 0
2025-10-12 14:42:11,335 - api_entries_etl - DEBUG -   description: 色を設定する要素。
2025-10-12 14:42:11,335 - api_entries_etl - DEBUG -   raw_json: {"name":"Element","type":"要素","description":"色を設定する要素。","position":0}
2025-10-12 14:42:11,335 - api_entries_etl - DEBUG - [Relation #1078] Created HAS_PARAMETER: api_entry::SetElementColor -> param::SetElementColor::Element
2025-10-12 14:42:11,335 - api_entries_etl - DEBUG - [Node #879] Created Parameter: param::SetElementColor::RValue
2025-10-12 14:42:11,335 - api_entries_etl - DEBUG -   name: RValue
2025-10-12 14:42:11,335 - api_entries_etl - DEBUG -   param_type: 整数
2025-10-12 14:42:11,335 - api_entries_etl - DEBUG -   position: 1
2025-10-12 14:42:11,335 - api_entries_etl - DEBUG -   description: 赤色の値(0-255)
2025-10-12 14:42:11,335 - api_entries_etl - DEBUG -   raw_json: {"name":"RValue","type":"整数","description":"赤色の値(0-255)","position":1}
2025-10-12 14:42:11,335 - api_entries_etl - DEBUG - [Relation #1079] Created HAS_PARAMETER: api_entry::SetElementColor -> param::SetElementColor::RValue
2025-10-12 14:42:11,335 - api_entries_etl - DEBUG - [Node #880] Created Parameter: param::SetElementColor::GValue
2025-10-12 14:42:11,335 - api_entries_etl - DEBUG -   name: GValue
2025-10-12 14:42:11,335 - api_entries_etl - DEBUG -   param_type: 整数
2025-10-12 14:42:11,335 - api_entries_etl - DEBUG -   position: 2
2025-10-12 14:42:11,335 - api_entries_etl - DEBUG -   description: 緑色の値(0-255)
2025-10-12 14:42:11,335 - api_entries_etl - DEBUG -   raw_json: {"name":"GValue","type":"整数","description":"緑色の値(0-255)","position":2}
2025-10-12 14:42:11,335 - api_entries_etl - DEBUG - [Relation #1080] Created HAS_PARAMETER: api_entry::SetElementColor -> param::SetElementColor::GValue
2025-10-12 14:42:11,335 - api_entries_etl - DEBUG - [Node #881] Created Parameter: param::SetElementColor::BValue
2025-10-12 14:42:11,335 - api_entries_etl - DEBUG -   name: BValue
2025-10-12 14:42:11,335 - api_entries_etl - DEBUG -   param_type: 整数
2025-10-12 14:42:11,335 - api_entries_etl - DEBUG -   position: 3
2025-10-12 14:42:11,335 - api_entries_etl - DEBUG -   description: 青色の値(0-255)
2025-10-12 14:42:11,335 - api_entries_etl - DEBUG -   raw_json: {"name":"BValue","type":"整数","description":"青色の値(0-255)","position":3}
2025-10-12 14:42:11,335 - api_entries_etl - DEBUG - [Relation #1081] Created HAS_PARAMETER: api_entry::SetElementColor -> param::SetElementColor::BValue
2025-10-12 14:42:11,335 - api_entries_etl - DEBUG - [Node #882] Created Parameter: param::SetElementColor::Transparency
2025-10-12 14:42:11,335 - api_entries_etl - DEBUG -   name: Transparency
2025-10-12 14:42:11,335 - api_entries_etl - DEBUG -   param_type: 浮動小数点
2025-10-12 14:42:11,335 - api_entries_etl - DEBUG -   position: 4
2025-10-12 14:42:11,335 - api_entries_etl - DEBUG -   description: 透明度の指定。0.0＝不透明、1.0＝完全透明（範囲:0.0〜1.0）。
2025-10-12 14:42:11,335 - api_entries_etl - DEBUG -   raw_json: {"name":"Transparency","type":"浮動小数点","description":"透明度の指定。0.0＝不透明、1.0＝完全透明（範囲:0.0〜1.0）。","position":4}
2025-10-12 14:42:11,335 - api_entries_etl - DEBUG - [Relation #1082] Created HAS_PARAMETER: api_entry::SetElementColor -> param::SetElementColor::Transparency
2025-10-12 14:42:11,335 - api_entries_etl - DEBUG - [Node #883] Created ReturnValue: return::SetElementColor
2025-10-12 14:42:11,335 - api_entries_etl - DEBUG -   return_type: void
2025-10-12 14:42:11,335 - api_entries_etl - DEBUG -   description: なし
2025-10-12 14:42:11,335 - api_entries_etl - DEBUG -   raw_json: {"type":"void","description":"なし"}
2025-10-12 14:42:11,335 - api_entries_etl - DEBUG - [Relation #1083] Created HAS_RETURN: api_entry::SetElementColor -> return::SetElementColor
2025-10-12 14:42:11,335 - api_entries_etl - DEBUG - [Node #884] Created PseudoCode: pseudo_code::SetElementColor
2025-10-12 14:42:11,335 - api_entries_etl - DEBUG -   code: SetElementColor(Element, RValue, GValue, BValue, Transparency)
2025-10-12 14:42:11,335 - api_entries_etl - DEBUG -   callee: SetElementColor
2025-10-12 14:42:11,335 - api_entries_etl - DEBUG -   argument_count: 5
2025-10-12 14:42:11,335 - api_entries_etl - DEBUG -   arguments_json: ["Element","RValue","GValue","BValue","Transparency"]
2025-10-12 14:42:11,335 - api_entries_etl - DEBUG - [Relation #1084] Created HAS_PSEUDO_CODE: api_entry::SetElementColor -> pseudo_code::SetElementColor
2025-10-12 14:42:11,335 - api_entries_etl - DEBUG - [Node #885] Created PseudoCodeArgument: pseudo_code::SetElementColor::arg::0
2025-10-12 14:42:11,335 - api_entries_etl - DEBUG -   text: Element
2025-10-12 14:42:11,335 - api_entries_etl - DEBUG -   position: 0
2025-10-12 14:42:11,335 - api_entries_etl - DEBUG -   normalized_text: element
2025-10-12 14:42:11,335 - api_entries_etl - DEBUG - [Relation #1085] Created HAS_ARGUMENT: pseudo_code::SetElementColor -> pseudo_code::SetElementColor::arg::0
2025-10-12 14:42:11,335 - api_entries_etl - DEBUG - [Relation #1086] Created ARGUMENT_MATCHES_PARAMETER: pseudo_code::SetElementColor::arg::0 -> param::SetElementColor::Element
2025-10-12 14:42:11,335 - api_entries_etl - DEBUG - [Node #886] Created PseudoCodeArgument: pseudo_code::SetElementColor::arg::1
2025-10-12 14:42:11,335 - api_entries_etl - DEBUG -   text: RValue
2025-10-12 14:42:11,335 - api_entries_etl - DEBUG -   position: 1
2025-10-12 14:42:11,345 - api_entries_etl - DEBUG -   normalized_text: rvalue
2025-10-12 14:42:11,345 - api_entries_etl - DEBUG - [Relation #1087] Created HAS_ARGUMENT: pseudo_code::SetElementColor -> pseudo_code::SetElementColor::arg::1
2025-10-12 14:42:11,345 - api_entries_etl - DEBUG - [Relation #1088] Created ARGUMENT_MATCHES_PARAMETER: pseudo_code::SetElementColor::arg::1 -> param::SetElementColor::RValue
2025-10-12 14:42:11,345 - api_entries_etl - DEBUG - [Node #887] Created PseudoCodeArgument: pseudo_code::SetElementColor::arg::2
2025-10-12 14:42:11,345 - api_entries_etl - DEBUG -   text: GValue
2025-10-12 14:42:11,345 - api_entries_etl - DEBUG -   position: 2
2025-10-12 14:42:11,345 - api_entries_etl - DEBUG -   normalized_text: gvalue
2025-10-12 14:42:11,348 - api_entries_etl - DEBUG - [Relation #1089] Created HAS_ARGUMENT: pseudo_code::SetElementColor -> pseudo_code::SetElementColor::arg::2
2025-10-12 14:42:11,349 - api_entries_etl - DEBUG - [Relation #1090] Created ARGUMENT_MATCHES_PARAMETER: pseudo_code::SetElementColor::arg::2 -> param::SetElementColor::GValue
2025-10-12 14:42:11,349 - api_entries_etl - DEBUG - [Node #888] Created PseudoCodeArgument: pseudo_code::SetElementColor::arg::3
2025-10-12 14:42:11,349 - api_entries_etl - DEBUG -   text: BValue
2025-10-12 14:42:11,349 - api_entries_etl - DEBUG -   position: 3
2025-10-12 14:42:11,349 - api_entries_etl - DEBUG -   normalized_text: bvalue
2025-10-12 14:42:11,349 - api_entries_etl - DEBUG - [Relation #1091] Created HAS_ARGUMENT: pseudo_code::SetElementColor -> pseudo_code::SetElementColor::arg::3
2025-10-12 14:42:11,349 - api_entries_etl - DEBUG - [Relation #1092] Created ARGUMENT_MATCHES_PARAMETER: pseudo_code::SetElementColor::arg::3 -> param::SetElementColor::BValue
2025-10-12 14:42:11,349 - api_entries_etl - DEBUG - [Node #889] Created PseudoCodeArgument: pseudo_code::SetElementColor::arg::4
2025-10-12 14:42:11,349 - api_entries_etl - DEBUG -   text: Transparency
2025-10-12 14:42:11,349 - api_entries_etl - DEBUG -   position: 4
2025-10-12 14:42:11,349 - api_entries_etl - DEBUG -   normalized_text: transparency
2025-10-12 14:42:11,349 - api_entries_etl - DEBUG - [Relation #1093] Created HAS_ARGUMENT: pseudo_code::SetElementColor -> pseudo_code::SetElementColor::arg::4
2025-10-12 14:42:11,349 - api_entries_etl - DEBUG - [Relation #1094] Created ARGUMENT_MATCHES_PARAMETER: pseudo_code::SetElementColor::arg::4 -> param::SetElementColor::Transparency
2025-10-12 14:42:11,349 - api_entries_etl - DEBUG - [Node #890] Created Source: source::SetElementColor::inline
2025-10-12 14:42:11,349 - api_entries_etl - DEBUG -   text: 〇指定要素の色を設定する
  SetElementColor(
     Element  // 要素：色を設定する要素
     RValue,  // 整数: 赤色の値(0-255)
     GValue,  // 整数: 緑色...
2025-10-12 14:42:11,349 - api_entries_etl - DEBUG - [Relation #1095] Created CITED_FROM: api_entry::SetElementColor -> source::SetElementColor::inline
2025-10-12 14:42:11,349 - api_entries_etl - DEBUG - Processing API entry #58: CreateSweepParam
2025-10-12 14:42:11,349 - api_entries_etl - DEBUG - [Node #891] Created APIEntry: api_entry::CreateSweepParam
2025-10-12 14:42:11,349 - api_entries_etl - DEBUG -   name: CreateSweepParam
2025-10-12 14:42:11,349 - api_entries_etl - DEBUG -   category: Partオブジェクト
2025-10-12 14:42:11,349 - api_entries_etl - DEBUG -   entry_type: function
2025-10-12 14:42:11,349 - api_entries_etl - DEBUG -   description: スイープパラメータオブジェクトの作成
2025-10-12 14:42:11,349 - api_entries_etl - DEBUG -   pseudo_code: CreateSweepParam()
2025-10-12 14:42:11,349 - api_entries_etl - DEBUG -   text: スイープパラメータオブジェクトの作成

〇スイープパラメータオブジェクトの作成
 返り値:スイープパラメータオブジェクト
CreateSweepParam()
2025-10-12 14:42:11,349 - api_entries_etl - DEBUG -   raw_json: {"category":"Partオブジェクト","entry_type":"function","name":"CreateSweepParam","description":"スイープパラメータオブジェクトの作成","pseudo...
2025-10-12 14:42:11,349 - api_entries_etl - DEBUG -   position: 57
2025-10-12 14:42:11,349 - api_entries_etl - DEBUG - [Relation #1096] Created HAS_ENTRY: api_entries::collection -> api_entry::CreateSweepParam
2025-10-12 14:42:11,349 - api_entries_etl - DEBUG - [Node #892] Created Category: category::Partオブジェクト
2025-10-12 14:42:11,349 - api_entries_etl - DEBUG -   name: Partオブジェクト
2025-10-12 14:42:11,349 - api_entries_etl - DEBUG - [Relation #1097] Created IN_CATEGORY: api_entry::CreateSweepParam -> category::Partオブジェクト
2025-10-12 14:42:11,349 - api_entries_etl - DEBUG - [Node #893] Created EntryType: entry_type::function
2025-10-12 14:42:11,349 - api_entries_etl - DEBUG -   name: function
2025-10-12 14:42:11,349 - api_entries_etl - DEBUG - [Relation #1098] Created HAS_ENTRY_TYPE: api_entry::CreateSweepParam -> entry_type::function
2025-10-12 14:42:11,349 - api_entries_etl - DEBUG - [Node #894] Created ReturnValue: return::CreateSweepParam
2025-10-12 14:42:11,349 - api_entries_etl - DEBUG -   return_type: スイープパラメータオブジェクト
2025-10-12 14:42:11,349 - api_entries_etl - DEBUG -   description: スイープパラメータオブジェクト
2025-10-12 14:42:11,349 - api_entries_etl - DEBUG -   raw_json: {"type":"スイープパラメータオブジェクト","description":"スイープパラメータオブジェクト"}
2025-10-12 14:42:11,349 - api_entries_etl - DEBUG - [Relation #1099] Created HAS_RETURN: api_entry::CreateSweepParam -> return::CreateSweepParam
2025-10-12 14:42:11,349 - api_entries_etl - DEBUG - [Relation #1100] Created RETURNS_ENTRY: return::CreateSweepParam -> api_entry::スイープパラメータオブジェクト
2025-10-12 14:42:11,349 - api_entries_etl - WARNING - Destination node 'api_entry::スイープパラメータオブジェクト' not found when creating relation
2025-10-12 14:42:11,349 - api_entries_etl - DEBUG - [Node #895] Created PseudoCode: pseudo_code::CreateSweepParam
2025-10-12 14:42:11,349 - api_entries_etl - DEBUG -   code: CreateSweepParam()
2025-10-12 14:42:11,349 - api_entries_etl - DEBUG -   callee: CreateSweepParam
2025-10-12 14:42:11,349 - api_entries_etl - DEBUG -   argument_count: 0
2025-10-12 14:42:11,349 - api_entries_etl - DEBUG - [Relation #1101] Created HAS_PSEUDO_CODE: api_entry::CreateSweepParam -> pseudo_code::CreateSweepParam
2025-10-12 14:42:11,349 - api_entries_etl - DEBUG - [Node #896] Created Source: source::CreateSweepParam::inline
2025-10-12 14:42:11,349 - api_entries_etl - DEBUG -   text: 〇スイープパラメータオブジェクトの作成
 返り値:スイープパラメータオブジェクト
CreateSweepParam()
2025-10-12 14:42:11,349 - api_entries_etl - DEBUG - [Relation #1102] Created CITED_FROM: api_entry::CreateSweepParam -> source::CreateSweepParam::inline
2025-10-12 14:42:11,349 - api_entries_etl - DEBUG - Processing API entry #59: スイープパラメータオブジェクト
2025-10-12 14:42:11,349 - api_entries_etl - DEBUG - [Node #897] Created APIEntry: api_entry::スイープパラメータオブジェクト
2025-10-12 14:42:11,349 - api_entries_etl - DEBUG -   name: スイープパラメータオブジェクト
2025-10-12 14:42:11,349 - api_entries_etl - DEBUG -   category: スイープパラメータオブジェクト
2025-10-12 14:42:11,349 - api_entries_etl - DEBUG -   entry_type: object
2025-10-12 14:42:11,361 - api_entries_etl - DEBUG -   description: スイープ操作の設定パラメータを格納するオブジェクト
2025-10-12 14:42:11,363 - api_entries_etl - DEBUG -   text: スイープ操作の設定パラメータを格納するオブジェクト

〇スイープパラメータオブジェクト
   属性
   NAME   // 文字列：要素名（空文字可）
   ElementGroup, // 要素グループ：作成するシート要素を要素グ...
2025-10-12 14:42:11,363 - api_entries_etl - DEBUG -   raw_json: {"category":"スイープパラメータオブジェクト","entry_type":"object","name":"スイープパラメータオブジェクト","description":"スイープ操作の設定パラメータを格納するオブジェクト...
2025-10-12 14:42:11,363 - api_entries_etl - DEBUG -   position: 58
2025-10-12 14:42:11,365 - api_entries_etl - DEBUG - [Relation #1103] Created HAS_ENTRY: api_entries::collection -> api_entry::スイープパラメータオブジェクト
2025-10-12 14:42:11,365 - api_entries_etl - DEBUG - [Node #898] Created Category: category::スイープパラメータオブジェクト
2025-10-12 14:42:11,365 - api_entries_etl - DEBUG -   name: スイープパラメータオブジェクト
2025-10-12 14:42:11,365 - api_entries_etl - DEBUG - [Relation #1104] Created IN_CATEGORY: api_entry::スイープパラメータオブジェクト -> category::スイープパラメータオブジェクト
2025-10-12 14:42:11,365 - api_entries_etl - DEBUG - [Node #899] Created EntryType: entry_type::object
2025-10-12 14:42:11,366 - api_entries_etl - DEBUG -   name: object
2025-10-12 14:42:11,366 - api_entries_etl - DEBUG - [Relation #1105] Created HAS_ENTRY_TYPE: api_entry::スイープパラメータオブジェクト -> entry_type::object
2025-10-12 14:42:11,366 - api_entries_etl - DEBUG - [Node #900] Created Property: property::スイープパラメータオブジェクト::NAME
2025-10-12 14:42:11,366 - api_entries_etl - DEBUG -   name: NAME
2025-10-12 14:42:11,366 - api_entries_etl - DEBUG -   property_type: 文字列
2025-10-12 14:42:11,366 - api_entries_etl - DEBUG -   description: 要素名（空文字可）
2025-10-12 14:42:11,366 - api_entries_etl - DEBUG -   raw_json: {"name":"NAME","type":"文字列","description":"要素名（空文字可）"}
2025-10-12 14:42:11,366 - api_entries_etl - DEBUG -   position: 0
2025-10-12 14:42:11,366 - api_entries_etl - DEBUG - [Relation #1106] Created HAS_PROPERTY: api_entry::スイープパラメータオブジェクト -> property::スイープパラメータオブジェクト::NAME
2025-10-12 14:42:11,366 - api_entries_etl - DEBUG - [Node #901] Created Property: property::スイープパラメータオブジェクト::ElementGroup
2025-10-12 14:42:11,366 - api_entries_etl - DEBUG -   name: ElementGroup
2025-10-12 14:42:11,366 - api_entries_etl - DEBUG -   property_type: 要素グループ
2025-10-12 14:42:11,366 - api_entries_etl - DEBUG -   description: 作成するシート要素を要素グループに入れる場合は要素グループを指定（空文字可）
2025-10-12 14:42:11,366 - api_entries_etl - DEBUG -   raw_json: {"name":"ElementGroup","type":"要素グループ","description":"作成するシート要素を要素グループに入れる場合は要素グループを指定（空文字可）"}
2025-10-12 14:42:11,366 - api_entries_etl - DEBUG -   position: 1
2025-10-12 14:42:11,366 - api_entries_etl - DEBUG - [Relation #1107] Created HAS_PROPERTY: api_entry::スイープパラメータオブジェクト -> property::スイープパラメータオブジェクト::ElementGroup
2025-10-12 14:42:11,366 - api_entries_etl - DEBUG - [Node #902] Created Property: property::スイープパラメータオブジェクト::MaterialName
2025-10-12 14:42:11,366 - api_entries_etl - DEBUG -   name: MaterialName
2025-10-12 14:42:11,366 - api_entries_etl - DEBUG -   property_type: 材料
2025-10-12 14:42:11,366 - api_entries_etl - DEBUG -   description: 作成するシード要素の材質名称（空文字可）
2025-10-12 14:42:11,366 - api_entries_etl - DEBUG -   raw_json: {"name":"MaterialName","type":"材料","description":"作成するシード要素の材質名称（空文字可）"}
2025-10-12 14:42:11,366 - api_entries_etl - DEBUG -   position: 2
2025-10-12 14:42:11,366 - api_entries_etl - DEBUG - [Relation #1108] Created HAS_PROPERTY: api_entry::スイープパラメータオブジェクト -> property::スイープパラメータオブジェクト::MaterialName
2025-10-12 14:42:11,366 - api_entries_etl - DEBUG - [Node #903] Created Property: property::スイープパラメータオブジェクト::ReferMethod
2025-10-12 14:42:11,366 - api_entries_etl - DEBUG -   name: ReferMethod
2025-10-12 14:42:11,366 - api_entries_etl - DEBUG -   property_type: 関連設定
2025-10-12 14:42:11,366 - api_entries_etl - DEBUG -   description: 要素の関連づけ方法の指定
2025-10-12 14:42:11,366 - api_entries_etl - DEBUG -   raw_json: {"name":"ReferMethod","type":"関連設定","description":"要素の関連づけ方法の指定"}
2025-10-12 14:42:11,366 - api_entries_etl - DEBUG -   position: 3
2025-10-12 14:42:11,366 - api_entries_etl - DEBUG - [Relation #1109] Created HAS_PROPERTY: api_entry::スイープパラメータオブジェクト -> property::スイープパラメータオブジェクト::ReferMethod
2025-10-12 14:42:11,366 - api_entries_etl - DEBUG - [Node #904] Created Property: property::スイープパラメータオブジェクト::bRefByGeometricMethod
2025-10-12 14:42:11,366 - api_entries_etl - DEBUG -   name: bRefByGeometricMethod
2025-10-12 14:42:11,366 - api_entries_etl - DEBUG -   property_type: bool
2025-10-12 14:42:11,366 - api_entries_etl - DEBUG -   description: Trueの時は幾何位置にもとづいて関連を設定する
2025-10-12 14:42:11,366 - api_entries_etl - DEBUG -   raw_json: {"name":"bRefByGeometricMethod","type":"bool","description":"Trueの時は幾何位置にもとづいて関連を設定する"}
2025-10-12 14:42:11,366 - api_entries_etl - DEBUG -   position: 4
2025-10-12 14:42:11,366 - api_entries_etl - DEBUG - [Relation #1110] Created HAS_PROPERTY: api_entry::スイープパラメータオブジェクト -> property::スイープパラメータオブジェクト::bRefByGeometricMethod
2025-10-12 14:42:11,366 - api_entries_etl - DEBUG - [Node #905] Created Property: property::スイープパラメータオブジェクト::ThickenType
2025-10-12 14:42:11,366 - api_entries_etl - DEBUG -   name: ThickenType
2025-10-12 14:42:11,366 - api_entries_etl - DEBUG -   property_type: 厚み付けタイプ
2025-10-12 14:42:11,366 - api_entries_etl - DEBUG -   description: 厚み付けタイプ
2025-10-12 14:42:11,366 - api_entries_etl - DEBUG -   raw_json: {"name":"ThickenType","type":"厚み付けタイプ","description":"厚み付けタイプ"}
2025-10-12 14:42:11,366 - api_entries_etl - DEBUG -   position: 5
2025-10-12 14:42:11,366 - api_entries_etl - DEBUG - [Relation #1111] Created HAS_PROPERTY: api_entry::スイープパラメータオブジェクト -> property::スイープパラメータオブジェクト::ThickenType
2025-10-12 14:42:11,366 - api_entries_etl - DEBUG - [Node #906] Created Property: property::スイープパラメータオブジェクト::Thickeness1
2025-10-12 14:42:11,366 - api_entries_etl - DEBUG -   name: Thickeness1
2025-10-12 14:42:11,366 - api_entries_etl - DEBUG -   property_type: 長さ
2025-10-12 14:42:11,366 - api_entries_etl - DEBUG -   description: 板厚
2025-10-12 14:42:11,374 - api_entries_etl - DEBUG -   raw_json: {"name":"Thickeness1","type":"長さ","description":"板厚"}
2025-10-12 14:42:11,374 - api_entries_etl - DEBUG -   position: 6
2025-10-12 14:42:11,374 - api_entries_etl - DEBUG - [Relation #1112] Created HAS_PROPERTY: api_entry::スイープパラメータオブジェクト -> property::スイープパラメータオブジェクト::Thickeness1
2025-10-12 14:42:11,374 - api_entries_etl - DEBUG - [Node #907] Created Property: property::スイープパラメータオブジェクト::Thickeness2
2025-10-12 14:42:11,374 - api_entries_etl - DEBUG -   name: Thickeness2
2025-10-12 14:42:11,374 - api_entries_etl - DEBUG -   property_type: 長さ
2025-10-12 14:42:11,374 - api_entries_etl - DEBUG -   description: 板厚２（厚み付けタイプが２方向のときに使用）
2025-10-12 14:42:11,374 - api_entries_etl - DEBUG -   raw_json: {"name":"Thickeness2","type":"長さ","description":"板厚２（厚み付けタイプが２方向のときに使用）"}
2025-10-12 14:42:11,374 - api_entries_etl - DEBUG -   position: 7
2025-10-12 14:42:11,374 - api_entries_etl - DEBUG - [Relation #1113] Created HAS_PROPERTY: api_entry::スイープパラメータオブジェクト -> property::スイープパラメータオブジェクト::Thickeness2
2025-10-12 14:42:11,374 - api_entries_etl - DEBUG - [Node #908] Created Property: property::スイープパラメータオブジェクト::ThickenessOffset
2025-10-12 14:42:11,374 - api_entries_etl - DEBUG -   name: ThickenessOffset
2025-10-12 14:42:11,377 - api_entries_etl - DEBUG -   property_type: 長さ
2025-10-12 14:42:11,377 - api_entries_etl - DEBUG -   description: 厚みづけのオフセット距離
2025-10-12 14:42:11,377 - api_entries_etl - DEBUG -   raw_json: {"name":"ThickenessOffset","type":"長さ","description":"厚みづけのオフセット距離"}
2025-10-12 14:42:11,379 - api_entries_etl - DEBUG -   position: 8
2025-10-12 14:42:11,379 - api_entries_etl - DEBUG - [Relation #1114] Created HAS_PROPERTY: api_entry::スイープパラメータオブジェクト -> property::スイープパラメータオブジェクト::ThickenessOffset
2025-10-12 14:42:11,379 - api_entries_etl - DEBUG - [Node #909] Created Property: property::スイープパラメータオブジェクト::Profile
2025-10-12 14:42:11,379 - api_entries_etl - DEBUG -   name: Profile
2025-10-12 14:42:11,379 - api_entries_etl - DEBUG -   property_type: 要素(配列)
2025-10-12 14:42:11,379 - api_entries_etl - DEBUG -   description: スイープのプロファイル要素（スケッチ、線）
2025-10-12 14:42:11,379 - api_entries_etl - DEBUG -   raw_json: {"name":"Profile","type":"要素(配列)","description":"スイープのプロファイル要素（スケッチ、線）"}
2025-10-12 14:42:11,379 - api_entries_etl - DEBUG -   position: 9
2025-10-12 14:42:11,379 - api_entries_etl - DEBUG - [Relation #1115] Created HAS_PROPERTY: api_entry::スイープパラメータオブジェクト -> property::スイープパラメータオブジェクト::Profile
2025-10-12 14:42:11,379 - api_entries_etl - DEBUG - [Node #910] Created Property: property::スイープパラメータオブジェクト::Path
2025-10-12 14:42:11,379 - api_entries_etl - DEBUG -   name: Path
2025-10-12 14:42:11,379 - api_entries_etl - DEBUG -   property_type: 要素(配列)
2025-10-12 14:42:11,379 - api_entries_etl - DEBUG -   description: スイープのパス要素（スケッチ、線）
2025-10-12 14:42:11,383 - api_entries_etl - DEBUG -   raw_json: {"name":"Path","type":"要素(配列)","description":"スイープのパス要素（スケッチ、線）"}
2025-10-12 14:42:11,383 - api_entries_etl - DEBUG -   position: 10
2025-10-12 14:42:11,383 - api_entries_etl - DEBUG - [Relation #1116] Created HAS_PROPERTY: api_entry::スイープパラメータオブジェクト -> property::スイープパラメータオブジェクト::Path
2025-10-12 14:42:11,383 - api_entries_etl - DEBUG - [Node #911] Created Property: property::スイープパラメータオブジェクト::ProfileNormal
2025-10-12 14:42:11,383 - api_entries_etl - DEBUG -   name: ProfileNormal
2025-10-12 14:42:11,385 - api_entries_etl - DEBUG -   property_type: 方向
2025-10-12 14:42:11,385 - api_entries_etl - DEBUG -   description: プロファイルの平面法線方向。（プロファイルが３Dの直線の場合にその平面法線として指定。）
2025-10-12 14:42:11,386 - api_entries_etl - DEBUG -   raw_json: {"name":"ProfileNormal","type":"方向","description":"プロファイルの平面法線方向。（プロファイルが３Dの直線の場合にその平面法線として指定。）"}
2025-10-12 14:42:11,386 - api_entries_etl - DEBUG -   position: 11
2025-10-12 14:42:11,386 - api_entries_etl - DEBUG - [Relation #1117] Created HAS_PROPERTY: api_entry::スイープパラメータオブジェクト -> property::スイープパラメータオブジェクト::ProfileNormal
2025-10-12 14:42:11,388 - api_entries_etl - DEBUG - [Node #912] Created Property: property::スイープパラメータオブジェクト::LockDirection
2025-10-12 14:42:11,388 - api_entries_etl - DEBUG -   name: LockDirection
2025-10-12 14:42:11,388 - api_entries_etl - DEBUG -   property_type: 方向
2025-10-12 14:42:11,388 - api_entries_etl - DEBUG -   description: プロファイルをパスに沿って回転させずに固定してスイープさせる際に使用する固定方向
2025-10-12 14:42:11,388 - api_entries_etl - DEBUG -   raw_json: {"name":"LockDirection","type":"方向","description":"プロファイルをパスに沿って回転させずに固定してスイープさせる際に使用する固定方向"}
2025-10-12 14:42:11,388 - api_entries_etl - DEBUG -   position: 12
2025-10-12 14:42:11,388 - api_entries_etl - DEBUG - [Relation #1118] Created HAS_PROPERTY: api_entry::スイープパラメータオブジェクト -> property::スイープパラメータオブジェクト::LockDirection
2025-10-12 14:42:11,388 - api_entries_etl - DEBUG - [Node #913] Created Property: property::スイープパラメータオブジェクト::TwistLine
2025-10-12 14:42:11,388 - api_entries_etl - DEBUG -   name: TwistLine
2025-10-12 14:42:11,388 - api_entries_etl - DEBUG -   property_type: 要素(配列)
2025-10-12 14:42:11,392 - api_entries_etl - DEBUG -   description: ねじれを定義する直線
2025-10-12 14:42:11,392 - api_entries_etl - DEBUG -   raw_json: {"name":"TwistLine","type":"要素(配列)","description":"ねじれを定義する直線"}
2025-10-12 14:42:11,392 - api_entries_etl - DEBUG -   position: 13
2025-10-12 14:42:11,392 - api_entries_etl - DEBUG - [Relation #1119] Created HAS_PROPERTY: api_entry::スイープパラメータオブジェクト -> property::スイープパラメータオブジェクト::TwistLine
2025-10-12 14:42:11,392 - api_entries_etl - DEBUG - [Node #914] Created Property: property::スイープパラメータオブジェクト::TwistPosition
2025-10-12 14:42:11,392 - api_entries_etl - DEBUG -   name: TwistPosition
2025-10-12 14:42:11,392 - api_entries_etl - DEBUG -   property_type: 要素(配列)
2025-10-12 14:42:11,395 - api_entries_etl - DEBUG -   description: ねじれを定義する位置（点）
2025-10-12 14:42:11,395 - api_entries_etl - DEBUG -   raw_json: {"name":"TwistPosition","type":"要素(配列)","description":"ねじれを定義する位置（点）"}
2025-10-12 14:42:11,395 - api_entries_etl - DEBUG -   position: 14
2025-10-12 14:42:11,395 - api_entries_etl - DEBUG - [Relation #1120] Created HAS_PROPERTY: api_entry::スイープパラメータオブジェクト -> property::スイープパラメータオブジェクト::TwistPosition
2025-10-12 14:42:11,396 - api_entries_etl - DEBUG - [Node #915] Created Property: property::スイープパラメータオブジェクト::TwistAngle
2025-10-12 14:42:11,397 - api_entries_etl - DEBUG -   name: TwistAngle
2025-10-12 14:42:11,397 - api_entries_etl - DEBUG -   property_type: 角度(配列)
2025-10-12 14:42:11,397 - api_entries_etl - DEBUG -   description: ねじれの定義点でのねじれ角度
2025-10-12 14:42:11,397 - api_entries_etl - DEBUG -   raw_json: {"name":"TwistAngle","type":"角度(配列)","description":"ねじれの定義点でのねじれ角度"}
2025-10-12 14:42:11,397 - api_entries_etl - DEBUG -   position: 15
2025-10-12 14:42:11,397 - api_entries_etl - DEBUG - [Relation #1121] Created HAS_PROPERTY: api_entry::スイープパラメータオブジェクト -> property::スイープパラメータオブジェクト::TwistAngle
2025-10-12 14:42:11,399 - api_entries_etl - DEBUG - [Node #916] Created Property: property::スイープパラメータオブジェクト::ParallelSweep
2025-10-12 14:42:11,399 - api_entries_etl - DEBUG -   name: ParallelSweep
2025-10-12 14:42:11,399 - api_entries_etl - DEBUG -   property_type: bool
2025-10-12 14:42:11,399 - api_entries_etl - DEBUG -   description: プロファイルをパスにたいして平行になるようにスイープさせるときTrue
2025-10-12 14:42:11,399 - api_entries_etl - DEBUG -   raw_json: {"name":"ParallelSweep","type":"bool","description":"プロファイルをパスにたいして平行になるようにスイープさせるときTrue"}
2025-10-12 14:42:11,399 - api_entries_etl - DEBUG -   position: 16
2025-10-12 14:42:11,399 - api_entries_etl - DEBUG - [Relation #1122] Created HAS_PROPERTY: api_entry::スイープパラメータオブジェクト -> property::スイープパラメータオブジェクト::ParallelSweep
2025-10-12 14:42:11,399 - api_entries_etl - DEBUG - [Node #917] Created Property: property::スイープパラメータオブジェクト::MinimizeFace
2025-10-12 14:42:11,399 - api_entries_etl - DEBUG -   name: MinimizeFace
2025-10-12 14:42:11,399 - api_entries_etl - DEBUG -   property_type: bool
2025-10-12 14:42:11,399 - api_entries_etl - DEBUG -   description: スイープされた要素を構成するフェイスの数を最小化させるときTrue
2025-10-12 14:42:11,399 - api_entries_etl - DEBUG -   raw_json: {"name":"MinimizeFace","type":"bool","description":"スイープされた要素を構成するフェイスの数を最小化させるときTrue"}
2025-10-12 14:42:11,399 - api_entries_etl - DEBUG -   position: 17
2025-10-12 14:42:11,399 - api_entries_etl - DEBUG - [Relation #1123] Created HAS_PROPERTY: api_entry::スイープパラメータオブジェクト -> property::スイープパラメータオブジェクト::MinimizeFace
2025-10-12 14:42:11,399 - api_entries_etl - DEBUG - [Node #918] Created Source: source::スイープパラメータオブジェクト::inline
2025-10-12 14:42:11,399 - api_entries_etl - DEBUG -   text: 〇スイープパラメータオブジェクト
   属性
   NAME   // 文字列：要素名（空文字可）
   ElementGroup, // 要素グループ：作成するシート要素を要素グループに入れる場合は要素グループを指定（空文字可）
 ...
2025-10-12 14:42:11,399 - api_entries_etl - DEBUG - [Relation #1124] Created CITED_FROM: api_entry::スイープパラメータオブジェクト -> source::スイープパラメータオブジェクト::inline
2025-10-12 14:42:11,399 - api_entries_etl - DEBUG - Processing API entry #60: CreateSweep
2025-10-12 14:42:11,399 - api_entries_etl - DEBUG - [Node #919] Created APIEntry: api_entry::CreateSweep
2025-10-12 14:42:11,399 - api_entries_etl - DEBUG -   name: CreateSweep
2025-10-12 14:42:11,399 - api_entries_etl - DEBUG -   category: Partオブジェクト
2025-10-12 14:42:11,399 - api_entries_etl - DEBUG -   entry_type: function
2025-10-12 14:42:11,399 - api_entries_etl - DEBUG -   description: 指定したソリッド要素にスイープ形状を付加する
2025-10-12 14:42:11,399 - api_entries_etl - DEBUG -   pseudo_code: CreateSweep(TargetSolidName, OperationType, pParam, bUpdate)
2025-10-12 14:42:11,399 - api_entries_etl - DEBUG -   text: 指定したソリッド要素にスイープ形状を付加する

〇指定したソリッド要素にスイープ形状を付加する
  返り値:作成されたスイープフィーチャーのID
CreateSweep(
        TargetSolidName, // 要素：...
2025-10-12 14:42:11,399 - api_entries_etl - DEBUG -   raw_json: {"category":"Partオブジェクト","entry_type":"function","name":"CreateSweep","description":"指定したソリッド要素にスイープ形状を付加する","pseudo_...
2025-10-12 14:42:11,399 - api_entries_etl - DEBUG -   position: 59
2025-10-12 14:42:11,399 - api_entries_etl - DEBUG - [Relation #1125] Created HAS_ENTRY: api_entries::collection -> api_entry::CreateSweep
2025-10-12 14:42:11,399 - api_entries_etl - DEBUG - [Node #920] Created Category: category::Partオブジェクト
2025-10-12 14:42:11,399 - api_entries_etl - DEBUG -   name: Partオブジェクト
2025-10-12 14:42:11,399 - api_entries_etl - DEBUG - [Relation #1126] Created IN_CATEGORY: api_entry::CreateSweep -> category::Partオブジェクト
2025-10-12 14:42:11,399 - api_entries_etl - DEBUG - [Node #921] Created EntryType: entry_type::function
2025-10-12 14:42:11,399 - api_entries_etl - DEBUG -   name: function
2025-10-12 14:42:11,399 - api_entries_etl - DEBUG - [Relation #1127] Created HAS_ENTRY_TYPE: api_entry::CreateSweep -> entry_type::function
2025-10-12 14:42:11,399 - api_entries_etl - DEBUG - [Node #922] Created Parameter: param::CreateSweep::TargetSolidName
2025-10-12 14:42:11,399 - api_entries_etl - DEBUG -   name: TargetSolidName
2025-10-12 14:42:11,399 - api_entries_etl - DEBUG -   param_type: 要素
2025-10-12 14:42:11,399 - api_entries_etl - DEBUG -   position: 0
2025-10-12 14:42:11,399 - api_entries_etl - DEBUG -   description: スイープフィーチャーを作成する対象のソリッドを指定
2025-10-12 14:42:11,399 - api_entries_etl - DEBUG -   raw_json: {"name":"TargetSolidName","type":"要素","description":"スイープフィーチャーを作成する対象のソリッドを指定","position":0}
2025-10-12 14:42:11,399 - api_entries_etl - DEBUG - [Relation #1128] Created HAS_PARAMETER: api_entry::CreateSweep -> param::CreateSweep::TargetSolidName
2025-10-12 14:42:11,399 - api_entries_etl - DEBUG - [Node #923] Created Parameter: param::CreateSweep::OperationType
2025-10-12 14:42:11,399 - api_entries_etl - DEBUG -   name: OperationType
2025-10-12 14:42:11,399 - api_entries_etl - DEBUG -   param_type: オペレーションタイプ
2025-10-12 14:42:11,399 - api_entries_etl - DEBUG -   position: 1
2025-10-12 14:42:11,399 - api_entries_etl - DEBUG -   description: ソリッドオペレーションのタイプを指定する
2025-10-12 14:42:11,399 - api_entries_etl - DEBUG -   raw_json: {"name":"OperationType","type":"オペレーションタイプ","description":"ソリッドオペレーションのタイプを指定する","position":1}
2025-10-12 14:42:11,399 - api_entries_etl - DEBUG - [Relation #1129] Created HAS_PARAMETER: api_entry::CreateSweep -> param::CreateSweep::OperationType
2025-10-12 14:42:11,399 - api_entries_etl - DEBUG - [Node #924] Created Parameter: param::CreateSweep::pParam
2025-10-12 14:42:11,399 - api_entries_etl - DEBUG -   name: pParam
2025-10-12 14:42:11,399 - api_entries_etl - DEBUG -   param_type: スイープパラメータオブジェクト
2025-10-12 14:42:11,399 - api_entries_etl - DEBUG -   position: 2
2025-10-12 14:42:11,399 - api_entries_etl - DEBUG -   description: スイープを定義するパラメータを持つオブジェクト
2025-10-12 14:42:11,399 - api_entries_etl - DEBUG -   raw_json: {"name":"pParam","type":"スイープパラメータオブジェクト","description":"スイープを定義するパラメータを持つオブジェクト","position":2}
2025-10-12 14:42:11,399 - api_entries_etl - DEBUG - [Relation #1130] Created HAS_PARAMETER: api_entry::CreateSweep -> param::CreateSweep::pParam
2025-10-12 14:42:11,399 - api_entries_etl - DEBUG - [Node #925] Created Parameter: param::CreateSweep::bUpdate
2025-10-12 14:42:11,399 - api_entries_etl - DEBUG -   name: bUpdate
2025-10-12 14:42:11,399 - api_entries_etl - DEBUG -   param_type: bool
2025-10-12 14:42:11,399 - api_entries_etl - DEBUG -   position: 3
2025-10-12 14:42:11,399 - api_entries_etl - DEBUG -   description: 更新フラグ（未実装、使用しない）
2025-10-12 14:42:11,399 - api_entries_etl - DEBUG -   raw_json: {"name":"bUpdate","type":"bool","description":"更新フラグ（未実装、使用しない）","metadata":{"position":3,"raw_type":"不明"}}
2025-10-12 14:42:11,399 - api_entries_etl - DEBUG - [Relation #1131] Created HAS_PARAMETER: api_entry::CreateSweep -> param::CreateSweep::bUpdate
2025-10-12 14:42:11,399 - api_entries_etl - DEBUG - [Node #926] Created ReturnValue: return::CreateSweep
2025-10-12 14:42:11,399 - api_entries_etl - DEBUG -   return_type: 要素
2025-10-12 14:42:11,399 - api_entries_etl - DEBUG -   description: 作成されたスイープフィーチャーのID（ID@...形式の文字列）
2025-10-12 14:42:11,399 - api_entries_etl - DEBUG -   raw_json: {"type":"要素","description":"作成されたスイープフィーチャーのID（ID@...形式の文字列）"}
2025-10-12 14:42:11,399 - api_entries_etl - DEBUG - [Relation #1132] Created HAS_RETURN: api_entry::CreateSweep -> return::CreateSweep
2025-10-12 14:42:11,399 - api_entries_etl - DEBUG - [Node #927] Created PseudoCode: pseudo_code::CreateSweep
2025-10-12 14:42:11,399 - api_entries_etl - DEBUG -   code: CreateSweep(TargetSolidName, OperationType, pParam, bUpdate)
2025-10-12 14:42:11,399 - api_entries_etl - DEBUG -   callee: CreateSweep
2025-10-12 14:42:11,399 - api_entries_etl - DEBUG -   argument_count: 4
2025-10-12 14:42:11,399 - api_entries_etl - DEBUG -   arguments_json: ["TargetSolidName","OperationType","pParam","bUpdate"]
2025-10-12 14:42:11,399 - api_entries_etl - DEBUG - [Relation #1133] Created HAS_PSEUDO_CODE: api_entry::CreateSweep -> pseudo_code::CreateSweep
2025-10-12 14:42:11,399 - api_entries_etl - DEBUG - [Node #928] Created PseudoCodeArgument: pseudo_code::CreateSweep::arg::0
2025-10-12 14:42:11,399 - api_entries_etl - DEBUG -   text: TargetSolidName
2025-10-12 14:42:11,399 - api_entries_etl - DEBUG -   position: 0
2025-10-12 14:42:11,411 - api_entries_etl - DEBUG -   normalized_text: targetsolidname
2025-10-12 14:42:11,411 - api_entries_etl - DEBUG - [Relation #1134] Created HAS_ARGUMENT: pseudo_code::CreateSweep -> pseudo_code::CreateSweep::arg::0
2025-10-12 14:42:11,411 - api_entries_etl - DEBUG - [Relation #1135] Created ARGUMENT_MATCHES_PARAMETER: pseudo_code::CreateSweep::arg::0 -> param::CreateSweep::TargetSolidName
2025-10-12 14:42:11,411 - api_entries_etl - DEBUG - [Node #929] Created PseudoCodeArgument: pseudo_code::CreateSweep::arg::1
2025-10-12 14:42:11,411 - api_entries_etl - DEBUG -   text: OperationType
2025-10-12 14:42:11,412 - api_entries_etl - DEBUG -   position: 1
2025-10-12 14:42:11,412 - api_entries_etl - DEBUG -   normalized_text: operationtype
2025-10-12 14:42:11,412 - api_entries_etl - DEBUG - [Relation #1136] Created HAS_ARGUMENT: pseudo_code::CreateSweep -> pseudo_code::CreateSweep::arg::1
2025-10-12 14:42:11,412 - api_entries_etl - DEBUG - [Relation #1137] Created ARGUMENT_MATCHES_PARAMETER: pseudo_code::CreateSweep::arg::1 -> param::CreateSweep::OperationType
2025-10-12 14:42:11,414 - api_entries_etl - DEBUG - [Node #930] Created PseudoCodeArgument: pseudo_code::CreateSweep::arg::2
2025-10-12 14:42:11,414 - api_entries_etl - DEBUG -   text: pParam
2025-10-12 14:42:11,414 - api_entries_etl - DEBUG -   position: 2
2025-10-12 14:42:11,414 - api_entries_etl - DEBUG -   normalized_text: pparam
2025-10-12 14:42:11,414 - api_entries_etl - DEBUG - [Relation #1138] Created HAS_ARGUMENT: pseudo_code::CreateSweep -> pseudo_code::CreateSweep::arg::2
2025-10-12 14:42:11,414 - api_entries_etl - DEBUG - [Relation #1139] Created ARGUMENT_MATCHES_PARAMETER: pseudo_code::CreateSweep::arg::2 -> param::CreateSweep::pParam
2025-10-12 14:42:11,414 - api_entries_etl - DEBUG - [Node #931] Created PseudoCodeArgument: pseudo_code::CreateSweep::arg::3
2025-10-12 14:42:11,414 - api_entries_etl - DEBUG -   text: bUpdate
2025-10-12 14:42:11,414 - api_entries_etl - DEBUG -   position: 3
2025-10-12 14:42:11,414 - api_entries_etl - DEBUG -   normalized_text: bupdate
2025-10-12 14:42:11,414 - api_entries_etl - DEBUG - [Relation #1140] Created HAS_ARGUMENT: pseudo_code::CreateSweep -> pseudo_code::CreateSweep::arg::3
2025-10-12 14:42:11,414 - api_entries_etl - DEBUG - [Relation #1141] Created ARGUMENT_MATCHES_PARAMETER: pseudo_code::CreateSweep::arg::3 -> param::CreateSweep::bUpdate
2025-10-12 14:42:11,414 - api_entries_etl - DEBUG - [Node #932] Created Source: source::CreateSweep::inline
2025-10-12 14:42:11,414 - api_entries_etl - DEBUG -   text: 〇指定したソリッド要素にスイープ形状を付加する
  返り値:作成されたスイープフィーチャーのID
CreateSweep(
        TargetSolidName, // 要素：スイープフィーチャーを作成する対象のソリッドを指...
2025-10-12 14:42:11,414 - api_entries_etl - DEBUG - [Relation #1142] Created CITED_FROM: api_entry::CreateSweep -> source::CreateSweep::inline
2025-10-12 14:42:11,414 - api_entries_etl - DEBUG - Processing API entry #61: CreateSweepSheet
2025-10-12 14:42:11,414 - api_entries_etl - DEBUG - [Node #933] Created APIEntry: api_entry::CreateSweepSheet
2025-10-12 14:42:11,414 - api_entries_etl - DEBUG -   name: CreateSweepSheet
2025-10-12 14:42:11,414 - api_entries_etl - DEBUG -   category: Partオブジェクト
2025-10-12 14:42:11,414 - api_entries_etl - DEBUG -   entry_type: function
2025-10-12 14:42:11,414 - api_entries_etl - DEBUG -   description: プロファイル要素をスイープしてシート要素を作成
2025-10-12 14:42:11,414 - api_entries_etl - DEBUG -   text: プロファイル要素をスイープしてシート要素を作成

〇プロファイル要素をスイープしてシート要素を作成
  返り値:作成されたシート要素の要素ID
  CreateSweepSheet(
        ParamObj, // スイープ...
2025-10-12 14:42:11,414 - api_entries_etl - DEBUG -   raw_json: {"entry_type":"function","name":"CreateSweepSheet","description":"プロファイル要素をスイープしてシート要素を作成","category":"Partオブジェクト","p...
2025-10-12 14:42:11,414 - api_entries_etl - DEBUG -   position: 60
2025-10-12 14:42:11,414 - api_entries_etl - DEBUG - [Relation #1143] Created HAS_ENTRY: api_entries::collection -> api_entry::CreateSweepSheet
2025-10-12 14:42:11,414 - api_entries_etl - DEBUG - [Node #934] Created Category: category::Partオブジェクト
2025-10-12 14:42:11,414 - api_entries_etl - DEBUG -   name: Partオブジェクト
2025-10-12 14:42:11,414 - api_entries_etl - DEBUG - [Relation #1144] Created IN_CATEGORY: api_entry::CreateSweepSheet -> category::Partオブジェクト
2025-10-12 14:42:11,414 - api_entries_etl - DEBUG - [Node #935] Created EntryType: entry_type::function
2025-10-12 14:42:11,414 - api_entries_etl - DEBUG -   name: function
2025-10-12 14:42:11,414 - api_entries_etl - DEBUG - [Relation #1145] Created HAS_ENTRY_TYPE: api_entry::CreateSweepSheet -> entry_type::function
2025-10-12 14:42:11,414 - api_entries_etl - DEBUG - [Node #936] Created Parameter: param::CreateSweepSheet::ParamObj
2025-10-12 14:42:11,414 - api_entries_etl - DEBUG -   name: ParamObj
2025-10-12 14:42:11,414 - api_entries_etl - DEBUG -   param_type: スイープパラメータオブジェクト
2025-10-12 14:42:11,414 - api_entries_etl - DEBUG -   position: 0
2025-10-12 14:42:11,414 - api_entries_etl - DEBUG -   description: スイープパラメータオブジェクト
2025-10-12 14:42:11,414 - api_entries_etl - DEBUG -   raw_json: {"name":"ParamObj","type":"スイープパラメータオブジェクト","description":"スイープパラメータオブジェクト","metadata":{"position":0}}
2025-10-12 14:42:11,414 - api_entries_etl - DEBUG - [Relation #1146] Created HAS_PARAMETER: api_entry::CreateSweepSheet -> param::CreateSweepSheet::ParamObj
2025-10-12 14:42:11,414 - api_entries_etl - DEBUG - [Node #937] Created Parameter: param::CreateSweepSheet::bUpdate
2025-10-12 14:42:11,414 - api_entries_etl - DEBUG -   name: bUpdate
2025-10-12 14:42:11,414 - api_entries_etl - DEBUG -   param_type: bool
2025-10-12 14:42:11,414 - api_entries_etl - DEBUG -   position: 1
2025-10-12 14:42:11,414 - api_entries_etl - DEBUG -   description: 更新フラグ（未実装、使用しない）
2025-10-12 14:42:11,414 - api_entries_etl - DEBUG -   raw_json: {"name":"bUpdate","type":"bool","description":"更新フラグ（未実装、使用しない）","metadata":{"position":1,"raw_type":"不明"}}
2025-10-12 14:42:11,414 - api_entries_etl - DEBUG - [Relation #1147] Created HAS_PARAMETER: api_entry::CreateSweepSheet -> param::CreateSweepSheet::bUpdate
2025-10-12 14:42:11,414 - api_entries_etl - DEBUG - [Node #938] Created ReturnValue: return::CreateSweepSheet
2025-10-12 14:42:11,414 - api_entries_etl - DEBUG -   return_type: ID
2025-10-12 14:42:11,414 - api_entries_etl - DEBUG -   description: 作成されたシート要素の要素ID
2025-10-12 14:42:11,414 - api_entries_etl - DEBUG -   raw_json: {"type":"ID","description":"作成されたシート要素の要素ID"}
2025-10-12 14:42:11,414 - api_entries_etl - DEBUG - [Relation #1148] Created HAS_RETURN: api_entry::CreateSweepSheet -> return::CreateSweepSheet
2025-10-12 14:42:11,414 - api_entries_etl - DEBUG - [Node #939] Created Source: source::CreateSweepSheet::inline
2025-10-12 14:42:11,414 - api_entries_etl - DEBUG -   text: 〇プロファイル要素をスイープしてシート要素を作成
  返り値:作成されたシート要素の要素ID
  CreateSweepSheet(
        ParamObj, // スイープパラメータオブジェクト
        bUpda...
2025-10-12 14:42:11,414 - api_entries_etl - DEBUG - [Relation #1149] Created CITED_FROM: api_entry::CreateSweepSheet -> source::CreateSweepSheet::inline
2025-10-12 14:42:11,414 - api_entries_etl - DEBUG - Processing API entry #62: CreateRotationalSweepParam
2025-10-12 14:42:11,414 - api_entries_etl - DEBUG - [Node #940] Created APIEntry: api_entry::CreateRotationalSweepParam
2025-10-12 14:42:11,414 - api_entries_etl - DEBUG -   name: CreateRotationalSweepParam
2025-10-12 14:42:11,414 - api_entries_etl - DEBUG -   category: Partオブジェクト
2025-10-12 14:42:11,414 - api_entries_etl - DEBUG -   entry_type: function
2025-10-12 14:42:11,414 - api_entries_etl - DEBUG -   description: 回転パラメータオブジェクトの作成
2025-10-12 14:42:11,414 - api_entries_etl - DEBUG -   text: 回転パラメータオブジェクトの作成

〇回転パラメータオブジェクトの作成
 返り値:回転パラメータオブジェクト
CreateRotationalSweepParam()
2025-10-12 14:42:11,414 - api_entries_etl - DEBUG -   raw_json: {"entry_type":"function","name":"CreateRotationalSweepParam","description":"回転パラメータオブジェクトの作成","category":"Partオブジェクト"...
2025-10-12 14:42:11,414 - api_entries_etl - DEBUG -   position: 61
2025-10-12 14:42:11,414 - api_entries_etl - DEBUG - [Relation #1150] Created HAS_ENTRY: api_entries::collection -> api_entry::CreateRotationalSweepParam
2025-10-12 14:42:11,414 - api_entries_etl - DEBUG - [Node #941] Created Category: category::Partオブジェクト
2025-10-12 14:42:11,414 - api_entries_etl - DEBUG -   name: Partオブジェクト
2025-10-12 14:42:11,414 - api_entries_etl - DEBUG - [Relation #1151] Created IN_CATEGORY: api_entry::CreateRotationalSweepParam -> category::Partオブジェクト
2025-10-12 14:42:11,414 - api_entries_etl - DEBUG - [Node #942] Created EntryType: entry_type::function
2025-10-12 14:42:11,414 - api_entries_etl - DEBUG -   name: function
2025-10-12 14:42:11,414 - api_entries_etl - DEBUG - [Relation #1152] Created HAS_ENTRY_TYPE: api_entry::CreateRotationalSweepParam -> entry_type::function
2025-10-12 14:42:11,414 - api_entries_etl - DEBUG - [Node #943] Created ReturnValue: return::CreateRotationalSweepParam
2025-10-12 14:42:11,414 - api_entries_etl - DEBUG -   return_type: 不明
2025-10-12 14:42:11,414 - api_entries_etl - DEBUG -   description: 回転パラメータオブジェクト
2025-10-12 14:42:11,414 - api_entries_etl - DEBUG -   raw_json: {"type":"不明","description":"回転パラメータオブジェクト"}
2025-10-12 14:42:11,414 - api_entries_etl - DEBUG - [Relation #1153] Created HAS_RETURN: api_entry::CreateRotationalSweepParam -> return::CreateRotationalSweepParam
2025-10-12 14:42:11,414 - api_entries_etl - DEBUG - [Node #944] Created Source: source::CreateRotationalSweepParam::inline
2025-10-12 14:42:11,414 - api_entries_etl - DEBUG -   text: 〇回転パラメータオブジェクトの作成
 返り値:回転パラメータオブジェクト
CreateRotationalSweepParam()
2025-10-12 14:42:11,414 - api_entries_etl - DEBUG - [Relation #1154] Created CITED_FROM: api_entry::CreateRotationalSweepParam -> source::CreateRotationalSweepParam::inline
2025-10-12 14:42:11,414 - api_entries_etl - DEBUG - Processing API entry #63: CreateRotationalSweep
2025-10-12 14:42:11,414 - api_entries_etl - DEBUG - [Node #945] Created APIEntry: api_entry::CreateRotationalSweep
2025-10-12 14:42:11,414 - api_entries_etl - DEBUG -   name: CreateRotationalSweep
2025-10-12 14:42:11,414 - api_entries_etl - DEBUG -   category: Partオブジェクト
2025-10-12 14:42:11,414 - api_entries_etl - DEBUG -   entry_type: function
2025-10-12 14:42:11,414 - api_entries_etl - DEBUG -   description: 指定したソリッド要素に回転形状を付加する
2025-10-12 14:42:11,414 - api_entries_etl - DEBUG -   text: 指定したソリッド要素に回転形状を付加する

〇指定したソリッド要素に回転形状を付加する
  返り値:作成された回転フィーチャーのID
CreateRotationalSweep(
        TargetSolidName, //...
2025-10-12 14:42:11,414 - api_entries_etl - DEBUG -   raw_json: {"entry_type":"function","name":"CreateRotationalSweep","description":"指定したソリッド要素に回転形状を付加する","category":"Partオブジェクト",...
2025-10-12 14:42:11,414 - api_entries_etl - DEBUG -   position: 62
2025-10-12 14:42:11,414 - api_entries_etl - DEBUG - [Relation #1155] Created HAS_ENTRY: api_entries::collection -> api_entry::CreateRotationalSweep
2025-10-12 14:42:11,414 - api_entries_etl - DEBUG - [Node #946] Created Category: category::Partオブジェクト
2025-10-12 14:42:11,414 - api_entries_etl - DEBUG -   name: Partオブジェクト
2025-10-12 14:42:11,414 - api_entries_etl - DEBUG - [Relation #1156] Created IN_CATEGORY: api_entry::CreateRotationalSweep -> category::Partオブジェクト
2025-10-12 14:42:11,427 - api_entries_etl - DEBUG - [Node #947] Created EntryType: entry_type::function
2025-10-12 14:42:11,427 - api_entries_etl - DEBUG -   name: function
2025-10-12 14:42:11,427 - api_entries_etl - DEBUG - [Relation #1157] Created HAS_ENTRY_TYPE: api_entry::CreateRotationalSweep -> entry_type::function
2025-10-12 14:42:11,427 - api_entries_etl - DEBUG - [Node #948] Created Parameter: param::CreateRotationalSweep::TargetSolidName
2025-10-12 14:42:11,427 - api_entries_etl - DEBUG -   name: TargetSolidName
2025-10-12 14:42:11,427 - api_entries_etl - DEBUG -   param_type: 要素
2025-10-12 14:42:11,427 - api_entries_etl - DEBUG -   position: 0
2025-10-12 14:42:11,427 - api_entries_etl - DEBUG -   description: 回転フィーチャーを作成する対象のソリッドを指定
2025-10-12 14:42:11,427 - api_entries_etl - DEBUG -   raw_json: {"name":"TargetSolidName","type":"要素","description":"回転フィーチャーを作成する対象のソリッドを指定","metadata":{"position":0}}
2025-10-12 14:42:11,429 - api_entries_etl - DEBUG - [Relation #1158] Created HAS_PARAMETER: api_entry::CreateRotationalSweep -> param::CreateRotationalSweep::TargetSolidName
2025-10-12 14:42:11,429 - api_entries_etl - DEBUG - [Node #949] Created Parameter: param::CreateRotationalSweep::OperationType
2025-10-12 14:42:11,429 - api_entries_etl - DEBUG -   name: OperationType
2025-10-12 14:42:11,431 - api_entries_etl - DEBUG -   param_type: オペレーションタイプ
2025-10-12 14:42:11,431 - api_entries_etl - DEBUG -   position: 1
2025-10-12 14:42:11,431 - api_entries_etl - DEBUG -   description: ソリッドオペレーションのタイプを指定する
2025-10-12 14:42:11,431 - api_entries_etl - DEBUG -   raw_json: {"name":"OperationType","type":"オペレーションタイプ","description":"ソリッドオペレーションのタイプを指定する","metadata":{"position":1}}
2025-10-12 14:42:11,432 - api_entries_etl - DEBUG - [Relation #1159] Created HAS_PARAMETER: api_entry::CreateRotationalSweep -> param::CreateRotationalSweep::OperationType
2025-10-12 14:42:11,432 - api_entries_etl - DEBUG - [Node #950] Created Parameter: param::CreateRotationalSweep::pParam
2025-10-12 14:42:11,432 - api_entries_etl - DEBUG -   name: pParam
2025-10-12 14:42:11,432 - api_entries_etl - DEBUG -   param_type: 回転パラメータオブジェクト
2025-10-12 14:42:11,432 - api_entries_etl - DEBUG -   position: 2
2025-10-12 14:42:11,432 - api_entries_etl - DEBUG -   description: 回転形状を定義するパラメータを保持するオブジェクト
2025-10-12 14:42:11,432 - api_entries_etl - DEBUG -   raw_json: {"name":"pParam","type":"回転パラメータオブジェクト","description":"回転形状を定義するパラメータを保持するオブジェクト","metadata":{"position":2}}
2025-10-12 14:42:11,432 - api_entries_etl - DEBUG - [Relation #1160] Created HAS_PARAMETER: api_entry::CreateRotationalSweep -> param::CreateRotationalSweep::pParam
2025-10-12 14:42:11,432 - api_entries_etl - DEBUG - [Node #951] Created Parameter: param::CreateRotationalSweep::bUpdate
2025-10-12 14:42:11,432 - api_entries_etl - DEBUG -   name: bUpdate
2025-10-12 14:42:11,432 - api_entries_etl - DEBUG -   param_type: bool
2025-10-12 14:42:11,432 - api_entries_etl - DEBUG -   position: 3
2025-10-12 14:42:11,432 - api_entries_etl - DEBUG -   description: 更新フラグ（未実装、使用しない）
2025-10-12 14:42:11,434 - api_entries_etl - DEBUG -   raw_json: {"name":"bUpdate","type":"bool","description":"更新フラグ（未実装、使用しない）","position":3}
2025-10-12 14:42:11,434 - api_entries_etl - DEBUG - [Relation #1161] Created HAS_PARAMETER: api_entry::CreateRotationalSweep -> param::CreateRotationalSweep::bUpdate
2025-10-12 14:42:11,434 - api_entries_etl - DEBUG - [Node #952] Created ReturnValue: return::CreateRotationalSweep
2025-10-12 14:42:11,434 - api_entries_etl - DEBUG -   return_type: 要素
2025-10-12 14:42:11,434 - api_entries_etl - DEBUG -   description: 作成された回転フィーチャーのID
2025-10-12 14:42:11,434 - api_entries_etl - DEBUG -   raw_json: {"type":"要素","description":"作成された回転フィーチャーのID"}
2025-10-12 14:42:11,434 - api_entries_etl - DEBUG - [Relation #1162] Created HAS_RETURN: api_entry::CreateRotationalSweep -> return::CreateRotationalSweep
2025-10-12 14:42:11,434 - api_entries_etl - DEBUG - [Node #953] Created Source: source::CreateRotationalSweep::inline
2025-10-12 14:42:11,434 - api_entries_etl - DEBUG -   text: 〇指定したソリッド要素に回転形状を付加する
  返り値:作成された回転フィーチャーのID
CreateRotationalSweep(
        TargetSolidName, // 要素：回転フィーチャーを作成する対象のソリ...
2025-10-12 14:42:11,434 - api_entries_etl - DEBUG - [Relation #1163] Created CITED_FROM: api_entry::CreateRotationalSweep -> source::CreateRotationalSweep::inline
2025-10-12 14:42:11,434 - api_entries_etl - DEBUG - Processing API entry #64: CreateRotationalSweepSheet
2025-10-12 14:42:11,434 - api_entries_etl - DEBUG - [Node #954] Created APIEntry: api_entry::CreateRotationalSweepSheet
2025-10-12 14:42:11,434 - api_entries_etl - DEBUG -   name: CreateRotationalSweepSheet
2025-10-12 14:42:11,434 - api_entries_etl - DEBUG -   category: Partオブジェクト
2025-10-12 14:42:11,434 - api_entries_etl - DEBUG -   entry_type: function
2025-10-12 14:42:11,436 - api_entries_etl - DEBUG -   description: プロファイル要素を回転してシート要素を作成
2025-10-12 14:42:11,436 - api_entries_etl - DEBUG -   pseudo_code: CreateRotationalSweepSheet(ParamObj, bUpdate)
2025-10-12 14:42:11,436 - api_entries_etl - DEBUG -   text: プロファイル要素を回転してシート要素を作成

〇プロファイル要素を回転してシート要素を作成
  返り値:作成されたシート要素の要素ID
CreateRotationalSweepSheet(
        ParamObj, // ...
2025-10-12 14:42:11,436 - api_entries_etl - DEBUG -   raw_json: {"category":"Partオブジェクト","entry_type":"function","name":"CreateRotationalSweepSheet","description":"プロファイル要素を回転してシート要...
2025-10-12 14:42:11,436 - api_entries_etl - DEBUG -   position: 63
2025-10-12 14:42:11,436 - api_entries_etl - DEBUG - [Relation #1164] Created HAS_ENTRY: api_entries::collection -> api_entry::CreateRotationalSweepSheet
2025-10-12 14:42:11,436 - api_entries_etl - DEBUG - [Node #955] Created Category: category::Partオブジェクト
2025-10-12 14:42:11,436 - api_entries_etl - DEBUG -   name: Partオブジェクト
2025-10-12 14:42:11,436 - api_entries_etl - DEBUG - [Relation #1165] Created IN_CATEGORY: api_entry::CreateRotationalSweepSheet -> category::Partオブジェクト
2025-10-12 14:42:11,436 - api_entries_etl - DEBUG - [Node #956] Created EntryType: entry_type::function
2025-10-12 14:42:11,436 - api_entries_etl - DEBUG -   name: function
2025-10-12 14:42:11,436 - api_entries_etl - DEBUG - [Relation #1166] Created HAS_ENTRY_TYPE: api_entry::CreateRotationalSweepSheet -> entry_type::function
2025-10-12 14:42:11,436 - api_entries_etl - DEBUG - [Node #957] Created Parameter: param::CreateRotationalSweepSheet::ParamObj
2025-10-12 14:42:11,436 - api_entries_etl - DEBUG -   name: ParamObj
2025-10-12 14:42:11,436 - api_entries_etl - DEBUG -   param_type: 回転パラメータオブジェクト
2025-10-12 14:42:11,436 - api_entries_etl - DEBUG -   position: 0
2025-10-12 14:42:11,436 - api_entries_etl - DEBUG -   description: 回転に必要なパラメータを保持するオブジェクト（プロファイル要素や回転設定を含む）
2025-10-12 14:42:11,436 - api_entries_etl - DEBUG -   raw_json: {"name":"ParamObj","type":"回転パラメータオブジェクト","description":"回転に必要なパラメータを保持するオブジェクト（プロファイル要素や回転設定を含む）","position":0}
2025-10-12 14:42:11,436 - api_entries_etl - DEBUG - [Relation #1167] Created HAS_PARAMETER: api_entry::CreateRotationalSweepSheet -> param::CreateRotationalSweepSheet::ParamObj
2025-10-12 14:42:11,436 - api_entries_etl - DEBUG - [Node #958] Created Parameter: param::CreateRotationalSweepSheet::bUpdate
2025-10-12 14:42:11,436 - api_entries_etl - DEBUG -   name: bUpdate
2025-10-12 14:42:11,436 - api_entries_etl - DEBUG -   param_type: bool
2025-10-12 14:42:11,436 - api_entries_etl - DEBUG -   position: 1
2025-10-12 14:42:11,436 - api_entries_etl - DEBUG -   description: 更新フラグ（未実装、使用しない）
2025-10-12 14:42:11,436 - api_entries_etl - DEBUG -   raw_json: {"name":"bUpdate","type":"bool","description":"更新フラグ（未実装、使用しない）","position":1}
2025-10-12 14:42:11,436 - api_entries_etl - DEBUG - [Relation #1168] Created HAS_PARAMETER: api_entry::CreateRotationalSweepSheet -> param::CreateRotationalSweepSheet::bUpdate
2025-10-12 14:42:11,436 - api_entries_etl - DEBUG - [Node #959] Created ReturnValue: return::CreateRotationalSweepSheet
2025-10-12 14:42:11,436 - api_entries_etl - DEBUG -   return_type: ID
2025-10-12 14:42:11,436 - api_entries_etl - DEBUG -   description: 作成されたシート要素の要素ID
2025-10-12 14:42:11,436 - api_entries_etl - DEBUG -   raw_json: {"type":"ID","description":"作成されたシート要素の要素ID"}
2025-10-12 14:42:11,436 - api_entries_etl - DEBUG - [Relation #1169] Created HAS_RETURN: api_entry::CreateRotationalSweepSheet -> return::CreateRotationalSweepSheet
2025-10-12 14:42:11,436 - api_entries_etl - DEBUG - [Node #960] Created PseudoCode: pseudo_code::CreateRotationalSweepSheet
2025-10-12 14:42:11,436 - api_entries_etl - DEBUG -   code: CreateRotationalSweepSheet(ParamObj, bUpdate)
2025-10-12 14:42:11,436 - api_entries_etl - DEBUG -   callee: CreateRotationalSweepSheet
2025-10-12 14:42:11,436 - api_entries_etl - DEBUG -   argument_count: 2
2025-10-12 14:42:11,436 - api_entries_etl - DEBUG -   arguments_json: ["ParamObj","bUpdate"]
2025-10-12 14:42:11,436 - api_entries_etl - DEBUG - [Relation #1170] Created HAS_PSEUDO_CODE: api_entry::CreateRotationalSweepSheet -> pseudo_code::CreateRotationalSweepSheet
2025-10-12 14:42:11,436 - api_entries_etl - DEBUG - [Node #961] Created PseudoCodeArgument: pseudo_code::CreateRotationalSweepSheet::arg::0
2025-10-12 14:42:11,436 - api_entries_etl - DEBUG -   text: ParamObj
2025-10-12 14:42:11,436 - api_entries_etl - DEBUG -   position: 0
2025-10-12 14:42:11,436 - api_entries_etl - DEBUG -   normalized_text: paramobj
2025-10-12 14:42:11,436 - api_entries_etl - DEBUG - [Relation #1171] Created HAS_ARGUMENT: pseudo_code::CreateRotationalSweepSheet -> pseudo_code::CreateRotationalSweepSheet::arg::0
2025-10-12 14:42:11,436 - api_entries_etl - DEBUG - [Relation #1172] Created ARGUMENT_MATCHES_PARAMETER: pseudo_code::CreateRotationalSweepSheet::arg::0 -> param::CreateRotationalSweepSheet::ParamObj
2025-10-12 14:42:11,436 - api_entries_etl - DEBUG - [Node #962] Created PseudoCodeArgument: pseudo_code::CreateRotationalSweepSheet::arg::1
2025-10-12 14:42:11,436 - api_entries_etl - DEBUG -   text: bUpdate
2025-10-12 14:42:11,436 - api_entries_etl - DEBUG -   position: 1
2025-10-12 14:42:11,436 - api_entries_etl - DEBUG -   normalized_text: bupdate
2025-10-12 14:42:11,436 - api_entries_etl - DEBUG - [Relation #1173] Created HAS_ARGUMENT: pseudo_code::CreateRotationalSweepSheet -> pseudo_code::CreateRotationalSweepSheet::arg::1
2025-10-12 14:42:11,436 - api_entries_etl - DEBUG - [Relation #1174] Created ARGUMENT_MATCHES_PARAMETER: pseudo_code::CreateRotationalSweepSheet::arg::1 -> param::CreateRotationalSweepSheet::bUpdate
2025-10-12 14:42:11,436 - api_entries_etl - DEBUG - [Node #963] Created Source: source::CreateRotationalSweepSheet::inline
2025-10-12 14:42:11,436 - api_entries_etl - DEBUG -   text: 〇プロファイル要素を回転してシート要素を作成
  返り値:作成されたシート要素の要素ID
CreateRotationalSweepSheet(
        ParamObj, // 回転パラメータオブジェクト
        b...
2025-10-12 14:42:11,436 - api_entries_etl - DEBUG - [Relation #1175] Created CITED_FROM: api_entry::CreateRotationalSweepSheet -> source::CreateRotationalSweepSheet::inline
2025-10-12 14:42:11,436 - api_entries_etl - DEBUG - Processing API entry #65: CreateLine
2025-10-12 14:42:11,442 - api_entries_etl - DEBUG - [Node #964] Created APIEntry: api_entry::CreateLine
2025-10-12 14:42:11,442 - api_entries_etl - DEBUG -   name: CreateLine
2025-10-12 14:42:11,442 - api_entries_etl - DEBUG -   category: Partオブジェクト
2025-10-12 14:42:11,442 - api_entries_etl - DEBUG -   entry_type: function
2025-10-12 14:42:11,442 - api_entries_etl - DEBUG -   description: 3Dの直線線要素を作成
2025-10-12 14:42:11,442 - api_entries_etl - DEBUG -   text: 3Dの直線線要素を作成

〇3Dの直線線要素を作成
  返り値:線要素の要素ID
CreateLine(
        StartPoint,    // 点(3D)：始点
        EndPoint )      // 点(...
2025-10-12 14:42:11,442 - api_entries_etl - DEBUG -   raw_json: {"entry_type":"function","name":"CreateLine","description":"3Dの直線線要素を作成","category":"Partオブジェクト","params":[{"name":"S...
2025-10-12 14:42:11,442 - api_entries_etl - DEBUG -   position: 64
2025-10-12 14:42:11,442 - api_entries_etl - DEBUG - [Relation #1176] Created HAS_ENTRY: api_entries::collection -> api_entry::CreateLine
2025-10-12 14:42:11,442 - api_entries_etl - DEBUG - [Node #965] Created Category: category::Partオブジェクト
2025-10-12 14:42:11,442 - api_entries_etl - DEBUG -   name: Partオブジェクト
2025-10-12 14:42:11,442 - api_entries_etl - DEBUG - [Relation #1177] Created IN_CATEGORY: api_entry::CreateLine -> category::Partオブジェクト
2025-10-12 14:42:11,442 - api_entries_etl - DEBUG - [Node #966] Created EntryType: entry_type::function
2025-10-12 14:42:11,442 - api_entries_etl - DEBUG -   name: function
2025-10-12 14:42:11,442 - api_entries_etl - DEBUG - [Relation #1178] Created HAS_ENTRY_TYPE: api_entry::CreateLine -> entry_type::function
2025-10-12 14:42:11,442 - api_entries_etl - DEBUG - [Node #967] Created Parameter: param::CreateLine::StartPoint
2025-10-12 14:42:11,442 - api_entries_etl - DEBUG -   name: StartPoint
2025-10-12 14:42:11,446 - api_entries_etl - DEBUG -   param_type: 点(3D)
2025-10-12 14:42:11,446 - api_entries_etl - DEBUG -   position: 0
2025-10-12 14:42:11,446 - api_entries_etl - DEBUG -   description: 始点
2025-10-12 14:42:11,446 - api_entries_etl - DEBUG -   raw_json: {"name":"StartPoint","type":"点(3D)","description":"始点","position":0}
2025-10-12 14:42:11,446 - api_entries_etl - DEBUG - [Relation #1179] Created HAS_PARAMETER: api_entry::CreateLine -> param::CreateLine::StartPoint
2025-10-12 14:42:11,446 - api_entries_etl - DEBUG - [Node #968] Created Parameter: param::CreateLine::EndPoint
2025-10-12 14:42:11,446 - api_entries_etl - DEBUG -   name: EndPoint
2025-10-12 14:42:11,446 - api_entries_etl - DEBUG -   param_type: 点(3D)
2025-10-12 14:42:11,446 - api_entries_etl - DEBUG -   position: 1
2025-10-12 14:42:11,446 - api_entries_etl - DEBUG -   description: 終点
2025-10-12 14:42:11,448 - api_entries_etl - DEBUG -   raw_json: {"name":"EndPoint","type":"点(3D)","description":"終点","position":1}
2025-10-12 14:42:11,448 - api_entries_etl - DEBUG - [Relation #1180] Created HAS_PARAMETER: api_entry::CreateLine -> param::CreateLine::EndPoint
2025-10-12 14:42:11,448 - api_entries_etl - DEBUG - [Node #969] Created ReturnValue: return::CreateLine
2025-10-12 14:42:11,449 - api_entries_etl - DEBUG -   return_type: ID
2025-10-12 14:42:11,449 - api_entries_etl - DEBUG -   description: 線要素の要素ID
2025-10-12 14:42:11,449 - api_entries_etl - DEBUG -   raw_json: {"type":"ID","description":"線要素の要素ID"}
2025-10-12 14:42:11,450 - api_entries_etl - DEBUG - [Relation #1181] Created HAS_RETURN: api_entry::CreateLine -> return::CreateLine
2025-10-12 14:42:11,450 - api_entries_etl - DEBUG - [Node #970] Created Source: source::CreateLine::inline
2025-10-12 14:42:11,450 - api_entries_etl - DEBUG -   text: 〇3Dの直線線要素を作成
  返り値:線要素の要素ID
CreateLine(
        StartPoint,    // 点(3D)：始点
        EndPoint )      // 点(3D)：終点
2025-10-12 14:42:11,450 - api_entries_etl - DEBUG - [Relation #1182] Created CITED_FROM: api_entry::CreateLine -> source::CreateLine::inline
2025-10-12 14:42:11,450 - api_entries_etl - DEBUG - Processing API entry #66: CreateArc
2025-10-12 14:42:11,450 - api_entries_etl - DEBUG - [Node #971] Created APIEntry: api_entry::CreateArc
2025-10-12 14:42:11,450 - api_entries_etl - DEBUG -   name: CreateArc
2025-10-12 14:42:11,450 - api_entries_etl - DEBUG -   category: Partオブジェクト
2025-10-12 14:42:11,450 - api_entries_etl - DEBUG -   entry_type: function
2025-10-12 14:42:11,450 - api_entries_etl - DEBUG -   description: 3Dの円弧線要素を作成
2025-10-12 14:42:11,450 - api_entries_etl - DEBUG -   pseudo_code: CreateArc(CenterPoint, Normal, MajorDir, Radius, bClose, Range)
2025-10-12 14:42:11,450 - api_entries_etl - DEBUG -   text: 3Dの円弧線要素を作成

〇3Dの円弧線要素を作成
  返り値:線要素の要素ID
CreateArc(
        CenterPoint,// 点(3D)：中心点
        Normal,     // 方向：軸方向
  ...
2025-10-12 14:42:11,450 - api_entries_etl - DEBUG -   raw_json: {"category":"Partオブジェクト","entry_type":"function","name":"CreateArc","description":"3Dの円弧線要素を作成","pseudo_code":"Create...
2025-10-12 14:42:11,450 - api_entries_etl - DEBUG -   position: 65
2025-10-12 14:42:11,450 - api_entries_etl - DEBUG - [Relation #1183] Created HAS_ENTRY: api_entries::collection -> api_entry::CreateArc
2025-10-12 14:42:11,450 - api_entries_etl - DEBUG - [Node #972] Created Category: category::Partオブジェクト
2025-10-12 14:42:11,450 - api_entries_etl - DEBUG -   name: Partオブジェクト
2025-10-12 14:42:11,450 - api_entries_etl - DEBUG - [Relation #1184] Created IN_CATEGORY: api_entry::CreateArc -> category::Partオブジェクト
2025-10-12 14:42:11,450 - api_entries_etl - DEBUG - [Node #973] Created EntryType: entry_type::function
2025-10-12 14:42:11,450 - api_entries_etl - DEBUG -   name: function
2025-10-12 14:42:11,450 - api_entries_etl - DEBUG - [Relation #1185] Created HAS_ENTRY_TYPE: api_entry::CreateArc -> entry_type::function
2025-10-12 14:42:11,450 - api_entries_etl - DEBUG - [Node #974] Created Parameter: param::CreateArc::CenterPoint
2025-10-12 14:42:11,450 - api_entries_etl - DEBUG -   name: CenterPoint
2025-10-12 14:42:11,450 - api_entries_etl - DEBUG -   param_type: 点(3D)
2025-10-12 14:42:11,450 - api_entries_etl - DEBUG -   position: 0
2025-10-12 14:42:11,450 - api_entries_etl - DEBUG -   description: 中心点
2025-10-12 14:42:11,450 - api_entries_etl - DEBUG -   raw_json: {"name":"CenterPoint","type":"点(3D)","description":"中心点","position":0}
2025-10-12 14:42:11,450 - api_entries_etl - DEBUG - [Relation #1186] Created HAS_PARAMETER: api_entry::CreateArc -> param::CreateArc::CenterPoint
2025-10-12 14:42:11,450 - api_entries_etl - DEBUG - [Node #975] Created Parameter: param::CreateArc::Normal
2025-10-12 14:42:11,450 - api_entries_etl - DEBUG -   name: Normal
2025-10-12 14:42:11,450 - api_entries_etl - DEBUG -   param_type: 方向
2025-10-12 14:42:11,450 - api_entries_etl - DEBUG -   position: 1
2025-10-12 14:42:11,450 - api_entries_etl - DEBUG -   description: 軸方向
2025-10-12 14:42:11,450 - api_entries_etl - DEBUG -   raw_json: {"name":"Normal","type":"方向","description":"軸方向","position":1}
2025-10-12 14:42:11,450 - api_entries_etl - DEBUG - [Relation #1187] Created HAS_PARAMETER: api_entry::CreateArc -> param::CreateArc::Normal
2025-10-12 14:42:11,450 - api_entries_etl - DEBUG - [Node #976] Created Parameter: param::CreateArc::MajorDir
2025-10-12 14:42:11,450 - api_entries_etl - DEBUG -   name: MajorDir
2025-10-12 14:42:11,450 - api_entries_etl - DEBUG -   param_type: 方向
2025-10-12 14:42:11,450 - api_entries_etl - DEBUG -   position: 2
2025-10-12 14:42:11,450 - api_entries_etl - DEBUG -   description: 主軸方向（パラメータ０の位置方向
2025-10-12 14:42:11,450 - api_entries_etl - DEBUG -   raw_json: {"name":"MajorDir","type":"方向","description":"主軸方向（パラメータ０の位置方向","position":2}
2025-10-12 14:42:11,450 - api_entries_etl - DEBUG - [Relation #1188] Created HAS_PARAMETER: api_entry::CreateArc -> param::CreateArc::MajorDir
2025-10-12 14:42:11,450 - api_entries_etl - DEBUG - [Node #977] Created Parameter: param::CreateArc::Radius
2025-10-12 14:42:11,450 - api_entries_etl - DEBUG -   name: Radius
2025-10-12 14:42:11,450 - api_entries_etl - DEBUG -   param_type: 長さ
2025-10-12 14:42:11,450 - api_entries_etl - DEBUG -   position: 3
2025-10-12 14:42:11,450 - api_entries_etl - DEBUG -   description: 半径
2025-10-12 14:42:11,450 - api_entries_etl - DEBUG -   raw_json: {"name":"Radius","type":"長さ","description":"半径","position":3}
2025-10-12 14:42:11,450 - api_entries_etl - DEBUG - [Relation #1189] Created HAS_PARAMETER: api_entry::CreateArc -> param::CreateArc::Radius
2025-10-12 14:42:11,450 - api_entries_etl - DEBUG - [Node #978] Created Parameter: param::CreateArc::bClose
2025-10-12 14:42:11,450 - api_entries_etl - DEBUG -   name: bClose
2025-10-12 14:42:11,458 - api_entries_etl - DEBUG -   param_type: bool
2025-10-12 14:42:11,479 - api_entries_etl - DEBUG -   position: 4
2025-10-12 14:42:11,479 - api_entries_etl - DEBUG -   description: Trueの時は円を作成する
2025-10-12 14:42:11,479 - api_entries_etl - DEBUG -   raw_json: {"name":"bClose","type":"bool","description":"Trueの時は円を作成する","position":4}
2025-10-12 14:42:11,479 - api_entries_etl - DEBUG - [Relation #1190] Created HAS_PARAMETER: api_entry::CreateArc -> param::CreateArc::bClose
2025-10-12 14:42:11,479 - api_entries_etl - DEBUG - [Node #979] Created Parameter: param::CreateArc::Range
2025-10-12 14:42:11,479 - api_entries_etl - DEBUG -   name: Range
2025-10-12 14:42:11,479 - api_entries_etl - DEBUG -   param_type: 範囲
2025-10-12 14:42:11,479 - api_entries_etl - DEBUG -   position: 5
2025-10-12 14:42:11,479 - api_entries_etl - DEBUG -   description: (0-2pi)
2025-10-12 14:42:11,479 - api_entries_etl - DEBUG -   raw_json: {"name":"Range","type":"範囲","description":"(0-2pi)","position":5}
2025-10-12 14:42:11,479 - api_entries_etl - DEBUG - [Relation #1191] Created HAS_PARAMETER: api_entry::CreateArc -> param::CreateArc::Range
2025-10-12 14:42:11,479 - api_entries_etl - DEBUG - [Node #980] Created ReturnValue: return::CreateArc
2025-10-12 14:42:11,479 - api_entries_etl - DEBUG -   return_type: ID
2025-10-12 14:42:11,479 - api_entries_etl - DEBUG -   description: 線要素の要素ID
2025-10-12 14:42:11,479 - api_entries_etl - DEBUG -   raw_json: {"type":"ID","description":"線要素の要素ID"}
2025-10-12 14:42:11,479 - api_entries_etl - DEBUG - [Relation #1192] Created HAS_RETURN: api_entry::CreateArc -> return::CreateArc
2025-10-12 14:42:11,479 - api_entries_etl - DEBUG - [Node #981] Created PseudoCode: pseudo_code::CreateArc
2025-10-12 14:42:11,479 - api_entries_etl - DEBUG -   code: CreateArc(CenterPoint, Normal, MajorDir, Radius, bClose, Range)
2025-10-12 14:42:11,479 - api_entries_etl - DEBUG -   callee: CreateArc
2025-10-12 14:42:11,479 - api_entries_etl - DEBUG -   argument_count: 6
2025-10-12 14:42:11,479 - api_entries_etl - DEBUG -   arguments_json: ["CenterPoint","Normal","MajorDir","Radius","bClose","Range"]
2025-10-12 14:42:11,479 - api_entries_etl - DEBUG - [Relation #1193] Created HAS_PSEUDO_CODE: api_entry::CreateArc -> pseudo_code::CreateArc
2025-10-12 14:42:11,479 - api_entries_etl - DEBUG - [Node #982] Created PseudoCodeArgument: pseudo_code::CreateArc::arg::0
2025-10-12 14:42:11,479 - api_entries_etl - DEBUG -   text: CenterPoint
2025-10-12 14:42:11,479 - api_entries_etl - DEBUG -   position: 0
2025-10-12 14:42:11,479 - api_entries_etl - DEBUG -   normalized_text: centerpoint
2025-10-12 14:42:11,479 - api_entries_etl - DEBUG - [Relation #1194] Created HAS_ARGUMENT: pseudo_code::CreateArc -> pseudo_code::CreateArc::arg::0
2025-10-12 14:42:11,479 - api_entries_etl - DEBUG - [Relation #1195] Created ARGUMENT_MATCHES_PARAMETER: pseudo_code::CreateArc::arg::0 -> param::CreateArc::CenterPoint
2025-10-12 14:42:11,479 - api_entries_etl - DEBUG - [Node #983] Created PseudoCodeArgument: pseudo_code::CreateArc::arg::1
2025-10-12 14:42:11,479 - api_entries_etl - DEBUG -   text: Normal
2025-10-12 14:42:11,479 - api_entries_etl - DEBUG -   position: 1
2025-10-12 14:42:11,479 - api_entries_etl - DEBUG -   normalized_text: normal
2025-10-12 14:42:11,479 - api_entries_etl - DEBUG - [Relation #1196] Created HAS_ARGUMENT: pseudo_code::CreateArc -> pseudo_code::CreateArc::arg::1
2025-10-12 14:42:11,479 - api_entries_etl - DEBUG - [Relation #1197] Created ARGUMENT_MATCHES_PARAMETER: pseudo_code::CreateArc::arg::1 -> param::CreateArc::Normal
2025-10-12 14:42:11,479 - api_entries_etl - DEBUG - [Node #984] Created PseudoCodeArgument: pseudo_code::CreateArc::arg::2
2025-10-12 14:42:11,479 - api_entries_etl - DEBUG -   text: MajorDir
2025-10-12 14:42:11,479 - api_entries_etl - DEBUG -   position: 2
2025-10-12 14:42:11,479 - api_entries_etl - DEBUG -   normalized_text: majordir
2025-10-12 14:42:11,479 - api_entries_etl - DEBUG - [Relation #1198] Created HAS_ARGUMENT: pseudo_code::CreateArc -> pseudo_code::CreateArc::arg::2
2025-10-12 14:42:11,479 - api_entries_etl - DEBUG - [Relation #1199] Created ARGUMENT_MATCHES_PARAMETER: pseudo_code::CreateArc::arg::2 -> param::CreateArc::MajorDir
2025-10-12 14:42:11,479 - api_entries_etl - DEBUG - [Node #985] Created PseudoCodeArgument: pseudo_code::CreateArc::arg::3
2025-10-12 14:42:11,479 - api_entries_etl - DEBUG -   text: Radius
2025-10-12 14:42:11,479 - api_entries_etl - DEBUG -   position: 3
2025-10-12 14:42:11,479 - api_entries_etl - DEBUG -   normalized_text: radius
2025-10-12 14:42:11,479 - api_entries_etl - DEBUG - [Relation #1200] Created HAS_ARGUMENT: pseudo_code::CreateArc -> pseudo_code::CreateArc::arg::3
2025-10-12 14:42:11,479 - api_entries_etl - DEBUG - [Relation #1201] Created ARGUMENT_MATCHES_PARAMETER: pseudo_code::CreateArc::arg::3 -> param::CreateArc::Radius
2025-10-12 14:42:11,479 - api_entries_etl - DEBUG - [Node #986] Created PseudoCodeArgument: pseudo_code::CreateArc::arg::4
2025-10-12 14:42:11,479 - api_entries_etl - DEBUG -   text: bClose
2025-10-12 14:42:11,479 - api_entries_etl - DEBUG -   position: 4
2025-10-12 14:42:11,479 - api_entries_etl - DEBUG -   normalized_text: bclose
2025-10-12 14:42:11,479 - api_entries_etl - DEBUG - [Relation #1202] Created HAS_ARGUMENT: pseudo_code::CreateArc -> pseudo_code::CreateArc::arg::4
2025-10-12 14:42:11,479 - api_entries_etl - DEBUG - [Relation #1203] Created ARGUMENT_MATCHES_PARAMETER: pseudo_code::CreateArc::arg::4 -> param::CreateArc::bClose
2025-10-12 14:42:11,479 - api_entries_etl - DEBUG - [Node #987] Created PseudoCodeArgument: pseudo_code::CreateArc::arg::5
2025-10-12 14:42:11,479 - api_entries_etl - DEBUG -   text: Range
2025-10-12 14:42:11,479 - api_entries_etl - DEBUG -   position: 5
2025-10-12 14:42:11,479 - api_entries_etl - DEBUG -   normalized_text: range
2025-10-12 14:42:11,479 - api_entries_etl - DEBUG - [Relation #1204] Created HAS_ARGUMENT: pseudo_code::CreateArc -> pseudo_code::CreateArc::arg::5
2025-10-12 14:42:11,479 - api_entries_etl - DEBUG - [Relation #1205] Created ARGUMENT_MATCHES_PARAMETER: pseudo_code::CreateArc::arg::5 -> param::CreateArc::Range
2025-10-12 14:42:11,479 - api_entries_etl - DEBUG - [Node #988] Created Source: source::CreateArc::inline
2025-10-12 14:42:11,479 - api_entries_etl - DEBUG -   text: 〇3Dの円弧線要素を作成
  返り値:線要素の要素ID
CreateArc(
        CenterPoint,// 点(3D)：中心点
        Normal,     // 方向：軸方向
        MajorDi...
2025-10-12 14:42:11,479 - api_entries_etl - DEBUG - [Relation #1206] Created CITED_FROM: api_entry::CreateArc -> source::CreateArc::inline
2025-10-12 14:42:11,479 - api_entries_etl - DEBUG - Processing API entry #67: CreateEllipse
2025-10-12 14:42:11,479 - api_entries_etl - DEBUG - [Node #989] Created APIEntry: api_entry::CreateEllipse
2025-10-12 14:42:11,479 - api_entries_etl - DEBUG -   name: CreateEllipse
2025-10-12 14:42:11,479 - api_entries_etl - DEBUG -   category: Partオブジェクト
2025-10-12 14:42:11,479 - api_entries_etl - DEBUG -   entry_type: function
2025-10-12 14:42:11,479 - api_entries_etl - DEBUG -   description: 3Dの楕円線要素を作成
2025-10-12 14:42:11,479 - api_entries_etl - DEBUG -   text: 3Dの楕円線要素を作成

〇3Dの楕円線要素を作成
  返り値:線要素の要素ID
CreateEllipse(
        CenterPoint,// 点(3D)：中心点
        Normal,     // 方向：軸方...
2025-10-12 14:42:11,479 - api_entries_etl - DEBUG -   raw_json: {"entry_type":"function","name":"CreateEllipse","description":"3Dの楕円線要素を作成","category":"Partオブジェクト","params":[{"name"...
2025-10-12 14:42:11,479 - api_entries_etl - DEBUG -   position: 66
2025-10-12 14:42:11,490 - api_entries_etl - DEBUG - [Relation #1207] Created HAS_ENTRY: api_entries::collection -> api_entry::CreateEllipse
2025-10-12 14:42:11,490 - api_entries_etl - DEBUG - [Node #990] Created Category: category::Partオブジェクト
2025-10-12 14:42:11,490 - api_entries_etl - DEBUG -   name: Partオブジェクト
2025-10-12 14:42:11,490 - api_entries_etl - DEBUG - [Relation #1208] Created IN_CATEGORY: api_entry::CreateEllipse -> category::Partオブジェクト
2025-10-12 14:42:11,490 - api_entries_etl - DEBUG - [Node #991] Created EntryType: entry_type::function
2025-10-12 14:42:11,490 - api_entries_etl - DEBUG -   name: function
2025-10-12 14:42:11,490 - api_entries_etl - DEBUG - [Relation #1209] Created HAS_ENTRY_TYPE: api_entry::CreateEllipse -> entry_type::function
2025-10-12 14:42:11,490 - api_entries_etl - DEBUG - [Node #992] Created Parameter: param::CreateEllipse::CenterPoint
2025-10-12 14:42:11,490 - api_entries_etl - DEBUG -   name: CenterPoint
2025-10-12 14:42:11,490 - api_entries_etl - DEBUG -   param_type: 点(3D)
2025-10-12 14:42:11,490 - api_entries_etl - DEBUG -   position: 0
2025-10-12 14:42:11,490 - api_entries_etl - DEBUG -   description: 中心点
2025-10-12 14:42:11,490 - api_entries_etl - DEBUG -   raw_json: {"name":"CenterPoint","type":"点(3D)","description":"中心点","metadata":{"position":0}}
2025-10-12 14:42:11,490 - api_entries_etl - DEBUG - [Relation #1210] Created HAS_PARAMETER: api_entry::CreateEllipse -> param::CreateEllipse::CenterPoint
2025-10-12 14:42:11,490 - api_entries_etl - DEBUG - [Node #993] Created Parameter: param::CreateEllipse::Normal
2025-10-12 14:42:11,490 - api_entries_etl - DEBUG -   name: Normal
2025-10-12 14:42:11,490 - api_entries_etl - DEBUG -   param_type: 方向
2025-10-12 14:42:11,490 - api_entries_etl - DEBUG -   position: 1
2025-10-12 14:42:11,490 - api_entries_etl - DEBUG -   description: 軸方向
2025-10-12 14:42:11,490 - api_entries_etl - DEBUG -   raw_json: {"name":"Normal","type":"方向","description":"軸方向","position":1}
2025-10-12 14:42:11,490 - api_entries_etl - DEBUG - [Relation #1211] Created HAS_PARAMETER: api_entry::CreateEllipse -> param::CreateEllipse::Normal
2025-10-12 14:42:11,490 - api_entries_etl - DEBUG - [Node #994] Created Parameter: param::CreateEllipse::MajorDir
2025-10-12 14:42:11,490 - api_entries_etl - DEBUG -   name: MajorDir
2025-10-12 14:42:11,490 - api_entries_etl - DEBUG -   param_type: 方向
2025-10-12 14:42:11,490 - api_entries_etl - DEBUG -   position: 2
2025-10-12 14:42:11,490 - api_entries_etl - DEBUG -   description: 主軸方向（パラメータ０の位置方向
2025-10-12 14:42:11,490 - api_entries_etl - DEBUG -   raw_json: {"name":"MajorDir","type":"方向","description":"主軸方向（パラメータ０の位置方向","position":2}
2025-10-12 14:42:11,490 - api_entries_etl - DEBUG - [Relation #1212] Created HAS_PARAMETER: api_entry::CreateEllipse -> param::CreateEllipse::MajorDir
2025-10-12 14:42:11,490 - api_entries_etl - DEBUG - [Node #995] Created Parameter: param::CreateEllipse::MajorRadius
2025-10-12 14:42:11,490 - api_entries_etl - DEBUG -   name: MajorRadius
2025-10-12 14:42:11,490 - api_entries_etl - DEBUG -   param_type: 長さ
2025-10-12 14:42:11,490 - api_entries_etl - DEBUG -   position: 3
2025-10-12 14:42:11,490 - api_entries_etl - DEBUG -   description: 主軸半径
2025-10-12 14:42:11,490 - api_entries_etl - DEBUG -   raw_json: {"name":"MajorRadius","type":"長さ","description":"主軸半径","position":3}
2025-10-12 14:42:11,495 - api_entries_etl - DEBUG - [Relation #1213] Created HAS_PARAMETER: api_entry::CreateEllipse -> param::CreateEllipse::MajorRadius
2025-10-12 14:42:11,495 - api_entries_etl - DEBUG - [Node #996] Created Parameter: param::CreateEllipse::MinorRadius
2025-10-12 14:42:11,495 - api_entries_etl - DEBUG -   name: MinorRadius
2025-10-12 14:42:11,495 - api_entries_etl - DEBUG -   param_type: 長さ
2025-10-12 14:42:11,497 - api_entries_etl - DEBUG -   position: 4
2025-10-12 14:42:11,498 - api_entries_etl - DEBUG -   description: 副軸半径
2025-10-12 14:42:11,498 - api_entries_etl - DEBUG -   raw_json: {"name":"MinorRadius","type":"長さ","description":"副軸半径","position":4}
2025-10-12 14:42:11,498 - api_entries_etl - DEBUG - [Relation #1214] Created HAS_PARAMETER: api_entry::CreateEllipse -> param::CreateEllipse::MinorRadius
2025-10-12 14:42:11,498 - api_entries_etl - DEBUG - [Node #997] Created Parameter: param::CreateEllipse::bClose
2025-10-12 14:42:11,498 - api_entries_etl - DEBUG -   name: bClose
2025-10-12 14:42:11,498 - api_entries_etl - DEBUG -   param_type: bool
2025-10-12 14:42:11,498 - api_entries_etl - DEBUG -   position: 5
2025-10-12 14:42:11,498 - api_entries_etl - DEBUG -   description: Trueの時は閉じたを作成する
2025-10-12 14:42:11,498 - api_entries_etl - DEBUG -   raw_json: {"name":"bClose","type":"bool","description":"Trueの時は閉じたを作成する","position":5}
2025-10-12 14:42:11,498 - api_entries_etl - DEBUG - [Relation #1215] Created HAS_PARAMETER: api_entry::CreateEllipse -> param::CreateEllipse::bClose
2025-10-12 14:42:11,498 - api_entries_etl - DEBUG - [Node #998] Created Parameter: param::CreateEllipse::Range
2025-10-12 14:42:11,498 - api_entries_etl - DEBUG -   name: Range
2025-10-12 14:42:11,498 - api_entries_etl - DEBUG -   param_type: 範囲
2025-10-12 14:42:11,498 - api_entries_etl - DEBUG -   position: 6
2025-10-12 14:42:11,498 - api_entries_etl - DEBUG -   description: (0-2pi)
2025-10-12 14:42:11,498 - api_entries_etl - DEBUG -   raw_json: {"name":"Range","type":"範囲","description":"(0-2pi)","position":6}
2025-10-12 14:42:11,498 - api_entries_etl - DEBUG - [Relation #1216] Created HAS_PARAMETER: api_entry::CreateEllipse -> param::CreateEllipse::Range
2025-10-12 14:42:11,498 - api_entries_etl - DEBUG - [Node #999] Created ReturnValue: return::CreateEllipse
2025-10-12 14:42:11,498 - api_entries_etl - DEBUG -   return_type: ID
2025-10-12 14:42:11,498 - api_entries_etl - DEBUG -   description: 線要素の要素ID
2025-10-12 14:42:11,498 - api_entries_etl - DEBUG -   raw_json: {"type":"ID","description":"線要素の要素ID"}
2025-10-12 14:42:11,498 - api_entries_etl - DEBUG - [Relation #1217] Created HAS_RETURN: api_entry::CreateEllipse -> return::CreateEllipse
2025-10-12 14:42:11,498 - api_entries_etl - DEBUG - [Node #1000] Created Source: source::CreateEllipse::inline
2025-10-12 14:42:11,498 - api_entries_etl - DEBUG -   text: 〇3Dの楕円線要素を作成
  返り値:線要素の要素ID
CreateEllipse(
        CenterPoint,// 点(3D)：中心点
        Normal,     // 方向：軸方向
        Maj...
2025-10-12 14:42:11,498 - api_entries_etl - DEBUG - [Relation #1218] Created CITED_FROM: api_entry::CreateEllipse -> source::CreateEllipse::inline
2025-10-12 14:42:11,498 - api_entries_etl - DEBUG - Processing API entry #68: CreateNURBSCurve
2025-10-12 14:42:11,498 - api_entries_etl - DEBUG - [Node #1001] Created APIEntry: api_entry::CreateNURBSCurve
2025-10-12 14:42:11,498 - api_entries_etl - DEBUG -   name: CreateNURBSCurve
2025-10-12 14:42:11,498 - api_entries_etl - DEBUG -   category: Partオブジェクト
2025-10-12 14:42:11,498 - api_entries_etl - DEBUG -   entry_type: function
2025-10-12 14:42:11,498 - api_entries_etl - DEBUG -   description: 3DのＮＵＲＢＳ線要素を作成
2025-10-12 14:42:11,498 - api_entries_etl - DEBUG -   pseudo_code: CreateNURBSCurve(nDegree, bClose, bPeriodic, CtrlPoints, Weights, Knots, Range)
2025-10-12 14:42:11,498 - api_entries_etl - DEBUG -   text: 3DのＮＵＲＢＳ線要素を作成

〇3DのＮＵＲＢＳ線要素を作成
  返り値:線要素の要素ID
CreateNURBSCurve(
        nDegree,       // 整数：ＮＵＲＢＳ線の次数
        bClos...
2025-10-12 14:42:11,498 - api_entries_etl - DEBUG -   raw_json: {"category":"Partオブジェクト","entry_type":"function","name":"CreateNURBSCurve","description":"3DのＮＵＲＢＳ線要素を作成","pseudo_cod...
2025-10-12 14:42:11,498 - api_entries_etl - DEBUG -   position: 67
2025-10-12 14:42:11,498 - api_entries_etl - DEBUG - [Relation #1219] Created HAS_ENTRY: api_entries::collection -> api_entry::CreateNURBSCurve
2025-10-12 14:42:11,498 - api_entries_etl - DEBUG - [Node #1002] Created Category: category::Partオブジェクト
2025-10-12 14:42:11,498 - api_entries_etl - DEBUG -   name: Partオブジェクト
2025-10-12 14:42:11,498 - api_entries_etl - DEBUG - [Relation #1220] Created IN_CATEGORY: api_entry::CreateNURBSCurve -> category::Partオブジェクト
2025-10-12 14:42:11,498 - api_entries_etl - DEBUG - [Node #1003] Created EntryType: entry_type::function
2025-10-12 14:42:11,498 - api_entries_etl - DEBUG -   name: function
2025-10-12 14:42:11,498 - api_entries_etl - DEBUG - [Relation #1221] Created HAS_ENTRY_TYPE: api_entry::CreateNURBSCurve -> entry_type::function
2025-10-12 14:42:11,498 - api_entries_etl - DEBUG - [Node #1004] Created Parameter: param::CreateNURBSCurve::nDegree
2025-10-12 14:42:11,498 - api_entries_etl - DEBUG -   name: nDegree
2025-10-12 14:42:11,498 - api_entries_etl - DEBUG -   param_type: 整数
2025-10-12 14:42:11,498 - api_entries_etl - DEBUG -   position: 0
2025-10-12 14:42:11,498 - api_entries_etl - DEBUG -   description: ＮＵＲＢＳ線の次数
2025-10-12 14:42:11,498 - api_entries_etl - DEBUG -   raw_json: {"name":"nDegree","type":"整数","description":"ＮＵＲＢＳ線の次数","position":0}
2025-10-12 14:42:11,498 - api_entries_etl - DEBUG - [Relation #1222] Created HAS_PARAMETER: api_entry::CreateNURBSCurve -> param::CreateNURBSCurve::nDegree
2025-10-12 14:42:11,498 - api_entries_etl - DEBUG - [Node #1005] Created Parameter: param::CreateNURBSCurve::bClose
2025-10-12 14:42:11,498 - api_entries_etl - DEBUG -   name: bClose
2025-10-12 14:42:11,498 - api_entries_etl - DEBUG -   param_type: bool
2025-10-12 14:42:11,498 - api_entries_etl - DEBUG -   position: 1
2025-10-12 14:42:11,498 - api_entries_etl - DEBUG -   description: 閉じたＮＵＲＢＳ線の場合True
2025-10-12 14:42:11,498 - api_entries_etl - DEBUG -   raw_json: {"name":"bClose","type":"bool","description":"閉じたＮＵＲＢＳ線の場合True","position":1}
2025-10-12 14:42:11,498 - api_entries_etl - DEBUG - [Relation #1223] Created HAS_PARAMETER: api_entry::CreateNURBSCurve -> param::CreateNURBSCurve::bClose
2025-10-12 14:42:11,498 - api_entries_etl - DEBUG - [Node #1006] Created Parameter: param::CreateNURBSCurve::bPeriodic
2025-10-12 14:42:11,498 - api_entries_etl - DEBUG -   name: bPeriodic
2025-10-12 14:42:11,498 - api_entries_etl - DEBUG -   param_type: bool
2025-10-12 14:42:11,498 - api_entries_etl - DEBUG -   position: 2
2025-10-12 14:42:11,498 - api_entries_etl - DEBUG -   description: 周期ＮＵＲＢＳ線の場合True
2025-10-12 14:42:11,498 - api_entries_etl - DEBUG -   raw_json: {"name":"bPeriodic","type":"bool","description":"周期ＮＵＲＢＳ線の場合True","position":2}
2025-10-12 14:42:11,498 - api_entries_etl - DEBUG - [Relation #1224] Created HAS_PARAMETER: api_entry::CreateNURBSCurve -> param::CreateNURBSCurve::bPeriodic
2025-10-12 14:42:11,506 - api_entries_etl - DEBUG - [Node #1007] Created Parameter: param::CreateNURBSCurve::CtrlPoints
2025-10-12 14:42:11,506 - api_entries_etl - DEBUG -   name: CtrlPoints
2025-10-12 14:42:11,506 - api_entries_etl - DEBUG -   param_type: 点(配列)
2025-10-12 14:42:11,506 - api_entries_etl - DEBUG -   position: 3
2025-10-12 14:42:11,506 - api_entries_etl - DEBUG -   description: 制御点
2025-10-12 14:42:11,506 - api_entries_etl - DEBUG -   raw_json: {"name":"CtrlPoints","type":"点(配列)","description":"制御点","position":3}
2025-10-12 14:42:11,506 - api_entries_etl - DEBUG - [Relation #1225] Created HAS_PARAMETER: api_entry::CreateNURBSCurve -> param::CreateNURBSCurve::CtrlPoints
2025-10-12 14:42:11,506 - api_entries_etl - DEBUG - [Node #1008] Created Parameter: param::CreateNURBSCurve::Weights
2025-10-12 14:42:11,506 - api_entries_etl - DEBUG -   name: Weights
2025-10-12 14:42:11,506 - api_entries_etl - DEBUG -   param_type: 浮動小数点(配列)
2025-10-12 14:42:11,506 - api_entries_etl - DEBUG -   position: 4
2025-10-12 14:42:11,506 - api_entries_etl - DEBUG -   description: 重み
2025-10-12 14:42:11,506 - api_entries_etl - DEBUG -   raw_json: {"name":"Weights","type":"浮動小数点(配列)","description":"重み","position":4}
2025-10-12 14:42:11,506 - api_entries_etl - DEBUG - [Relation #1226] Created HAS_PARAMETER: api_entry::CreateNURBSCurve -> param::CreateNURBSCurve::Weights
2025-10-12 14:42:11,506 - api_entries_etl - DEBUG - [Node #1009] Created Parameter: param::CreateNURBSCurve::Knots
2025-10-12 14:42:11,506 - api_entries_etl - DEBUG -   name: Knots
2025-10-12 14:42:11,506 - api_entries_etl - DEBUG -   param_type: 浮動小数点(配列)
2025-10-12 14:42:11,506 - api_entries_etl - DEBUG -   position: 5
2025-10-12 14:42:11,506 - api_entries_etl - DEBUG -   description: ノットベクトル
2025-10-12 14:42:11,506 - api_entries_etl - DEBUG -   raw_json: {"name":"Knots","type":"浮動小数点(配列)","description":"ノットベクトル","position":5}
2025-10-12 14:42:11,506 - api_entries_etl - DEBUG - [Relation #1227] Created HAS_PARAMETER: api_entry::CreateNURBSCurve -> param::CreateNURBSCurve::Knots
2025-10-12 14:42:11,506 - api_entries_etl - DEBUG - [Node #1010] Created Parameter: param::CreateNURBSCurve::Range
2025-10-12 14:42:11,506 - api_entries_etl - DEBUG -   name: Range
2025-10-12 14:42:11,506 - api_entries_etl - DEBUG -   param_type: 範囲
2025-10-12 14:42:11,506 - api_entries_etl - DEBUG -   position: 6
2025-10-12 14:42:11,506 - api_entries_etl - DEBUG -   description: トリム範囲
2025-10-12 14:42:11,506 - api_entries_etl - DEBUG -   raw_json: {"name":"Range","type":"範囲","description":"トリム範囲","position":6}
2025-10-12 14:42:11,506 - api_entries_etl - DEBUG - [Relation #1228] Created HAS_PARAMETER: api_entry::CreateNURBSCurve -> param::CreateNURBSCurve::Range
2025-10-12 14:42:11,506 - api_entries_etl - DEBUG - [Node #1011] Created ReturnValue: return::CreateNURBSCurve
2025-10-12 14:42:11,506 - api_entries_etl - DEBUG -   return_type: ID
2025-10-12 14:42:11,506 - api_entries_etl - DEBUG -   description: 線要素の要素ID
2025-10-12 14:42:11,506 - api_entries_etl - DEBUG -   raw_json: {"type":"ID","description":"線要素の要素ID"}
2025-10-12 14:42:11,506 - api_entries_etl - DEBUG - [Relation #1229] Created HAS_RETURN: api_entry::CreateNURBSCurve -> return::CreateNURBSCurve
2025-10-12 14:42:11,506 - api_entries_etl - DEBUG - [Node #1012] Created PseudoCode: pseudo_code::CreateNURBSCurve
2025-10-12 14:42:11,506 - api_entries_etl - DEBUG -   code: CreateNURBSCurve(nDegree, bClose, bPeriodic, CtrlPoints, Weights, Knots, Range)
2025-10-12 14:42:11,506 - api_entries_etl - DEBUG -   callee: CreateNURBSCurve
2025-10-12 14:42:11,506 - api_entries_etl - DEBUG -   argument_count: 7
2025-10-12 14:42:11,506 - api_entries_etl - DEBUG -   arguments_json: ["nDegree","bClose","bPeriodic","CtrlPoints","Weights","Knots","Range"]
2025-10-12 14:42:11,506 - api_entries_etl - DEBUG - [Relation #1230] Created HAS_PSEUDO_CODE: api_entry::CreateNURBSCurve -> pseudo_code::CreateNURBSCurve
2025-10-12 14:42:11,506 - api_entries_etl - DEBUG - [Node #1013] Created PseudoCodeArgument: pseudo_code::CreateNURBSCurve::arg::0
2025-10-12 14:42:11,506 - api_entries_etl - DEBUG -   text: nDegree
2025-10-12 14:42:11,512 - api_entries_etl - DEBUG -   position: 0
2025-10-12 14:42:11,512 - api_entries_etl - DEBUG -   normalized_text: ndegree
2025-10-12 14:42:11,512 - api_entries_etl - DEBUG - [Relation #1231] Created HAS_ARGUMENT: pseudo_code::CreateNURBSCurve -> pseudo_code::CreateNURBSCurve::arg::0
2025-10-12 14:42:11,512 - api_entries_etl - DEBUG - [Relation #1232] Created ARGUMENT_MATCHES_PARAMETER: pseudo_code::CreateNURBSCurve::arg::0 -> param::CreateNURBSCurve::nDegree
2025-10-12 14:42:11,512 - api_entries_etl - DEBUG - [Node #1014] Created PseudoCodeArgument: pseudo_code::CreateNURBSCurve::arg::1
2025-10-12 14:42:11,512 - api_entries_etl - DEBUG -   text: bClose
2025-10-12 14:42:11,512 - api_entries_etl - DEBUG -   position: 1
2025-10-12 14:42:11,512 - api_entries_etl - DEBUG -   normalized_text: bclose
2025-10-12 14:42:11,512 - api_entries_etl - DEBUG - [Relation #1233] Created HAS_ARGUMENT: pseudo_code::CreateNURBSCurve -> pseudo_code::CreateNURBSCurve::arg::1
2025-10-12 14:42:11,512 - api_entries_etl - DEBUG - [Relation #1234] Created ARGUMENT_MATCHES_PARAMETER: pseudo_code::CreateNURBSCurve::arg::1 -> param::CreateNURBSCurve::bClose
2025-10-12 14:42:11,512 - api_entries_etl - DEBUG - [Node #1015] Created PseudoCodeArgument: pseudo_code::CreateNURBSCurve::arg::2
2025-10-12 14:42:11,512 - api_entries_etl - DEBUG -   text: bPeriodic
2025-10-12 14:42:11,512 - api_entries_etl - DEBUG -   position: 2
2025-10-12 14:42:11,512 - api_entries_etl - DEBUG -   normalized_text: bperiodic
2025-10-12 14:42:11,512 - api_entries_etl - DEBUG - [Relation #1235] Created HAS_ARGUMENT: pseudo_code::CreateNURBSCurve -> pseudo_code::CreateNURBSCurve::arg::2
2025-10-12 14:42:11,512 - api_entries_etl - DEBUG - [Relation #1236] Created ARGUMENT_MATCHES_PARAMETER: pseudo_code::CreateNURBSCurve::arg::2 -> param::CreateNURBSCurve::bPeriodic
2025-10-12 14:42:11,512 - api_entries_etl - DEBUG - [Node #1016] Created PseudoCodeArgument: pseudo_code::CreateNURBSCurve::arg::3
2025-10-12 14:42:11,512 - api_entries_etl - DEBUG -   text: CtrlPoints
2025-10-12 14:42:11,512 - api_entries_etl - DEBUG -   position: 3
2025-10-12 14:42:11,512 - api_entries_etl - DEBUG -   normalized_text: ctrlpoints
2025-10-12 14:42:11,512 - api_entries_etl - DEBUG - [Relation #1237] Created HAS_ARGUMENT: pseudo_code::CreateNURBSCurve -> pseudo_code::CreateNURBSCurve::arg::3
2025-10-12 14:42:11,512 - api_entries_etl - DEBUG - [Relation #1238] Created ARGUMENT_MATCHES_PARAMETER: pseudo_code::CreateNURBSCurve::arg::3 -> param::CreateNURBSCurve::CtrlPoints
2025-10-12 14:42:11,512 - api_entries_etl - DEBUG - [Node #1017] Created PseudoCodeArgument: pseudo_code::CreateNURBSCurve::arg::4
2025-10-12 14:42:11,512 - api_entries_etl - DEBUG -   text: Weights
2025-10-12 14:42:11,512 - api_entries_etl - DEBUG -   position: 4
2025-10-12 14:42:11,512 - api_entries_etl - DEBUG -   normalized_text: weights
2025-10-12 14:42:11,512 - api_entries_etl - DEBUG - [Relation #1239] Created HAS_ARGUMENT: pseudo_code::CreateNURBSCurve -> pseudo_code::CreateNURBSCurve::arg::4
2025-10-12 14:42:11,512 - api_entries_etl - DEBUG - [Relation #1240] Created ARGUMENT_MATCHES_PARAMETER: pseudo_code::CreateNURBSCurve::arg::4 -> param::CreateNURBSCurve::Weights
2025-10-12 14:42:11,512 - api_entries_etl - DEBUG - [Node #1018] Created PseudoCodeArgument: pseudo_code::CreateNURBSCurve::arg::5
2025-10-12 14:42:11,512 - api_entries_etl - DEBUG -   text: Knots
2025-10-12 14:42:11,512 - api_entries_etl - DEBUG -   position: 5
2025-10-12 14:42:11,512 - api_entries_etl - DEBUG -   normalized_text: knots
2025-10-12 14:42:11,512 - api_entries_etl - DEBUG - [Relation #1241] Created HAS_ARGUMENT: pseudo_code::CreateNURBSCurve -> pseudo_code::CreateNURBSCurve::arg::5
2025-10-12 14:42:11,512 - api_entries_etl - DEBUG - [Relation #1242] Created ARGUMENT_MATCHES_PARAMETER: pseudo_code::CreateNURBSCurve::arg::5 -> param::CreateNURBSCurve::Knots
2025-10-12 14:42:11,512 - api_entries_etl - DEBUG - [Node #1019] Created PseudoCodeArgument: pseudo_code::CreateNURBSCurve::arg::6
2025-10-12 14:42:11,512 - api_entries_etl - DEBUG -   text: Range
2025-10-12 14:42:11,512 - api_entries_etl - DEBUG -   position: 6
2025-10-12 14:42:11,512 - api_entries_etl - DEBUG -   normalized_text: range
2025-10-12 14:42:11,512 - api_entries_etl - DEBUG - [Relation #1243] Created HAS_ARGUMENT: pseudo_code::CreateNURBSCurve -> pseudo_code::CreateNURBSCurve::arg::6
2025-10-12 14:42:11,512 - api_entries_etl - DEBUG - [Relation #1244] Created ARGUMENT_MATCHES_PARAMETER: pseudo_code::CreateNURBSCurve::arg::6 -> param::CreateNURBSCurve::Range
2025-10-12 14:42:11,512 - api_entries_etl - DEBUG - [Node #1020] Created Source: source::CreateNURBSCurve::inline
2025-10-12 14:42:11,512 - api_entries_etl - DEBUG -   text: 〇3DのＮＵＲＢＳ線要素を作成
  返り値:線要素の要素ID
CreateNURBSCurve(
        nDegree,       // 整数：ＮＵＲＢＳ線の次数
        bClose,        // boo...
2025-10-12 14:42:11,512 - api_entries_etl - DEBUG - [Relation #1245] Created CITED_FROM: api_entry::CreateNURBSCurve -> source::CreateNURBSCurve::inline
2025-10-12 14:42:11,512 - api_entries_etl - DEBUG - Processing API entry #69: CreateLoftParam
2025-10-12 14:42:11,512 - api_entries_etl - DEBUG - [Node #1021] Created APIEntry: api_entry::CreateLoftParam
2025-10-12 14:42:11,512 - api_entries_etl - DEBUG -   name: CreateLoftParam
2025-10-12 14:42:11,512 - api_entries_etl - DEBUG -   category: Partオブジェクト
2025-10-12 14:42:11,512 - api_entries_etl - DEBUG -   entry_type: function
2025-10-12 14:42:11,512 - api_entries_etl - DEBUG -   description: ロフトパラメータオブジェクトの作成
2025-10-12 14:42:11,512 - api_entries_etl - DEBUG -   pseudo_code: CreateLoftParam()
2025-10-12 14:42:11,512 - api_entries_etl - DEBUG -   text: ロフトパラメータオブジェクトの作成

〇ロフトパラメータオブジェクトの作成
 返り値:ロフトパラメータオブジェクト
  CreateLoftParam()
2025-10-12 14:42:11,512 - api_entries_etl - DEBUG -   raw_json: {"category":"Partオブジェクト","entry_type":"function","name":"CreateLoftParam","description":"ロフトパラメータオブジェクトの作成","pseudo_c...
2025-10-12 14:42:11,512 - api_entries_etl - DEBUG -   position: 68
2025-10-12 14:42:11,512 - api_entries_etl - DEBUG - [Relation #1246] Created HAS_ENTRY: api_entries::collection -> api_entry::CreateLoftParam
2025-10-12 14:42:11,512 - api_entries_etl - DEBUG - [Node #1022] Created Category: category::Partオブジェクト
2025-10-12 14:42:11,512 - api_entries_etl - DEBUG -   name: Partオブジェクト
2025-10-12 14:42:11,512 - api_entries_etl - DEBUG - [Relation #1247] Created IN_CATEGORY: api_entry::CreateLoftParam -> category::Partオブジェクト
2025-10-12 14:42:11,512 - api_entries_etl - DEBUG - [Node #1023] Created EntryType: entry_type::function
2025-10-12 14:42:11,512 - api_entries_etl - DEBUG -   name: function
2025-10-12 14:42:11,512 - api_entries_etl - DEBUG - [Relation #1248] Created HAS_ENTRY_TYPE: api_entry::CreateLoftParam -> entry_type::function
2025-10-12 14:42:11,512 - api_entries_etl - DEBUG - [Node #1024] Created ReturnValue: return::CreateLoftParam
2025-10-12 14:42:11,512 - api_entries_etl - DEBUG -   return_type: ロフトパラメータオブジェクト
2025-10-12 14:42:11,522 - api_entries_etl - DEBUG -   description: ロフトパラメータオブジェクト
2025-10-12 14:42:11,522 - api_entries_etl - DEBUG -   raw_json: {"type":"ロフトパラメータオブジェクト","description":"ロフトパラメータオブジェクト"}
2025-10-12 14:42:11,522 - api_entries_etl - DEBUG - [Relation #1249] Created HAS_RETURN: api_entry::CreateLoftParam -> return::CreateLoftParam
2025-10-12 14:42:11,522 - api_entries_etl - DEBUG - [Relation #1250] Created RETURNS_ENTRY: return::CreateLoftParam -> api_entry::ロフトパラメータオブジェクト
2025-10-12 14:42:11,522 - api_entries_etl - WARNING - Destination node 'api_entry::ロフトパラメータオブジェクト' not found when creating relation
2025-10-12 14:42:11,522 - api_entries_etl - DEBUG - [Node #1025] Created PseudoCode: pseudo_code::CreateLoftParam
2025-10-12 14:42:11,522 - api_entries_etl - DEBUG -   code: CreateLoftParam()
2025-10-12 14:42:11,522 - api_entries_etl - DEBUG -   callee: CreateLoftParam
2025-10-12 14:42:11,522 - api_entries_etl - DEBUG -   argument_count: 0
2025-10-12 14:42:11,522 - api_entries_etl - DEBUG - [Relation #1251] Created HAS_PSEUDO_CODE: api_entry::CreateLoftParam -> pseudo_code::CreateLoftParam
2025-10-12 14:42:11,522 - api_entries_etl - DEBUG - [Node #1026] Created Source: source::CreateLoftParam::inline
2025-10-12 14:42:11,522 - api_entries_etl - DEBUG -   text: 〇ロフトパラメータオブジェクトの作成
 返り値:ロフトパラメータオブジェクト
  CreateLoftParam()
2025-10-12 14:42:11,522 - api_entries_etl - DEBUG - [Relation #1252] Created CITED_FROM: api_entry::CreateLoftParam -> source::CreateLoftParam::inline
2025-10-12 14:42:11,522 - api_entries_etl - DEBUG - Processing API entry #70: ロフトパラメータオブジェクト
2025-10-12 14:42:11,522 - api_entries_etl - DEBUG - [Node #1027] Created APIEntry: api_entry::ロフトパラメータオブジェクト
2025-10-12 14:42:11,522 - api_entries_etl - DEBUG -   name: ロフトパラメータオブジェクト
2025-10-12 14:42:11,522 - api_entries_etl - DEBUG -   category: ロフトパラメータオブジェクト
2025-10-12 14:42:11,522 - api_entries_etl - DEBUG -   entry_type: object
2025-10-12 14:42:11,522 - api_entries_etl - DEBUG -   description: ロフト操作の設定パラメータを格納するオブジェクト
2025-10-12 14:42:11,522 - api_entries_etl - DEBUG -   text: ロフト操作の設定パラメータを格納するオブジェクト

〇ロフトパラメータオブジェクト
   属性
   NAME   // 文字列：要素名（空文字可）
   ElementGroup, // 要素グループ：作成するシート要素を要素グルー...
2025-10-12 14:42:11,522 - api_entries_etl - DEBUG -   raw_json: {"category":"ロフトパラメータオブジェクト","entry_type":"object","name":"ロフトパラメータオブジェクト","description":"ロフト操作の設定パラメータを格納するオブジェクト","...
2025-10-12 14:42:11,522 - api_entries_etl - DEBUG -   position: 69
2025-10-12 14:42:11,522 - api_entries_etl - DEBUG - [Relation #1253] Created HAS_ENTRY: api_entries::collection -> api_entry::ロフトパラメータオブジェクト
2025-10-12 14:42:11,522 - api_entries_etl - DEBUG - [Node #1028] Created Category: category::ロフトパラメータオブジェクト
2025-10-12 14:42:11,522 - api_entries_etl - DEBUG -   name: ロフトパラメータオブジェクト
2025-10-12 14:42:11,522 - api_entries_etl - DEBUG - [Relation #1254] Created IN_CATEGORY: api_entry::ロフトパラメータオブジェクト -> category::ロフトパラメータオブジェクト
2025-10-12 14:42:11,522 - api_entries_etl - DEBUG - [Node #1029] Created EntryType: entry_type::object
2025-10-12 14:42:11,522 - api_entries_etl - DEBUG -   name: object
2025-10-12 14:42:11,522 - api_entries_etl - DEBUG - [Relation #1255] Created HAS_ENTRY_TYPE: api_entry::ロフトパラメータオブジェクト -> entry_type::object
2025-10-12 14:42:11,522 - api_entries_etl - DEBUG - [Node #1030] Created Property: property::ロフトパラメータオブジェクト::NAME
2025-10-12 14:42:11,522 - api_entries_etl - DEBUG -   name: NAME
2025-10-12 14:42:11,522 - api_entries_etl - DEBUG -   property_type: 文字列
2025-10-12 14:42:11,522 - api_entries_etl - DEBUG -   description: 要素名（空文字可）
2025-10-12 14:42:11,522 - api_entries_etl - DEBUG -   raw_json: {"name":"NAME","type":"文字列","description":"要素名（空文字可）"}
2025-10-12 14:42:11,522 - api_entries_etl - DEBUG -   position: 0
2025-10-12 14:42:11,522 - api_entries_etl - DEBUG - [Relation #1256] Created HAS_PROPERTY: api_entry::ロフトパラメータオブジェクト -> property::ロフトパラメータオブジェクト::NAME
2025-10-12 14:42:11,522 - api_entries_etl - DEBUG - [Node #1031] Created Property: property::ロフトパラメータオブジェクト::ElementGroup
2025-10-12 14:42:11,522 - api_entries_etl - DEBUG -   name: ElementGroup
2025-10-12 14:42:11,522 - api_entries_etl - DEBUG -   property_type: 要素グループ
2025-10-12 14:42:11,522 - api_entries_etl - DEBUG -   description: 作成するシート要素を要素グループに入れる場合は要素グループを指定（空文字可）
2025-10-12 14:42:11,522 - api_entries_etl - DEBUG -   raw_json: {"name":"ElementGroup","type":"要素グループ","description":"作成するシート要素を要素グループに入れる場合は要素グループを指定（空文字可）"}
2025-10-12 14:42:11,522 - api_entries_etl - DEBUG -   position: 1
2025-10-12 14:42:11,522 - api_entries_etl - DEBUG - [Relation #1257] Created HAS_PROPERTY: api_entry::ロフトパラメータオブジェクト -> property::ロフトパラメータオブジェクト::ElementGroup
2025-10-12 14:42:11,522 - api_entries_etl - DEBUG - [Node #1032] Created Property: property::ロフトパラメータオブジェクト::MaterialName
2025-10-12 14:42:11,522 - api_entries_etl - DEBUG -   name: MaterialName
2025-10-12 14:42:11,522 - api_entries_etl - DEBUG -   property_type: 材料
2025-10-12 14:42:11,522 - api_entries_etl - DEBUG -   description: 作成するシード要素の材質名称（空文字可）
2025-10-12 14:42:11,522 - api_entries_etl - DEBUG -   raw_json: {"name":"MaterialName","type":"材料","description":"作成するシード要素の材質名称（空文字可）"}
2025-10-12 14:42:11,522 - api_entries_etl - DEBUG -   position: 2
2025-10-12 14:42:11,522 - api_entries_etl - DEBUG - [Relation #1258] Created HAS_PROPERTY: api_entry::ロフトパラメータオブジェクト -> property::ロフトパラメータオブジェクト::MaterialName
2025-10-12 14:42:11,522 - api_entries_etl - DEBUG - [Node #1033] Created Property: property::ロフトパラメータオブジェクト::ReferMethod
2025-10-12 14:42:11,522 - api_entries_etl - DEBUG -   name: ReferMethod
2025-10-12 14:42:11,522 - api_entries_etl - DEBUG -   property_type: 関連設定
2025-10-12 14:42:11,522 - api_entries_etl - DEBUG -   description: 要素の関連づけ方法の指定
2025-10-12 14:42:11,522 - api_entries_etl - DEBUG -   raw_json: {"name":"ReferMethod","type":"関連設定","description":"要素の関連づけ方法の指定"}
2025-10-12 14:42:11,522 - api_entries_etl - DEBUG -   position: 3
2025-10-12 14:42:11,522 - api_entries_etl - DEBUG - [Relation #1259] Created HAS_PROPERTY: api_entry::ロフトパラメータオブジェクト -> property::ロフトパラメータオブジェクト::ReferMethod
2025-10-12 14:42:11,522 - api_entries_etl - DEBUG - [Node #1034] Created Property: property::ロフトパラメータオブジェクト::Profile
2025-10-12 14:42:11,522 - api_entries_etl - DEBUG -   name: Profile
2025-10-12 14:42:11,522 - api_entries_etl - DEBUG -   property_type: 要素(配列)
2025-10-12 14:42:11,522 - api_entries_etl - DEBUG -   description: ロフトのプロファイル要素（スケッチ、線）
2025-10-12 14:42:11,522 - api_entries_etl - DEBUG -   raw_json: {"name":"Profile","type":"要素(配列)","description":"ロフトのプロファイル要素（スケッチ、線）"}
2025-10-12 14:42:11,522 - api_entries_etl - DEBUG -   position: 4
2025-10-12 14:42:11,522 - api_entries_etl - DEBUG - [Relation #1260] Created HAS_PROPERTY: api_entry::ロフトパラメータオブジェクト -> property::ロフトパラメータオブジェクト::Profile
2025-10-12 14:42:11,522 - api_entries_etl - DEBUG - [Node #1035] Created Property: property::ロフトパラメータオブジェクト::Guide
2025-10-12 14:42:11,522 - api_entries_etl - DEBUG -   name: Guide
2025-10-12 14:42:11,522 - api_entries_etl - DEBUG -   property_type: 要素(配列)
2025-10-12 14:42:11,532 - api_entries_etl - DEBUG -   description: ロフトのガイド要素（スケッチ、線）
2025-10-12 14:42:11,532 - api_entries_etl - DEBUG -   raw_json: {"name":"Guide","type":"要素(配列)","description":"ロフトのガイド要素（スケッチ、線）"}
2025-10-12 14:42:11,532 - api_entries_etl - DEBUG -   position: 5
2025-10-12 14:42:11,532 - api_entries_etl - DEBUG - [Relation #1261] Created HAS_PROPERTY: api_entry::ロフトパラメータオブジェクト -> property::ロフトパラメータオブジェクト::Guide
2025-10-12 14:42:11,532 - api_entries_etl - DEBUG - [Node #1036] Created Property: property::ロフトパラメータオブジェクト::Alignment
2025-10-12 14:42:11,532 - api_entries_etl - DEBUG -   name: Alignment
2025-10-12 14:42:11,532 - api_entries_etl - DEBUG -   property_type: 要素(配列)
2025-10-12 14:42:11,532 - api_entries_etl - DEBUG -   description: ロフトのプロファイル要素の整列要素（スケッチ、線）
2025-10-12 14:42:11,532 - api_entries_etl - DEBUG -   raw_json: {"name":"Alignment","type":"要素(配列)","description":"ロフトのプロファイル要素の整列要素（スケッチ、線）"}
2025-10-12 14:42:11,532 - api_entries_etl - DEBUG -   position: 6
2025-10-12 14:42:11,532 - api_entries_etl - DEBUG - [Relation #1262] Created HAS_PROPERTY: api_entry::ロフトパラメータオブジェクト -> property::ロフトパラメータオブジェクト::Alignment
2025-10-12 14:42:11,532 - api_entries_etl - DEBUG - [Node #1037] Created Property: property::ロフトパラメータオブジェクト::StartTangentType
2025-10-12 14:42:11,532 - api_entries_etl - DEBUG -   name: StartTangentType
2025-10-12 14:42:11,532 - api_entries_etl - DEBUG -   property_type: 整数
2025-10-12 14:42:11,532 - api_entries_etl - DEBUG -   description: 始点側の接続要素指定(0:指定なし 1:平面に接続 2:面群にG1連続で接続 3:面群にG2連続で接続
2025-10-12 14:42:11,532 - api_entries_etl - DEBUG -   raw_json: {"name":"StartTangentType","type":"整数","description":"始点側の接続要素指定(0:指定なし 1:平面に接続 2:面群にG1連続で接続 3:面群にG2連続で接続"}
2025-10-12 14:42:11,532 - api_entries_etl - DEBUG -   position: 7
2025-10-12 14:42:11,532 - api_entries_etl - DEBUG - [Relation #1263] Created HAS_PROPERTY: api_entry::ロフトパラメータオブジェクト -> property::ロフトパラメータオブジェクト::StartTangentType
2025-10-12 14:42:11,532 - api_entries_etl - DEBUG - [Node #1038] Created Property: property::ロフトパラメータオブジェクト::StartTangentElement
2025-10-12 14:42:11,532 - api_entries_etl - DEBUG -   name: StartTangentElement
2025-10-12 14:42:11,532 - api_entries_etl - DEBUG -   property_type: 要素(配列)
2025-10-12 14:42:11,532 - api_entries_etl - DEBUG -   description: 始点側の接続要素
2025-10-12 14:42:11,532 - api_entries_etl - DEBUG -   raw_json: {"name":"StartTangentElement","type":"要素(配列)","description":"始点側の接続要素"}
2025-10-12 14:42:11,532 - api_entries_etl - DEBUG -   position: 8
2025-10-12 14:42:11,532 - api_entries_etl - DEBUG - [Relation #1264] Created HAS_PROPERTY: api_entry::ロフトパラメータオブジェクト -> property::ロフトパラメータオブジェクト::StartTangentElement
2025-10-12 14:42:11,532 - api_entries_etl - DEBUG - [Node #1039] Created Property: property::ロフトパラメータオブジェクト::StartTangentScale
2025-10-12 14:42:11,532 - api_entries_etl - DEBUG -   name: StartTangentScale
2025-10-12 14:42:11,532 - api_entries_etl - DEBUG -   property_type: 浮動小数点
2025-10-12 14:42:11,532 - api_entries_etl - DEBUG -   description: 始点側の接続スケール
2025-10-12 14:42:11,532 - api_entries_etl - DEBUG -   raw_json: {"name":"StartTangentScale","type":"浮動小数点","description":"始点側の接続スケール"}
2025-10-12 14:42:11,532 - api_entries_etl - DEBUG -   position: 9
2025-10-12 14:42:11,532 - api_entries_etl - DEBUG - [Relation #1265] Created HAS_PROPERTY: api_entry::ロフトパラメータオブジェクト -> property::ロフトパラメータオブジェクト::StartTangentScale
2025-10-12 14:42:11,532 - api_entries_etl - DEBUG - [Node #1040] Created Property: property::ロフトパラメータオブジェクト::EndTangentType
2025-10-12 14:42:11,532 - api_entries_etl - DEBUG -   name: EndTangentType
2025-10-12 14:42:11,532 - api_entries_etl - DEBUG -   property_type: 整数
2025-10-12 14:42:11,532 - api_entries_etl - DEBUG -   description: 終点側の接続要素指定(0:指定なし 1:平面に接続 2:面群にG1連続で接続 3:面群にG2連続で接続
2025-10-12 14:42:11,532 - api_entries_etl - DEBUG -   raw_json: {"name":"EndTangentType","type":"整数","description":"終点側の接続要素指定(0:指定なし 1:平面に接続 2:面群にG1連続で接続 3:面群にG2連続で接続"}
2025-10-12 14:42:11,532 - api_entries_etl - DEBUG -   position: 10
2025-10-12 14:42:11,532 - api_entries_etl - DEBUG - [Relation #1266] Created HAS_PROPERTY: api_entry::ロフトパラメータオブジェクト -> property::ロフトパラメータオブジェクト::EndTangentType
2025-10-12 14:42:11,532 - api_entries_etl - DEBUG - [Node #1041] Created Property: property::ロフトパラメータオブジェクト::EndTangentElement
2025-10-12 14:42:11,532 - api_entries_etl - DEBUG -   name: EndTangentElement
2025-10-12 14:42:11,532 - api_entries_etl - DEBUG -   property_type: 要素(配列)
2025-10-12 14:42:11,532 - api_entries_etl - DEBUG -   description: 終点側の接続要素
2025-10-12 14:42:11,538 - api_entries_etl - DEBUG -   raw_json: {"name":"EndTangentElement","type":"要素(配列)","description":"終点側の接続要素"}
2025-10-12 14:42:11,538 - api_entries_etl - DEBUG -   position: 11
2025-10-12 14:42:11,538 - api_entries_etl - DEBUG - [Relation #1267] Created HAS_PROPERTY: api_entry::ロフトパラメータオブジェクト -> property::ロフトパラメータオブジェクト::EndTangentElement
2025-10-12 14:42:11,538 - api_entries_etl - DEBUG - [Node #1042] Created Property: property::ロフトパラメータオブジェクト::EndTangentScale
2025-10-12 14:42:11,538 - api_entries_etl - DEBUG -   name: EndTangentScale
2025-10-12 14:42:11,539 - api_entries_etl - DEBUG -   property_type: 浮動小数点
2025-10-12 14:42:11,539 - api_entries_etl - DEBUG -   description: 終点側の接続スケール
2025-10-12 14:42:11,539 - api_entries_etl - DEBUG -   raw_json: {"name":"EndTangentScale","type":"浮動小数点","description":"終点側の接続スケール"}
2025-10-12 14:42:11,539 - api_entries_etl - DEBUG -   position: 12
2025-10-12 14:42:11,539 - api_entries_etl - DEBUG - [Relation #1268] Created HAS_PROPERTY: api_entry::ロフトパラメータオブジェクト -> property::ロフトパラメータオブジェクト::EndTangentScale
2025-10-12 14:42:11,539 - api_entries_etl - DEBUG - [Node #1043] Created Property: property::ロフトパラメータオブジェクト::Close
2025-10-12 14:42:11,539 - api_entries_etl - DEBUG -   name: Close
2025-10-12 14:42:11,539 - api_entries_etl - DEBUG -   property_type: bool
2025-10-12 14:42:11,539 - api_entries_etl - DEBUG -   description: 閉じたロフト形状を作成するときはTrue
2025-10-12 14:42:11,539 - api_entries_etl - DEBUG -   raw_json: {"name":"Close","type":"bool","description":"閉じたロフト形状を作成するときはTrue"}
2025-10-12 14:42:11,539 - api_entries_etl - DEBUG -   position: 13
2025-10-12 14:42:11,539 - api_entries_etl - DEBUG - [Relation #1269] Created HAS_PROPERTY: api_entry::ロフトパラメータオブジェクト -> property::ロフトパラメータオブジェクト::Close
2025-10-12 14:42:11,539 - api_entries_etl - DEBUG - [Node #1044] Created Property: property::ロフトパラメータオブジェクト::UseGuidesInProfiles
2025-10-12 14:42:11,539 - api_entries_etl - DEBUG -   name: UseGuidesInProfiles
2025-10-12 14:42:11,539 - api_entries_etl - DEBUG -   property_type: bool
2025-10-12 14:42:11,539 - api_entries_etl - DEBUG -   description: プロファイル範囲内でガイドせんを利用する場合はTrue
2025-10-12 14:42:11,539 - api_entries_etl - DEBUG -   raw_json: {"name":"UseGuidesInProfiles","type":"bool","description":"プロファイル範囲内でガイドせんを利用する場合はTrue"}
2025-10-12 14:42:11,539 - api_entries_etl - DEBUG -   position: 14
2025-10-12 14:42:11,539 - api_entries_etl - DEBUG - [Relation #1270] Created HAS_PROPERTY: api_entry::ロフトパラメータオブジェクト -> property::ロフトパラメータオブジェクト::UseGuidesInProfiles
2025-10-12 14:42:11,539 - api_entries_etl - DEBUG - [Node #1045] Created Source: source::ロフトパラメータオブジェクト::inline
2025-10-12 14:42:11,539 - api_entries_etl - DEBUG -   text: 〇ロフトパラメータオブジェクト
   属性
   NAME   // 文字列：要素名（空文字可）
   ElementGroup, // 要素グループ：作成するシート要素を要素グループに入れる場合は要素グループを指定（空文字可）
  ...
2025-10-12 14:42:11,539 - api_entries_etl - DEBUG - [Relation #1271] Created CITED_FROM: api_entry::ロフトパラメータオブジェクト -> source::ロフトパラメータオブジェクト::inline
2025-10-12 14:42:11,539 - api_entries_etl - DEBUG - Processing API entry #71: CreateLoft
2025-10-12 14:42:11,539 - api_entries_etl - DEBUG - [Node #1046] Created APIEntry: api_entry::CreateLoft
2025-10-12 14:42:11,539 - api_entries_etl - DEBUG -   name: CreateLoft
2025-10-12 14:42:11,539 - api_entries_etl - DEBUG -   category: Partオブジェクト
2025-10-12 14:42:11,539 - api_entries_etl - DEBUG -   entry_type: function
2025-10-12 14:42:11,539 - api_entries_etl - DEBUG -   description: 指定したソリッド要素にロフト形状を付加する
2025-10-12 14:42:11,539 - api_entries_etl - DEBUG -   pseudo_code: CreateLoft(TargetSolidName, OperationType, pParam, bUpdate)
2025-10-12 14:42:11,539 - api_entries_etl - DEBUG -   text: 指定したソリッド要素にロフト形状を付加する

〇指定したソリッド要素にロフト形状を付加する
  返り値:作成されたロフトフィーチャーのID
CreateLoft(
        TargetSolidName, // 要素：ロフトフ...
2025-10-12 14:42:11,539 - api_entries_etl - DEBUG -   raw_json: {"category":"Partオブジェクト","entry_type":"function","name":"CreateLoft","description":"指定したソリッド要素にロフト形状を付加する","pseudo_co...
2025-10-12 14:42:11,539 - api_entries_etl - DEBUG -   position: 70
2025-10-12 14:42:11,539 - api_entries_etl - DEBUG - [Relation #1272] Created HAS_ENTRY: api_entries::collection -> api_entry::CreateLoft
2025-10-12 14:42:11,539 - api_entries_etl - DEBUG - [Node #1047] Created Category: category::Partオブジェクト
2025-10-12 14:42:11,539 - api_entries_etl - DEBUG -   name: Partオブジェクト
2025-10-12 14:42:11,539 - api_entries_etl - DEBUG - [Relation #1273] Created IN_CATEGORY: api_entry::CreateLoft -> category::Partオブジェクト
2025-10-12 14:42:11,539 - api_entries_etl - DEBUG - [Node #1048] Created EntryType: entry_type::function
2025-10-12 14:42:11,539 - api_entries_etl - DEBUG -   name: function
2025-10-12 14:42:11,539 - api_entries_etl - DEBUG - [Relation #1274] Created HAS_ENTRY_TYPE: api_entry::CreateLoft -> entry_type::function
2025-10-12 14:42:11,539 - api_entries_etl - DEBUG - [Node #1049] Created Parameter: param::CreateLoft::TargetSolidName
2025-10-12 14:42:11,539 - api_entries_etl - DEBUG -   name: TargetSolidName
2025-10-12 14:42:11,539 - api_entries_etl - DEBUG -   param_type: 要素
2025-10-12 14:42:11,539 - api_entries_etl - DEBUG -   position: 0
2025-10-12 14:42:11,539 - api_entries_etl - DEBUG -   description: ロフトフィーチャーを作成する対象のソリッドを指定
2025-10-12 14:42:11,539 - api_entries_etl - DEBUG -   raw_json: {"name":"TargetSolidName","type":"要素","description":"ロフトフィーチャーを作成する対象のソリッドを指定","position":0}
2025-10-12 14:42:11,545 - api_entries_etl - DEBUG - [Relation #1275] Created HAS_PARAMETER: api_entry::CreateLoft -> param::CreateLoft::TargetSolidName
2025-10-12 14:42:11,545 - api_entries_etl - DEBUG - [Node #1050] Created Parameter: param::CreateLoft::OperationType
2025-10-12 14:42:11,545 - api_entries_etl - DEBUG -   name: OperationType
2025-10-12 14:42:11,545 - api_entries_etl - DEBUG -   param_type: オペレーションタイプ
2025-10-12 14:42:11,545 - api_entries_etl - DEBUG -   position: 1
2025-10-12 14:42:11,545 - api_entries_etl - DEBUG -   description: ソリッドオペレーションのタイプを指定する
2025-10-12 14:42:11,545 - api_entries_etl - DEBUG -   raw_json: {"name":"OperationType","type":"オペレーションタイプ","description":"ソリッドオペレーションのタイプを指定する","position":1}
2025-10-12 14:42:11,547 - api_entries_etl - DEBUG - [Relation #1276] Created HAS_PARAMETER: api_entry::CreateLoft -> param::CreateLoft::OperationType
2025-10-12 14:42:11,547 - api_entries_etl - DEBUG - [Node #1051] Created Parameter: param::CreateLoft::pParam
2025-10-12 14:42:11,547 - api_entries_etl - DEBUG -   name: pParam
2025-10-12 14:42:11,547 - api_entries_etl - DEBUG -   param_type: ロフトパラメータオブジェクト
2025-10-12 14:42:11,547 - api_entries_etl - DEBUG -   position: 2
2025-10-12 14:42:11,547 - api_entries_etl - DEBUG -   description: ロフト作成の詳細パラメータを含むオブジェクト
2025-10-12 14:42:11,547 - api_entries_etl - DEBUG -   raw_json: {"name":"pParam","type":"ロフトパラメータオブジェクト","description":"ロフト作成の詳細パラメータを含むオブジェクト","position":2}
2025-10-12 14:42:11,547 - api_entries_etl - DEBUG - [Relation #1277] Created HAS_PARAMETER: api_entry::CreateLoft -> param::CreateLoft::pParam
2025-10-12 14:42:11,547 - api_entries_etl - DEBUG - [Node #1052] Created Parameter: param::CreateLoft::bUpdate
2025-10-12 14:42:11,547 - api_entries_etl - DEBUG -   name: bUpdate
2025-10-12 14:42:11,547 - api_entries_etl - DEBUG -   param_type: bool
2025-10-12 14:42:11,547 - api_entries_etl - DEBUG -   position: 3
2025-10-12 14:42:11,547 - api_entries_etl - DEBUG -   description: bool：更新フラグ（未実装、使用しない）
2025-10-12 14:42:11,547 - api_entries_etl - DEBUG -   raw_json: {"name":"bUpdate","type":"bool","description":"bool：更新フラグ（未実装、使用しない）","position":3}
2025-10-12 14:42:11,547 - api_entries_etl - DEBUG - [Relation #1278] Created HAS_PARAMETER: api_entry::CreateLoft -> param::CreateLoft::bUpdate
2025-10-12 14:42:11,547 - api_entries_etl - DEBUG - [Node #1053] Created ReturnValue: return::CreateLoft
2025-10-12 14:42:11,547 - api_entries_etl - DEBUG -   return_type: 要素
2025-10-12 14:42:11,547 - api_entries_etl - DEBUG -   description: 作成されたロフトフィーチャーのID（"ID@..." 形式の文字列）
2025-10-12 14:42:11,547 - api_entries_etl - DEBUG -   raw_json: {"type":"要素","description":"作成されたロフトフィーチャーのID（\"ID@...\" 形式の文字列）"}
2025-10-12 14:42:11,547 - api_entries_etl - DEBUG - [Relation #1279] Created HAS_RETURN: api_entry::CreateLoft -> return::CreateLoft
2025-10-12 14:42:11,547 - api_entries_etl - DEBUG - [Node #1054] Created PseudoCode: pseudo_code::CreateLoft
2025-10-12 14:42:11,547 - api_entries_etl - DEBUG -   code: CreateLoft(TargetSolidName, OperationType, pParam, bUpdate)
2025-10-12 14:42:11,547 - api_entries_etl - DEBUG -   callee: CreateLoft
2025-10-12 14:42:11,547 - api_entries_etl - DEBUG -   argument_count: 4
2025-10-12 14:42:11,547 - api_entries_etl - DEBUG -   arguments_json: ["TargetSolidName","OperationType","pParam","bUpdate"]
2025-10-12 14:42:11,553 - api_entries_etl - DEBUG - [Relation #1280] Created HAS_PSEUDO_CODE: api_entry::CreateLoft -> pseudo_code::CreateLoft
2025-10-12 14:42:11,553 - api_entries_etl - DEBUG - [Node #1055] Created PseudoCodeArgument: pseudo_code::CreateLoft::arg::0
2025-10-12 14:42:11,553 - api_entries_etl - DEBUG -   text: TargetSolidName
2025-10-12 14:42:11,553 - api_entries_etl - DEBUG -   position: 0
2025-10-12 14:42:11,553 - api_entries_etl - DEBUG -   normalized_text: targetsolidname
2025-10-12 14:42:11,553 - api_entries_etl - DEBUG - [Relation #1281] Created HAS_ARGUMENT: pseudo_code::CreateLoft -> pseudo_code::CreateLoft::arg::0
2025-10-12 14:42:11,553 - api_entries_etl - DEBUG - [Relation #1282] Created ARGUMENT_MATCHES_PARAMETER: pseudo_code::CreateLoft::arg::0 -> param::CreateLoft::TargetSolidName
2025-10-12 14:42:11,553 - api_entries_etl - DEBUG - [Node #1056] Created PseudoCodeArgument: pseudo_code::CreateLoft::arg::1
2025-10-12 14:42:11,553 - api_entries_etl - DEBUG -   text: OperationType
2025-10-12 14:42:11,553 - api_entries_etl - DEBUG -   position: 1
2025-10-12 14:42:11,553 - api_entries_etl - DEBUG -   normalized_text: operationtype
2025-10-12 14:42:11,553 - api_entries_etl - DEBUG - [Relation #1283] Created HAS_ARGUMENT: pseudo_code::CreateLoft -> pseudo_code::CreateLoft::arg::1
2025-10-12 14:42:11,553 - api_entries_etl - DEBUG - [Relation #1284] Created ARGUMENT_MATCHES_PARAMETER: pseudo_code::CreateLoft::arg::1 -> param::CreateLoft::OperationType
2025-10-12 14:42:11,553 - api_entries_etl - DEBUG - [Node #1057] Created PseudoCodeArgument: pseudo_code::CreateLoft::arg::2
2025-10-12 14:42:11,553 - api_entries_etl - DEBUG -   text: pParam
2025-10-12 14:42:11,553 - api_entries_etl - DEBUG -   position: 2
2025-10-12 14:42:11,553 - api_entries_etl - DEBUG -   normalized_text: pparam
2025-10-12 14:42:11,553 - api_entries_etl - DEBUG - [Relation #1285] Created HAS_ARGUMENT: pseudo_code::CreateLoft -> pseudo_code::CreateLoft::arg::2
2025-10-12 14:42:11,553 - api_entries_etl - DEBUG - [Relation #1286] Created ARGUMENT_MATCHES_PARAMETER: pseudo_code::CreateLoft::arg::2 -> param::CreateLoft::pParam
2025-10-12 14:42:11,553 - api_entries_etl - DEBUG - [Node #1058] Created PseudoCodeArgument: pseudo_code::CreateLoft::arg::3
2025-10-12 14:42:11,553 - api_entries_etl - DEBUG -   text: bUpdate
2025-10-12 14:42:11,553 - api_entries_etl - DEBUG -   position: 3
2025-10-12 14:42:11,553 - api_entries_etl - DEBUG -   normalized_text: bupdate
2025-10-12 14:42:11,553 - api_entries_etl - DEBUG - [Relation #1287] Created HAS_ARGUMENT: pseudo_code::CreateLoft -> pseudo_code::CreateLoft::arg::3
2025-10-12 14:42:11,553 - api_entries_etl - DEBUG - [Relation #1288] Created ARGUMENT_MATCHES_PARAMETER: pseudo_code::CreateLoft::arg::3 -> param::CreateLoft::bUpdate
2025-10-12 14:42:11,553 - api_entries_etl - DEBUG - [Node #1059] Created Source: source::CreateLoft::inline
2025-10-12 14:42:11,553 - api_entries_etl - DEBUG -   text: 〇指定したソリッド要素にロフト形状を付加する
  返り値:作成されたロフトフィーチャーのID
CreateLoft(
        TargetSolidName, // 要素：ロフトフィーチャーを作成する対象のソリッドを指定
  ...
2025-10-12 14:42:11,553 - api_entries_etl - DEBUG - [Relation #1289] Created CITED_FROM: api_entry::CreateLoft -> source::CreateLoft::inline
2025-10-12 14:42:11,553 - api_entries_etl - DEBUG - Processing API entry #72: CreateLoftSheet
2025-10-12 14:42:11,553 - api_entries_etl - DEBUG - [Node #1060] Created APIEntry: api_entry::CreateLoftSheet
2025-10-12 14:42:11,553 - api_entries_etl - DEBUG -   name: CreateLoftSheet
2025-10-12 14:42:11,553 - api_entries_etl - DEBUG -   category: Partオブジェクト
2025-10-12 14:42:11,553 - api_entries_etl - DEBUG -   entry_type: function
2025-10-12 14:42:11,553 - api_entries_etl - DEBUG -   description: ロフトシート要素を作成
2025-10-12 14:42:11,553 - api_entries_etl - DEBUG -   pseudo_code: CreateLoftSheet(ParamObj, bUpdate)
2025-10-12 14:42:11,553 - api_entries_etl - DEBUG -   text: ロフトシート要素を作成

〇ロフトシート要素を作成
  返り値:作成されたシート要素の要素ID
CreateLoftSheet(
        ParamObj, // ロフトパラメータオブジェクト
        bUpdate)...
2025-10-12 14:42:11,553 - api_entries_etl - DEBUG -   raw_json: {"category":"Partオブジェクト","entry_type":"function","name":"CreateLoftSheet","description":"ロフトシート要素を作成","pseudo_code":"...
2025-10-12 14:42:11,553 - api_entries_etl - DEBUG -   position: 71
2025-10-12 14:42:11,553 - api_entries_etl - DEBUG - [Relation #1290] Created HAS_ENTRY: api_entries::collection -> api_entry::CreateLoftSheet
2025-10-12 14:42:11,553 - api_entries_etl - DEBUG - [Node #1061] Created Category: category::Partオブジェクト
2025-10-12 14:42:11,553 - api_entries_etl - DEBUG -   name: Partオブジェクト
2025-10-12 14:42:11,553 - api_entries_etl - DEBUG - [Relation #1291] Created IN_CATEGORY: api_entry::CreateLoftSheet -> category::Partオブジェクト
2025-10-12 14:42:11,553 - api_entries_etl - DEBUG - [Node #1062] Created EntryType: entry_type::function
2025-10-12 14:42:11,553 - api_entries_etl - DEBUG -   name: function
2025-10-12 14:42:11,553 - api_entries_etl - DEBUG - [Relation #1292] Created HAS_ENTRY_TYPE: api_entry::CreateLoftSheet -> entry_type::function
2025-10-12 14:42:11,553 - api_entries_etl - DEBUG - [Node #1063] Created Parameter: param::CreateLoftSheet::ParamObj
2025-10-12 14:42:11,553 - api_entries_etl - DEBUG -   name: ParamObj
2025-10-12 14:42:11,553 - api_entries_etl - DEBUG -   param_type: ロフトパラメータオブジェクト
2025-10-12 14:42:11,553 - api_entries_etl - DEBUG -   position: 0
2025-10-12 14:42:11,553 - api_entries_etl - DEBUG -   description: ロフト作成に必要なパラメータを格納したオブジェクト
2025-10-12 14:42:11,553 - api_entries_etl - DEBUG -   raw_json: {"name":"ParamObj","type":"ロフトパラメータオブジェクト","description":"ロフト作成に必要なパラメータを格納したオブジェクト","position":0}
2025-10-12 14:42:11,553 - api_entries_etl - DEBUG - [Relation #1293] Created HAS_PARAMETER: api_entry::CreateLoftSheet -> param::CreateLoftSheet::ParamObj
2025-10-12 14:42:11,553 - api_entries_etl - DEBUG - [Node #1064] Created Parameter: param::CreateLoftSheet::bUpdate
2025-10-12 14:42:11,553 - api_entries_etl - DEBUG -   name: bUpdate
2025-10-12 14:42:11,553 - api_entries_etl - DEBUG -   param_type: bool
2025-10-12 14:42:11,553 - api_entries_etl - DEBUG -   position: 1
2025-10-12 14:42:11,553 - api_entries_etl - DEBUG -   description: 更新フラグ（未実装、使用しない）
2025-10-12 14:42:11,553 - api_entries_etl - DEBUG -   raw_json: {"name":"bUpdate","type":"bool","description":"更新フラグ（未実装、使用しない）","position":1}
2025-10-12 14:42:11,562 - api_entries_etl - DEBUG - [Relation #1294] Created HAS_PARAMETER: api_entry::CreateLoftSheet -> param::CreateLoftSheet::bUpdate
2025-10-12 14:42:11,562 - api_entries_etl - DEBUG - [Node #1065] Created ReturnValue: return::CreateLoftSheet
2025-10-12 14:42:11,562 - api_entries_etl - DEBUG -   return_type: ID
2025-10-12 14:42:11,563 - api_entries_etl - DEBUG -   description: 作成されたシート要素の要素ID
2025-10-12 14:42:11,563 - api_entries_etl - DEBUG -   raw_json: {"type":"ID","description":"作成されたシート要素の要素ID"}
2025-10-12 14:42:11,563 - api_entries_etl - DEBUG - [Relation #1295] Created HAS_RETURN: api_entry::CreateLoftSheet -> return::CreateLoftSheet
2025-10-12 14:42:11,563 - api_entries_etl - DEBUG - [Node #1066] Created PseudoCode: pseudo_code::CreateLoftSheet
2025-10-12 14:42:11,563 - api_entries_etl - DEBUG -   code: CreateLoftSheet(ParamObj, bUpdate)
2025-10-12 14:42:11,563 - api_entries_etl - DEBUG -   callee: CreateLoftSheet
2025-10-12 14:42:11,563 - api_entries_etl - DEBUG -   argument_count: 2
2025-10-12 14:42:11,563 - api_entries_etl - DEBUG -   arguments_json: ["ParamObj","bUpdate"]
2025-10-12 14:42:11,565 - api_entries_etl - DEBUG - [Relation #1296] Created HAS_PSEUDO_CODE: api_entry::CreateLoftSheet -> pseudo_code::CreateLoftSheet
2025-10-12 14:42:11,565 - api_entries_etl - DEBUG - [Node #1067] Created PseudoCodeArgument: pseudo_code::CreateLoftSheet::arg::0
2025-10-12 14:42:11,565 - api_entries_etl - DEBUG -   text: ParamObj
2025-10-12 14:42:11,565 - api_entries_etl - DEBUG -   position: 0
2025-10-12 14:42:11,565 - api_entries_etl - DEBUG -   normalized_text: paramobj
2025-10-12 14:42:11,565 - api_entries_etl - DEBUG - [Relation #1297] Created HAS_ARGUMENT: pseudo_code::CreateLoftSheet -> pseudo_code::CreateLoftSheet::arg::0
2025-10-12 14:42:11,565 - api_entries_etl - DEBUG - [Relation #1298] Created ARGUMENT_MATCHES_PARAMETER: pseudo_code::CreateLoftSheet::arg::0 -> param::CreateLoftSheet::ParamObj
2025-10-12 14:42:11,565 - api_entries_etl - DEBUG - [Node #1068] Created PseudoCodeArgument: pseudo_code::CreateLoftSheet::arg::1
2025-10-12 14:42:11,565 - api_entries_etl - DEBUG -   text: bUpdate
2025-10-12 14:42:11,565 - api_entries_etl - DEBUG -   position: 1
2025-10-12 14:42:11,565 - api_entries_etl - DEBUG -   normalized_text: bupdate
2025-10-12 14:42:11,565 - api_entries_etl - DEBUG - [Relation #1299] Created HAS_ARGUMENT: pseudo_code::CreateLoftSheet -> pseudo_code::CreateLoftSheet::arg::1
2025-10-12 14:42:11,565 - api_entries_etl - DEBUG - [Relation #1300] Created ARGUMENT_MATCHES_PARAMETER: pseudo_code::CreateLoftSheet::arg::1 -> param::CreateLoftSheet::bUpdate
2025-10-12 14:42:11,565 - api_entries_etl - DEBUG - [Node #1069] Created Source: source::CreateLoftSheet::inline
2025-10-12 14:42:11,565 - api_entries_etl - DEBUG -   text: 〇ロフトシート要素を作成
  返り値:作成されたシート要素の要素ID
CreateLoftSheet(
        ParamObj, // ロフトパラメータオブジェクト
        bUpdate); // bool：更新フ...
2025-10-12 14:42:11,565 - api_entries_etl - DEBUG - [Relation #1301] Created CITED_FROM: api_entry::CreateLoftSheet -> source::CreateLoftSheet::inline
2025-10-12 14:42:11,565 - api_entries_etl - DEBUG - Processing API entry #73: CreateSlotParam
2025-10-12 14:42:11,565 - api_entries_etl - DEBUG - [Node #1070] Created APIEntry: api_entry::CreateSlotParam
2025-10-12 14:42:11,565 - api_entries_etl - DEBUG -   name: CreateSlotParam
2025-10-12 14:42:11,565 - api_entries_etl - DEBUG -   category: Partオブジェクト
2025-10-12 14:42:11,565 - api_entries_etl - DEBUG -   entry_type: function
2025-10-12 14:42:11,565 - api_entries_etl - DEBUG -   description: 船殻のスロットパラメータオブジェクトの作成
2025-10-12 14:42:11,565 - api_entries_etl - DEBUG -   pseudo_code: CreateSlotParam()
2025-10-12 14:42:11,565 - api_entries_etl - DEBUG -   text: 船殻のスロットパラメータオブジェクトの作成

〇船殻のスロットパラメータオブジェクトの作成
 返り値:スロットパラメータオブジェクト
CreateSlotParam()
2025-10-12 14:42:11,565 - api_entries_etl - DEBUG -   raw_json: {"category":"Partオブジェクト","entry_type":"function","name":"CreateSlotParam","description":"船殻のスロットパラメータオブジェクトの作成","pseu...
2025-10-12 14:42:11,565 - api_entries_etl - DEBUG -   position: 72
2025-10-12 14:42:11,565 - api_entries_etl - DEBUG - [Relation #1302] Created HAS_ENTRY: api_entries::collection -> api_entry::CreateSlotParam
2025-10-12 14:42:11,565 - api_entries_etl - DEBUG - [Node #1071] Created Category: category::Partオブジェクト
2025-10-12 14:42:11,565 - api_entries_etl - DEBUG -   name: Partオブジェクト
2025-10-12 14:42:11,565 - api_entries_etl - DEBUG - [Relation #1303] Created IN_CATEGORY: api_entry::CreateSlotParam -> category::Partオブジェクト
2025-10-12 14:42:11,565 - api_entries_etl - DEBUG - [Node #1072] Created EntryType: entry_type::function
2025-10-12 14:42:11,565 - api_entries_etl - DEBUG -   name: function
2025-10-12 14:42:11,565 - api_entries_etl - DEBUG - [Relation #1304] Created HAS_ENTRY_TYPE: api_entry::CreateSlotParam -> entry_type::function
2025-10-12 14:42:11,565 - api_entries_etl - DEBUG - [Node #1073] Created ReturnValue: return::CreateSlotParam
2025-10-12 14:42:11,565 - api_entries_etl - DEBUG -   return_type: 不明
2025-10-12 14:42:11,565 - api_entries_etl - DEBUG -   description: スロットパラメータオブジェクト
2025-10-12 14:42:11,565 - api_entries_etl - DEBUG -   raw_json: {"type":"不明","description":"スロットパラメータオブジェクト"}
2025-10-12 14:42:11,565 - api_entries_etl - DEBUG - [Relation #1305] Created HAS_RETURN: api_entry::CreateSlotParam -> return::CreateSlotParam
2025-10-12 14:42:11,565 - api_entries_etl - DEBUG - [Relation #1306] Created RETURNS_ENTRY: return::CreateSlotParam -> api_entry::スロットパラメータオブジェクト
2025-10-12 14:42:11,565 - api_entries_etl - WARNING - Destination node 'api_entry::スロットパラメータオブジェクト' not found when creating relation
2025-10-12 14:42:11,565 - api_entries_etl - DEBUG - [Node #1074] Created PseudoCode: pseudo_code::CreateSlotParam
2025-10-12 14:42:11,565 - api_entries_etl - DEBUG -   code: CreateSlotParam()
2025-10-12 14:42:11,565 - api_entries_etl - DEBUG -   callee: CreateSlotParam
2025-10-12 14:42:11,565 - api_entries_etl - DEBUG -   argument_count: 0
2025-10-12 14:42:11,565 - api_entries_etl - DEBUG - [Relation #1307] Created HAS_PSEUDO_CODE: api_entry::CreateSlotParam -> pseudo_code::CreateSlotParam
2025-10-12 14:42:11,565 - api_entries_etl - DEBUG - [Node #1075] Created Source: source::CreateSlotParam::inline
2025-10-12 14:42:11,565 - api_entries_etl - DEBUG -   text: 〇船殻のスロットパラメータオブジェクトの作成
 返り値:スロットパラメータオブジェクト
CreateSlotParam()
2025-10-12 14:42:11,565 - api_entries_etl - DEBUG - [Relation #1308] Created CITED_FROM: api_entry::CreateSlotParam -> source::CreateSlotParam::inline
2025-10-12 14:42:11,565 - api_entries_etl - DEBUG - Processing API entry #74: スロットパラメータオブジェクト
2025-10-12 14:42:11,565 - api_entries_etl - DEBUG - [Node #1076] Created APIEntry: api_entry::スロットパラメータオブジェクト
2025-10-12 14:42:11,565 - api_entries_etl - DEBUG -   name: スロットパラメータオブジェクト
2025-10-12 14:42:11,565 - api_entries_etl - DEBUG -   category: スロットパラメータオブジェクト
2025-10-12 14:42:11,565 - api_entries_etl - DEBUG -   entry_type: object
2025-10-12 14:42:11,565 - api_entries_etl - DEBUG -   description: 船殻のスロット要素作成の設定パラメータを格納するオブジェクト
2025-10-12 14:42:11,565 - api_entries_etl - DEBUG -   text: 船殻のスロット要素作成の設定パラメータを格納するオブジェクト

〇スロットパラメータオブジェクト
   属性
   SlotName        // 文字列：作成する条材ソリッド要素名称（空文字可）
   CollarName  ...
2025-10-12 14:42:11,565 - api_entries_etl - DEBUG -   raw_json: {"category":"スロットパラメータオブジェクト","entry_type":"object","name":"スロットパラメータオブジェクト","description":"船殻のスロット要素作成の設定パラメータを格納するオ...
2025-10-12 14:42:11,565 - api_entries_etl - DEBUG -   position: 73
2025-10-12 14:42:11,565 - api_entries_etl - DEBUG - [Relation #1309] Created HAS_ENTRY: api_entries::collection -> api_entry::スロットパラメータオブジェクト
2025-10-12 14:42:11,565 - api_entries_etl - DEBUG - [Node #1077] Created Category: category::スロットパラメータオブジェクト
2025-10-12 14:42:11,565 - api_entries_etl - DEBUG -   name: スロットパラメータオブジェクト
2025-10-12 14:42:11,565 - api_entries_etl - DEBUG - [Relation #1310] Created IN_CATEGORY: api_entry::スロットパラメータオブジェクト -> category::スロットパラメータオブジェクト
2025-10-12 14:42:11,565 - api_entries_etl - DEBUG - [Node #1078] Created EntryType: entry_type::object
2025-10-12 14:42:11,565 - api_entries_etl - DEBUG -   name: object
2025-10-12 14:42:11,565 - api_entries_etl - DEBUG - [Relation #1311] Created HAS_ENTRY_TYPE: api_entry::スロットパラメータオブジェクト -> entry_type::object
2025-10-12 14:42:11,565 - api_entries_etl - DEBUG - [Node #1079] Created Property: property::スロットパラメータオブジェクト::SlotName
2025-10-12 14:42:11,565 - api_entries_etl - DEBUG -   name: SlotName
2025-10-12 14:42:11,565 - api_entries_etl - DEBUG -   property_type: 文字列
2025-10-12 14:42:11,565 - api_entries_etl - DEBUG -   description: 作成する条材ソリッド要素名称（空文字可）
2025-10-12 14:42:11,565 - api_entries_etl - DEBUG -   raw_json: {"name":"SlotName","type":"文字列","description":"作成する条材ソリッド要素名称（空文字可）"}
2025-10-12 14:42:11,565 - api_entries_etl - DEBUG -   position: 0
2025-10-12 14:42:11,565 - api_entries_etl - DEBUG - [Relation #1312] Created HAS_PROPERTY: api_entry::スロットパラメータオブジェクト -> property::スロットパラメータオブジェクト::SlotName
2025-10-12 14:42:11,565 - api_entries_etl - DEBUG - [Node #1080] Created Property: property::スロットパラメータオブジェクト::CollarName
2025-10-12 14:42:11,565 - api_entries_etl - DEBUG -   name: CollarName
2025-10-12 14:42:11,565 - api_entries_etl - DEBUG -   property_type: 文字列
2025-10-12 14:42:11,565 - api_entries_etl - DEBUG -   description: 作成するカラープレート要素名称（空文字可）
2025-10-12 14:42:11,565 - api_entries_etl - DEBUG -   raw_json: {"name":"CollarName","type":"文字列","description":"作成するカラープレート要素名称（空文字可）"}
2025-10-12 14:42:11,565 - api_entries_etl - DEBUG -   position: 1
2025-10-12 14:42:11,565 - api_entries_etl - DEBUG - [Relation #1313] Created HAS_PROPERTY: api_entry::スロットパラメータオブジェクト -> property::スロットパラメータオブジェクト::CollarName
2025-10-12 14:42:11,565 - api_entries_etl - DEBUG - [Node #1081] Created Property: property::スロットパラメータオブジェクト::CollarMaterial
2025-10-12 14:42:11,565 - api_entries_etl - DEBUG -   name: CollarMaterial
2025-10-12 14:42:11,565 - api_entries_etl - DEBUG -   property_type: 材料
2025-10-12 14:42:11,565 - api_entries_etl - DEBUG -   description: 作成するカラープレートの材質名称（空文字可）
2025-10-12 14:42:11,565 - api_entries_etl - DEBUG -   raw_json: {"name":"CollarMaterial","type":"材料","description":"作成するカラープレートの材質名称（空文字可）"}
2025-10-12 14:42:11,565 - api_entries_etl - DEBUG -   position: 2
2025-10-12 14:42:11,565 - api_entries_etl - DEBUG - [Relation #1314] Created HAS_PROPERTY: api_entry::スロットパラメータオブジェクト -> property::スロットパラメータオブジェクト::CollarMaterial
2025-10-12 14:42:11,565 - api_entries_etl - DEBUG - [Node #1082] Created Property: property::スロットパラメータオブジェクト::CollarElementGroup
2025-10-12 14:42:11,565 - api_entries_etl - DEBUG -   name: CollarElementGroup
2025-10-12 14:42:11,578 - api_entries_etl - DEBUG -   property_type: 要素グループ
2025-10-12 14:42:11,578 - api_entries_etl - DEBUG -   description: 作成するカラープレート要素を要素グループに入れる場合は要素グループを指定（空文字可）
2025-10-12 14:42:11,578 - api_entries_etl - DEBUG -   raw_json: {"name":"CollarElementGroup","type":"要素グループ","description":"作成するカラープレート要素を要素グループに入れる場合は要素グループを指定（空文字可）"}
2025-10-12 14:42:11,578 - api_entries_etl - DEBUG -   position: 3
2025-10-12 14:42:11,578 - api_entries_etl - DEBUG - [Relation #1315] Created HAS_PROPERTY: api_entry::スロットパラメータオブジェクト -> property::スロットパラメータオブジェクト::CollarElementGroup
2025-10-12 14:42:11,580 - api_entries_etl - DEBUG - [Node #1083] Created Property: property::スロットパラメータオブジェクト::Collar2Name
2025-10-12 14:42:11,580 - api_entries_etl - DEBUG -   name: Collar2Name
2025-10-12 14:42:11,580 - api_entries_etl - DEBUG -   property_type: 文字列
2025-10-12 14:42:11,580 - api_entries_etl - DEBUG -   description: 作成する２つ目のカラープレート要素名称（空文字可）
2025-10-12 14:42:11,580 - api_entries_etl - DEBUG -   raw_json: {"name":"Collar2Name","type":"文字列","description":"作成する２つ目のカラープレート要素名称（空文字可）"}
2025-10-12 14:42:11,580 - api_entries_etl - DEBUG -   position: 4
2025-10-12 14:42:11,580 - api_entries_etl - DEBUG - [Relation #1316] Created HAS_PROPERTY: api_entry::スロットパラメータオブジェクト -> property::スロットパラメータオブジェクト::Collar2Name
2025-10-12 14:42:11,580 - api_entries_etl - DEBUG - [Node #1084] Created Property: property::スロットパラメータオブジェクト::Collar2Material
2025-10-12 14:42:11,580 - api_entries_etl - DEBUG -   name: Collar2Material
2025-10-12 14:42:11,580 - api_entries_etl - DEBUG -   property_type: 材料
2025-10-12 14:42:11,580 - api_entries_etl - DEBUG -   description: 作成する２つ目のカラープレートの材質名称（空文字可）
2025-10-12 14:42:11,580 - api_entries_etl - DEBUG -   raw_json: {"name":"Collar2Material","type":"材料","description":"作成する２つ目のカラープレートの材質名称（空文字可）"}
2025-10-12 14:42:11,580 - api_entries_etl - DEBUG -   position: 5
2025-10-12 14:42:11,580 - api_entries_etl - DEBUG - [Relation #1317] Created HAS_PROPERTY: api_entry::スロットパラメータオブジェクト -> property::スロットパラメータオブジェクト::Collar2Material
2025-10-12 14:42:11,580 - api_entries_etl - DEBUG - [Node #1085] Created Property: property::スロットパラメータオブジェクト::Collar2ElementGroup
2025-10-12 14:42:11,580 - api_entries_etl - DEBUG -   name: Collar2ElementGroup
2025-10-12 14:42:11,580 - api_entries_etl - DEBUG -   property_type: 要素グループ
2025-10-12 14:42:11,580 - api_entries_etl - DEBUG -   description: 作成する２つ目のカラープレート要素を要素グループに入れる場合は要素グループを指定（空文字可）
2025-10-12 14:42:11,580 - api_entries_etl - DEBUG -   raw_json: {"name":"Collar2ElementGroup","type":"要素グループ","description":"作成する２つ目のカラープレート要素を要素グループに入れる場合は要素グループを指定（空文字可）"}
2025-10-12 14:42:11,580 - api_entries_etl - DEBUG -   position: 6
2025-10-12 14:42:11,580 - api_entries_etl - DEBUG - [Relation #1318] Created HAS_PROPERTY: api_entry::スロットパラメータオブジェクト -> property::スロットパラメータオブジェクト::Collar2ElementGroup
2025-10-12 14:42:11,580 - api_entries_etl - DEBUG - [Node #1086] Created Property: property::スロットパラメータオブジェクト::ProfileType
2025-10-12 14:42:11,580 - api_entries_etl - DEBUG -   name: ProfileType
2025-10-12 14:42:11,580 - api_entries_etl - DEBUG -   property_type: 形状タイプ
2025-10-12 14:42:11,580 - api_entries_etl - DEBUG -   description: スロットの形状タイプを指定
2025-10-12 14:42:11,580 - api_entries_etl - DEBUG -   raw_json: {"name":"ProfileType","type":"形状タイプ","description":"スロットの形状タイプを指定"}
2025-10-12 14:42:11,580 - api_entries_etl - DEBUG -   position: 7
2025-10-12 14:42:11,580 - api_entries_etl - DEBUG - [Relation #1319] Created HAS_PROPERTY: api_entry::スロットパラメータオブジェクト -> property::スロットパラメータオブジェクト::ProfileType
2025-10-12 14:42:11,580 - api_entries_etl - DEBUG - [Node #1087] Created Property: property::スロットパラメータオブジェクト::ProfileParam
2025-10-12 14:42:11,580 - api_entries_etl - DEBUG -   name: ProfileParam
2025-10-12 14:42:11,580 - api_entries_etl - DEBUG -   property_type: 形状パラメータ
2025-10-12 14:42:11,580 - api_entries_etl - DEBUG -   description: スロットの形状タイプのパラメータ
2025-10-12 14:42:11,580 - api_entries_etl - DEBUG -   raw_json: {"name":"ProfileParam","type":"形状パラメータ","description":"スロットの形状タイプのパラメータ"}
2025-10-12 14:42:11,580 - api_entries_etl - DEBUG -   position: 8
2025-10-12 14:42:11,580 - api_entries_etl - DEBUG - [Relation #1320] Created HAS_PROPERTY: api_entry::スロットパラメータオブジェクト -> property::スロットパラメータオブジェクト::ProfileParam
2025-10-12 14:42:11,580 - api_entries_etl - DEBUG - [Node #1088] Created Property: property::スロットパラメータオブジェクト::AttachFace
2025-10-12 14:42:11,580 - api_entries_etl - DEBUG -   name: AttachFace
2025-10-12 14:42:11,580 - api_entries_etl - DEBUG -   property_type: 要素
2025-10-12 14:42:11,586 - api_entries_etl - DEBUG -   description: スロットをあけるフェイス要素
2025-10-12 14:42:11,586 - api_entries_etl - DEBUG -   raw_json: {"name":"AttachFace","type":"要素","description":"スロットをあけるフェイス要素"}
2025-10-12 14:42:11,586 - api_entries_etl - DEBUG -   position: 9
2025-10-12 14:42:11,586 - api_entries_etl - DEBUG - [Relation #1321] Created HAS_PROPERTY: api_entry::スロットパラメータオブジェクト -> property::スロットパラメータオブジェクト::AttachFace
2025-10-12 14:42:11,586 - api_entries_etl - DEBUG - [Node #1089] Created Property: property::スロットパラメータオブジェクト::ProfileSolid
2025-10-12 14:42:11,586 - api_entries_etl - DEBUG -   name: ProfileSolid
2025-10-12 14:42:11,586 - api_entries_etl - DEBUG -   property_type: 要素
2025-10-12 14:42:11,586 - api_entries_etl - DEBUG -   description: スロットをとおすプロファイルソリッド要素
2025-10-12 14:42:11,586 - api_entries_etl - DEBUG -   raw_json: {"name":"ProfileSolid","type":"要素","description":"スロットをとおすプロファイルソリッド要素"}
2025-10-12 14:42:11,586 - api_entries_etl - DEBUG -   position: 10
2025-10-12 14:42:11,586 - api_entries_etl - DEBUG - [Relation #1322] Created HAS_PROPERTY: api_entry::スロットパラメータオブジェクト -> property::スロットパラメータオブジェクト::ProfileSolid
2025-10-12 14:42:11,586 - api_entries_etl - DEBUG - [Node #1090] Created Property: property::スロットパラメータオブジェクト::ProfileFlangeSolid
2025-10-12 14:42:11,586 - api_entries_etl - DEBUG -   name: ProfileFlangeSolid
2025-10-12 14:42:11,586 - api_entries_etl - DEBUG -   property_type: 要素
2025-10-12 14:42:11,586 - api_entries_etl - DEBUG -   description: スロットをとおすプロファイルのフランジソリッド要素
2025-10-12 14:42:11,586 - api_entries_etl - DEBUG -   raw_json: {"name":"ProfileFlangeSolid","type":"要素","description":"スロットをとおすプロファイルのフランジソリッド要素"}
2025-10-12 14:42:11,586 - api_entries_etl - DEBUG -   position: 11
2025-10-12 14:42:11,586 - api_entries_etl - DEBUG - [Relation #1323] Created HAS_PROPERTY: api_entry::スロットパラメータオブジェクト -> property::スロットパラメータオブジェクト::ProfileFlangeSolid
2025-10-12 14:42:11,586 - api_entries_etl - DEBUG - [Node #1091] Created Property: property::スロットパラメータオブジェクト::ReverseDir
2025-10-12 14:42:11,586 - api_entries_etl - DEBUG -   name: ReverseDir
2025-10-12 14:42:11,586 - api_entries_etl - DEBUG -   property_type: bool
2025-10-12 14:42:11,586 - api_entries_etl - DEBUG -   description: スロットの向きを反転するときはTrue
2025-10-12 14:42:11,586 - api_entries_etl - DEBUG -   raw_json: {"name":"ReverseDir","type":"bool","description":"スロットの向きを反転するときはTrue"}
2025-10-12 14:42:11,586 - api_entries_etl - DEBUG -   position: 12
2025-10-12 14:42:11,586 - api_entries_etl - DEBUG - [Relation #1324] Created HAS_PROPERTY: api_entry::スロットパラメータオブジェクト -> property::スロットパラメータオブジェクト::ReverseDir
2025-10-12 14:42:11,586 - api_entries_etl - DEBUG - [Node #1092] Created Property: property::スロットパラメータオブジェクト::ExtendToBoundary
2025-10-12 14:42:11,586 - api_entries_etl - DEBUG -   name: ExtendToBoundary
2025-10-12 14:42:11,586 - api_entries_etl - DEBUG -   property_type: bool
2025-10-12 14:42:11,586 - api_entries_etl - DEBUG -   description: スロットを境界まで延長するときはTrue
2025-10-12 14:42:11,586 - api_entries_etl - DEBUG -   raw_json: {"name":"ExtendToBoundary","type":"bool","description":"スロットを境界まで延長するときはTrue"}
2025-10-12 14:42:11,586 - api_entries_etl - DEBUG -   position: 13
2025-10-12 14:42:11,586 - api_entries_etl - DEBUG - [Relation #1325] Created HAS_PROPERTY: api_entry::スロットパラメータオブジェクト -> property::スロットパラメータオブジェクト::ExtendToBoundary
2025-10-12 14:42:11,586 - api_entries_etl - DEBUG - [Node #1093] Created Property: property::スロットパラメータオブジェクト::MakeVevel
2025-10-12 14:42:11,586 - api_entries_etl - DEBUG -   name: MakeVevel
2025-10-12 14:42:11,586 - api_entries_etl - DEBUG -   property_type: bool
2025-10-12 14:42:11,586 - api_entries_etl - DEBUG -   description: スロットに開先形状を作成するときはTrue
2025-10-12 14:42:11,586 - api_entries_etl - DEBUG -   raw_json: {"name":"MakeVevel","type":"bool","description":"スロットに開先形状を作成するときはTrue"}
2025-10-12 14:42:11,586 - api_entries_etl - DEBUG -   position: 14
2025-10-12 14:42:11,586 - api_entries_etl - DEBUG - [Relation #1326] Created HAS_PROPERTY: api_entry::スロットパラメータオブジェクト -> property::スロットパラメータオブジェクト::MakeVevel
2025-10-12 14:42:11,586 - api_entries_etl - DEBUG - [Node #1094] Created Source: source::スロットパラメータオブジェクト::inline
2025-10-12 14:42:11,586 - api_entries_etl - DEBUG -   text: 〇スロットパラメータオブジェクト
   属性
   SlotName        // 文字列：作成する条材ソリッド要素名称（空文字可）
   CollarName      // 文字列：作成するカラープレート要素名称（空文字可）...
2025-10-12 14:42:11,586 - api_entries_etl - DEBUG - [Relation #1327] Created CITED_FROM: api_entry::スロットパラメータオブジェクト -> source::スロットパラメータオブジェクト::inline
2025-10-12 14:42:11,586 - api_entries_etl - DEBUG - Processing API entry #75: CreateSlot
2025-10-12 14:42:11,586 - api_entries_etl - DEBUG - [Node #1095] Created APIEntry: api_entry::CreateSlot
2025-10-12 14:42:11,586 - api_entries_etl - DEBUG -   name: CreateSlot
2025-10-12 14:42:11,586 - api_entries_etl - DEBUG -   category: Partオブジェクト
2025-10-12 14:42:11,586 - api_entries_etl - DEBUG -   entry_type: function
2025-10-12 14:42:11,586 - api_entries_etl - DEBUG -   description: 船殻のスロット要素、カラープレートを作成する
2025-10-12 14:42:11,586 - api_entries_etl - DEBUG -   pseudo_code: CreateSlot(ParamObj, bUpdate)
2025-10-12 14:42:11,586 - api_entries_etl - DEBUG -   text: 船殻のスロット要素、カラープレートを作成する

〇船殻のスロット要素、カラープレートを作成する
  返り値:作成されたスロットフィーチャー、カラープレート１，カラープレート２の要素ID配列
CreateSlot(
        Pa...
2025-10-12 14:42:11,586 - api_entries_etl - DEBUG -   raw_json: {"category":"Partオブジェクト","entry_type":"function","name":"CreateSlot","description":"船殻のスロット要素、カラープレートを作成する","pseudo_c...
2025-10-12 14:42:11,586 - api_entries_etl - DEBUG -   position: 74
2025-10-12 14:42:11,586 - api_entries_etl - DEBUG - [Relation #1328] Created HAS_ENTRY: api_entries::collection -> api_entry::CreateSlot
2025-10-12 14:42:11,586 - api_entries_etl - DEBUG - [Node #1096] Created Category: category::Partオブジェクト
2025-10-12 14:42:11,586 - api_entries_etl - DEBUG -   name: Partオブジェクト
2025-10-12 14:42:11,586 - api_entries_etl - DEBUG - [Relation #1329] Created IN_CATEGORY: api_entry::CreateSlot -> category::Partオブジェクト
2025-10-12 14:42:11,586 - api_entries_etl - DEBUG - [Node #1097] Created EntryType: entry_type::function
2025-10-12 14:42:11,586 - api_entries_etl - DEBUG -   name: function
2025-10-12 14:42:11,586 - api_entries_etl - DEBUG - [Relation #1330] Created HAS_ENTRY_TYPE: api_entry::CreateSlot -> entry_type::function
2025-10-12 14:42:11,586 - api_entries_etl - DEBUG - [Node #1098] Created Parameter: param::CreateSlot::ParamObj
2025-10-12 14:42:11,586 - api_entries_etl - DEBUG -   name: ParamObj
2025-10-12 14:42:11,586 - api_entries_etl - DEBUG -   param_type: スロットパラメータオブジェクト
2025-10-12 14:42:11,595 - api_entries_etl - DEBUG -   position: 0
2025-10-12 14:42:11,595 - api_entries_etl - DEBUG -   description: スロットパラメータオブジェクト
2025-10-12 14:42:11,595 - api_entries_etl - DEBUG -   raw_json: {"name":"ParamObj","type":"スロットパラメータオブジェクト","description":"スロットパラメータオブジェクト","position":0}
2025-10-12 14:42:11,595 - api_entries_etl - DEBUG - [Relation #1331] Created HAS_PARAMETER: api_entry::CreateSlot -> param::CreateSlot::ParamObj
2025-10-12 14:42:11,595 - api_entries_etl - DEBUG - [Node #1099] Created Parameter: param::CreateSlot::bUpdate
2025-10-12 14:42:11,595 - api_entries_etl - DEBUG -   name: bUpdate
2025-10-12 14:42:11,595 - api_entries_etl - DEBUG -   param_type: bool
2025-10-12 14:42:11,595 - api_entries_etl - DEBUG -   position: 1
2025-10-12 14:42:11,595 - api_entries_etl - DEBUG -   description: 更新フラグ（未実装、使用しない）
2025-10-12 14:42:11,595 - api_entries_etl - DEBUG -   raw_json: {"name":"bUpdate","type":"bool","description":"更新フラグ（未実装、使用しない）","position":1}
2025-10-12 14:42:11,598 - api_entries_etl - DEBUG - [Relation #1332] Created HAS_PARAMETER: api_entry::CreateSlot -> param::CreateSlot::bUpdate
2025-10-12 14:42:11,598 - api_entries_etl - DEBUG - [Node #1100] Created ReturnValue: return::CreateSlot
2025-10-12 14:42:11,598 - api_entries_etl - DEBUG -   return_type: ID
2025-10-12 14:42:11,598 - api_entries_etl - DEBUG -   description: 作成されたスロットフィーチャー、カラープレート１，カラープレート２の要素ID配列
2025-10-12 14:42:11,600 - api_entries_etl - DEBUG -   raw_json: {"type":"ID","description":"作成されたスロットフィーチャー、カラープレート１，カラープレート２の要素ID配列"}
2025-10-12 14:42:11,600 - api_entries_etl - DEBUG - [Relation #1333] Created HAS_RETURN: api_entry::CreateSlot -> return::CreateSlot
2025-10-12 14:42:11,600 - api_entries_etl - DEBUG - [Node #1101] Created PseudoCode: pseudo_code::CreateSlot
2025-10-12 14:42:11,600 - api_entries_etl - DEBUG -   code: CreateSlot(ParamObj, bUpdate)
2025-10-12 14:42:11,600 - api_entries_etl - DEBUG -   callee: CreateSlot
2025-10-12 14:42:11,601 - api_entries_etl - DEBUG -   argument_count: 2
2025-10-12 14:42:11,601 - api_entries_etl - DEBUG -   arguments_json: ["ParamObj","bUpdate"]
2025-10-12 14:42:11,601 - api_entries_etl - DEBUG - [Relation #1334] Created HAS_PSEUDO_CODE: api_entry::CreateSlot -> pseudo_code::CreateSlot
2025-10-12 14:42:11,601 - api_entries_etl - DEBUG - [Node #1102] Created PseudoCodeArgument: pseudo_code::CreateSlot::arg::0
2025-10-12 14:42:11,601 - api_entries_etl - DEBUG -   text: ParamObj
2025-10-12 14:42:11,601 - api_entries_etl - DEBUG -   position: 0
2025-10-12 14:42:11,601 - api_entries_etl - DEBUG -   normalized_text: paramobj
2025-10-12 14:42:11,601 - api_entries_etl - DEBUG - [Relation #1335] Created HAS_ARGUMENT: pseudo_code::CreateSlot -> pseudo_code::CreateSlot::arg::0
2025-10-12 14:42:11,603 - api_entries_etl - DEBUG - [Relation #1336] Created ARGUMENT_MATCHES_PARAMETER: pseudo_code::CreateSlot::arg::0 -> param::CreateSlot::ParamObj
2025-10-12 14:42:11,603 - api_entries_etl - DEBUG - [Node #1103] Created PseudoCodeArgument: pseudo_code::CreateSlot::arg::1
2025-10-12 14:42:11,603 - api_entries_etl - DEBUG -   text: bUpdate
2025-10-12 14:42:11,603 - api_entries_etl - DEBUG -   position: 1
2025-10-12 14:42:11,603 - api_entries_etl - DEBUG -   normalized_text: bupdate
2025-10-12 14:42:11,603 - api_entries_etl - DEBUG - [Relation #1337] Created HAS_ARGUMENT: pseudo_code::CreateSlot -> pseudo_code::CreateSlot::arg::1
2025-10-12 14:42:11,603 - api_entries_etl - DEBUG - [Relation #1338] Created ARGUMENT_MATCHES_PARAMETER: pseudo_code::CreateSlot::arg::1 -> param::CreateSlot::bUpdate
2025-10-12 14:42:11,603 - api_entries_etl - DEBUG - [Node #1104] Created Source: source::CreateSlot::inline
2025-10-12 14:42:11,604 - api_entries_etl - DEBUG -   text: 〇船殻のスロット要素、カラープレートを作成する
  返り値:作成されたスロットフィーチャー、カラープレート１，カラープレート２の要素ID配列
CreateSlot(
        ParamObj, // スロットパラメータオブジェ...
2025-10-12 14:42:11,605 - api_entries_etl - DEBUG - [Relation #1339] Created CITED_FROM: api_entry::CreateSlot -> source::CreateSlot::inline
2025-10-12 14:42:11,605 - api_entries_etl - DEBUG - Processing API entry #76: CreateFacePlateParam
2025-10-12 14:42:11,605 - api_entries_etl - DEBUG - [Node #1105] Created APIEntry: api_entry::CreateFacePlateParam
2025-10-12 14:42:11,606 - api_entries_etl - DEBUG -   name: CreateFacePlateParam
2025-10-12 14:42:11,606 - api_entries_etl - DEBUG -   category: Partオブジェクト
2025-10-12 14:42:11,606 - api_entries_etl - DEBUG -   entry_type: function
2025-10-12 14:42:11,606 - api_entries_etl - DEBUG -   description: 船殻のフェイスプレートパラメータオブジェクトの作成
2025-10-12 14:42:11,606 - api_entries_etl - DEBUG -   pseudo_code: CreateFacePlateParam()
2025-10-12 14:42:11,606 - api_entries_etl - DEBUG -   text: 船殻のフェイスプレートパラメータオブジェクトの作成

〇船殻のフェイスプレートパラメータオブジェクトの作成
 返り値:フェイスプレートパラメータオブジェクト
CreateFacePlateParam()
2025-10-12 14:42:11,606 - api_entries_etl - DEBUG -   raw_json: {"category":"Partオブジェクト","entry_type":"function","name":"CreateFacePlateParam","description":"船殻のフェイスプレートパラメータオブジェクトの...
2025-10-12 14:42:11,606 - api_entries_etl - DEBUG -   position: 75
2025-10-12 14:42:11,606 - api_entries_etl - DEBUG - [Relation #1340] Created HAS_ENTRY: api_entries::collection -> api_entry::CreateFacePlateParam
2025-10-12 14:42:11,607 - api_entries_etl - DEBUG - [Node #1106] Created Category: category::Partオブジェクト
2025-10-12 14:42:11,607 - api_entries_etl - DEBUG -   name: Partオブジェクト
2025-10-12 14:42:11,607 - api_entries_etl - DEBUG - [Relation #1341] Created IN_CATEGORY: api_entry::CreateFacePlateParam -> category::Partオブジェクト
2025-10-12 14:42:11,608 - api_entries_etl - DEBUG - [Node #1107] Created EntryType: entry_type::function
2025-10-12 14:42:11,608 - api_entries_etl - DEBUG -   name: function
2025-10-12 14:42:11,608 - api_entries_etl - DEBUG - [Relation #1342] Created HAS_ENTRY_TYPE: api_entry::CreateFacePlateParam -> entry_type::function
2025-10-12 14:42:11,608 - api_entries_etl - DEBUG - [Node #1108] Created ReturnValue: return::CreateFacePlateParam
2025-10-12 14:42:11,608 - api_entries_etl - DEBUG -   return_type: フェイスプレートパラメータオブジェクト
2025-10-12 14:42:11,608 - api_entries_etl - DEBUG -   description: フェイスプレートパラメータオブジェクト
2025-10-12 14:42:11,608 - api_entries_etl - DEBUG -   raw_json: {"type":"フェイスプレートパラメータオブジェクト","description":"フェイスプレートパラメータオブジェクト"}
2025-10-12 14:42:11,609 - api_entries_etl - DEBUG - [Relation #1343] Created HAS_RETURN: api_entry::CreateFacePlateParam -> return::CreateFacePlateParam
2025-10-12 14:42:11,609 - api_entries_etl - DEBUG - [Relation #1344] Created RETURNS_ENTRY: return::CreateFacePlateParam -> api_entry::フェイスプレートパラメータオブジェクト
2025-10-12 14:42:11,609 - api_entries_etl - WARNING - Destination node 'api_entry::フェイスプレートパラメータオブジェクト' not found when creating relation
2025-10-12 14:42:11,609 - api_entries_etl - DEBUG - [Node #1109] Created PseudoCode: pseudo_code::CreateFacePlateParam
2025-10-12 14:42:11,609 - api_entries_etl - DEBUG -   code: CreateFacePlateParam()
2025-10-12 14:42:11,609 - api_entries_etl - DEBUG -   callee: CreateFacePlateParam
2025-10-12 14:42:11,610 - api_entries_etl - DEBUG -   argument_count: 0
2025-10-12 14:42:11,610 - api_entries_etl - DEBUG - [Relation #1345] Created HAS_PSEUDO_CODE: api_entry::CreateFacePlateParam -> pseudo_code::CreateFacePlateParam
2025-10-12 14:42:11,610 - api_entries_etl - DEBUG - [Node #1110] Created Source: source::CreateFacePlateParam::inline
2025-10-12 14:42:11,610 - api_entries_etl - DEBUG -   text: 〇船殻のフェイスプレートパラメータオブジェクトの作成
 返り値:フェイスプレートパラメータオブジェクト
CreateFacePlateParam()
2025-10-12 14:42:11,610 - api_entries_etl - DEBUG - [Relation #1346] Created CITED_FROM: api_entry::CreateFacePlateParam -> source::CreateFacePlateParam::inline
2025-10-12 14:42:11,610 - api_entries_etl - DEBUG - Processing API entry #77: フェイスプレートパラメータオブジェクト
2025-10-12 14:42:11,610 - api_entries_etl - DEBUG - [Node #1111] Created APIEntry: api_entry::フェイスプレートパラメータオブジェクト
2025-10-12 14:42:11,610 - api_entries_etl - DEBUG -   name: フェイスプレートパラメータオブジェクト
2025-10-12 14:42:11,610 - api_entries_etl - DEBUG -   category: フェイスプレートパラメータオブジェクト
2025-10-12 14:42:11,610 - api_entries_etl - DEBUG -   entry_type: object
2025-10-12 14:42:11,612 - api_entries_etl - DEBUG -   description: 船殻のフェイスプレートソリッド要素作成の設定パラメータを格納するオブジェクト
2025-10-12 14:42:11,612 - api_entries_etl - DEBUG -   text: 船殻のフェイスプレートソリッド要素作成の設定パラメータを格納するオブジェクト

〇フェイスプレートパラメータオブジェクト
   属性
   Name // 文字列：作成するフェイスプレートソリッド要素名称（空文字可）
   Eleme...
2025-10-12 14:42:11,613 - api_entries_etl - DEBUG -   raw_json: {"category":"フェイスプレートパラメータオブジェクト","entry_type":"object","name":"フェイスプレートパラメータオブジェクト","description":"船殻のフェイスプレートソリッド要素...
2025-10-12 14:42:11,613 - api_entries_etl - DEBUG -   position: 76
2025-10-12 14:42:11,613 - api_entries_etl - DEBUG - [Relation #1347] Created HAS_ENTRY: api_entries::collection -> api_entry::フェイスプレートパラメータオブジェクト
2025-10-12 14:42:11,613 - api_entries_etl - DEBUG - [Node #1112] Created Category: category::フェイスプレートパラメータオブジェクト
2025-10-12 14:42:11,614 - api_entries_etl - DEBUG -   name: フェイスプレートパラメータオブジェクト
2025-10-12 14:42:11,614 - api_entries_etl - DEBUG - [Relation #1348] Created IN_CATEGORY: api_entry::フェイスプレートパラメータオブジェクト -> category::フェイスプレートパラメータオブジェクト
2025-10-12 14:42:11,615 - api_entries_etl - DEBUG - [Node #1113] Created EntryType: entry_type::object
2025-10-12 14:42:11,615 - api_entries_etl - DEBUG -   name: object
2025-10-12 14:42:11,615 - api_entries_etl - DEBUG - [Relation #1349] Created HAS_ENTRY_TYPE: api_entry::フェイスプレートパラメータオブジェクト -> entry_type::object
2025-10-12 14:42:11,615 - api_entries_etl - DEBUG - [Node #1114] Created Property: property::フェイスプレートパラメータオブジェクト::Name
2025-10-12 14:42:11,615 - api_entries_etl - DEBUG -   name: Name
2025-10-12 14:42:11,615 - api_entries_etl - DEBUG -   property_type: 文字列
2025-10-12 14:42:11,615 - api_entries_etl - DEBUG -   description: 作成するフェイスプレートソリッド要素名称（空文字可）
2025-10-12 14:42:11,615 - api_entries_etl - DEBUG -   raw_json: {"name":"Name","type":"文字列","description":"作成するフェイスプレートソリッド要素名称（空文字可）"}
2025-10-12 14:42:11,615 - api_entries_etl - DEBUG -   position: 0
2025-10-12 14:42:11,615 - api_entries_etl - DEBUG - [Relation #1350] Created HAS_PROPERTY: api_entry::フェイスプレートパラメータオブジェクト -> property::フェイスプレートパラメータオブジェクト::Name
2025-10-12 14:42:11,615 - api_entries_etl - DEBUG - [Node #1115] Created Property: property::フェイスプレートパラメータオブジェクト::ElementGroup
2025-10-12 14:42:11,615 - api_entries_etl - DEBUG -   name: ElementGroup
2025-10-12 14:42:11,615 - api_entries_etl - DEBUG -   property_type: 要素グループ
2025-10-12 14:42:11,615 - api_entries_etl - DEBUG -   description: 作成するソリッド要素を要素グループに入れる場合は要素グループを指定（空文字可）
2025-10-12 14:42:11,615 - api_entries_etl - DEBUG -   raw_json: {"name":"ElementGroup","type":"要素グループ","description":"作成するソリッド要素を要素グループに入れる場合は要素グループを指定（空文字可）"}
2025-10-12 14:42:11,615 - api_entries_etl - DEBUG -   position: 1
2025-10-12 14:42:11,615 - api_entries_etl - DEBUG - [Relation #1351] Created HAS_PROPERTY: api_entry::フェイスプレートパラメータオブジェクト -> property::フェイスプレートパラメータオブジェクト::ElementGroup
2025-10-12 14:42:11,615 - api_entries_etl - DEBUG - [Node #1116] Created Property: property::フェイスプレートパラメータオブジェクト::MaterialName
2025-10-12 14:42:11,615 - api_entries_etl - DEBUG -   name: MaterialName
2025-10-12 14:42:11,615 - api_entries_etl - DEBUG -   property_type: 材料
2025-10-12 14:42:11,615 - api_entries_etl - DEBUG -   description: 作成するソリッド要素の材質名称（空文字可）
2025-10-12 14:42:11,615 - api_entries_etl - DEBUG -   raw_json: {"name":"MaterialName","type":"材料","description":"作成するソリッド要素の材質名称（空文字可）"}
2025-10-12 14:42:11,615 - api_entries_etl - DEBUG -   position: 2
2025-10-12 14:42:11,615 - api_entries_etl - DEBUG - [Relation #1352] Created HAS_PROPERTY: api_entry::フェイスプレートパラメータオブジェクト -> property::フェイスプレートパラメータオブジェクト::MaterialName
2025-10-12 14:42:11,615 - api_entries_etl - DEBUG - [Node #1117] Created Property: property::フェイスプレートパラメータオブジェクト::DefinitionType
2025-10-12 14:42:11,615 - api_entries_etl - DEBUG -   name: DefinitionType
2025-10-12 14:42:11,615 - api_entries_etl - DEBUG -   property_type: 整数
2025-10-12 14:42:11,615 - api_entries_etl - DEBUG -   description: フェイスプレートの定義方法(0:面指定 , 1:元要素指定 , 2:ブラケット要素指定 , 3:取付線指定 )
2025-10-12 14:42:11,615 - api_entries_etl - DEBUG -   raw_json: {"name":"DefinitionType","type":"整数","description":"フェイスプレートの定義方法(0:面指定 , 1:元要素指定 , 2:ブラケット要素指定 , 3:取付線指定 )"}
2025-10-12 14:42:11,615 - api_entries_etl - DEBUG -   position: 3
2025-10-12 14:42:11,615 - api_entries_etl - DEBUG - [Relation #1353] Created HAS_PROPERTY: api_entry::フェイスプレートパラメータオブジェクト -> property::フェイスプレートパラメータオブジェクト::DefinitionType
2025-10-12 14:42:11,615 - api_entries_etl - DEBUG - [Node #1118] Created Property: property::フェイスプレートパラメータオブジェクト::ProfileType
2025-10-12 14:42:11,615 - api_entries_etl - DEBUG -   name: ProfileType
2025-10-12 14:42:11,615 - api_entries_etl - DEBUG -   property_type: 形状タイプ
2025-10-12 14:42:11,615 - api_entries_etl - DEBUG -   description: フェイスプレートの形状タイプを指定
2025-10-12 14:42:11,615 - api_entries_etl - DEBUG -   raw_json: {"name":"ProfileType","type":"形状タイプ","description":"フェイスプレートの形状タイプを指定"}
2025-10-12 14:42:11,615 - api_entries_etl - DEBUG -   position: 4
2025-10-12 14:42:11,615 - api_entries_etl - DEBUG - [Relation #1354] Created HAS_PROPERTY: api_entry::フェイスプレートパラメータオブジェクト -> property::フェイスプレートパラメータオブジェクト::ProfileType
2025-10-12 14:42:11,615 - api_entries_etl - DEBUG - [Node #1119] Created Property: property::フェイスプレートパラメータオブジェクト::ProfileParam
2025-10-12 14:42:11,615 - api_entries_etl - DEBUG -   name: ProfileParam
2025-10-12 14:42:11,615 - api_entries_etl - DEBUG -   property_type: 形状パラメータ
2025-10-12 14:42:11,615 - api_entries_etl - DEBUG -   description: フェイスプレートの形状タイプのパラメータ
2025-10-12 14:42:11,615 - api_entries_etl - DEBUG -   raw_json: {"name":"ProfileParam","type":"形状パラメータ","description":"フェイスプレートの形状タイプのパラメータ"}
2025-10-12 14:42:11,615 - api_entries_etl - DEBUG -   position: 5
2025-10-12 14:42:11,615 - api_entries_etl - DEBUG - [Relation #1355] Created HAS_PROPERTY: api_entry::フェイスプレートパラメータオブジェクト -> property::フェイスプレートパラメータオブジェクト::ProfileParam
2025-10-12 14:42:11,615 - api_entries_etl - DEBUG - [Node #1120] Created Property: property::フェイスプレートパラメータオブジェクト::FaceAngle
2025-10-12 14:42:11,615 - api_entries_etl - DEBUG -   name: FaceAngle
2025-10-12 14:42:11,615 - api_entries_etl - DEBUG -   property_type: 角度
2025-10-12 14:42:11,615 - api_entries_etl - DEBUG -   description: 角度指定　０°は直角を意味し、そこからの増分を＋－で指定
2025-10-12 14:42:11,615 - api_entries_etl - DEBUG -   raw_json: {"name":"FaceAngle","type":"角度","description":"角度指定　０°は直角を意味し、そこからの増分を＋－で指定"}
2025-10-12 14:42:11,615 - api_entries_etl - DEBUG -   position: 6
2025-10-12 14:42:11,615 - api_entries_etl - DEBUG - [Relation #1356] Created HAS_PROPERTY: api_entry::フェイスプレートパラメータオブジェクト -> property::フェイスプレートパラメータオブジェクト::FaceAngle
2025-10-12 14:42:11,615 - api_entries_etl - DEBUG - [Node #1121] Created Property: property::フェイスプレートパラメータオブジェクト::ReverseDirection
2025-10-12 14:42:11,615 - api_entries_etl - DEBUG -   name: ReverseDirection
2025-10-12 14:42:11,615 - api_entries_etl - DEBUG -   property_type: bool
2025-10-12 14:42:11,615 - api_entries_etl - DEBUG -   description: フェイスプレートの幅方向の向きを反転するときはTrue
2025-10-12 14:42:11,615 - api_entries_etl - DEBUG -   raw_json: {"name":"ReverseDirection","type":"bool","description":"フェイスプレートの幅方向の向きを反転するときはTrue"}
2025-10-12 14:42:11,615 - api_entries_etl - DEBUG -   position: 7
2025-10-12 14:42:11,615 - api_entries_etl - DEBUG - [Relation #1357] Created HAS_PROPERTY: api_entry::フェイスプレートパラメータオブジェクト -> property::フェイスプレートパラメータオブジェクト::ReverseDirection
2025-10-12 14:42:11,615 - api_entries_etl - DEBUG - [Node #1122] Created Property: property::フェイスプレートパラメータオブジェクト::End1Elements
2025-10-12 14:42:11,615 - api_entries_etl - DEBUG -   name: End1Elements
2025-10-12 14:42:11,615 - api_entries_etl - DEBUG -   property_type: 要素(配列)
2025-10-12 14:42:11,615 - api_entries_etl - DEBUG -   description: 端部１、端部となる要素を指定する
2025-10-12 14:42:11,615 - api_entries_etl - DEBUG -   raw_json: {"name":"End1Elements","type":"要素(配列)","description":"端部１、端部となる要素を指定する"}
2025-10-12 14:42:11,615 - api_entries_etl - DEBUG -   position: 8
2025-10-12 14:42:11,615 - api_entries_etl - DEBUG - [Relation #1358] Created HAS_PROPERTY: api_entry::フェイスプレートパラメータオブジェクト -> property::フェイスプレートパラメータオブジェクト::End1Elements
2025-10-12 14:42:11,615 - api_entries_etl - DEBUG - [Node #1123] Created Property: property::フェイスプレートパラメータオブジェクト::End1Type
2025-10-12 14:42:11,615 - api_entries_etl - DEBUG -   name: End1Type
2025-10-12 14:42:11,615 - api_entries_etl - DEBUG -   property_type: 形状タイプ
2025-10-12 14:42:11,615 - api_entries_etl - DEBUG -   description: 端部１、フェイスプレートの端部タイプを指定
2025-10-12 14:42:11,615 - api_entries_etl - DEBUG -   raw_json: {"name":"End1Type","type":"形状タイプ","description":"端部１、フェイスプレートの端部タイプを指定"}
2025-10-12 14:42:11,615 - api_entries_etl - DEBUG -   position: 9
2025-10-12 14:42:11,615 - api_entries_etl - DEBUG - [Relation #1359] Created HAS_PROPERTY: api_entry::フェイスプレートパラメータオブジェクト -> property::フェイスプレートパラメータオブジェクト::End1Type
2025-10-12 14:42:11,615 - api_entries_etl - DEBUG - [Node #1124] Created Property: property::フェイスプレートパラメータオブジェクト::End1TypeParams
2025-10-12 14:42:11,615 - api_entries_etl - DEBUG -   name: End1TypeParams
2025-10-12 14:42:11,615 - api_entries_etl - DEBUG -   property_type: 形状パラメータ
2025-10-12 14:42:11,615 - api_entries_etl - DEBUG -   description: 端部１ フェイスプレートの端部タイプのパラメータ
2025-10-12 14:42:11,615 - api_entries_etl - DEBUG -   raw_json: {"name":"End1TypeParams","type":"形状パラメータ","description":"端部１ フェイスプレートの端部タイプのパラメータ"}
2025-10-12 14:42:11,615 - api_entries_etl - DEBUG -   position: 10
2025-10-12 14:42:11,615 - api_entries_etl - DEBUG - [Relation #1360] Created HAS_PROPERTY: api_entry::フェイスプレートパラメータオブジェクト -> property::フェイスプレートパラメータオブジェクト::End1TypeParams
2025-10-12 14:42:11,615 - api_entries_etl - DEBUG - [Node #1125] Created Property: property::フェイスプレートパラメータオブジェクト::End2Elements
2025-10-12 14:42:11,628 - api_entries_etl - DEBUG -   name: End2Elements
2025-10-12 14:42:11,628 - api_entries_etl - DEBUG -   property_type: 要素(配列)
2025-10-12 14:42:11,628 - api_entries_etl - DEBUG -   description: 端部２、端部となる要素を指定する
2025-10-12 14:42:11,628 - api_entries_etl - DEBUG -   raw_json: {"name":"End2Elements","type":"要素(配列)","description":"端部２、端部となる要素を指定する"}
2025-10-12 14:42:11,630 - api_entries_etl - DEBUG -   position: 11
2025-10-12 14:42:11,630 - api_entries_etl - DEBUG - [Relation #1361] Created HAS_PROPERTY: api_entry::フェイスプレートパラメータオブジェクト -> property::フェイスプレートパラメータオブジェクト::End2Elements
2025-10-12 14:42:11,630 - api_entries_etl - DEBUG - [Node #1126] Created Property: property::フェイスプレートパラメータオブジェクト::End2Type
2025-10-12 14:42:11,630 - api_entries_etl - DEBUG -   name: End2Type
2025-10-12 14:42:11,630 - api_entries_etl - DEBUG -   property_type: 形状タイプ
2025-10-12 14:42:11,630 - api_entries_etl - DEBUG -   description: 端部２、フェイスプレートの端部タイプを指定
2025-10-12 14:42:11,632 - api_entries_etl - DEBUG -   raw_json: {"name":"End2Type","type":"形状タイプ","description":"端部２、フェイスプレートの端部タイプを指定"}
2025-10-12 14:42:11,632 - api_entries_etl - DEBUG -   position: 12
2025-10-12 14:42:11,633 - api_entries_etl - DEBUG - [Relation #1362] Created HAS_PROPERTY: api_entry::フェイスプレートパラメータオブジェクト -> property::フェイスプレートパラメータオブジェクト::End2Type
2025-10-12 14:42:11,633 - api_entries_etl - DEBUG - [Node #1127] Created Property: property::フェイスプレートパラメータオブジェクト::End2TypeParams
2025-10-12 14:42:11,633 - api_entries_etl - DEBUG -   name: End2TypeParams
2025-10-12 14:42:11,634 - api_entries_etl - DEBUG -   property_type: 形状パラメータ
2025-10-12 14:42:11,634 - api_entries_etl - DEBUG -   description: 端部２、フェイスプレートの端部タイプのパラメータ
2025-10-12 14:42:11,634 - api_entries_etl - DEBUG -   raw_json: {"name":"End2TypeParams","type":"形状パラメータ","description":"端部２、フェイスプレートの端部タイプのパラメータ"}
2025-10-12 14:42:11,634 - api_entries_etl - DEBUG -   position: 13
2025-10-12 14:42:11,634 - api_entries_etl - DEBUG - [Relation #1363] Created HAS_PROPERTY: api_entry::フェイスプレートパラメータオブジェクト -> property::フェイスプレートパラメータオブジェクト::End2TypeParams
2025-10-12 14:42:11,634 - api_entries_etl - DEBUG - [Node #1128] Created Property: property::フェイスプレートパラメータオブジェクト::BaseFaces
2025-10-12 14:42:11,636 - api_entries_etl - DEBUG -   name: BaseFaces
2025-10-12 14:42:11,636 - api_entries_etl - DEBUG -   property_type: 要素(配列)
2025-10-12 14:42:11,636 - api_entries_etl - DEBUG -   description: 面指定で作成する場合の基準面（フェイス）
2025-10-12 14:42:11,636 - api_entries_etl - DEBUG -   raw_json: {"name":"BaseFaces","type":"要素(配列)","description":"面指定で作成する場合の基準面（フェイス）"}
2025-10-12 14:42:11,636 - api_entries_etl - DEBUG -   position: 14
2025-10-12 14:42:11,636 - api_entries_etl - DEBUG - [Relation #1364] Created HAS_PROPERTY: api_entry::フェイスプレートパラメータオブジェクト -> property::フェイスプレートパラメータオブジェクト::BaseFaces
2025-10-12 14:42:11,636 - api_entries_etl - DEBUG - [Node #1129] Created Property: property::フェイスプレートパラメータオブジェクト::AttachFaces
2025-10-12 14:42:11,636 - api_entries_etl - DEBUG -   name: AttachFaces
2025-10-12 14:42:11,636 - api_entries_etl - DEBUG -   property_type: 要素(配列)
2025-10-12 14:42:11,636 - api_entries_etl - DEBUG -   description: 面指定、取付線指定で作成する場合の取付面（フェイス）
2025-10-12 14:42:11,636 - api_entries_etl - DEBUG -   raw_json: {"name":"AttachFaces","type":"要素(配列)","description":"面指定、取付線指定で作成する場合の取付面（フェイス）"}
2025-10-12 14:42:11,636 - api_entries_etl - DEBUG -   position: 15
2025-10-12 14:42:11,636 - api_entries_etl - DEBUG - [Relation #1365] Created HAS_PROPERTY: api_entry::フェイスプレートパラメータオブジェクト -> property::フェイスプレートパラメータオブジェクト::AttachFaces
2025-10-12 14:42:11,636 - api_entries_etl - DEBUG - [Node #1130] Created Property: property::フェイスプレートパラメータオブジェクト::OrignalFacePlate
2025-10-12 14:42:11,636 - api_entries_etl - DEBUG -   name: OrignalFacePlate
2025-10-12 14:42:11,636 - api_entries_etl - DEBUG -   property_type: 要素
2025-10-12 14:42:11,636 - api_entries_etl - DEBUG -   description: 元要素指定で作成する場合の元となるフェイスプレート要素
2025-10-12 14:42:11,636 - api_entries_etl - DEBUG -   raw_json: {"name":"OrignalFacePlate","type":"要素","description":"元要素指定で作成する場合の元となるフェイスプレート要素"}
2025-10-12 14:42:11,636 - api_entries_etl - DEBUG -   position: 16
2025-10-12 14:42:11,636 - api_entries_etl - DEBUG - [Relation #1366] Created HAS_PROPERTY: api_entry::フェイスプレートパラメータオブジェクト -> property::フェイスプレートパラメータオブジェクト::OrignalFacePlate
2025-10-12 14:42:11,636 - api_entries_etl - DEBUG - [Node #1131] Created Property: property::フェイスプレートパラメータオブジェクト::Bracket
2025-10-12 14:42:11,636 - api_entries_etl - DEBUG -   name: Bracket
2025-10-12 14:42:11,636 - api_entries_etl - DEBUG -   property_type: 要素
2025-10-12 14:42:11,636 - api_entries_etl - DEBUG -   description: ブラケット指定で作成する場合のブラケット要素
2025-10-12 14:42:11,636 - api_entries_etl - DEBUG -   raw_json: {"name":"Bracket","type":"要素","description":"ブラケット指定で作成する場合のブラケット要素"}
2025-10-12 14:42:11,636 - api_entries_etl - DEBUG -   position: 17
2025-10-12 14:42:11,636 - api_entries_etl - DEBUG - [Relation #1367] Created HAS_PROPERTY: api_entry::フェイスプレートパラメータオブジェクト -> property::フェイスプレートパラメータオブジェクト::Bracket
2025-10-12 14:42:11,636 - api_entries_etl - DEBUG - [Node #1132] Created Property: property::フェイスプレートパラメータオブジェクト::BaseCurves
2025-10-12 14:42:11,636 - api_entries_etl - DEBUG -   name: BaseCurves
2025-10-12 14:42:11,636 - api_entries_etl - DEBUG -   property_type: 要素(配列)
2025-10-12 14:42:11,636 - api_entries_etl - DEBUG -   description: 取付線指定で作成する場合の取付線（カーブ、エッジ）
2025-10-12 14:42:11,636 - api_entries_etl - DEBUG -   raw_json: {"name":"BaseCurves","type":"要素(配列)","description":"取付線指定で作成する場合の取付線（カーブ、エッジ）"}
2025-10-12 14:42:11,636 - api_entries_etl - DEBUG -   position: 18
2025-10-12 14:42:11,636 - api_entries_etl - DEBUG - [Relation #1368] Created HAS_PROPERTY: api_entry::フェイスプレートパラメータオブジェクト -> property::フェイスプレートパラメータオブジェクト::BaseCurves
2025-10-12 14:42:11,636 - api_entries_etl - DEBUG - [Node #1133] Created Property: property::フェイスプレートパラメータオブジェクト::ProjectionDir
2025-10-12 14:42:11,636 - api_entries_etl - DEBUG -   name: ProjectionDir
2025-10-12 14:42:11,636 - api_entries_etl - DEBUG -   property_type: 方向
2025-10-12 14:42:11,636 - api_entries_etl - DEBUG -   description: 取付線指定で作成する場合の取付線の投影方向
2025-10-12 14:42:11,636 - api_entries_etl - DEBUG -   raw_json: {"name":"ProjectionDir","type":"方向","description":"取付線指定で作成する場合の取付線の投影方向"}
2025-10-12 14:42:11,636 - api_entries_etl - DEBUG -   position: 19
2025-10-12 14:42:11,636 - api_entries_etl - DEBUG - [Relation #1369] Created HAS_PROPERTY: api_entry::フェイスプレートパラメータオブジェクト -> property::フェイスプレートパラメータオブジェクト::ProjectionDir
2025-10-12 14:42:11,636 - api_entries_etl - DEBUG - [Node #1134] Created Property: property::フェイスプレートパラメータオブジェクト::NotProjectAttachLines
2025-10-12 14:42:11,636 - api_entries_etl - DEBUG -   name: NotProjectAttachLines
2025-10-12 14:42:11,636 - api_entries_etl - DEBUG -   property_type: bool
2025-10-12 14:42:11,644 - api_entries_etl - DEBUG -   description: 取付線指定で作成する場合に取付線を面に投影しない場合はTrue
2025-10-12 14:42:11,644 - api_entries_etl - DEBUG -   raw_json: {"name":"NotProjectAttachLines","type":"bool","description":"取付線指定で作成する場合に取付線を面に投影しない場合はTrue"}
2025-10-12 14:42:11,644 - api_entries_etl - DEBUG -   position: 20
2025-10-12 14:42:11,645 - api_entries_etl - DEBUG - [Relation #1370] Created HAS_PROPERTY: api_entry::フェイスプレートパラメータオブジェクト -> property::フェイスプレートパラメータオブジェクト::NotProjectAttachLines
2025-10-12 14:42:11,645 - api_entries_etl - DEBUG - [Node #1135] Created Property: property::フェイスプレートパラメータオブジェクト::ReverseAttachDirection
2025-10-12 14:42:11,645 - api_entries_etl - DEBUG -   name: ReverseAttachDirection
2025-10-12 14:42:11,645 - api_entries_etl - DEBUG -   property_type: bool
2025-10-12 14:42:11,645 - api_entries_etl - DEBUG -   description: 取付線指定で作成する場合に取付方向を反転する場合はTrue
2025-10-12 14:42:11,645 - api_entries_etl - DEBUG -   raw_json: {"name":"ReverseAttachDirection","type":"bool","description":"取付線指定で作成する場合に取付方向を反転する場合はTrue"}
2025-10-12 14:42:11,645 - api_entries_etl - DEBUG -   position: 21
2025-10-12 14:42:11,645 - api_entries_etl - DEBUG - [Relation #1371] Created HAS_PROPERTY: api_entry::フェイスプレートパラメータオブジェクト -> property::フェイスプレートパラメータオブジェクト::ReverseAttachDirection
2025-10-12 14:42:11,645 - api_entries_etl - DEBUG - [Node #1136] Created Property: property::フェイスプレートパラメータオブジェクト::BaseOwner
2025-10-12 14:42:11,645 - api_entries_etl - DEBUG -   name: BaseOwner
2025-10-12 14:42:11,650 - api_entries_etl - DEBUG -   property_type: 要素
2025-10-12 14:42:11,650 - api_entries_etl - DEBUG -   description: 面指定で作成する場合の面の属するソリッド要素
2025-10-12 14:42:11,650 - api_entries_etl - DEBUG -   raw_json: {"name":"BaseOwner","type":"要素","description":"面指定で作成する場合の面の属するソリッド要素"}
2025-10-12 14:42:11,650 - api_entries_etl - DEBUG -   position: 22
2025-10-12 14:42:11,650 - api_entries_etl - DEBUG - [Relation #1372] Created HAS_PROPERTY: api_entry::フェイスプレートパラメータオブジェクト -> property::フェイスプレートパラメータオブジェクト::BaseOwner
2025-10-12 14:42:11,650 - api_entries_etl - DEBUG - [Node #1137] Created Source: source::フェイスプレートパラメータオブジェクト::inline
2025-10-12 14:42:11,650 - api_entries_etl - DEBUG -   text: 〇フェイスプレートパラメータオブジェクト
   属性
   Name // 文字列：作成するフェイスプレートソリッド要素名称（空文字可）
   ElementGroup // 要素グループ：作成するソリッド要素を要素グループに入れる場...
2025-10-12 14:42:11,651 - api_entries_etl - DEBUG - [Relation #1373] Created CITED_FROM: api_entry::フェイスプレートパラメータオブジェクト -> source::フェイスプレートパラメータオブジェクト::inline
2025-10-12 14:42:11,651 - api_entries_etl - DEBUG - Processing API entry #78: CreateFacePlate
2025-10-12 14:42:11,651 - api_entries_etl - DEBUG - [Node #1138] Created APIEntry: api_entry::CreateFacePlate
2025-10-12 14:42:11,651 - api_entries_etl - DEBUG -   name: CreateFacePlate
2025-10-12 14:42:11,651 - api_entries_etl - DEBUG -   category: Partオブジェクト
2025-10-12 14:42:11,651 - api_entries_etl - DEBUG -   entry_type: function
2025-10-12 14:42:11,651 - api_entries_etl - DEBUG -   description: 船殻のフェイスプレート要素トを作成する
2025-10-12 14:42:11,653 - api_entries_etl - DEBUG -   pseudo_code: CreateFacePlate(ParamObj, bUpdate)
2025-10-12 14:42:11,653 - api_entries_etl - DEBUG -   text: 船殻のフェイスプレート要素トを作成する

〇船殻のフェイスプレート要素トを作成する
  返り値:作成されたフェイスプレート要素ID
CreateFacePlate(
        ParamObj, // フェイスプレートパラメータ...
2025-10-12 14:42:11,653 - api_entries_etl - DEBUG -   raw_json: {"category":"Partオブジェクト","entry_type":"function","name":"CreateFacePlate","description":"船殻のフェイスプレート要素トを作成する","pseudo...
2025-10-12 14:42:11,653 - api_entries_etl - DEBUG -   position: 77
2025-10-12 14:42:11,653 - api_entries_etl - DEBUG - [Relation #1374] Created HAS_ENTRY: api_entries::collection -> api_entry::CreateFacePlate
2025-10-12 14:42:11,653 - api_entries_etl - DEBUG - [Node #1139] Created Category: category::Partオブジェクト
2025-10-12 14:42:11,653 - api_entries_etl - DEBUG -   name: Partオブジェクト
2025-10-12 14:42:11,653 - api_entries_etl - DEBUG - [Relation #1375] Created IN_CATEGORY: api_entry::CreateFacePlate -> category::Partオブジェクト
2025-10-12 14:42:11,653 - api_entries_etl - DEBUG - [Node #1140] Created EntryType: entry_type::function
2025-10-12 14:42:11,653 - api_entries_etl - DEBUG -   name: function
2025-10-12 14:42:11,653 - api_entries_etl - DEBUG - [Relation #1376] Created HAS_ENTRY_TYPE: api_entry::CreateFacePlate -> entry_type::function
2025-10-12 14:42:11,653 - api_entries_etl - DEBUG - [Node #1141] Created Parameter: param::CreateFacePlate::ParamObj
2025-10-12 14:42:11,653 - api_entries_etl - DEBUG -   name: ParamObj
2025-10-12 14:42:11,657 - api_entries_etl - DEBUG -   param_type: フェイスプレートパラメータオブジェクト
2025-10-12 14:42:11,658 - api_entries_etl - DEBUG -   position: 0
2025-10-12 14:42:11,658 - api_entries_etl - DEBUG -   description: フェイスプレートを作成するためのパラメータを保持するオブジェクト。
2025-10-12 14:42:11,658 - api_entries_etl - DEBUG -   raw_json: {"name":"ParamObj","type":"フェイスプレートパラメータオブジェクト","description":"フェイスプレートを作成するためのパラメータを保持するオブジェクト。","position":0}
2025-10-12 14:42:11,658 - api_entries_etl - DEBUG - [Relation #1377] Created HAS_PARAMETER: api_entry::CreateFacePlate -> param::CreateFacePlate::ParamObj
2025-10-12 14:42:11,658 - api_entries_etl - DEBUG - [Node #1142] Created Parameter: param::CreateFacePlate::bUpdate
2025-10-12 14:42:11,658 - api_entries_etl - DEBUG -   name: bUpdate
2025-10-12 14:42:11,658 - api_entries_etl - DEBUG -   param_type: bool
2025-10-12 14:42:11,658 - api_entries_etl - DEBUG -   position: 1
2025-10-12 14:42:11,658 - api_entries_etl - DEBUG -   description: 更新フラグ（未実装、使用しない）。
2025-10-12 14:42:11,658 - api_entries_etl - DEBUG -   raw_json: {"name":"bUpdate","type":"bool","description":"更新フラグ（未実装、使用しない）。","position":1}
2025-10-12 14:42:11,658 - api_entries_etl - DEBUG - [Relation #1378] Created HAS_PARAMETER: api_entry::CreateFacePlate -> param::CreateFacePlate::bUpdate
2025-10-12 14:42:11,658 - api_entries_etl - DEBUG - [Node #1143] Created ReturnValue: return::CreateFacePlate
2025-10-12 14:42:11,662 - api_entries_etl - DEBUG -   return_type: ID
2025-10-12 14:42:11,662 - api_entries_etl - DEBUG -   description: 作成されたフェイスプレート要素ID
2025-10-12 14:42:11,662 - api_entries_etl - DEBUG -   raw_json: {"type":"ID","description":"作成されたフェイスプレート要素ID"}
2025-10-12 14:42:11,662 - api_entries_etl - DEBUG - [Relation #1379] Created HAS_RETURN: api_entry::CreateFacePlate -> return::CreateFacePlate
2025-10-12 14:42:11,662 - api_entries_etl - DEBUG - [Node #1144] Created PseudoCode: pseudo_code::CreateFacePlate
2025-10-12 14:42:11,662 - api_entries_etl - DEBUG -   code: CreateFacePlate(ParamObj, bUpdate)
2025-10-12 14:42:11,662 - api_entries_etl - DEBUG -   callee: CreateFacePlate
2025-10-12 14:42:11,662 - api_entries_etl - DEBUG -   argument_count: 2
2025-10-12 14:42:11,662 - api_entries_etl - DEBUG -   arguments_json: ["ParamObj","bUpdate"]
2025-10-12 14:42:11,662 - api_entries_etl - DEBUG - [Relation #1380] Created HAS_PSEUDO_CODE: api_entry::CreateFacePlate -> pseudo_code::CreateFacePlate
2025-10-12 14:42:11,662 - api_entries_etl - DEBUG - [Node #1145] Created PseudoCodeArgument: pseudo_code::CreateFacePlate::arg::0
2025-10-12 14:42:11,662 - api_entries_etl - DEBUG -   text: ParamObj
2025-10-12 14:42:11,662 - api_entries_etl - DEBUG -   position: 0
2025-10-12 14:42:11,662 - api_entries_etl - DEBUG -   normalized_text: paramobj
2025-10-12 14:42:11,662 - api_entries_etl - DEBUG - [Relation #1381] Created HAS_ARGUMENT: pseudo_code::CreateFacePlate -> pseudo_code::CreateFacePlate::arg::0
2025-10-12 14:42:11,662 - api_entries_etl - DEBUG - [Relation #1382] Created ARGUMENT_MATCHES_PARAMETER: pseudo_code::CreateFacePlate::arg::0 -> param::CreateFacePlate::ParamObj
2025-10-12 14:42:11,662 - api_entries_etl - DEBUG - [Node #1146] Created PseudoCodeArgument: pseudo_code::CreateFacePlate::arg::1
2025-10-12 14:42:11,662 - api_entries_etl - DEBUG -   text: bUpdate
2025-10-12 14:42:11,662 - api_entries_etl - DEBUG -   position: 1
2025-10-12 14:42:11,662 - api_entries_etl - DEBUG -   normalized_text: bupdate
2025-10-12 14:42:11,662 - api_entries_etl - DEBUG - [Relation #1383] Created HAS_ARGUMENT: pseudo_code::CreateFacePlate -> pseudo_code::CreateFacePlate::arg::1
2025-10-12 14:42:11,662 - api_entries_etl - DEBUG - [Relation #1384] Created ARGUMENT_MATCHES_PARAMETER: pseudo_code::CreateFacePlate::arg::1 -> param::CreateFacePlate::bUpdate
2025-10-12 14:42:11,662 - api_entries_etl - DEBUG - [Node #1147] Created Source: source::CreateFacePlate::inline
2025-10-12 14:42:11,662 - api_entries_etl - DEBUG -   text: 〇船殻のフェイスプレート要素トを作成する
  返り値:作成されたフェイスプレート要素ID
CreateFacePlate(
        ParamObj, // フェイスプレートパラメータオブジェクト
        bUpdat...
2025-10-12 14:42:11,662 - api_entries_etl - DEBUG - [Relation #1385] Created CITED_FROM: api_entry::CreateFacePlate -> source::CreateFacePlate::inline
2025-10-12 14:42:11,662 - api_entries_etl - DEBUG - Processing API entry #79: CreateOffsetDatumPlane
2025-10-12 14:42:11,662 - api_entries_etl - DEBUG - [Node #1148] Created APIEntry: api_entry::CreateOffsetDatumPlane
2025-10-12 14:42:11,662 - api_entries_etl - DEBUG -   name: CreateOffsetDatumPlane
2025-10-12 14:42:11,662 - api_entries_etl - DEBUG -   category: Partオブジェクト
2025-10-12 14:42:11,662 - api_entries_etl - DEBUG -   entry_type: function
2025-10-12 14:42:11,670 - api_entries_etl - DEBUG -   description: 既存平面をオフセット移動コピーしたデータム平面を作成します
2025-10-12 14:42:11,670 - api_entries_etl - DEBUG -   pseudo_code: CreateOffsetDatumPlane(Name, ElementGroup, Plane, OffsetDistance, ReferMethod, bUpdate)
2025-10-12 14:42:11,670 - api_entries_etl - DEBUG -   text: 既存平面をオフセット移動コピーしたデータム平面を作成します

〇データム平面の作成（移動）
 既存平面をオフセット移動コピーしたデータム平面を作成します
  返り値:作成されたデータム平面の要素ID
CreateOffsetDatum...
2025-10-12 14:42:11,670 - api_entries_etl - DEBUG -   raw_json: {"category":"Partオブジェクト","entry_type":"function","name":"CreateOffsetDatumPlane","description":"既存平面をオフセット移動コピーしたデータム...
2025-10-12 14:42:11,670 - api_entries_etl - DEBUG -   position: 78
2025-10-12 14:42:11,670 - api_entries_etl - DEBUG - [Relation #1386] Created HAS_ENTRY: api_entries::collection -> api_entry::CreateOffsetDatumPlane
2025-10-12 14:42:11,670 - api_entries_etl - DEBUG - [Node #1149] Created Category: category::Partオブジェクト
2025-10-12 14:42:11,670 - api_entries_etl - DEBUG -   name: Partオブジェクト
2025-10-12 14:42:11,670 - api_entries_etl - DEBUG - [Relation #1387] Created IN_CATEGORY: api_entry::CreateOffsetDatumPlane -> category::Partオブジェクト
2025-10-12 14:42:11,670 - api_entries_etl - DEBUG - [Node #1150] Created EntryType: entry_type::function
2025-10-12 14:42:11,670 - api_entries_etl - DEBUG -   name: function
2025-10-12 14:42:11,670 - api_entries_etl - DEBUG - [Relation #1388] Created HAS_ENTRY_TYPE: api_entry::CreateOffsetDatumPlane -> entry_type::function
2025-10-12 14:42:11,670 - api_entries_etl - DEBUG - [Node #1151] Created Parameter: param::CreateOffsetDatumPlane::Name
2025-10-12 14:42:11,670 - api_entries_etl - DEBUG -   name: Name
2025-10-12 14:42:11,670 - api_entries_etl - DEBUG -   param_type: 文字列
2025-10-12 14:42:11,670 - api_entries_etl - DEBUG -   position: 0
2025-10-12 14:42:11,670 - api_entries_etl - DEBUG -   description: 作成するデータム平面要素名称（空文字可）
2025-10-12 14:42:11,670 - api_entries_etl - DEBUG -   raw_json: {"name":"Name","type":"文字列","description":"作成するデータム平面要素名称（空文字可）","position":0}
2025-10-12 14:42:11,670 - api_entries_etl - DEBUG - [Relation #1389] Created HAS_PARAMETER: api_entry::CreateOffsetDatumPlane -> param::CreateOffsetDatumPlane::Name
2025-10-12 14:42:11,670 - api_entries_etl - DEBUG - [Node #1152] Created Parameter: param::CreateOffsetDatumPlane::ElementGroup
2025-10-12 14:42:11,670 - api_entries_etl - DEBUG -   name: ElementGroup
2025-10-12 14:42:11,670 - api_entries_etl - DEBUG -   param_type: 要素グループ
2025-10-12 14:42:11,670 - api_entries_etl - DEBUG -   position: 1
2025-10-12 14:42:11,670 - api_entries_etl - DEBUG -   description: 作成するデータム平面要素を要素グループに入れる場合は要素グループを指定（空文字可）
2025-10-12 14:42:11,670 - api_entries_etl - DEBUG -   raw_json: {"name":"ElementGroup","type":"要素グループ","description":"作成するデータム平面要素を要素グループに入れる場合は要素グループを指定（空文字可）","position":1}
2025-10-12 14:42:11,670 - api_entries_etl - DEBUG - [Relation #1390] Created HAS_PARAMETER: api_entry::CreateOffsetDatumPlane -> param::CreateOffsetDatumPlane::ElementGroup
2025-10-12 14:42:11,670 - api_entries_etl - DEBUG - [Node #1153] Created Parameter: param::CreateOffsetDatumPlane::Plane
2025-10-12 14:42:11,670 - api_entries_etl - DEBUG -   name: Plane
2025-10-12 14:42:11,670 - api_entries_etl - DEBUG -   param_type: 平面
2025-10-12 14:42:11,676 - api_entries_etl - DEBUG -   position: 2
2025-10-12 14:42:11,676 - api_entries_etl - DEBUG -   description: 元になる平面を指定する
2025-10-12 14:42:11,676 - api_entries_etl - DEBUG -   raw_json: {"name":"Plane","type":"平面","description":"元になる平面を指定する","position":2}
2025-10-12 14:42:11,676 - api_entries_etl - DEBUG - [Relation #1391] Created HAS_PARAMETER: api_entry::CreateOffsetDatumPlane -> param::CreateOffsetDatumPlane::Plane
2025-10-12 14:42:11,676 - api_entries_etl - DEBUG - [Node #1154] Created Parameter: param::CreateOffsetDatumPlane::OffsetDistance
2025-10-12 14:42:11,676 - api_entries_etl - DEBUG -   name: OffsetDistance
2025-10-12 14:42:11,677 - api_entries_etl - DEBUG -   param_type: 長さ
2025-10-12 14:42:11,677 - api_entries_etl - DEBUG -   position: 3
2025-10-12 14:42:11,677 - api_entries_etl - DEBUG -   description: 元になる平面からのオフセット距離を指定
2025-10-12 14:42:11,677 - api_entries_etl - DEBUG -   raw_json: {"name":"OffsetDistance","type":"長さ","description":"元になる平面からのオフセット距離を指定","position":3}
2025-10-12 14:42:11,677 - api_entries_etl - DEBUG - [Relation #1392] Created HAS_PARAMETER: api_entry::CreateOffsetDatumPlane -> param::CreateOffsetDatumPlane::OffsetDistance
2025-10-12 14:42:11,677 - api_entries_etl - DEBUG - [Node #1155] Created Parameter: param::CreateOffsetDatumPlane::ReferMethod
2025-10-12 14:42:11,677 - api_entries_etl - DEBUG -   name: ReferMethod
2025-10-12 14:42:11,677 - api_entries_etl - DEBUG -   param_type: 関連設定
2025-10-12 14:42:11,677 - api_entries_etl - DEBUG -   position: 4
2025-10-12 14:42:11,677 - api_entries_etl - DEBUG -   description: 要素の関連づけ方法の指定（未実装、使用しない）
2025-10-12 14:42:11,677 - api_entries_etl - DEBUG -   raw_json: {"name":"ReferMethod","type":"関連設定","description":"要素の関連づけ方法の指定（未実装、使用しない）","position":4}
2025-10-12 14:42:11,677 - api_entries_etl - DEBUG - [Relation #1393] Created HAS_PARAMETER: api_entry::CreateOffsetDatumPlane -> param::CreateOffsetDatumPlane::ReferMethod
2025-10-12 14:42:11,677 - api_entries_etl - DEBUG - [Node #1156] Created Parameter: param::CreateOffsetDatumPlane::bUpdate
2025-10-12 14:42:11,677 - api_entries_etl - DEBUG -   name: bUpdate
2025-10-12 14:42:11,677 - api_entries_etl - DEBUG -   param_type: bool
2025-10-12 14:42:11,677 - api_entries_etl - DEBUG -   position: 5
2025-10-12 14:42:11,677 - api_entries_etl - DEBUG -   description: 更新フラグ（未実装、使用しない）
2025-10-12 14:42:11,677 - api_entries_etl - DEBUG -   raw_json: {"name":"bUpdate","type":"bool","description":"更新フラグ（未実装、使用しない）","position":5}
2025-10-12 14:42:11,677 - api_entries_etl - DEBUG - [Relation #1394] Created HAS_PARAMETER: api_entry::CreateOffsetDatumPlane -> param::CreateOffsetDatumPlane::bUpdate
2025-10-12 14:42:11,677 - api_entries_etl - DEBUG - [Node #1157] Created ReturnValue: return::CreateOffsetDatumPlane
2025-10-12 14:42:11,677 - api_entries_etl - DEBUG -   return_type: void
2025-10-12 14:42:11,677 - api_entries_etl - DEBUG -   description: 作成されたデータム平面の要素ID
2025-10-12 14:42:11,677 - api_entries_etl - DEBUG -   raw_json: {"type":"void","description":"作成されたデータム平面の要素ID"}
2025-10-12 14:42:11,677 - api_entries_etl - DEBUG - [Relation #1395] Created HAS_RETURN: api_entry::CreateOffsetDatumPlane -> return::CreateOffsetDatumPlane
2025-10-12 14:42:11,677 - api_entries_etl - DEBUG - [Node #1158] Created PseudoCode: pseudo_code::CreateOffsetDatumPlane
2025-10-12 14:42:11,677 - api_entries_etl - DEBUG -   code: CreateOffsetDatumPlane(Name, ElementGroup, Plane, OffsetDistance, ReferMethod, bUpdate)
2025-10-12 14:42:11,677 - api_entries_etl - DEBUG -   callee: CreateOffsetDatumPlane
2025-10-12 14:42:11,677 - api_entries_etl - DEBUG -   argument_count: 6
2025-10-12 14:42:11,677 - api_entries_etl - DEBUG -   arguments_json: ["Name","ElementGroup","Plane","OffsetDistance","ReferMethod","bUpdate"]
2025-10-12 14:42:11,677 - api_entries_etl - DEBUG - [Relation #1396] Created HAS_PSEUDO_CODE: api_entry::CreateOffsetDatumPlane -> pseudo_code::CreateOffsetDatumPlane
2025-10-12 14:42:11,677 - api_entries_etl - DEBUG - [Node #1159] Created PseudoCodeArgument: pseudo_code::CreateOffsetDatumPlane::arg::0
2025-10-12 14:42:11,677 - api_entries_etl - DEBUG -   text: Name
2025-10-12 14:42:11,677 - api_entries_etl - DEBUG -   position: 0
2025-10-12 14:42:11,677 - api_entries_etl - DEBUG -   normalized_text: name
2025-10-12 14:42:11,677 - api_entries_etl - DEBUG - [Relation #1397] Created HAS_ARGUMENT: pseudo_code::CreateOffsetDatumPlane -> pseudo_code::CreateOffsetDatumPlane::arg::0
2025-10-12 14:42:11,677 - api_entries_etl - DEBUG - [Relation #1398] Created ARGUMENT_MATCHES_PARAMETER: pseudo_code::CreateOffsetDatumPlane::arg::0 -> param::CreateOffsetDatumPlane::Name
2025-10-12 14:42:11,686 - api_entries_etl - DEBUG - [Node #1160] Created PseudoCodeArgument: pseudo_code::CreateOffsetDatumPlane::arg::1
2025-10-12 14:42:11,686 - api_entries_etl - DEBUG -   text: ElementGroup
2025-10-12 14:42:11,686 - api_entries_etl - DEBUG -   position: 1
2025-10-12 14:42:11,686 - api_entries_etl - DEBUG -   normalized_text: elementgroup
2025-10-12 14:42:11,686 - api_entries_etl - DEBUG - [Relation #1399] Created HAS_ARGUMENT: pseudo_code::CreateOffsetDatumPlane -> pseudo_code::CreateOffsetDatumPlane::arg::1
2025-10-12 14:42:11,686 - api_entries_etl - DEBUG - [Relation #1400] Created ARGUMENT_MATCHES_PARAMETER: pseudo_code::CreateOffsetDatumPlane::arg::1 -> param::CreateOffsetDatumPlane::ElementGroup
2025-10-12 14:42:11,686 - api_entries_etl - DEBUG - [Node #1161] Created PseudoCodeArgument: pseudo_code::CreateOffsetDatumPlane::arg::2
2025-10-12 14:42:11,686 - api_entries_etl - DEBUG -   text: Plane
2025-10-12 14:42:11,686 - api_entries_etl - DEBUG -   position: 2
2025-10-12 14:42:11,686 - api_entries_etl - DEBUG -   normalized_text: plane
2025-10-12 14:42:11,686 - api_entries_etl - DEBUG - [Relation #1401] Created HAS_ARGUMENT: pseudo_code::CreateOffsetDatumPlane -> pseudo_code::CreateOffsetDatumPlane::arg::2
2025-10-12 14:42:11,686 - api_entries_etl - DEBUG - [Relation #1402] Created ARGUMENT_MATCHES_PARAMETER: pseudo_code::CreateOffsetDatumPlane::arg::2 -> param::CreateOffsetDatumPlane::Plane
2025-10-12 14:42:11,686 - api_entries_etl - DEBUG - [Node #1162] Created PseudoCodeArgument: pseudo_code::CreateOffsetDatumPlane::arg::3
2025-10-12 14:42:11,686 - api_entries_etl - DEBUG -   text: OffsetDistance
2025-10-12 14:42:11,686 - api_entries_etl - DEBUG -   position: 3
2025-10-12 14:42:11,686 - api_entries_etl - DEBUG -   normalized_text: offsetdistance
2025-10-12 14:42:11,686 - api_entries_etl - DEBUG - [Relation #1403] Created HAS_ARGUMENT: pseudo_code::CreateOffsetDatumPlane -> pseudo_code::CreateOffsetDatumPlane::arg::3
2025-10-12 14:42:11,686 - api_entries_etl - DEBUG - [Relation #1404] Created ARGUMENT_MATCHES_PARAMETER: pseudo_code::CreateOffsetDatumPlane::arg::3 -> param::CreateOffsetDatumPlane::OffsetDistance
2025-10-12 14:42:11,686 - api_entries_etl - DEBUG - [Node #1163] Created PseudoCodeArgument: pseudo_code::CreateOffsetDatumPlane::arg::4
2025-10-12 14:42:11,686 - api_entries_etl - DEBUG -   text: ReferMethod
2025-10-12 14:42:11,686 - api_entries_etl - DEBUG -   position: 4
2025-10-12 14:42:11,686 - api_entries_etl - DEBUG -   normalized_text: refermethod
2025-10-12 14:42:11,686 - api_entries_etl - DEBUG - [Relation #1405] Created HAS_ARGUMENT: pseudo_code::CreateOffsetDatumPlane -> pseudo_code::CreateOffsetDatumPlane::arg::4
2025-10-12 14:42:11,686 - api_entries_etl - DEBUG - [Relation #1406] Created ARGUMENT_MATCHES_PARAMETER: pseudo_code::CreateOffsetDatumPlane::arg::4 -> param::CreateOffsetDatumPlane::ReferMethod
2025-10-12 14:42:11,686 - api_entries_etl - DEBUG - [Node #1164] Created PseudoCodeArgument: pseudo_code::CreateOffsetDatumPlane::arg::5
2025-10-12 14:42:11,686 - api_entries_etl - DEBUG -   text: bUpdate
2025-10-12 14:42:11,686 - api_entries_etl - DEBUG -   position: 5
2025-10-12 14:42:11,686 - api_entries_etl - DEBUG -   normalized_text: bupdate
2025-10-12 14:42:11,686 - api_entries_etl - DEBUG - [Relation #1407] Created HAS_ARGUMENT: pseudo_code::CreateOffsetDatumPlane -> pseudo_code::CreateOffsetDatumPlane::arg::5
2025-10-12 14:42:11,686 - api_entries_etl - DEBUG - [Relation #1408] Created ARGUMENT_MATCHES_PARAMETER: pseudo_code::CreateOffsetDatumPlane::arg::5 -> param::CreateOffsetDatumPlane::bUpdate
2025-10-12 14:42:11,686 - api_entries_etl - DEBUG - [Node #1165] Created Source: source::CreateOffsetDatumPlane::inline
2025-10-12 14:42:11,686 - api_entries_etl - DEBUG -   text: 〇データム平面の作成（移動）
 既存平面をオフセット移動コピーしたデータム平面を作成します
  返り値:作成されたデータム平面の要素ID
CreateOffsetDatumPlane(
    Name,         // 文字列...
2025-10-12 14:42:11,686 - api_entries_etl - DEBUG - [Relation #1409] Created CITED_FROM: api_entry::CreateOffsetDatumPlane -> source::CreateOffsetDatumPlane::inline
2025-10-12 14:42:11,686 - api_entries_etl - DEBUG - Processing API entry #80: CreateRotatedDatumPlane
2025-10-12 14:42:11,686 - api_entries_etl - DEBUG - [Node #1166] Created APIEntry: api_entry::CreateRotatedDatumPlane
2025-10-12 14:42:11,686 - api_entries_etl - DEBUG -   name: CreateRotatedDatumPlane
2025-10-12 14:42:11,686 - api_entries_etl - DEBUG -   category: Partオブジェクト
2025-10-12 14:42:11,686 - api_entries_etl - DEBUG -   entry_type: function
2025-10-12 14:42:11,686 - api_entries_etl - DEBUG -   description: データム平面の作成（回転）
2025-10-12 14:42:11,695 - api_entries_etl - DEBUG -   pseudo_code: CreateRotatedDatumPlane(Name, ElementGroup, Plane, Axis, Angle, ReferMethod, bUpdate)
2025-10-12 14:42:11,695 - api_entries_etl - DEBUG -   text: データム平面の作成（回転）

〇データム平面の作成（回転）
 既存平面を回転移動コピーしたデータム平面を作成します
  返り値:作成されたデータム平面の要素ID
CreateRotatedDatumPlane(
    Name,  ...
2025-10-12 14:42:11,695 - api_entries_etl - DEBUG -   raw_json: {"category":"Partオブジェクト","entry_type":"function","name":"CreateRotatedDatumPlane","description":"データム平面の作成（回転）","pseu...
2025-10-12 14:42:11,695 - api_entries_etl - DEBUG -   position: 79
2025-10-12 14:42:11,695 - api_entries_etl - DEBUG - [Relation #1410] Created HAS_ENTRY: api_entries::collection -> api_entry::CreateRotatedDatumPlane
2025-10-12 14:42:11,695 - api_entries_etl - DEBUG - [Node #1167] Created Category: category::Partオブジェクト
2025-10-12 14:42:11,695 - api_entries_etl - DEBUG -   name: Partオブジェクト
2025-10-12 14:42:11,695 - api_entries_etl - DEBUG - [Relation #1411] Created IN_CATEGORY: api_entry::CreateRotatedDatumPlane -> category::Partオブジェクト
2025-10-12 14:42:11,695 - api_entries_etl - DEBUG - [Node #1168] Created EntryType: entry_type::function
2025-10-12 14:42:11,695 - api_entries_etl - DEBUG -   name: function
2025-10-12 14:42:11,695 - api_entries_etl - DEBUG - [Relation #1412] Created HAS_ENTRY_TYPE: api_entry::CreateRotatedDatumPlane -> entry_type::function
2025-10-12 14:42:11,695 - api_entries_etl - DEBUG - [Node #1169] Created Parameter: param::CreateRotatedDatumPlane::Name
2025-10-12 14:42:11,695 - api_entries_etl - DEBUG -   name: Name
2025-10-12 14:42:11,695 - api_entries_etl - DEBUG -   param_type: 文字列
2025-10-12 14:42:11,695 - api_entries_etl - DEBUG -   position: 0
2025-10-12 14:42:11,695 - api_entries_etl - DEBUG -   description: 作成するデータム平面要素名称（空文字可）
2025-10-12 14:42:11,695 - api_entries_etl - DEBUG -   raw_json: {"name":"Name","type":"文字列","description":"作成するデータム平面要素名称（空文字可）","position":0}
2025-10-12 14:42:11,695 - api_entries_etl - DEBUG - [Relation #1413] Created HAS_PARAMETER: api_entry::CreateRotatedDatumPlane -> param::CreateRotatedDatumPlane::Name
2025-10-12 14:42:11,695 - api_entries_etl - DEBUG - [Node #1170] Created Parameter: param::CreateRotatedDatumPlane::ElementGroup
2025-10-12 14:42:11,695 - api_entries_etl - DEBUG -   name: ElementGroup
2025-10-12 14:42:11,695 - api_entries_etl - DEBUG -   param_type: 要素グループ
2025-10-12 14:42:11,695 - api_entries_etl - DEBUG -   position: 1
2025-10-12 14:42:11,695 - api_entries_etl - DEBUG -   description: 作成するデータム平面要素を要素グループに入れる場合は要素グループを指定（空文字可）
2025-10-12 14:42:11,695 - api_entries_etl - DEBUG -   raw_json: {"name":"ElementGroup","type":"要素グループ","description":"作成するデータム平面要素を要素グループに入れる場合は要素グループを指定（空文字可）","position":1}
2025-10-12 14:42:11,695 - api_entries_etl - DEBUG - [Relation #1414] Created HAS_PARAMETER: api_entry::CreateRotatedDatumPlane -> param::CreateRotatedDatumPlane::ElementGroup
2025-10-12 14:42:11,695 - api_entries_etl - DEBUG - [Node #1171] Created Parameter: param::CreateRotatedDatumPlane::Plane
2025-10-12 14:42:11,695 - api_entries_etl - DEBUG -   name: Plane
2025-10-12 14:42:11,695 - api_entries_etl - DEBUG -   param_type: 平面
2025-10-12 14:42:11,695 - api_entries_etl - DEBUG -   position: 2
2025-10-12 14:42:11,695 - api_entries_etl - DEBUG -   description: 元になる平面を指定する（'PL'で始まるカンマ区切り文字列、例: "PL,Z"、"PL,O,500.0,X"）
2025-10-12 14:42:11,695 - api_entries_etl - DEBUG -   raw_json: {"name":"Plane","type":"平面","description":"元になる平面を指定する（'PL'で始まるカンマ区切り文字列、例: \"PL,Z\"、\"PL,O,500.0,X\"）","position":2}
2025-10-12 14:42:11,695 - api_entries_etl - DEBUG - [Relation #1415] Created HAS_PARAMETER: api_entry::CreateRotatedDatumPlane -> param::CreateRotatedDatumPlane::Plane
2025-10-12 14:42:11,695 - api_entries_etl - DEBUG - [Node #1172] Created Parameter: param::CreateRotatedDatumPlane::Axis
2025-10-12 14:42:11,695 - api_entries_etl - DEBUG -   name: Axis
2025-10-12 14:42:11,695 - api_entries_etl - DEBUG -   param_type: 軸
2025-10-12 14:42:11,695 - api_entries_etl - DEBUG -   position: 3
2025-10-12 14:42:11,695 - api_entries_etl - DEBUG -   description: 回転軸を指定する
2025-10-12 14:42:11,695 - api_entries_etl - DEBUG -   raw_json: {"name":"Axis","type":"軸","description":"回転軸を指定する","position":3}
2025-10-12 14:42:11,695 - api_entries_etl - DEBUG - [Relation #1416] Created HAS_PARAMETER: api_entry::CreateRotatedDatumPlane -> param::CreateRotatedDatumPlane::Axis
2025-10-12 14:42:11,695 - api_entries_etl - DEBUG - [Node #1173] Created Parameter: param::CreateRotatedDatumPlane::Angle
2025-10-12 14:42:11,695 - api_entries_etl - DEBUG -   name: Angle
2025-10-12 14:42:11,695 - api_entries_etl - DEBUG -   param_type: 角度
2025-10-12 14:42:11,695 - api_entries_etl - DEBUG -   position: 4
2025-10-12 14:42:11,695 - api_entries_etl - DEBUG -   description: 回転角度（度(°)単位の数値、変数名または式文字列）
2025-10-12 14:42:11,695 - api_entries_etl - DEBUG -   raw_json: {"name":"Angle","type":"角度","description":"回転角度（度(°)単位の数値、変数名または式文字列）","position":4}
2025-10-12 14:42:11,695 - api_entries_etl - DEBUG - [Relation #1417] Created HAS_PARAMETER: api_entry::CreateRotatedDatumPlane -> param::CreateRotatedDatumPlane::Angle
2025-10-12 14:42:11,695 - api_entries_etl - DEBUG - [Node #1174] Created Parameter: param::CreateRotatedDatumPlane::ReferMethod
2025-10-12 14:42:11,695 - api_entries_etl - DEBUG -   name: ReferMethod
2025-10-12 14:42:11,695 - api_entries_etl - DEBUG -   param_type: 関連設定
2025-10-12 14:42:11,695 - api_entries_etl - DEBUG -   position: 5
2025-10-12 14:42:11,695 - api_entries_etl - DEBUG -   description: 要素の関連づけ方法の指定（未実装、使用しない）
2025-10-12 14:42:11,695 - api_entries_etl - DEBUG -   raw_json: {"name":"ReferMethod","type":"関連設定","description":"要素の関連づけ方法の指定（未実装、使用しない）","position":5}
2025-10-12 14:42:11,695 - api_entries_etl - DEBUG - [Relation #1418] Created HAS_PARAMETER: api_entry::CreateRotatedDatumPlane -> param::CreateRotatedDatumPlane::ReferMethod
2025-10-12 14:42:11,695 - api_entries_etl - DEBUG - [Node #1175] Created Parameter: param::CreateRotatedDatumPlane::bUpdate
2025-10-12 14:42:11,695 - api_entries_etl - DEBUG -   name: bUpdate
2025-10-12 14:42:11,695 - api_entries_etl - DEBUG -   param_type: bool
2025-10-12 14:42:11,695 - api_entries_etl - DEBUG -   position: 6
2025-10-12 14:42:11,695 - api_entries_etl - DEBUG -   description: 更新フラグ（未実装、使用しない）
2025-10-12 14:42:11,695 - api_entries_etl - DEBUG -   raw_json: {"name":"bUpdate","type":"bool","description":"更新フラグ（未実装、使用しない）","position":6}
2025-10-12 14:42:11,695 - api_entries_etl - DEBUG - [Relation #1419] Created HAS_PARAMETER: api_entry::CreateRotatedDatumPlane -> param::CreateRotatedDatumPlane::bUpdate
2025-10-12 14:42:11,695 - api_entries_etl - DEBUG - [Node #1176] Created ReturnValue: return::CreateRotatedDatumPlane
2025-10-12 14:42:11,695 - api_entries_etl - DEBUG -   return_type: void
2025-10-12 14:42:11,695 - api_entries_etl - DEBUG -   description: 作成されたデータム平面の要素ID
2025-10-12 14:42:11,695 - api_entries_etl - DEBUG -   raw_json: {"type":"void","description":"作成されたデータム平面の要素ID"}
2025-10-12 14:42:11,695 - api_entries_etl - DEBUG - [Relation #1420] Created HAS_RETURN: api_entry::CreateRotatedDatumPlane -> return::CreateRotatedDatumPlane
2025-10-12 14:42:11,695 - api_entries_etl - DEBUG - [Node #1177] Created PseudoCode: pseudo_code::CreateRotatedDatumPlane
2025-10-12 14:42:11,695 - api_entries_etl - DEBUG -   code: CreateRotatedDatumPlane(Name, ElementGroup, Plane, Axis, Angle, ReferMethod, bUpdate)
2025-10-12 14:42:11,695 - api_entries_etl - DEBUG -   callee: CreateRotatedDatumPlane
2025-10-12 14:42:11,695 - api_entries_etl - DEBUG -   argument_count: 7
2025-10-12 14:42:11,695 - api_entries_etl - DEBUG -   arguments_json: ["Name","ElementGroup","Plane","Axis","Angle","ReferMethod","bUpdate"]
2025-10-12 14:42:11,695 - api_entries_etl - DEBUG - [Relation #1421] Created HAS_PSEUDO_CODE: api_entry::CreateRotatedDatumPlane -> pseudo_code::CreateRotatedDatumPlane
2025-10-12 14:42:11,695 - api_entries_etl - DEBUG - [Node #1178] Created PseudoCodeArgument: pseudo_code::CreateRotatedDatumPlane::arg::0
2025-10-12 14:42:11,695 - api_entries_etl - DEBUG -   text: Name
2025-10-12 14:42:11,695 - api_entries_etl - DEBUG -   position: 0
2025-10-12 14:42:11,695 - api_entries_etl - DEBUG -   normalized_text: name
2025-10-12 14:42:11,695 - api_entries_etl - DEBUG - [Relation #1422] Created HAS_ARGUMENT: pseudo_code::CreateRotatedDatumPlane -> pseudo_code::CreateRotatedDatumPlane::arg::0
2025-10-12 14:42:11,712 - api_entries_etl - DEBUG - [Relation #1423] Created ARGUMENT_MATCHES_PARAMETER: pseudo_code::CreateRotatedDatumPlane::arg::0 -> param::CreateRotatedDatumPlane::Name
2025-10-12 14:42:11,714 - api_entries_etl - DEBUG - [Node #1179] Created PseudoCodeArgument: pseudo_code::CreateRotatedDatumPlane::arg::1
2025-10-12 14:42:11,714 - api_entries_etl - DEBUG -   text: ElementGroup
2025-10-12 14:42:11,714 - api_entries_etl - DEBUG -   position: 1
2025-10-12 14:42:11,714 - api_entries_etl - DEBUG -   normalized_text: elementgroup
2025-10-12 14:42:11,714 - api_entries_etl - DEBUG - [Relation #1424] Created HAS_ARGUMENT: pseudo_code::CreateRotatedDatumPlane -> pseudo_code::CreateRotatedDatumPlane::arg::1
2025-10-12 14:42:11,714 - api_entries_etl - DEBUG - [Relation #1425] Created ARGUMENT_MATCHES_PARAMETER: pseudo_code::CreateRotatedDatumPlane::arg::1 -> param::CreateRotatedDatumPlane::ElementGroup
2025-10-12 14:42:11,714 - api_entries_etl - DEBUG - [Node #1180] Created PseudoCodeArgument: pseudo_code::CreateRotatedDatumPlane::arg::2
2025-10-12 14:42:11,714 - api_entries_etl - DEBUG -   text: Plane
2025-10-12 14:42:11,714 - api_entries_etl - DEBUG -   position: 2
2025-10-12 14:42:11,714 - api_entries_etl - DEBUG -   normalized_text: plane
2025-10-12 14:42:11,714 - api_entries_etl - DEBUG - [Relation #1426] Created HAS_ARGUMENT: pseudo_code::CreateRotatedDatumPlane -> pseudo_code::CreateRotatedDatumPlane::arg::2
2025-10-12 14:42:11,714 - api_entries_etl - DEBUG - [Relation #1427] Created ARGUMENT_MATCHES_PARAMETER: pseudo_code::CreateRotatedDatumPlane::arg::2 -> param::CreateRotatedDatumPlane::Plane
2025-10-12 14:42:11,714 - api_entries_etl - DEBUG - [Node #1181] Created PseudoCodeArgument: pseudo_code::CreateRotatedDatumPlane::arg::3
2025-10-12 14:42:11,714 - api_entries_etl - DEBUG -   text: Axis
2025-10-12 14:42:11,714 - api_entries_etl - DEBUG -   position: 3
2025-10-12 14:42:11,719 - api_entries_etl - DEBUG -   normalized_text: axis
2025-10-12 14:42:11,719 - api_entries_etl - DEBUG - [Relation #1428] Created HAS_ARGUMENT: pseudo_code::CreateRotatedDatumPlane -> pseudo_code::CreateRotatedDatumPlane::arg::3
2025-10-12 14:42:11,719 - api_entries_etl - DEBUG - [Relation #1429] Created ARGUMENT_MATCHES_PARAMETER: pseudo_code::CreateRotatedDatumPlane::arg::3 -> param::CreateRotatedDatumPlane::Axis
2025-10-12 14:42:11,719 - api_entries_etl - DEBUG - [Node #1182] Created PseudoCodeArgument: pseudo_code::CreateRotatedDatumPlane::arg::4
2025-10-12 14:42:11,720 - api_entries_etl - DEBUG -   text: Angle
2025-10-12 14:42:11,720 - api_entries_etl - DEBUG -   position: 4
2025-10-12 14:42:11,720 - api_entries_etl - DEBUG -   normalized_text: angle
2025-10-12 14:42:11,721 - api_entries_etl - DEBUG - [Relation #1430] Created HAS_ARGUMENT: pseudo_code::CreateRotatedDatumPlane -> pseudo_code::CreateRotatedDatumPlane::arg::4
2025-10-12 14:42:11,721 - api_entries_etl - DEBUG - [Relation #1431] Created ARGUMENT_MATCHES_PARAMETER: pseudo_code::CreateRotatedDatumPlane::arg::4 -> param::CreateRotatedDatumPlane::Angle
2025-10-12 14:42:11,721 - api_entries_etl - DEBUG - [Node #1183] Created PseudoCodeArgument: pseudo_code::CreateRotatedDatumPlane::arg::5
2025-10-12 14:42:11,721 - api_entries_etl - DEBUG -   text: ReferMethod
2025-10-12 14:42:11,721 - api_entries_etl - DEBUG -   position: 5
2025-10-12 14:42:11,721 - api_entries_etl - DEBUG -   normalized_text: refermethod
2025-10-12 14:42:11,722 - api_entries_etl - DEBUG - [Relation #1432] Created HAS_ARGUMENT: pseudo_code::CreateRotatedDatumPlane -> pseudo_code::CreateRotatedDatumPlane::arg::5
2025-10-12 14:42:11,722 - api_entries_etl - DEBUG - [Relation #1433] Created ARGUMENT_MATCHES_PARAMETER: pseudo_code::CreateRotatedDatumPlane::arg::5 -> param::CreateRotatedDatumPlane::ReferMethod
2025-10-12 14:42:11,723 - api_entries_etl - DEBUG - [Node #1184] Created PseudoCodeArgument: pseudo_code::CreateRotatedDatumPlane::arg::6
2025-10-12 14:42:11,723 - api_entries_etl - DEBUG -   text: bUpdate
2025-10-12 14:42:11,723 - api_entries_etl - DEBUG -   position: 6
2025-10-12 14:42:11,723 - api_entries_etl - DEBUG -   normalized_text: bupdate
2025-10-12 14:42:11,724 - api_entries_etl - DEBUG - [Relation #1434] Created HAS_ARGUMENT: pseudo_code::CreateRotatedDatumPlane -> pseudo_code::CreateRotatedDatumPlane::arg::6
2025-10-12 14:42:11,724 - api_entries_etl - DEBUG - [Relation #1435] Created ARGUMENT_MATCHES_PARAMETER: pseudo_code::CreateRotatedDatumPlane::arg::6 -> param::CreateRotatedDatumPlane::bUpdate
2025-10-12 14:42:11,724 - api_entries_etl - DEBUG - [Node #1185] Created Source: source::CreateRotatedDatumPlane::inline
2025-10-12 14:42:11,724 - api_entries_etl - DEBUG -   text: 〇データム平面の作成（回転）
 既存平面を回転移動コピーしたデータム平面を作成します
  返り値:作成されたデータム平面の要素ID
CreateRotatedDatumPlane(
    Name,         // 文字列：作...
2025-10-12 14:42:11,724 - api_entries_etl - DEBUG - [Relation #1436] Created CITED_FROM: api_entry::CreateRotatedDatumPlane -> source::CreateRotatedDatumPlane::inline
2025-10-12 14:42:11,724 - api_entries_etl - DEBUG - Processing API entry #81: CreateOffsetDatumPlane
2025-10-12 14:42:11,725 - api_entries_etl - DEBUG - [Node #1186] Created APIEntry: api_entry::CreateOffsetDatumPlane
2025-10-12 14:42:11,725 - api_entries_etl - DEBUG -   name: CreateOffsetDatumPlane
2025-10-12 14:42:11,726 - api_entries_etl - DEBUG -   category: Partオブジェクト
2025-10-12 14:42:11,726 - api_entries_etl - DEBUG -   entry_type: function
2025-10-12 14:42:11,726 - api_entries_etl - DEBUG -   description: 既存平面をオフセット移動コピーしたデータム平面を作成します
2025-10-12 14:42:11,726 - api_entries_etl - DEBUG -   pseudo_code: CreateOffsetDatumPlane(Name, ElementGroup, Plane, OffsetDistance, ReferMethod, bUpdate)
2025-10-12 14:42:11,726 - api_entries_etl - DEBUG -   text: 既存平面をオフセット移動コピーしたデータム平面を作成します

〇データム平面の作成（移動）
 既存平面をオフセット移動コピーしたデータム平面を作成します
  返り値:作成されたデータム平面の要素ID
CreateOffsetDatum...
2025-10-12 14:42:11,727 - api_entries_etl - DEBUG -   raw_json: {"category":"Partオブジェクト","entry_type":"function","name":"CreateOffsetDatumPlane","description":"既存平面をオフセット移動コピーしたデータム...
2025-10-12 14:42:11,727 - api_entries_etl - DEBUG -   position: 80
2025-10-12 14:42:11,727 - api_entries_etl - DEBUG - [Relation #1437] Created HAS_ENTRY: api_entries::collection -> api_entry::CreateOffsetDatumPlane
2025-10-12 14:42:11,727 - api_entries_etl - DEBUG - [Node #1187] Created Category: category::Partオブジェクト
2025-10-12 14:42:11,727 - api_entries_etl - DEBUG -   name: Partオブジェクト
2025-10-12 14:42:11,727 - api_entries_etl - DEBUG - [Relation #1438] Created IN_CATEGORY: api_entry::CreateOffsetDatumPlane -> category::Partオブジェクト
2025-10-12 14:42:11,727 - api_entries_etl - DEBUG - [Node #1188] Created EntryType: entry_type::function
2025-10-12 14:42:11,728 - api_entries_etl - DEBUG -   name: function
2025-10-12 14:42:11,728 - api_entries_etl - DEBUG - [Relation #1439] Created HAS_ENTRY_TYPE: api_entry::CreateOffsetDatumPlane -> entry_type::function
2025-10-12 14:42:11,728 - api_entries_etl - DEBUG - [Node #1189] Created Parameter: param::CreateOffsetDatumPlane::Name
2025-10-12 14:42:11,729 - api_entries_etl - DEBUG -   name: Name
2025-10-12 14:42:11,729 - api_entries_etl - DEBUG -   param_type: 文字列
2025-10-12 14:42:11,730 - api_entries_etl - DEBUG -   position: 0
2025-10-12 14:42:11,731 - api_entries_etl - DEBUG -   description: 作成するデータム平面要素名称（空文字可）
2025-10-12 14:42:11,731 - api_entries_etl - DEBUG -   raw_json: {"name":"Name","type":"文字列","description":"作成するデータム平面要素名称（空文字可）","position":0}
2025-10-12 14:42:11,731 - api_entries_etl - DEBUG - [Relation #1440] Created HAS_PARAMETER: api_entry::CreateOffsetDatumPlane -> param::CreateOffsetDatumPlane::Name
2025-10-12 14:42:11,732 - api_entries_etl - DEBUG - [Node #1190] Created Parameter: param::CreateOffsetDatumPlane::ElementGroup
2025-10-12 14:42:11,732 - api_entries_etl - DEBUG -   name: ElementGroup
2025-10-12 14:42:11,732 - api_entries_etl - DEBUG -   param_type: 要素グループ
2025-10-12 14:42:11,732 - api_entries_etl - DEBUG -   position: 1
2025-10-12 14:42:11,732 - api_entries_etl - DEBUG -   description: 作成するデータム平面要素を要素グループに入れる場合は要素グループを指定（空文字可）
2025-10-12 14:42:11,732 - api_entries_etl - DEBUG -   raw_json: {"name":"ElementGroup","type":"要素グループ","description":"作成するデータム平面要素を要素グループに入れる場合は要素グループを指定（空文字可）","position":1}
2025-10-12 14:42:11,732 - api_entries_etl - DEBUG - [Relation #1441] Created HAS_PARAMETER: api_entry::CreateOffsetDatumPlane -> param::CreateOffsetDatumPlane::ElementGroup
2025-10-12 14:42:11,733 - api_entries_etl - DEBUG - [Node #1191] Created Parameter: param::CreateOffsetDatumPlane::Plane
2025-10-12 14:42:11,733 - api_entries_etl - DEBUG -   name: Plane
2025-10-12 14:42:11,733 - api_entries_etl - DEBUG -   param_type: 平面
2025-10-12 14:42:11,733 - api_entries_etl - DEBUG -   position: 2
2025-10-12 14:42:11,734 - api_entries_etl - DEBUG -   description: 元になる平面を指定する
2025-10-12 14:42:11,734 - api_entries_etl - DEBUG -   raw_json: {"name":"Plane","type":"平面","description":"元になる平面を指定する","position":2}
2025-10-12 14:42:11,734 - api_entries_etl - DEBUG - [Relation #1442] Created HAS_PARAMETER: api_entry::CreateOffsetDatumPlane -> param::CreateOffsetDatumPlane::Plane
2025-10-12 14:42:11,735 - api_entries_etl - DEBUG - [Node #1192] Created Parameter: param::CreateOffsetDatumPlane::OffsetDistance
2025-10-12 14:42:11,735 - api_entries_etl - DEBUG -   name: OffsetDistance
2025-10-12 14:42:11,735 - api_entries_etl - DEBUG -   param_type: 長さ
2025-10-12 14:42:11,735 - api_entries_etl - DEBUG -   position: 3
2025-10-12 14:42:11,735 - api_entries_etl - DEBUG -   description: 元になる平面からのオフセット距離を指定
2025-10-12 14:42:11,735 - api_entries_etl - DEBUG -   raw_json: {"name":"OffsetDistance","type":"長さ","description":"元になる平面からのオフセット距離を指定","position":3}
2025-10-12 14:42:11,735 - api_entries_etl - DEBUG - [Relation #1443] Created HAS_PARAMETER: api_entry::CreateOffsetDatumPlane -> param::CreateOffsetDatumPlane::OffsetDistance
2025-10-12 14:42:11,736 - api_entries_etl - DEBUG - [Node #1193] Created Parameter: param::CreateOffsetDatumPlane::ReferMethod
2025-10-12 14:42:11,737 - api_entries_etl - DEBUG -   name: ReferMethod
2025-10-12 14:42:11,737 - api_entries_etl - DEBUG -   param_type: 関連設定
2025-10-12 14:42:11,737 - api_entries_etl - DEBUG -   position: 4
2025-10-12 14:42:11,737 - api_entries_etl - DEBUG -   description: 要素の関連づけ方法の指定（未実装、使用しない）
2025-10-12 14:42:11,737 - api_entries_etl - DEBUG -   raw_json: {"name":"ReferMethod","type":"関連設定","description":"要素の関連づけ方法の指定（未実装、使用しない）","position":4}
2025-10-12 14:42:11,738 - api_entries_etl - DEBUG - [Relation #1444] Created HAS_PARAMETER: api_entry::CreateOffsetDatumPlane -> param::CreateOffsetDatumPlane::ReferMethod
2025-10-12 14:42:11,738 - api_entries_etl - DEBUG - [Node #1194] Created Parameter: param::CreateOffsetDatumPlane::bUpdate
2025-10-12 14:42:11,738 - api_entries_etl - DEBUG -   name: bUpdate
2025-10-12 14:42:11,739 - api_entries_etl - DEBUG -   param_type: bool
2025-10-12 14:42:11,739 - api_entries_etl - DEBUG -   position: 5
2025-10-12 14:42:11,739 - api_entries_etl - DEBUG -   description: 更新フラグ（未実装、使用しない）
2025-10-12 14:42:11,739 - api_entries_etl - DEBUG -   raw_json: {"name":"bUpdate","type":"bool","description":"更新フラグ（未実装、使用しない）","position":5}
2025-10-12 14:42:11,739 - api_entries_etl - DEBUG - [Relation #1445] Created HAS_PARAMETER: api_entry::CreateOffsetDatumPlane -> param::CreateOffsetDatumPlane::bUpdate
2025-10-12 14:42:11,739 - api_entries_etl - DEBUG - [Node #1195] Created ReturnValue: return::CreateOffsetDatumPlane
2025-10-12 14:42:11,740 - api_entries_etl - DEBUG -   return_type: void
2025-10-12 14:42:11,740 - api_entries_etl - DEBUG -   description: 作成されたデータム平面の要素ID
2025-10-12 14:42:11,741 - api_entries_etl - DEBUG -   raw_json: {"type":"void","description":"作成されたデータム平面の要素ID"}
2025-10-12 14:42:11,741 - api_entries_etl - DEBUG - [Relation #1446] Created HAS_RETURN: api_entry::CreateOffsetDatumPlane -> return::CreateOffsetDatumPlane
2025-10-12 14:42:11,741 - api_entries_etl - DEBUG - [Node #1196] Created PseudoCode: pseudo_code::CreateOffsetDatumPlane
2025-10-12 14:42:11,742 - api_entries_etl - DEBUG -   code: CreateOffsetDatumPlane(Name, ElementGroup, Plane, OffsetDistance, ReferMethod, bUpdate)
2025-10-12 14:42:11,742 - api_entries_etl - DEBUG -   callee: CreateOffsetDatumPlane
2025-10-12 14:42:11,742 - api_entries_etl - DEBUG -   argument_count: 6
2025-10-12 14:42:11,742 - api_entries_etl - DEBUG -   arguments_json: ["Name","ElementGroup","Plane","OffsetDistance","ReferMethod","bUpdate"]
2025-10-12 14:42:11,742 - api_entries_etl - DEBUG - [Relation #1447] Created HAS_PSEUDO_CODE: api_entry::CreateOffsetDatumPlane -> pseudo_code::CreateOffsetDatumPlane
2025-10-12 14:42:11,743 - api_entries_etl - DEBUG - [Node #1197] Created PseudoCodeArgument: pseudo_code::CreateOffsetDatumPlane::arg::0
2025-10-12 14:42:11,743 - api_entries_etl - DEBUG -   text: Name
2025-10-12 14:42:11,743 - api_entries_etl - DEBUG -   position: 0
2025-10-12 14:42:11,743 - api_entries_etl - DEBUG -   normalized_text: name
2025-10-12 14:42:11,743 - api_entries_etl - DEBUG - [Relation #1448] Created HAS_ARGUMENT: pseudo_code::CreateOffsetDatumPlane -> pseudo_code::CreateOffsetDatumPlane::arg::0
2025-10-12 14:42:11,743 - api_entries_etl - DEBUG - [Relation #1449] Created ARGUMENT_MATCHES_PARAMETER: pseudo_code::CreateOffsetDatumPlane::arg::0 -> param::CreateOffsetDatumPlane::Name
2025-10-12 14:42:11,743 - api_entries_etl - DEBUG - [Node #1198] Created PseudoCodeArgument: pseudo_code::CreateOffsetDatumPlane::arg::1
2025-10-12 14:42:11,744 - api_entries_etl - DEBUG -   text: ElementGroup
2025-10-12 14:42:11,744 - api_entries_etl - DEBUG -   position: 1
2025-10-12 14:42:11,744 - api_entries_etl - DEBUG -   normalized_text: elementgroup
2025-10-12 14:42:11,744 - api_entries_etl - DEBUG - [Relation #1450] Created HAS_ARGUMENT: pseudo_code::CreateOffsetDatumPlane -> pseudo_code::CreateOffsetDatumPlane::arg::1
2025-10-12 14:42:11,745 - api_entries_etl - DEBUG - [Relation #1451] Created ARGUMENT_MATCHES_PARAMETER: pseudo_code::CreateOffsetDatumPlane::arg::1 -> param::CreateOffsetDatumPlane::ElementGroup
2025-10-12 14:42:11,745 - api_entries_etl - DEBUG - [Node #1199] Created PseudoCodeArgument: pseudo_code::CreateOffsetDatumPlane::arg::2
2025-10-12 14:42:11,745 - api_entries_etl - DEBUG -   text: Plane
2025-10-12 14:42:11,746 - api_entries_etl - DEBUG -   position: 2
2025-10-12 14:42:11,746 - api_entries_etl - DEBUG -   normalized_text: plane
2025-10-12 14:42:11,747 - api_entries_etl - DEBUG - [Relation #1452] Created HAS_ARGUMENT: pseudo_code::CreateOffsetDatumPlane -> pseudo_code::CreateOffsetDatumPlane::arg::2
2025-10-12 14:42:11,747 - api_entries_etl - DEBUG - [Relation #1453] Created ARGUMENT_MATCHES_PARAMETER: pseudo_code::CreateOffsetDatumPlane::arg::2 -> param::CreateOffsetDatumPlane::Plane
2025-10-12 14:42:11,747 - api_entries_etl - DEBUG - [Node #1200] Created PseudoCodeArgument: pseudo_code::CreateOffsetDatumPlane::arg::3
2025-10-12 14:42:11,748 - api_entries_etl - DEBUG -   text: OffsetDistance
2025-10-12 14:42:11,748 - api_entries_etl - DEBUG -   position: 3
2025-10-12 14:42:11,749 - api_entries_etl - DEBUG -   normalized_text: offsetdistance
2025-10-12 14:42:11,750 - api_entries_etl - DEBUG - [Relation #1454] Created HAS_ARGUMENT: pseudo_code::CreateOffsetDatumPlane -> pseudo_code::CreateOffsetDatumPlane::arg::3
2025-10-12 14:42:11,750 - api_entries_etl - DEBUG - [Relation #1455] Created ARGUMENT_MATCHES_PARAMETER: pseudo_code::CreateOffsetDatumPlane::arg::3 -> param::CreateOffsetDatumPlane::OffsetDistance
2025-10-12 14:42:11,750 - api_entries_etl - DEBUG - [Node #1201] Created PseudoCodeArgument: pseudo_code::CreateOffsetDatumPlane::arg::4
2025-10-12 14:42:11,750 - api_entries_etl - DEBUG -   text: ReferMethod
2025-10-12 14:42:11,751 - api_entries_etl - DEBUG -   position: 4
2025-10-12 14:42:11,751 - api_entries_etl - DEBUG -   normalized_text: refermethod
2025-10-12 14:42:11,751 - api_entries_etl - DEBUG - [Relation #1456] Created HAS_ARGUMENT: pseudo_code::CreateOffsetDatumPlane -> pseudo_code::CreateOffsetDatumPlane::arg::4
2025-10-12 14:42:11,751 - api_entries_etl - DEBUG - [Relation #1457] Created ARGUMENT_MATCHES_PARAMETER: pseudo_code::CreateOffsetDatumPlane::arg::4 -> param::CreateOffsetDatumPlane::ReferMethod
2025-10-12 14:42:11,751 - api_entries_etl - DEBUG - [Node #1202] Created PseudoCodeArgument: pseudo_code::CreateOffsetDatumPlane::arg::5
2025-10-12 14:42:11,751 - api_entries_etl - DEBUG -   text: bUpdate
2025-10-12 14:42:11,752 - api_entries_etl - DEBUG -   position: 5
2025-10-12 14:42:11,752 - api_entries_etl - DEBUG -   normalized_text: bupdate
2025-10-12 14:42:11,752 - api_entries_etl - DEBUG - [Relation #1458] Created HAS_ARGUMENT: pseudo_code::CreateOffsetDatumPlane -> pseudo_code::CreateOffsetDatumPlane::arg::5
2025-10-12 14:42:11,753 - api_entries_etl - DEBUG - [Relation #1459] Created ARGUMENT_MATCHES_PARAMETER: pseudo_code::CreateOffsetDatumPlane::arg::5 -> param::CreateOffsetDatumPlane::bUpdate
2025-10-12 14:42:11,753 - api_entries_etl - DEBUG - [Node #1203] Created Source: source::CreateOffsetDatumPlane::inline
2025-10-12 14:42:11,753 - api_entries_etl - DEBUG -   text: 〇データム平面の作成（移動）
 既存平面をオフセット移動コピーしたデータム平面を作成します
  返り値:作成されたデータム平面の要素ID
CreateOffsetDatumPlane(
    Name,         // 文字列...
2025-10-12 14:42:11,753 - api_entries_etl - DEBUG - [Relation #1460] Created CITED_FROM: api_entry::CreateOffsetDatumPlane -> source::CreateOffsetDatumPlane::inline
2025-10-12 14:42:11,753 - api_entries_etl - DEBUG - GraphBuilder.build_graph_elements完了: ノード1039件, リレーション1460件
2025-10-12 14:42:11,754 - api_entries_etl - DEBUG - デバッグ統計: ノード作成数=1203, リレーション作成数=1460
2025-10-12 14:42:11,754 - api_entries_etl - INFO - 生成ノード: 1039, リレーション: 1460
2025-10-12 14:42:12,640 - api_entries_etl - WARNING - --wipe により過去のノード/リレーションを削除します
2025-10-12 14:42:45,149 - api_entries_etl - INFO - Neo4j へ投入完了: ノード 1039, リレーション 1460
2025-10-12 14:42:45,149 - api_entries_etl - INFO - 完了
