2025-09-29 16:09:20,489 DEBUG neo4j.pool: [#0000]  _: <POOL> created, direct address IPv4Address(('127.0.0.1', 7687))
2025-09-29 16:09:20,490 DEBUG neo4j.pool: [#0000]  _: <POOL> created, direct address IPv4Address(('127.0.0.1', 7687))
2025-09-29 16:09:20,490 DEBUG neo4j: [#0000]  _: <WORKSPACE> routing towards fixed database: demo
2025-09-29 16:09:20,491 DEBUG neo4j: [#0000]  _: <WORKSPACE> pinning database: 'demo'
2025-09-29 16:09:20,491 DEBUG neo4j.pool: [#0000]  _: <POOL> acquire direct connection, access_mode='WRITE', database=AcquisitionDatabase(name='demo', guessed=False)
2025-09-29 16:09:20,491 DEBUG neo4j.pool: [#0000]  _: <POOL> trying to hand out new connection
2025-09-29 16:09:20,491 DEBUG neo4j.io: [#0000]  _: <RESOLVE> in: 127.0.0.1:7687
2025-09-29 16:09:20,492 DEBUG neo4j.io: [#0000]  _: <RESOLVE> dns resolver out: 127.0.0.1:7687
2025-09-29 16:09:20,492 DEBUG neo4j.io: [#0000]  C: <OPEN> 127.0.0.1:7687
2025-09-29 16:09:20,492 DEBUG neo4j.io: [#C952]  C: <MAGIC> 0x6060B017
2025-09-29 16:09:20,492 DEBUG neo4j.io: [#C952]  C: <HANDSHAKE> 0x000001FF 0x00080805 0x00020404 0x00000003
2025-09-29 16:09:20,502 DEBUG neo4j.io: [#C952]  S: <HANDSHAKE> 0x000001FF [4] 0x00040404 0x00040405 0x00020805 0x00000006 0x00
2025-09-29 16:09:20,502 DEBUG neo4j.io: [#C952]  C: <HANDSHAKE> 0x00000805 0x00
2025-09-29 16:09:20,503 DEBUG neo4j.io: [#C952]  C: HELLO {'user_agent': 'neo4j-python/5.28.2 Python/3.10.11-final-0 (win32)', 'notifications_minimum_severity': 'OFF', 'bolt_agent': {'product': 'neo4j-python/5.28.2', 'platform': 'Windows 10; AMD64', 'language': 'Python/3.10.11-final-0', 'language_details': 'CPython; 3.10.11-final-0 (tags/v3.10.11:7d4cc5a, Apr  5 2023 00:38:17) [MSC v.1929 64 bit (AMD64)]'}}
2025-09-29 16:09:20,503 DEBUG neo4j.io: [#C952]  _: <CONNECTION> client state: CONNECTED > AUTHENTICATION
2025-09-29 16:09:20,503 DEBUG neo4j.io: [#C952]  C: LOGON {'scheme': 'basic', 'principal': 'neo4j', 'credentials': '*******'}
2025-09-29 16:09:20,503 DEBUG neo4j.io: [#C952]  _: <CONNECTION> client state: AUTHENTICATION > READY
2025-09-29 16:09:20,509 DEBUG neo4j.io: [#C952]  S: SUCCESS {'server': 'Neo4j/2025.07.0', 'protocol_version': '5.8', 'connection_id': 'bolt-57180', 'hints': {'connection.recv_timeout_seconds': 120, 'ssr.enabled': True}}
2025-09-29 16:09:20,509 DEBUG neo4j.io: [#C952]  _: <CONNECTION> server state: CONNECTED > AUTHENTICATION
2025-09-29 16:09:20,511 DEBUG neo4j.io: [#C952]  S: SUCCESS {'advertised_address': 'localhost:7687'}
2025-09-29 16:09:20,511 DEBUG neo4j.io: [#C952]  _: <CONNECTION> server state: AUTHENTICATION > READY
2025-09-29 16:09:20,512 DEBUG neo4j.io: [#C952]  C: BEGIN {'db': 'demo'}
2025-09-29 16:09:20,512 DEBUG neo4j.io: [#C952]  _: <CONNECTION> client state: READY > TX_READY_OR_TX_STREAMING
2025-09-29 16:09:20,512 DEBUG neo4j.io: [#C952]  C: RUN '\nCALL apoc.meta.data()\nYIELD label, other, elementType, type, property\nWHERE NOT type = "RELATIONSHIP" AND elementType = "node"\n  AND NOT label IN $EXCLUDED_LABELS\nWITH label AS nodeLabels, collect({property:property, type:type}) AS properties\nRETURN {labels: nodeLabels, properties: properties} AS output\n\n' {'EXCLUDED_LABELS': ['_Bloom_Perspective_', '_Bloom_Scene_', '__Entity__', '__Node__']} {}
2025-09-29 16:09:20,512 DEBUG neo4j.io: [#C952]  C: PULL {'n': 1000}
2025-09-29 16:09:20,514 DEBUG neo4j.io: [#C952]  S: SUCCESS {}
2025-09-29 16:09:20,514 DEBUG neo4j.io: [#C952]  _: <CONNECTION> server state: READY > TX_READY_OR_TX_STREAMING
2025-09-29 16:09:20,520 DEBUG neo4j.io: [#C952]  S: SUCCESS {'t_first': 5, 'fields': ['output'], 'qid': 0}
2025-09-29 16:09:20,542 DEBUG neo4j.io: [#C952]  S: RECORD * 1
2025-09-29 16:09:20,542 DEBUG neo4j.io: [#C952]  S: RECORD * 1
2025-09-29 16:09:20,542 DEBUG neo4j.io: [#C952]  S: SUCCESS {'statuses': [{'gql_status': '00000', 'status_description': 'note: successful completion'}], 'type': 'r', 't_last': 21, 'db': 'demo'}
2025-09-29 16:09:20,542 DEBUG neo4j.io: [#C952]  C: COMMIT
2025-09-29 16:09:20,543 DEBUG neo4j.io: [#C952]  _: <CONNECTION> client state: TX_READY_OR_TX_STREAMING > READY
2025-09-29 16:09:20,544 DEBUG neo4j.io: [#C952]  S: SUCCESS {'bookmark': 'FB:kcwQzLoRLE7LTq2NdyMZ91NVySWQ'}
2025-09-29 16:09:20,544 DEBUG neo4j.io: [#C952]  _: <CONNECTION> server state: TX_READY_OR_TX_STREAMING > READY
2025-09-29 16:09:20,544 DEBUG neo4j.pool: [#C952]  _: <POOL> released bolt-57180
2025-09-29 16:09:20,544 DEBUG neo4j: [#0000]  _: <WORKSPACE> routing towards fixed database: demo
2025-09-29 16:09:20,544 DEBUG neo4j: [#0000]  _: <WORKSPACE> pinning database: 'demo'
2025-09-29 16:09:20,544 DEBUG neo4j.pool: [#0000]  _: <POOL> acquire direct connection, access_mode='WRITE', database=AcquisitionDatabase(name='demo', guessed=False)
2025-09-29 16:09:20,544 DEBUG neo4j.pool: [#C952]  _: <POOL> picked existing connection bolt-57180
2025-09-29 16:09:20,544 DEBUG neo4j.pool: [#C952]  _: <POOL> checked re_auth auth=None updated=False force=False
2025-09-29 16:09:20,544 DEBUG neo4j.pool: [#C952]  _: <POOL> handing out existing connection
2025-09-29 16:09:20,544 DEBUG neo4j.io: [#C952]  C: BEGIN {'db': 'demo', 'bookmarks': ['FB:kcwQzLoRLE7LTq2NdyMZ91NVySWQ']}
2025-09-29 16:09:20,544 DEBUG neo4j.io: [#C952]  _: <CONNECTION> client state: READY > TX_READY_OR_TX_STREAMING
2025-09-29 16:09:20,544 DEBUG neo4j.io: [#C952]  C: RUN '\nCALL apoc.meta.data()\nYIELD label, other, elementType, type, property\nWHERE NOT type = "RELATIONSHIP" AND elementType = "relationship"\n      AND NOT label in $EXCLUDED_LABELS\nWITH label AS nodeLabels, collect({property:property, type:type}) AS properties\nRETURN {type: nodeLabels, properties: properties} AS output\n' {'EXCLUDED_LABELS': ['_Bloom_HAS_SCENE_']} {}
2025-09-29 16:09:20,544 DEBUG neo4j.io: [#C952]  C: PULL {'n': 1000}
2025-09-29 16:09:20,548 DEBUG neo4j.io: [#C952]  S: SUCCESS {}
2025-09-29 16:09:20,548 DEBUG neo4j.io: [#C952]  _: <CONNECTION> server state: READY > TX_READY_OR_TX_STREAMING
2025-09-29 16:09:20,551 DEBUG neo4j.io: [#C952]  S: SUCCESS {'t_first': 3, 'fields': ['output'], 'qid': 0}
2025-09-29 16:09:20,560 DEBUG neo4j.io: [#C952]  S: RECORD * 1
2025-09-29 16:09:20,561 DEBUG neo4j.io: [#C952]  S: RECORD * 1
2025-09-29 16:09:20,561 DEBUG neo4j.io: [#C952]  S: RECORD * 1
2025-09-29 16:09:20,561 DEBUG neo4j.io: [#C952]  S: SUCCESS {'statuses': [{'gql_status': '00000', 'status_description': 'note: successful completion'}], 'type': 'r', 't_last': 9, 'db': 'demo'}
2025-09-29 16:09:20,561 DEBUG neo4j.io: [#C952]  C: COMMIT
2025-09-29 16:09:20,561 DEBUG neo4j.io: [#C952]  _: <CONNECTION> client state: TX_READY_OR_TX_STREAMING > READY
2025-09-29 16:09:20,562 DEBUG neo4j.io: [#C952]  S: SUCCESS {'bookmark': 'FB:kcwQzLoRLE7LTq2NdyMZ91NVySWQ'}
2025-09-29 16:09:20,562 DEBUG neo4j.io: [#C952]  _: <CONNECTION> server state: TX_READY_OR_TX_STREAMING > READY
2025-09-29 16:09:20,562 DEBUG neo4j.pool: [#C952]  _: <POOL> released bolt-57180
2025-09-29 16:09:20,562 DEBUG neo4j: [#0000]  _: <WORKSPACE> routing towards fixed database: demo
2025-09-29 16:09:20,562 DEBUG neo4j: [#0000]  _: <WORKSPACE> pinning database: 'demo'
2025-09-29 16:09:20,562 DEBUG neo4j.pool: [#0000]  _: <POOL> acquire direct connection, access_mode='WRITE', database=AcquisitionDatabase(name='demo', guessed=False)
2025-09-29 16:09:20,563 DEBUG neo4j.pool: [#C952]  _: <POOL> picked existing connection bolt-57180
2025-09-29 16:09:20,563 DEBUG neo4j.pool: [#C952]  _: <POOL> checked re_auth auth=None updated=False force=False
2025-09-29 16:09:20,563 DEBUG neo4j.pool: [#C952]  _: <POOL> handing out existing connection
2025-09-29 16:09:20,563 DEBUG neo4j.io: [#C952]  C: BEGIN {'db': 'demo', 'bookmarks': ['FB:kcwQzLoRLE7LTq2NdyMZ91NVySWQ']}
2025-09-29 16:09:20,563 DEBUG neo4j.io: [#C952]  _: <CONNECTION> client state: READY > TX_READY_OR_TX_STREAMING
2025-09-29 16:09:20,563 DEBUG neo4j.io: [#C952]  C: RUN '\nCALL apoc.meta.data()\nYIELD label, other, elementType, type, property\nWHERE type = "RELATIONSHIP" AND elementType = "node"\nUNWIND other AS other_node\nWITH * WHERE NOT label IN $EXCLUDED_LABELS\n    AND NOT other_node IN $EXCLUDED_LABELS\nRETURN {start: label, type: property, end: toString(other_node)} AS output\n' {'EXCLUDED_LABELS': ['_Bloom_Perspective_', '_Bloom_Scene_', '__Entity__', '__Node__']} {}
2025-09-29 16:09:20,563 DEBUG neo4j.io: [#C952]  C: PULL {'n': 1000}
2025-09-29 16:09:20,565 DEBUG neo4j.io: [#C952]  S: SUCCESS {}
2025-09-29 16:09:20,565 DEBUG neo4j.io: [#C952]  _: <CONNECTION> server state: READY > TX_READY_OR_TX_STREAMING
2025-09-29 16:09:20,567 DEBUG neo4j.io: [#C952]  S: SUCCESS {'t_first': 1, 'fields': ['output'], 'qid': 0}
2025-09-29 16:09:20,575 DEBUG neo4j.io: [#C952]  S: RECORD * 1
2025-09-29 16:09:20,576 DEBUG neo4j.io: [#C952]  S: RECORD * 1
2025-09-29 16:09:20,576 DEBUG neo4j.io: [#C952]  S: RECORD * 1
2025-09-29 16:09:20,576 DEBUG neo4j.io: [#C952]  S: RECORD * 1
2025-09-29 16:09:20,576 DEBUG neo4j.io: [#C952]  S: SUCCESS {'statuses': [{'gql_status': '00000', 'status_description': 'note: successful completion'}], 'type': 'r', 't_last': 8, 'db': 'demo'}
2025-09-29 16:09:20,576 DEBUG neo4j.io: [#C952]  C: COMMIT
2025-09-29 16:09:20,576 DEBUG neo4j.io: [#C952]  _: <CONNECTION> client state: TX_READY_OR_TX_STREAMING > READY
2025-09-29 16:09:20,577 DEBUG neo4j.io: [#C952]  S: SUCCESS {'bookmark': 'FB:kcwQzLoRLE7LTq2NdyMZ91NVySWQ'}
2025-09-29 16:09:20,577 DEBUG neo4j.io: [#C952]  _: <CONNECTION> server state: TX_READY_OR_TX_STREAMING > READY
2025-09-29 16:09:20,577 DEBUG neo4j.pool: [#C952]  _: <POOL> released bolt-57180
2025-09-29 16:09:20,578 DEBUG neo4j: [#0000]  _: <WORKSPACE> routing towards fixed database: demo
2025-09-29 16:09:20,578 DEBUG neo4j: [#0000]  _: <WORKSPACE> pinning database: 'demo'
2025-09-29 16:09:20,578 DEBUG neo4j.pool: [#0000]  _: <POOL> acquire direct connection, access_mode='WRITE', database=AcquisitionDatabase(name='demo', guessed=False)
2025-09-29 16:09:20,578 DEBUG neo4j.pool: [#C952]  _: <POOL> picked existing connection bolt-57180
2025-09-29 16:09:20,578 DEBUG neo4j.pool: [#C952]  _: <POOL> checked re_auth auth=None updated=False force=False
2025-09-29 16:09:20,578 DEBUG neo4j.pool: [#C952]  _: <POOL> handing out existing connection
2025-09-29 16:09:20,578 DEBUG neo4j.io: [#C952]  C: BEGIN {'db': 'demo', 'bookmarks': ['FB:kcwQzLoRLE7LTq2NdyMZ91NVySWQ']}
2025-09-29 16:09:20,578 DEBUG neo4j.io: [#C952]  _: <CONNECTION> client state: READY > TX_READY_OR_TX_STREAMING
2025-09-29 16:09:20,578 DEBUG neo4j.io: [#C952]  C: RUN 'SHOW CONSTRAINTS' {} {}
2025-09-29 16:09:20,578 DEBUG neo4j.io: [#C952]  C: PULL {'n': 1000}
2025-09-29 16:09:20,579 DEBUG neo4j.io: [#C952]  S: SUCCESS {}
2025-09-29 16:09:20,579 DEBUG neo4j.io: [#C952]  _: <CONNECTION> server state: READY > TX_READY_OR_TX_STREAMING
2025-09-29 16:09:20,581 DEBUG neo4j.io: [#C952]  S: SUCCESS {'t_first': 1, 'fields': ['id', 'name', 'type', 'entityType', 'labelsOrTypes', 'properties', 'ownedIndex', 'propertyType'], 'qid': 0}
2025-09-29 16:09:20,583 DEBUG neo4j.io: [#C952]  S: RECORD * 1
2025-09-29 16:09:20,584 DEBUG neo4j.io: [#C952]  S: RECORD * 1
2025-09-29 16:09:20,584 DEBUG neo4j.io: [#C952]  S: SUCCESS {'statuses': [{'gql_status': '00000', 'status_description': 'note: successful completion'}], 'type': 'r', 't_last': 2, 'db': 'demo'}
2025-09-29 16:09:20,584 DEBUG neo4j.io: [#C952]  C: COMMIT
2025-09-29 16:09:20,584 DEBUG neo4j.io: [#C952]  _: <CONNECTION> client state: TX_READY_OR_TX_STREAMING > READY
2025-09-29 16:09:20,585 DEBUG neo4j.io: [#C952]  S: SUCCESS {'bookmark': 'FB:kcwQzLoRLE7LTq2NdyMZ91NVySWQ'}
2025-09-29 16:09:20,585 DEBUG neo4j.io: [#C952]  _: <CONNECTION> server state: TX_READY_OR_TX_STREAMING > READY
2025-09-29 16:09:20,585 DEBUG neo4j.pool: [#C952]  _: <POOL> released bolt-57180
2025-09-29 16:09:20,586 DEBUG neo4j: [#0000]  _: <WORKSPACE> routing towards fixed database: demo
2025-09-29 16:09:20,586 DEBUG neo4j: [#0000]  _: <WORKSPACE> pinning database: 'demo'
2025-09-29 16:09:20,586 DEBUG neo4j.pool: [#0000]  _: <POOL> acquire direct connection, access_mode='WRITE', database=AcquisitionDatabase(name='demo', guessed=False)
2025-09-29 16:09:20,586 DEBUG neo4j.pool: [#C952]  _: <POOL> picked existing connection bolt-57180
2025-09-29 16:09:20,586 DEBUG neo4j.pool: [#C952]  _: <POOL> checked re_auth auth=None updated=False force=False
2025-09-29 16:09:20,586 DEBUG neo4j.pool: [#C952]  _: <POOL> handing out existing connection
2025-09-29 16:09:20,586 DEBUG neo4j.io: [#C952]  C: BEGIN {'db': 'demo', 'bookmarks': ['FB:kcwQzLoRLE7LTq2NdyMZ91NVySWQ']}
2025-09-29 16:09:20,586 DEBUG neo4j.io: [#C952]  _: <CONNECTION> client state: READY > TX_READY_OR_TX_STREAMING
2025-09-29 16:09:20,586 DEBUG neo4j.io: [#C952]  C: RUN "CALL apoc.schema.nodes() YIELD label, properties, type, size, valuesSelectivity WHERE type = 'RANGE' RETURN *, size * valuesSelectivity as distinctValues" {} {}
2025-09-29 16:09:20,587 DEBUG neo4j.io: [#C952]  C: PULL {'n': 1000}
2025-09-29 16:09:20,588 DEBUG neo4j.io: [#C952]  S: SUCCESS {}
2025-09-29 16:09:20,588 DEBUG neo4j.io: [#C952]  _: <CONNECTION> server state: READY > TX_READY_OR_TX_STREAMING
2025-09-29 16:09:20,592 DEBUG neo4j.io: [#C952]  S: SUCCESS {'t_first': 2, 'fields': ['label', 'properties', 'size', 'type', 'valuesSelectivity', 'distinctValues'], 'qid': 0}
2025-09-29 16:09:20,600 DEBUG neo4j.io: [#C952]  S: RECORD * 1
2025-09-29 16:09:20,601 DEBUG neo4j.io: [#C952]  S: RECORD * 1
2025-09-29 16:09:20,601 DEBUG neo4j.io: [#C952]  S: SUCCESS {'statuses': [{'gql_status': '00000', 'status_description': 'note: successful completion'}], 'type': 'rw', 't_last': 8, 'db': 'demo'}
2025-09-29 16:09:20,601 DEBUG neo4j.io: [#C952]  C: COMMIT
2025-09-29 16:09:20,601 DEBUG neo4j.io: [#C952]  _: <CONNECTION> client state: TX_READY_OR_TX_STREAMING > READY
2025-09-29 16:09:20,602 DEBUG neo4j.io: [#C952]  S: SUCCESS {'bookmark': 'FB:kcwQzLoRLE7LTq2NdyMZ91NVySWQ'}
2025-09-29 16:09:20,602 DEBUG neo4j.io: [#C952]  _: <CONNECTION> server state: TX_READY_OR_TX_STREAMING > READY
2025-09-29 16:09:20,602 DEBUG neo4j.pool: [#C952]  _: <POOL> released bolt-57180
2025-09-29 16:09:20,602 DEBUG neo4j: [#0000]  _: <WORKSPACE> routing towards fixed database: demo
2025-09-29 16:09:20,602 DEBUG neo4j: [#0000]  _: <WORKSPACE> pinning database: 'demo'
2025-09-29 16:09:20,602 DEBUG neo4j.pool: [#0000]  _: <POOL> acquire direct connection, access_mode='WRITE', database=AcquisitionDatabase(name='demo', guessed=False)
2025-09-29 16:09:20,602 DEBUG neo4j.pool: [#C952]  _: <POOL> picked existing connection bolt-57180
2025-09-29 16:09:20,602 DEBUG neo4j.pool: [#C952]  _: <POOL> checked re_auth auth=None updated=False force=False
2025-09-29 16:09:20,602 DEBUG neo4j.pool: [#C952]  _: <POOL> handing out existing connection
2025-09-29 16:09:20,602 DEBUG neo4j.io: [#C952]  C: BEGIN {'db': 'demo', 'bookmarks': ['FB:kcwQzLoRLE7LTq2NdyMZ91NVySWQ']}
2025-09-29 16:09:20,603 DEBUG neo4j.io: [#C952]  _: <CONNECTION> client state: READY > TX_READY_OR_TX_STREAMING
2025-09-29 16:09:20,603 DEBUG neo4j.io: [#C952]  C: RUN "CALL apoc.meta.subGraph({}) YIELD nodes, relationships RETURN nodes, [rel in relationships | {name:apoc.any.property(rel, 'type'), count: apoc.any.property(rel, 'count')}] AS relationships" {} {}
2025-09-29 16:09:20,603 DEBUG neo4j.io: [#C952]  C: PULL {'n': 1000}
2025-09-29 16:09:20,605 DEBUG neo4j.io: [#C952]  S: SUCCESS {}
2025-09-29 16:09:20,605 DEBUG neo4j.io: [#C952]  _: <CONNECTION> server state: READY > TX_READY_OR_TX_STREAMING
2025-09-29 16:09:20,608 DEBUG neo4j.io: [#C952]  S: SUCCESS {'t_first': 2, 'fields': ['nodes', 'relationships'], 'qid': 0}
2025-09-29 16:09:20,627 DEBUG neo4j.io: [#C952]  S: RECORD * 1
2025-09-29 16:09:20,627 DEBUG neo4j.io: [#C952]  S: SUCCESS {'statuses': [{'gql_status': '00000', 'status_description': 'note: successful completion'}], 'type': 'r', 't_last': 18, 'db': 'demo'}
2025-09-29 16:09:20,627 DEBUG neo4j.io: [#C952]  C: COMMIT
2025-09-29 16:09:20,627 DEBUG neo4j.io: [#C952]  _: <CONNECTION> client state: TX_READY_OR_TX_STREAMING > READY
2025-09-29 16:09:20,628 DEBUG neo4j.io: [#C952]  S: SUCCESS {'bookmark': 'FB:kcwQzLoRLE7LTq2NdyMZ91NVySWQ'}
2025-09-29 16:09:20,628 DEBUG neo4j.io: [#C952]  _: <CONNECTION> server state: TX_READY_OR_TX_STREAMING > READY
2025-09-29 16:09:20,628 DEBUG neo4j.pool: [#C952]  _: <POOL> released bolt-57180
2025-09-29 16:09:20,629 DEBUG neo4j: [#0000]  _: <WORKSPACE> routing towards fixed database: demo
2025-09-29 16:09:20,629 DEBUG neo4j: [#0000]  _: <WORKSPACE> pinning database: 'demo'
2025-09-29 16:09:20,629 DEBUG neo4j.pool: [#0000]  _: <POOL> acquire direct connection, access_mode='WRITE', database=AcquisitionDatabase(name='demo', guessed=False)
2025-09-29 16:09:20,629 DEBUG neo4j.pool: [#C952]  _: <POOL> picked existing connection bolt-57180
2025-09-29 16:09:20,629 DEBUG neo4j.pool: [#C952]  _: <POOL> checked re_auth auth=None updated=False force=False
2025-09-29 16:09:20,629 DEBUG neo4j.pool: [#C952]  _: <POOL> handing out existing connection
2025-09-29 16:09:20,629 DEBUG neo4j.io: [#C952]  C: BEGIN {'db': 'demo', 'bookmarks': ['FB:kcwQzLoRLE7LTq2NdyMZ91NVySWQ']}
2025-09-29 16:09:20,629 DEBUG neo4j.io: [#C952]  _: <CONNECTION> client state: READY > TX_READY_OR_TX_STREAMING
2025-09-29 16:09:20,629 DEBUG neo4j.io: [#C952]  C: RUN "MATCH (n:`Chunk`)\nWITH collect(distinct substring(toString(coalesce(n.`id`, '')), 0, 52)) AS `id_values`,\n     min(size(coalesce(n.`embedding`, []))) AS `embedding_size_min`, max(size(coalesce(n.`embedding`, []))) AS `embedding_size_max`, collect(n.`embedding`)[0][..3] AS `embedding_values`,\n     collect(distinct substring(toString(coalesce(n.`text`, '')), 0, 52)) AS `text_values`,\n     collect(distinct substring(toString(coalesce(n.`document_id`, '')), 0, 52)) AS `document_id_values`,\n     collect(distinct substring(toString(coalesce(n.`ref_doc_id`, '')), 0, 52)) AS `ref_doc_id_values`,\n     collect(distinct substring(toString(coalesce(n.`_node_type`, '')), 0, 52)) AS `_node_type_values`,\n     collect(distinct substring(toString(coalesce(n.`doc_id`, '')), 0, 52)) AS `doc_id_values`,\n     collect(distinct substring(toString(coalesce(n.`_node_content`, '')), 0, 52)) AS `_node_content_values`\nRETURN {`id`: {values:`id_values`[..10], distinct_count: size(`id_values`)}, `embedding`: {min_size: `embedding_size_min`, max_size: `embedding_size_max`, values:`embedding_values`}, `text`: {values:`text_values`[..10], distinct_count: size(`text_values`)}, `document_id`: {values:`document_id_values`[..10], distinct_count: size(`document_id_values`)}, `ref_doc_id`: {values:`ref_doc_id_values`[..10], distinct_count: size(`ref_doc_id_values`)}, `_node_type`: {values:`_node_type_values`[..10], distinct_count: size(`_node_type_values`)}, `doc_id`: {values:`doc_id_values`[..10], distinct_count: size(`doc_id_values`)}, `_node_content`: {values:`_node_content_values`[..10], distinct_count: size(`_node_content_values`)}} AS output" {} {}
2025-09-29 16:09:20,629 DEBUG neo4j.io: [#C952]  C: PULL {'n': 1000}
2025-09-29 16:09:20,630 DEBUG neo4j.io: [#C952]  S: SUCCESS {}
2025-09-29 16:09:20,630 DEBUG neo4j.io: [#C952]  _: <CONNECTION> server state: READY > TX_READY_OR_TX_STREAMING
2025-09-29 16:09:20,634 DEBUG neo4j.io: [#C952]  S: SUCCESS {'t_first': 3, 'fields': ['output'], 'qid': 0}
2025-09-29 16:09:20,639 DEBUG neo4j.io: [#C952]  S: RECORD * 1
2025-09-29 16:09:20,639 DEBUG neo4j.io: [#C952]  S: SUCCESS {'statuses': [{'gql_status': '00000', 'status_description': 'note: successful completion'}], 'type': 'r', 't_last': 4, 'db': 'demo'}
2025-09-29 16:09:20,639 DEBUG neo4j.io: [#C952]  C: COMMIT
2025-09-29 16:09:20,639 DEBUG neo4j.io: [#C952]  _: <CONNECTION> client state: TX_READY_OR_TX_STREAMING > READY
2025-09-29 16:09:20,641 DEBUG neo4j.io: [#C952]  S: SUCCESS {'bookmark': 'FB:kcwQzLoRLE7LTq2NdyMZ91NVySWQ'}
2025-09-29 16:09:20,641 DEBUG neo4j.io: [#C952]  _: <CONNECTION> server state: TX_READY_OR_TX_STREAMING > READY
2025-09-29 16:09:20,641 DEBUG neo4j.pool: [#C952]  _: <POOL> released bolt-57180
2025-09-29 16:09:20,642 DEBUG neo4j: [#0000]  _: <WORKSPACE> routing towards fixed database: demo
2025-09-29 16:09:20,642 DEBUG neo4j: [#0000]  _: <WORKSPACE> pinning database: 'demo'
2025-09-29 16:09:20,642 DEBUG neo4j.pool: [#0000]  _: <POOL> acquire direct connection, access_mode='WRITE', database=AcquisitionDatabase(name='demo', guessed=False)
2025-09-29 16:09:20,642 DEBUG neo4j.pool: [#C952]  _: <POOL> picked existing connection bolt-57180
2025-09-29 16:09:20,642 DEBUG neo4j.pool: [#C952]  _: <POOL> checked re_auth auth=None updated=False force=False
2025-09-29 16:09:20,642 DEBUG neo4j.pool: [#C952]  _: <POOL> handing out existing connection
2025-09-29 16:09:20,642 DEBUG neo4j.io: [#C952]  C: BEGIN {'db': 'demo', 'bookmarks': ['FB:kcwQzLoRLE7LTq2NdyMZ91NVySWQ']}
2025-09-29 16:09:20,642 DEBUG neo4j.io: [#C952]  _: <CONNECTION> client state: READY > TX_READY_OR_TX_STREAMING
2025-09-29 16:09:20,642 DEBUG neo4j.io: [#C952]  C: RUN "MATCH (n:`entity`)\nWITH collect(distinct substring(toString(coalesce(n.`id`, '')), 0, 52)) AS `id_values`,\n     min(size(coalesce(n.`embedding`, []))) AS `embedding_size_min`, max(size(coalesce(n.`embedding`, []))) AS `embedding_size_max`, collect(n.`embedding`)[0][..3] AS `embedding_values`,\n     collect(distinct substring(toString(coalesce(n.`triplet_source_id`, '')), 0, 52)) AS `triplet_source_id_values`,\n     collect(distinct substring(toString(coalesce(n.`name`, '')), 0, 52)) AS `name_values`\nRETURN {`id`: {values:`id_values`[..10], distinct_count: size(`id_values`)}, `embedding`: {min_size: `embedding_size_min`, max_size: `embedding_size_max`, values:`embedding_values`}, `triplet_source_id`: {values:`triplet_source_id_values`[..10], distinct_count: size(`triplet_source_id_values`)}, `name`: {values:`name_values`[..10], distinct_count: size(`name_values`)}} AS output" {} {}
2025-09-29 16:09:20,642 DEBUG neo4j.io: [#C952]  C: PULL {'n': 1000}
2025-09-29 16:09:20,644 DEBUG neo4j.io: [#C952]  S: SUCCESS {}
2025-09-29 16:09:20,645 DEBUG neo4j.io: [#C952]  _: <CONNECTION> server state: READY > TX_READY_OR_TX_STREAMING
2025-09-29 16:09:20,646 DEBUG neo4j.io: [#C952]  S: SUCCESS {'t_first': 2, 'fields': ['output'], 'qid': 0}
2025-09-29 16:09:20,648 DEBUG neo4j.io: [#C952]  S: RECORD * 1
2025-09-29 16:09:20,648 DEBUG neo4j.io: [#C952]  S: SUCCESS {'statuses': [{'gql_status': '00000', 'status_description': 'note: successful completion'}], 'type': 'r', 't_last': 2, 'db': 'demo'}
2025-09-29 16:09:20,648 DEBUG neo4j.io: [#C952]  C: COMMIT
2025-09-29 16:09:20,648 DEBUG neo4j.io: [#C952]  _: <CONNECTION> client state: TX_READY_OR_TX_STREAMING > READY
2025-09-29 16:09:20,649 DEBUG neo4j.io: [#C952]  S: SUCCESS {'bookmark': 'FB:kcwQzLoRLE7LTq2NdyMZ91NVySWQ'}
2025-09-29 16:09:20,649 DEBUG neo4j.io: [#C952]  _: <CONNECTION> server state: TX_READY_OR_TX_STREAMING > READY
2025-09-29 16:09:20,649 DEBUG neo4j.pool: [#C952]  _: <POOL> released bolt-57180
2025-09-29 16:09:20,650 DEBUG neo4j: [#0000]  _: <WORKSPACE> routing towards fixed database: demo
2025-09-29 16:09:20,650 DEBUG neo4j: [#0000]  _: <WORKSPACE> pinning database: 'demo'
2025-09-29 16:09:20,650 DEBUG neo4j.pool: [#0000]  _: <POOL> acquire direct connection, access_mode='WRITE', database=AcquisitionDatabase(name='demo', guessed=False)
2025-09-29 16:09:20,650 DEBUG neo4j.pool: [#C952]  _: <POOL> picked existing connection bolt-57180
2025-09-29 16:09:20,650 DEBUG neo4j.pool: [#C952]  _: <POOL> checked re_auth auth=None updated=False force=False
2025-09-29 16:09:20,650 DEBUG neo4j.pool: [#C952]  _: <POOL> handing out existing connection
2025-09-29 16:09:20,650 DEBUG neo4j.io: [#C952]  C: BEGIN {'db': 'demo', 'bookmarks': ['FB:kcwQzLoRLE7LTq2NdyMZ91NVySWQ']}
2025-09-29 16:09:20,650 DEBUG neo4j.io: [#C952]  _: <CONNECTION> client state: READY > TX_READY_OR_TX_STREAMING
2025-09-29 16:09:20,650 DEBUG neo4j.io: [#C952]  C: RUN "MATCH ()-[n:`Works at`]->()\nWITH collect(distinct substring(toString(coalesce(n.`triplet_source_id`, '')), 0, 52)) AS `triplet_source_id_values`\nRETURN {`triplet_source_id`: {values:`triplet_source_id_values`[..10], distinct_count: size(`triplet_source_id_values`)}} AS output" {} {}
2025-09-29 16:09:20,650 DEBUG neo4j.io: [#C952]  C: PULL {'n': 1000}
2025-09-29 16:09:20,651 DEBUG neo4j.io: [#C952]  S: SUCCESS {}
2025-09-29 16:09:20,651 DEBUG neo4j.io: [#C952]  _: <CONNECTION> server state: READY > TX_READY_OR_TX_STREAMING
2025-09-29 16:09:20,654 DEBUG neo4j.io: [#C952]  S: SUCCESS {'t_first': 2, 'fields': ['output'], 'qid': 0}
2025-09-29 16:09:20,659 DEBUG neo4j.io: [#C952]  S: RECORD * 1
2025-09-29 16:09:20,659 DEBUG neo4j.io: [#C952]  S: SUCCESS {'statuses': [{'gql_status': '00000', 'status_description': 'note: successful completion'}], 'type': 'r', 't_last': 4, 'db': 'demo'}
2025-09-29 16:09:20,659 DEBUG neo4j.io: [#C952]  C: COMMIT
2025-09-29 16:09:20,659 DEBUG neo4j.io: [#C952]  _: <CONNECTION> client state: TX_READY_OR_TX_STREAMING > READY
2025-09-29 16:09:20,660 DEBUG neo4j.io: [#C952]  S: SUCCESS {'bookmark': 'FB:kcwQzLoRLE7LTq2NdyMZ91NVySWQ'}
2025-09-29 16:09:20,660 DEBUG neo4j.io: [#C952]  _: <CONNECTION> server state: TX_READY_OR_TX_STREAMING > READY
2025-09-29 16:09:20,660 DEBUG neo4j.pool: [#C952]  _: <POOL> released bolt-57180
2025-09-29 16:09:20,660 DEBUG neo4j: [#0000]  _: <WORKSPACE> routing towards fixed database: demo
2025-09-29 16:09:20,660 DEBUG neo4j: [#0000]  _: <WORKSPACE> pinning database: 'demo'
2025-09-29 16:09:20,660 DEBUG neo4j.pool: [#0000]  _: <POOL> acquire direct connection, access_mode='WRITE', database=AcquisitionDatabase(name='demo', guessed=False)
2025-09-29 16:09:20,660 DEBUG neo4j.pool: [#C952]  _: <POOL> picked existing connection bolt-57180
2025-09-29 16:09:20,660 DEBUG neo4j.pool: [#C952]  _: <POOL> checked re_auth auth=None updated=False force=False
2025-09-29 16:09:20,660 DEBUG neo4j.pool: [#C952]  _: <POOL> handing out existing connection
2025-09-29 16:09:20,661 DEBUG neo4j.io: [#C952]  C: BEGIN {'db': 'demo', 'bookmarks': ['FB:kcwQzLoRLE7LTq2NdyMZ91NVySWQ']}
2025-09-29 16:09:20,661 DEBUG neo4j.io: [#C952]  _: <CONNECTION> client state: READY > TX_READY_OR_TX_STREAMING
2025-09-29 16:09:20,661 DEBUG neo4j.io: [#C952]  C: RUN "MATCH ()-[n:`Is based in`]->()\nWITH collect(distinct substring(toString(coalesce(n.`triplet_source_id`, '')), 0, 52)) AS `triplet_source_id_values`\nRETURN {`triplet_source_id`: {values:`triplet_source_id_values`[..10], distinct_count: size(`triplet_source_id_values`)}} AS output" {} {}
2025-09-29 16:09:20,661 DEBUG neo4j.io: [#C952]  C: PULL {'n': 1000}
2025-09-29 16:09:20,662 DEBUG neo4j.io: [#C952]  S: SUCCESS {}
2025-09-29 16:09:20,663 DEBUG neo4j.io: [#C952]  _: <CONNECTION> server state: READY > TX_READY_OR_TX_STREAMING
2025-09-29 16:09:20,664 DEBUG neo4j.io: [#C952]  S: SUCCESS {'t_first': 1, 'fields': ['output'], 'qid': 0}
2025-09-29 16:09:20,667 DEBUG neo4j.io: [#C952]  S: RECORD * 1
2025-09-29 16:09:20,667 DEBUG neo4j.io: [#C952]  S: SUCCESS {'statuses': [{'gql_status': '00000', 'status_description': 'note: successful completion'}], 'type': 'r', 't_last': 1, 'db': 'demo'}
2025-09-29 16:09:20,667 DEBUG neo4j.io: [#C952]  C: COMMIT
2025-09-29 16:09:20,667 DEBUG neo4j.io: [#C952]  _: <CONNECTION> client state: TX_READY_OR_TX_STREAMING > READY
2025-09-29 16:09:20,668 DEBUG neo4j.io: [#C952]  S: SUCCESS {'bookmark': 'FB:kcwQzLoRLE7LTq2NdyMZ91NVySWQ'}
2025-09-29 16:09:20,668 DEBUG neo4j.io: [#C952]  _: <CONNECTION> server state: TX_READY_OR_TX_STREAMING > READY
2025-09-29 16:09:20,668 DEBUG neo4j.pool: [#C952]  _: <POOL> released bolt-57180
2025-09-29 16:09:20,668 DEBUG neo4j: [#0000]  _: <WORKSPACE> routing towards fixed database: demo
2025-09-29 16:09:20,668 DEBUG neo4j: [#0000]  _: <WORKSPACE> pinning database: 'demo'
2025-09-29 16:09:20,668 DEBUG neo4j.pool: [#0000]  _: <POOL> acquire direct connection, access_mode='WRITE', database=AcquisitionDatabase(name='demo', guessed=False)
2025-09-29 16:09:20,668 DEBUG neo4j.pool: [#C952]  _: <POOL> picked existing connection bolt-57180
2025-09-29 16:09:20,668 DEBUG neo4j.pool: [#C952]  _: <POOL> checked re_auth auth=None updated=False force=False
2025-09-29 16:09:20,668 DEBUG neo4j.pool: [#C952]  _: <POOL> handing out existing connection
2025-09-29 16:09:20,668 DEBUG neo4j.io: [#C952]  C: BEGIN {'db': 'demo', 'bookmarks': ['FB:kcwQzLoRLE7LTq2NdyMZ91NVySWQ']}
2025-09-29 16:09:20,669 DEBUG neo4j.io: [#C952]  _: <CONNECTION> client state: READY > TX_READY_OR_TX_STREAMING
2025-09-29 16:09:20,669 DEBUG neo4j.io: [#C952]  C: RUN "MATCH ()-[n:`Is based in`]->()\nWITH collect(distinct substring(toString(coalesce(n.`triplet_source_id`, '')), 0, 52)) AS `triplet_source_id_values`\nRETURN {`triplet_source_id`: {values:`triplet_source_id_values`[..10], distinct_count: size(`triplet_source_id_values`)}} AS output" {} {}
2025-09-29 16:09:20,669 DEBUG neo4j.io: [#C952]  C: PULL {'n': 1000}
2025-09-29 16:09:20,670 DEBUG neo4j.io: [#C952]  S: SUCCESS {}
2025-09-29 16:09:20,670 DEBUG neo4j.io: [#C952]  _: <CONNECTION> server state: READY > TX_READY_OR_TX_STREAMING
2025-09-29 16:09:20,671 DEBUG neo4j.io: [#C952]  S: SUCCESS {'t_first': 1, 'fields': ['output'], 'qid': 0}
2025-09-29 16:09:20,674 DEBUG neo4j.io: [#C952]  S: RECORD * 1
2025-09-29 16:09:20,674 DEBUG neo4j.io: [#C952]  S: SUCCESS {'statuses': [{'gql_status': '00000', 'status_description': 'note: successful completion'}], 'type': 'r', 't_last': 3, 'db': 'demo'}
2025-09-29 16:09:20,675 DEBUG neo4j.io: [#C952]  C: COMMIT
2025-09-29 16:09:20,675 DEBUG neo4j.io: [#C952]  _: <CONNECTION> client state: TX_READY_OR_TX_STREAMING > READY
2025-09-29 16:09:20,675 DEBUG neo4j.io: [#C952]  S: SUCCESS {'bookmark': 'FB:kcwQzLoRLE7LTq2NdyMZ91NVySWQ'}
2025-09-29 16:09:20,676 DEBUG neo4j.io: [#C952]  _: <CONNECTION> server state: TX_READY_OR_TX_STREAMING > READY
2025-09-29 16:09:20,676 DEBUG neo4j.pool: [#C952]  _: <POOL> released bolt-57180
2025-09-29 16:09:20,676 DEBUG neo4j: [#0000]  _: <WORKSPACE> routing towards fixed database: demo
2025-09-29 16:09:20,676 DEBUG neo4j: [#0000]  _: <WORKSPACE> pinning database: 'demo'
2025-09-29 16:09:20,676 DEBUG neo4j.pool: [#0000]  _: <POOL> acquire direct connection, access_mode='WRITE', database=AcquisitionDatabase(name='demo', guessed=False)
2025-09-29 16:09:20,676 DEBUG neo4j.pool: [#C952]  _: <POOL> picked existing connection bolt-57180
2025-09-29 16:09:20,676 DEBUG neo4j.pool: [#C952]  _: <POOL> checked re_auth auth=None updated=False force=False
2025-09-29 16:09:20,676 DEBUG neo4j.pool: [#C952]  _: <POOL> handing out existing connection
2025-09-29 16:09:20,677 DEBUG neo4j.io: [#C952]  C: BEGIN {'db': 'demo', 'bookmarks': ['FB:kcwQzLoRLE7LTq2NdyMZ91NVySWQ']}
2025-09-29 16:09:20,677 DEBUG neo4j.io: [#C952]  _: <CONNECTION> client state: READY > TX_READY_OR_TX_STREAMING
2025-09-29 16:09:20,677 DEBUG neo4j.io: [#C952]  C: RUN "MATCH ()-[n:`Works at`]->()\nWITH collect(distinct substring(toString(coalesce(n.`triplet_source_id`, '')), 0, 52)) AS `triplet_source_id_values`\nRETURN {`triplet_source_id`: {values:`triplet_source_id_values`[..10], distinct_count: size(`triplet_source_id_values`)}} AS output" {} {}
2025-09-29 16:09:20,677 DEBUG neo4j.io: [#C952]  C: PULL {'n': 1000}
2025-09-29 16:09:20,678 DEBUG neo4j.io: [#C952]  S: SUCCESS {}
2025-09-29 16:09:20,678 DEBUG neo4j.io: [#C952]  _: <CONNECTION> server state: READY > TX_READY_OR_TX_STREAMING
2025-09-29 16:09:20,679 DEBUG neo4j.io: [#C952]  S: SUCCESS {'t_first': 1, 'fields': ['output'], 'qid': 0}
2025-09-29 16:09:20,680 DEBUG neo4j.io: [#C952]  S: RECORD * 1
2025-09-29 16:09:20,680 DEBUG neo4j.io: [#C952]  S: SUCCESS {'statuses': [{'gql_status': '00000', 'status_description': 'note: successful completion'}], 'type': 'r', 't_last': 1, 'db': 'demo'}
2025-09-29 16:09:20,682 DEBUG neo4j.io: [#C952]  C: COMMIT
2025-09-29 16:09:20,682 DEBUG neo4j.io: [#C952]  _: <CONNECTION> client state: TX_READY_OR_TX_STREAMING > READY
2025-09-29 16:09:20,683 DEBUG neo4j.io: [#C952]  S: SUCCESS {'bookmark': 'FB:kcwQzLoRLE7LTq2NdyMZ91NVySWQ'}
2025-09-29 16:09:20,683 DEBUG neo4j.io: [#C952]  _: <CONNECTION> server state: TX_READY_OR_TX_STREAMING > READY
2025-09-29 16:09:20,683 DEBUG neo4j.pool: [#C952]  _: <POOL> released bolt-57180
2025-09-29 16:09:20,683 DEBUG neo4j: [#0000]  _: <WORKSPACE> routing towards fixed database: demo
2025-09-29 16:09:20,683 DEBUG neo4j: [#0000]  _: <WORKSPACE> pinning database: 'demo'
2025-09-29 16:09:20,683 DEBUG neo4j.pool: [#0000]  _: <POOL> acquire direct connection, access_mode='WRITE', database=AcquisitionDatabase(name='demo', guessed=False)
2025-09-29 16:09:20,683 DEBUG neo4j.pool: [#C952]  _: <POOL> picked existing connection bolt-57180
2025-09-29 16:09:20,683 DEBUG neo4j.pool: [#C952]  _: <POOL> checked re_auth auth=None updated=False force=False
2025-09-29 16:09:20,684 DEBUG neo4j.pool: [#C952]  _: <POOL> handing out existing connection
2025-09-29 16:09:20,684 DEBUG neo4j.io: [#C952]  C: BEGIN {'db': 'demo', 'bookmarks': ['FB:kcwQzLoRLE7LTq2NdyMZ91NVySWQ']}
2025-09-29 16:09:20,684 DEBUG neo4j.io: [#C952]  _: <CONNECTION> client state: READY > TX_READY_OR_TX_STREAMING
2025-09-29 16:09:20,684 DEBUG neo4j.io: [#C952]  C: RUN "MATCH ()-[n:`Works at`]->()\nWITH collect(distinct substring(toString(coalesce(n.`triplet_source_id`, '')), 0, 52)) AS `triplet_source_id_values`\nRETURN {`triplet_source_id`: {values:`triplet_source_id_values`[..10], distinct_count: size(`triplet_source_id_values`)}} AS output" {} {}
2025-09-29 16:09:20,684 DEBUG neo4j.io: [#C952]  C: PULL {'n': 1000}
2025-09-29 16:09:20,686 DEBUG neo4j.io: [#C952]  S: SUCCESS {}
2025-09-29 16:09:20,686 DEBUG neo4j.io: [#C952]  _: <CONNECTION> server state: READY > TX_READY_OR_TX_STREAMING
2025-09-29 16:09:20,687 DEBUG neo4j.io: [#C952]  S: SUCCESS {'t_first': 1, 'fields': ['output'], 'qid': 0}
2025-09-29 16:09:20,691 DEBUG neo4j.io: [#C952]  S: RECORD * 1
2025-09-29 16:09:20,691 DEBUG neo4j.io: [#C952]  S: SUCCESS {'statuses': [{'gql_status': '00000', 'status_description': 'note: successful completion'}], 'type': 'r', 't_last': 3, 'db': 'demo'}
2025-09-29 16:09:20,691 DEBUG neo4j.io: [#C952]  C: COMMIT
2025-09-29 16:09:20,691 DEBUG neo4j.io: [#C952]  _: <CONNECTION> client state: TX_READY_OR_TX_STREAMING > READY
2025-09-29 16:09:20,693 DEBUG neo4j.io: [#C952]  S: SUCCESS {'bookmark': 'FB:kcwQzLoRLE7LTq2NdyMZ91NVySWQ'}
2025-09-29 16:09:20,693 DEBUG neo4j.io: [#C952]  _: <CONNECTION> server state: TX_READY_OR_TX_STREAMING > READY
2025-09-29 16:09:20,693 DEBUG neo4j.pool: [#C952]  _: <POOL> released bolt-57180
2025-09-29 16:09:20,693 DEBUG neo4j: [#0000]  _: <WORKSPACE> routing towards fixed database: demo
2025-09-29 16:09:20,693 DEBUG neo4j: [#0000]  _: <WORKSPACE> pinning database: 'demo'
2025-09-29 16:09:20,693 DEBUG neo4j.pool: [#0000]  _: <POOL> acquire direct connection, access_mode='WRITE', database=AcquisitionDatabase(name='demo', guessed=False)
2025-09-29 16:09:20,693 DEBUG neo4j.pool: [#C952]  _: <POOL> picked existing connection bolt-57180
2025-09-29 16:09:20,693 DEBUG neo4j.pool: [#C952]  _: <POOL> checked re_auth auth=None updated=False force=False
2025-09-29 16:09:20,693 DEBUG neo4j.pool: [#C952]  _: <POOL> handing out existing connection
2025-09-29 16:09:20,693 DEBUG neo4j.io: [#C952]  C: BEGIN {'db': 'demo', 'bookmarks': ['FB:kcwQzLoRLE7LTq2NdyMZ91NVySWQ']}
2025-09-29 16:09:20,693 DEBUG neo4j.io: [#C952]  _: <CONNECTION> client state: READY > TX_READY_OR_TX_STREAMING
2025-09-29 16:09:20,693 DEBUG neo4j.io: [#C952]  C: RUN "MATCH ()-[n:`Works at`]->()\nWITH collect(distinct substring(toString(coalesce(n.`triplet_source_id`, '')), 0, 52)) AS `triplet_source_id_values`\nRETURN {`triplet_source_id`: {values:`triplet_source_id_values`[..10], distinct_count: size(`triplet_source_id_values`)}} AS output" {} {}
2025-09-29 16:09:20,693 DEBUG neo4j.io: [#C952]  C: PULL {'n': 1000}
2025-09-29 16:09:20,695 DEBUG neo4j.io: [#C952]  S: SUCCESS {}
2025-09-29 16:09:20,695 DEBUG neo4j.io: [#C952]  _: <CONNECTION> server state: READY > TX_READY_OR_TX_STREAMING
2025-09-29 16:09:20,697 DEBUG neo4j.io: [#C952]  S: SUCCESS {'t_first': 1, 'fields': ['output'], 'qid': 0}
2025-09-29 16:09:20,699 DEBUG neo4j.io: [#C952]  S: RECORD * 1
2025-09-29 16:09:20,699 DEBUG neo4j.io: [#C952]  S: SUCCESS {'statuses': [{'gql_status': '00000', 'status_description': 'note: successful completion'}], 'type': 'r', 't_last': 1, 'db': 'demo'}
2025-09-29 16:09:20,699 DEBUG neo4j.io: [#C952]  C: COMMIT
2025-09-29 16:09:20,699 DEBUG neo4j.io: [#C952]  _: <CONNECTION> client state: TX_READY_OR_TX_STREAMING > READY
2025-09-29 16:09:20,700 DEBUG neo4j.io: [#C952]  S: SUCCESS {'bookmark': 'FB:kcwQzLoRLE7LTq2NdyMZ91NVySWQ'}
2025-09-29 16:09:20,700 DEBUG neo4j.io: [#C952]  _: <CONNECTION> server state: TX_READY_OR_TX_STREAMING > READY
2025-09-29 16:09:20,700 DEBUG neo4j.pool: [#C952]  _: <POOL> released bolt-57180
2025-09-29 16:09:20,700 DEBUG neo4j: [#0000]  _: <WORKSPACE> routing towards fixed database: demo
2025-09-29 16:09:20,700 DEBUG neo4j: [#0000]  _: <WORKSPACE> pinning database: 'demo'
2025-09-29 16:09:20,700 DEBUG neo4j.pool: [#0000]  _: <POOL> acquire direct connection, access_mode='WRITE', database=AcquisitionDatabase(name='demo', guessed=False)
2025-09-29 16:09:20,700 DEBUG neo4j.pool: [#C952]  _: <POOL> picked existing connection bolt-57180
2025-09-29 16:09:20,700 DEBUG neo4j.pool: [#C952]  _: <POOL> checked re_auth auth=None updated=False force=False
2025-09-29 16:09:20,700 DEBUG neo4j.pool: [#C952]  _: <POOL> handing out existing connection
2025-09-29 16:09:20,700 DEBUG neo4j.io: [#C952]  C: BEGIN {'db': 'demo', 'bookmarks': ['FB:kcwQzLoRLE7LTq2NdyMZ91NVySWQ']}
2025-09-29 16:09:20,701 DEBUG neo4j.io: [#C952]  _: <CONNECTION> client state: READY > TX_READY_OR_TX_STREAMING
2025-09-29 16:09:20,701 DEBUG neo4j.io: [#C952]  C: RUN "MATCH ()-[n:`Works at`]->()\nWITH collect(distinct substring(toString(coalesce(n.`triplet_source_id`, '')), 0, 52)) AS `triplet_source_id_values`\nRETURN {`triplet_source_id`: {values:`triplet_source_id_values`[..10], distinct_count: size(`triplet_source_id_values`)}} AS output" {} {}
2025-09-29 16:09:20,701 DEBUG neo4j.io: [#C952]  C: PULL {'n': 1000}
2025-09-29 16:09:20,702 DEBUG neo4j.io: [#C952]  S: SUCCESS {}
2025-09-29 16:09:20,702 DEBUG neo4j.io: [#C952]  _: <CONNECTION> server state: READY > TX_READY_OR_TX_STREAMING
2025-09-29 16:09:20,704 DEBUG neo4j.io: [#C952]  S: SUCCESS {'t_first': 2, 'fields': ['output'], 'qid': 0}
2025-09-29 16:09:20,707 DEBUG neo4j.io: [#C952]  S: RECORD * 1
2025-09-29 16:09:20,708 DEBUG neo4j.io: [#C952]  S: SUCCESS {'statuses': [{'gql_status': '00000', 'status_description': 'note: successful completion'}], 'type': 'r', 't_last': 3, 'db': 'demo'}
2025-09-29 16:09:20,708 DEBUG neo4j.io: [#C952]  C: COMMIT
2025-09-29 16:09:20,708 DEBUG neo4j.io: [#C952]  _: <CONNECTION> client state: TX_READY_OR_TX_STREAMING > READY
2025-09-29 16:09:20,709 DEBUG neo4j.io: [#C952]  S: SUCCESS {'bookmark': 'FB:kcwQzLoRLE7LTq2NdyMZ91NVySWQ'}
2025-09-29 16:09:20,709 DEBUG neo4j.io: [#C952]  _: <CONNECTION> server state: TX_READY_OR_TX_STREAMING > READY
2025-09-29 16:09:20,709 DEBUG neo4j.pool: [#C952]  _: <POOL> released bolt-57180
2025-09-29 16:09:20,709 DEBUG neo4j: [#0000]  _: <WORKSPACE> routing towards fixed database: demo
2025-09-29 16:09:20,709 DEBUG neo4j: [#0000]  _: <WORKSPACE> pinning database: 'demo'
2025-09-29 16:09:20,709 DEBUG neo4j.pool: [#0000]  _: <POOL> acquire direct connection, access_mode='WRITE', database=AcquisitionDatabase(name='demo', guessed=False)
2025-09-29 16:09:20,709 DEBUG neo4j.pool: [#C952]  _: <POOL> picked existing connection bolt-57180
2025-09-29 16:09:20,709 DEBUG neo4j.pool: [#C952]  _: <POOL> checked re_auth auth=None updated=False force=False
2025-09-29 16:09:20,709 DEBUG neo4j.pool: [#C952]  _: <POOL> handing out existing connection
2025-09-29 16:09:20,709 DEBUG neo4j.io: [#C952]  C: BEGIN {'db': 'demo', 'bookmarks': ['FB:kcwQzLoRLE7LTq2NdyMZ91NVySWQ']}
2025-09-29 16:09:20,710 DEBUG neo4j.io: [#C952]  _: <CONNECTION> client state: READY > TX_READY_OR_TX_STREAMING
2025-09-29 16:09:20,710 DEBUG neo4j.io: [#C952]  C: RUN "MATCH ()-[n:`Is based in`]->()\nWITH collect(distinct substring(toString(coalesce(n.`triplet_source_id`, '')), 0, 52)) AS `triplet_source_id_values`\nRETURN {`triplet_source_id`: {values:`triplet_source_id_values`[..10], distinct_count: size(`triplet_source_id_values`)}} AS output" {} {}
2025-09-29 16:09:20,710 DEBUG neo4j.io: [#C952]  C: PULL {'n': 1000}
2025-09-29 16:09:20,711 DEBUG neo4j.io: [#C952]  S: SUCCESS {}
2025-09-29 16:09:20,711 DEBUG neo4j.io: [#C952]  _: <CONNECTION> server state: READY > TX_READY_OR_TX_STREAMING
2025-09-29 16:09:20,713 DEBUG neo4j.io: [#C952]  S: SUCCESS {'t_first': 1, 'fields': ['output'], 'qid': 0}
2025-09-29 16:09:20,714 DEBUG neo4j.io: [#C952]  S: RECORD * 1
2025-09-29 16:09:20,714 DEBUG neo4j.io: [#C952]  S: SUCCESS {'statuses': [{'gql_status': '00000', 'status_description': 'note: successful completion'}], 'type': 'r', 't_last': 1, 'db': 'demo'}
2025-09-29 16:09:20,714 DEBUG neo4j.io: [#C952]  C: COMMIT
2025-09-29 16:09:20,714 DEBUG neo4j.io: [#C952]  _: <CONNECTION> client state: TX_READY_OR_TX_STREAMING > READY
2025-09-29 16:09:20,715 DEBUG neo4j.io: [#C952]  S: SUCCESS {'bookmark': 'FB:kcwQzLoRLE7LTq2NdyMZ91NVySWQ'}
2025-09-29 16:09:20,715 DEBUG neo4j.io: [#C952]  _: <CONNECTION> server state: TX_READY_OR_TX_STREAMING > READY
2025-09-29 16:09:20,715 DEBUG neo4j.pool: [#C952]  _: <POOL> released bolt-57180
2025-09-29 16:09:20,715 DEBUG neo4j: [#0000]  _: <WORKSPACE> routing towards fixed database: demo
2025-09-29 16:09:20,715 DEBUG neo4j: [#0000]  _: <WORKSPACE> pinning database: 'demo'
2025-09-29 16:09:20,715 DEBUG neo4j.pool: [#0000]  _: <POOL> acquire direct connection, access_mode='WRITE', database=AcquisitionDatabase(name='demo', guessed=False)
2025-09-29 16:09:20,716 DEBUG neo4j.pool: [#C952]  _: <POOL> picked existing connection bolt-57180
2025-09-29 16:09:20,716 DEBUG neo4j.pool: [#C952]  _: <POOL> checked re_auth auth=None updated=False force=False
2025-09-29 16:09:20,716 DEBUG neo4j.pool: [#C952]  _: <POOL> handing out existing connection
2025-09-29 16:09:20,716 DEBUG neo4j.io: [#C952]  C: BEGIN {'db': 'demo', 'bookmarks': ['FB:kcwQzLoRLE7LTq2NdyMZ91NVySWQ']}
2025-09-29 16:09:20,716 DEBUG neo4j.io: [#C952]  _: <CONNECTION> client state: READY > TX_READY_OR_TX_STREAMING
2025-09-29 16:09:20,716 DEBUG neo4j.io: [#C952]  C: RUN "MATCH ()-[n:`Is based in`]->()\nWITH collect(distinct substring(toString(coalesce(n.`triplet_source_id`, '')), 0, 52)) AS `triplet_source_id_values`\nRETURN {`triplet_source_id`: {values:`triplet_source_id_values`[..10], distinct_count: size(`triplet_source_id_values`)}} AS output" {} {}
2025-09-29 16:09:20,716 DEBUG neo4j.io: [#C952]  C: PULL {'n': 1000}
2025-09-29 16:09:20,717 DEBUG neo4j.io: [#C952]  S: SUCCESS {}
2025-09-29 16:09:20,717 DEBUG neo4j.io: [#C952]  _: <CONNECTION> server state: READY > TX_READY_OR_TX_STREAMING
2025-09-29 16:09:20,719 DEBUG neo4j.io: [#C952]  S: SUCCESS {'t_first': 1, 'fields': ['output'], 'qid': 0}
2025-09-29 16:09:20,720 DEBUG neo4j.io: [#C952]  S: RECORD * 1
2025-09-29 16:09:20,720 DEBUG neo4j.io: [#C952]  S: SUCCESS {'statuses': [{'gql_status': '00000', 'status_description': 'note: successful completion'}], 'type': 'r', 't_last': 1, 'db': 'demo'}
2025-09-29 16:09:20,721 DEBUG neo4j.io: [#C952]  C: COMMIT
2025-09-29 16:09:20,721 DEBUG neo4j.io: [#C952]  _: <CONNECTION> client state: TX_READY_OR_TX_STREAMING > READY
2025-09-29 16:09:20,722 DEBUG neo4j.io: [#C952]  S: SUCCESS {'bookmark': 'FB:kcwQzLoRLE7LTq2NdyMZ91NVySWQ'}
2025-09-29 16:09:20,723 DEBUG neo4j.io: [#C952]  _: <CONNECTION> server state: TX_READY_OR_TX_STREAMING > READY
2025-09-29 16:09:20,723 DEBUG neo4j.pool: [#C952]  _: <POOL> released bolt-57180
2025-09-29 16:09:20,723 DEBUG neo4j: [#0000]  _: <WORKSPACE> routing towards fixed database: demo
2025-09-29 16:09:20,723 DEBUG neo4j: [#0000]  _: <WORKSPACE> pinning database: 'demo'
2025-09-29 16:09:20,723 DEBUG neo4j.pool: [#0000]  _: <POOL> acquire direct connection, access_mode='WRITE', database=AcquisitionDatabase(name='demo', guessed=False)
2025-09-29 16:09:20,723 DEBUG neo4j.pool: [#C952]  _: <POOL> picked existing connection bolt-57180
2025-09-29 16:09:20,723 DEBUG neo4j.pool: [#C952]  _: <POOL> checked re_auth auth=None updated=False force=False
2025-09-29 16:09:20,723 DEBUG neo4j.pool: [#C952]  _: <POOL> handing out existing connection
2025-09-29 16:09:20,723 DEBUG neo4j.io: [#C952]  C: BEGIN {'db': 'demo', 'bookmarks': ['FB:kcwQzLoRLE7LTq2NdyMZ91NVySWQ']}
2025-09-29 16:09:20,724 DEBUG neo4j.io: [#C952]  _: <CONNECTION> client state: READY > TX_READY_OR_TX_STREAMING
2025-09-29 16:09:20,724 DEBUG neo4j.io: [#C952]  C: RUN "MATCH ()-[n:`SOURCE`]->()\nWITH collect(distinct substring(toString(coalesce(n.`triplet_source_id`, '')), 0, 52)) AS `triplet_source_id_values`\nRETURN {`triplet_source_id`: {values:`triplet_source_id_values`[..10], distinct_count: size(`triplet_source_id_values`)}} AS output" {} {}
2025-09-29 16:09:20,724 DEBUG neo4j.io: [#C952]  C: PULL {'n': 1000}
2025-09-29 16:09:20,724 DEBUG neo4j.io: [#C952]  S: SUCCESS {}
2025-09-29 16:09:20,724 DEBUG neo4j.io: [#C952]  _: <CONNECTION> server state: READY > TX_READY_OR_TX_STREAMING
2025-09-29 16:09:20,727 DEBUG neo4j.io: [#C952]  S: SUCCESS {'t_first': 2, 'fields': ['output'], 'qid': 0}
2025-09-29 16:09:20,729 DEBUG neo4j.io: [#C952]  S: RECORD * 1
2025-09-29 16:09:20,729 DEBUG neo4j.io: [#C952]  S: SUCCESS {'statuses': [{'gql_status': '00000', 'status_description': 'note: successful completion'}], 'type': 'r', 't_last': 1, 'db': 'demo'}
2025-09-29 16:09:20,729 DEBUG neo4j.io: [#C952]  C: COMMIT
2025-09-29 16:09:20,729 DEBUG neo4j.io: [#C952]  _: <CONNECTION> client state: TX_READY_OR_TX_STREAMING > READY
2025-09-29 16:09:20,730 DEBUG neo4j.io: [#C952]  S: SUCCESS {'bookmark': 'FB:kcwQzLoRLE7LTq2NdyMZ91NVySWQ'}
2025-09-29 16:09:20,730 DEBUG neo4j.io: [#C952]  _: <CONNECTION> server state: TX_READY_OR_TX_STREAMING > READY
2025-09-29 16:09:20,730 DEBUG neo4j.pool: [#C952]  _: <POOL> released bolt-57180
2025-09-29 16:09:20,730 DEBUG neo4j: [#0000]  _: <WORKSPACE> routing towards fixed database: demo
2025-09-29 16:09:20,730 DEBUG neo4j: [#0000]  _: <WORKSPACE> pinning database: 'demo'
2025-09-29 16:09:20,730 DEBUG neo4j.pool: [#0000]  _: <POOL> acquire direct connection, access_mode='WRITE', database=AcquisitionDatabase(name='demo', guessed=False)
2025-09-29 16:09:20,730 DEBUG neo4j.pool: [#C952]  _: <POOL> picked existing connection bolt-57180
2025-09-29 16:09:20,730 DEBUG neo4j.pool: [#C952]  _: <POOL> checked re_auth auth=None updated=False force=False
2025-09-29 16:09:20,730 DEBUG neo4j.pool: [#C952]  _: <POOL> handing out existing connection
2025-09-29 16:09:20,730 DEBUG neo4j.io: [#C952]  C: BEGIN {'db': 'demo', 'bookmarks': ['FB:kcwQzLoRLE7LTq2NdyMZ91NVySWQ']}
2025-09-29 16:09:20,731 DEBUG neo4j.io: [#C952]  _: <CONNECTION> client state: READY > TX_READY_OR_TX_STREAMING
2025-09-29 16:09:20,731 DEBUG neo4j.io: [#C952]  C: RUN "MATCH ()-[n:`Works at`]->()\nWITH collect(distinct substring(toString(coalesce(n.`triplet_source_id`, '')), 0, 52)) AS `triplet_source_id_values`\nRETURN {`triplet_source_id`: {values:`triplet_source_id_values`[..10], distinct_count: size(`triplet_source_id_values`)}} AS output" {} {}
2025-09-29 16:09:20,731 DEBUG neo4j.io: [#C952]  C: PULL {'n': 1000}
2025-09-29 16:09:20,732 DEBUG neo4j.io: [#C952]  S: SUCCESS {}
2025-09-29 16:09:20,732 DEBUG neo4j.io: [#C952]  _: <CONNECTION> server state: READY > TX_READY_OR_TX_STREAMING
2025-09-29 16:09:20,733 DEBUG neo4j.io: [#C952]  S: SUCCESS {'t_first': 0, 'fields': ['output'], 'qid': 0}
2025-09-29 16:09:20,735 DEBUG neo4j.io: [#C952]  S: RECORD * 1
2025-09-29 16:09:20,735 DEBUG neo4j.io: [#C952]  S: SUCCESS {'statuses': [{'gql_status': '00000', 'status_description': 'note: successful completion'}], 'type': 'r', 't_last': 2, 'db': 'demo'}
2025-09-29 16:09:20,735 DEBUG neo4j.io: [#C952]  C: COMMIT
2025-09-29 16:09:20,735 DEBUG neo4j.io: [#C952]  _: <CONNECTION> client state: TX_READY_OR_TX_STREAMING > READY
2025-09-29 16:09:20,736 DEBUG neo4j.io: [#C952]  S: SUCCESS {'bookmark': 'FB:kcwQzLoRLE7LTq2NdyMZ91NVySWQ'}
2025-09-29 16:09:20,736 DEBUG neo4j.io: [#C952]  _: <CONNECTION> server state: TX_READY_OR_TX_STREAMING > READY
2025-09-29 16:09:20,736 DEBUG neo4j.pool: [#C952]  _: <POOL> released bolt-57180
2025-09-29 16:09:20,736 DEBUG neo4j: [#0000]  _: <WORKSPACE> routing towards fixed database: demo
2025-09-29 16:09:20,736 DEBUG neo4j: [#0000]  _: <WORKSPACE> pinning database: 'demo'
2025-09-29 16:09:20,736 DEBUG neo4j.pool: [#0000]  _: <POOL> acquire direct connection, access_mode='WRITE', database=AcquisitionDatabase(name='demo', guessed=False)
2025-09-29 16:09:20,736 DEBUG neo4j.pool: [#C952]  _: <POOL> picked existing connection bolt-57180
2025-09-29 16:09:20,736 DEBUG neo4j.pool: [#C952]  _: <POOL> checked re_auth auth=None updated=False force=False
2025-09-29 16:09:20,736 DEBUG neo4j.pool: [#C952]  _: <POOL> handing out existing connection
2025-09-29 16:09:20,736 DEBUG neo4j.io: [#C952]  C: BEGIN {'db': 'demo', 'bookmarks': ['FB:kcwQzLoRLE7LTq2NdyMZ91NVySWQ']}
2025-09-29 16:09:20,736 DEBUG neo4j.io: [#C952]  _: <CONNECTION> client state: READY > TX_READY_OR_TX_STREAMING
2025-09-29 16:09:20,736 DEBUG neo4j.io: [#C952]  C: RUN "MATCH ()-[n:`Is based in`]->()\nWITH collect(distinct substring(toString(coalesce(n.`triplet_source_id`, '')), 0, 52)) AS `triplet_source_id_values`\nRETURN {`triplet_source_id`: {values:`triplet_source_id_values`[..10], distinct_count: size(`triplet_source_id_values`)}} AS output" {} {}
2025-09-29 16:09:20,736 DEBUG neo4j.io: [#C952]  C: PULL {'n': 1000}
2025-09-29 16:09:20,739 DEBUG neo4j.io: [#C952]  S: SUCCESS {}
2025-09-29 16:09:20,739 DEBUG neo4j.io: [#C952]  _: <CONNECTION> server state: READY > TX_READY_OR_TX_STREAMING
2025-09-29 16:09:20,741 DEBUG neo4j.io: [#C952]  S: SUCCESS {'t_first': 2, 'fields': ['output'], 'qid': 0}
2025-09-29 16:09:20,743 DEBUG neo4j.io: [#C952]  S: RECORD * 1
2025-09-29 16:09:20,743 DEBUG neo4j.io: [#C952]  S: SUCCESS {'statuses': [{'gql_status': '00000', 'status_description': 'note: successful completion'}], 'type': 'r', 't_last': 1, 'db': 'demo'}
2025-09-29 16:09:20,743 DEBUG neo4j.io: [#C952]  C: COMMIT
2025-09-29 16:09:20,743 DEBUG neo4j.io: [#C952]  _: <CONNECTION> client state: TX_READY_OR_TX_STREAMING > READY
2025-09-29 16:09:20,744 DEBUG neo4j.io: [#C952]  S: SUCCESS {'bookmark': 'FB:kcwQzLoRLE7LTq2NdyMZ91NVySWQ'}
2025-09-29 16:09:20,744 DEBUG neo4j.io: [#C952]  _: <CONNECTION> server state: TX_READY_OR_TX_STREAMING > READY
2025-09-29 16:09:20,744 DEBUG neo4j.pool: [#C952]  _: <POOL> released bolt-57180
2025-09-29 16:09:20,744 DEBUG neo4j: [#0000]  _: <WORKSPACE> routing towards fixed database: demo
2025-09-29 16:09:20,744 DEBUG neo4j: [#0000]  _: <WORKSPACE> pinning database: 'demo'
2025-09-29 16:09:20,744 DEBUG neo4j.pool: [#0000]  _: <POOL> acquire direct connection, access_mode='WRITE', database=AcquisitionDatabase(name='demo', guessed=False)
2025-09-29 16:09:20,744 DEBUG neo4j.pool: [#C952]  _: <POOL> picked existing connection bolt-57180
2025-09-29 16:09:20,745 DEBUG neo4j.pool: [#C952]  _: <POOL> checked re_auth auth=None updated=False force=False
2025-09-29 16:09:20,745 DEBUG neo4j.pool: [#C952]  _: <POOL> handing out existing connection
2025-09-29 16:09:20,745 DEBUG neo4j.io: [#C952]  C: BEGIN {'db': 'demo', 'bookmarks': ['FB:kcwQzLoRLE7LTq2NdyMZ91NVySWQ']}
2025-09-29 16:09:20,745 DEBUG neo4j.io: [#C952]  _: <CONNECTION> client state: READY > TX_READY_OR_TX_STREAMING
2025-09-29 16:09:20,745 DEBUG neo4j.io: [#C952]  C: RUN "MATCH ()-[n:`Works at`]->()\nWITH collect(distinct substring(toString(coalesce(n.`triplet_source_id`, '')), 0, 52)) AS `triplet_source_id_values`\nRETURN {`triplet_source_id`: {values:`triplet_source_id_values`[..10], distinct_count: size(`triplet_source_id_values`)}} AS output" {} {}
2025-09-29 16:09:20,745 DEBUG neo4j.io: [#C952]  C: PULL {'n': 1000}
2025-09-29 16:09:20,745 DEBUG neo4j.io: [#C952]  S: SUCCESS {}
2025-09-29 16:09:20,745 DEBUG neo4j.io: [#C952]  _: <CONNECTION> server state: READY > TX_READY_OR_TX_STREAMING
2025-09-29 16:09:20,746 DEBUG neo4j.io: [#C952]  S: SUCCESS {'t_first': 1, 'fields': ['output'], 'qid': 0}
2025-09-29 16:09:20,748 DEBUG neo4j.io: [#C952]  S: RECORD * 1
2025-09-29 16:09:20,749 DEBUG neo4j.io: [#C952]  S: SUCCESS {'statuses': [{'gql_status': '00000', 'status_description': 'note: successful completion'}], 'type': 'r', 't_last': 2, 'db': 'demo'}
2025-09-29 16:09:20,749 DEBUG neo4j.io: [#C952]  C: COMMIT
2025-09-29 16:09:20,749 DEBUG neo4j.io: [#C952]  _: <CONNECTION> client state: TX_READY_OR_TX_STREAMING > READY
2025-09-29 16:09:20,750 DEBUG neo4j.io: [#C952]  S: SUCCESS {'bookmark': 'FB:kcwQzLoRLE7LTq2NdyMZ91NVySWQ'}
2025-09-29 16:09:20,750 DEBUG neo4j.io: [#C952]  _: <CONNECTION> server state: TX_READY_OR_TX_STREAMING > READY
2025-09-29 16:09:20,750 DEBUG neo4j.pool: [#C952]  _: <POOL> released bolt-57180
2025-09-29 16:09:20,750 DEBUG neo4j: [#0000]  _: <WORKSPACE> routing towards fixed database: demo
2025-09-29 16:09:20,750 DEBUG neo4j: [#0000]  _: <WORKSPACE> pinning database: 'demo'
2025-09-29 16:09:20,750 DEBUG neo4j.pool: [#0000]  _: <POOL> acquire direct connection, access_mode='WRITE', database=AcquisitionDatabase(name='demo', guessed=False)
2025-09-29 16:09:20,750 DEBUG neo4j.pool: [#C952]  _: <POOL> picked existing connection bolt-57180
2025-09-29 16:09:20,750 DEBUG neo4j.pool: [#C952]  _: <POOL> checked re_auth auth=None updated=False force=False
2025-09-29 16:09:20,750 DEBUG neo4j.pool: [#C952]  _: <POOL> handing out existing connection
2025-09-29 16:09:20,750 DEBUG neo4j.io: [#C952]  C: BEGIN {'db': 'demo', 'bookmarks': ['FB:kcwQzLoRLE7LTq2NdyMZ91NVySWQ']}
2025-09-29 16:09:20,750 DEBUG neo4j.io: [#C952]  _: <CONNECTION> client state: READY > TX_READY_OR_TX_STREAMING
2025-09-29 16:09:20,750 DEBUG neo4j.io: [#C952]  C: RUN "MATCH ()-[n:`Works at`]->()\nWITH collect(distinct substring(toString(coalesce(n.`triplet_source_id`, '')), 0, 52)) AS `triplet_source_id_values`\nRETURN {`triplet_source_id`: {values:`triplet_source_id_values`[..10], distinct_count: size(`triplet_source_id_values`)}} AS output" {} {}
2025-09-29 16:09:20,751 DEBUG neo4j.io: [#C952]  C: PULL {'n': 1000}
2025-09-29 16:09:20,752 DEBUG neo4j.io: [#C952]  S: SUCCESS {}
2025-09-29 16:09:20,752 DEBUG neo4j.io: [#C952]  _: <CONNECTION> server state: READY > TX_READY_OR_TX_STREAMING
2025-09-29 16:09:20,753 DEBUG neo4j.io: [#C952]  S: SUCCESS {'t_first': 1, 'fields': ['output'], 'qid': 0}
2025-09-29 16:09:20,756 DEBUG neo4j.io: [#C952]  S: RECORD * 1
2025-09-29 16:09:20,756 DEBUG neo4j.io: [#C952]  S: SUCCESS {'statuses': [{'gql_status': '00000', 'status_description': 'note: successful completion'}], 'type': 'r', 't_last': 2, 'db': 'demo'}
2025-09-29 16:09:20,756 DEBUG neo4j.io: [#C952]  C: COMMIT
2025-09-29 16:09:20,756 DEBUG neo4j.io: [#C952]  _: <CONNECTION> client state: TX_READY_OR_TX_STREAMING > READY
2025-09-29 16:09:20,758 DEBUG neo4j.io: [#C952]  S: SUCCESS {'bookmark': 'FB:kcwQzLoRLE7LTq2NdyMZ91NVySWQ'}
2025-09-29 16:09:20,758 DEBUG neo4j.io: [#C952]  _: <CONNECTION> server state: TX_READY_OR_TX_STREAMING > READY
2025-09-29 16:09:20,758 DEBUG neo4j.pool: [#C952]  _: <POOL> released bolt-57180
2025-09-29 16:09:20,758 DEBUG neo4j: [#0000]  _: <WORKSPACE> routing towards fixed database: demo
2025-09-29 16:09:20,759 DEBUG neo4j: [#0000]  _: <WORKSPACE> pinning database: 'demo'
2025-09-29 16:09:20,759 DEBUG neo4j.pool: [#0000]  _: <POOL> acquire direct connection, access_mode='WRITE', database=AcquisitionDatabase(name='demo', guessed=False)
2025-09-29 16:09:20,759 DEBUG neo4j.pool: [#C952]  _: <POOL> picked existing connection bolt-57180
2025-09-29 16:09:20,759 DEBUG neo4j.pool: [#C952]  _: <POOL> checked re_auth auth=None updated=False force=False
2025-09-29 16:09:20,759 DEBUG neo4j.pool: [#C952]  _: <POOL> handing out existing connection
2025-09-29 16:09:20,759 DEBUG neo4j.io: [#C952]  C: BEGIN {'db': 'demo', 'bookmarks': ['FB:kcwQzLoRLE7LTq2NdyMZ91NVySWQ']}
2025-09-29 16:09:20,759 DEBUG neo4j.io: [#C952]  _: <CONNECTION> client state: READY > TX_READY_OR_TX_STREAMING
2025-09-29 16:09:20,759 DEBUG neo4j.io: [#C952]  C: RUN "MATCH ()-[n:`SOURCE`]->()\nWITH collect(distinct substring(toString(coalesce(n.`triplet_source_id`, '')), 0, 52)) AS `triplet_source_id_values`\nRETURN {`triplet_source_id`: {values:`triplet_source_id_values`[..10], distinct_count: size(`triplet_source_id_values`)}} AS output" {} {}
2025-09-29 16:09:20,759 DEBUG neo4j.io: [#C952]  C: PULL {'n': 1000}
2025-09-29 16:09:20,760 DEBUG neo4j.io: [#C952]  S: SUCCESS {}
2025-09-29 16:09:20,760 DEBUG neo4j.io: [#C952]  _: <CONNECTION> server state: READY > TX_READY_OR_TX_STREAMING
2025-09-29 16:09:20,763 DEBUG neo4j.io: [#C952]  S: SUCCESS {'t_first': 3, 'fields': ['output'], 'qid': 0}
2025-09-29 16:09:20,765 DEBUG neo4j.io: [#C952]  S: RECORD * 1
2025-09-29 16:09:20,765 DEBUG neo4j.io: [#C952]  S: SUCCESS {'statuses': [{'gql_status': '00000', 'status_description': 'note: successful completion'}], 'type': 'r', 't_last': 1, 'db': 'demo'}
2025-09-29 16:09:20,765 DEBUG neo4j.io: [#C952]  C: COMMIT
2025-09-29 16:09:20,765 DEBUG neo4j.io: [#C952]  _: <CONNECTION> client state: TX_READY_OR_TX_STREAMING > READY
2025-09-29 16:09:20,766 DEBUG neo4j.io: [#C952]  S: SUCCESS {'bookmark': 'FB:kcwQzLoRLE7LTq2NdyMZ91NVySWQ'}
2025-09-29 16:09:20,766 DEBUG neo4j.io: [#C952]  _: <CONNECTION> server state: TX_READY_OR_TX_STREAMING > READY
2025-09-29 16:09:20,766 DEBUG neo4j.pool: [#C952]  _: <POOL> released bolt-57180
2025-09-29 16:09:20,766 DEBUG neo4j: [#0000]  _: <WORKSPACE> routing towards fixed database: demo
2025-09-29 16:09:20,766 DEBUG neo4j: [#0000]  _: <WORKSPACE> pinning database: 'demo'
2025-09-29 16:09:20,766 DEBUG neo4j.pool: [#0000]  _: <POOL> acquire direct connection, access_mode='WRITE', database=AcquisitionDatabase(name='demo', guessed=False)
2025-09-29 16:09:20,766 DEBUG neo4j.pool: [#C952]  _: <POOL> picked existing connection bolt-57180
2025-09-29 16:09:20,766 DEBUG neo4j.pool: [#C952]  _: <POOL> checked re_auth auth=None updated=False force=False
2025-09-29 16:09:20,766 DEBUG neo4j.pool: [#C952]  _: <POOL> handing out existing connection
2025-09-29 16:09:20,767 DEBUG neo4j.io: [#C952]  C: BEGIN {'db': 'demo', 'bookmarks': ['FB:kcwQzLoRLE7LTq2NdyMZ91NVySWQ']}
2025-09-29 16:09:20,767 DEBUG neo4j.io: [#C952]  _: <CONNECTION> client state: READY > TX_READY_OR_TX_STREAMING
2025-09-29 16:09:20,767 DEBUG neo4j.io: [#C952]  C: RUN "MATCH ()-[n:`SOURCE`]->()\nWITH collect(distinct substring(toString(coalesce(n.`triplet_source_id`, '')), 0, 52)) AS `triplet_source_id_values`\nRETURN {`triplet_source_id`: {values:`triplet_source_id_values`[..10], distinct_count: size(`triplet_source_id_values`)}} AS output" {} {}
2025-09-29 16:09:20,767 DEBUG neo4j.io: [#C952]  C: PULL {'n': 1000}
2025-09-29 16:09:20,768 DEBUG neo4j.io: [#C952]  S: SUCCESS {}
2025-09-29 16:09:20,769 DEBUG neo4j.io: [#C952]  _: <CONNECTION> server state: READY > TX_READY_OR_TX_STREAMING
2025-09-29 16:09:20,769 DEBUG neo4j.io: [#C952]  S: SUCCESS {'t_first': 1, 'fields': ['output'], 'qid': 0}
2025-09-29 16:09:20,773 DEBUG neo4j.io: [#C952]  S: RECORD * 1
2025-09-29 16:09:20,773 DEBUG neo4j.io: [#C952]  S: SUCCESS {'statuses': [{'gql_status': '00000', 'status_description': 'note: successful completion'}], 'type': 'r', 't_last': 3, 'db': 'demo'}
2025-09-29 16:09:20,773 DEBUG neo4j.io: [#C952]  C: COMMIT
2025-09-29 16:09:20,773 DEBUG neo4j.io: [#C952]  _: <CONNECTION> client state: TX_READY_OR_TX_STREAMING > READY
2025-09-29 16:09:20,775 DEBUG neo4j.io: [#C952]  S: SUCCESS {'bookmark': 'FB:kcwQzLoRLE7LTq2NdyMZ91NVySWQ'}
2025-09-29 16:09:20,775 DEBUG neo4j.io: [#C952]  _: <CONNECTION> server state: TX_READY_OR_TX_STREAMING > READY
2025-09-29 16:09:20,775 DEBUG neo4j.pool: [#C952]  _: <POOL> released bolt-57180
2025-09-29 16:09:20,775 DEBUG neo4j: [#0000]  _: <WORKSPACE> routing towards fixed database: demo
2025-09-29 16:09:20,775 DEBUG neo4j: [#0000]  _: <WORKSPACE> pinning database: 'demo'
2025-09-29 16:09:20,775 DEBUG neo4j.pool: [#0000]  _: <POOL> acquire direct connection, access_mode='WRITE', database=AcquisitionDatabase(name='demo', guessed=False)
2025-09-29 16:09:20,776 DEBUG neo4j.pool: [#C952]  _: <POOL> picked existing connection bolt-57180
2025-09-29 16:09:20,776 DEBUG neo4j.pool: [#C952]  _: <POOL> checked re_auth auth=None updated=False force=False
2025-09-29 16:09:20,776 DEBUG neo4j.pool: [#C952]  _: <POOL> handing out existing connection
2025-09-29 16:09:20,776 DEBUG neo4j.io: [#C952]  C: BEGIN {'db': 'demo', 'bookmarks': ['FB:kcwQzLoRLE7LTq2NdyMZ91NVySWQ']}
2025-09-29 16:09:20,776 DEBUG neo4j.io: [#C952]  _: <CONNECTION> client state: READY > TX_READY_OR_TX_STREAMING
2025-09-29 16:09:20,776 DEBUG neo4j.io: [#C952]  C: RUN "MATCH ()-[n:`Works at`]->()\nWITH collect(distinct substring(toString(coalesce(n.`triplet_source_id`, '')), 0, 52)) AS `triplet_source_id_values`\nRETURN {`triplet_source_id`: {values:`triplet_source_id_values`[..10], distinct_count: size(`triplet_source_id_values`)}} AS output" {} {}
2025-09-29 16:09:20,776 DEBUG neo4j.io: [#C952]  C: PULL {'n': 1000}
2025-09-29 16:09:20,777 DEBUG neo4j.io: [#C952]  S: SUCCESS {}
2025-09-29 16:09:20,777 DEBUG neo4j.io: [#C952]  _: <CONNECTION> server state: READY > TX_READY_OR_TX_STREAMING
2025-09-29 16:09:20,778 DEBUG neo4j.io: [#C952]  S: SUCCESS {'t_first': 1, 'fields': ['output'], 'qid': 0}
2025-09-29 16:09:20,780 DEBUG neo4j.io: [#C952]  S: RECORD * 1
2025-09-29 16:09:20,780 DEBUG neo4j.io: [#C952]  S: SUCCESS {'statuses': [{'gql_status': '00000', 'status_description': 'note: successful completion'}], 'type': 'r', 't_last': 1, 'db': 'demo'}
2025-09-29 16:09:20,780 DEBUG neo4j.io: [#C952]  C: COMMIT
2025-09-29 16:09:20,780 DEBUG neo4j.io: [#C952]  _: <CONNECTION> client state: TX_READY_OR_TX_STREAMING > READY
2025-09-29 16:09:20,781 DEBUG neo4j.io: [#C952]  S: SUCCESS {'bookmark': 'FB:kcwQzLoRLE7LTq2NdyMZ91NVySWQ'}
2025-09-29 16:09:20,781 DEBUG neo4j.io: [#C952]  _: <CONNECTION> server state: TX_READY_OR_TX_STREAMING > READY
2025-09-29 16:09:20,781 DEBUG neo4j.pool: [#C952]  _: <POOL> released bolt-57180
2025-09-29 16:09:20,781 DEBUG neo4j: [#0000]  _: <WORKSPACE> routing towards fixed database: demo
2025-09-29 16:09:20,781 DEBUG neo4j: [#0000]  _: <WORKSPACE> pinning database: 'demo'
2025-09-29 16:09:20,781 DEBUG neo4j.pool: [#0000]  _: <POOL> acquire direct connection, access_mode='WRITE', database=AcquisitionDatabase(name='demo', guessed=False)
2025-09-29 16:09:20,781 DEBUG neo4j.pool: [#C952]  _: <POOL> picked existing connection bolt-57180
2025-09-29 16:09:20,781 DEBUG neo4j.pool: [#C952]  _: <POOL> checked re_auth auth=None updated=False force=False
2025-09-29 16:09:20,781 DEBUG neo4j.pool: [#C952]  _: <POOL> handing out existing connection
2025-09-29 16:09:20,781 DEBUG neo4j.io: [#C952]  C: BEGIN {'db': 'demo', 'bookmarks': ['FB:kcwQzLoRLE7LTq2NdyMZ91NVySWQ']}
2025-09-29 16:09:20,781 DEBUG neo4j.io: [#C952]  _: <CONNECTION> client state: READY > TX_READY_OR_TX_STREAMING
2025-09-29 16:09:20,781 DEBUG neo4j.io: [#C952]  C: RUN "MATCH ()-[n:`Is based in`]->()\nWITH collect(distinct substring(toString(coalesce(n.`triplet_source_id`, '')), 0, 52)) AS `triplet_source_id_values`\nRETURN {`triplet_source_id`: {values:`triplet_source_id_values`[..10], distinct_count: size(`triplet_source_id_values`)}} AS output" {} {}
2025-09-29 16:09:20,781 DEBUG neo4j.io: [#C952]  C: PULL {'n': 1000}
2025-09-29 16:09:20,783 DEBUG neo4j.io: [#C952]  S: SUCCESS {}
2025-09-29 16:09:20,783 DEBUG neo4j.io: [#C952]  _: <CONNECTION> server state: READY > TX_READY_OR_TX_STREAMING
2025-09-29 16:09:20,783 DEBUG neo4j.io: [#C952]  S: SUCCESS {'t_first': 0, 'fields': ['output'], 'qid': 0}
2025-09-29 16:09:20,785 DEBUG neo4j.io: [#C952]  S: RECORD * 1
2025-09-29 16:09:20,785 DEBUG neo4j.io: [#C952]  S: SUCCESS {'statuses': [{'gql_status': '00000', 'status_description': 'note: successful completion'}], 'type': 'r', 't_last': 1, 'db': 'demo'}
2025-09-29 16:09:20,785 DEBUG neo4j.io: [#C952]  C: COMMIT
2025-09-29 16:09:20,785 DEBUG neo4j.io: [#C952]  _: <CONNECTION> client state: TX_READY_OR_TX_STREAMING > READY
2025-09-29 16:09:20,786 DEBUG neo4j.io: [#C952]  S: SUCCESS {'bookmark': 'FB:kcwQzLoRLE7LTq2NdyMZ91NVySWQ'}
2025-09-29 16:09:20,786 DEBUG neo4j.io: [#C952]  _: <CONNECTION> server state: TX_READY_OR_TX_STREAMING > READY
2025-09-29 16:09:20,786 DEBUG neo4j.pool: [#C952]  _: <POOL> released bolt-57180
2025-09-29 16:09:20,786 DEBUG neo4j: [#0000]  _: <WORKSPACE> routing towards fixed database: demo
2025-09-29 16:09:20,786 DEBUG neo4j: [#0000]  _: <WORKSPACE> pinning database: 'demo'
2025-09-29 16:09:20,786 DEBUG neo4j.pool: [#0000]  _: <POOL> acquire direct connection, access_mode='WRITE', database=AcquisitionDatabase(name='demo', guessed=False)
2025-09-29 16:09:20,786 DEBUG neo4j.pool: [#C952]  _: <POOL> picked existing connection bolt-57180
2025-09-29 16:09:20,786 DEBUG neo4j.pool: [#C952]  _: <POOL> checked re_auth auth=None updated=False force=False
2025-09-29 16:09:20,787 DEBUG neo4j.pool: [#C952]  _: <POOL> handing out existing connection
2025-09-29 16:09:20,787 DEBUG neo4j.io: [#C952]  C: BEGIN {'db': 'demo', 'bookmarks': ['FB:kcwQzLoRLE7LTq2NdyMZ91NVySWQ']}
2025-09-29 16:09:20,787 DEBUG neo4j.io: [#C952]  _: <CONNECTION> client state: READY > TX_READY_OR_TX_STREAMING
2025-09-29 16:09:20,787 DEBUG neo4j.io: [#C952]  C: RUN "MATCH ()-[n:`Is based in`]->()\nWITH collect(distinct substring(toString(coalesce(n.`triplet_source_id`, '')), 0, 52)) AS `triplet_source_id_values`\nRETURN {`triplet_source_id`: {values:`triplet_source_id_values`[..10], distinct_count: size(`triplet_source_id_values`)}} AS output" {} {}
2025-09-29 16:09:20,787 DEBUG neo4j.io: [#C952]  C: PULL {'n': 1000}
2025-09-29 16:09:20,788 DEBUG neo4j.io: [#C952]  S: SUCCESS {}
2025-09-29 16:09:20,789 DEBUG neo4j.io: [#C952]  _: <CONNECTION> server state: READY > TX_READY_OR_TX_STREAMING
2025-09-29 16:09:20,791 DEBUG neo4j.io: [#C952]  S: SUCCESS {'t_first': 2, 'fields': ['output'], 'qid': 0}
2025-09-29 16:09:20,793 DEBUG neo4j.io: [#C952]  S: RECORD * 1
2025-09-29 16:09:20,794 DEBUG neo4j.io: [#C952]  S: SUCCESS {'statuses': [{'gql_status': '00000', 'status_description': 'note: successful completion'}], 'type': 'r', 't_last': 1, 'db': 'demo'}
2025-09-29 16:09:20,794 DEBUG neo4j.io: [#C952]  C: COMMIT
2025-09-29 16:09:20,794 DEBUG neo4j.io: [#C952]  _: <CONNECTION> client state: TX_READY_OR_TX_STREAMING > READY
2025-09-29 16:09:20,795 DEBUG neo4j.io: [#C952]  S: SUCCESS {'bookmark': 'FB:kcwQzLoRLE7LTq2NdyMZ91NVySWQ'}
2025-09-29 16:09:20,795 DEBUG neo4j.io: [#C952]  _: <CONNECTION> server state: TX_READY_OR_TX_STREAMING > READY
2025-09-29 16:09:20,795 DEBUG neo4j.pool: [#C952]  _: <POOL> released bolt-57180
2025-09-29 16:09:20,795 DEBUG neo4j: [#0000]  _: <WORKSPACE> routing towards fixed database: demo
2025-09-29 16:09:20,795 DEBUG neo4j: [#0000]  _: <WORKSPACE> pinning database: 'demo'
2025-09-29 16:09:20,795 DEBUG neo4j.pool: [#0000]  _: <POOL> acquire direct connection, access_mode='WRITE', database=AcquisitionDatabase(name='demo', guessed=False)
2025-09-29 16:09:20,795 DEBUG neo4j.pool: [#C952]  _: <POOL> picked existing connection bolt-57180
2025-09-29 16:09:20,795 DEBUG neo4j.pool: [#C952]  _: <POOL> checked re_auth auth=None updated=False force=False
2025-09-29 16:09:20,795 DEBUG neo4j.pool: [#C952]  _: <POOL> handing out existing connection
2025-09-29 16:09:20,795 DEBUG neo4j.io: [#C952]  C: BEGIN {'db': 'demo', 'bookmarks': ['FB:kcwQzLoRLE7LTq2NdyMZ91NVySWQ']}
2025-09-29 16:09:20,795 DEBUG neo4j.io: [#C952]  _: <CONNECTION> client state: READY > TX_READY_OR_TX_STREAMING
2025-09-29 16:09:20,795 DEBUG neo4j.io: [#C952]  C: RUN "MATCH ()-[n:`Is based in`]->()\nWITH collect(distinct substring(toString(coalesce(n.`triplet_source_id`, '')), 0, 52)) AS `triplet_source_id_values`\nRETURN {`triplet_source_id`: {values:`triplet_source_id_values`[..10], distinct_count: size(`triplet_source_id_values`)}} AS output" {} {}
2025-09-29 16:09:20,795 DEBUG neo4j.io: [#C952]  C: PULL {'n': 1000}
2025-09-29 16:09:20,797 DEBUG neo4j.io: [#C952]  S: SUCCESS {}
2025-09-29 16:09:20,797 DEBUG neo4j.io: [#C952]  _: <CONNECTION> server state: READY > TX_READY_OR_TX_STREAMING
2025-09-29 16:09:20,798 DEBUG neo4j.io: [#C952]  S: SUCCESS {'t_first': 1, 'fields': ['output'], 'qid': 0}
2025-09-29 16:09:20,800 DEBUG neo4j.io: [#C952]  S: RECORD * 1
2025-09-29 16:09:20,800 DEBUG neo4j.io: [#C952]  S: SUCCESS {'statuses': [{'gql_status': '00000', 'status_description': 'note: successful completion'}], 'type': 'r', 't_last': 1, 'db': 'demo'}
2025-09-29 16:09:20,800 DEBUG neo4j.io: [#C952]  C: COMMIT
2025-09-29 16:09:20,800 DEBUG neo4j.io: [#C952]  _: <CONNECTION> client state: TX_READY_OR_TX_STREAMING > READY
2025-09-29 16:09:20,801 DEBUG neo4j.io: [#C952]  S: SUCCESS {'bookmark': 'FB:kcwQzLoRLE7LTq2NdyMZ91NVySWQ'}
2025-09-29 16:09:20,801 DEBUG neo4j.io: [#C952]  _: <CONNECTION> server state: TX_READY_OR_TX_STREAMING > READY
2025-09-29 16:09:20,801 DEBUG neo4j.pool: [#C952]  _: <POOL> released bolt-57180
2025-09-29 16:09:20,801 DEBUG neo4j: [#0000]  _: <WORKSPACE> routing towards fixed database: demo
2025-09-29 16:09:20,801 DEBUG neo4j: [#0000]  _: <WORKSPACE> pinning database: 'demo'
2025-09-29 16:09:20,801 DEBUG neo4j.pool: [#0000]  _: <POOL> acquire direct connection, access_mode='WRITE', database=AcquisitionDatabase(name='demo', guessed=False)
2025-09-29 16:09:20,801 DEBUG neo4j.pool: [#C952]  _: <POOL> picked existing connection bolt-57180
2025-09-29 16:09:20,801 DEBUG neo4j.pool: [#C952]  _: <POOL> checked re_auth auth=None updated=False force=False
2025-09-29 16:09:20,801 DEBUG neo4j.pool: [#C952]  _: <POOL> handing out existing connection
2025-09-29 16:09:20,801 DEBUG neo4j.io: [#C952]  C: BEGIN {'db': 'demo', 'bookmarks': ['FB:kcwQzLoRLE7LTq2NdyMZ91NVySWQ']}
2025-09-29 16:09:20,801 DEBUG neo4j.io: [#C952]  _: <CONNECTION> client state: READY > TX_READY_OR_TX_STREAMING
2025-09-29 16:09:20,801 DEBUG neo4j.io: [#C952]  C: RUN "MATCH ()-[n:`SOURCE`]->()\nWITH collect(distinct substring(toString(coalesce(n.`triplet_source_id`, '')), 0, 52)) AS `triplet_source_id_values`\nRETURN {`triplet_source_id`: {values:`triplet_source_id_values`[..10], distinct_count: size(`triplet_source_id_values`)}} AS output" {} {}
2025-09-29 16:09:20,802 DEBUG neo4j.io: [#C952]  C: PULL {'n': 1000}
2025-09-29 16:09:20,802 DEBUG neo4j.io: [#C952]  S: SUCCESS {}
2025-09-29 16:09:20,802 DEBUG neo4j.io: [#C952]  _: <CONNECTION> server state: READY > TX_READY_OR_TX_STREAMING
2025-09-29 16:09:20,804 DEBUG neo4j.io: [#C952]  S: SUCCESS {'t_first': 2, 'fields': ['output'], 'qid': 0}
2025-09-29 16:09:20,807 DEBUG neo4j.io: [#C952]  S: RECORD * 1
2025-09-29 16:09:20,807 DEBUG neo4j.io: [#C952]  S: SUCCESS {'statuses': [{'gql_status': '00000', 'status_description': 'note: successful completion'}], 'type': 'r', 't_last': 1, 'db': 'demo'}
2025-09-29 16:09:20,807 DEBUG neo4j.io: [#C952]  C: COMMIT
2025-09-29 16:09:20,807 DEBUG neo4j.io: [#C952]  _: <CONNECTION> client state: TX_READY_OR_TX_STREAMING > READY
2025-09-29 16:09:20,808 DEBUG neo4j.io: [#C952]  S: SUCCESS {'bookmark': 'FB:kcwQzLoRLE7LTq2NdyMZ91NVySWQ'}
2025-09-29 16:09:20,809 DEBUG neo4j.io: [#C952]  _: <CONNECTION> server state: TX_READY_OR_TX_STREAMING > READY
2025-09-29 16:09:20,809 DEBUG neo4j.pool: [#C952]  _: <POOL> released bolt-57180
2025-09-29 16:09:20,809 DEBUG neo4j: [#0000]  _: <WORKSPACE> routing towards fixed database: demo
2025-09-29 16:09:20,809 DEBUG neo4j: [#0000]  _: <WORKSPACE> pinning database: 'demo'
2025-09-29 16:09:20,809 DEBUG neo4j.pool: [#0000]  _: <POOL> acquire direct connection, access_mode='WRITE', database=AcquisitionDatabase(name='demo', guessed=False)
2025-09-29 16:09:20,809 DEBUG neo4j.pool: [#C952]  _: <POOL> picked existing connection bolt-57180
2025-09-29 16:09:20,809 DEBUG neo4j.pool: [#C952]  _: <POOL> checked re_auth auth=None updated=False force=False
2025-09-29 16:09:20,809 DEBUG neo4j.pool: [#C952]  _: <POOL> handing out existing connection
2025-09-29 16:09:20,809 DEBUG neo4j.io: [#C952]  C: BEGIN {'db': 'demo', 'bookmarks': ['FB:kcwQzLoRLE7LTq2NdyMZ91NVySWQ']}
2025-09-29 16:09:20,809 DEBUG neo4j.io: [#C952]  _: <CONNECTION> client state: READY > TX_READY_OR_TX_STREAMING
2025-09-29 16:09:20,809 DEBUG neo4j.io: [#C952]  C: RUN "MATCH ()-[n:`Is based in`]->()\nWITH collect(distinct substring(toString(coalesce(n.`triplet_source_id`, '')), 0, 52)) AS `triplet_source_id_values`\nRETURN {`triplet_source_id`: {values:`triplet_source_id_values`[..10], distinct_count: size(`triplet_source_id_values`)}} AS output" {} {}
2025-09-29 16:09:20,809 DEBUG neo4j.io: [#C952]  C: PULL {'n': 1000}
2025-09-29 16:09:20,810 DEBUG neo4j.io: [#C952]  S: SUCCESS {}
2025-09-29 16:09:20,810 DEBUG neo4j.io: [#C952]  _: <CONNECTION> server state: READY > TX_READY_OR_TX_STREAMING
2025-09-29 16:09:20,811 DEBUG neo4j.io: [#C952]  S: SUCCESS {'t_first': 1, 'fields': ['output'], 'qid': 0}
2025-09-29 16:09:20,813 DEBUG neo4j.io: [#C952]  S: RECORD * 1
2025-09-29 16:09:20,813 DEBUG neo4j.io: [#C952]  S: SUCCESS {'statuses': [{'gql_status': '00000', 'status_description': 'note: successful completion'}], 'type': 'r', 't_last': 2, 'db': 'demo'}
2025-09-29 16:09:20,813 DEBUG neo4j.io: [#C952]  C: COMMIT
2025-09-29 16:09:20,814 DEBUG neo4j.io: [#C952]  _: <CONNECTION> client state: TX_READY_OR_TX_STREAMING > READY
2025-09-29 16:09:20,814 DEBUG neo4j.io: [#C952]  S: SUCCESS {'bookmark': 'FB:kcwQzLoRLE7LTq2NdyMZ91NVySWQ'}
2025-09-29 16:09:20,814 DEBUG neo4j.io: [#C952]  _: <CONNECTION> server state: TX_READY_OR_TX_STREAMING > READY
2025-09-29 16:09:20,814 DEBUG neo4j.pool: [#C952]  _: <POOL> released bolt-57180
2025-09-29 16:09:20,814 DEBUG neo4j: [#0000]  _: <WORKSPACE> routing towards fixed database: demo
2025-09-29 16:09:20,814 DEBUG neo4j: [#0000]  _: <WORKSPACE> pinning database: 'demo'
2025-09-29 16:09:20,815 DEBUG neo4j.pool: [#0000]  _: <POOL> acquire direct connection, access_mode='WRITE', database=AcquisitionDatabase(name='demo', guessed=False)
2025-09-29 16:09:20,815 DEBUG neo4j.pool: [#C952]  _: <POOL> picked existing connection bolt-57180
2025-09-29 16:09:20,815 DEBUG neo4j.pool: [#C952]  _: <POOL> checked re_auth auth=None updated=False force=False
2025-09-29 16:09:20,815 DEBUG neo4j.pool: [#C952]  _: <POOL> handing out existing connection
2025-09-29 16:09:20,815 DEBUG neo4j.io: [#C952]  C: BEGIN {'db': 'demo', 'bookmarks': ['FB:kcwQzLoRLE7LTq2NdyMZ91NVySWQ']}
2025-09-29 16:09:20,815 DEBUG neo4j.io: [#C952]  _: <CONNECTION> client state: READY > TX_READY_OR_TX_STREAMING
2025-09-29 16:09:20,815 DEBUG neo4j.io: [#C952]  C: RUN 'CALL dbms.components()' {} {}
2025-09-29 16:09:20,815 DEBUG neo4j.io: [#C952]  C: PULL {'n': 1000}
2025-09-29 16:09:20,816 DEBUG neo4j.io: [#C952]  S: SUCCESS {}
2025-09-29 16:09:20,816 DEBUG neo4j.io: [#C952]  _: <CONNECTION> server state: READY > TX_READY_OR_TX_STREAMING
2025-09-29 16:09:20,817 DEBUG neo4j.io: [#C952]  S: SUCCESS {'t_first': 1, 'fields': ['name', 'versions', 'edition'], 'qid': 0}
2025-09-29 16:09:20,818 DEBUG neo4j.io: [#C952]  S: RECORD * 1
2025-09-29 16:09:20,818 DEBUG neo4j.io: [#C952]  S: RECORD * 1
2025-09-29 16:09:20,818 DEBUG neo4j.io: [#C952]  S: SUCCESS {'statuses': [{'gql_status': '00000', 'status_description': 'note: successful completion'}], 'type': 's', 't_last': 0, 'db': 'demo'}
2025-09-29 16:09:20,818 DEBUG neo4j.io: [#C952]  C: COMMIT
2025-09-29 16:09:20,818 DEBUG neo4j.io: [#C952]  _: <CONNECTION> client state: TX_READY_OR_TX_STREAMING > READY
2025-09-29 16:09:20,819 DEBUG neo4j.io: [#C952]  S: SUCCESS {'bookmark': 'FB:kcwQzLoRLE7LTq2NdyMZ91NVySWQ'}
2025-09-29 16:09:20,819 DEBUG neo4j.io: [#C952]  _: <CONNECTION> server state: TX_READY_OR_TX_STREAMING > READY
2025-09-29 16:09:20,820 DEBUG neo4j.pool: [#C952]  _: <POOL> released bolt-57180
2025-09-29 16:09:20,820 DEBUG neo4j: [#0000]  _: <WORKSPACE> routing towards fixed database: demo
2025-09-29 16:09:20,820 DEBUG neo4j: [#0000]  _: <WORKSPACE> pinning database: 'demo'
2025-09-29 16:09:20,820 DEBUG neo4j.pool: [#0000]  _: <POOL> acquire direct connection, access_mode='WRITE', database=AcquisitionDatabase(name='demo', guessed=False)
2025-09-29 16:09:20,820 DEBUG neo4j.pool: [#C952]  _: <POOL> picked existing connection bolt-57180
2025-09-29 16:09:20,820 DEBUG neo4j.pool: [#C952]  _: <POOL> checked re_auth auth=None updated=False force=False
2025-09-29 16:09:20,820 DEBUG neo4j.pool: [#C952]  _: <POOL> handing out existing connection
2025-09-29 16:09:20,820 DEBUG neo4j.io: [#C952]  C: BEGIN {'db': 'demo', 'bookmarks': ['FB:kcwQzLoRLE7LTq2NdyMZ91NVySWQ']}
2025-09-29 16:09:20,820 DEBUG neo4j.io: [#C952]  _: <CONNECTION> client state: READY > TX_READY_OR_TX_STREAMING
2025-09-29 16:09:20,820 DEBUG neo4j.io: [#C952]  C: RUN 'CREATE CONSTRAINT IF NOT EXISTS FOR (n:`__Node__`)\n                REQUIRE n.id IS UNIQUE;' {} {}
2025-09-29 16:09:20,820 DEBUG neo4j.io: [#C952]  C: PULL {'n': 1000}
2025-09-29 16:09:20,824 DEBUG neo4j.io: [#C952]  S: SUCCESS {}
2025-09-29 16:09:20,824 DEBUG neo4j.io: [#C952]  _: <CONNECTION> server state: READY > TX_READY_OR_TX_STREAMING
2025-09-29 16:09:20,837 DEBUG neo4j.io: [#C952]  S: SUCCESS {'t_first': 13, 'fields': [], 'qid': 0}
2025-09-29 16:09:20,839 DEBUG neo4j.io: [#C952]  S: SUCCESS {'statuses': [{'gql_status': '00001', 'status_description': 'note: successful completion - omitted result'}], 'type': 's', 't_last': 0, 'db': 'demo'}
2025-09-29 16:09:20,840 DEBUG neo4j.io: [#C952]  C: COMMIT
2025-09-29 16:09:20,840 DEBUG neo4j.io: [#C952]  _: <CONNECTION> client state: TX_READY_OR_TX_STREAMING > READY
2025-09-29 16:09:20,841 DEBUG neo4j.io: [#C952]  S: SUCCESS {'bookmark': 'FB:kcwQzLoRLE7LTq2NdyMZ91NVySWQ'}
2025-09-29 16:09:20,841 DEBUG neo4j.io: [#C952]  _: <CONNECTION> server state: TX_READY_OR_TX_STREAMING > READY
2025-09-29 16:09:20,841 DEBUG neo4j.pool: [#C952]  _: <POOL> released bolt-57180
2025-09-29 16:09:20,841 DEBUG neo4j: [#0000]  _: <WORKSPACE> routing towards fixed database: demo
2025-09-29 16:09:20,841 DEBUG neo4j: [#0000]  _: <WORKSPACE> pinning database: 'demo'
2025-09-29 16:09:20,841 DEBUG neo4j.pool: [#0000]  _: <POOL> acquire direct connection, access_mode='WRITE', database=AcquisitionDatabase(name='demo', guessed=False)
2025-09-29 16:09:20,841 DEBUG neo4j.pool: [#C952]  _: <POOL> picked existing connection bolt-57180
2025-09-29 16:09:20,841 DEBUG neo4j.pool: [#C952]  _: <POOL> checked re_auth auth=None updated=False force=False
2025-09-29 16:09:20,841 DEBUG neo4j.pool: [#C952]  _: <POOL> handing out existing connection
2025-09-29 16:09:20,841 DEBUG neo4j.io: [#C952]  C: BEGIN {'db': 'demo', 'bookmarks': ['FB:kcwQzLoRLE7LTq2NdyMZ91NVySWQ']}
2025-09-29 16:09:20,842 DEBUG neo4j.io: [#C952]  _: <CONNECTION> client state: READY > TX_READY_OR_TX_STREAMING
2025-09-29 16:09:20,842 DEBUG neo4j.io: [#C952]  C: RUN 'CREATE CONSTRAINT IF NOT EXISTS FOR (n:`__Entity__`)\n                REQUIRE n.id IS UNIQUE;' {} {}
2025-09-29 16:09:20,842 DEBUG neo4j.io: [#C952]  C: PULL {'n': 1000}
2025-09-29 16:09:20,843 DEBUG neo4j.io: [#C952]  S: SUCCESS {}
2025-09-29 16:09:20,843 DEBUG neo4j.io: [#C952]  _: <CONNECTION> server state: READY > TX_READY_OR_TX_STREAMING
2025-09-29 16:09:20,845 DEBUG neo4j.io: [#C952]  S: SUCCESS {'t_first': 2, 'fields': [], 'qid': 0}
2025-09-29 16:09:20,845 DEBUG neo4j.io: [#C952]  S: SUCCESS {'statuses': [{'gql_status': '00001', 'status_description': 'note: successful completion - omitted result'}], 'type': 's', 't_last': 0, 'db': 'demo'}
2025-09-29 16:09:20,846 DEBUG neo4j.io: [#C952]  C: COMMIT
2025-09-29 16:09:20,846 DEBUG neo4j.io: [#C952]  _: <CONNECTION> client state: TX_READY_OR_TX_STREAMING > READY
2025-09-29 16:09:20,846 DEBUG neo4j.io: [#C952]  S: SUCCESS {'bookmark': 'FB:kcwQzLoRLE7LTq2NdyMZ91NVySWQ'}
2025-09-29 16:09:20,846 DEBUG neo4j.io: [#C952]  _: <CONNECTION> server state: TX_READY_OR_TX_STREAMING > READY
2025-09-29 16:09:20,846 DEBUG neo4j.pool: [#C952]  _: <POOL> released bolt-57180
2025-09-29 16:09:20,846 DEBUG neo4j: [#0000]  _: <WORKSPACE> routing towards fixed database: demo
2025-09-29 16:09:20,846 DEBUG neo4j: [#0000]  _: <WORKSPACE> pinning database: 'demo'
2025-09-29 16:09:20,846 DEBUG neo4j.pool: [#0000]  _: <POOL> acquire direct connection, access_mode='WRITE', database=AcquisitionDatabase(name='demo', guessed=False)
2025-09-29 16:09:20,847 DEBUG neo4j.pool: [#C952]  _: <POOL> picked existing connection bolt-57180
2025-09-29 16:09:20,847 DEBUG neo4j.pool: [#C952]  _: <POOL> checked re_auth auth=None updated=False force=False
2025-09-29 16:09:20,847 DEBUG neo4j.pool: [#C952]  _: <POOL> handing out existing connection
2025-09-29 16:09:20,847 DEBUG neo4j.io: [#C952]  C: BEGIN {'db': 'demo', 'bookmarks': ['FB:kcwQzLoRLE7LTq2NdyMZ91NVySWQ']}
2025-09-29 16:09:20,847 DEBUG neo4j.io: [#C952]  _: <CONNECTION> client state: READY > TX_READY_OR_TX_STREAMING
2025-09-29 16:09:20,847 DEBUG neo4j.io: [#C952]  C: RUN 'CREATE VECTOR INDEX entity IF NOT EXISTS FOR (m:__Entity__) ON m.embedding' {} {}
2025-09-29 16:09:20,847 DEBUG neo4j.io: [#C952]  C: PULL {'n': 1000}
2025-09-29 16:09:20,848 DEBUG neo4j.io: [#C952]  S: SUCCESS {}
2025-09-29 16:09:20,848 DEBUG neo4j.io: [#C952]  _: <CONNECTION> server state: READY > TX_READY_OR_TX_STREAMING
2025-09-29 16:09:20,870 DEBUG neo4j.io: [#C952]  S: SUCCESS {'t_first': 21, 'fields': [], 'qid': 0}
2025-09-29 16:09:20,870 DEBUG neo4j.io: [#C952]  S: SUCCESS {'statuses': [{'gql_status': '00001', 'status_description': 'note: successful completion - omitted result'}], 'type': 's', 't_last': 0, 'db': 'demo'}
2025-09-29 16:09:20,870 DEBUG neo4j.io: [#C952]  C: COMMIT
2025-09-29 16:09:20,870 DEBUG neo4j.io: [#C952]  _: <CONNECTION> client state: TX_READY_OR_TX_STREAMING > READY
2025-09-29 16:09:20,871 DEBUG neo4j.io: [#C952]  S: SUCCESS {'bookmark': 'FB:kcwQzLoRLE7LTq2NdyMZ91NVySWQ'}
2025-09-29 16:09:20,872 DEBUG neo4j.io: [#C952]  _: <CONNECTION> server state: TX_READY_OR_TX_STREAMING > READY
2025-09-29 16:09:20,872 DEBUG neo4j.pool: [#C952]  _: <POOL> released bolt-57180
2025-09-29 16:09:21,034 DEBUG llama_index.core.node_parser.node_utils: > Adding chunk: Taro works at ACME. ACME is based in Tokyo.
2025-09-29 16:09:23,089 DEBUG asyncio: Using proactor: IocpProactor
2025-09-29 16:09:23,644 DEBUG openai._base_client: Request options: {'method': 'post', 'url': '/chat/completions', 'files': None, 'idempotency_key': 'stainless-python-retry-403ddc7a-dc7f-421f-9d0f-8e8c82e7ae04', 'json_data': {'messages': [{'role': 'user', 'content': "Some text is provided below. Given the text, extract up to 10 knowledge triplets in the form of (subject, predicate, object). Avoid stopwords.\n---------------------\nExample:Text: Alice is Bob's mother.Triplets:\n(Alice, is mother of, Bob)\nText: Philz is a coffee shop founded in Berkeley in 1982.\nTriplets:\n(Philz, is, coffee shop)\n(Philz, founded in, Berkeley)\n(Philz, founded in, 1982)\n---------------------\nText: Taro works at ACME. ACME is based in Tokyo.\nTriplets:\n"}], 'model': 'gpt-3.5-turbo', 'stream': False, 'temperature': 0.1}}
2025-09-29 16:09:23,645 DEBUG openai._base_client: Sending HTTP Request: POST https://api.openai.com/v1/chat/completions
2025-09-29 16:09:23,655 DEBUG httpcore.connection: connect_tcp.started host='api.openai.com' port=443 local_address=None timeout=60.0 socket_options=None
2025-09-29 16:09:23,711 DEBUG httpcore.connection: connect_tcp.complete return_value=<httpcore._backends.anyio.AnyIOStream object at 0x000001E6C4C37580>
2025-09-29 16:09:23,711 DEBUG httpcore.connection: start_tls.started ssl_context=<ssl.SSLContext object at 0x000001E6C3705040> server_hostname='api.openai.com' timeout=60.0
2025-09-29 16:09:23,737 DEBUG httpcore.connection: start_tls.complete return_value=<httpcore._backends.anyio.AnyIOStream object at 0x000001E6C4C361A0>
2025-09-29 16:09:23,738 DEBUG httpcore.http11: send_request_headers.started request=<Request [b'POST']>
2025-09-29 16:09:23,738 DEBUG httpcore.http11: send_request_headers.complete
2025-09-29 16:09:23,738 DEBUG httpcore.http11: send_request_body.started request=<Request [b'POST']>
2025-09-29 16:09:23,739 DEBUG httpcore.http11: send_request_body.complete
2025-09-29 16:09:23,739 DEBUG httpcore.http11: receive_response_headers.started request=<Request [b'POST']>
2025-09-29 16:09:24,994 DEBUG httpcore.http11: receive_response_headers.complete return_value=(b'HTTP/1.1', 200, b'OK', [(b'Date', b'Mon, 29 Sep 2025 07:09:27 GMT'), (b'Content-Type', b'application/json'), (b'Transfer-Encoding', b'chunked'), (b'Connection', b'keep-alive'), (b'access-control-expose-headers', b'X-Request-ID'), (b'openai-organization', b'ehime-university-computer-science-lab'), (b'openai-processing-ms', b'332'), (b'openai-project', b'proj_J2ozYACnCAyF9swBaMOIo4Ft'), (b'openai-version', b'2020-10-01'), (b'x-envoy-upstream-service-time', b'569'), (b'x-ratelimit-limit-requests', b'10000'), (b'x-ratelimit-limit-tokens', b'200000'), (b'x-ratelimit-remaining-requests', b'9999'), (b'x-ratelimit-remaining-tokens', b'199880'), (b'x-ratelimit-reset-requests', b'8.64s'), (b'x-ratelimit-reset-tokens', b'36ms'), (b'x-request-id', b'req_19323e65d5024e80903512a47811c27a'), (b'x-openai-proxy-wasm', b'v0.1'), (b'cf-cache-status', b'DYNAMIC'), (b'Set-Cookie', b'__cf_bm=pHdhjOSIIfiCfdq_rmH0Zzsxbt9e25fBGfl0KJGZKfQ-1759129767-1.0.1.1-gX4cmcFFVCht82mCetSjjK4ApgHYJnykKMq2QfqZYJ.MbxW5gPSMXcqWGRZ7OMSp7a44Yk8q2BpIc.aNbCbwHvgx980Bm0qZOHBxngMKKnk; path=/; expires=Mon, 29-Sep-25 07:39:27 GMT; domain=.api.openai.com; HttpOnly; Secure; SameSite=None'), (b'Strict-Transport-Security', b'max-age=31536000; includeSubDomains; preload'), (b'X-Content-Type-Options', b'nosniff'), (b'Set-Cookie', b'_cfuvid=i2xTaOfs5Ulbeo9.._6it55KehGLwzICbFiUxjJ4mjU-1759129767206-0.0.1.1-604800000; path=/; domain=.api.openai.com; HttpOnly; Secure; SameSite=None'), (b'Server', b'cloudflare'), (b'CF-RAY', b'9869a7ad4fb5962b-KIX'), (b'Content-Encoding', b'gzip'), (b'alt-svc', b'h3=":443"; ma=86400')])
2025-09-29 16:09:24,995 INFO httpx: HTTP Request: POST https://api.openai.com/v1/chat/completions "HTTP/1.1 200 OK"
2025-09-29 16:09:25,000 DEBUG httpcore.http11: receive_response_body.started request=<Request [b'POST']>
2025-09-29 16:09:25,001 DEBUG httpcore.http11: receive_response_body.complete
2025-09-29 16:09:25,001 DEBUG httpcore.http11: response_closed.started
2025-09-29 16:09:25,001 DEBUG httpcore.http11: response_closed.complete
2025-09-29 16:09:25,002 DEBUG openai._base_client: HTTP Response: POST https://api.openai.com/v1/chat/completions "200 OK" Headers([('date', 'Mon, 29 Sep 2025 07:09:27 GMT'), ('content-type', 'application/json'), ('transfer-encoding', 'chunked'), ('connection', 'keep-alive'), ('access-control-expose-headers', 'X-Request-ID'), ('openai-organization', 'ehime-university-computer-science-lab'), ('openai-processing-ms', '332'), ('openai-project', 'proj_J2ozYACnCAyF9swBaMOIo4Ft'), ('openai-version', '2020-10-01'), ('x-envoy-upstream-service-time', '569'), ('x-ratelimit-limit-requests', '10000'), ('x-ratelimit-limit-tokens', '200000'), ('x-ratelimit-remaining-requests', '9999'), ('x-ratelimit-remaining-tokens', '199880'), ('x-ratelimit-reset-requests', '8.64s'), ('x-ratelimit-reset-tokens', '36ms'), ('x-request-id', 'req_19323e65d5024e80903512a47811c27a'), ('x-openai-proxy-wasm', 'v0.1'), ('cf-cache-status', 'DYNAMIC'), ('set-cookie', '__cf_bm=pHdhjOSIIfiCfdq_rmH0Zzsxbt9e25fBGfl0KJGZKfQ-1759129767-1.0.1.1-gX4cmcFFVCht82mCetSjjK4ApgHYJnykKMq2QfqZYJ.MbxW5gPSMXcqWGRZ7OMSp7a44Yk8q2BpIc.aNbCbwHvgx980Bm0qZOHBxngMKKnk; path=/; expires=Mon, 29-Sep-25 07:39:27 GMT; domain=.api.openai.com; HttpOnly; Secure; SameSite=None'), ('strict-transport-security', 'max-age=31536000; includeSubDomains; preload'), ('x-content-type-options', 'nosniff'), ('set-cookie', '_cfuvid=i2xTaOfs5Ulbeo9.._6it55KehGLwzICbFiUxjJ4mjU-1759129767206-0.0.1.1-604800000; path=/; domain=.api.openai.com; HttpOnly; Secure; SameSite=None'), ('server', 'cloudflare'), ('cf-ray', '9869a7ad4fb5962b-KIX'), ('content-encoding', 'gzip'), ('alt-svc', 'h3=":443"; ma=86400')])
2025-09-29 16:09:25,002 DEBUG openai._base_client: request_id: req_19323e65d5024e80903512a47811c27a
2025-09-29 16:09:25,014 DEBUG neo4j: [#0000]  _: <WORKSPACE> routing towards fixed database: demo
2025-09-29 16:09:25,014 DEBUG neo4j: [#0000]  _: <WORKSPACE> pinning database: 'demo'
2025-09-29 16:09:25,014 DEBUG neo4j.pool: [#0000]  _: <POOL> acquire direct connection, access_mode='WRITE', database=AcquisitionDatabase(name='demo', guessed=False)
2025-09-29 16:09:25,014 DEBUG neo4j.pool: [#C952]  _: <POOL> picked existing connection bolt-57180
2025-09-29 16:09:25,014 DEBUG neo4j.pool: [#C952]  _: <POOL> checked re_auth auth=None updated=False force=False
2025-09-29 16:09:25,014 DEBUG neo4j.pool: [#C952]  _: <POOL> handing out existing connection
2025-09-29 16:09:25,014 DEBUG neo4j.io: [#C952]  C: BEGIN {'db': 'demo', 'bookmarks': ['FB:kcwQzLoRLE7LTq2NdyMZ91NVySWQ']}
2025-09-29 16:09:25,014 DEBUG neo4j.io: [#C952]  _: <CONNECTION> client state: READY > TX_READY_OR_TX_STREAMING
2025-09-29 16:09:25,014 DEBUG neo4j.io: [#C952]  C: RUN "MATCH (e: __Node__) WHERE e.id IS NOT NULL AND e.id in $ids \n        WITH e\n        RETURN e.id AS name,\n               [l in labels(e) WHERE l <> '__Entity__' | l][0] AS type,\n               e{.* , embedding: Null, id: Null} AS properties\n        " {'ids': ['Acme', 'Tokyo', 'Taro']} {}
2025-09-29 16:09:25,014 DEBUG neo4j.io: [#C952]  C: PULL {'n': 1000}
2025-09-29 16:09:25,015 DEBUG neo4j.io: [#C952]  S: SUCCESS {}
2025-09-29 16:09:25,015 DEBUG neo4j.io: [#C952]  _: <CONNECTION> server state: READY > TX_READY_OR_TX_STREAMING
2025-09-29 16:09:25,023 DEBUG neo4j.io: [#C952]  S: SUCCESS {'t_first': 7, 'fields': ['name', 'type', 'properties'], 'qid': 0}
2025-09-29 16:09:25,025 DEBUG neo4j.io: [#C952]  S: RECORD * 1
2025-09-29 16:09:25,026 DEBUG neo4j.io: [#C952]  S: RECORD * 1
2025-09-29 16:09:25,026 DEBUG neo4j.io: [#C952]  S: RECORD * 1
2025-09-29 16:09:25,026 DEBUG neo4j.io: [#C952]  S: SUCCESS {'statuses': [{'gql_status': '00000', 'status_description': 'note: successful completion'}], 'type': 'r', 't_last': 2, 'db': 'demo'}
2025-09-29 16:09:25,026 DEBUG neo4j.io: [#C952]  C: COMMIT
2025-09-29 16:09:25,026 DEBUG neo4j.io: [#C952]  _: <CONNECTION> client state: TX_READY_OR_TX_STREAMING > READY
2025-09-29 16:09:25,027 DEBUG neo4j.io: [#C952]  S: SUCCESS {'bookmark': 'FB:kcwQzLoRLE7LTq2NdyMZ91NVySWQ'}
2025-09-29 16:09:25,028 DEBUG neo4j.io: [#C952]  _: <CONNECTION> server state: TX_READY_OR_TX_STREAMING > READY
2025-09-29 16:09:25,028 DEBUG neo4j.pool: [#C952]  _: <POOL> released bolt-57180
2025-09-29 16:09:25,028 DEBUG neo4j: [#0000]  _: <WORKSPACE> routing towards fixed database: demo
2025-09-29 16:09:25,028 DEBUG neo4j: [#0000]  _: <WORKSPACE> pinning database: 'demo'
2025-09-29 16:09:25,028 DEBUG neo4j.pool: [#0000]  _: <POOL> acquire direct connection, access_mode='WRITE', database=AcquisitionDatabase(name='demo', guessed=False)
2025-09-29 16:09:25,028 DEBUG neo4j.pool: [#C952]  _: <POOL> picked existing connection bolt-57180
2025-09-29 16:09:25,029 DEBUG neo4j.pool: [#C952]  _: <POOL> checked re_auth auth=None updated=False force=False
2025-09-29 16:09:25,029 DEBUG neo4j.pool: [#C952]  _: <POOL> handing out existing connection
2025-09-29 16:09:25,029 DEBUG neo4j.io: [#C952]  C: BEGIN {'db': 'demo', 'bookmarks': ['FB:kcwQzLoRLE7LTq2NdyMZ91NVySWQ']}
2025-09-29 16:09:25,029 DEBUG neo4j.io: [#C952]  _: <CONNECTION> client state: READY > TX_READY_OR_TX_STREAMING
2025-09-29 16:09:25,029 DEBUG neo4j.io: [#C952]  C: RUN "MATCH (e: __Node__) WHERE e.id IS NOT NULL AND e.id in $ids \n        WITH e\n        RETURN e.id AS name,\n               [l in labels(e) WHERE l <> '__Entity__' | l][0] AS type,\n               e{.* , embedding: Null, id: Null} AS properties\n        " {'ids': ['9c0e068c-0007-434c-99d3-b2f5b19e6ec7']} {}
2025-09-29 16:09:25,029 DEBUG neo4j.io: [#C952]  C: PULL {'n': 1000}
2025-09-29 16:09:25,030 DEBUG neo4j.io: [#C952]  S: SUCCESS {}
2025-09-29 16:09:25,030 DEBUG neo4j.io: [#C952]  _: <CONNECTION> server state: READY > TX_READY_OR_TX_STREAMING
2025-09-29 16:09:25,031 DEBUG neo4j.io: [#C952]  S: SUCCESS {'t_first': 1, 'fields': ['name', 'type', 'properties'], 'qid': 0}
2025-09-29 16:09:25,032 DEBUG neo4j.io: [#C952]  S: SUCCESS {'statuses': [{'gql_status': '02000', 'status_description': 'note: no data'}], 'type': 'r', 't_last': 0, 'db': 'demo'}
2025-09-29 16:09:25,032 DEBUG neo4j.io: [#C952]  C: COMMIT
2025-09-29 16:09:25,032 DEBUG neo4j.io: [#C952]  _: <CONNECTION> client state: TX_READY_OR_TX_STREAMING > READY
2025-09-29 16:09:25,032 DEBUG neo4j.io: [#C952]  S: SUCCESS {'bookmark': 'FB:kcwQzLoRLE7LTq2NdyMZ91NVySWQ'}
2025-09-29 16:09:25,032 DEBUG neo4j.io: [#C952]  _: <CONNECTION> server state: TX_READY_OR_TX_STREAMING > READY
2025-09-29 16:09:25,032 DEBUG neo4j.pool: [#C952]  _: <POOL> released bolt-57180
2025-09-29 16:09:25,033 DEBUG asyncio: Using proactor: IocpProactor
2025-09-29 16:09:25,040 DEBUG openai._base_client: Request options: {'method': 'post', 'url': '/embeddings', 'files': None, 'idempotency_key': 'stainless-python-retry-df609503-4b3d-4a7e-95ea-2c15cfb97137', 'post_parser': <function AsyncEmbeddings.create.<locals>.parser at 0x000001E6C32AE200>, 'json_data': {'input': ['Taro works at ACME. ACME is based in Tokyo.'], 'model': 'text-embedding-ada-002', 'encoding_format': 'base64'}}
2025-09-29 16:09:25,040 DEBUG openai._base_client: Sending HTTP Request: POST https://api.openai.com/v1/embeddings
2025-09-29 16:09:25,040 DEBUG httpcore.connection: connect_tcp.started host='api.openai.com' port=443 local_address=None timeout=60.0 socket_options=None
2025-09-29 16:09:25,053 DEBUG httpcore.connection: connect_tcp.complete return_value=<httpcore._backends.anyio.AnyIOStream object at 0x000001E6C4C75BD0>
2025-09-29 16:09:25,053 DEBUG httpcore.connection: start_tls.started ssl_context=<ssl.SSLContext object at 0x000001E6C3704EC0> server_hostname='api.openai.com' timeout=60.0
2025-09-29 16:09:25,068 DEBUG httpcore.connection: start_tls.complete return_value=<httpcore._backends.anyio.AnyIOStream object at 0x000001E6C4C75D20>
2025-09-29 16:09:25,068 DEBUG httpcore.http11: send_request_headers.started request=<Request [b'POST']>
2025-09-29 16:09:25,068 DEBUG httpcore.http11: send_request_headers.complete
2025-09-29 16:09:25,068 DEBUG httpcore.http11: send_request_body.started request=<Request [b'POST']>
2025-09-29 16:09:25,069 DEBUG httpcore.http11: send_request_body.complete
2025-09-29 16:09:25,069 DEBUG httpcore.http11: receive_response_headers.started request=<Request [b'POST']>
2025-09-29 16:09:25,856 DEBUG httpcore.http11: receive_response_headers.complete return_value=(b'HTTP/1.1', 200, b'OK', [(b'Date', b'Mon, 29 Sep 2025 07:09:28 GMT'), (b'Content-Type', b'application/json'), (b'Transfer-Encoding', b'chunked'), (b'Connection', b'keep-alive'), (b'access-control-allow-origin', b'*'), (b'access-control-expose-headers', b'X-Request-ID'), (b'openai-model', b'text-embedding-ada-002-v2'), (b'openai-organization', b'ehime-university-computer-science-lab'), (b'openai-processing-ms', b'47'), (b'openai-project', b'proj_J2ozYACnCAyF9swBaMOIo4Ft'), (b'openai-version', b'2020-10-01'), (b'strict-transport-security', b'max-age=31536000; includeSubDomains; preload'), (b'via', b'envoy-router-547556b7bb-kz45x'), (b'x-envoy-upstream-service-time', b'188'), (b'x-ratelimit-limit-requests', b'3000'), (b'x-ratelimit-limit-tokens', b'1000000'), (b'x-ratelimit-remaining-requests', b'2999'), (b'x-ratelimit-remaining-tokens', b'999989'), (b'x-ratelimit-reset-requests', b'20ms'), (b'x-ratelimit-reset-tokens', b'0s'), (b'x-request-id', b'req_27a192a2d98d425a9e81e911685c47e0'), (b'x-openai-proxy-wasm', b'v0.1'), (b'cf-cache-status', b'DYNAMIC'), (b'Set-Cookie', b'__cf_bm=P3PznGIrIsRSlABYbT.GWN_YTpG3LQy2D3FGSdrABdM-1759129768-1.0.1.1-xTMmtVVjkiqUyiwVToswMb4oxU3g_7JFxCE.79nxAF2SqjscpxmDyV8WzUUti3uf_cAm5csAXmqd1oV043WCZnZgoHBpmEj0waWj2qT8SaQ; path=/; expires=Mon, 29-Sep-25 07:39:28 GMT; domain=.api.openai.com; HttpOnly; Secure; SameSite=None'), (b'X-Content-Type-Options', b'nosniff'), (b'Set-Cookie', b'_cfuvid=.19Ur2C946cfyNHpjcMZKOVuP7KY5GioP7ImWIbloPQ-1759129768068-0.0.1.1-604800000; path=/; domain=.api.openai.com; HttpOnly; Secure; SameSite=None'), (b'Server', b'cloudflare'), (b'CF-RAY', b'9869a7b59fd3d41e-KIX'), (b'Content-Encoding', b'gzip'), (b'alt-svc', b'h3=":443"; ma=86400')])
2025-09-29 16:09:25,857 INFO httpx: HTTP Request: POST https://api.openai.com/v1/embeddings "HTTP/1.1 200 OK"
2025-09-29 16:09:25,857 DEBUG httpcore.http11: receive_response_body.started request=<Request [b'POST']>
2025-09-29 16:09:25,858 DEBUG httpcore.http11: receive_response_body.complete
2025-09-29 16:09:25,859 DEBUG httpcore.http11: response_closed.started
2025-09-29 16:09:25,859 DEBUG httpcore.http11: response_closed.complete
2025-09-29 16:09:25,859 DEBUG openai._base_client: HTTP Response: POST https://api.openai.com/v1/embeddings "200 OK" Headers([('date', 'Mon, 29 Sep 2025 07:09:28 GMT'), ('content-type', 'application/json'), ('transfer-encoding', 'chunked'), ('connection', 'keep-alive'), ('access-control-allow-origin', '*'), ('access-control-expose-headers', 'X-Request-ID'), ('openai-model', 'text-embedding-ada-002-v2'), ('openai-organization', 'ehime-university-computer-science-lab'), ('openai-processing-ms', '47'), ('openai-project', 'proj_J2ozYACnCAyF9swBaMOIo4Ft'), ('openai-version', '2020-10-01'), ('strict-transport-security', 'max-age=31536000; includeSubDomains; preload'), ('via', 'envoy-router-547556b7bb-kz45x'), ('x-envoy-upstream-service-time', '188'), ('x-ratelimit-limit-requests', '3000'), ('x-ratelimit-limit-tokens', '1000000'), ('x-ratelimit-remaining-requests', '2999'), ('x-ratelimit-remaining-tokens', '999989'), ('x-ratelimit-reset-requests', '20ms'), ('x-ratelimit-reset-tokens', '0s'), ('x-request-id', 'req_27a192a2d98d425a9e81e911685c47e0'), ('x-openai-proxy-wasm', 'v0.1'), ('cf-cache-status', 'DYNAMIC'), ('set-cookie', '__cf_bm=P3PznGIrIsRSlABYbT.GWN_YTpG3LQy2D3FGSdrABdM-1759129768-1.0.1.1-xTMmtVVjkiqUyiwVToswMb4oxU3g_7JFxCE.79nxAF2SqjscpxmDyV8WzUUti3uf_cAm5csAXmqd1oV043WCZnZgoHBpmEj0waWj2qT8SaQ; path=/; expires=Mon, 29-Sep-25 07:39:28 GMT; domain=.api.openai.com; HttpOnly; Secure; SameSite=None'), ('x-content-type-options', 'nosniff'), ('set-cookie', '_cfuvid=.19Ur2C946cfyNHpjcMZKOVuP7KY5GioP7ImWIbloPQ-1759129768068-0.0.1.1-604800000; path=/; domain=.api.openai.com; HttpOnly; Secure; SameSite=None'), ('server', 'cloudflare'), ('cf-ray', '9869a7b59fd3d41e-KIX'), ('content-encoding', 'gzip'), ('alt-svc', 'h3=":443"; ma=86400')])
2025-09-29 16:09:25,860 DEBUG openai._base_client: request_id: req_27a192a2d98d425a9e81e911685c47e0
2025-09-29 16:09:25,866 DEBUG asyncio: Using proactor: IocpProactor
2025-09-29 16:09:25,874 DEBUG neo4j: [#0000]  _: <WORKSPACE> routing towards fixed database: demo
2025-09-29 16:09:25,874 DEBUG neo4j: [#0000]  _: <WORKSPACE> pinning database: 'demo'
2025-09-29 16:09:25,874 DEBUG neo4j.pool: [#0000]  _: <POOL> acquire direct connection, access_mode='WRITE', database=AcquisitionDatabase(name='demo', guessed=False)
2025-09-29 16:09:25,874 DEBUG neo4j.pool: [#C952]  _: <POOL> picked existing connection bolt-57180
2025-09-29 16:09:25,874 DEBUG neo4j.pool: [#C952]  _: <POOL> checked re_auth auth=None updated=False force=False
2025-09-29 16:09:25,874 DEBUG neo4j.pool: [#C952]  _: <POOL> handing out existing connection
2025-09-29 16:09:25,874 DEBUG neo4j.io: [#C952]  C: BEGIN {'db': 'demo', 'bookmarks': ['FB:kcwQzLoRLE7LTq2NdyMZ91NVySWQ']}
2025-09-29 16:09:25,874 DEBUG neo4j.io: [#C952]  _: <CONNECTION> client state: READY > TX_READY_OR_TX_STREAMING
2025-09-29 16:09:25,875 DEBUG neo4j.io: [#C952]  C: RUN "\n                    UNWIND $data AS row\n                    MERGE (c:__Node__ {id: row.id})\n                    SET c.text = row.text, c:Chunk\n                    WITH c, row\n                    SET c += row.properties\n                    WITH c, row.embedding AS embedding\n                    WHERE embedding IS NOT NULL\n                    CALL db.create.setNodeVectorProperty(c, 'embedding', embedding)\n                    RETURN count(*)\n                    " {'data': [{'label': 'text_chunk', 'embedding': [0.003121087094768882, -0.021350840106606483, -0.007564610801637173, -0.02883322723209858, -0.01300510112196207, 0.00016637519001960754, -0.0087500074878335, -0.001050925930030644, 0.0032170151825994253, -0.028997674584388733, 0.0200489591807127, -0.007249418646097183, 1.5015521057648584e-05, -0.036808956414461136, -0.006732092704623938, -0.012203416787087917, 0.014553654007613659, -0.01548552606254816, -0.013238068670034409, -0.028394699096679688, -0.004782697651535273, -0.0001789015077520162, -0.006139394361525774, -0.00753035070374608, -0.008386851288378239, 0.010682271793484688, 0.010154668241739273, -0.022008633241057396, 0.00825666356831789, -0.00824981089681387, 0.025475746020674706, 0.008311479352414608, -0.008057954721152782, -0.007249418646097183, -0.017308158800005913, -0.02551685832440853, 0.008811675012111664, 0.0041420357301831245, -0.01836336776614189, -0.01441661361604929, 0.0042516677640378475, -0.009373540058732033, 0.020158592611551285, -0.008407407440245152, -0.01101802010089159, -0.012778985314071178, 0.007112378720194101, -0.00398443965241313, -0.01729445531964302, 0.009681879542768002, -0.0037583233788609505, 0.012916024774312973, -0.0375489741563797, 0.0019425427308306098, -0.011189320124685764, -0.011298952624201775, -0.01562256645411253, 0.0021087038330733776, 0.01629406213760376, -0.019391167908906937, 0.01673259027302265, 0.010935796424746513, -0.019213015213608742, 0.005324006080627441, 0.008695191703736782, -0.007413866929709911, -0.012573424726724625, 0.0032666921615600586, -0.00616337638348341, 0.0016539021162316203, 0.012758429162204266, 0.013984937220811844, -0.0009310158784501255, -0.010867276228964329, 0.027517642825841904, -0.015293669886887074, -0.020103774964809418, -0.006300416309386492, -0.011038576252758503, 0.022214192897081375, 8.109987538773566e-05, -0.02833988331258297, 0.006362084299325943, 0.011353768408298492, 0.008585559204220772, 0.005485028028488159, -0.020857496187090874, -0.0015742476098239422, -0.004830661695450544, 0.006303842645138502, 0.018938934430480003, 0.027243562042713165, 0.005433638114482164, 0.027380602434277534, -0.03746674954891205, 0.0019511077553033829, -0.009448911994695663, 0.044044673442840576, -0.013477888889610767, -0.045305442065000534, -0.01441661361604929, -0.0020847218111157417, -0.011319508776068687, -0.02268012799322605, -0.017911134287714958, 0.0020710178650915623, 0.0022097709588706493, -0.02259790524840355, 0.018089286983013153, -0.02365311235189438, 0.013327145017683506, 0.024173865094780922, 0.00028735585510730743, -0.01721223071217537, -0.047991424798965454, 0.0027784870471805334, 0.0157184936106205, -0.006738944444805384, 0.014676989987492561, 0.010887832380831242, 0.021021943539381027, 0.03946753591299057, 0.017239639535546303, 0.023694224655628204, 0.03242367506027222, 0.000959280354436487, -0.02635280229151249, -0.022501977160573006, 0.025557970628142357, -0.020638231188058853, 0.028230251744389534, -0.0020967128220945597, 0.000603832711931318, 0.022981617599725723, -0.0035219292622059584, 0.008215551264584064, -0.014265869744122028, 0.022652721032500267, -0.006036614533513784, 0.0076947989873588085, 0.006523106712847948, -0.001323292963206768, -0.01143599208444357, 0.0158829428255558, -0.015170333907008171, 0.022762352600693703, 0.03242367506027222, 0.010442451573908329, 0.006605330388993025, 0.0013258624821901321, 0.012751576490700245, -0.015828125178813934, -0.009805215522646904, -0.006783482618629932, 0.031162908300757408, -0.0016145030967891216, 0.0230227280408144, 0.037083037197589874, -0.008427963592112064, 0.00437500374391675, 0.0004104777763132006, 0.021076759323477745, 0.016115909442305565, -0.014718101359903812, -0.004930016119033098, 0.029353979974985123, 0.02691466547548771, -0.000552014447748661, -0.004724455997347832, 0.0051869661547243595, -0.006351806223392487, 0.01412882935255766, -0.015636270865797997, 0.006526532582938671, -0.005909852217882872, 0.014498837292194366, 0.007914062589406967, 0.015293669886887074, -0.023118656128644943, -0.022145671769976616, 0.01607479900121689, -0.027024298906326294, 0.015773309394717216, 0.015430710278451443, 0.0034756783861666918, -0.006906818598508835, 0.01699296571314335, -0.0014920235844329, -0.0020316187292337418, 0.009654471650719643, 0.0020453226752579212, 0.025695009157061577, 0.00033125150366686285, 0.0038473994936794043, -0.6468290686607361, -0.0282028429210186, 0.0028555721510201693, -0.016527030616998672, 0.0014517680974677205, 0.021364543586969376, 0.013882157392799854, 0.008667782880365849, -0.009291315451264381, 0.0046662138774991035, -0.03017622046172619, 0.006098282523453236, 0.0023348198737949133, -0.008982975035905838, 0.012676204554736614, -0.018651152029633522, -0.005505584180355072, -0.008393703028559685, 0.013683449476957321, 0.024475352838635445, -0.02110416814684868, 0.0188567116856575, -0.004446949809789658, -0.024968696758151054, 0.011209876276552677, -0.010682271793484688, 0.011970448307693005, -0.010463007725775242, -0.0248042494058609, 0.023118656128644943, -0.028449514880776405, 0.047443266957998276, 0.006440882571041584, 0.0027870519552379847, 0.037932686507701874, 0.02359829656779766, -0.02174825593829155, 0.017034078016877174, 0.002297133905813098, 0.032697755843400955, -0.033547405153512955, -0.009585951454937458, 0.017500014975667, -0.010284855961799622, 0.007400162983685732, 0.0013198669767007232, 0.03576745465397835, -0.012155452743172646, -0.0004916312173008919, -0.0018311976455152035, -0.0029497870709747076, -0.03897419199347496, 0.0032632662914693356, -0.010970056056976318, 0.01913079060614109, 0.019733767956495285, 0.012415829114615917, 0.00356989330612123, -0.028888043016195297, -0.0031245131976902485, -0.015814421698451042, 0.0008213837863877416, -0.014046605676412582, -0.00966817606240511, -0.021789368242025375, 0.0013095890171825886, -0.01229934487491846, 0.006207914557307959, -0.019514502957463264, -0.031135499477386475, 0.01052467618137598, 0.005985224153846502, -0.016458509489893913, 0.018829302862286568, 0.0034003062173724174, 0.036589693278074265, 0.02416016161441803, -0.005073907785117626, -0.0016693191137164831, 0.01031226385384798, -0.003744619432836771, 0.0034910952672362328, 0.023995712399482727, -0.019281534478068352, 0.025544265285134315, -0.00042675129952840507, -0.04703214764595032, -0.0033437772653996944, 0.03749416023492813, -0.02040526457130909, 0.03450668603181839, 0.01321751344949007, -0.0013635485665872693, -0.002646585926413536, -0.0025986218824982643, 0.008578707464039326, -0.007263122592121363, -0.008688339032232761, 0.016239246353507042, -0.018089286983013153, -0.003837121417745948, -0.0057419780641794205, 0.01765075884759426, 0.002374219009652734, 0.006814316846430302, -0.013142140582203865, -0.015005885623395443, 0.009435207583010197, 0.025105737149715424, -0.01785631850361824, -0.0016230681212618947, -0.016129614785313606, -0.027257267385721207, -0.0068725585006177425, 0.0035596154630184174, -0.028449514880776405, 0.005450767930597067, -0.0023519499227404594, 0.012025265023112297, -0.021200096234679222, 0.015005885623395443, 0.006882836576551199, 0.03236886113882065, 0.009085755795240402, -0.005992076359689236, 0.010442451573908329, 0.014402909204363823, -0.026983186602592468, -0.0015142925549298525, -0.011614144779741764, -0.0035596154630184174, 0.004025551490485668, -0.007037006784230471, -0.025681305676698685, 0.03623339161276817, 0.014060309156775475, 0.01459476538002491, -0.0013661179691553116, 0.010010776109993458, -0.026544658467173576, -0.035109661519527435, -0.02458498626947403, -0.008126474916934967, 0.00970928743481636, -0.021021943539381027, -0.018089286983013153, 0.01693814992904663, 0.024571280926465988, -0.00885278731584549, 0.02218678407371044, 0.01615702174603939, -0.00825666356831789, -0.016184430569410324, 0.02133713662624359, -0.006300416309386492, -0.0031981721986085176, -0.011490808799862862, -0.02762727439403534, -0.011593588627874851, 0.0039810133166611195, 0.02174825593829155, 0.008585559204220772, -0.02713393047451973, -0.0015194315928965807, 0.008784267120063305, 0.004539451561868191, 0.0070575629360973835, 0.011203024536371231, 0.02167973667383194, -0.018267439678311348, -0.005580956116318703, -0.025736121460795403, -0.004683343693614006, -0.009866883978247643, 0.0017900856910273433, 0.024064233526587486, 0.008845935575664043, 0.011346916668117046, 0.0016864491626620293, -0.028394699096679688, -0.008811675012111664, 0.006331250537186861, 0.007537202909588814, 0.008194995112717152, 0.029600651934742928, -0.017678167670965195, 0.0298199150711298, 0.012025265023112297, -0.006656720768660307, 0.008092215284705162, -0.0273531936109066, 0.011552476324141026, -0.006111986469477415, 0.014896254055202007, 0.017390383407473564, -0.025201665237545967, 0.024763137102127075, 0.02167973667383194, -0.00476556783542037, 0.01328603271394968, -0.01998043991625309, 0.009825771674513817, 0.011168763972818851, -0.016828518360853195, -0.0057145701721310616, -0.014608469791710377, -0.004104349762201309, -0.03911123052239418, 0.029600651934742928, 0.006718388758599758, 0.007331642787903547, -0.021652327850461006, 0.00035330638638697565, 0.0046662138774991035, 0.013731413520872593, 0.041632767766714096, 0.003366046352311969, 0.02011748030781746, 0.0003336068766657263, 0.0034619744401425123, 0.008489631116390228, -0.002785339020192623, -0.006009206175804138, -0.03954976052045822, -0.01771927811205387, -0.0017935116775333881, 0.00871574692428112, 0.03039548359811306, -0.0062353224493563175, -0.015101813711225986, -0.009339279495179653, -0.035603005439043045, -0.006300416309386492, 0.02069304883480072, 0.015540341846644878, -0.0434965118765831, 0.017513718456029892, -0.00973669532686472, 0.017500014975667, 0.016184430569410324, 0.01034652441740036, 0.004895756021142006, 0.030285852029919624, -0.011991004459559917, 0.009558543562889099, -0.0003689375298563391, 0.03880974277853966, 0.012196565046906471, -0.011422288604080677, 0.016691477969288826, -0.0375489741563797, -0.0026088999584317207, -0.007537202909588814, -0.007598870899528265, 0.01765075884759426, 0.0001504228712292388, 0.012498052790760994, 0.012662501074373722, 0.03097105212509632, 0.020802680402994156, -0.0010560648515820503, 0.014375501312315464, 0.01423846185207367, 0.009174831211566925, 0.007598870899528265, 0.011237284168601036, 0.005649476312100887, -0.014252165332436562, 0.007324790582060814, -0.007317938841879368, -0.007290530949831009, -0.005265763960778713, -0.004135183524340391, -0.021501583978533745, 0.01841818355023861, 0.010175223462283611, -0.02606501802802086, -0.02990213967859745, -0.0076947989873588085, 0.021734552457928658, -0.03571263700723648, -0.060407254844903946, 0.015704790130257607, 0.008948715403676033, 0.005813924130052328, -0.004217407666146755, 0.0008106775349006057, 0.005481602158397436, -0.018020767718553543, 0.02167973667383194, 0.013484741561114788, 0.015499229542911053, 0.018089286983013153, 0.011737480759620667, -0.0158829428255558, 0.012847504578530788, 0.018760783597826958, -0.029025083407759666, -0.016910742968320847, -0.006279860623180866, 0.007290530949831009, -0.0030320112127810717, 0.004926589783281088, -0.015348485670983791, 0.03968679904937744, 0.01190878078341484, -0.012456940487027168, 0.0003147638635709882, -0.016883334144949913, -0.019226718693971634, 0.03193033114075661, -0.012361012399196625, -0.017253343015909195, -0.006601904518902302, 0.022899392992258072, 0.007948323152959347, -0.009901143610477448, -0.021487880498170853, 0.030696971341967583, 0.0013626919826492667, -0.017691871151328087, 0.008386851288378239, -0.02473573014140129, 0.012847504578530788, 0.09148793667554855, 0.005837906152009964, -0.010600048117339611, -0.009558543562889099, -0.005293171852827072, -0.0026448729913681746, -0.01644480600953102, -0.02096712775528431, -0.0003460261214058846, -0.012306196615099907, 0.012689908966422081, -0.018527815118432045, 0.006711536552757025, -0.000985831837169826, 0.015184037387371063, 0.008455371484160423, -0.0019665248692035675, 0.0036898034159094095, 0.0299843642860651, -0.002578065963461995, 0.010305412113666534, -0.011943040415644646, 0.01566367782652378, 0.0087500074878335, 0.011340063996613026, 0.006800612434744835, 0.026311689987778664, 0.021090464666485786, 0.0117237763479352, -0.016636662185192108, 0.01629406213760376, -0.00021080614533275366, -0.031628843396902084, 0.018253734335303307, -0.01473180577158928, 0.013340849429368973, 0.0017189962090924382, 0.03225922957062721, -0.018719671294093132, -0.0109152402728796, 0.01002447959035635, 0.03324591740965843, 0.011600440368056297, -0.01031226385384798, 0.003652117447927594, -0.018596334382891655, 0.0016110771102830768, 0.01714371144771576, 0.005464471876621246, -0.026106130331754684, 0.01785631850361824, 0.0039501795545220375, -0.022351233288645744, -0.011716924607753754, 0.006173654459416866, 0.018267439678311348, -0.013087324798107147, -0.009860032238066196, 0.008982975035905838, -0.009311871603131294, 0.007920915260910988, -0.01736297458410263, -0.013471037149429321, -0.017664462327957153, -0.018760783597826958, -0.04061867296695709, 0.008729451335966587, -0.01770557463169098, -0.021241208538413048, -0.011949892155826092, 0.012237676419317722, -0.023118656128644943, -0.025420930236577988, 0.032341454178094864, 0.01608850248157978, 0.003191320225596428, 0.031080683693289757, -0.009284463711082935, 0.014430317096412182, 0.00625587860122323, -0.014512541703879833, -0.005964668467640877, -0.0392482727766037, -0.011895076371729374, -0.022721240296959877, 0.011374324560165405, 0.022844577208161354, -0.017746686935424805, -0.0036966553889214993, 0.009359835647046566, 0.008112771436572075, -0.010051887482404709, 0.024119049310684204, -0.005981798283755779, -0.0031039572786539793, -0.00526233809068799, 0.009161127731204033, 0.0502936989068985, -0.01863744668662548, -0.007900359109044075, -0.0200489591807127, -0.010373932309448719, -0.0037480455357581377, -0.0014046605210751295, 0.0015708216233178973, -0.009133719839155674, 0.010778199881315231, 0.0057111443020403385, -0.010072443634271622, -0.015540341846644878, 0.02111787162721157, -0.0016744581516832113, 0.0027390881441533566, -0.007105526514351368, -0.005060203839093447, 0.03140958026051521, 0.007550906855612993, 0.01984339952468872, -0.02040526457130909, -0.02111787162721157, -0.0006997607415542006, -0.023625705391168594, 0.0218304805457592, 0.010572640225291252, 0.0010337958810850978, 0.01721223071217537, 0.018267439678311348, 0.0010586343705654144, 0.003922771662473679, -0.011627848260104656, -0.0042825015261769295, -0.004100923426449299, -0.014512541703879833, -0.033684443682432175, -0.020281927660107613, -0.01969265565276146, -0.012710465118288994, 0.005354839842766523, -0.011812852695584297, -0.019651543349027634, -0.0030474280938506126, 0.014676989987492561, 0.00022997033374849707, 0.019185608252882957, -0.03519188612699509, -0.018322255462408066, 0.014841437339782715, 0.013909565284848213, 0.009174831211566925, 0.023406440392136574, 0.007180898915976286, -0.007071266882121563, -0.015745902433991432, -0.006814316846430302, -0.010565788485109806, -0.02025452069938183, -0.016527030616998672, -0.008482779376208782, 0.005738552194088697, 0.01799335889518261, 0.033273324370384216, -0.0055227139964699745, 0.010785052552819252, -0.015554046258330345, -0.007084970828145742, 0.018472999334335327, -0.007619427051395178, 0.01673259027302265, -0.03606894239783287, -0.0063415286131203175, 0.02091231197118759, 0.020240815356373787, -0.026585770770907402, -0.02026822417974472, -0.027545049786567688, 0.0273531936109066, 0.010298560373485088, -0.002422182820737362, 0.007215158548206091, -0.035383742302656174, 0.01073708850890398, 0.0023759319446980953, 0.0012247954728081822, 0.011703220196068287, 0.0057419780641794205, -0.012737873010337353, 0.02621576189994812, 0.019802287220954895, 0.030724380165338516, -0.011771740391850471, 0.02529759332537651, -0.0005357409827411175, 0.005532992072403431, -0.015677381306886673, 0.00927761197090149, -0.010497268289327621, -0.012799540534615517, -0.008140179328620434, 0.008839083835482597, 0.018048174679279327, 0.006547088734805584, -0.005680310074239969, 0.011250988580286503, -0.008804823271930218, 0.002465008059516549, 0.021652327850461006, 0.012984544970095158, -0.004231111612170935, -0.004296205472201109, -0.010325968265533447, -0.020377855747938156, -0.01384789776057005, -0.02500980906188488, -0.03357481211423874, 0.009373540058732033, -0.004189999774098396, -0.014060309156775475, 0.009832623414695263, -0.022131968289613724, -0.011997856199741364, 0.0051081678830087185, -0.011271544732153416, 0.051472242921590805, 0.005827628076076508, 0.010113555938005447, 0.02324199303984642, 0.019733767956495285, -0.0012504904298111796, -0.012203416787087917, -0.0107028279453516, 0.00605717021971941, 0.0006235322216525674, 0.025818346068263054, -0.003686377312988043, -0.023009024560451508, 0.002679133089259267, 0.00885278731584549, -0.011456548236310482, -0.014197349548339844, 0.016965558752417564, -0.001284750527702272, 0.02266642451286316, -0.0277780182659626, 0.0019442557822912931, -0.011997856199741364, 0.014581061899662018, -0.013368257321417332, -0.012210268527269363, 0.00042974905227310956, -0.03521929308772087, -0.010600048117339611, 0.006927374750375748, -0.0029857601039111614, 0.016102205961942673, 0.010250596329569817, -0.02154269628226757, 0.010065591894090176, -0.020350446924567223, -0.018102990463376045, 0.005789942108094692, -0.00906519964337349, 0.0119361886754632, 0.03039548359811306, 0.0306695643812418, -0.006053744349628687, -0.004196851514279842, -0.021158983930945396, 0.0028607111889868975, -0.004912885837256908, 0.030422892421483994, 0.0038439733907580376, -0.003813139395788312, -0.02069304883480072, -0.00835944339632988, 0.01948709599673748, 0.011079688556492329, 0.005204095970839262, -0.006036614533513784, -0.02932657115161419, -0.006882836576551199, 0.019240424036979675, -0.001107454882003367, -0.02210456132888794, -0.005416508298367262, -0.005032795947045088, -0.04135868698358536, -0.014868846163153648, -0.003064558142796159, 0.014526245184242725, -0.022364936769008636, -0.015033293515443802, -0.0062318965792655945, -0.01321751344949007, 0.0063757882453501225, -0.005786516238003969, 0.001560543547384441, -0.008743155747652054, 0.00046550793922506273, -0.014457725919783115, 0.022145671769976616, 0.003203311236575246, 0.011388028040528297, -0.010682271793484688, -0.004655935801565647, -0.015458118170499802, -0.02161121554672718, 0.02487276867032051, -0.01175803691148758, -0.041550543159246445, -0.05051296204328537, 0.002105277730152011, 0.011867668479681015, -0.004731307737529278, 0.0047792717814445496, 0.018116695806384087, 0.003443131223320961, 0.0062353224493563175, -0.015965165570378304, -0.01586923748254776, -0.009106311947107315, -0.016252949833869934, 0.018952639773488045, 0.005433638114482164, -0.022570496425032616, -0.010750791989266872, 0.027010593563318253, -0.021912705153226852, -0.022652721032500267, -0.010127260349690914, -0.00614967243745923, -0.0052452078089118, 0.00903779175132513, -0.001862031756900251, -0.005882444325834513, -0.004309909883886576, 0.01828114315867424, -0.006817742716521025, -0.003398593282327056, 0.003443131223320961, -0.024269793182611465, -0.005091038066893816, 0.02013118378818035, -0.003614431479945779, 0.010373932309448719, -0.020788975059986115, 0.0048820520751178265, -0.0023879229556769133, 0.013765673153102398, -0.039440128952264786, -0.022282712161540985, -0.024763137102127075, 0.015554046258330345, 0.0030354370828717947, -0.04895070567727089, -0.025393521413207054, -0.026160946115851402, -0.036452654749155045, -0.01229934487491846, -0.02196752093732357, 0.013697152957320213, 0.024694617837667465, -0.012525460682809353, 0.009147423319518566, 0.029079899191856384, 0.009675027802586555, 0.003013168228790164, -0.009825771674513817, 0.012936580926179886, 0.013128437101840973, -0.019939327612519264, 0.01771927811205387, 0.006077726371586323, -0.010661715641617775, -0.004515469539910555, 0.012943432666361332, 0.0036658213939517736, -0.007639982737600803, 0.029847323894500732, 0.0017446911660954356, -0.004196851514279842, 0.001488597597926855, 0.001175118493847549, -0.02601020224392414, 0.011641552671790123, 0.01083986833691597, -0.032286636531353, -0.00407351553440094, 0.0054096560925245285, 0.005992076359689236, -0.01892523095011711, 0.005121871829032898, 0.006989042740315199, 0.0071740467101335526, 0.03700081259012222, 9.491094533586875e-05, -0.010175223462283611, 0.0018037896370515227, -0.015691086649894714, 0.020460080355405807, -0.011819704435765743, 0.012313048355281353, 0.008112771436572075, 0.031436987221241, -0.0032341452315449715, -0.01133321225643158, 0.0009361548582091928, -0.01607479900121689, -0.012271936982870102, 0.0022765779867768288, -0.011984152719378471, -0.004145461600273848, -0.010456155985593796, -0.0014783195219933987, -0.007578314747661352, 0.005234930198639631, 0.004878625739365816, -0.010778199881315231, -0.009613359346985817, 0.023187177255749702, 0.025379817932844162, -0.011627848260104656, 0.0015999425668269396, 0.006351806223392487, -0.010620604269206524, 0.01101802010089159, -0.025448337197303772, 0.016609255224466324, -0.005385674070566893, 0.00284186820499599, -0.0010029618861153722, -0.02424238622188568, -0.03541114926338196, 0.011278396472334862, 0.004426393657922745, -0.008277218788862228, -0.016472214832901955, 0.235489621758461, -0.011710072867572308, -0.0024204698856920004, 0.031848106533288956, -0.016705183312296867, 0.013087324798107147, 0.0030851142946630716, 0.0029052491299808025, 0.003991291392594576, 0.015814421698451042, -0.010373932309448719, 0.005008813925087452, 0.006845150608569384, -0.00032418538467027247, -0.013464185409247875, -0.04122164845466614, -0.02394089661538601, -0.00426879758015275, -0.016979262232780457, 0.008455371484160423, 0.024639802053570747, -0.010271151550114155, -0.0039536054246127605, -0.004378429614007473, 0.009380391798913479, -0.0022628738079220057, -0.02679133042693138, -0.005926982499659061, 0.014265869744122028, 0.003611005377024412, -0.011600440368056297, 0.006577922496944666, 0.0019117087358608842, -0.001038934919051826, 0.006118838209658861, -0.002504406962543726, 0.02472202479839325, -0.00317932921461761, 0.020583415403962135, -0.0019733768422156572, -0.002264586975798011, -0.012593980878591537, -0.01941857486963272, -0.001624781172722578, -0.014745509251952171, 0.014334389939904213, -0.007400162983685732, -0.008517039008438587, -0.027668386697769165, 0.025955386459827423, -0.04335947334766388, -0.013950677588582039, 0.026092426851391792, 0.008263515308499336, 0.01807558350265026, -0.0006800612900406122, 0.045661743730306625, -0.0044743577018380165, -0.0026226039044559, 0.007242566905915737, -0.007598870899528265, 0.0351644791662693, -0.011895076371729374, 0.01621183753013611, -0.021556399762630463, -0.012456940487027168, -0.018267439678311348, 0.002057313686236739, 0.023214584216475487, -0.021994927898049355, 0.03110809251666069, -0.006697832606732845, 0.02062452770769596, -0.00045565818436443806, -0.04492172971367836, -0.03615116700530052, 0.04741585999727249, 0.004546303767710924, 0.00903093907982111, 0.022351233288645744, 0.001598229631781578, 0.024119049310684204, 0.020007846876978874, 0.009448911994695663, -0.011984152719378471, -0.01734927110373974, 0.017088893800973892, 0.00467306561768055, 0.011600440368056297, -0.02373533695936203, -0.011250988580286503, -0.021981224417686462, 0.0028966842219233513, -0.018226327374577522, -0.01828114315867424, 0.00984632782638073, 0.008770563639700413, 0.005587808322161436, 0.016705183312296867, -0.01608850248157978, -0.03549337387084961, 0.01898004673421383, 0.008606115356087685, 0.012922876514494419, 0.00584818422794342, 0.0033026651944965124, 0.004186573438346386, -0.003939901478588581, 0.022584199905395508, -0.007920915260910988, 0.005142427980899811, -0.028504330664873123, 0.007037006784230471, 0.00342771434225142, -0.0010089573916047812, 0.012086932547390461, -0.009647619910538197, -0.00864037498831749, 0.030066587030887604, -0.006663572508841753, 0.02629798650741577, -0.015293669886887074, -0.040563855320215225, 0.013806785456836224, 0.014498837292194366, -0.019007455557584763, -0.004525747615844011, -0.02111787162721157, 0.010682271793484688, -0.024393130093812943, 0.026654290035367012, 0.011860816739499569, 0.017253343015909195, 0.0005777094629593194, -0.00921594351530075, 0.005248634144663811, 0.004196851514279842, -0.020309336483478546, -0.017198527231812477, 0.02648984268307686, -0.0022337527479976416, 0.014868846163153648, 0.0018860137788578868, 0.012128044851124287, -0.011716924607753754, -0.021090464666485786, 0.01807558350265026, 0.016527030616998672, -0.014183645136654377, -0.011388028040528297, -0.01828114315867424, -0.029134714975953102, -0.022269008681178093, -0.01115506049245596, 0.009551691822707653, -0.010791904293000698, -0.034479279071092606, -0.024283496662974358, 0.01814410276710987, 0.017609646543860435, -0.05618642270565033, -0.021775664761662483, 0.02946361154317856, -0.022337527945637703, -0.012415829114615917, -0.0015382745768874884, -0.1770557463169098, 0.01836336776614189, 0.022131968289613724, -0.021556399762630463, 0.0153347821906209, 0.02443424053490162, 0.01105228066444397, -0.010709679685533047, -0.018294846639037132, 0.032834798097610474, 0.06002354249358177, 0.01310788094997406, -0.009092607535421848, -0.014663285575807095, -0.002989186206832528, -0.01430698111653328, -0.0324510857462883, -0.0010706253815442324, 0.01821262389421463, 0.011072835884988308, 0.016129614785313606, -0.010846720077097416, 0.007006172556430101, 0.03472594916820526, 0.0070575629360973835, 0.02798357792198658, -0.0027014019433408976, -0.0033814632333815098, 0.019733767956495285, 0.003431140212342143, -0.002776774112135172, -0.015225149691104889, 0.044044673442840576, 0.007790727075189352, 0.0188567116856575, 0.0008530743070878088, -0.031053276732563972, -0.009654471650719643, 0.005992076359689236, 0.006108560133725405, 0.005162984132766724, 0.014553654007613659, 0.016485918313264847, -0.024913880974054337, -0.01140858419239521, 0.005646049976348877, 0.010860424488782883, -0.01671888679265976, 0.0014526245649904013, -0.008976123295724392, 0.017088893800973892, -0.02125491201877594, -0.0049985358491539955, 0.023694224655628204, 0.00736590288579464, 0.00963391549885273, 0.0021600937470793724, 0.01671888679265976, 0.001009813859127462, -0.02635280229151249, 0.011648404411971569, -0.011668960563838482, 0.009887440130114555, -0.01264194492250681, -0.02224159985780716, -0.018938934430480003, -0.0033848893363028765, 0.010634307749569416, -0.026092426851391792, 0.027106521651148796, 0.009167979471385479, 0.015745902433991432, -0.001471467548981309, -0.037521567195653915, -0.020734159275889397, 0.0027510791551321745, -0.007413866929709911, 0.031162908300757408, 0.0149099575355649, -0.026256874203681946, -0.020569711923599243, 0.025462042540311813, -0.005416508298367262, 0.006663572508841753, -0.0021361117251217365, 0.01595146209001541, 0.010223187506198883, 0.02062452770769596, -0.021720848977565765, -0.004741585813462734, 0.008284071460366249, -0.010874127969145775, -0.018897823989391327, -0.03360221907496452, -0.0012693335302174091, 0.03294442966580391, 0.006848576478660107, 0.01862374320626259, 0.013080473057925701, -0.006995894480496645, 0.009873735718429089, 0.009291315451264381, -0.025311296805739403, 0.03080660291016102, 0.013868452981114388, 0.022049743682146072, -0.028148027136921883, 0.02607872150838375, -0.004549729637801647, 0.001382391550578177, -0.043469104915857315, 0.0079414714127779, 0.020158592611551285, 0.02443424053490162, -0.013882157392799854, 0.017828911542892456, 0.003052567131817341, -0.012881765142083168, 0.022652721032500267, -0.0011794009478762746, 0.052047811448574066, 0.0031193741597235203, 0.012306196615099907, 0.015608862042427063, -0.010428748093545437, -0.007448127027601004, -0.09313242137432098, 0.0031416432466357946, -0.0031365042086690664, 0.005094463936984539, -0.031135499477386475, 0.027312083169817924, 0.010689124464988708, 0.026695402339100838, -0.02018599957227707, 0.017308158800005913, 0.006875984836369753, -0.03201255574822426, 0.0012410689378157258, -0.015787014737725258, 0.000602547952439636, -0.008558151312172413, 0.00953113567084074, -0.014293277636170387, -0.04426393657922745, 0.030148811638355255, -0.0214056558907032, -0.008030546829104424, 0.008743155747652054, -0.026174649596214294, 0.009812068194150925, 0.017760390415787697, -0.01721223071217537, -0.012354160659015179, 0.011915632523596287, 0.00032354300492443144, 0.0054062302224338055, -0.016759999096393585, 0.018335958942770958, -0.03203996270895004, 0.012162304483354092, 0.03127254173159599, -0.02451646514236927, 0.007811283227056265, 0.026119833812117577, -0.017924839630723, -0.005872166249901056, 0.0007652830681763589, 0.013402516953647137, -0.018664855509996414, 0.005892722401767969, -0.01101802010089159, -0.013491593301296234, 0.009880587458610535, 0.01016151998192072, -0.02762727439403534, -0.02918953076004982, 0.02509203366935253, -0.010038184002041817, 0.0009267333662137389, 0.03129994869232178, -0.0016598976217210293, 0.0048889038152992725, 0.011614144779741764, -0.041413504630327225, -0.006690980400890112, 0.003652117447927594, -0.02110416814684868, -0.0032427101396024227, 0.006214766297489405, 0.0276957955211401, 0.00871574692428112, -0.02011748030781746, -0.02224159985780716, 0.009791512042284012, -0.003439705353230238, -0.008277218788862228, 0.010778199881315231, -0.015745902433991432, -0.0011211589444428682, -0.024543873965740204, -0.028723595663905144, -0.021844184026122093, -0.015636270865797997, 0.005162984132766724, -0.01666407100856304, 0.005567252170294523, -0.02146047167479992, -0.01607479900121689, -0.014827733859419823, 0.00033617636654525995, 0.0077222068794071674, -0.005402803886681795, 0.01289546862244606, 0.029436202719807625, -0.03151921182870865, 0.022337527945637703, 0.010634307749569416, 0.01984339952468872, 0.003573319409042597, -0.010072443634271622, 0.01002447959035635, -0.010620604269206524, 0.006889688782393932, 0.014690693467855453, 0.0063757882453501225, -0.03480817377567291, -0.0383986234664917, -0.06249026581645012, 0.04415430501103401, -0.0067595005966722965, -0.021638624370098114, 0.009236499667167664, -0.023187177255749702, 0.036945998668670654, 0.01459476538002491, 0.006824594456702471, -0.005673458334058523, -0.021844184026122093, 0.00044923441600985825, -0.025763530284166336, -0.006135968491435051, -0.011847112327814102, -0.0051903920248150826, 0.010819312185049057, 0.027599867433309555, 0.02011748030781746, -0.006088004447519779, 0.016842221841216087, 0.0117237763479352, 0.010401340201497078, 0.013176401145756245, -0.021775664761662483, 0.009777807630598545, -0.022337527945637703, 0.01201156061142683, -0.026311689987778664, -0.004957424011081457, 0.0017121441196650267, -0.026585770770907402, 0.03025844320654869, 0.02352977730333805, 0.0007331642555072904, 0.017623350024223328, -0.004710751585662365, 0.019788583740592003, 0.009161127731204033, 0.019651543349027634, -0.03173847496509552, -0.0072768270038068295, 0.002190927742049098, -0.017075190320611, -0.0214056558907032, -0.028860634192824364, -0.01253916509449482, 0.00015170761616900563, 0.03965939208865166, 0.0010517823975533247, 0.006523106712847948, 0.010394487529993057, -0.028668779879808426, -0.025612786412239075, -0.015005885623395443, -0.01033967174589634, 0.03938531130552292, -0.023283105343580246, 0.0033369252923876047, -0.01955561526119709, 0.017911134287714958, -0.003943327348679304, 0.016266655176877975, -0.004796402063220739, 0.01947339065372944, 0.011586736887693405, -0.010017627850174904, -0.0010637734085321426, 0.017595943063497543, -0.028531739488244057, -0.015567749738693237, -0.007701650727540255, -0.0021087038330733776, -0.0055227139964699745, 0.006793760694563389, 0.016910742968320847, -0.00664301635697484, -0.007468682713806629, -0.03593190014362335, 0.0034585483372211456, -0.02691466547548771, -0.019610431045293808, -0.019171902909874916, 0.01700667105615139, 0.025242777541279793, 0.005748830270022154, -0.01863744668662548, -0.011977300979197025, -0.004649083595722914, 0.017445199191570282, -0.010641160421073437, 0.007194602862000465, -0.004378429614007473, -0.0002387494605500251, 0.00011123798321932554, 0.024173865094780922, 0.019815990701317787, -0.014827733859419823, 0.043386880308389664, 0.009688731282949448, 0.026174649596214294, -0.01948709599673748, -0.024543873965740204, -0.008105918765068054, -0.0242972020059824, 0.01282694935798645, -0.02812061831355095, -0.022584199905395508, -0.0030148811638355255, 0.018020767718553543, 0.01977488026022911, 0.013299737125635147, 0.019857103005051613, 0.012285640463232994, -0.0018431886564940214, 0.00278876512311399, -0.009880587458610535, 0.004522321745753288, -0.015266261994838715, 0.03102586790919304, 0.01211434043943882, -0.008085363544523716, 0.018240030854940414, -0.01721223071217537, 0.0015614001313224435, 0.010175223462283611, 0.018541518598794937, -0.024338312447071075, 0.018788190558552742, -0.008475927636027336, 0.031574029475450516, 0.00014410617586690933, -0.007235714700073004, -0.004906034097075462, -0.030724380165338516, 0.0016007991507649422, -0.008578707464039326, 0.03288961201906204, -0.008386851288378239, 0.0718638002872467, 0.01412882935255766, -0.00786609947681427, -0.00864722765982151, 0.01279268879443407, 0.03217700496315956, 0.021433064714074135, -0.005313728004693985, -0.014252165332436562, -0.013018804602324963, -0.0042825015261769295, -0.001205095904879272, -0.003086827229708433, -0.019322646781802177, -0.013272329233586788, -0.020158592611551285, 0.010812460444867611, 0.011463399976491928, -0.008105918765068054, -0.013745117001235485, 0.022022336721420288, 0.01836336776614189, 0.01913079060614109, 0.01080560777336359, -0.02806580252945423, -0.01566367782652378, 0.021076759323477745, 0.00457028578966856, 0.014320685528218746, -0.021487880498170853, 0.009462615475058556, -0.010278004221618176, -0.022214192897081375, -0.009901143610477448, -0.002240604953840375, 0.012251380831003189, -0.011586736887693405, 0.014457725919783115, 0.036041535437107086, 0.018952639773488045, -0.01680110953748226, 0.04327724874019623, -0.008503335528075695, -0.00774276303127408, 0.009990219958126545, -0.016883334144949913, 0.0008136752876453102, -0.014169941656291485, -0.0007314512622542679], 'properties': {'_node_content': '{"id_": "9c0e068c-0007-434c-99d3-b2f5b19e6ec7", "embedding": null, "metadata": {}, "excluded_embed_metadata_keys": [], "excluded_llm_metadata_keys": [], "relationships": {"1": {"node_id": "0b5b9981-da03-43af-a420-4a4cb42fe7ea", "node_type": "4", "metadata": {}, "hash": "b510e9a097d7a6e32ce8795d7cbf1c57c7a2c276a5cd4bb80483ef4eacd48ba9", "class_name": "RelatedNodeInfo"}}, "metadata_template": "{key}: {value}", "metadata_separator": "\\n", "text": "", "mimetype": "text/plain", "start_char_idx": 0, "end_char_idx": 43, "metadata_seperator": "\\n", "text_template": "{metadata_str}\\n\\n{content}", "class_name": "TextNode"}', '_node_type': 'TextNode', 'document_id': '0b5b9981-da03-43af-a420-4a4cb42fe7ea', 'doc_id': '0b5b9981-da03-43af-a420-4a4cb42fe7ea', 'ref_doc_id': '0b5b9981-da03-43af-a420-4a4cb42fe7ea'}, 'text': 'Taro works at ACME. ACME is based in Tokyo.', 'id_': '9c0e068c-0007-434c-99d3-b2f5b19e6ec7', 'id': '9c0e068c-0007-434c-99d3-b2f5b19e6ec7'}]} {}
2025-09-29 16:09:25,877 DEBUG neo4j.io: [#C952]  C: PULL {'n': 1000}
2025-09-29 16:09:25,882 DEBUG neo4j.io: [#C952]  S: SUCCESS {}
2025-09-29 16:09:25,882 DEBUG neo4j.io: [#C952]  _: <CONNECTION> server state: READY > TX_READY_OR_TX_STREAMING
2025-09-29 16:09:25,887 DEBUG neo4j.io: [#C952]  S: SUCCESS {'t_first': 5, 'fields': ['count(*)'], 'qid': 0}
2025-09-29 16:09:25,905 DEBUG neo4j.io: [#C952]  S: RECORD * 1
2025-09-29 16:09:25,905 DEBUG neo4j.io: [#C952]  S: SUCCESS {'stats': {'contains-updates': True, 'labels-added': 2, 'nodes-created': 1, 'properties-set': 7}, 'statuses': [{'gql_status': '00000', 'status_description': 'note: successful completion'}], 'type': 'rw', 't_last': 16, 'db': 'demo'}
2025-09-29 16:09:25,905 DEBUG neo4j.io: [#C952]  C: COMMIT
2025-09-29 16:09:25,905 DEBUG neo4j.io: [#C952]  _: <CONNECTION> client state: TX_READY_OR_TX_STREAMING > READY
2025-09-29 16:09:25,924 DEBUG neo4j.io: [#C952]  S: SUCCESS {'bookmark': 'FB:kcwQzLoRLE7LTq2NdyMZ91NVySaQ'}
2025-09-29 16:09:25,924 DEBUG neo4j.io: [#C952]  _: <CONNECTION> server state: TX_READY_OR_TX_STREAMING > READY
2025-09-29 16:09:25,924 DEBUG neo4j.pool: [#C952]  _: <POOL> released bolt-57180
2025-09-29 16:09:25,924 DEBUG neo4j: [#0000]  _: <WORKSPACE> routing towards fixed database: demo
2025-09-29 16:09:25,924 DEBUG neo4j: [#0000]  _: <WORKSPACE> pinning database: 'demo'
2025-09-29 16:09:25,924 DEBUG neo4j.pool: [#0000]  _: <POOL> acquire direct connection, access_mode='WRITE', database=AcquisitionDatabase(name='demo', guessed=False)
2025-09-29 16:09:25,925 DEBUG neo4j.pool: [#C952]  _: <POOL> picked existing connection bolt-57180
2025-09-29 16:09:25,925 DEBUG neo4j.pool: [#C952]  _: <POOL> checked re_auth auth=None updated=False force=False
2025-09-29 16:09:25,925 DEBUG neo4j.pool: [#C952]  _: <POOL> handing out existing connection
2025-09-29 16:09:25,925 DEBUG neo4j.io: [#C952]  C: BEGIN {'db': 'demo', 'bookmarks': ['FB:kcwQzLoRLE7LTq2NdyMZ91NVySaQ']}
2025-09-29 16:09:25,925 DEBUG neo4j.io: [#C952]  _: <CONNECTION> client state: READY > TX_READY_OR_TX_STREAMING
2025-09-29 16:09:25,925 DEBUG neo4j.io: [#C952]  C: RUN '\n                UNWIND $data AS row\n                MERGE (source: __Node__ {id: row.source_id})\n                ON CREATE SET source:Chunk\n                MERGE (target: __Node__ {id: row.target_id})\n                ON CREATE SET target:Chunk\n                WITH source, target, row\n                CALL apoc.merge.relationship(source, row.label, {}, row.properties, target) YIELD rel\n                RETURN count(*)\n                ' {'data': [{'label': 'Works at', 'source_id': 'Taro', 'target_id': 'Acme', 'properties': {'triplet_source_id': '9c0e068c-0007-434c-99d3-b2f5b19e6ec7'}}, {'label': 'Is based in', 'source_id': 'Acme', 'target_id': 'Tokyo', 'properties': {'triplet_source_id': '9c0e068c-0007-434c-99d3-b2f5b19e6ec7'}}, {'label': 'SOURCE', 'source_id': '9c0e068c-0007-434c-99d3-b2f5b19e6ec7', 'target_id': '0b5b9981-da03-43af-a420-4a4cb42fe7ea', 'properties': {'triplet_source_id': '9c0e068c-0007-434c-99d3-b2f5b19e6ec7'}}]} {}
2025-09-29 16:09:25,925 DEBUG neo4j.io: [#C952]  C: PULL {'n': 1000}
2025-09-29 16:09:25,928 DEBUG neo4j.io: [#C952]  S: SUCCESS {}
2025-09-29 16:09:25,929 DEBUG neo4j.io: [#C952]  _: <CONNECTION> server state: READY > TX_READY_OR_TX_STREAMING
2025-09-29 16:09:25,932 DEBUG neo4j.io: [#C952]  S: SUCCESS {'t_first': 2, 'fields': ['count(*)'], 'qid': 0}
2025-09-29 16:09:25,954 DEBUG neo4j.io: [#C952]  S: RECORD * 1
2025-09-29 16:09:25,954 DEBUG neo4j.io: [#C952]  S: SUCCESS {'stats': {'contains-updates': True, 'labels-added': 2, 'nodes-created': 1, 'properties-set': 1}, 'statuses': [{'gql_status': '00000', 'status_description': 'note: successful completion'}], 'type': 'rw', 't_last': 21, 'db': 'demo'}
2025-09-29 16:09:25,954 DEBUG neo4j.io: [#C952]  C: COMMIT
2025-09-29 16:09:25,954 DEBUG neo4j.io: [#C952]  _: <CONNECTION> client state: TX_READY_OR_TX_STREAMING > READY
2025-09-29 16:09:25,962 DEBUG neo4j.io: [#C952]  S: SUCCESS {'bookmark': 'FB:kcwQzLoRLE7LTq2NdyMZ91NVySeQ'}
2025-09-29 16:09:25,963 DEBUG neo4j.io: [#C952]  _: <CONNECTION> server state: TX_READY_OR_TX_STREAMING > READY
2025-09-29 16:09:25,963 DEBUG neo4j.pool: [#C952]  _: <POOL> released bolt-57180
2025-09-29 16:09:25,963 DEBUG neo4j: [#0000]  _: <WORKSPACE> routing towards fixed database: demo
2025-09-29 16:09:25,963 DEBUG neo4j: [#0000]  _: <WORKSPACE> pinning database: 'demo'
2025-09-29 16:09:25,963 DEBUG neo4j.pool: [#0000]  _: <POOL> acquire direct connection, access_mode='WRITE', database=AcquisitionDatabase(name='demo', guessed=False)
2025-09-29 16:09:25,964 DEBUG neo4j.pool: [#C952]  _: <POOL> picked existing connection bolt-57180
2025-09-29 16:09:25,964 DEBUG neo4j.pool: [#C952]  _: <POOL> checked re_auth auth=None updated=False force=False
2025-09-29 16:09:25,964 DEBUG neo4j.pool: [#C952]  _: <POOL> handing out existing connection
2025-09-29 16:09:25,964 DEBUG neo4j.io: [#C952]  C: BEGIN {'db': 'demo', 'bookmarks': ['FB:kcwQzLoRLE7LTq2NdyMZ91NVySeQ']}
2025-09-29 16:09:25,964 DEBUG neo4j.io: [#C952]  _: <CONNECTION> client state: READY > TX_READY_OR_TX_STREAMING
2025-09-29 16:09:25,964 DEBUG neo4j.io: [#C952]  C: RUN '\nCALL apoc.meta.data()\nYIELD label, other, elementType, type, property\nWHERE NOT type = "RELATIONSHIP" AND elementType = "node"\n  AND NOT label IN $EXCLUDED_LABELS\nWITH label AS nodeLabels, collect({property:property, type:type}) AS properties\nRETURN {labels: nodeLabels, properties: properties} AS output\n\n' {'EXCLUDED_LABELS': ['_Bloom_Perspective_', '_Bloom_Scene_', '__Entity__', '__Node__']} {}
2025-09-29 16:09:25,964 DEBUG neo4j.io: [#C952]  C: PULL {'n': 1000}
2025-09-29 16:09:25,967 DEBUG neo4j.io: [#C952]  S: SUCCESS {}
2025-09-29 16:09:25,967 DEBUG neo4j.io: [#C952]  _: <CONNECTION> server state: READY > TX_READY_OR_TX_STREAMING
2025-09-29 16:09:25,968 DEBUG neo4j.io: [#C952]  S: SUCCESS {'t_first': 1, 'fields': ['output'], 'qid': 0}
2025-09-29 16:09:25,974 DEBUG neo4j.io: [#C952]  S: RECORD * 1
2025-09-29 16:09:25,974 DEBUG neo4j.io: [#C952]  S: RECORD * 1
2025-09-29 16:09:25,974 DEBUG neo4j.io: [#C952]  S: SUCCESS {'statuses': [{'gql_status': '00000', 'status_description': 'note: successful completion'}], 'type': 'r', 't_last': 6, 'db': 'demo'}
2025-09-29 16:09:25,974 DEBUG neo4j.io: [#C952]  C: COMMIT
2025-09-29 16:09:25,974 DEBUG neo4j.io: [#C952]  _: <CONNECTION> client state: TX_READY_OR_TX_STREAMING > READY
2025-09-29 16:09:25,976 DEBUG neo4j.io: [#C952]  S: SUCCESS {'bookmark': 'FB:kcwQzLoRLE7LTq2NdyMZ91NVySeQ'}
2025-09-29 16:09:25,976 DEBUG neo4j.io: [#C952]  _: <CONNECTION> server state: TX_READY_OR_TX_STREAMING > READY
2025-09-29 16:09:25,976 DEBUG neo4j.pool: [#C952]  _: <POOL> released bolt-57180
2025-09-29 16:09:25,977 DEBUG neo4j: [#0000]  _: <WORKSPACE> routing towards fixed database: demo
2025-09-29 16:09:25,977 DEBUG neo4j: [#0000]  _: <WORKSPACE> pinning database: 'demo'
2025-09-29 16:09:25,977 DEBUG neo4j.pool: [#0000]  _: <POOL> acquire direct connection, access_mode='WRITE', database=AcquisitionDatabase(name='demo', guessed=False)
2025-09-29 16:09:25,977 DEBUG neo4j.pool: [#C952]  _: <POOL> picked existing connection bolt-57180
2025-09-29 16:09:25,977 DEBUG neo4j.pool: [#C952]  _: <POOL> checked re_auth auth=None updated=False force=False
2025-09-29 16:09:25,977 DEBUG neo4j.pool: [#C952]  _: <POOL> handing out existing connection
2025-09-29 16:09:25,977 DEBUG neo4j.io: [#C952]  C: BEGIN {'db': 'demo', 'bookmarks': ['FB:kcwQzLoRLE7LTq2NdyMZ91NVySeQ']}
2025-09-29 16:09:25,977 DEBUG neo4j.io: [#C952]  _: <CONNECTION> client state: READY > TX_READY_OR_TX_STREAMING
2025-09-29 16:09:25,978 DEBUG neo4j.io: [#C952]  C: RUN '\nCALL apoc.meta.data()\nYIELD label, other, elementType, type, property\nWHERE NOT type = "RELATIONSHIP" AND elementType = "relationship"\n      AND NOT label in $EXCLUDED_LABELS\nWITH label AS nodeLabels, collect({property:property, type:type}) AS properties\nRETURN {type: nodeLabels, properties: properties} AS output\n' {'EXCLUDED_LABELS': ['_Bloom_HAS_SCENE_']} {}
2025-09-29 16:09:25,978 DEBUG neo4j.io: [#C952]  C: PULL {'n': 1000}
2025-09-29 16:09:25,979 DEBUG neo4j.io: [#C952]  S: SUCCESS {}
2025-09-29 16:09:25,979 DEBUG neo4j.io: [#C952]  _: <CONNECTION> server state: READY > TX_READY_OR_TX_STREAMING
2025-09-29 16:09:25,980 DEBUG neo4j.io: [#C952]  S: SUCCESS {'t_first': 1, 'fields': ['output'], 'qid': 0}
2025-09-29 16:09:25,990 DEBUG neo4j.io: [#C952]  S: RECORD * 1
2025-09-29 16:09:25,990 DEBUG neo4j.io: [#C952]  S: RECORD * 1
2025-09-29 16:09:25,992 DEBUG neo4j.io: [#C952]  S: RECORD * 1
2025-09-29 16:09:25,992 DEBUG neo4j.io: [#C952]  S: SUCCESS {'statuses': [{'gql_status': '00000', 'status_description': 'note: successful completion'}], 'type': 'r', 't_last': 10, 'db': 'demo'}
2025-09-29 16:09:25,992 DEBUG neo4j.io: [#C952]  C: COMMIT
2025-09-29 16:09:25,992 DEBUG neo4j.io: [#C952]  _: <CONNECTION> client state: TX_READY_OR_TX_STREAMING > READY
2025-09-29 16:09:25,994 DEBUG neo4j.io: [#C952]  S: SUCCESS {'bookmark': 'FB:kcwQzLoRLE7LTq2NdyMZ91NVySeQ'}
2025-09-29 16:09:25,995 DEBUG neo4j.io: [#C952]  _: <CONNECTION> server state: TX_READY_OR_TX_STREAMING > READY
2025-09-29 16:09:25,995 DEBUG neo4j.pool: [#C952]  _: <POOL> released bolt-57180
2025-09-29 16:09:25,995 DEBUG neo4j: [#0000]  _: <WORKSPACE> routing towards fixed database: demo
2025-09-29 16:09:25,995 DEBUG neo4j: [#0000]  _: <WORKSPACE> pinning database: 'demo'
2025-09-29 16:09:25,995 DEBUG neo4j.pool: [#0000]  _: <POOL> acquire direct connection, access_mode='WRITE', database=AcquisitionDatabase(name='demo', guessed=False)
2025-09-29 16:09:25,995 DEBUG neo4j.pool: [#C952]  _: <POOL> picked existing connection bolt-57180
2025-09-29 16:09:25,995 DEBUG neo4j.pool: [#C952]  _: <POOL> checked re_auth auth=None updated=False force=False
2025-09-29 16:09:25,995 DEBUG neo4j.pool: [#C952]  _: <POOL> handing out existing connection
2025-09-29 16:09:25,996 DEBUG neo4j.io: [#C952]  C: BEGIN {'db': 'demo', 'bookmarks': ['FB:kcwQzLoRLE7LTq2NdyMZ91NVySeQ']}
2025-09-29 16:09:25,996 DEBUG neo4j.io: [#C952]  _: <CONNECTION> client state: READY > TX_READY_OR_TX_STREAMING
2025-09-29 16:09:25,996 DEBUG neo4j.io: [#C952]  C: RUN '\nCALL apoc.meta.data()\nYIELD label, other, elementType, type, property\nWHERE type = "RELATIONSHIP" AND elementType = "node"\nUNWIND other AS other_node\nWITH * WHERE NOT label IN $EXCLUDED_LABELS\n    AND NOT other_node IN $EXCLUDED_LABELS\nRETURN {start: label, type: property, end: toString(other_node)} AS output\n' {'EXCLUDED_LABELS': ['_Bloom_Perspective_', '_Bloom_Scene_', '__Entity__', '__Node__']} {}
2025-09-29 16:09:25,996 DEBUG neo4j.io: [#C952]  C: PULL {'n': 1000}
2025-09-29 16:09:25,999 DEBUG neo4j.io: [#C952]  S: SUCCESS {}
2025-09-29 16:09:25,999 DEBUG neo4j.io: [#C952]  _: <CONNECTION> server state: READY > TX_READY_OR_TX_STREAMING
2025-09-29 16:09:26,000 DEBUG neo4j.io: [#C952]  S: SUCCESS {'t_first': 1, 'fields': ['output'], 'qid': 0}
2025-09-29 16:09:26,004 DEBUG neo4j.io: [#C952]  S: RECORD * 1
2025-09-29 16:09:26,004 DEBUG neo4j.io: [#C952]  S: RECORD * 1
2025-09-29 16:09:26,005 DEBUG neo4j.io: [#C952]  S: RECORD * 1
2025-09-29 16:09:26,005 DEBUG neo4j.io: [#C952]  S: RECORD * 1
2025-09-29 16:09:26,005 DEBUG neo4j.io: [#C952]  S: SUCCESS {'statuses': [{'gql_status': '00000', 'status_description': 'note: successful completion'}], 'type': 'r', 't_last': 4, 'db': 'demo'}
2025-09-29 16:09:26,005 DEBUG neo4j.io: [#C952]  C: COMMIT
2025-09-29 16:09:26,005 DEBUG neo4j.io: [#C952]  _: <CONNECTION> client state: TX_READY_OR_TX_STREAMING > READY
2025-09-29 16:09:26,006 DEBUG neo4j.io: [#C952]  S: SUCCESS {'bookmark': 'FB:kcwQzLoRLE7LTq2NdyMZ91NVySeQ'}
2025-09-29 16:09:26,006 DEBUG neo4j.io: [#C952]  _: <CONNECTION> server state: TX_READY_OR_TX_STREAMING > READY
2025-09-29 16:09:26,006 DEBUG neo4j.pool: [#C952]  _: <POOL> released bolt-57180
2025-09-29 16:09:26,006 DEBUG neo4j: [#0000]  _: <WORKSPACE> routing towards fixed database: demo
2025-09-29 16:09:26,006 DEBUG neo4j: [#0000]  _: <WORKSPACE> pinning database: 'demo'
2025-09-29 16:09:26,006 DEBUG neo4j.pool: [#0000]  _: <POOL> acquire direct connection, access_mode='WRITE', database=AcquisitionDatabase(name='demo', guessed=False)
2025-09-29 16:09:26,006 DEBUG neo4j.pool: [#C952]  _: <POOL> picked existing connection bolt-57180
2025-09-29 16:09:26,006 DEBUG neo4j.pool: [#C952]  _: <POOL> checked re_auth auth=None updated=False force=False
2025-09-29 16:09:26,006 DEBUG neo4j.pool: [#C952]  _: <POOL> handing out existing connection
2025-09-29 16:09:26,006 DEBUG neo4j.io: [#C952]  C: BEGIN {'db': 'demo', 'bookmarks': ['FB:kcwQzLoRLE7LTq2NdyMZ91NVySeQ']}
2025-09-29 16:09:26,007 DEBUG neo4j.io: [#C952]  _: <CONNECTION> client state: READY > TX_READY_OR_TX_STREAMING
2025-09-29 16:09:26,007 DEBUG neo4j.io: [#C952]  C: RUN 'SHOW CONSTRAINTS' {} {}
2025-09-29 16:09:26,007 DEBUG neo4j.io: [#C952]  C: PULL {'n': 1000}
2025-09-29 16:09:26,008 DEBUG neo4j.io: [#C952]  S: SUCCESS {}
2025-09-29 16:09:26,009 DEBUG neo4j.io: [#C952]  _: <CONNECTION> server state: READY > TX_READY_OR_TX_STREAMING
2025-09-29 16:09:26,011 DEBUG neo4j.io: [#C952]  S: SUCCESS {'t_first': 2, 'fields': ['id', 'name', 'type', 'entityType', 'labelsOrTypes', 'properties', 'ownedIndex', 'propertyType'], 'qid': 0}
2025-09-29 16:09:26,013 DEBUG neo4j.io: [#C952]  S: RECORD * 1
2025-09-29 16:09:26,013 DEBUG neo4j.io: [#C952]  S: RECORD * 1
2025-09-29 16:09:26,014 DEBUG neo4j.io: [#C952]  S: SUCCESS {'statuses': [{'gql_status': '00000', 'status_description': 'note: successful completion'}], 'type': 'r', 't_last': 2, 'db': 'demo'}
2025-09-29 16:09:26,014 DEBUG neo4j.io: [#C952]  C: COMMIT
2025-09-29 16:09:26,014 DEBUG neo4j.io: [#C952]  _: <CONNECTION> client state: TX_READY_OR_TX_STREAMING > READY
2025-09-29 16:09:26,014 DEBUG neo4j.io: [#C952]  S: SUCCESS {'bookmark': 'FB:kcwQzLoRLE7LTq2NdyMZ91NVySeQ'}
2025-09-29 16:09:26,015 DEBUG neo4j.io: [#C952]  _: <CONNECTION> server state: TX_READY_OR_TX_STREAMING > READY
2025-09-29 16:09:26,015 DEBUG neo4j.pool: [#C952]  _: <POOL> released bolt-57180
2025-09-29 16:09:26,015 DEBUG neo4j: [#0000]  _: <WORKSPACE> routing towards fixed database: demo
2025-09-29 16:09:26,015 DEBUG neo4j: [#0000]  _: <WORKSPACE> pinning database: 'demo'
2025-09-29 16:09:26,015 DEBUG neo4j.pool: [#0000]  _: <POOL> acquire direct connection, access_mode='WRITE', database=AcquisitionDatabase(name='demo', guessed=False)
2025-09-29 16:09:26,015 DEBUG neo4j.pool: [#C952]  _: <POOL> picked existing connection bolt-57180
2025-09-29 16:09:26,015 DEBUG neo4j.pool: [#C952]  _: <POOL> checked re_auth auth=None updated=False force=False
2025-09-29 16:09:26,015 DEBUG neo4j.pool: [#C952]  _: <POOL> handing out existing connection
2025-09-29 16:09:26,015 DEBUG neo4j.io: [#C952]  C: BEGIN {'db': 'demo', 'bookmarks': ['FB:kcwQzLoRLE7LTq2NdyMZ91NVySeQ']}
2025-09-29 16:09:26,015 DEBUG neo4j.io: [#C952]  _: <CONNECTION> client state: READY > TX_READY_OR_TX_STREAMING
2025-09-29 16:09:26,015 DEBUG neo4j.io: [#C952]  C: RUN "CALL apoc.schema.nodes() YIELD label, properties, type, size, valuesSelectivity WHERE type = 'RANGE' RETURN *, size * valuesSelectivity as distinctValues" {} {}
2025-09-29 16:09:26,016 DEBUG neo4j.io: [#C952]  C: PULL {'n': 1000}
2025-09-29 16:09:26,017 DEBUG neo4j.io: [#C952]  S: SUCCESS {}
2025-09-29 16:09:26,017 DEBUG neo4j.io: [#C952]  _: <CONNECTION> server state: READY > TX_READY_OR_TX_STREAMING
2025-09-29 16:09:26,018 DEBUG neo4j.io: [#C952]  S: SUCCESS {'t_first': 1, 'fields': ['label', 'properties', 'size', 'type', 'valuesSelectivity', 'distinctValues'], 'qid': 0}
2025-09-29 16:09:26,020 DEBUG neo4j.io: [#C952]  S: RECORD * 1
2025-09-29 16:09:26,020 DEBUG neo4j.io: [#C952]  S: RECORD * 1
2025-09-29 16:09:26,020 DEBUG neo4j.io: [#C952]  S: SUCCESS {'statuses': [{'gql_status': '00000', 'status_description': 'note: successful completion'}], 'type': 'rw', 't_last': 1, 'db': 'demo'}
2025-09-29 16:09:26,020 DEBUG neo4j.io: [#C952]  C: COMMIT
2025-09-29 16:09:26,020 DEBUG neo4j.io: [#C952]  _: <CONNECTION> client state: TX_READY_OR_TX_STREAMING > READY
2025-09-29 16:09:26,021 DEBUG neo4j.io: [#C952]  S: SUCCESS {'bookmark': 'FB:kcwQzLoRLE7LTq2NdyMZ91NVySeQ'}
2025-09-29 16:09:26,021 DEBUG neo4j.io: [#C952]  _: <CONNECTION> server state: TX_READY_OR_TX_STREAMING > READY
2025-09-29 16:09:26,021 DEBUG neo4j.pool: [#C952]  _: <POOL> released bolt-57180
2025-09-29 16:09:26,021 DEBUG neo4j: [#0000]  _: <WORKSPACE> routing towards fixed database: demo
2025-09-29 16:09:26,021 DEBUG neo4j: [#0000]  _: <WORKSPACE> pinning database: 'demo'
2025-09-29 16:09:26,022 DEBUG neo4j.pool: [#0000]  _: <POOL> acquire direct connection, access_mode='WRITE', database=AcquisitionDatabase(name='demo', guessed=False)
2025-09-29 16:09:26,022 DEBUG neo4j.pool: [#C952]  _: <POOL> picked existing connection bolt-57180
2025-09-29 16:09:26,022 DEBUG neo4j.pool: [#C952]  _: <POOL> checked re_auth auth=None updated=False force=False
2025-09-29 16:09:26,022 DEBUG neo4j.pool: [#C952]  _: <POOL> handing out existing connection
2025-09-29 16:09:26,022 DEBUG neo4j.io: [#C952]  C: BEGIN {'db': 'demo', 'bookmarks': ['FB:kcwQzLoRLE7LTq2NdyMZ91NVySeQ']}
2025-09-29 16:09:26,022 DEBUG neo4j.io: [#C952]  _: <CONNECTION> client state: READY > TX_READY_OR_TX_STREAMING
2025-09-29 16:09:26,022 DEBUG neo4j.io: [#C952]  C: RUN "CALL apoc.meta.subGraph({}) YIELD nodes, relationships RETURN nodes, [rel in relationships | {name:apoc.any.property(rel, 'type'), count: apoc.any.property(rel, 'count')}] AS relationships" {} {}
2025-09-29 16:09:26,022 DEBUG neo4j.io: [#C952]  C: PULL {'n': 1000}
2025-09-29 16:09:26,023 DEBUG neo4j.io: [#C952]  S: SUCCESS {}
2025-09-29 16:09:26,023 DEBUG neo4j.io: [#C952]  _: <CONNECTION> server state: READY > TX_READY_OR_TX_STREAMING
2025-09-29 16:09:26,025 DEBUG neo4j.io: [#C952]  S: SUCCESS {'t_first': 2, 'fields': ['nodes', 'relationships'], 'qid': 0}
2025-09-29 16:09:26,035 DEBUG neo4j.io: [#C952]  S: RECORD * 1
2025-09-29 16:09:26,036 DEBUG neo4j.io: [#C952]  S: SUCCESS {'statuses': [{'gql_status': '00000', 'status_description': 'note: successful completion'}], 'type': 'r', 't_last': 9, 'db': 'demo'}
2025-09-29 16:09:26,036 DEBUG neo4j.io: [#C952]  C: COMMIT
2025-09-29 16:09:26,036 DEBUG neo4j.io: [#C952]  _: <CONNECTION> client state: TX_READY_OR_TX_STREAMING > READY
2025-09-29 16:09:26,036 DEBUG neo4j.io: [#C952]  S: SUCCESS {'bookmark': 'FB:kcwQzLoRLE7LTq2NdyMZ91NVySeQ'}
2025-09-29 16:09:26,037 DEBUG neo4j.io: [#C952]  _: <CONNECTION> server state: TX_READY_OR_TX_STREAMING > READY
2025-09-29 16:09:26,037 DEBUG neo4j.pool: [#C952]  _: <POOL> released bolt-57180
2025-09-29 16:09:26,037 DEBUG neo4j: [#0000]  _: <WORKSPACE> routing towards fixed database: demo
2025-09-29 16:09:26,037 DEBUG neo4j: [#0000]  _: <WORKSPACE> pinning database: 'demo'
2025-09-29 16:09:26,037 DEBUG neo4j.pool: [#0000]  _: <POOL> acquire direct connection, access_mode='WRITE', database=AcquisitionDatabase(name='demo', guessed=False)
2025-09-29 16:09:26,037 DEBUG neo4j.pool: [#C952]  _: <POOL> picked existing connection bolt-57180
2025-09-29 16:09:26,037 DEBUG neo4j.pool: [#C952]  _: <POOL> checked re_auth auth=None updated=False force=False
2025-09-29 16:09:26,037 DEBUG neo4j.pool: [#C952]  _: <POOL> handing out existing connection
2025-09-29 16:09:26,037 DEBUG neo4j.io: [#C952]  C: BEGIN {'db': 'demo', 'bookmarks': ['FB:kcwQzLoRLE7LTq2NdyMZ91NVySeQ']}
2025-09-29 16:09:26,037 DEBUG neo4j.io: [#C952]  _: <CONNECTION> client state: READY > TX_READY_OR_TX_STREAMING
2025-09-29 16:09:26,038 DEBUG neo4j.io: [#C952]  C: RUN "MATCH (n:`Chunk`)\nWITH collect(distinct substring(toString(coalesce(n.`id`, '')), 0, 52)) AS `id_values`,\n     min(size(coalesce(n.`embedding`, []))) AS `embedding_size_min`, max(size(coalesce(n.`embedding`, []))) AS `embedding_size_max`, collect(n.`embedding`)[0][..3] AS `embedding_values`,\n     collect(distinct substring(toString(coalesce(n.`text`, '')), 0, 52)) AS `text_values`,\n     collect(distinct substring(toString(coalesce(n.`document_id`, '')), 0, 52)) AS `document_id_values`,\n     collect(distinct substring(toString(coalesce(n.`ref_doc_id`, '')), 0, 52)) AS `ref_doc_id_values`,\n     collect(distinct substring(toString(coalesce(n.`_node_type`, '')), 0, 52)) AS `_node_type_values`,\n     collect(distinct substring(toString(coalesce(n.`doc_id`, '')), 0, 52)) AS `doc_id_values`,\n     collect(distinct substring(toString(coalesce(n.`_node_content`, '')), 0, 52)) AS `_node_content_values`\nRETURN {`id`: {values:`id_values`[..10], distinct_count: size(`id_values`)}, `embedding`: {min_size: `embedding_size_min`, max_size: `embedding_size_max`, values:`embedding_values`}, `text`: {values:`text_values`[..10], distinct_count: size(`text_values`)}, `document_id`: {values:`document_id_values`[..10], distinct_count: size(`document_id_values`)}, `ref_doc_id`: {values:`ref_doc_id_values`[..10], distinct_count: size(`ref_doc_id_values`)}, `_node_type`: {values:`_node_type_values`[..10], distinct_count: size(`_node_type_values`)}, `doc_id`: {values:`doc_id_values`[..10], distinct_count: size(`doc_id_values`)}, `_node_content`: {values:`_node_content_values`[..10], distinct_count: size(`_node_content_values`)}} AS output" {} {}
2025-09-29 16:09:26,038 DEBUG neo4j.io: [#C952]  C: PULL {'n': 1000}
2025-09-29 16:09:26,040 DEBUG neo4j.io: [#C952]  S: SUCCESS {}
2025-09-29 16:09:26,040 DEBUG neo4j.io: [#C952]  _: <CONNECTION> server state: READY > TX_READY_OR_TX_STREAMING
2025-09-29 16:09:26,041 DEBUG neo4j.io: [#C952]  S: SUCCESS {'t_first': 1, 'fields': ['output'], 'qid': 0}
2025-09-29 16:09:26,048 DEBUG neo4j.io: [#C952]  S: RECORD * 1
2025-09-29 16:09:26,048 DEBUG neo4j.io: [#C952]  S: SUCCESS {'statuses': [{'gql_status': '00000', 'status_description': 'note: successful completion'}], 'type': 'r', 't_last': 5, 'db': 'demo'}
2025-09-29 16:09:26,048 DEBUG neo4j.io: [#C952]  C: COMMIT
2025-09-29 16:09:26,048 DEBUG neo4j.io: [#C952]  _: <CONNECTION> client state: TX_READY_OR_TX_STREAMING > READY
2025-09-29 16:09:26,049 DEBUG neo4j.io: [#C952]  S: SUCCESS {'bookmark': 'FB:kcwQzLoRLE7LTq2NdyMZ91NVySeQ'}
2025-09-29 16:09:26,049 DEBUG neo4j.io: [#C952]  _: <CONNECTION> server state: TX_READY_OR_TX_STREAMING > READY
2025-09-29 16:09:26,049 DEBUG neo4j.pool: [#C952]  _: <POOL> released bolt-57180
2025-09-29 16:09:26,049 DEBUG neo4j: [#0000]  _: <WORKSPACE> routing towards fixed database: demo
2025-09-29 16:09:26,049 DEBUG neo4j: [#0000]  _: <WORKSPACE> pinning database: 'demo'
2025-09-29 16:09:26,049 DEBUG neo4j.pool: [#0000]  _: <POOL> acquire direct connection, access_mode='WRITE', database=AcquisitionDatabase(name='demo', guessed=False)
2025-09-29 16:09:26,049 DEBUG neo4j.pool: [#C952]  _: <POOL> picked existing connection bolt-57180
2025-09-29 16:09:26,049 DEBUG neo4j.pool: [#C952]  _: <POOL> checked re_auth auth=None updated=False force=False
2025-09-29 16:09:26,049 DEBUG neo4j.pool: [#C952]  _: <POOL> handing out existing connection
2025-09-29 16:09:26,049 DEBUG neo4j.io: [#C952]  C: BEGIN {'db': 'demo', 'bookmarks': ['FB:kcwQzLoRLE7LTq2NdyMZ91NVySeQ']}
2025-09-29 16:09:26,050 DEBUG neo4j.io: [#C952]  _: <CONNECTION> client state: READY > TX_READY_OR_TX_STREAMING
2025-09-29 16:09:26,050 DEBUG neo4j.io: [#C952]  C: RUN "MATCH (n:`entity`)\nWITH collect(distinct substring(toString(coalesce(n.`id`, '')), 0, 52)) AS `id_values`,\n     min(size(coalesce(n.`embedding`, []))) AS `embedding_size_min`, max(size(coalesce(n.`embedding`, []))) AS `embedding_size_max`, collect(n.`embedding`)[0][..3] AS `embedding_values`,\n     collect(distinct substring(toString(coalesce(n.`triplet_source_id`, '')), 0, 52)) AS `triplet_source_id_values`,\n     collect(distinct substring(toString(coalesce(n.`name`, '')), 0, 52)) AS `name_values`\nRETURN {`id`: {values:`id_values`[..10], distinct_count: size(`id_values`)}, `embedding`: {min_size: `embedding_size_min`, max_size: `embedding_size_max`, values:`embedding_values`}, `triplet_source_id`: {values:`triplet_source_id_values`[..10], distinct_count: size(`triplet_source_id_values`)}, `name`: {values:`name_values`[..10], distinct_count: size(`name_values`)}} AS output" {} {}
2025-09-29 16:09:26,050 DEBUG neo4j.io: [#C952]  C: PULL {'n': 1000}
2025-09-29 16:09:26,051 DEBUG neo4j.io: [#C952]  S: SUCCESS {}
2025-09-29 16:09:26,051 DEBUG neo4j.io: [#C952]  _: <CONNECTION> server state: READY > TX_READY_OR_TX_STREAMING
2025-09-29 16:09:26,052 DEBUG neo4j.io: [#C952]  S: SUCCESS {'t_first': 1, 'fields': ['output'], 'qid': 0}
2025-09-29 16:09:26,056 DEBUG neo4j.io: [#C952]  S: RECORD * 1
2025-09-29 16:09:26,056 DEBUG neo4j.io: [#C952]  S: SUCCESS {'statuses': [{'gql_status': '00000', 'status_description': 'note: successful completion'}], 'type': 'r', 't_last': 2, 'db': 'demo'}
2025-09-29 16:09:26,056 DEBUG neo4j.io: [#C952]  C: COMMIT
2025-09-29 16:09:26,056 DEBUG neo4j.io: [#C952]  _: <CONNECTION> client state: TX_READY_OR_TX_STREAMING > READY
2025-09-29 16:09:26,057 DEBUG neo4j.io: [#C952]  S: SUCCESS {'bookmark': 'FB:kcwQzLoRLE7LTq2NdyMZ91NVySeQ'}
2025-09-29 16:09:26,057 DEBUG neo4j.io: [#C952]  _: <CONNECTION> server state: TX_READY_OR_TX_STREAMING > READY
2025-09-29 16:09:26,057 DEBUG neo4j.pool: [#C952]  _: <POOL> released bolt-57180
2025-09-29 16:09:26,057 DEBUG neo4j: [#0000]  _: <WORKSPACE> routing towards fixed database: demo
2025-09-29 16:09:26,058 DEBUG neo4j: [#0000]  _: <WORKSPACE> pinning database: 'demo'
2025-09-29 16:09:26,058 DEBUG neo4j.pool: [#0000]  _: <POOL> acquire direct connection, access_mode='WRITE', database=AcquisitionDatabase(name='demo', guessed=False)
2025-09-29 16:09:26,058 DEBUG neo4j.pool: [#C952]  _: <POOL> picked existing connection bolt-57180
2025-09-29 16:09:26,058 DEBUG neo4j.pool: [#C952]  _: <POOL> checked re_auth auth=None updated=False force=False
2025-09-29 16:09:26,058 DEBUG neo4j.pool: [#C952]  _: <POOL> handing out existing connection
2025-09-29 16:09:26,058 DEBUG neo4j.io: [#C952]  C: BEGIN {'db': 'demo', 'bookmarks': ['FB:kcwQzLoRLE7LTq2NdyMZ91NVySeQ']}
2025-09-29 16:09:26,058 DEBUG neo4j.io: [#C952]  _: <CONNECTION> client state: READY > TX_READY_OR_TX_STREAMING
2025-09-29 16:09:26,058 DEBUG neo4j.io: [#C952]  C: RUN "MATCH ()-[n:`Works at`]->()\nWITH collect(distinct substring(toString(coalesce(n.`triplet_source_id`, '')), 0, 52)) AS `triplet_source_id_values`\nRETURN {`triplet_source_id`: {values:`triplet_source_id_values`[..10], distinct_count: size(`triplet_source_id_values`)}} AS output" {} {}
2025-09-29 16:09:26,058 DEBUG neo4j.io: [#C952]  C: PULL {'n': 1000}
2025-09-29 16:09:26,061 DEBUG neo4j.io: [#C952]  S: SUCCESS {}
2025-09-29 16:09:26,061 DEBUG neo4j.io: [#C952]  _: <CONNECTION> server state: READY > TX_READY_OR_TX_STREAMING
2025-09-29 16:09:26,062 DEBUG neo4j.io: [#C952]  S: SUCCESS {'t_first': 1, 'fields': ['output'], 'qid': 0}
2025-09-29 16:09:26,064 DEBUG neo4j.io: [#C952]  S: RECORD * 1
2025-09-29 16:09:26,064 DEBUG neo4j.io: [#C952]  S: SUCCESS {'statuses': [{'gql_status': '00000', 'status_description': 'note: successful completion'}], 'type': 'r', 't_last': 2, 'db': 'demo'}
2025-09-29 16:09:26,064 DEBUG neo4j.io: [#C952]  C: COMMIT
2025-09-29 16:09:26,065 DEBUG neo4j.io: [#C952]  _: <CONNECTION> client state: TX_READY_OR_TX_STREAMING > READY
2025-09-29 16:09:26,065 DEBUG neo4j.io: [#C952]  S: SUCCESS {'bookmark': 'FB:kcwQzLoRLE7LTq2NdyMZ91NVySeQ'}
2025-09-29 16:09:26,065 DEBUG neo4j.io: [#C952]  _: <CONNECTION> server state: TX_READY_OR_TX_STREAMING > READY
2025-09-29 16:09:26,066 DEBUG neo4j.pool: [#C952]  _: <POOL> released bolt-57180
2025-09-29 16:09:26,066 DEBUG neo4j: [#0000]  _: <WORKSPACE> routing towards fixed database: demo
2025-09-29 16:09:26,066 DEBUG neo4j: [#0000]  _: <WORKSPACE> pinning database: 'demo'
2025-09-29 16:09:26,066 DEBUG neo4j.pool: [#0000]  _: <POOL> acquire direct connection, access_mode='WRITE', database=AcquisitionDatabase(name='demo', guessed=False)
2025-09-29 16:09:26,066 DEBUG neo4j.pool: [#C952]  _: <POOL> picked existing connection bolt-57180
2025-09-29 16:09:26,066 DEBUG neo4j.pool: [#C952]  _: <POOL> checked re_auth auth=None updated=False force=False
2025-09-29 16:09:26,066 DEBUG neo4j.pool: [#C952]  _: <POOL> handing out existing connection
2025-09-29 16:09:26,066 DEBUG neo4j.io: [#C952]  C: BEGIN {'db': 'demo', 'bookmarks': ['FB:kcwQzLoRLE7LTq2NdyMZ91NVySeQ']}
2025-09-29 16:09:26,066 DEBUG neo4j.io: [#C952]  _: <CONNECTION> client state: READY > TX_READY_OR_TX_STREAMING
2025-09-29 16:09:26,066 DEBUG neo4j.io: [#C952]  C: RUN "MATCH ()-[n:`Is based in`]->()\nWITH collect(distinct substring(toString(coalesce(n.`triplet_source_id`, '')), 0, 52)) AS `triplet_source_id_values`\nRETURN {`triplet_source_id`: {values:`triplet_source_id_values`[..10], distinct_count: size(`triplet_source_id_values`)}} AS output" {} {}
2025-09-29 16:09:26,066 DEBUG neo4j.io: [#C952]  C: PULL {'n': 1000}
2025-09-29 16:09:26,068 DEBUG neo4j.io: [#C952]  S: SUCCESS {}
2025-09-29 16:09:26,068 DEBUG neo4j.io: [#C952]  _: <CONNECTION> server state: READY > TX_READY_OR_TX_STREAMING
2025-09-29 16:09:26,069 DEBUG neo4j.io: [#C952]  S: SUCCESS {'t_first': 1, 'fields': ['output'], 'qid': 0}
2025-09-29 16:09:26,071 DEBUG neo4j.io: [#C952]  S: RECORD * 1
2025-09-29 16:09:26,071 DEBUG neo4j.io: [#C952]  S: SUCCESS {'statuses': [{'gql_status': '00000', 'status_description': 'note: successful completion'}], 'type': 'r', 't_last': 1, 'db': 'demo'}
2025-09-29 16:09:26,071 DEBUG neo4j.io: [#C952]  C: COMMIT
2025-09-29 16:09:26,071 DEBUG neo4j.io: [#C952]  _: <CONNECTION> client state: TX_READY_OR_TX_STREAMING > READY
2025-09-29 16:09:26,072 DEBUG neo4j.io: [#C952]  S: SUCCESS {'bookmark': 'FB:kcwQzLoRLE7LTq2NdyMZ91NVySeQ'}
2025-09-29 16:09:26,072 DEBUG neo4j.io: [#C952]  _: <CONNECTION> server state: TX_READY_OR_TX_STREAMING > READY
2025-09-29 16:09:26,072 DEBUG neo4j.pool: [#C952]  _: <POOL> released bolt-57180
2025-09-29 16:09:26,072 DEBUG neo4j: [#0000]  _: <WORKSPACE> routing towards fixed database: demo
2025-09-29 16:09:26,072 DEBUG neo4j: [#0000]  _: <WORKSPACE> pinning database: 'demo'
2025-09-29 16:09:26,072 DEBUG neo4j.pool: [#0000]  _: <POOL> acquire direct connection, access_mode='WRITE', database=AcquisitionDatabase(name='demo', guessed=False)
2025-09-29 16:09:26,072 DEBUG neo4j.pool: [#C952]  _: <POOL> picked existing connection bolt-57180
2025-09-29 16:09:26,072 DEBUG neo4j.pool: [#C952]  _: <POOL> checked re_auth auth=None updated=False force=False
2025-09-29 16:09:26,072 DEBUG neo4j.pool: [#C952]  _: <POOL> handing out existing connection
2025-09-29 16:09:26,073 DEBUG neo4j.io: [#C952]  C: BEGIN {'db': 'demo', 'bookmarks': ['FB:kcwQzLoRLE7LTq2NdyMZ91NVySeQ']}
2025-09-29 16:09:26,073 DEBUG neo4j.io: [#C952]  _: <CONNECTION> client state: READY > TX_READY_OR_TX_STREAMING
2025-09-29 16:09:26,073 DEBUG neo4j.io: [#C952]  C: RUN "MATCH ()-[n:`Is based in`]->()\nWITH collect(distinct substring(toString(coalesce(n.`triplet_source_id`, '')), 0, 52)) AS `triplet_source_id_values`\nRETURN {`triplet_source_id`: {values:`triplet_source_id_values`[..10], distinct_count: size(`triplet_source_id_values`)}} AS output" {} {}
2025-09-29 16:09:26,073 DEBUG neo4j.io: [#C952]  C: PULL {'n': 1000}
2025-09-29 16:09:26,074 DEBUG neo4j.io: [#C952]  S: SUCCESS {}
2025-09-29 16:09:26,074 DEBUG neo4j.io: [#C952]  _: <CONNECTION> server state: READY > TX_READY_OR_TX_STREAMING
2025-09-29 16:09:26,074 DEBUG neo4j.io: [#C952]  S: SUCCESS {'t_first': 0, 'fields': ['output'], 'qid': 0}
2025-09-29 16:09:26,077 DEBUG neo4j.io: [#C952]  S: RECORD * 1
2025-09-29 16:09:26,077 DEBUG neo4j.io: [#C952]  S: SUCCESS {'statuses': [{'gql_status': '00000', 'status_description': 'note: successful completion'}], 'type': 'r', 't_last': 2, 'db': 'demo'}
2025-09-29 16:09:26,077 DEBUG neo4j.io: [#C952]  C: COMMIT
2025-09-29 16:09:26,077 DEBUG neo4j.io: [#C952]  _: <CONNECTION> client state: TX_READY_OR_TX_STREAMING > READY
2025-09-29 16:09:26,078 DEBUG neo4j.io: [#C952]  S: SUCCESS {'bookmark': 'FB:kcwQzLoRLE7LTq2NdyMZ91NVySeQ'}
2025-09-29 16:09:26,079 DEBUG neo4j.io: [#C952]  _: <CONNECTION> server state: TX_READY_OR_TX_STREAMING > READY
2025-09-29 16:09:26,079 DEBUG neo4j.pool: [#C952]  _: <POOL> released bolt-57180
2025-09-29 16:09:26,079 DEBUG neo4j: [#0000]  _: <WORKSPACE> routing towards fixed database: demo
2025-09-29 16:09:26,079 DEBUG neo4j: [#0000]  _: <WORKSPACE> pinning database: 'demo'
2025-09-29 16:09:26,079 DEBUG neo4j.pool: [#0000]  _: <POOL> acquire direct connection, access_mode='WRITE', database=AcquisitionDatabase(name='demo', guessed=False)
2025-09-29 16:09:26,079 DEBUG neo4j.pool: [#C952]  _: <POOL> picked existing connection bolt-57180
2025-09-29 16:09:26,079 DEBUG neo4j.pool: [#C952]  _: <POOL> checked re_auth auth=None updated=False force=False
2025-09-29 16:09:26,079 DEBUG neo4j.pool: [#C952]  _: <POOL> handing out existing connection
2025-09-29 16:09:26,079 DEBUG neo4j.io: [#C952]  C: BEGIN {'db': 'demo', 'bookmarks': ['FB:kcwQzLoRLE7LTq2NdyMZ91NVySeQ']}
2025-09-29 16:09:26,079 DEBUG neo4j.io: [#C952]  _: <CONNECTION> client state: READY > TX_READY_OR_TX_STREAMING
2025-09-29 16:09:26,079 DEBUG neo4j.io: [#C952]  C: RUN "MATCH ()-[n:`Works at`]->()\nWITH collect(distinct substring(toString(coalesce(n.`triplet_source_id`, '')), 0, 52)) AS `triplet_source_id_values`\nRETURN {`triplet_source_id`: {values:`triplet_source_id_values`[..10], distinct_count: size(`triplet_source_id_values`)}} AS output" {} {}
2025-09-29 16:09:26,080 DEBUG neo4j.io: [#C952]  C: PULL {'n': 1000}
2025-09-29 16:09:26,080 DEBUG neo4j.io: [#C952]  S: SUCCESS {}
2025-09-29 16:09:26,080 DEBUG neo4j.io: [#C952]  _: <CONNECTION> server state: READY > TX_READY_OR_TX_STREAMING
2025-09-29 16:09:26,080 DEBUG neo4j.io: [#C952]  S: SUCCESS {'t_first': 0, 'fields': ['output'], 'qid': 0}
2025-09-29 16:09:26,083 DEBUG neo4j.io: [#C952]  S: RECORD * 1
2025-09-29 16:09:26,083 DEBUG neo4j.io: [#C952]  S: SUCCESS {'statuses': [{'gql_status': '00000', 'status_description': 'note: successful completion'}], 'type': 'r', 't_last': 2, 'db': 'demo'}
2025-09-29 16:09:26,083 DEBUG neo4j.io: [#C952]  C: COMMIT
2025-09-29 16:09:26,083 DEBUG neo4j.io: [#C952]  _: <CONNECTION> client state: TX_READY_OR_TX_STREAMING > READY
2025-09-29 16:09:26,084 DEBUG neo4j.io: [#C952]  S: SUCCESS {'bookmark': 'FB:kcwQzLoRLE7LTq2NdyMZ91NVySeQ'}
2025-09-29 16:09:26,084 DEBUG neo4j.io: [#C952]  _: <CONNECTION> server state: TX_READY_OR_TX_STREAMING > READY
2025-09-29 16:09:26,084 DEBUG neo4j.pool: [#C952]  _: <POOL> released bolt-57180
2025-09-29 16:09:26,084 DEBUG neo4j: [#0000]  _: <WORKSPACE> routing towards fixed database: demo
2025-09-29 16:09:26,084 DEBUG neo4j: [#0000]  _: <WORKSPACE> pinning database: 'demo'
2025-09-29 16:09:26,084 DEBUG neo4j.pool: [#0000]  _: <POOL> acquire direct connection, access_mode='WRITE', database=AcquisitionDatabase(name='demo', guessed=False)
2025-09-29 16:09:26,085 DEBUG neo4j.pool: [#C952]  _: <POOL> picked existing connection bolt-57180
2025-09-29 16:09:26,085 DEBUG neo4j.pool: [#C952]  _: <POOL> checked re_auth auth=None updated=False force=False
2025-09-29 16:09:26,085 DEBUG neo4j.pool: [#C952]  _: <POOL> handing out existing connection
2025-09-29 16:09:26,085 DEBUG neo4j.io: [#C952]  C: BEGIN {'db': 'demo', 'bookmarks': ['FB:kcwQzLoRLE7LTq2NdyMZ91NVySeQ']}
2025-09-29 16:09:26,085 DEBUG neo4j.io: [#C952]  _: <CONNECTION> client state: READY > TX_READY_OR_TX_STREAMING
2025-09-29 16:09:26,085 DEBUG neo4j.io: [#C952]  C: RUN "MATCH ()-[n:`Works at`]->()\nWITH collect(distinct substring(toString(coalesce(n.`triplet_source_id`, '')), 0, 52)) AS `triplet_source_id_values`\nRETURN {`triplet_source_id`: {values:`triplet_source_id_values`[..10], distinct_count: size(`triplet_source_id_values`)}} AS output" {} {}
2025-09-29 16:09:26,085 DEBUG neo4j.io: [#C952]  C: PULL {'n': 1000}
2025-09-29 16:09:26,086 DEBUG neo4j.io: [#C952]  S: SUCCESS {}
2025-09-29 16:09:26,086 DEBUG neo4j.io: [#C952]  _: <CONNECTION> server state: READY > TX_READY_OR_TX_STREAMING
2025-09-29 16:09:26,086 DEBUG neo4j.io: [#C952]  S: SUCCESS {'t_first': 0, 'fields': ['output'], 'qid': 0}
2025-09-29 16:09:26,088 DEBUG neo4j.io: [#C952]  S: RECORD * 1
2025-09-29 16:09:26,088 DEBUG neo4j.io: [#C952]  S: SUCCESS {'statuses': [{'gql_status': '00000', 'status_description': 'note: successful completion'}], 'type': 'r', 't_last': 1, 'db': 'demo'}
2025-09-29 16:09:26,088 DEBUG neo4j.io: [#C952]  C: COMMIT
2025-09-29 16:09:26,088 DEBUG neo4j.io: [#C952]  _: <CONNECTION> client state: TX_READY_OR_TX_STREAMING > READY
2025-09-29 16:09:26,089 DEBUG neo4j.io: [#C952]  S: SUCCESS {'bookmark': 'FB:kcwQzLoRLE7LTq2NdyMZ91NVySeQ'}
2025-09-29 16:09:26,089 DEBUG neo4j.io: [#C952]  _: <CONNECTION> server state: TX_READY_OR_TX_STREAMING > READY
2025-09-29 16:09:26,089 DEBUG neo4j.pool: [#C952]  _: <POOL> released bolt-57180
2025-09-29 16:09:26,089 DEBUG neo4j: [#0000]  _: <WORKSPACE> routing towards fixed database: demo
2025-09-29 16:09:26,089 DEBUG neo4j: [#0000]  _: <WORKSPACE> pinning database: 'demo'
2025-09-29 16:09:26,089 DEBUG neo4j.pool: [#0000]  _: <POOL> acquire direct connection, access_mode='WRITE', database=AcquisitionDatabase(name='demo', guessed=False)
2025-09-29 16:09:26,089 DEBUG neo4j.pool: [#C952]  _: <POOL> picked existing connection bolt-57180
2025-09-29 16:09:26,089 DEBUG neo4j.pool: [#C952]  _: <POOL> checked re_auth auth=None updated=False force=False
2025-09-29 16:09:26,089 DEBUG neo4j.pool: [#C952]  _: <POOL> handing out existing connection
2025-09-29 16:09:26,089 DEBUG neo4j.io: [#C952]  C: BEGIN {'db': 'demo', 'bookmarks': ['FB:kcwQzLoRLE7LTq2NdyMZ91NVySeQ']}
2025-09-29 16:09:26,089 DEBUG neo4j.io: [#C952]  _: <CONNECTION> client state: READY > TX_READY_OR_TX_STREAMING
2025-09-29 16:09:26,090 DEBUG neo4j.io: [#C952]  C: RUN "MATCH ()-[n:`Works at`]->()\nWITH collect(distinct substring(toString(coalesce(n.`triplet_source_id`, '')), 0, 52)) AS `triplet_source_id_values`\nRETURN {`triplet_source_id`: {values:`triplet_source_id_values`[..10], distinct_count: size(`triplet_source_id_values`)}} AS output" {} {}
2025-09-29 16:09:26,090 DEBUG neo4j.io: [#C952]  C: PULL {'n': 1000}
2025-09-29 16:09:26,092 DEBUG neo4j.io: [#C952]  S: SUCCESS {}
2025-09-29 16:09:26,092 DEBUG neo4j.io: [#C952]  _: <CONNECTION> server state: READY > TX_READY_OR_TX_STREAMING
2025-09-29 16:09:26,094 DEBUG neo4j.io: [#C952]  S: SUCCESS {'t_first': 1, 'fields': ['output'], 'qid': 0}
2025-09-29 16:09:26,095 DEBUG neo4j.io: [#C952]  S: RECORD * 1
2025-09-29 16:09:26,096 DEBUG neo4j.io: [#C952]  S: SUCCESS {'statuses': [{'gql_status': '00000', 'status_description': 'note: successful completion'}], 'type': 'r', 't_last': 1, 'db': 'demo'}
2025-09-29 16:09:26,096 DEBUG neo4j.io: [#C952]  C: COMMIT
2025-09-29 16:09:26,096 DEBUG neo4j.io: [#C952]  _: <CONNECTION> client state: TX_READY_OR_TX_STREAMING > READY
2025-09-29 16:09:26,097 DEBUG neo4j.io: [#C952]  S: SUCCESS {'bookmark': 'FB:kcwQzLoRLE7LTq2NdyMZ91NVySeQ'}
2025-09-29 16:09:26,097 DEBUG neo4j.io: [#C952]  _: <CONNECTION> server state: TX_READY_OR_TX_STREAMING > READY
2025-09-29 16:09:26,097 DEBUG neo4j.pool: [#C952]  _: <POOL> released bolt-57180
2025-09-29 16:09:26,097 DEBUG neo4j: [#0000]  _: <WORKSPACE> routing towards fixed database: demo
2025-09-29 16:09:26,097 DEBUG neo4j: [#0000]  _: <WORKSPACE> pinning database: 'demo'
2025-09-29 16:09:26,097 DEBUG neo4j.pool: [#0000]  _: <POOL> acquire direct connection, access_mode='WRITE', database=AcquisitionDatabase(name='demo', guessed=False)
2025-09-29 16:09:26,097 DEBUG neo4j.pool: [#C952]  _: <POOL> picked existing connection bolt-57180
2025-09-29 16:09:26,097 DEBUG neo4j.pool: [#C952]  _: <POOL> checked re_auth auth=None updated=False force=False
2025-09-29 16:09:26,097 DEBUG neo4j.pool: [#C952]  _: <POOL> handing out existing connection
2025-09-29 16:09:26,098 DEBUG neo4j.io: [#C952]  C: BEGIN {'db': 'demo', 'bookmarks': ['FB:kcwQzLoRLE7LTq2NdyMZ91NVySeQ']}
2025-09-29 16:09:26,098 DEBUG neo4j.io: [#C952]  _: <CONNECTION> client state: READY > TX_READY_OR_TX_STREAMING
2025-09-29 16:09:26,098 DEBUG neo4j.io: [#C952]  C: RUN "MATCH ()-[n:`Works at`]->()\nWITH collect(distinct substring(toString(coalesce(n.`triplet_source_id`, '')), 0, 52)) AS `triplet_source_id_values`\nRETURN {`triplet_source_id`: {values:`triplet_source_id_values`[..10], distinct_count: size(`triplet_source_id_values`)}} AS output" {} {}
2025-09-29 16:09:26,098 DEBUG neo4j.io: [#C952]  C: PULL {'n': 1000}
2025-09-29 16:09:26,099 DEBUG neo4j.io: [#C952]  S: SUCCESS {}
2025-09-29 16:09:26,099 DEBUG neo4j.io: [#C952]  _: <CONNECTION> server state: READY > TX_READY_OR_TX_STREAMING
2025-09-29 16:09:26,100 DEBUG neo4j.io: [#C952]  S: SUCCESS {'t_first': 1, 'fields': ['output'], 'qid': 0}
2025-09-29 16:09:26,101 DEBUG neo4j.io: [#C952]  S: RECORD * 1
2025-09-29 16:09:26,101 DEBUG neo4j.io: [#C952]  S: SUCCESS {'statuses': [{'gql_status': '00000', 'status_description': 'note: successful completion'}], 'type': 'r', 't_last': 1, 'db': 'demo'}
2025-09-29 16:09:26,101 DEBUG neo4j.io: [#C952]  C: COMMIT
2025-09-29 16:09:26,101 DEBUG neo4j.io: [#C952]  _: <CONNECTION> client state: TX_READY_OR_TX_STREAMING > READY
2025-09-29 16:09:26,102 DEBUG neo4j.io: [#C952]  S: SUCCESS {'bookmark': 'FB:kcwQzLoRLE7LTq2NdyMZ91NVySeQ'}
2025-09-29 16:09:26,102 DEBUG neo4j.io: [#C952]  _: <CONNECTION> server state: TX_READY_OR_TX_STREAMING > READY
2025-09-29 16:09:26,102 DEBUG neo4j.pool: [#C952]  _: <POOL> released bolt-57180
2025-09-29 16:09:26,102 DEBUG neo4j: [#0000]  _: <WORKSPACE> routing towards fixed database: demo
2025-09-29 16:09:26,102 DEBUG neo4j: [#0000]  _: <WORKSPACE> pinning database: 'demo'
2025-09-29 16:09:26,102 DEBUG neo4j.pool: [#0000]  _: <POOL> acquire direct connection, access_mode='WRITE', database=AcquisitionDatabase(name='demo', guessed=False)
2025-09-29 16:09:26,102 DEBUG neo4j.pool: [#C952]  _: <POOL> picked existing connection bolt-57180
2025-09-29 16:09:26,102 DEBUG neo4j.pool: [#C952]  _: <POOL> checked re_auth auth=None updated=False force=False
2025-09-29 16:09:26,102 DEBUG neo4j.pool: [#C952]  _: <POOL> handing out existing connection
2025-09-29 16:09:26,102 DEBUG neo4j.io: [#C952]  C: BEGIN {'db': 'demo', 'bookmarks': ['FB:kcwQzLoRLE7LTq2NdyMZ91NVySeQ']}
2025-09-29 16:09:26,102 DEBUG neo4j.io: [#C952]  _: <CONNECTION> client state: READY > TX_READY_OR_TX_STREAMING
2025-09-29 16:09:26,102 DEBUG neo4j.io: [#C952]  C: RUN "MATCH ()-[n:`Is based in`]->()\nWITH collect(distinct substring(toString(coalesce(n.`triplet_source_id`, '')), 0, 52)) AS `triplet_source_id_values`\nRETURN {`triplet_source_id`: {values:`triplet_source_id_values`[..10], distinct_count: size(`triplet_source_id_values`)}} AS output" {} {}
2025-09-29 16:09:26,102 DEBUG neo4j.io: [#C952]  C: PULL {'n': 1000}
2025-09-29 16:09:26,103 DEBUG neo4j.io: [#C952]  S: SUCCESS {}
2025-09-29 16:09:26,103 DEBUG neo4j.io: [#C952]  _: <CONNECTION> server state: READY > TX_READY_OR_TX_STREAMING
2025-09-29 16:09:26,105 DEBUG neo4j.io: [#C952]  S: SUCCESS {'t_first': 1, 'fields': ['output'], 'qid': 0}
2025-09-29 16:09:26,106 DEBUG neo4j.io: [#C952]  S: RECORD * 1
2025-09-29 16:09:26,106 DEBUG neo4j.io: [#C952]  S: SUCCESS {'statuses': [{'gql_status': '00000', 'status_description': 'note: successful completion'}], 'type': 'r', 't_last': 1, 'db': 'demo'}
2025-09-29 16:09:26,106 DEBUG neo4j.io: [#C952]  C: COMMIT
2025-09-29 16:09:26,106 DEBUG neo4j.io: [#C952]  _: <CONNECTION> client state: TX_READY_OR_TX_STREAMING > READY
2025-09-29 16:09:26,107 DEBUG neo4j.io: [#C952]  S: SUCCESS {'bookmark': 'FB:kcwQzLoRLE7LTq2NdyMZ91NVySeQ'}
2025-09-29 16:09:26,107 DEBUG neo4j.io: [#C952]  _: <CONNECTION> server state: TX_READY_OR_TX_STREAMING > READY
2025-09-29 16:09:26,107 DEBUG neo4j.pool: [#C952]  _: <POOL> released bolt-57180
2025-09-29 16:09:26,108 DEBUG neo4j: [#0000]  _: <WORKSPACE> routing towards fixed database: demo
2025-09-29 16:09:26,108 DEBUG neo4j: [#0000]  _: <WORKSPACE> pinning database: 'demo'
2025-09-29 16:09:26,108 DEBUG neo4j.pool: [#0000]  _: <POOL> acquire direct connection, access_mode='WRITE', database=AcquisitionDatabase(name='demo', guessed=False)
2025-09-29 16:09:26,108 DEBUG neo4j.pool: [#C952]  _: <POOL> picked existing connection bolt-57180
2025-09-29 16:09:26,108 DEBUG neo4j.pool: [#C952]  _: <POOL> checked re_auth auth=None updated=False force=False
2025-09-29 16:09:26,108 DEBUG neo4j.pool: [#C952]  _: <POOL> handing out existing connection
2025-09-29 16:09:26,108 DEBUG neo4j.io: [#C952]  C: BEGIN {'db': 'demo', 'bookmarks': ['FB:kcwQzLoRLE7LTq2NdyMZ91NVySeQ']}
2025-09-29 16:09:26,108 DEBUG neo4j.io: [#C952]  _: <CONNECTION> client state: READY > TX_READY_OR_TX_STREAMING
2025-09-29 16:09:26,108 DEBUG neo4j.io: [#C952]  C: RUN "MATCH ()-[n:`Is based in`]->()\nWITH collect(distinct substring(toString(coalesce(n.`triplet_source_id`, '')), 0, 52)) AS `triplet_source_id_values`\nRETURN {`triplet_source_id`: {values:`triplet_source_id_values`[..10], distinct_count: size(`triplet_source_id_values`)}} AS output" {} {}
2025-09-29 16:09:26,108 DEBUG neo4j.io: [#C952]  C: PULL {'n': 1000}
2025-09-29 16:09:26,110 DEBUG neo4j.io: [#C952]  S: SUCCESS {}
2025-09-29 16:09:26,110 DEBUG neo4j.io: [#C952]  _: <CONNECTION> server state: READY > TX_READY_OR_TX_STREAMING
2025-09-29 16:09:26,112 DEBUG neo4j.io: [#C952]  S: SUCCESS {'t_first': 2, 'fields': ['output'], 'qid': 0}
2025-09-29 16:09:26,114 DEBUG neo4j.io: [#C952]  S: RECORD * 1
2025-09-29 16:09:26,114 DEBUG neo4j.io: [#C952]  S: SUCCESS {'statuses': [{'gql_status': '00000', 'status_description': 'note: successful completion'}], 'type': 'r', 't_last': 1, 'db': 'demo'}
2025-09-29 16:09:26,114 DEBUG neo4j.io: [#C952]  C: COMMIT
2025-09-29 16:09:26,114 DEBUG neo4j.io: [#C952]  _: <CONNECTION> client state: TX_READY_OR_TX_STREAMING > READY
2025-09-29 16:09:26,115 DEBUG neo4j.io: [#C952]  S: SUCCESS {'bookmark': 'FB:kcwQzLoRLE7LTq2NdyMZ91NVySeQ'}
2025-09-29 16:09:26,115 DEBUG neo4j.io: [#C952]  _: <CONNECTION> server state: TX_READY_OR_TX_STREAMING > READY
2025-09-29 16:09:26,115 DEBUG neo4j.pool: [#C952]  _: <POOL> released bolt-57180
2025-09-29 16:09:26,115 DEBUG neo4j: [#0000]  _: <WORKSPACE> routing towards fixed database: demo
2025-09-29 16:09:26,115 DEBUG neo4j: [#0000]  _: <WORKSPACE> pinning database: 'demo'
2025-09-29 16:09:26,115 DEBUG neo4j.pool: [#0000]  _: <POOL> acquire direct connection, access_mode='WRITE', database=AcquisitionDatabase(name='demo', guessed=False)
2025-09-29 16:09:26,115 DEBUG neo4j.pool: [#C952]  _: <POOL> picked existing connection bolt-57180
2025-09-29 16:09:26,115 DEBUG neo4j.pool: [#C952]  _: <POOL> checked re_auth auth=None updated=False force=False
2025-09-29 16:09:26,115 DEBUG neo4j.pool: [#C952]  _: <POOL> handing out existing connection
2025-09-29 16:09:26,115 DEBUG neo4j.io: [#C952]  C: BEGIN {'db': 'demo', 'bookmarks': ['FB:kcwQzLoRLE7LTq2NdyMZ91NVySeQ']}
2025-09-29 16:09:26,115 DEBUG neo4j.io: [#C952]  _: <CONNECTION> client state: READY > TX_READY_OR_TX_STREAMING
2025-09-29 16:09:26,115 DEBUG neo4j.io: [#C952]  C: RUN "MATCH ()-[n:`SOURCE`]->()\nWITH collect(distinct substring(toString(coalesce(n.`triplet_source_id`, '')), 0, 52)) AS `triplet_source_id_values`\nRETURN {`triplet_source_id`: {values:`triplet_source_id_values`[..10], distinct_count: size(`triplet_source_id_values`)}} AS output" {} {}
2025-09-29 16:09:26,116 DEBUG neo4j.io: [#C952]  C: PULL {'n': 1000}
2025-09-29 16:09:26,116 DEBUG neo4j.io: [#C952]  S: SUCCESS {}
2025-09-29 16:09:26,117 DEBUG neo4j.io: [#C952]  _: <CONNECTION> server state: READY > TX_READY_OR_TX_STREAMING
2025-09-29 16:09:26,118 DEBUG neo4j.io: [#C952]  S: SUCCESS {'t_first': 1, 'fields': ['output'], 'qid': 0}
2025-09-29 16:09:26,119 DEBUG neo4j.io: [#C952]  S: RECORD * 1
2025-09-29 16:09:26,119 DEBUG neo4j.io: [#C952]  S: SUCCESS {'statuses': [{'gql_status': '00000', 'status_description': 'note: successful completion'}], 'type': 'r', 't_last': 0, 'db': 'demo'}
2025-09-29 16:09:26,119 DEBUG neo4j.io: [#C952]  C: COMMIT
2025-09-29 16:09:26,119 DEBUG neo4j.io: [#C952]  _: <CONNECTION> client state: TX_READY_OR_TX_STREAMING > READY
2025-09-29 16:09:26,120 DEBUG neo4j.io: [#C952]  S: SUCCESS {'bookmark': 'FB:kcwQzLoRLE7LTq2NdyMZ91NVySeQ'}
2025-09-29 16:09:26,120 DEBUG neo4j.io: [#C952]  _: <CONNECTION> server state: TX_READY_OR_TX_STREAMING > READY
2025-09-29 16:09:26,120 DEBUG neo4j.pool: [#C952]  _: <POOL> released bolt-57180
2025-09-29 16:09:26,120 DEBUG neo4j: [#0000]  _: <WORKSPACE> routing towards fixed database: demo
2025-09-29 16:09:26,120 DEBUG neo4j: [#0000]  _: <WORKSPACE> pinning database: 'demo'
2025-09-29 16:09:26,120 DEBUG neo4j.pool: [#0000]  _: <POOL> acquire direct connection, access_mode='WRITE', database=AcquisitionDatabase(name='demo', guessed=False)
2025-09-29 16:09:26,120 DEBUG neo4j.pool: [#C952]  _: <POOL> picked existing connection bolt-57180
2025-09-29 16:09:26,120 DEBUG neo4j.pool: [#C952]  _: <POOL> checked re_auth auth=None updated=False force=False
2025-09-29 16:09:26,120 DEBUG neo4j.pool: [#C952]  _: <POOL> handing out existing connection
2025-09-29 16:09:26,120 DEBUG neo4j.io: [#C952]  C: BEGIN {'db': 'demo', 'bookmarks': ['FB:kcwQzLoRLE7LTq2NdyMZ91NVySeQ']}
2025-09-29 16:09:26,120 DEBUG neo4j.io: [#C952]  _: <CONNECTION> client state: READY > TX_READY_OR_TX_STREAMING
2025-09-29 16:09:26,121 DEBUG neo4j.io: [#C952]  C: RUN "MATCH ()-[n:`Works at`]->()\nWITH collect(distinct substring(toString(coalesce(n.`triplet_source_id`, '')), 0, 52)) AS `triplet_source_id_values`\nRETURN {`triplet_source_id`: {values:`triplet_source_id_values`[..10], distinct_count: size(`triplet_source_id_values`)}} AS output" {} {}
2025-09-29 16:09:26,121 DEBUG neo4j.io: [#C952]  C: PULL {'n': 1000}
2025-09-29 16:09:26,122 DEBUG neo4j.io: [#C952]  S: SUCCESS {}
2025-09-29 16:09:26,122 DEBUG neo4j.io: [#C952]  _: <CONNECTION> server state: READY > TX_READY_OR_TX_STREAMING
2025-09-29 16:09:26,123 DEBUG neo4j.io: [#C952]  S: SUCCESS {'t_first': 1, 'fields': ['output'], 'qid': 0}
2025-09-29 16:09:26,125 DEBUG neo4j.io: [#C952]  S: RECORD * 1
2025-09-29 16:09:26,125 DEBUG neo4j.io: [#C952]  S: SUCCESS {'statuses': [{'gql_status': '00000', 'status_description': 'note: successful completion'}], 'type': 'r', 't_last': 1, 'db': 'demo'}
2025-09-29 16:09:26,125 DEBUG neo4j.io: [#C952]  C: COMMIT
2025-09-29 16:09:26,125 DEBUG neo4j.io: [#C952]  _: <CONNECTION> client state: TX_READY_OR_TX_STREAMING > READY
2025-09-29 16:09:26,126 DEBUG neo4j.io: [#C952]  S: SUCCESS {'bookmark': 'FB:kcwQzLoRLE7LTq2NdyMZ91NVySeQ'}
2025-09-29 16:09:26,126 DEBUG neo4j.io: [#C952]  _: <CONNECTION> server state: TX_READY_OR_TX_STREAMING > READY
2025-09-29 16:09:26,127 DEBUG neo4j.pool: [#C952]  _: <POOL> released bolt-57180
2025-09-29 16:09:26,127 DEBUG neo4j: [#0000]  _: <WORKSPACE> routing towards fixed database: demo
2025-09-29 16:09:26,127 DEBUG neo4j: [#0000]  _: <WORKSPACE> pinning database: 'demo'
2025-09-29 16:09:26,127 DEBUG neo4j.pool: [#0000]  _: <POOL> acquire direct connection, access_mode='WRITE', database=AcquisitionDatabase(name='demo', guessed=False)
2025-09-29 16:09:26,127 DEBUG neo4j.pool: [#C952]  _: <POOL> picked existing connection bolt-57180
2025-09-29 16:09:26,127 DEBUG neo4j.pool: [#C952]  _: <POOL> checked re_auth auth=None updated=False force=False
2025-09-29 16:09:26,127 DEBUG neo4j.pool: [#C952]  _: <POOL> handing out existing connection
2025-09-29 16:09:26,128 DEBUG neo4j.io: [#C952]  C: BEGIN {'db': 'demo', 'bookmarks': ['FB:kcwQzLoRLE7LTq2NdyMZ91NVySeQ']}
2025-09-29 16:09:26,128 DEBUG neo4j.io: [#C952]  _: <CONNECTION> client state: READY > TX_READY_OR_TX_STREAMING
2025-09-29 16:09:26,128 DEBUG neo4j.io: [#C952]  C: RUN "MATCH ()-[n:`Is based in`]->()\nWITH collect(distinct substring(toString(coalesce(n.`triplet_source_id`, '')), 0, 52)) AS `triplet_source_id_values`\nRETURN {`triplet_source_id`: {values:`triplet_source_id_values`[..10], distinct_count: size(`triplet_source_id_values`)}} AS output" {} {}
2025-09-29 16:09:26,128 DEBUG neo4j.io: [#C952]  C: PULL {'n': 1000}
2025-09-29 16:09:26,130 DEBUG neo4j.io: [#C952]  S: SUCCESS {}
2025-09-29 16:09:26,130 DEBUG neo4j.io: [#C952]  _: <CONNECTION> server state: READY > TX_READY_OR_TX_STREAMING
2025-09-29 16:09:26,131 DEBUG neo4j.io: [#C952]  S: SUCCESS {'t_first': 1, 'fields': ['output'], 'qid': 0}
2025-09-29 16:09:26,132 DEBUG neo4j.io: [#C952]  S: RECORD * 1
2025-09-29 16:09:26,132 DEBUG neo4j.io: [#C952]  S: SUCCESS {'statuses': [{'gql_status': '00000', 'status_description': 'note: successful completion'}], 'type': 'r', 't_last': 0, 'db': 'demo'}
2025-09-29 16:09:26,132 DEBUG neo4j.io: [#C952]  C: COMMIT
2025-09-29 16:09:26,132 DEBUG neo4j.io: [#C952]  _: <CONNECTION> client state: TX_READY_OR_TX_STREAMING > READY
2025-09-29 16:09:26,133 DEBUG neo4j.io: [#C952]  S: SUCCESS {'bookmark': 'FB:kcwQzLoRLE7LTq2NdyMZ91NVySeQ'}
2025-09-29 16:09:26,133 DEBUG neo4j.io: [#C952]  _: <CONNECTION> server state: TX_READY_OR_TX_STREAMING > READY
2025-09-29 16:09:26,133 DEBUG neo4j.pool: [#C952]  _: <POOL> released bolt-57180
2025-09-29 16:09:26,133 DEBUG neo4j: [#0000]  _: <WORKSPACE> routing towards fixed database: demo
2025-09-29 16:09:26,134 DEBUG neo4j: [#0000]  _: <WORKSPACE> pinning database: 'demo'
2025-09-29 16:09:26,134 DEBUG neo4j.pool: [#0000]  _: <POOL> acquire direct connection, access_mode='WRITE', database=AcquisitionDatabase(name='demo', guessed=False)
2025-09-29 16:09:26,134 DEBUG neo4j.pool: [#C952]  _: <POOL> picked existing connection bolt-57180
2025-09-29 16:09:26,134 DEBUG neo4j.pool: [#C952]  _: <POOL> checked re_auth auth=None updated=False force=False
2025-09-29 16:09:26,134 DEBUG neo4j.pool: [#C952]  _: <POOL> handing out existing connection
2025-09-29 16:09:26,134 DEBUG neo4j.io: [#C952]  C: BEGIN {'db': 'demo', 'bookmarks': ['FB:kcwQzLoRLE7LTq2NdyMZ91NVySeQ']}
2025-09-29 16:09:26,134 DEBUG neo4j.io: [#C952]  _: <CONNECTION> client state: READY > TX_READY_OR_TX_STREAMING
2025-09-29 16:09:26,134 DEBUG neo4j.io: [#C952]  C: RUN "MATCH ()-[n:`Works at`]->()\nWITH collect(distinct substring(toString(coalesce(n.`triplet_source_id`, '')), 0, 52)) AS `triplet_source_id_values`\nRETURN {`triplet_source_id`: {values:`triplet_source_id_values`[..10], distinct_count: size(`triplet_source_id_values`)}} AS output" {} {}
2025-09-29 16:09:26,134 DEBUG neo4j.io: [#C952]  C: PULL {'n': 1000}
2025-09-29 16:09:26,135 DEBUG neo4j.io: [#C952]  S: SUCCESS {}
2025-09-29 16:09:26,135 DEBUG neo4j.io: [#C952]  _: <CONNECTION> server state: READY > TX_READY_OR_TX_STREAMING
2025-09-29 16:09:26,136 DEBUG neo4j.io: [#C952]  S: SUCCESS {'t_first': 1, 'fields': ['output'], 'qid': 0}
2025-09-29 16:09:26,138 DEBUG neo4j.io: [#C952]  S: RECORD * 1
2025-09-29 16:09:26,138 DEBUG neo4j.io: [#C952]  S: SUCCESS {'statuses': [{'gql_status': '00000', 'status_description': 'note: successful completion'}], 'type': 'r', 't_last': 1, 'db': 'demo'}
2025-09-29 16:09:26,138 DEBUG neo4j.io: [#C952]  C: COMMIT
2025-09-29 16:09:26,138 DEBUG neo4j.io: [#C952]  _: <CONNECTION> client state: TX_READY_OR_TX_STREAMING > READY
2025-09-29 16:09:26,139 DEBUG neo4j.io: [#C952]  S: SUCCESS {'bookmark': 'FB:kcwQzLoRLE7LTq2NdyMZ91NVySeQ'}
2025-09-29 16:09:26,139 DEBUG neo4j.io: [#C952]  _: <CONNECTION> server state: TX_READY_OR_TX_STREAMING > READY
2025-09-29 16:09:26,139 DEBUG neo4j.pool: [#C952]  _: <POOL> released bolt-57180
2025-09-29 16:09:26,139 DEBUG neo4j: [#0000]  _: <WORKSPACE> routing towards fixed database: demo
2025-09-29 16:09:26,139 DEBUG neo4j: [#0000]  _: <WORKSPACE> pinning database: 'demo'
2025-09-29 16:09:26,139 DEBUG neo4j.pool: [#0000]  _: <POOL> acquire direct connection, access_mode='WRITE', database=AcquisitionDatabase(name='demo', guessed=False)
2025-09-29 16:09:26,139 DEBUG neo4j.pool: [#C952]  _: <POOL> picked existing connection bolt-57180
2025-09-29 16:09:26,139 DEBUG neo4j.pool: [#C952]  _: <POOL> checked re_auth auth=None updated=False force=False
2025-09-29 16:09:26,139 DEBUG neo4j.pool: [#C952]  _: <POOL> handing out existing connection
2025-09-29 16:09:26,139 DEBUG neo4j.io: [#C952]  C: BEGIN {'db': 'demo', 'bookmarks': ['FB:kcwQzLoRLE7LTq2NdyMZ91NVySeQ']}
2025-09-29 16:09:26,139 DEBUG neo4j.io: [#C952]  _: <CONNECTION> client state: READY > TX_READY_OR_TX_STREAMING
2025-09-29 16:09:26,140 DEBUG neo4j.io: [#C952]  C: RUN "MATCH ()-[n:`Works at`]->()\nWITH collect(distinct substring(toString(coalesce(n.`triplet_source_id`, '')), 0, 52)) AS `triplet_source_id_values`\nRETURN {`triplet_source_id`: {values:`triplet_source_id_values`[..10], distinct_count: size(`triplet_source_id_values`)}} AS output" {} {}
2025-09-29 16:09:26,140 DEBUG neo4j.io: [#C952]  C: PULL {'n': 1000}
2025-09-29 16:09:26,141 DEBUG neo4j.io: [#C952]  S: SUCCESS {}
2025-09-29 16:09:26,142 DEBUG neo4j.io: [#C952]  _: <CONNECTION> server state: READY > TX_READY_OR_TX_STREAMING
2025-09-29 16:09:26,142 DEBUG neo4j.io: [#C952]  S: SUCCESS {'t_first': 1, 'fields': ['output'], 'qid': 0}
2025-09-29 16:09:26,144 DEBUG neo4j.io: [#C952]  S: RECORD * 1
2025-09-29 16:09:26,144 DEBUG neo4j.io: [#C952]  S: SUCCESS {'statuses': [{'gql_status': '00000', 'status_description': 'note: successful completion'}], 'type': 'r', 't_last': 1, 'db': 'demo'}
2025-09-29 16:09:26,144 DEBUG neo4j.io: [#C952]  C: COMMIT
2025-09-29 16:09:26,144 DEBUG neo4j.io: [#C952]  _: <CONNECTION> client state: TX_READY_OR_TX_STREAMING > READY
2025-09-29 16:09:26,145 DEBUG neo4j.io: [#C952]  S: SUCCESS {'bookmark': 'FB:kcwQzLoRLE7LTq2NdyMZ91NVySeQ'}
2025-09-29 16:09:26,145 DEBUG neo4j.io: [#C952]  _: <CONNECTION> server state: TX_READY_OR_TX_STREAMING > READY
2025-09-29 16:09:26,145 DEBUG neo4j.pool: [#C952]  _: <POOL> released bolt-57180
2025-09-29 16:09:26,146 DEBUG neo4j: [#0000]  _: <WORKSPACE> routing towards fixed database: demo
2025-09-29 16:09:26,146 DEBUG neo4j: [#0000]  _: <WORKSPACE> pinning database: 'demo'
2025-09-29 16:09:26,146 DEBUG neo4j.pool: [#0000]  _: <POOL> acquire direct connection, access_mode='WRITE', database=AcquisitionDatabase(name='demo', guessed=False)
2025-09-29 16:09:26,146 DEBUG neo4j.pool: [#C952]  _: <POOL> picked existing connection bolt-57180
2025-09-29 16:09:26,146 DEBUG neo4j.pool: [#C952]  _: <POOL> checked re_auth auth=None updated=False force=False
2025-09-29 16:09:26,146 DEBUG neo4j.pool: [#C952]  _: <POOL> handing out existing connection
2025-09-29 16:09:26,146 DEBUG neo4j.io: [#C952]  C: BEGIN {'db': 'demo', 'bookmarks': ['FB:kcwQzLoRLE7LTq2NdyMZ91NVySeQ']}
2025-09-29 16:09:26,146 DEBUG neo4j.io: [#C952]  _: <CONNECTION> client state: READY > TX_READY_OR_TX_STREAMING
2025-09-29 16:09:26,146 DEBUG neo4j.io: [#C952]  C: RUN "MATCH ()-[n:`SOURCE`]->()\nWITH collect(distinct substring(toString(coalesce(n.`triplet_source_id`, '')), 0, 52)) AS `triplet_source_id_values`\nRETURN {`triplet_source_id`: {values:`triplet_source_id_values`[..10], distinct_count: size(`triplet_source_id_values`)}} AS output" {} {}
2025-09-29 16:09:26,146 DEBUG neo4j.io: [#C952]  C: PULL {'n': 1000}
2025-09-29 16:09:26,147 DEBUG neo4j.io: [#C952]  S: SUCCESS {}
2025-09-29 16:09:26,147 DEBUG neo4j.io: [#C952]  _: <CONNECTION> server state: READY > TX_READY_OR_TX_STREAMING
2025-09-29 16:09:26,148 DEBUG neo4j.io: [#C952]  S: SUCCESS {'t_first': 1, 'fields': ['output'], 'qid': 0}
2025-09-29 16:09:26,151 DEBUG neo4j.io: [#C952]  S: RECORD * 1
2025-09-29 16:09:26,151 DEBUG neo4j.io: [#C952]  S: SUCCESS {'statuses': [{'gql_status': '00000', 'status_description': 'note: successful completion'}], 'type': 'r', 't_last': 2, 'db': 'demo'}
2025-09-29 16:09:26,151 DEBUG neo4j.io: [#C952]  C: COMMIT
2025-09-29 16:09:26,151 DEBUG neo4j.io: [#C952]  _: <CONNECTION> client state: TX_READY_OR_TX_STREAMING > READY
2025-09-29 16:09:26,152 DEBUG neo4j.io: [#C952]  S: SUCCESS {'bookmark': 'FB:kcwQzLoRLE7LTq2NdyMZ91NVySeQ'}
2025-09-29 16:09:26,152 DEBUG neo4j.io: [#C952]  _: <CONNECTION> server state: TX_READY_OR_TX_STREAMING > READY
2025-09-29 16:09:26,152 DEBUG neo4j.pool: [#C952]  _: <POOL> released bolt-57180
2025-09-29 16:09:26,152 DEBUG neo4j: [#0000]  _: <WORKSPACE> routing towards fixed database: demo
2025-09-29 16:09:26,152 DEBUG neo4j: [#0000]  _: <WORKSPACE> pinning database: 'demo'
2025-09-29 16:09:26,152 DEBUG neo4j.pool: [#0000]  _: <POOL> acquire direct connection, access_mode='WRITE', database=AcquisitionDatabase(name='demo', guessed=False)
2025-09-29 16:09:26,152 DEBUG neo4j.pool: [#C952]  _: <POOL> picked existing connection bolt-57180
2025-09-29 16:09:26,152 DEBUG neo4j.pool: [#C952]  _: <POOL> checked re_auth auth=None updated=False force=False
2025-09-29 16:09:26,152 DEBUG neo4j.pool: [#C952]  _: <POOL> handing out existing connection
2025-09-29 16:09:26,152 DEBUG neo4j.io: [#C952]  C: BEGIN {'db': 'demo', 'bookmarks': ['FB:kcwQzLoRLE7LTq2NdyMZ91NVySeQ']}
2025-09-29 16:09:26,152 DEBUG neo4j.io: [#C952]  _: <CONNECTION> client state: READY > TX_READY_OR_TX_STREAMING
2025-09-29 16:09:26,153 DEBUG neo4j.io: [#C952]  C: RUN "MATCH ()-[n:`SOURCE`]->()\nWITH collect(distinct substring(toString(coalesce(n.`triplet_source_id`, '')), 0, 52)) AS `triplet_source_id_values`\nRETURN {`triplet_source_id`: {values:`triplet_source_id_values`[..10], distinct_count: size(`triplet_source_id_values`)}} AS output" {} {}
2025-09-29 16:09:26,153 DEBUG neo4j.io: [#C952]  C: PULL {'n': 1000}
2025-09-29 16:09:26,154 DEBUG neo4j.io: [#C952]  S: SUCCESS {}
2025-09-29 16:09:26,154 DEBUG neo4j.io: [#C952]  _: <CONNECTION> server state: READY > TX_READY_OR_TX_STREAMING
2025-09-29 16:09:26,155 DEBUG neo4j.io: [#C952]  S: SUCCESS {'t_first': 1, 'fields': ['output'], 'qid': 0}
2025-09-29 16:09:26,156 DEBUG neo4j.io: [#C952]  S: RECORD * 1
2025-09-29 16:09:26,157 DEBUG neo4j.io: [#C952]  S: SUCCESS {'statuses': [{'gql_status': '00000', 'status_description': 'note: successful completion'}], 'type': 'r', 't_last': 1, 'db': 'demo'}
2025-09-29 16:09:26,157 DEBUG neo4j.io: [#C952]  C: COMMIT
2025-09-29 16:09:26,157 DEBUG neo4j.io: [#C952]  _: <CONNECTION> client state: TX_READY_OR_TX_STREAMING > READY
2025-09-29 16:09:26,159 DEBUG neo4j.io: [#C952]  S: SUCCESS {'bookmark': 'FB:kcwQzLoRLE7LTq2NdyMZ91NVySeQ'}
2025-09-29 16:09:26,159 DEBUG neo4j.io: [#C952]  _: <CONNECTION> server state: TX_READY_OR_TX_STREAMING > READY
2025-09-29 16:09:26,159 DEBUG neo4j.pool: [#C952]  _: <POOL> released bolt-57180
2025-09-29 16:09:26,160 DEBUG neo4j: [#0000]  _: <WORKSPACE> routing towards fixed database: demo
2025-09-29 16:09:26,160 DEBUG neo4j: [#0000]  _: <WORKSPACE> pinning database: 'demo'
2025-09-29 16:09:26,160 DEBUG neo4j.pool: [#0000]  _: <POOL> acquire direct connection, access_mode='WRITE', database=AcquisitionDatabase(name='demo', guessed=False)
2025-09-29 16:09:26,160 DEBUG neo4j.pool: [#C952]  _: <POOL> picked existing connection bolt-57180
2025-09-29 16:09:26,160 DEBUG neo4j.pool: [#C952]  _: <POOL> checked re_auth auth=None updated=False force=False
2025-09-29 16:09:26,160 DEBUG neo4j.pool: [#C952]  _: <POOL> handing out existing connection
2025-09-29 16:09:26,161 DEBUG neo4j.io: [#C952]  C: BEGIN {'db': 'demo', 'bookmarks': ['FB:kcwQzLoRLE7LTq2NdyMZ91NVySeQ']}
2025-09-29 16:09:26,161 DEBUG neo4j.io: [#C952]  _: <CONNECTION> client state: READY > TX_READY_OR_TX_STREAMING
2025-09-29 16:09:26,161 DEBUG neo4j.io: [#C952]  C: RUN "MATCH ()-[n:`Works at`]->()\nWITH collect(distinct substring(toString(coalesce(n.`triplet_source_id`, '')), 0, 52)) AS `triplet_source_id_values`\nRETURN {`triplet_source_id`: {values:`triplet_source_id_values`[..10], distinct_count: size(`triplet_source_id_values`)}} AS output" {} {}
2025-09-29 16:09:26,161 DEBUG neo4j.io: [#C952]  C: PULL {'n': 1000}
2025-09-29 16:09:26,164 DEBUG neo4j.io: [#C952]  S: SUCCESS {}
2025-09-29 16:09:26,164 DEBUG neo4j.io: [#C952]  _: <CONNECTION> server state: READY > TX_READY_OR_TX_STREAMING
2025-09-29 16:09:26,167 DEBUG neo4j.io: [#C952]  S: SUCCESS {'t_first': 3, 'fields': ['output'], 'qid': 0}
2025-09-29 16:09:26,169 DEBUG neo4j.io: [#C952]  S: RECORD * 1
2025-09-29 16:09:26,169 DEBUG neo4j.io: [#C952]  S: SUCCESS {'statuses': [{'gql_status': '00000', 'status_description': 'note: successful completion'}], 'type': 'r', 't_last': 1, 'db': 'demo'}
2025-09-29 16:09:26,169 DEBUG neo4j.io: [#C952]  C: COMMIT
2025-09-29 16:09:26,169 DEBUG neo4j.io: [#C952]  _: <CONNECTION> client state: TX_READY_OR_TX_STREAMING > READY
2025-09-29 16:09:26,170 DEBUG neo4j.io: [#C952]  S: SUCCESS {'bookmark': 'FB:kcwQzLoRLE7LTq2NdyMZ91NVySeQ'}
2025-09-29 16:09:26,170 DEBUG neo4j.io: [#C952]  _: <CONNECTION> server state: TX_READY_OR_TX_STREAMING > READY
2025-09-29 16:09:26,170 DEBUG neo4j.pool: [#C952]  _: <POOL> released bolt-57180
2025-09-29 16:09:26,170 DEBUG neo4j: [#0000]  _: <WORKSPACE> routing towards fixed database: demo
2025-09-29 16:09:26,170 DEBUG neo4j: [#0000]  _: <WORKSPACE> pinning database: 'demo'
2025-09-29 16:09:26,170 DEBUG neo4j.pool: [#0000]  _: <POOL> acquire direct connection, access_mode='WRITE', database=AcquisitionDatabase(name='demo', guessed=False)
2025-09-29 16:09:26,171 DEBUG neo4j.pool: [#C952]  _: <POOL> picked existing connection bolt-57180
2025-09-29 16:09:26,171 DEBUG neo4j.pool: [#C952]  _: <POOL> checked re_auth auth=None updated=False force=False
2025-09-29 16:09:26,171 DEBUG neo4j.pool: [#C952]  _: <POOL> handing out existing connection
2025-09-29 16:09:26,171 DEBUG neo4j.io: [#C952]  C: BEGIN {'db': 'demo', 'bookmarks': ['FB:kcwQzLoRLE7LTq2NdyMZ91NVySeQ']}
2025-09-29 16:09:26,171 DEBUG neo4j.io: [#C952]  _: <CONNECTION> client state: READY > TX_READY_OR_TX_STREAMING
2025-09-29 16:09:26,171 DEBUG neo4j.io: [#C952]  C: RUN "MATCH ()-[n:`Is based in`]->()\nWITH collect(distinct substring(toString(coalesce(n.`triplet_source_id`, '')), 0, 52)) AS `triplet_source_id_values`\nRETURN {`triplet_source_id`: {values:`triplet_source_id_values`[..10], distinct_count: size(`triplet_source_id_values`)}} AS output" {} {}
2025-09-29 16:09:26,171 DEBUG neo4j.io: [#C952]  C: PULL {'n': 1000}
2025-09-29 16:09:26,173 DEBUG neo4j.io: [#C952]  S: SUCCESS {}
2025-09-29 16:09:26,173 DEBUG neo4j.io: [#C952]  _: <CONNECTION> server state: READY > TX_READY_OR_TX_STREAMING
2025-09-29 16:09:26,174 DEBUG neo4j.io: [#C952]  S: SUCCESS {'t_first': 1, 'fields': ['output'], 'qid': 0}
2025-09-29 16:09:26,179 DEBUG neo4j.io: [#C952]  S: RECORD * 1
2025-09-29 16:09:26,180 DEBUG neo4j.io: [#C952]  S: SUCCESS {'statuses': [{'gql_status': '00000', 'status_description': 'note: successful completion'}], 'type': 'r', 't_last': 4, 'db': 'demo'}
2025-09-29 16:09:26,180 DEBUG neo4j.io: [#C952]  C: COMMIT
2025-09-29 16:09:26,180 DEBUG neo4j.io: [#C952]  _: <CONNECTION> client state: TX_READY_OR_TX_STREAMING > READY
2025-09-29 16:09:26,180 DEBUG neo4j.io: [#C952]  S: SUCCESS {'bookmark': 'FB:kcwQzLoRLE7LTq2NdyMZ91NVySeQ'}
2025-09-29 16:09:26,182 DEBUG neo4j.io: [#C952]  _: <CONNECTION> server state: TX_READY_OR_TX_STREAMING > READY
2025-09-29 16:09:26,182 DEBUG neo4j.pool: [#C952]  _: <POOL> released bolt-57180
2025-09-29 16:09:26,182 DEBUG neo4j: [#0000]  _: <WORKSPACE> routing towards fixed database: demo
2025-09-29 16:09:26,182 DEBUG neo4j: [#0000]  _: <WORKSPACE> pinning database: 'demo'
2025-09-29 16:09:26,182 DEBUG neo4j.pool: [#0000]  _: <POOL> acquire direct connection, access_mode='WRITE', database=AcquisitionDatabase(name='demo', guessed=False)
2025-09-29 16:09:26,182 DEBUG neo4j.pool: [#C952]  _: <POOL> picked existing connection bolt-57180
2025-09-29 16:09:26,183 DEBUG neo4j.pool: [#C952]  _: <POOL> checked re_auth auth=None updated=False force=False
2025-09-29 16:09:26,183 DEBUG neo4j.pool: [#C952]  _: <POOL> handing out existing connection
2025-09-29 16:09:26,183 DEBUG neo4j.io: [#C952]  C: BEGIN {'db': 'demo', 'bookmarks': ['FB:kcwQzLoRLE7LTq2NdyMZ91NVySeQ']}
2025-09-29 16:09:26,183 DEBUG neo4j.io: [#C952]  _: <CONNECTION> client state: READY > TX_READY_OR_TX_STREAMING
2025-09-29 16:09:26,183 DEBUG neo4j.io: [#C952]  C: RUN "MATCH ()-[n:`Is based in`]->()\nWITH collect(distinct substring(toString(coalesce(n.`triplet_source_id`, '')), 0, 52)) AS `triplet_source_id_values`\nRETURN {`triplet_source_id`: {values:`triplet_source_id_values`[..10], distinct_count: size(`triplet_source_id_values`)}} AS output" {} {}
2025-09-29 16:09:26,183 DEBUG neo4j.io: [#C952]  C: PULL {'n': 1000}
2025-09-29 16:09:26,185 DEBUG neo4j.io: [#C952]  S: SUCCESS {}
2025-09-29 16:09:26,185 DEBUG neo4j.io: [#C952]  _: <CONNECTION> server state: READY > TX_READY_OR_TX_STREAMING
2025-09-29 16:09:26,187 DEBUG neo4j.io: [#C952]  S: SUCCESS {'t_first': 0, 'fields': ['output'], 'qid': 0}
2025-09-29 16:09:26,187 DEBUG neo4j.io: [#C952]  S: RECORD * 1
2025-09-29 16:09:26,187 DEBUG neo4j.io: [#C952]  S: SUCCESS {'statuses': [{'gql_status': '00000', 'status_description': 'note: successful completion'}], 'type': 'r', 't_last': 0, 'db': 'demo'}
2025-09-29 16:09:26,187 DEBUG neo4j.io: [#C952]  C: COMMIT
2025-09-29 16:09:26,187 DEBUG neo4j.io: [#C952]  _: <CONNECTION> client state: TX_READY_OR_TX_STREAMING > READY
2025-09-29 16:09:26,188 DEBUG neo4j.io: [#C952]  S: SUCCESS {'bookmark': 'FB:kcwQzLoRLE7LTq2NdyMZ91NVySeQ'}
2025-09-29 16:09:26,188 DEBUG neo4j.io: [#C952]  _: <CONNECTION> server state: TX_READY_OR_TX_STREAMING > READY
2025-09-29 16:09:26,188 DEBUG neo4j.pool: [#C952]  _: <POOL> released bolt-57180
2025-09-29 16:09:26,188 DEBUG neo4j: [#0000]  _: <WORKSPACE> routing towards fixed database: demo
2025-09-29 16:09:26,188 DEBUG neo4j: [#0000]  _: <WORKSPACE> pinning database: 'demo'
2025-09-29 16:09:26,188 DEBUG neo4j.pool: [#0000]  _: <POOL> acquire direct connection, access_mode='WRITE', database=AcquisitionDatabase(name='demo', guessed=False)
2025-09-29 16:09:26,188 DEBUG neo4j.pool: [#C952]  _: <POOL> picked existing connection bolt-57180
2025-09-29 16:09:26,189 DEBUG neo4j.pool: [#C952]  _: <POOL> checked re_auth auth=None updated=False force=False
2025-09-29 16:09:26,189 DEBUG neo4j.pool: [#C952]  _: <POOL> handing out existing connection
2025-09-29 16:09:26,189 DEBUG neo4j.io: [#C952]  C: BEGIN {'db': 'demo', 'bookmarks': ['FB:kcwQzLoRLE7LTq2NdyMZ91NVySeQ']}
2025-09-29 16:09:26,189 DEBUG neo4j.io: [#C952]  _: <CONNECTION> client state: READY > TX_READY_OR_TX_STREAMING
2025-09-29 16:09:26,189 DEBUG neo4j.io: [#C952]  C: RUN "MATCH ()-[n:`Is based in`]->()\nWITH collect(distinct substring(toString(coalesce(n.`triplet_source_id`, '')), 0, 52)) AS `triplet_source_id_values`\nRETURN {`triplet_source_id`: {values:`triplet_source_id_values`[..10], distinct_count: size(`triplet_source_id_values`)}} AS output" {} {}
2025-09-29 16:09:26,189 DEBUG neo4j.io: [#C952]  C: PULL {'n': 1000}
2025-09-29 16:09:26,190 DEBUG neo4j.io: [#C952]  S: SUCCESS {}
2025-09-29 16:09:26,190 DEBUG neo4j.io: [#C952]  _: <CONNECTION> server state: READY > TX_READY_OR_TX_STREAMING
2025-09-29 16:09:26,192 DEBUG neo4j.io: [#C952]  S: SUCCESS {'t_first': 2, 'fields': ['output'], 'qid': 0}
2025-09-29 16:09:26,196 DEBUG neo4j.io: [#C952]  S: RECORD * 1
2025-09-29 16:09:26,197 DEBUG neo4j.io: [#C952]  S: SUCCESS {'statuses': [{'gql_status': '00000', 'status_description': 'note: successful completion'}], 'type': 'r', 't_last': 3, 'db': 'demo'}
2025-09-29 16:09:26,197 DEBUG neo4j.io: [#C952]  C: COMMIT
2025-09-29 16:09:26,197 DEBUG neo4j.io: [#C952]  _: <CONNECTION> client state: TX_READY_OR_TX_STREAMING > READY
2025-09-29 16:09:26,198 DEBUG neo4j.io: [#C952]  S: SUCCESS {'bookmark': 'FB:kcwQzLoRLE7LTq2NdyMZ91NVySeQ'}
2025-09-29 16:09:26,198 DEBUG neo4j.io: [#C952]  _: <CONNECTION> server state: TX_READY_OR_TX_STREAMING > READY
2025-09-29 16:09:26,198 DEBUG neo4j.pool: [#C952]  _: <POOL> released bolt-57180
2025-09-29 16:09:26,198 DEBUG neo4j: [#0000]  _: <WORKSPACE> routing towards fixed database: demo
2025-09-29 16:09:26,198 DEBUG neo4j: [#0000]  _: <WORKSPACE> pinning database: 'demo'
2025-09-29 16:09:26,198 DEBUG neo4j.pool: [#0000]  _: <POOL> acquire direct connection, access_mode='WRITE', database=AcquisitionDatabase(name='demo', guessed=False)
2025-09-29 16:09:26,199 DEBUG neo4j.pool: [#C952]  _: <POOL> picked existing connection bolt-57180
2025-09-29 16:09:26,199 DEBUG neo4j.pool: [#C952]  _: <POOL> checked re_auth auth=None updated=False force=False
2025-09-29 16:09:26,199 DEBUG neo4j.pool: [#C952]  _: <POOL> handing out existing connection
2025-09-29 16:09:26,199 DEBUG neo4j.io: [#C952]  C: BEGIN {'db': 'demo', 'bookmarks': ['FB:kcwQzLoRLE7LTq2NdyMZ91NVySeQ']}
2025-09-29 16:09:26,199 DEBUG neo4j.io: [#C952]  _: <CONNECTION> client state: READY > TX_READY_OR_TX_STREAMING
2025-09-29 16:09:26,199 DEBUG neo4j.io: [#C952]  C: RUN "MATCH ()-[n:`SOURCE`]->()\nWITH collect(distinct substring(toString(coalesce(n.`triplet_source_id`, '')), 0, 52)) AS `triplet_source_id_values`\nRETURN {`triplet_source_id`: {values:`triplet_source_id_values`[..10], distinct_count: size(`triplet_source_id_values`)}} AS output" {} {}
2025-09-29 16:09:26,199 DEBUG neo4j.io: [#C952]  C: PULL {'n': 1000}
2025-09-29 16:09:26,201 DEBUG neo4j.io: [#C952]  S: SUCCESS {}
2025-09-29 16:09:26,202 DEBUG neo4j.io: [#C952]  _: <CONNECTION> server state: READY > TX_READY_OR_TX_STREAMING
2025-09-29 16:09:26,203 DEBUG neo4j.io: [#C952]  S: SUCCESS {'t_first': 2, 'fields': ['output'], 'qid': 0}
2025-09-29 16:09:26,205 DEBUG neo4j.io: [#C952]  S: RECORD * 1
2025-09-29 16:09:26,205 DEBUG neo4j.io: [#C952]  S: SUCCESS {'statuses': [{'gql_status': '00000', 'status_description': 'note: successful completion'}], 'type': 'r', 't_last': 2, 'db': 'demo'}
2025-09-29 16:09:26,205 DEBUG neo4j.io: [#C952]  C: COMMIT
2025-09-29 16:09:26,206 DEBUG neo4j.io: [#C952]  _: <CONNECTION> client state: TX_READY_OR_TX_STREAMING > READY
2025-09-29 16:09:26,206 DEBUG neo4j.io: [#C952]  S: SUCCESS {'bookmark': 'FB:kcwQzLoRLE7LTq2NdyMZ91NVySeQ'}
2025-09-29 16:09:26,206 DEBUG neo4j.io: [#C952]  _: <CONNECTION> server state: TX_READY_OR_TX_STREAMING > READY
2025-09-29 16:09:26,207 DEBUG neo4j.pool: [#C952]  _: <POOL> released bolt-57180
2025-09-29 16:09:26,207 DEBUG neo4j: [#0000]  _: <WORKSPACE> routing towards fixed database: demo
2025-09-29 16:09:26,207 DEBUG neo4j: [#0000]  _: <WORKSPACE> pinning database: 'demo'
2025-09-29 16:09:26,207 DEBUG neo4j.pool: [#0000]  _: <POOL> acquire direct connection, access_mode='WRITE', database=AcquisitionDatabase(name='demo', guessed=False)
2025-09-29 16:09:26,207 DEBUG neo4j.pool: [#C952]  _: <POOL> picked existing connection bolt-57180
2025-09-29 16:09:26,207 DEBUG neo4j.pool: [#C952]  _: <POOL> checked re_auth auth=None updated=False force=False
2025-09-29 16:09:26,207 DEBUG neo4j.pool: [#C952]  _: <POOL> handing out existing connection
2025-09-29 16:09:26,208 DEBUG neo4j.io: [#C952]  C: BEGIN {'db': 'demo', 'bookmarks': ['FB:kcwQzLoRLE7LTq2NdyMZ91NVySeQ']}
2025-09-29 16:09:26,208 DEBUG neo4j.io: [#C952]  _: <CONNECTION> client state: READY > TX_READY_OR_TX_STREAMING
2025-09-29 16:09:26,208 DEBUG neo4j.io: [#C952]  C: RUN "MATCH ()-[n:`Is based in`]->()\nWITH collect(distinct substring(toString(coalesce(n.`triplet_source_id`, '')), 0, 52)) AS `triplet_source_id_values`\nRETURN {`triplet_source_id`: {values:`triplet_source_id_values`[..10], distinct_count: size(`triplet_source_id_values`)}} AS output" {} {}
2025-09-29 16:09:26,208 DEBUG neo4j.io: [#C952]  C: PULL {'n': 1000}
2025-09-29 16:09:26,209 DEBUG neo4j.io: [#C952]  S: SUCCESS {}
2025-09-29 16:09:26,209 DEBUG neo4j.io: [#C952]  _: <CONNECTION> server state: READY > TX_READY_OR_TX_STREAMING
2025-09-29 16:09:26,212 DEBUG neo4j.io: [#C952]  S: SUCCESS {'t_first': 2, 'fields': ['output'], 'qid': 0}
2025-09-29 16:09:26,215 DEBUG neo4j.io: [#C952]  S: RECORD * 1
2025-09-29 16:09:26,215 DEBUG neo4j.io: [#C952]  S: SUCCESS {'statuses': [{'gql_status': '00000', 'status_description': 'note: successful completion'}], 'type': 'r', 't_last': 2, 'db': 'demo'}
2025-09-29 16:09:26,215 DEBUG neo4j.io: [#C952]  C: COMMIT
2025-09-29 16:09:26,216 DEBUG neo4j.io: [#C952]  _: <CONNECTION> client state: TX_READY_OR_TX_STREAMING > READY
2025-09-29 16:09:26,216 DEBUG neo4j.io: [#C952]  S: SUCCESS {'bookmark': 'FB:kcwQzLoRLE7LTq2NdyMZ91NVySeQ'}
2025-09-29 16:09:26,217 DEBUG neo4j.io: [#C952]  _: <CONNECTION> server state: TX_READY_OR_TX_STREAMING > READY
2025-09-29 16:09:26,217 DEBUG neo4j.pool: [#C952]  _: <POOL> released bolt-57180
2025-09-29 16:09:26,217 DEBUG asyncio: Using proactor: IocpProactor
2025-09-29 16:09:26,219 DEBUG openai._base_client: Request options: {'method': 'post', 'url': '/chat/completions', 'files': None, 'idempotency_key': 'stainless-python-retry-9a951b7a-57b5-4db4-bc41-57051ad0700a', 'json_data': {'messages': [{'role': 'user', 'content': "Given some initial query, generate synonyms or related keywords up to 10 in total, considering possible cases of capitalization, pluralization, common expressions, etc.\nProvide all synonyms/keywords separated by '^' symbols: 'keyword1^keyword2^...'\nNote, result should be in one-line, separated by '^' symbols.----\nQUERY: Where does ACME locate?\n----\nKEYWORDS: "}], 'model': 'gpt-3.5-turbo', 'stream': False, 'temperature': 0.1}}
2025-09-29 16:09:26,220 DEBUG openai._base_client: Sending HTTP Request: POST https://api.openai.com/v1/chat/completions
2025-09-29 16:09:26,221 DEBUG openai._base_client: Request options: {'method': 'post', 'url': '/embeddings', 'files': None, 'idempotency_key': 'stainless-python-retry-a3cce798-e01a-410b-bfe1-35ddd7ca68a9', 'post_parser': <function AsyncEmbeddings.create.<locals>.parser at 0x000001E6C32AE200>, 'json_data': {'input': ['Where does ACME locate?'], 'model': 'text-embedding-ada-002', 'encoding_format': 'base64'}}
2025-09-29 16:09:26,222 DEBUG openai._base_client: Sending HTTP Request: POST https://api.openai.com/v1/embeddings
2025-09-29 16:09:26,223 DEBUG httpcore.http11: send_request_headers.started request=<Request [b'POST']>
2025-09-29 16:09:26,223 DEBUG httpcore.http11: send_request_headers.started request=<Request [b'POST']>
2025-09-29 16:09:26,223 DEBUG httpcore.http11: send_request_headers.failed exception=AttributeError("'NoneType' object has no attribute 'send'")
2025-09-29 16:09:26,223 DEBUG httpcore.http11: response_closed.started
2025-09-29 16:09:26,223 DEBUG httpcore.http11: send_request_headers.failed exception=AttributeError("'NoneType' object has no attribute 'send'")
2025-09-29 16:09:26,223 DEBUG httpcore.http11: response_closed.started
2025-09-29 16:09:26,223 DEBUG httpcore.http11: response_closed.failed exception=RuntimeError('Event loop is closed')
2025-09-29 16:09:26,224 DEBUG openai._base_client: Encountered Exception
Traceback (most recent call last):
  File "C:\Users\akiro\workfolder\imabari3dcad\.venv\lib\site-packages\openai\_base_client.py", line 1529, in request
    response = await self._client.send(
  File "C:\Users\akiro\workfolder\imabari3dcad\.venv\lib\site-packages\httpx\_client.py", line 1629, in send
    response = await self._send_handling_auth(
  File "C:\Users\akiro\workfolder\imabari3dcad\.venv\lib\site-packages\httpx\_client.py", line 1657, in _send_handling_auth
    response = await self._send_handling_redirects(
  File "C:\Users\akiro\workfolder\imabari3dcad\.venv\lib\site-packages\httpx\_client.py", line 1694, in _send_handling_redirects
    response = await self._send_single_request(request)
  File "C:\Users\akiro\workfolder\imabari3dcad\.venv\lib\site-packages\httpx\_client.py", line 1730, in _send_single_request
    response = await transport.handle_async_request(request)
  File "C:\Users\akiro\workfolder\imabari3dcad\.venv\lib\site-packages\httpx\_transports\default.py", line 394, in handle_async_request
    resp = await self._pool.handle_async_request(req)
  File "C:\Users\akiro\workfolder\imabari3dcad\.venv\lib\site-packages\httpcore\_async\connection_pool.py", line 256, in handle_async_request
    raise exc from None
  File "C:\Users\akiro\workfolder\imabari3dcad\.venv\lib\site-packages\httpcore\_async\connection_pool.py", line 236, in handle_async_request
    response = await connection.handle_async_request(
  File "C:\Users\akiro\workfolder\imabari3dcad\.venv\lib\site-packages\httpcore\_async\connection.py", line 103, in handle_async_request
    return await self._connection.handle_async_request(request)
  File "C:\Users\akiro\workfolder\imabari3dcad\.venv\lib\site-packages\httpcore\_async\http11.py", line 135, in handle_async_request
    await self._response_closed()
  File "C:\Users\akiro\workfolder\imabari3dcad\.venv\lib\site-packages\httpcore\_async\http11.py", line 250, in _response_closed
    await self.aclose()
  File "C:\Users\akiro\workfolder\imabari3dcad\.venv\lib\site-packages\httpcore\_async\http11.py", line 258, in aclose
    await self._network_stream.aclose()
  File "C:\Users\akiro\workfolder\imabari3dcad\.venv\lib\site-packages\httpcore\_backends\anyio.py", line 53, in aclose
    await self._stream.aclose()
  File "C:\Users\akiro\workfolder\imabari3dcad\.venv\lib\site-packages\anyio\streams\tls.py", line 234, in aclose
    await self.transport_stream.aclose()
  File "C:\Users\akiro\workfolder\imabari3dcad\.venv\lib\site-packages\anyio\_backends\_asyncio.py", line 1314, in aclose
    self._transport.close()
  File "C:\Users\akiro\AppData\Local\Programs\Python\Python310\lib\asyncio\proactor_events.py", line 109, in close
    self._loop.call_soon(self._call_connection_lost, None)
  File "C:\Users\akiro\AppData\Local\Programs\Python\Python310\lib\asyncio\base_events.py", line 753, in call_soon
    self._check_closed()
  File "C:\Users\akiro\AppData\Local\Programs\Python\Python310\lib\asyncio\base_events.py", line 515, in _check_closed
    raise RuntimeError('Event loop is closed')
RuntimeError: Event loop is closed
2025-09-29 16:09:26,232 DEBUG openai._base_client: 3 retries left
2025-09-29 16:09:26,232 INFO openai._base_client: Retrying request to /chat/completions in 0.383555 seconds
2025-09-29 16:09:26,232 DEBUG httpcore.http11: response_closed.failed exception=RuntimeError('Event loop is closed')
2025-09-29 16:09:26,232 DEBUG openai._base_client: Encountered Exception
Traceback (most recent call last):
  File "C:\Users\akiro\workfolder\imabari3dcad\.venv\lib\site-packages\openai\_base_client.py", line 1529, in request
    response = await self._client.send(
  File "C:\Users\akiro\workfolder\imabari3dcad\.venv\lib\site-packages\httpx\_client.py", line 1629, in send
    response = await self._send_handling_auth(
  File "C:\Users\akiro\workfolder\imabari3dcad\.venv\lib\site-packages\httpx\_client.py", line 1657, in _send_handling_auth
    response = await self._send_handling_redirects(
  File "C:\Users\akiro\workfolder\imabari3dcad\.venv\lib\site-packages\httpx\_client.py", line 1694, in _send_handling_redirects
    response = await self._send_single_request(request)
  File "C:\Users\akiro\workfolder\imabari3dcad\.venv\lib\site-packages\httpx\_client.py", line 1730, in _send_single_request
    response = await transport.handle_async_request(request)
  File "C:\Users\akiro\workfolder\imabari3dcad\.venv\lib\site-packages\httpx\_transports\default.py", line 394, in handle_async_request
    resp = await self._pool.handle_async_request(req)
  File "C:\Users\akiro\workfolder\imabari3dcad\.venv\lib\site-packages\httpcore\_async\connection_pool.py", line 256, in handle_async_request
    raise exc from None
  File "C:\Users\akiro\workfolder\imabari3dcad\.venv\lib\site-packages\httpcore\_async\connection_pool.py", line 236, in handle_async_request
    response = await connection.handle_async_request(
  File "C:\Users\akiro\workfolder\imabari3dcad\.venv\lib\site-packages\httpcore\_async\connection.py", line 103, in handle_async_request
    return await self._connection.handle_async_request(request)
  File "C:\Users\akiro\workfolder\imabari3dcad\.venv\lib\site-packages\httpcore\_async\http11.py", line 135, in handle_async_request
    await self._response_closed()
  File "C:\Users\akiro\workfolder\imabari3dcad\.venv\lib\site-packages\httpcore\_async\http11.py", line 250, in _response_closed
    await self.aclose()
  File "C:\Users\akiro\workfolder\imabari3dcad\.venv\lib\site-packages\httpcore\_async\http11.py", line 258, in aclose
    await self._network_stream.aclose()
  File "C:\Users\akiro\workfolder\imabari3dcad\.venv\lib\site-packages\httpcore\_backends\anyio.py", line 53, in aclose
    await self._stream.aclose()
  File "C:\Users\akiro\workfolder\imabari3dcad\.venv\lib\site-packages\anyio\streams\tls.py", line 234, in aclose
    await self.transport_stream.aclose()
  File "C:\Users\akiro\workfolder\imabari3dcad\.venv\lib\site-packages\anyio\_backends\_asyncio.py", line 1314, in aclose
    self._transport.close()
  File "C:\Users\akiro\AppData\Local\Programs\Python\Python310\lib\asyncio\proactor_events.py", line 109, in close
    self._loop.call_soon(self._call_connection_lost, None)
  File "C:\Users\akiro\AppData\Local\Programs\Python\Python310\lib\asyncio\base_events.py", line 753, in call_soon
    self._check_closed()
  File "C:\Users\akiro\AppData\Local\Programs\Python\Python310\lib\asyncio\base_events.py", line 515, in _check_closed
    raise RuntimeError('Event loop is closed')
RuntimeError: Event loop is closed
2025-09-29 16:09:26,233 DEBUG openai._base_client: 10 retries left
2025-09-29 16:09:26,233 INFO openai._base_client: Retrying request to /embeddings in 0.456480 seconds
2025-09-29 16:09:26,618 DEBUG openai._base_client: Request options: {'method': 'post', 'url': '/chat/completions', 'files': None, 'idempotency_key': 'stainless-python-retry-9a951b7a-57b5-4db4-bc41-57051ad0700a', 'json_data': {'messages': [{'role': 'user', 'content': "Given some initial query, generate synonyms or related keywords up to 10 in total, considering possible cases of capitalization, pluralization, common expressions, etc.\nProvide all synonyms/keywords separated by '^' symbols: 'keyword1^keyword2^...'\nNote, result should be in one-line, separated by '^' symbols.----\nQUERY: Where does ACME locate?\n----\nKEYWORDS: "}], 'model': 'gpt-3.5-turbo', 'stream': False, 'temperature': 0.1}}
2025-09-29 16:09:26,619 DEBUG openai._base_client: Sending HTTP Request: POST https://api.openai.com/v1/chat/completions
2025-09-29 16:09:26,619 DEBUG httpcore.connection: connect_tcp.started host='api.openai.com' port=443 local_address=None timeout=60.0 socket_options=None
2025-09-29 16:09:26,633 DEBUG httpcore.connection: connect_tcp.complete return_value=<httpcore._backends.anyio.AnyIOStream object at 0x000001E6C4D15420>
2025-09-29 16:09:26,634 DEBUG httpcore.connection: start_tls.started ssl_context=<ssl.SSLContext object at 0x000001E6C3705040> server_hostname='api.openai.com' timeout=60.0
2025-09-29 16:09:26,650 DEBUG httpcore.connection: start_tls.complete return_value=<httpcore._backends.anyio.AnyIOStream object at 0x000001E6C4CC6B30>
2025-09-29 16:09:26,651 DEBUG httpcore.http11: send_request_headers.started request=<Request [b'POST']>
2025-09-29 16:09:26,651 DEBUG httpcore.http11: send_request_headers.complete
2025-09-29 16:09:26,651 DEBUG httpcore.http11: send_request_body.started request=<Request [b'POST']>
2025-09-29 16:09:26,651 DEBUG httpcore.http11: send_request_body.complete
2025-09-29 16:09:26,651 DEBUG httpcore.http11: receive_response_headers.started request=<Request [b'POST']>
2025-09-29 16:09:26,687 DEBUG openai._base_client: Request options: {'method': 'post', 'url': '/embeddings', 'files': None, 'idempotency_key': 'stainless-python-retry-a3cce798-e01a-410b-bfe1-35ddd7ca68a9', 'post_parser': <function AsyncEmbeddings.create.<locals>.parser at 0x000001E6C32AE200>, 'json_data': {'input': ['Where does ACME locate?'], 'model': 'text-embedding-ada-002', 'encoding_format': 'base64'}}
2025-09-29 16:09:26,688 DEBUG openai._base_client: Sending HTTP Request: POST https://api.openai.com/v1/embeddings
2025-09-29 16:09:26,688 DEBUG httpcore.connection: connect_tcp.started host='api.openai.com' port=443 local_address=None timeout=60.0 socket_options=None
2025-09-29 16:09:26,700 DEBUG httpcore.connection: connect_tcp.complete return_value=<httpcore._backends.anyio.AnyIOStream object at 0x000001E6C4CC67D0>
2025-09-29 16:09:26,700 DEBUG httpcore.connection: start_tls.started ssl_context=<ssl.SSLContext object at 0x000001E6C3704EC0> server_hostname='api.openai.com' timeout=60.0
2025-09-29 16:09:26,715 DEBUG httpcore.connection: start_tls.complete return_value=<httpcore._backends.anyio.AnyIOStream object at 0x000001E6C4CC5FF0>
2025-09-29 16:09:26,716 DEBUG httpcore.http11: send_request_headers.started request=<Request [b'POST']>
2025-09-29 16:09:26,716 DEBUG httpcore.http11: send_request_headers.complete
2025-09-29 16:09:26,716 DEBUG httpcore.http11: send_request_body.started request=<Request [b'POST']>
2025-09-29 16:09:26,717 DEBUG httpcore.http11: send_request_body.complete
2025-09-29 16:09:26,717 DEBUG httpcore.http11: receive_response_headers.started request=<Request [b'POST']>
2025-09-29 16:09:27,120 DEBUG httpcore.http11: receive_response_headers.complete return_value=(b'HTTP/1.1', 200, b'OK', [(b'Date', b'Mon, 29 Sep 2025 07:09:29 GMT'), (b'Content-Type', b'application/json'), (b'Transfer-Encoding', b'chunked'), (b'Connection', b'keep-alive'), (b'access-control-expose-headers', b'X-Request-ID'), (b'openai-organization', b'ehime-university-computer-science-lab'), (b'openai-processing-ms', b'267'), (b'openai-project', b'proj_J2ozYACnCAyF9swBaMOIo4Ft'), (b'openai-version', b'2020-10-01'), (b'x-envoy-upstream-service-time', b'286'), (b'x-ratelimit-limit-requests', b'10000'), (b'x-ratelimit-limit-tokens', b'200000'), (b'x-ratelimit-remaining-requests', b'9998'), (b'x-ratelimit-remaining-tokens', b'199907'), (b'x-ratelimit-reset-requests', b'15.076s'), (b'x-ratelimit-reset-tokens', b'27ms'), (b'x-request-id', b'req_674d8d287adf488391ffd3db8081795e'), (b'x-openai-proxy-wasm', b'v0.1'), (b'cf-cache-status', b'DYNAMIC'), (b'Strict-Transport-Security', b'max-age=31536000; includeSubDomains; preload'), (b'X-Content-Type-Options', b'nosniff'), (b'Server', b'cloudflare'), (b'CF-RAY', b'9869a7bf7d96963a-KIX'), (b'Content-Encoding', b'gzip'), (b'alt-svc', b'h3=":443"; ma=86400')])
2025-09-29 16:09:27,121 INFO httpx: HTTP Request: POST https://api.openai.com/v1/chat/completions "HTTP/1.1 200 OK"
2025-09-29 16:09:27,121 DEBUG httpcore.http11: receive_response_body.started request=<Request [b'POST']>
2025-09-29 16:09:27,121 DEBUG httpcore.http11: receive_response_body.complete
2025-09-29 16:09:27,121 DEBUG httpcore.http11: response_closed.started
2025-09-29 16:09:27,121 DEBUG httpcore.http11: response_closed.complete
2025-09-29 16:09:27,122 DEBUG openai._base_client: HTTP Response: POST https://api.openai.com/v1/chat/completions "200 OK" Headers({'date': 'Mon, 29 Sep 2025 07:09:29 GMT', 'content-type': 'application/json', 'transfer-encoding': 'chunked', 'connection': 'keep-alive', 'access-control-expose-headers': 'X-Request-ID', 'openai-organization': 'ehime-university-computer-science-lab', 'openai-processing-ms': '267', 'openai-project': 'proj_J2ozYACnCAyF9swBaMOIo4Ft', 'openai-version': '2020-10-01', 'x-envoy-upstream-service-time': '286', 'x-ratelimit-limit-requests': '10000', 'x-ratelimit-limit-tokens': '200000', 'x-ratelimit-remaining-requests': '9998', 'x-ratelimit-remaining-tokens': '199907', 'x-ratelimit-reset-requests': '15.076s', 'x-ratelimit-reset-tokens': '27ms', 'x-request-id': 'req_674d8d287adf488391ffd3db8081795e', 'x-openai-proxy-wasm': 'v0.1', 'cf-cache-status': 'DYNAMIC', 'strict-transport-security': 'max-age=31536000; includeSubDomains; preload', 'x-content-type-options': 'nosniff', 'server': 'cloudflare', 'cf-ray': '9869a7bf7d96963a-KIX', 'content-encoding': 'gzip', 'alt-svc': 'h3=":443"; ma=86400'})
2025-09-29 16:09:27,122 DEBUG openai._base_client: request_id: req_674d8d287adf488391ffd3db8081795e
2025-09-29 16:09:27,122 DEBUG neo4j: [#0000]  _: <WORKSPACE> routing towards fixed database: demo
2025-09-29 16:09:27,122 DEBUG neo4j: [#0000]  _: <WORKSPACE> pinning database: 'demo'
2025-09-29 16:09:27,122 DEBUG neo4j.pool: [#0000]  _: <POOL> acquire direct connection, access_mode='WRITE', database=AcquisitionDatabase(name='demo', guessed=False)
2025-09-29 16:09:27,122 DEBUG neo4j.pool: [#C952]  _: <POOL> picked existing connection bolt-57180
2025-09-29 16:09:27,122 DEBUG neo4j.pool: [#C952]  _: <POOL> checked re_auth auth=None updated=False force=False
2025-09-29 16:09:27,122 DEBUG neo4j.pool: [#C952]  _: <POOL> handing out existing connection
2025-09-29 16:09:27,123 DEBUG neo4j.io: [#C952]  C: BEGIN {'db': 'demo', 'bookmarks': ['FB:kcwQzLoRLE7LTq2NdyMZ91NVySeQ']}
2025-09-29 16:09:27,123 DEBUG neo4j.io: [#C952]  _: <CONNECTION> client state: READY > TX_READY_OR_TX_STREAMING
2025-09-29 16:09:27,123 DEBUG neo4j.io: [#C952]  C: RUN "MATCH (e: __Node__) WHERE e.id IS NOT NULL AND e.id in $ids \n        WITH e\n        RETURN e.id AS name,\n               [l in labels(e) WHERE l <> '__Entity__' | l][0] AS type,\n               e{.* , embedding: Null, id: Null} AS properties\n        " {'ids': ['Acme', 'Locate', 'Where', 'Location', 'Find', 'Place', 'Acme corporation', 'Acme inc', 'Acme headquarters', 'Acme address']} {}
2025-09-29 16:09:27,123 DEBUG neo4j.io: [#C952]  C: PULL {'n': 1000}
2025-09-29 16:09:27,124 DEBUG neo4j.io: [#C952]  S: SUCCESS {}
2025-09-29 16:09:27,124 DEBUG neo4j.io: [#C952]  _: <CONNECTION> server state: READY > TX_READY_OR_TX_STREAMING
2025-09-29 16:09:27,126 DEBUG neo4j.io: [#C952]  S: SUCCESS {'t_first': 1, 'fields': ['name', 'type', 'properties'], 'qid': 0}
2025-09-29 16:09:27,128 DEBUG neo4j.io: [#C952]  S: RECORD * 1
2025-09-29 16:09:27,129 DEBUG neo4j.io: [#C952]  S: SUCCESS {'statuses': [{'gql_status': '00000', 'status_description': 'note: successful completion'}], 'type': 'r', 't_last': 1, 'db': 'demo'}
2025-09-29 16:09:27,129 DEBUG neo4j.io: [#C952]  C: COMMIT
2025-09-29 16:09:27,129 DEBUG neo4j.io: [#C952]  _: <CONNECTION> client state: TX_READY_OR_TX_STREAMING > READY
2025-09-29 16:09:27,130 DEBUG neo4j.io: [#C952]  S: SUCCESS {'bookmark': 'FB:kcwQzLoRLE7LTq2NdyMZ91NVySeQ'}
2025-09-29 16:09:27,130 DEBUG neo4j.io: [#C952]  _: <CONNECTION> server state: TX_READY_OR_TX_STREAMING > READY
2025-09-29 16:09:27,130 DEBUG neo4j.pool: [#C952]  _: <POOL> released bolt-57180
2025-09-29 16:09:27,130 DEBUG neo4j: [#0000]  _: <WORKSPACE> routing towards fixed database: demo
2025-09-29 16:09:27,130 DEBUG neo4j: [#0000]  _: <WORKSPACE> pinning database: 'demo'
2025-09-29 16:09:27,130 DEBUG neo4j.pool: [#0000]  _: <POOL> acquire direct connection, access_mode='WRITE', database=AcquisitionDatabase(name='demo', guessed=False)
2025-09-29 16:09:27,130 DEBUG neo4j.pool: [#C952]  _: <POOL> picked existing connection bolt-57180
2025-09-29 16:09:27,130 DEBUG neo4j.pool: [#C952]  _: <POOL> checked re_auth auth=None updated=False force=False
2025-09-29 16:09:27,130 DEBUG neo4j.pool: [#C952]  _: <POOL> handing out existing connection
2025-09-29 16:09:27,130 DEBUG neo4j.io: [#C952]  C: BEGIN {'db': 'demo', 'bookmarks': ['FB:kcwQzLoRLE7LTq2NdyMZ91NVySeQ']}
2025-09-29 16:09:27,130 DEBUG neo4j.io: [#C952]  _: <CONNECTION> client state: READY > TX_READY_OR_TX_STREAMING
2025-09-29 16:09:27,131 DEBUG neo4j.io: [#C952]  C: RUN "\n            WITH $ids AS id_list\n            UNWIND range(0, size(id_list) - 1) AS idx\n            MATCH (e:`__Entity__`)\n            WHERE e.id = id_list[idx]\n            MATCH p=(e)-[r*1..1]-(other)\n            WHERE ALL(rel in relationships(p) WHERE type(rel) <> 'MENTIONS')\n            UNWIND relationships(p) AS rel\n            WITH distinct rel, idx\n            WITH startNode(rel) AS source,\n                type(rel) AS type,\n                rel{.*} AS rel_properties,\n                endNode(rel) AS endNode,\n                idx\n            LIMIT toInteger($limit)\n            RETURN source.id AS source_id, [l in labels(source)\n                   WHERE NOT l IN ['__Entity__', '__Node__'] | l][0] AS source_type,\n                source{.* , embedding: Null, id: Null} AS source_properties,\n                type,\n                rel_properties,\n                endNode.id AS target_id, [l in labels(endNode)\n                   WHERE NOT l IN ['__Entity__', '__Node__'] | l][0] AS target_type,\n                endNode{.* , embedding: Null, id: Null} AS target_properties,\n                idx\n            ORDER BY idx\n            LIMIT toInteger($limit)\n            " {'ids': ['Acme'], 'limit': 30} {}
2025-09-29 16:09:27,131 DEBUG neo4j.io: [#C952]  C: PULL {'n': 1000}
2025-09-29 16:09:27,132 DEBUG neo4j.io: [#C952]  S: SUCCESS {}
2025-09-29 16:09:27,133 DEBUG neo4j.io: [#C952]  _: <CONNECTION> server state: READY > TX_READY_OR_TX_STREAMING
2025-09-29 16:09:27,133 DEBUG neo4j.io: [#C952]  S: SUCCESS {'t_first': 1, 'fields': ['source_id', 'source_type', 'source_properties', 'type', 'rel_properties', 'target_id', 'target_type', 'target_properties', 'idx'], 'qid': 0}
2025-09-29 16:09:27,140 DEBUG neo4j.io: [#C952]  S: RECORD * 1
2025-09-29 16:09:27,140 DEBUG neo4j.io: [#C952]  S: RECORD * 1
2025-09-29 16:09:27,140 DEBUG neo4j.io: [#C952]  S: SUCCESS {'statuses': [{'gql_status': '00000', 'status_description': 'note: successful completion'}], 'type': 'r', 't_last': 7, 'db': 'demo'}
2025-09-29 16:09:27,140 DEBUG neo4j.io: [#C952]  C: COMMIT
2025-09-29 16:09:27,140 DEBUG neo4j.io: [#C952]  _: <CONNECTION> client state: TX_READY_OR_TX_STREAMING > READY
2025-09-29 16:09:27,142 DEBUG neo4j.io: [#C952]  S: SUCCESS {'bookmark': 'FB:kcwQzLoRLE7LTq2NdyMZ91NVySeQ'}
2025-09-29 16:09:27,143 DEBUG neo4j.io: [#C952]  _: <CONNECTION> server state: TX_READY_OR_TX_STREAMING > READY
2025-09-29 16:09:27,143 DEBUG neo4j.pool: [#C952]  _: <POOL> released bolt-57180
2025-09-29 16:09:27,143 DEBUG neo4j: [#0000]  _: <WORKSPACE> routing towards fixed database: demo
2025-09-29 16:09:27,143 DEBUG neo4j: [#0000]  _: <WORKSPACE> pinning database: 'demo'
2025-09-29 16:09:27,143 DEBUG neo4j.pool: [#0000]  _: <POOL> acquire direct connection, access_mode='WRITE', database=AcquisitionDatabase(name='demo', guessed=False)
2025-09-29 16:09:27,143 DEBUG neo4j.pool: [#C952]  _: <POOL> picked existing connection bolt-57180
2025-09-29 16:09:27,143 DEBUG neo4j.pool: [#C952]  _: <POOL> checked re_auth auth=None updated=False force=False
2025-09-29 16:09:27,143 DEBUG neo4j.pool: [#C952]  _: <POOL> handing out existing connection
2025-09-29 16:09:27,144 DEBUG neo4j.io: [#C952]  C: BEGIN {'db': 'demo', 'bookmarks': ['FB:kcwQzLoRLE7LTq2NdyMZ91NVySeQ']}
2025-09-29 16:09:27,144 DEBUG neo4j.io: [#C952]  _: <CONNECTION> client state: READY > TX_READY_OR_TX_STREAMING
2025-09-29 16:09:27,144 DEBUG neo4j.io: [#C952]  C: RUN "MATCH (e: __Node__) WHERE e.id IS NOT NULL AND e.id in $ids \n        WITH e\n        RETURN e.id AS name,\n               [l in labels(e) WHERE l <> '__Entity__' | l][0] AS type,\n               e{.* , embedding: Null, id: Null} AS properties\n        " {'ids': ['3f704b5c-0b52-4fc9-b3a7-213ca5155cfd', '3f704b5c-0b52-4fc9-b3a7-213ca5155cfd']} {}
2025-09-29 16:09:27,144 DEBUG neo4j.io: [#C952]  C: PULL {'n': 1000}
2025-09-29 16:09:27,145 DEBUG neo4j.io: [#C952]  S: SUCCESS {}
2025-09-29 16:09:27,145 DEBUG neo4j.io: [#C952]  _: <CONNECTION> server state: READY > TX_READY_OR_TX_STREAMING
2025-09-29 16:09:27,150 DEBUG neo4j.io: [#C952]  S: SUCCESS {'t_first': 4, 'fields': ['name', 'type', 'properties'], 'qid': 0}
2025-09-29 16:09:27,151 DEBUG neo4j.io: [#C952]  S: RECORD * 1
2025-09-29 16:09:27,151 DEBUG neo4j.io: [#C952]  S: SUCCESS {'statuses': [{'gql_status': '00000', 'status_description': 'note: successful completion'}], 'type': 'r', 't_last': 0, 'db': 'demo'}
2025-09-29 16:09:27,151 DEBUG neo4j.io: [#C952]  C: COMMIT
2025-09-29 16:09:27,151 DEBUG neo4j.io: [#C952]  _: <CONNECTION> client state: TX_READY_OR_TX_STREAMING > READY
2025-09-29 16:09:27,152 DEBUG neo4j.io: [#C952]  S: SUCCESS {'bookmark': 'FB:kcwQzLoRLE7LTq2NdyMZ91NVySeQ'}
2025-09-29 16:09:27,152 DEBUG neo4j.io: [#C952]  _: <CONNECTION> server state: TX_READY_OR_TX_STREAMING > READY
2025-09-29 16:09:27,152 DEBUG neo4j.pool: [#C952]  _: <POOL> released bolt-57180
2025-09-29 16:09:27,842 DEBUG httpcore.http11: receive_response_headers.complete return_value=(b'HTTP/1.1', 200, b'OK', [(b'Date', b'Mon, 29 Sep 2025 07:09:30 GMT'), (b'Content-Type', b'application/json'), (b'Transfer-Encoding', b'chunked'), (b'Connection', b'keep-alive'), (b'access-control-allow-origin', b'*'), (b'access-control-expose-headers', b'X-Request-ID'), (b'openai-model', b'text-embedding-ada-002-v2'), (b'openai-organization', b'ehime-university-computer-science-lab'), (b'openai-processing-ms', b'37'), (b'openai-project', b'proj_J2ozYACnCAyF9swBaMOIo4Ft'), (b'openai-version', b'2020-10-01'), (b'strict-transport-security', b'max-age=31536000; includeSubDomains; preload'), (b'via', b'envoy-router-58f7bf6bb7-xs4df'), (b'x-envoy-upstream-service-time', b'200'), (b'x-ratelimit-limit-requests', b'3000'), (b'x-ratelimit-limit-tokens', b'1000000'), (b'x-ratelimit-remaining-requests', b'2999'), (b'x-ratelimit-remaining-tokens', b'999995'), (b'x-ratelimit-reset-requests', b'20ms'), (b'x-ratelimit-reset-tokens', b'0s'), (b'x-request-id', b'req_e948db4a051d4a2085dbb3ec9d07416e'), (b'x-openai-proxy-wasm', b'v0.1'), (b'cf-cache-status', b'DYNAMIC'), (b'X-Content-Type-Options', b'nosniff'), (b'Server', b'cloudflare'), (b'CF-RAY', b'9869a7bfe9658382-KIX'), (b'Content-Encoding', b'gzip'), (b'alt-svc', b'h3=":443"; ma=86400')])
2025-09-29 16:09:27,843 INFO httpx: HTTP Request: POST https://api.openai.com/v1/embeddings "HTTP/1.1 200 OK"
2025-09-29 16:09:27,843 DEBUG httpcore.http11: receive_response_body.started request=<Request [b'POST']>
2025-09-29 16:09:27,844 DEBUG httpcore.http11: receive_response_body.complete
2025-09-29 16:09:27,845 DEBUG httpcore.http11: response_closed.started
2025-09-29 16:09:27,845 DEBUG httpcore.http11: response_closed.complete
2025-09-29 16:09:27,845 DEBUG openai._base_client: HTTP Response: POST https://api.openai.com/v1/embeddings "200 OK" Headers({'date': 'Mon, 29 Sep 2025 07:09:30 GMT', 'content-type': 'application/json', 'transfer-encoding': 'chunked', 'connection': 'keep-alive', 'access-control-allow-origin': '*', 'access-control-expose-headers': 'X-Request-ID', 'openai-model': 'text-embedding-ada-002-v2', 'openai-organization': 'ehime-university-computer-science-lab', 'openai-processing-ms': '37', 'openai-project': 'proj_J2ozYACnCAyF9swBaMOIo4Ft', 'openai-version': '2020-10-01', 'strict-transport-security': 'max-age=31536000; includeSubDomains; preload', 'via': 'envoy-router-58f7bf6bb7-xs4df', 'x-envoy-upstream-service-time': '200', 'x-ratelimit-limit-requests': '3000', 'x-ratelimit-limit-tokens': '1000000', 'x-ratelimit-remaining-requests': '2999', 'x-ratelimit-remaining-tokens': '999995', 'x-ratelimit-reset-requests': '20ms', 'x-ratelimit-reset-tokens': '0s', 'x-request-id': 'req_e948db4a051d4a2085dbb3ec9d07416e', 'x-openai-proxy-wasm': 'v0.1', 'cf-cache-status': 'DYNAMIC', 'x-content-type-options': 'nosniff', 'server': 'cloudflare', 'cf-ray': '9869a7bfe9658382-KIX', 'content-encoding': 'gzip', 'alt-svc': 'h3=":443"; ma=86400'})
2025-09-29 16:09:27,845 DEBUG openai._base_client: request_id: req_e948db4a051d4a2085dbb3ec9d07416e
2025-09-29 16:09:27,848 DEBUG neo4j: [#0000]  _: <WORKSPACE> routing towards fixed database: demo
2025-09-29 16:09:27,848 DEBUG neo4j: [#0000]  _: <WORKSPACE> pinning database: 'demo'
2025-09-29 16:09:27,848 DEBUG neo4j.pool: [#0000]  _: <POOL> acquire direct connection, access_mode='WRITE', database=AcquisitionDatabase(name='demo', guessed=False)
2025-09-29 16:09:27,848 DEBUG neo4j.pool: [#C952]  _: <POOL> picked existing connection bolt-57180
2025-09-29 16:09:27,848 DEBUG neo4j.pool: [#C952]  _: <POOL> checked re_auth auth=None updated=False force=False
2025-09-29 16:09:27,848 DEBUG neo4j.pool: [#C952]  _: <POOL> handing out existing connection
2025-09-29 16:09:27,848 DEBUG neo4j.io: [#C952]  C: BEGIN {'db': 'demo', 'bookmarks': ['FB:kcwQzLoRLE7LTq2NdyMZ91NVySeQ']}
2025-09-29 16:09:27,848 DEBUG neo4j.io: [#C952]  _: <CONNECTION> client state: READY > TX_READY_OR_TX_STREAMING
2025-09-29 16:09:27,850 DEBUG neo4j.io: [#C952]  C: RUN "CALL db.index.vector.queryNodes('entity', $limit, $embedding)\n                YIELD node, score RETURN node.id AS name,\n                [l in labels(node) WHERE NOT l IN ['__Entity__', '__Node__'] | l][0] AS type,\n                node{.* , embedding: Null, name: Null, id: Null} AS properties,\n                score\n                " {'embedding': [0.0003099682508036494, -0.005477435886859894, -0.001851827371865511, -0.018021615222096443, -0.036866266280412674, 0.044358715415000916, -0.017439816147089005, 0.010812968946993351, 0.01630459539592266, 0.003371957689523697, 0.040243543684482574, -0.020604241639375687, -0.009997029788792133, -0.01651744917035103, -0.01478623878210783, -0.004970134701579809, 0.005303605459630489, -0.0033098754938691854, -0.01370778027921915, -0.0043635014444589615, -7.682689465582371e-05, -0.001826994470320642, -0.013360118493437767, -0.026862140744924545, 0.021682700142264366, 0.01370778027921915, 0.009216566570103168, -0.03641217574477196, -0.004927563946694136, 0.0027014685329049826, 0.01942645013332367, -0.006229518912732601, -0.026152627542614937, 0.0168012548238039, -0.0012407598551362753, 0.0024016995448619127, 0.00676165334880352, -0.02173946052789688, -0.0014748988905921578, -0.015666034072637558, 0.009876413270831108, 0.0021764293778687716, -0.010181503370404243, -0.01726953312754631, 0.004806946497410536, 0.02400990016758442, 0.012749938294291496, 0.012600940652191639, -0.02859335020184517, 0.00365044130012393, -0.018390562385320663, 0.008365151472389698, -0.0017657990101724863, -0.004207408521324396, -0.010344691574573517, -0.02727365680038929, -0.02037719637155533, 0.00042725951061584055, 0.01140895951539278, -0.019341308623552322, 0.004338668659329414, -0.002240285510197282, -0.01787971332669258, 0.005658361595124006, 0.006949674338102341, -0.0024815197102725506, -0.0006376742967404425, 0.0074356901459395885, -0.010777493938803673, -0.027458131313323975, 0.029231911525130272, 0.016332976520061493, -0.0015999504830688238, -0.02149822562932968, 0.03451068326830864, -0.0185750350356102, -0.005062371026724577, -0.0077194953337311745, -0.009372659027576447, 0.030083326622843742, 0.014828809536993504, -0.019398069009184837, -0.016318785026669502, 0.04620344936847687, -0.0014624824980273843, -0.02076033316552639, 0.008656051941215992, 0.0006518645095638931, -0.00893276184797287, -0.009110139682888985, 0.01423991471529007, 0.031559113413095474, 0.023456480354070663, 0.009308802895247936, -0.029515717178583145, -0.009585512802004814, 0.011245772242546082, 0.031190166249871254, -0.0036752743180841208, -0.021398894488811493, -0.003629155922681093, 0.005317795556038618, -0.010224074125289917, -0.024095041677355766, -0.04078277572989464, -0.008911476470530033, -0.012331325560808182, -0.018390562385320663, 0.011125154793262482, -0.017070868983864784, -0.02063262090086937, 0.015013283118605614, 0.0017631383379921317, -0.019596733152866364, -0.020476529374718666, -0.003093474078923464, 0.01606336049735546, -0.02244897373020649, 0.00833677127957344, -0.009436515159904957, 0.02029205486178398, 0.055569011718034744, 0.019355498254299164, -0.009088854305446148, 0.019227785989642143, -0.008507054299116135, -0.04106657952070236, -0.020788714289665222, -0.008570910431444645, -0.028054121881723404, 0.03334708511829376, -0.004398976918309927, 0.007371834013611078, 0.008187773637473583, 0.005285867489874363, -0.013047933578491211, -0.015410609543323517, 0.020675191655755043, -0.013225311413407326, -0.004544427152723074, 0.012693176977336407, 0.02909000962972641, -0.02029205486178398, 0.028337925672531128, -0.025145120918750763, 0.0318429172039032, 0.016474878415465355, -0.004253527149558067, -0.002495710039511323, -0.011792096309363842, 0.0012345516588538885, -0.019582543522119522, 0.00477147102355957, 0.0013525080867111683, 0.011990759521722794, 0.019014932215213776, 0.01188433263450861, 0.017113439738750458, -0.01714182086288929, -0.030707698315382004, -0.02630872093141079, 0.01080587413161993, 0.014573385007679462, -0.015240326523780823, 0.006683607120066881, 0.019270356744527817, 0.04384786635637283, -0.0005778091726824641, -0.018418941646814346, -0.006807771511375904, -0.009691939689218998, 0.018035804852843285, -0.02016434259712696, 0.018518274649977684, 0.008648956194519997, 0.017652669921517372, 0.022888870909810066, 0.01629040576517582, -0.0129840774461627, -0.02050490863621235, 0.023967329412698746, -0.009202376008033752, 0.01738305389881134, 0.01846151240170002, -0.0188162699341774, 0.014034155756235123, 0.00868443213403225, -0.005058823619037867, 0.02656414546072483, -0.011742430739104748, -0.009968649595975876, 0.0019547066185623407, -0.0038845804519951344, -0.013693589717149734, -0.6361772418022156, -0.029260292649269104, 0.0018589225364848971, -0.028806203976273537, 0.01714182086288929, 0.02423694357275963, 0.030225228518247604, 0.01478623878210783, -0.013594257645308971, 0.020561670884490013, -0.01944063976407051, 0.014488243497908115, -0.0047501856461167336, -0.0005228219670243561, -0.007535021752119064, -0.018333800137043, 0.012948601506650448, -0.012451943010091782, 0.023272007703781128, 0.002304141642525792, -0.01025955006480217, 0.005353271029889584, 0.005512911360710859, -0.003574168775230646, 0.017581718042492867, 0.004328025970607996, 0.026706047356128693, -0.02017853409051895, -0.007648543920367956, -0.010593020357191563, -0.030849600210785866, 0.029373813420534134, -0.006864532828330994, 0.01231713593006134, 0.037490636110305786, 0.02173946052789688, -0.024818744510412216, -0.014438577927649021, -0.01738305389881134, 0.019880538806319237, -0.0029976898804306984, -0.030225228518247604, 0.011579242534935474, 0.007847207598388195, 0.013821301981806755, 0.0005849042790941894, 0.03124692663550377, -0.01140186470001936, 0.004086791537702084, -0.004931111354380846, 0.004200313705950975, -0.009699034504592419, 0.004175480455160141, 0.00202388409525156, 0.015112614259123802, 0.018631795421242714, 0.040839534252882004, 0.007698209956288338, -0.005048180930316448, 0.02534378319978714, 0.0019547066185623407, 0.029231911525130272, -0.014019965194165707, -0.051595743745565414, 0.0040016500279307365, -0.008138107135891914, -0.006013117730617523, 0.002791931387037039, 0.005417127162218094, -0.019227785989642143, 0.01579374633729458, 0.020363006740808487, -0.022605065256357193, 0.013622638769447803, -0.000828355725388974, 0.011047108098864555, 0.004051316063851118, -0.008386436849832535, 0.00471116229891777, -0.0006908877403475344, 0.0042854552157223225, -0.00424997927621007, 0.0019085884559899569, -0.032892994582653046, 0.031105024740099907, 0.0013560556108132005, -0.0015476240077987313, -0.003845557337626815, -0.0014305544318631291, 0.0007330150110647082, 0.03961917385458946, 0.034709349274635315, -0.0035315980203449726, -0.03865423798561096, -0.007882682606577873, 0.005385199096053839, 0.003951983992010355, 0.020490719005465508, 0.0024229849223047495, -0.011997855268418789, 0.0009197054896503687, 0.005339080933481455, 0.005903143435716629, -0.009202376008033752, 0.0313604474067688, 0.001248741871677339, -0.019142644479870796, 0.006360779050737619, 0.028068311512470245, -0.028295354917645454, -0.030594175681471825, -0.011068393476307392, -0.0414922870695591, -0.000540116336196661, -0.015368038788437843, -0.029146770015358925, 0.006374969147145748, 0.01152957696467638, -0.006406897213310003, -0.019610922783613205, 0.028635920956730843, 0.014076726511120796, 0.01020278874784708, -0.007861397229135036, 0.0040619587525725365, -0.00881923921406269, 0.029019057750701904, -0.0247619841247797, 0.010529164224863052, -0.007205098867416382, -0.006875175517052412, 0.0038632950745522976, -0.0005747050745412707, -0.020135963335633278, 0.021072518080472946, 0.03839881345629692, 0.022363832220435143, -0.016474878415465355, -0.016318785026669502, -0.01579374633729458, -0.0413220040500164, -0.0161626935005188, -0.013218216598033905, -0.0002261570916743949, -0.021441465243697166, -0.0018890767823904753, -0.00015742307004984468, 0.027670985087752342, -0.010912301018834114, 0.0005086316959932446, 0.005484531167894602, -0.0025347331538796425, -0.028082501143217087, 0.030111707746982574, -0.023272007703781128, -0.016602590680122375, 0.002408794593065977, -0.027472320944070816, 0.00044189320760779083, -0.004242884460836649, 0.01260803546756506, 0.03209834173321724, -0.0009321219404228032, 0.005048180930316448, 0.005956356879323721, 0.022392211481928825, 0.00365044130012393, 0.02198069542646408, 0.0056299809366464615, -0.024705221876502037, 0.005115584470331669, 0.004909825976938009, 0.000566723058000207, 0.010763303376734257, -0.0011024049017578363, -0.010103456676006317, -0.013572972267866135, 0.01580793596804142, -0.009940269403159618, 0.003155556507408619, 0.004452190361917019, 0.009762890636920929, 0.002829180797562003, 0.020008251070976257, 0.00549517385661602, 0.0006394480587914586, 0.03292137756943703, -0.002025658031925559, -0.020476529374718666, 0.01726953312754631, -0.019241977483034134, 0.01345235574990511, -0.002183524426072836, -0.006878722924739122, 0.005924428813159466, -0.0010757981799542904, 0.01068525668233633, 0.01630459539592266, -0.015311278402805328, 0.02725946716964245, 0.005800263956189156, 0.02545730583369732, 0.027074994519352913, 0.003987459931522608, 0.008634766563773155, -0.016375547274947166, -0.02017853409051895, -0.05383780226111412, 0.029175151139497757, 0.003238924313336611, 0.005012705456465483, -0.03127530589699745, 0.0062933750450611115, -0.00035719515290111303, -0.007492450997233391, 0.01968187466263771, 0.017354674637317657, 0.012693176977336407, 0.0028930369298905134, 0.006793581414967775, 0.004838874563574791, -0.009159805253148079, 0.014197343960404396, -0.01919940672814846, -0.0024229849223047495, 0.0028362758457660675, 0.004462833050638437, 0.015084234066307545, 0.0010367750655859709, -0.016560019925236702, -0.010160217992961407, -0.019043313339352608, 0.036270275712013245, 0.008996617048978806, 0.02873525395989418, -0.0026535764336586, -0.0007640561670996249, -0.000691774592269212, 0.006268542259931564, 0.008201963268220425, 0.009635178372263908, 0.004849517252296209, 0.030565794557332993, -0.005612243432551622, 0.0119410939514637, 0.010209883563220501, 0.017113439738750458, 0.022477352991700172, 0.007244121748954058, 0.008648956194519997, -0.024946456775069237, -0.025755301117897034, -0.00820905901491642, 0.011792096309363842, 0.01701410859823227, 0.01699991710484028, 0.021909743547439575, -0.007279597222805023, 0.014069631695747375, 0.029487336054444313, -0.0038313670083880424, -0.00015243430971167982, 0.011068393476307392, 0.007577592507004738, 0.013282072730362415, -0.006353683769702911, -0.0006208233535289764, -0.013076313771307468, 0.003951983992010355, -0.007279597222805023, 0.0006186061655171216, -0.0034446828067302704, 0.02450655959546566, -0.01013183780014515, 0.026847949251532555, 0.00868443213403225, -0.0271743256598711, -0.016489068046212196, -0.0005370122380554676, 0.003551109693944454, -0.03680950403213501, -0.039789456874132156, 0.02270439825952053, 0.017908094450831413, -0.0052752248011529446, 0.013956109061837196, -0.009918984025716782, 0.015651844441890717, -0.012430657632648945, 0.02669185772538185, 0.019369689747691154, 0.004693424794822931, -0.02569854073226452, 0.0012584977084770799, 0.00503753824159503, -0.0030083325691521168, 0.01171405054628849, -0.03419850021600723, 0.004179028328508139, 0.003820724319666624, -0.009918984025716782, -0.007084481418132782, -0.009911888279020786, -0.02111508883535862, 0.04384786635637283, 0.0022633445914834738, 0.004019387997686863, -0.032183483242988586, -0.015864698216319084, -0.02137051336467266, 0.004100981634110212, 0.010961966589093208, 0.0069709597155451775, -0.007563402410596609, -0.0030846053268760443, 0.015368038788437843, -0.017184391617774963, -0.016716113314032555, 0.041832853108644485, 0.004817589186131954, -0.025868823751807213, -0.039278607815504074, -0.015580892562866211, -0.013970299623906612, 0.039789456874132156, 0.004792756401002407, -0.014899760484695435, 0.015438990667462349, -0.003437587758526206, -0.0031715205404907465, -0.00789687316864729, -0.016503259539604187, -0.0014695775462314487, -0.0022562495432794094, -0.01665935106575489, -0.007613068446516991, 0.00862057600170374, 0.007247669622302055, 0.03031037002801895, -0.0037320354022085667, 0.014481148682534695, -0.016375547274947166, -0.01580793596804142, 0.007676924578845501, 0.004186123143881559, -0.020079201087355614, 0.017709430307149887, 0.024336276575922966, 0.008507054299116135, 0.006328850984573364, 0.017922284081578255, 0.008634766563773155, 0.0021090256050229073, -0.025911394506692886, 0.014098011888563633, -0.009982840158045292, 0.0001688417833065614, 0.020547479391098022, 0.004718257579952478, 0.013026648201048374, -0.008968236856162548, 0.025400545448064804, 0.0002962214348372072, 0.009833842515945435, 0.029714379459619522, -0.006914198398590088, -0.0008239212911576033, -0.026578335091471672, 0.0021001568529754877, -0.022264499217271805, 0.009152710437774658, 0.03016846813261509, 0.021540796384215355, -0.011032918468117714, 0.006105354521423578, -0.008464483544230461, 0.004523141775280237, -0.02183879166841507, 0.015254517085850239, 0.0057683358900249004, 0.0008372246520593762, 0.015211946330964565, -0.0002465555735398084, -0.053553998470306396, -0.022179357707500458, -0.0016575984191149473, 0.0029302863404154778, -0.011955284513533115, -0.03930698707699776, -0.036752741783857346, -0.007620163261890411, -0.009926078841090202, -0.027600033208727837, -0.00923075620085001, -0.009918984025716782, -0.027372989803552628, -0.03221186250448227, 0.01643230766057968, 0.030253609642386436, 0.0032743997871875763, 0.021186040714383125, -0.02208002656698227, -0.002917869947850704, 0.013076313771307468, -0.008429007604718208, -0.011550862342119217, -0.012338421307504177, -0.0034712895285338163, -0.02994142472743988, 0.012210709042847157, 0.02339971996843815, -0.004892088007181883, -0.008301295340061188, 0.016247835010290146, -0.0026677667628973722, 0.016503259539604187, 0.028948107734322548, -0.019894728437066078, 0.006562989670783281, -0.004814041778445244, 0.018007425591349602, 0.0557960569858551, -0.011189010925590992, -0.030480653047561646, 0.022874681279063225, -0.00881214439868927, 0.02074614353477955, -0.011742430739104748, -0.01226037461310625, 0.004452190361917019, -0.002219000132754445, 0.02283211052417755, -0.001008394523523748, -0.007996205240488052, 0.026393862441182137, -0.011025822721421719, 0.004785661119967699, -0.004615378100425005, 0.0017782155191525817, 0.02196650393307209, 0.003760415827855468, 0.000782680872362107, -0.02979952096939087, -0.003820724319666624, 0.01980958692729473, -0.03802986443042755, 0.03661084175109863, 0.015893077477812767, -0.006282732356339693, 0.04691296070814133, -0.01020278874784708, 0.022661827504634857, -0.02283211052417755, -0.0025524708908051252, -0.017539147287607193, 0.006133734714239836, -0.008535434491932392, -0.03499315306544304, -0.011132249608635902, -0.03005494549870491, 0.015070043504238129, 0.015211946330964565, -0.009315897710621357, -0.020831285044550896, 0.01062140055000782, 0.0006123979110270739, -0.021469846367836, 0.015438990667462349, -0.01797904446721077, -0.0288629662245512, -0.008457387797534466, 0.005324890837073326, -0.0011981891002506018, 0.0032797211315482855, 0.00669779721647501, 0.016489068046212196, -0.004445095546543598, -0.016006600111722946, -0.028394687920808792, -0.013984490185976028, 0.011110964231193066, 0.006045045796781778, 0.024463988840579987, -0.007662734016776085, 0.03575942665338516, 0.01099034771323204, 0.038569096475839615, -0.003549335990101099, -0.014587575569748878, -0.0010908753611147404, -0.0074356901459395885, 0.033630888909101486, -0.023470671847462654, -0.02135632373392582, 0.002900131978094578, 0.007386024110019207, 0.01020278874784708, -0.01146572083234787, -0.023825427517294884, 0.03837043046951294, 0.0069709597155451775, -0.014481148682534695, -0.00017250020755454898, -0.05236201733350754, 0.0012700272491201758, -0.00972741562873125, 8.90216397237964e-05, 0.02581206150352955, -0.024307895451784134, -0.005615790840238333, 0.04237208142876625, 0.031076643615961075, 0.016843825578689575, -0.028408877551555634, 0.04552231729030609, -0.013835492543876171, 0.038824521005153656, 0.006775843445211649, 0.006009570322930813, -0.0004214947111904621, -0.005356818903237581, -0.015169375576078892, -0.0008070704061537981, 0.030934741720557213, -0.016928967088460922, -0.004693424794822931, 0.027486510574817657, -0.009252041578292847, 0.009514561854302883, 0.024591701105237007, 0.006140829995274544, -0.0022633445914834738, 0.001878434093669057, -0.014644335955381393, 0.002052264753729105, -0.0010811195243149996, 0.0008554059313610196, -0.016574209555983543, 0.0262093897908926, -0.015765365213155746, -0.0006518645095638931, 0.01690058596432209, -0.038796138018369675, -0.0007033041911199689, 0.015438990667462349, -0.0010190372122451663, 0.024676842615008354, -0.009848032146692276, 0.02027786523103714, 0.007155432831496, 0.003439361462369561, -0.011834667064249516, 0.002992368536069989, -0.0024407226592302322, -0.001880207913927734, 0.03101988323032856, 0.028692683205008507, -0.0008651617099530995, -0.016744492575526237, 0.003425171133130789, -0.004012292716652155, 0.019951488822698593, -0.02618100866675377, 0.015552512370049953, 0.017454005777835846, 0.007336358539760113, -0.01834799163043499, -0.027060803025960922, -0.007684019394218922, -0.008641861379146576, -0.008719908073544502, -0.008641861379146576, -0.007982014678418636, -0.009656463749706745, -0.004239336587488651, 0.007825922220945358, -0.00079598423326388, 0.025145120918750763, 0.02040557749569416, -0.01225327979773283, -0.0010323405731469393, -0.0027263015508651733, -0.0012895388063043356, 0.02789802849292755, -0.008393531665205956, 0.02608167752623558, 0.023754475638270378, -0.001565361744724214, -0.008315485902130604, -0.005949261598289013, -0.01918521523475647, -0.007219288963824511, -0.0030030112247914076, 0.02425113506615162, 0.005466793198138475, -0.017425624653697014, -0.010238264687359333, -0.018745318055152893, 0.03042389266192913, 0.02402408979833126, 0.010422737337648869, 0.0020966092124581337, 0.024350466206669807, -0.012366801500320435, 0.020902235060930252, 0.018787888810038567, -0.020547479391098022, -0.012813794426620007, -0.011238676495850086, -0.024066660553216934, -0.030707698315382004, 0.009344278834760189, 0.003685917006805539, -0.009081758558750153, 0.0013214668724685907, 0.017908094450831413, 0.0023201056756079197, -0.0012177006574347615, 0.027486510574817657, -0.0023165580350905657, -0.0039945547468960285, -0.011848857626318932, 0.003542240709066391, 0.00887600053101778, 0.028423067182302475, 0.011742430739104748, -0.014474053867161274, 0.004735995549708605, -0.006165662780404091, -0.022051645442843437, 0.01738305389881134, 0.012934411875903606, -0.009855127893388271, -0.02426532469689846, 0.005729313008487225, -0.0029391550924628973, -0.006829056888818741, -0.028905536979436874, -0.012437752448022366, 0.030963122844696045, 0.002403473248705268, -0.019412260502576828, -0.009982840158045292, 0.020419767126441002, -0.02351324073970318, -0.0006212668376974761, 0.005225558765232563, 0.004682782106101513, 0.001986634684726596, 0.013956109061837196, -0.011706954799592495, 0.007247669622302055, -0.0006656113546341658, -0.004221599083393812, 0.017184391617774963, 0.00869152694940567, 0.00041306926868855953, -0.01556670293211937, 0.004409619607031345, -0.017666859552264214, -0.013750351034104824, 0.01152957696467638, 0.015183566138148308, -0.00636432645842433, -0.013856777921319008, 0.016503259539604187, -0.00947908591479063, 0.02101575769484043, -0.028281165286898613, -0.0051191323436796665, -0.025414735078811646, -0.030622556805610657, -0.04997805505990982, -0.01556670293211937, -0.019965680316090584, 0.020448148250579834, 0.004860159941017628, -0.024435607716441154, -0.03485124930739403, -0.00814520288258791, -0.02415180206298828, -0.0035298243165016174, 0.002767098369076848, -0.006953221745789051, 0.008727002888917923, 0.03343222662806511, 0.0013081635115668178, 0.014530814252793789, 0.00011224708578083664, 0.029544096440076828, -0.009266232140362263, 0.009989934973418713, 0.03851233422756195, -0.003425171133130789, 0.01606336049735546, -0.0017480612732470036, -0.024449797347187996, 0.0036717266775667667, -0.007176718208938837, 0.008365151472389698, -0.024165993556380272, 0.045692600309848785, -0.005878310184925795, -0.00868443213403225, 0.005218463949859142, -0.03479449078440666, 0.002110799541696906, 0.025528257712721825, -0.0015006187604740262, -0.028536589816212654, 0.010976157151162624, 0.010564640164375305, 0.006020213011652231, -0.004824684467166662, 0.0034854798577725887, -0.0040548634715378284, -0.007818826474249363, 0.01797904446721077, 0.00802458543330431, -0.00324424565769732, 0.004445095546543598, -0.02738717943429947, 0.01580793596804142, -0.0039165085181593895, -0.00038424532976932824, -0.0009223661618307233, 0.009684844873845577, 0.0007724816678091884, -0.010408546775579453, -0.0018198993057012558, -0.057044800370931625, -0.02656414546072483, 0.0035298243165016174, -0.021029947325587273, -0.01604917086660862, -6.668308196822181e-05, -0.003040260635316372, -0.00464730616658926, -0.0071944561786949635, -0.011125154793262482, 0.020320435985922813, -0.010188598185777664, 0.003735582809895277, 0.023499051108956337, -0.0036362512037158012, -0.013941919431090355, -0.010600115172564983, -0.018674366176128387, 0.016077551990747452, -0.014310865662992, -0.014587575569748878, 0.014573385007679462, 0.006506228819489479, 0.02015015296638012, -0.0405273512005806, -0.01188433263450861, 0.015368038788437843, 0.010103456676006317, 0.003469515824690461, -0.013537497259676456, 0.22284366190433502, 0.01014602743089199, -0.028579160571098328, -0.0013897574972361326, -0.005747050512582064, -0.00531070027500391, 0.0035653000231832266, 0.01417605858296156, 0.013764540664851665, 0.021682700142264366, -0.007240574341267347, 0.0077124000526964664, -0.01272865291684866, -0.0012762354454025626, -0.010940681211650372, -0.009656463749706745, -0.02233545109629631, -0.005686742253601551, -0.00775497080758214, 0.014325056225061417, 0.02305915392935276, 0.005505816545337439, 0.0003403442387934774, -0.0026340647600591183, 0.012388086877763271, -0.01820608787238598, 0.0011689217062667012, 0.020590050145983696, -0.007889778353273869, 0.03198482096195221, -0.0034269450698047876, 0.0026411600410938263, 0.006754558067768812, -0.0017808761913329363, 0.010891015641391277, -0.002522316761314869, 0.004963039420545101, 0.004565712530165911, 0.030707698315382004, 0.0241234228014946, 0.011685669422149658, -0.034737728536129, -0.01772361993789673, -0.003969721961766481, -0.025556636974215508, -0.006449467968195677, 0.006584275048226118, -0.01929873786866665, -0.04523851349949837, 0.023981519043445587, -0.034709349274635315, -0.009010807611048222, -0.0013188062002882361, 0.01484300009906292, 0.01266479678452015, -0.006467205937951803, 0.01739724539220333, 0.011160630732774734, 0.01497071236371994, 0.017283722758293152, -0.009571322239935398, 0.026847949251532555, -0.022974012419581413, 0.009578417986631393, -0.011955284513533115, 0.025641778483986855, -0.012622226029634476, 0.008350960910320282, 0.03189967945218086, -0.01699991710484028, 0.030991502106189728, 0.004015840124338865, 0.033120039850473404, -0.01907169446349144, -0.0197812058031559, -0.020135963335633278, 0.039392128586769104, 0.030367132276296616, 0.0014172510709613562, 0.015155185014009476, -0.004228693898767233, 0.01460176520049572, 0.005296510178595781, 0.004845969844609499, -0.010316310450434685, -0.007371834013611078, 0.008308390155434608, -0.016460688784718513, 0.010153123177587986, -0.023442290723323822, -0.0012975208228453994, -0.007613068446516991, 0.004338668659329414, -0.012288754805922508, 0.0036681792698800564, 0.01304083876311779, -0.02439303696155548, 0.006371421739459038, 0.004015840124338865, 0.001692187157459557, -0.03655407950282097, 0.05199307203292847, 0.0030846053268760443, -0.007173170801252127, 0.013863872736692429, 0.020476529374718666, -0.00443445285782218, 0.011664384044706821, -0.00557676749303937, -0.004547974560409784, 0.004328025970607996, -0.02293144166469574, -0.007542117033153772, 0.0020096939988434315, 0.0005968773039057851, 0.01055754441767931, 0.0010961967054754496, -0.02654995396733284, 0.009933173656463623, -0.0016017243033275008, 0.009252041578292847, -0.014516623690724373, -0.029884662479162216, 0.027216896414756775, 0.0035794901195913553, -0.02812507189810276, -0.0283804964274168, -0.02040557749569416, -0.012877650558948517, -0.014438577927649021, 0.009613892994821072, 0.01175662036985159, -0.004952396731823683, 0.01799323409795761, -0.005878310184925795, 0.014005775563418865, 0.0038597476668655872, -0.04441547766327858, 0.004264169838279486, -0.0005090751801617444, 0.007286692503839731, 0.021753650158643723, 0.023371338844299316, -0.009017902426421642, 0.02037719637155533, -0.014644335955381393, 0.0161626935005188, 0.00881214439868927, -0.037490636110305786, -0.019837968051433563, -0.0010429832618683577, -0.04427357390522957, -0.019738635048270226, -0.00597054697573185, 0.016262024641036987, -0.010486593469977379, -0.03028199076652527, -0.02281791903078556, -0.011040013283491135, 0.024960646405816078, -0.03419850021600723, -0.008301295340061188, 0.011004537343978882, -0.017425624653697014, -0.008989522233605385, 0.005541292019188404, -0.1837920993566513, 0.011323818005621433, 0.02584044262766838, -0.018560845404863358, 0.025528257712721825, 0.05077270790934563, 0.009386849589645863, 0.017553336918354034, -0.02994142472743988, 0.02342810109257698, 0.057385366410017014, 0.006793581414967775, 0.0031750681810081005, 0.014999092556536198, -0.001328562037087977, -0.009883508086204529, -0.009457800537347794, 0.01699991710484028, 0.001300181495025754, 0.011352199129760265, 0.004122267011553049, -0.019497402012348175, 0.016971537843346596, -0.009088854305446148, -0.008946951478719711, 0.0049736821092665195, -0.014672717079520226, 0.009997029788792133, -0.007605973165482283, -0.013317547738552094, 0.007882682606577873, 0.005956356879323721, 0.0323253870010376, -0.0018411846831440926, 0.030480653047561646, -0.0077194953337311745, -0.022009074687957764, -0.02415180206298828, -0.004015840124338865, 2.8823942557210103e-05, 0.0027263015508651733, 0.0007698209956288338, 0.010635591112077236, -0.0017081511905416846, -0.011976569890975952, 0.021654319018125534, 0.01285636518150568, -0.015623463317751884, 0.04081115499138832, -0.003551109693944454, 0.01725534163415432, -0.008251629769802094, -0.005750598385930061, 0.014928141608834267, -0.007833017036318779, 0.03754739835858345, 0.004544427152723074, 0.008166488260030746, -0.008982427418231964, -0.016744492575526237, 0.016262024641036987, -0.018376370891928673, -0.002242059214040637, -0.003352446248754859, -0.014686906710267067, -0.01905750297009945, -0.004015840124338865, 0.025017408654093742, -0.04753733053803444, 0.011664384044706821, -0.01364392414689064, -0.007244121748954058, 0.013111789710819721, -0.02198069542646408, -0.01738305389881134, 0.0066942498087882996, -0.0128634599968791, 0.020973186939954758, 0.007676924578845501, -0.02584044262766838, -0.006669416557997465, 0.031786154955625534, -0.031161785125732422, 0.015864698216319084, -0.029231911525130272, 0.00015930771769490093, -0.002433627611026168, 0.023711904883384705, 0.002806121716275811, 0.014757858589291573, 0.010514973662793636, -0.007740780711174011, -0.013814207166433334, -0.02148403599858284, 0.016957346349954605, 0.03490801155567169, 0.011210296303033829, 0.031190166249871254, 0.0060166651383042336, 0.00748535618185997, 0.0010332274250686169, 0.012714462354779243, -0.023087535053491592, 0.028394687920808792, 0.007307977881282568, -0.0027812886983156204, -0.03402821719646454, 0.012891841121017933, 0.0072157415561378, -0.022789539769291878, -0.030083326622843742, 0.00833677127957344, 0.020902235060930252, 0.043280258774757385, -0.01260803546756506, 0.007932349108159542, 0.020490719005465508, -0.029742760583758354, -0.007932349108159542, 0.008074251003563404, 0.007825922220945358, 0.021767841652035713, -0.01133800856769085, 0.024350466206669807, -0.013963204808533192, 0.00676165334880352, -0.11528158187866211, -0.016758684068918228, -0.007336358539760113, -0.00648849131539464, -0.027685174718499184, 0.006417539902031422, -0.008308390155434608, 0.02112928032875061, -0.02788383886218071, 0.01702829822897911, 0.013168550096452236, -0.02413761243224144, 0.016318785026669502, -0.012338421307504177, 0.009876413270831108, -0.0029497977811843157, 0.004633116070181131, -0.025130929425358772, -0.04271264746785164, -0.0033027802128344774, -0.0011928677558898926, -0.006190496031194925, 0.009053378365933895, -0.024435607716441154, 0.02379704639315605, -0.010777493938803673, -0.019724445417523384, -0.0025950416456907988, 0.019596733152866364, -0.004934658762067556, -0.004406072199344635, -0.03459582477807999, 0.007591783069074154, -0.008883095346391201, -0.0038349146489053965, 0.010997442528605461, -0.030111707746982574, -0.0016877526650205255, 0.03436878323554993, -0.0030331655871123075, -0.016744492575526237, -0.005009157583117485, 0.019029123708605766, -0.03371603041887283, -0.009301708079874516, -0.011777905747294426, -0.011501196771860123, 0.009812557138502598, 0.006225971505045891, -0.023215247318148613, -0.01478623878210783, 0.014069631695747375, -0.020788714289665222, 0.02328619733452797, 0.01430377084761858, -0.016446497291326523, 0.003739130450412631, 0.009876413270831108, -0.039534032344818115, -0.02593977376818657, 0.006382064428180456, 0.005509363953024149, -0.008507054299116135, 0.016815444454550743, 0.028423067182302475, 0.017922284081578255, -0.02244897373020649, -0.0006540817557834089, 0.004352858755737543, -0.03357412666082382, -0.0028078954201191664, 0.021469846367836, -0.007620163261890411, -0.006900008302181959, -0.03950565308332443, -0.008372246287763119, 0.0021746556740254164, -0.00510139437392354, -0.0007112862076610327, -0.030565794557332993, -0.003653988940641284, -0.0202636756002903, -0.02391056902706623, -0.02111508883535862, -0.006545252166688442, 0.019852157682180405, 0.010635591112077236, 0.0080813467502594, 0.005913786124438047, -0.03848395496606827, 0.011848857626318932, 0.0066942498087882996, 0.029175151139497757, 0.011437340639531612, -0.03164425492286682, 0.01956835202872753, -0.00815229769796133, -0.0005915559595450759, 0.003159104147925973, 0.01001831516623497, -0.04574936255812645, -0.022959822788834572, -0.08162230998277664, 0.01226037461310625, -0.01327497698366642, -0.028039930388331413, -0.004235789179801941, -0.034340400248765945, 0.015623463317751884, -0.013133075088262558, -0.013736160472035408, 0.03334708511829376, -0.019625114277005196, 0.003464194480329752, -0.004555069841444492, 0.015282897278666496, 0.012579655274748802, 0.006896460894495249, 0.030565794557332993, 0.024534938856959343, 0.024463988840579987, 0.0045018563978374004, 0.016872204840183258, -0.0034163023810833693, 0.005292962770909071, 0.00881923921406269, -0.025925584137439728, 0.028820395469665527, -0.021427275612950325, 0.009173995815217495, -0.015368038788437843, -0.01279250904917717, 0.009777081198990345, -0.033233560621738434, -0.001065155491232872, 0.03042389266192913, -0.024591701105237007, 0.008528339676558971, -0.01726953312754631, 0.01627621427178383, 0.01654583029448986, 0.007442785426974297, -0.017170200124382973, -0.022619256749749184, 0.0023396171163767576, -0.008528339676558971, 0.016134312376379967, -0.013324643485248089, 0.0012584977084770799, -0.008677337318658829, 0.009443609975278378, -0.003352446248754859, 0.018489893525838852, 0.017695240676403046, -0.010415642522275448, -0.034567445516586304, -0.02497483789920807, 0.005693837068974972, 0.008074251003563404, -0.01810675673186779, -0.0027316228952258825, -0.007925253361463547, 0.027798697352409363, -0.0002884611312765628, 0.027827076613903046, 0.0036397986114025116, 0.033630888909101486, 0.012898935936391354, -0.015736985951662064, -0.00715188542380929, 0.002050490817055106, -0.016262024641036987, -0.019497402012348175, 0.008329675532877445, -0.005778978578746319, -0.005168797913938761, -0.004516046494245529, -0.00035032175946980715, 0.0005006496794521809, 0.026010725647211075, -0.009968649595975876, -0.00012970773968845606, -0.007407309487462044, -0.014403101988136768, -0.010820064693689346, -0.00036562062450684607, 0.026606716215610504, -0.0028167644049972296, -0.0336025096476078, -0.015893077477812767, -0.006477848626673222, 0.0017817630432546139, 0.002355581149458885, 0.027571652084589005, 0.007527926936745644, 0.006868080236017704, -0.007584687788039446, -0.010472402907907963, -0.008578005246818066, -0.015339658595621586, 0.0313604474067688, 0.02112928032875061, -0.008578005246818066, 0.0009392170468345284, -0.0262945294380188, -0.013182740658521652, -0.012508704327046871, 0.03646893799304962, -0.02403828129172325, -0.03839881345629692, -0.0245207492262125, 0.02233545109629631, -0.004679234232753515, 0.0019582542590796947, 0.006055688485503197, 0.01013183780014515, -0.0018163517815992236, 0.013239501975476742, -0.020575860515236855, 0.0028841679450124502, -0.016858015209436417, 0.020419767126441002, -0.0037142974324524403, 0.0033932430669665337, -0.010096361860632896, 0.0028149904683232307, 0.01629040576517582, 0.009791271761059761, 0.012146852910518646, -0.012579655274748802, -0.001910362159833312, 0.005253939423710108, -0.008592195808887482, -0.007563402410596609, -0.016219453886151314, -0.0035830377601087093, -0.0395624116063118, 0.0053355335257947445, 0.014310865662992, -0.015538321807980537, -0.01702829822897911, 0.07503803074359894, 0.022519923746585846, -0.015609273687005043, 0.01014602743089199, -0.003105890704318881, 0.04066925123333931, 0.018546653911471367, -0.0037462254986166954, 0.003070414997637272, -0.037973105907440186, -0.006062783766537905, 0.009024998173117638, 0.013594257645308971, -0.014445672743022442, -0.01231713593006134, -0.004622473381459713, 0.0078046368435025215, -0.006641036365181208, 0.002412342233583331, -0.011515386402606964, 0.023342959582805634, -0.016446497291326523, 0.006144377402961254, 0.014005775563418865, -0.02740136906504631, 0.013977394439280033, 0.028948107734322548, -0.0197812058031559, -0.004760828334838152, -0.03834205120801926, 0.0055590299889445305, -0.010720732621848583, -0.04742380976676941, -0.003437587758526206, -0.012593845836818218, -0.015311278402805328, -0.012771223671734333, -0.007605973165482283, 0.017936473712325096, 0.006623298395425081, -0.023967329412698746, 0.010046696290373802, -0.009798366576433182, -0.009840937331318855, 0.029771141707897186, -0.0073576439172029495, -0.007769160903990269, -0.007939443923532963, -0.005445507820695639], 'limit': 4} {}
2025-09-29 16:09:27,851 DEBUG neo4j.io: [#C952]  C: PULL {'n': 1000}
2025-09-29 16:09:27,852 DEBUG neo4j.io: [#C952]  S: SUCCESS {}
2025-09-29 16:09:27,852 DEBUG neo4j.io: [#C952]  _: <CONNECTION> server state: READY > TX_READY_OR_TX_STREAMING
2025-09-29 16:09:27,854 DEBUG neo4j.io: [#C952]  S: SUCCESS {'t_first': 2, 'fields': ['name', 'type', 'properties', 'score'], 'qid': 0}
2025-09-29 16:09:27,865 DEBUG neo4j.io: [#C952]  S: RECORD * 1
2025-09-29 16:09:27,865 DEBUG neo4j.io: [#C952]  S: RECORD * 1
2025-09-29 16:09:27,865 DEBUG neo4j.io: [#C952]  S: RECORD * 1
2025-09-29 16:09:27,865 DEBUG neo4j.io: [#C952]  S: SUCCESS {'statuses': [{'gql_status': '00000', 'status_description': 'note: successful completion'}], 'type': 'r', 't_last': 10, 'db': 'demo'}
2025-09-29 16:09:27,865 DEBUG neo4j.io: [#C952]  C: COMMIT
2025-09-29 16:09:27,865 DEBUG neo4j.io: [#C952]  _: <CONNECTION> client state: TX_READY_OR_TX_STREAMING > READY
2025-09-29 16:09:27,866 DEBUG neo4j.io: [#C952]  S: SUCCESS {'bookmark': 'FB:kcwQzLoRLE7LTq2NdyMZ91NVySeQ'}
2025-09-29 16:09:27,866 DEBUG neo4j.io: [#C952]  _: <CONNECTION> server state: TX_READY_OR_TX_STREAMING > READY
2025-09-29 16:09:27,866 DEBUG neo4j.pool: [#C952]  _: <POOL> released bolt-57180
2025-09-29 16:09:27,866 DEBUG neo4j: [#0000]  _: <WORKSPACE> routing towards fixed database: demo
2025-09-29 16:09:27,866 DEBUG neo4j: [#0000]  _: <WORKSPACE> pinning database: 'demo'
2025-09-29 16:09:27,866 DEBUG neo4j.pool: [#0000]  _: <POOL> acquire direct connection, access_mode='WRITE', database=AcquisitionDatabase(name='demo', guessed=False)
2025-09-29 16:09:27,866 DEBUG neo4j.pool: [#C952]  _: <POOL> picked existing connection bolt-57180
2025-09-29 16:09:27,866 DEBUG neo4j.pool: [#C952]  _: <POOL> checked re_auth auth=None updated=False force=False
2025-09-29 16:09:27,867 DEBUG neo4j.pool: [#C952]  _: <POOL> handing out existing connection
2025-09-29 16:09:27,867 DEBUG neo4j.io: [#C952]  C: BEGIN {'db': 'demo', 'bookmarks': ['FB:kcwQzLoRLE7LTq2NdyMZ91NVySeQ']}
2025-09-29 16:09:27,867 DEBUG neo4j.io: [#C952]  _: <CONNECTION> client state: READY > TX_READY_OR_TX_STREAMING
2025-09-29 16:09:27,867 DEBUG neo4j.io: [#C952]  C: RUN "\n            WITH $ids AS id_list\n            UNWIND range(0, size(id_list) - 1) AS idx\n            MATCH (e:`__Entity__`)\n            WHERE e.id = id_list[idx]\n            MATCH p=(e)-[r*1..1]-(other)\n            WHERE ALL(rel in relationships(p) WHERE type(rel) <> 'MENTIONS')\n            UNWIND relationships(p) AS rel\n            WITH distinct rel, idx\n            WITH startNode(rel) AS source,\n                type(rel) AS type,\n                rel{.*} AS rel_properties,\n                endNode(rel) AS endNode,\n                idx\n            LIMIT toInteger($limit)\n            RETURN source.id AS source_id, [l in labels(source)\n                   WHERE NOT l IN ['__Entity__', '__Node__'] | l][0] AS source_type,\n                source{.* , embedding: Null, id: Null} AS source_properties,\n                type,\n                rel_properties,\n                endNode.id AS target_id, [l in labels(endNode)\n                   WHERE NOT l IN ['__Entity__', '__Node__'] | l][0] AS target_type,\n                endNode{.* , embedding: Null, id: Null} AS target_properties,\n                idx\n            ORDER BY idx\n            LIMIT toInteger($limit)\n            " {'ids': ['Acme', 'Tokyo', 'Taro'], 'limit': 30} {}
2025-09-29 16:09:27,867 DEBUG neo4j.io: [#C952]  C: PULL {'n': 1000}
2025-09-29 16:09:27,868 DEBUG neo4j.io: [#C952]  S: SUCCESS {}
2025-09-29 16:09:27,868 DEBUG neo4j.io: [#C952]  _: <CONNECTION> server state: READY > TX_READY_OR_TX_STREAMING
2025-09-29 16:09:27,870 DEBUG neo4j.io: [#C952]  S: SUCCESS {'t_first': 1, 'fields': ['source_id', 'source_type', 'source_properties', 'type', 'rel_properties', 'target_id', 'target_type', 'target_properties', 'idx'], 'qid': 0}
2025-09-29 16:09:27,876 DEBUG neo4j.io: [#C952]  S: RECORD * 1
2025-09-29 16:09:27,876 DEBUG neo4j.io: [#C952]  S: RECORD * 1
2025-09-29 16:09:27,876 DEBUG neo4j.io: [#C952]  S: RECORD * 1
2025-09-29 16:09:27,876 DEBUG neo4j.io: [#C952]  S: RECORD * 1
2025-09-29 16:09:27,877 DEBUG neo4j.io: [#C952]  S: SUCCESS {'statuses': [{'gql_status': '00000', 'status_description': 'note: successful completion'}], 'type': 'r', 't_last': 5, 'db': 'demo'}
2025-09-29 16:09:27,877 DEBUG neo4j.io: [#C952]  C: COMMIT
2025-09-29 16:09:27,877 DEBUG neo4j.io: [#C952]  _: <CONNECTION> client state: TX_READY_OR_TX_STREAMING > READY
2025-09-29 16:09:27,878 DEBUG neo4j.io: [#C952]  S: SUCCESS {'bookmark': 'FB:kcwQzLoRLE7LTq2NdyMZ91NVySeQ'}
2025-09-29 16:09:27,878 DEBUG neo4j.io: [#C952]  _: <CONNECTION> server state: TX_READY_OR_TX_STREAMING > READY
2025-09-29 16:09:27,878 DEBUG neo4j.pool: [#C952]  _: <POOL> released bolt-57180
2025-09-29 16:09:27,879 DEBUG neo4j: [#0000]  _: <WORKSPACE> routing towards fixed database: demo
2025-09-29 16:09:27,879 DEBUG neo4j: [#0000]  _: <WORKSPACE> pinning database: 'demo'
2025-09-29 16:09:27,879 DEBUG neo4j.pool: [#0000]  _: <POOL> acquire direct connection, access_mode='WRITE', database=AcquisitionDatabase(name='demo', guessed=False)
2025-09-29 16:09:27,879 DEBUG neo4j.pool: [#C952]  _: <POOL> picked existing connection bolt-57180
2025-09-29 16:09:27,879 DEBUG neo4j.pool: [#C952]  _: <POOL> checked re_auth auth=None updated=False force=False
2025-09-29 16:09:27,879 DEBUG neo4j.pool: [#C952]  _: <POOL> handing out existing connection
2025-09-29 16:09:27,880 DEBUG neo4j.io: [#C952]  C: BEGIN {'db': 'demo', 'bookmarks': ['FB:kcwQzLoRLE7LTq2NdyMZ91NVySeQ']}
2025-09-29 16:09:27,880 DEBUG neo4j.io: [#C952]  _: <CONNECTION> client state: READY > TX_READY_OR_TX_STREAMING
2025-09-29 16:09:27,880 DEBUG neo4j.io: [#C952]  C: RUN "MATCH (e: __Node__) WHERE e.id IS NOT NULL AND e.id in $ids \n        WITH e\n        RETURN e.id AS name,\n               [l in labels(e) WHERE l <> '__Entity__' | l][0] AS type,\n               e{.* , embedding: Null, id: Null} AS properties\n        " {'ids': ['3f704b5c-0b52-4fc9-b3a7-213ca5155cfd', '3f704b5c-0b52-4fc9-b3a7-213ca5155cfd', '3f704b5c-0b52-4fc9-b3a7-213ca5155cfd', '3f704b5c-0b52-4fc9-b3a7-213ca5155cfd']} {}
2025-09-29 16:09:27,880 DEBUG neo4j.io: [#C952]  C: PULL {'n': 1000}
2025-09-29 16:09:27,881 DEBUG neo4j.io: [#C952]  S: SUCCESS {}
2025-09-29 16:09:27,881 DEBUG neo4j.io: [#C952]  _: <CONNECTION> server state: READY > TX_READY_OR_TX_STREAMING
2025-09-29 16:09:27,883 DEBUG neo4j.io: [#C952]  S: SUCCESS {'t_first': 2, 'fields': ['name', 'type', 'properties'], 'qid': 0}
2025-09-29 16:09:27,885 DEBUG neo4j.io: [#C952]  S: RECORD * 1
2025-09-29 16:09:27,885 DEBUG neo4j.io: [#C952]  S: SUCCESS {'statuses': [{'gql_status': '00000', 'status_description': 'note: successful completion'}], 'type': 'r', 't_last': 1, 'db': 'demo'}
2025-09-29 16:09:27,885 DEBUG neo4j.io: [#C952]  C: COMMIT
2025-09-29 16:09:27,885 DEBUG neo4j.io: [#C952]  _: <CONNECTION> client state: TX_READY_OR_TX_STREAMING > READY
2025-09-29 16:09:27,886 DEBUG neo4j.io: [#C952]  S: SUCCESS {'bookmark': 'FB:kcwQzLoRLE7LTq2NdyMZ91NVySeQ'}
2025-09-29 16:09:27,886 DEBUG neo4j.io: [#C952]  _: <CONNECTION> server state: TX_READY_OR_TX_STREAMING > READY
2025-09-29 16:09:27,886 DEBUG neo4j.pool: [#C952]  _: <POOL> released bolt-57180
2025-09-29 16:09:27,900 DEBUG openai._base_client: Request options: {'method': 'post', 'url': '/chat/completions', 'files': None, 'idempotency_key': 'stainless-python-retry-266ee57c-4125-4428-8fa1-5db88252b986', 'json_data': {'messages': [{'role': 'system', 'content': "You are an expert Q&A system that is trusted around the world.\nAlways answer the query using the provided context information, and not prior knowledge.\nSome rules to follow:\n1. Never directly reference the given context in your answer.\n2. Avoid statements like 'Based on the context, ...' or 'The context information ...' or anything along those lines."}, {'role': 'user', 'content': 'Context information is below.\n---------------------\nHere are some facts extracted from the provided text:\n\nTaro -> Works at -> Acme\nAcme -> Is based in -> Tokyo\n\nTaro works at ACME. ACME is based in Tokyo.\n\nHere are some facts extracted from the provided text:\n\nTaro -> Works at -> Acme\nAcme -> Is based in -> Tokyo\nAcme -> Is based in -> Tokyo\nTaro -> Works at -> Acme\n\nTaro works at ACME. ACME is based in Tokyo.\n---------------------\nGiven the context information and not prior knowledge, answer the query.\nQuery: Where does ACME locate?\nAnswer: '}], 'model': 'gpt-3.5-turbo', 'stream': False, 'temperature': 0.1}}
2025-09-29 16:09:27,900 DEBUG openai._base_client: Sending HTTP Request: POST https://api.openai.com/v1/chat/completions
2025-09-29 16:09:27,980 DEBUG httpcore.connection: connect_tcp.started host='api.openai.com' port=443 local_address=None timeout=60.0 socket_options=None
2025-09-29 16:09:27,990 DEBUG httpcore.connection: connect_tcp.complete return_value=<httpcore._backends.sync.SyncStream object at 0x000001E6C3139750>
2025-09-29 16:09:27,990 DEBUG httpcore.connection: start_tls.started ssl_context=<ssl.SSLContext object at 0x000001E6C4C0B940> server_hostname='api.openai.com' timeout=60.0
2025-09-29 16:09:28,004 DEBUG httpcore.connection: start_tls.complete return_value=<httpcore._backends.sync.SyncStream object at 0x000001E6BF5A3CA0>
2025-09-29 16:09:28,004 DEBUG httpcore.http11: send_request_headers.started request=<Request [b'POST']>
2025-09-29 16:09:28,005 DEBUG httpcore.http11: send_request_headers.complete
2025-09-29 16:09:28,005 DEBUG httpcore.http11: send_request_body.started request=<Request [b'POST']>
2025-09-29 16:09:28,005 DEBUG httpcore.http11: send_request_body.complete
2025-09-29 16:09:28,005 DEBUG httpcore.http11: receive_response_headers.started request=<Request [b'POST']>
2025-09-29 16:09:29,142 DEBUG httpcore.http11: receive_response_headers.complete return_value=(b'HTTP/1.1', 200, b'OK', [(b'Date', b'Mon, 29 Sep 2025 07:09:31 GMT'), (b'Content-Type', b'application/json'), (b'Transfer-Encoding', b'chunked'), (b'Connection', b'keep-alive'), (b'access-control-expose-headers', b'X-Request-ID'), (b'openai-organization', b'ehime-university-computer-science-lab'), (b'openai-processing-ms', b'312'), (b'openai-project', b'proj_J2ozYACnCAyF9swBaMOIo4Ft'), (b'openai-version', b'2020-10-01'), (b'x-envoy-upstream-service-time', b'541'), (b'x-ratelimit-limit-requests', b'10000'), (b'x-ratelimit-limit-tokens', b'200000'), (b'x-ratelimit-remaining-requests', b'9997'), (b'x-ratelimit-remaining-tokens', b'199771'), (b'x-ratelimit-reset-requests', b'21.758s'), (b'x-ratelimit-reset-tokens', b'68ms'), (b'x-request-id', b'req_4d5823c1912c4c8eb6f2051ba0ebbdd5'), (b'x-openai-proxy-wasm', b'v0.1'), (b'cf-cache-status', b'DYNAMIC'), (b'Set-Cookie', b'__cf_bm=k49K39yyCT.kiqAlGrh8Z5cyqZRjUMOzcK4p_M7jCts-1759129771-1.0.1.1-L3bix5KuGttD6bSFcHcQrOa6q97nVbc517N8zEA4rkZ8y3r5cdJLxf4MkUkzw4jcGcsT.t9YB5fiwOmDvlJRwGB0qwt2VQyCog9zfhdKp3Y; path=/; expires=Mon, 29-Sep-25 07:39:31 GMT; domain=.api.openai.com; HttpOnly; Secure; SameSite=None'), (b'Strict-Transport-Security', b'max-age=31536000; includeSubDomains; preload'), (b'X-Content-Type-Options', b'nosniff'), (b'Set-Cookie', b'_cfuvid=STQPfvU1Xk5bFOPSjdODQH3X.YTNmpPdkO6NSzILn9g-1759129771342-0.0.1.1-604800000; path=/; domain=.api.openai.com; HttpOnly; Secure; SameSite=None'), (b'Server', b'cloudflare'), (b'CF-RAY', b'9869a7c7e99bb40f-KIX'), (b'Content-Encoding', b'gzip'), (b'alt-svc', b'h3=":443"; ma=86400')])
2025-09-29 16:09:29,142 INFO httpx: HTTP Request: POST https://api.openai.com/v1/chat/completions "HTTP/1.1 200 OK"
2025-09-29 16:09:29,143 DEBUG httpcore.http11: receive_response_body.started request=<Request [b'POST']>
2025-09-29 16:09:29,143 DEBUG httpcore.http11: receive_response_body.complete
2025-09-29 16:09:29,143 DEBUG httpcore.http11: response_closed.started
2025-09-29 16:09:29,143 DEBUG httpcore.http11: response_closed.complete
2025-09-29 16:09:29,143 DEBUG openai._base_client: HTTP Response: POST https://api.openai.com/v1/chat/completions "200 OK" Headers([('date', 'Mon, 29 Sep 2025 07:09:31 GMT'), ('content-type', 'application/json'), ('transfer-encoding', 'chunked'), ('connection', 'keep-alive'), ('access-control-expose-headers', 'X-Request-ID'), ('openai-organization', 'ehime-university-computer-science-lab'), ('openai-processing-ms', '312'), ('openai-project', 'proj_J2ozYACnCAyF9swBaMOIo4Ft'), ('openai-version', '2020-10-01'), ('x-envoy-upstream-service-time', '541'), ('x-ratelimit-limit-requests', '10000'), ('x-ratelimit-limit-tokens', '200000'), ('x-ratelimit-remaining-requests', '9997'), ('x-ratelimit-remaining-tokens', '199771'), ('x-ratelimit-reset-requests', '21.758s'), ('x-ratelimit-reset-tokens', '68ms'), ('x-request-id', 'req_4d5823c1912c4c8eb6f2051ba0ebbdd5'), ('x-openai-proxy-wasm', 'v0.1'), ('cf-cache-status', 'DYNAMIC'), ('set-cookie', '__cf_bm=k49K39yyCT.kiqAlGrh8Z5cyqZRjUMOzcK4p_M7jCts-1759129771-1.0.1.1-L3bix5KuGttD6bSFcHcQrOa6q97nVbc517N8zEA4rkZ8y3r5cdJLxf4MkUkzw4jcGcsT.t9YB5fiwOmDvlJRwGB0qwt2VQyCog9zfhdKp3Y; path=/; expires=Mon, 29-Sep-25 07:39:31 GMT; domain=.api.openai.com; HttpOnly; Secure; SameSite=None'), ('strict-transport-security', 'max-age=31536000; includeSubDomains; preload'), ('x-content-type-options', 'nosniff'), ('set-cookie', '_cfuvid=STQPfvU1Xk5bFOPSjdODQH3X.YTNmpPdkO6NSzILn9g-1759129771342-0.0.1.1-604800000; path=/; domain=.api.openai.com; HttpOnly; Secure; SameSite=None'), ('server', 'cloudflare'), ('cf-ray', '9869a7c7e99bb40f-KIX'), ('content-encoding', 'gzip'), ('alt-svc', 'h3=":443"; ma=86400')])
2025-09-29 16:09:29,143 DEBUG openai._base_client: request_id: req_4d5823c1912c4c8eb6f2051ba0ebbdd5
2025-09-29 16:09:29,339 DEBUG neo4j.pool: [#0000]  _: <POOL> close
2025-09-29 16:09:29,340 DEBUG neo4j.io: [#C952]  C: GOODBYE
2025-09-29 16:09:29,340 DEBUG neo4j.io: [#C952]  C: <CLOSE>
2025-09-29 16:12:19,140 DEBUG neo4j.pool: [#0000]  _: <POOL> created, direct address IPv4Address(('127.0.0.1', 7687))
2025-09-29 16:12:19,140 DEBUG neo4j.pool: [#0000]  _: <POOL> created, direct address IPv4Address(('127.0.0.1', 7687))
2025-09-29 16:12:19,140 DEBUG neo4j: [#0000]  _: <WORKSPACE> routing towards fixed database: demo
2025-09-29 16:12:19,140 DEBUG neo4j: [#0000]  _: <WORKSPACE> pinning database: 'demo'
2025-09-29 16:12:19,140 DEBUG neo4j.pool: [#0000]  _: <POOL> acquire direct connection, access_mode='WRITE', database=AcquisitionDatabase(name='demo', guessed=False)
2025-09-29 16:12:19,140 DEBUG neo4j.pool: [#0000]  _: <POOL> trying to hand out new connection
2025-09-29 16:12:19,142 DEBUG neo4j.io: [#0000]  _: <RESOLVE> in: 127.0.0.1:7687
2025-09-29 16:12:19,142 DEBUG neo4j.io: [#0000]  _: <RESOLVE> dns resolver out: 127.0.0.1:7687
2025-09-29 16:12:19,142 DEBUG neo4j.io: [#0000]  C: <OPEN> 127.0.0.1:7687
2025-09-29 16:12:19,142 DEBUG neo4j.io: [#CA09]  C: <MAGIC> 0x6060B017
2025-09-29 16:12:19,142 DEBUG neo4j.io: [#CA09]  C: <HANDSHAKE> 0x000001FF 0x00080805 0x00020404 0x00000003
2025-09-29 16:12:19,145 DEBUG neo4j.io: [#CA09]  S: <HANDSHAKE> 0x000001FF [4] 0x00040404 0x00040405 0x00020805 0x00000006 0x00
2025-09-29 16:12:19,145 DEBUG neo4j.io: [#CA09]  C: <HANDSHAKE> 0x00000805 0x00
2025-09-29 16:12:19,146 DEBUG neo4j.io: [#CA09]  C: HELLO {'user_agent': 'neo4j-python/5.28.2 Python/3.10.11-final-0 (win32)', 'notifications_minimum_severity': 'OFF', 'bolt_agent': {'product': 'neo4j-python/5.28.2', 'platform': 'Windows 10; AMD64', 'language': 'Python/3.10.11-final-0', 'language_details': 'CPython; 3.10.11-final-0 (tags/v3.10.11:7d4cc5a, Apr  5 2023 00:38:17) [MSC v.1929 64 bit (AMD64)]'}}
2025-09-29 16:12:19,146 DEBUG neo4j.io: [#CA09]  _: <CONNECTION> client state: CONNECTED > AUTHENTICATION
2025-09-29 16:12:19,146 DEBUG neo4j.io: [#CA09]  C: LOGON {'scheme': 'basic', 'principal': 'neo4j', 'credentials': '*******'}
2025-09-29 16:12:19,146 DEBUG neo4j.io: [#CA09]  _: <CONNECTION> client state: AUTHENTICATION > READY
2025-09-29 16:12:19,147 DEBUG neo4j.io: [#CA09]  S: SUCCESS {'server': 'Neo4j/2025.07.0', 'protocol_version': '5.8', 'connection_id': 'bolt-57181', 'hints': {'connection.recv_timeout_seconds': 120, 'ssr.enabled': True}}
2025-09-29 16:12:19,148 DEBUG neo4j.io: [#CA09]  _: <CONNECTION> server state: CONNECTED > AUTHENTICATION
2025-09-29 16:12:19,148 DEBUG neo4j.io: [#CA09]  S: SUCCESS {'advertised_address': 'localhost:7687'}
2025-09-29 16:12:19,148 DEBUG neo4j.io: [#CA09]  _: <CONNECTION> server state: AUTHENTICATION > READY
2025-09-29 16:12:19,149 DEBUG neo4j.io: [#CA09]  C: BEGIN {'db': 'demo'}
2025-09-29 16:12:19,149 DEBUG neo4j.io: [#CA09]  _: <CONNECTION> client state: READY > TX_READY_OR_TX_STREAMING
2025-09-29 16:12:19,149 DEBUG neo4j.io: [#CA09]  C: RUN '\nCALL apoc.meta.data()\nYIELD label, other, elementType, type, property\nWHERE NOT type = "RELATIONSHIP" AND elementType = "node"\n  AND NOT label IN $EXCLUDED_LABELS\nWITH label AS nodeLabels, collect({property:property, type:type}) AS properties\nRETURN {labels: nodeLabels, properties: properties} AS output\n\n' {'EXCLUDED_LABELS': ['_Bloom_Perspective_', '_Bloom_Scene_', '__Entity__', '__Node__']} {}
2025-09-29 16:12:19,149 DEBUG neo4j.io: [#CA09]  C: PULL {'n': 1000}
2025-09-29 16:12:19,150 DEBUG neo4j.io: [#CA09]  S: SUCCESS {}
2025-09-29 16:12:19,150 DEBUG neo4j.io: [#CA09]  _: <CONNECTION> server state: READY > TX_READY_OR_TX_STREAMING
2025-09-29 16:12:19,151 DEBUG neo4j.io: [#CA09]  S: SUCCESS {'t_first': 1, 'fields': ['output'], 'qid': 0}
2025-09-29 16:12:19,160 DEBUG neo4j.io: [#CA09]  S: RECORD * 1
2025-09-29 16:12:19,160 DEBUG neo4j.io: [#CA09]  S: RECORD * 1
2025-09-29 16:12:19,160 DEBUG neo4j.io: [#CA09]  S: SUCCESS {'statuses': [{'gql_status': '00000', 'status_description': 'note: successful completion'}], 'type': 'r', 't_last': 8, 'db': 'demo'}
2025-09-29 16:12:19,160 DEBUG neo4j.io: [#CA09]  C: COMMIT
2025-09-29 16:12:19,161 DEBUG neo4j.io: [#CA09]  _: <CONNECTION> client state: TX_READY_OR_TX_STREAMING > READY
2025-09-29 16:12:19,161 DEBUG neo4j.io: [#CA09]  S: SUCCESS {'bookmark': 'FB:kcwQzLoRLE7LTq2NdyMZ91NVySeQ'}
2025-09-29 16:12:19,161 DEBUG neo4j.io: [#CA09]  _: <CONNECTION> server state: TX_READY_OR_TX_STREAMING > READY
2025-09-29 16:12:19,161 DEBUG neo4j.pool: [#CA09]  _: <POOL> released bolt-57181
2025-09-29 16:12:19,162 DEBUG neo4j: [#0000]  _: <WORKSPACE> routing towards fixed database: demo
2025-09-29 16:12:19,162 DEBUG neo4j: [#0000]  _: <WORKSPACE> pinning database: 'demo'
2025-09-29 16:12:19,162 DEBUG neo4j.pool: [#0000]  _: <POOL> acquire direct connection, access_mode='WRITE', database=AcquisitionDatabase(name='demo', guessed=False)
2025-09-29 16:12:19,162 DEBUG neo4j.pool: [#CA09]  _: <POOL> picked existing connection bolt-57181
2025-09-29 16:12:19,162 DEBUG neo4j.pool: [#CA09]  _: <POOL> checked re_auth auth=None updated=False force=False
2025-09-29 16:12:19,162 DEBUG neo4j.pool: [#CA09]  _: <POOL> handing out existing connection
2025-09-29 16:12:19,162 DEBUG neo4j.io: [#CA09]  C: BEGIN {'db': 'demo', 'bookmarks': ['FB:kcwQzLoRLE7LTq2NdyMZ91NVySeQ']}
2025-09-29 16:12:19,162 DEBUG neo4j.io: [#CA09]  _: <CONNECTION> client state: READY > TX_READY_OR_TX_STREAMING
2025-09-29 16:12:19,163 DEBUG neo4j.io: [#CA09]  C: RUN '\nCALL apoc.meta.data()\nYIELD label, other, elementType, type, property\nWHERE NOT type = "RELATIONSHIP" AND elementType = "relationship"\n      AND NOT label in $EXCLUDED_LABELS\nWITH label AS nodeLabels, collect({property:property, type:type}) AS properties\nRETURN {type: nodeLabels, properties: properties} AS output\n' {'EXCLUDED_LABELS': ['_Bloom_HAS_SCENE_']} {}
2025-09-29 16:12:19,163 DEBUG neo4j.io: [#CA09]  C: PULL {'n': 1000}
2025-09-29 16:12:19,163 DEBUG neo4j.io: [#CA09]  S: SUCCESS {}
2025-09-29 16:12:19,163 DEBUG neo4j.io: [#CA09]  _: <CONNECTION> server state: READY > TX_READY_OR_TX_STREAMING
2025-09-29 16:12:19,164 DEBUG neo4j.io: [#CA09]  S: SUCCESS {'t_first': 1, 'fields': ['output'], 'qid': 0}
2025-09-29 16:12:19,169 DEBUG neo4j.io: [#CA09]  S: RECORD * 1
2025-09-29 16:12:19,169 DEBUG neo4j.io: [#CA09]  S: RECORD * 1
2025-09-29 16:12:19,169 DEBUG neo4j.io: [#CA09]  S: RECORD * 1
2025-09-29 16:12:19,169 DEBUG neo4j.io: [#CA09]  S: SUCCESS {'statuses': [{'gql_status': '00000', 'status_description': 'note: successful completion'}], 'type': 'r', 't_last': 4, 'db': 'demo'}
2025-09-29 16:12:19,169 DEBUG neo4j.io: [#CA09]  C: COMMIT
2025-09-29 16:12:19,169 DEBUG neo4j.io: [#CA09]  _: <CONNECTION> client state: TX_READY_OR_TX_STREAMING > READY
2025-09-29 16:12:19,170 DEBUG neo4j.io: [#CA09]  S: SUCCESS {'bookmark': 'FB:kcwQzLoRLE7LTq2NdyMZ91NVySeQ'}
2025-09-29 16:12:19,170 DEBUG neo4j.io: [#CA09]  _: <CONNECTION> server state: TX_READY_OR_TX_STREAMING > READY
2025-09-29 16:12:19,170 DEBUG neo4j.pool: [#CA09]  _: <POOL> released bolt-57181
2025-09-29 16:12:19,170 DEBUG neo4j: [#0000]  _: <WORKSPACE> routing towards fixed database: demo
2025-09-29 16:12:19,170 DEBUG neo4j: [#0000]  _: <WORKSPACE> pinning database: 'demo'
2025-09-29 16:12:19,170 DEBUG neo4j.pool: [#0000]  _: <POOL> acquire direct connection, access_mode='WRITE', database=AcquisitionDatabase(name='demo', guessed=False)
2025-09-29 16:12:19,171 DEBUG neo4j.pool: [#CA09]  _: <POOL> picked existing connection bolt-57181
2025-09-29 16:12:19,171 DEBUG neo4j.pool: [#CA09]  _: <POOL> checked re_auth auth=None updated=False force=False
2025-09-29 16:12:19,171 DEBUG neo4j.pool: [#CA09]  _: <POOL> handing out existing connection
2025-09-29 16:12:19,171 DEBUG neo4j.io: [#CA09]  C: BEGIN {'db': 'demo', 'bookmarks': ['FB:kcwQzLoRLE7LTq2NdyMZ91NVySeQ']}
2025-09-29 16:12:19,217 DEBUG neo4j.io: [#CA09]  _: <CONNECTION> client state: READY > TX_READY_OR_TX_STREAMING
2025-09-29 16:12:19,217 DEBUG neo4j.io: [#CA09]  C: RUN '\nCALL apoc.meta.data()\nYIELD label, other, elementType, type, property\nWHERE type = "RELATIONSHIP" AND elementType = "node"\nUNWIND other AS other_node\nWITH * WHERE NOT label IN $EXCLUDED_LABELS\n    AND NOT other_node IN $EXCLUDED_LABELS\nRETURN {start: label, type: property, end: toString(other_node)} AS output\n' {'EXCLUDED_LABELS': ['_Bloom_Perspective_', '_Bloom_Scene_', '__Entity__', '__Node__']} {}
2025-09-29 16:12:19,218 DEBUG neo4j.io: [#CA09]  C: PULL {'n': 1000}
2025-09-29 16:12:19,219 DEBUG neo4j.io: [#CA09]  S: SUCCESS {}
2025-09-29 16:12:19,219 DEBUG neo4j.io: [#CA09]  _: <CONNECTION> server state: READY > TX_READY_OR_TX_STREAMING
2025-09-29 16:12:19,220 DEBUG neo4j.io: [#CA09]  S: SUCCESS {'t_first': 1, 'fields': ['output'], 'qid': 0}
2025-09-29 16:12:19,225 DEBUG neo4j.io: [#CA09]  S: RECORD * 1
2025-09-29 16:12:19,225 DEBUG neo4j.io: [#CA09]  S: RECORD * 1
2025-09-29 16:12:19,225 DEBUG neo4j.io: [#CA09]  S: RECORD * 1
2025-09-29 16:12:19,225 DEBUG neo4j.io: [#CA09]  S: RECORD * 1
2025-09-29 16:12:19,225 DEBUG neo4j.io: [#CA09]  S: SUCCESS {'statuses': [{'gql_status': '00000', 'status_description': 'note: successful completion'}], 'type': 'r', 't_last': 4, 'db': 'demo'}
2025-09-29 16:12:19,225 DEBUG neo4j.io: [#CA09]  C: COMMIT
2025-09-29 16:12:19,225 DEBUG neo4j.io: [#CA09]  _: <CONNECTION> client state: TX_READY_OR_TX_STREAMING > READY
2025-09-29 16:12:19,226 DEBUG neo4j.io: [#CA09]  S: SUCCESS {'bookmark': 'FB:kcwQzLoRLE7LTq2NdyMZ91NVySeQ'}
2025-09-29 16:12:19,226 DEBUG neo4j.io: [#CA09]  _: <CONNECTION> server state: TX_READY_OR_TX_STREAMING > READY
2025-09-29 16:12:19,226 DEBUG neo4j.pool: [#CA09]  _: <POOL> released bolt-57181
2025-09-29 16:12:19,226 DEBUG neo4j: [#0000]  _: <WORKSPACE> routing towards fixed database: demo
2025-09-29 16:12:19,226 DEBUG neo4j: [#0000]  _: <WORKSPACE> pinning database: 'demo'
2025-09-29 16:12:19,226 DEBUG neo4j.pool: [#0000]  _: <POOL> acquire direct connection, access_mode='WRITE', database=AcquisitionDatabase(name='demo', guessed=False)
2025-09-29 16:12:19,226 DEBUG neo4j.pool: [#CA09]  _: <POOL> picked existing connection bolt-57181
2025-09-29 16:12:19,226 DEBUG neo4j.pool: [#CA09]  _: <POOL> checked re_auth auth=None updated=False force=False
2025-09-29 16:12:19,226 DEBUG neo4j.pool: [#CA09]  _: <POOL> handing out existing connection
2025-09-29 16:12:19,226 DEBUG neo4j.io: [#CA09]  C: BEGIN {'db': 'demo', 'bookmarks': ['FB:kcwQzLoRLE7LTq2NdyMZ91NVySeQ']}
2025-09-29 16:12:19,226 DEBUG neo4j.io: [#CA09]  _: <CONNECTION> client state: READY > TX_READY_OR_TX_STREAMING
2025-09-29 16:12:19,226 DEBUG neo4j.io: [#CA09]  C: RUN 'SHOW CONSTRAINTS' {} {}
2025-09-29 16:12:19,227 DEBUG neo4j.io: [#CA09]  C: PULL {'n': 1000}
2025-09-29 16:12:19,227 DEBUG neo4j.io: [#CA09]  S: SUCCESS {}
2025-09-29 16:12:19,227 DEBUG neo4j.io: [#CA09]  _: <CONNECTION> server state: READY > TX_READY_OR_TX_STREAMING
2025-09-29 16:12:19,228 DEBUG neo4j.io: [#CA09]  S: SUCCESS {'t_first': 1, 'fields': ['id', 'name', 'type', 'entityType', 'labelsOrTypes', 'properties', 'ownedIndex', 'propertyType'], 'qid': 0}
2025-09-29 16:12:19,229 DEBUG neo4j.io: [#CA09]  S: RECORD * 1
2025-09-29 16:12:19,229 DEBUG neo4j.io: [#CA09]  S: RECORD * 1
2025-09-29 16:12:19,229 DEBUG neo4j.io: [#CA09]  S: SUCCESS {'statuses': [{'gql_status': '00000', 'status_description': 'note: successful completion'}], 'type': 'r', 't_last': 1, 'db': 'demo'}
2025-09-29 16:12:19,229 DEBUG neo4j.io: [#CA09]  C: COMMIT
2025-09-29 16:12:19,229 DEBUG neo4j.io: [#CA09]  _: <CONNECTION> client state: TX_READY_OR_TX_STREAMING > READY
2025-09-29 16:12:19,230 DEBUG neo4j.io: [#CA09]  S: SUCCESS {'bookmark': 'FB:kcwQzLoRLE7LTq2NdyMZ91NVySeQ'}
2025-09-29 16:12:19,230 DEBUG neo4j.io: [#CA09]  _: <CONNECTION> server state: TX_READY_OR_TX_STREAMING > READY
2025-09-29 16:12:19,230 DEBUG neo4j.pool: [#CA09]  _: <POOL> released bolt-57181
2025-09-29 16:12:19,230 DEBUG neo4j: [#0000]  _: <WORKSPACE> routing towards fixed database: demo
2025-09-29 16:12:19,230 DEBUG neo4j: [#0000]  _: <WORKSPACE> pinning database: 'demo'
2025-09-29 16:12:19,230 DEBUG neo4j.pool: [#0000]  _: <POOL> acquire direct connection, access_mode='WRITE', database=AcquisitionDatabase(name='demo', guessed=False)
2025-09-29 16:12:19,230 DEBUG neo4j.pool: [#CA09]  _: <POOL> picked existing connection bolt-57181
2025-09-29 16:12:19,230 DEBUG neo4j.pool: [#CA09]  _: <POOL> checked re_auth auth=None updated=False force=False
2025-09-29 16:12:19,230 DEBUG neo4j.pool: [#CA09]  _: <POOL> handing out existing connection
2025-09-29 16:12:19,230 DEBUG neo4j.io: [#CA09]  C: BEGIN {'db': 'demo', 'bookmarks': ['FB:kcwQzLoRLE7LTq2NdyMZ91NVySeQ']}
2025-09-29 16:12:19,230 DEBUG neo4j.io: [#CA09]  _: <CONNECTION> client state: READY > TX_READY_OR_TX_STREAMING
2025-09-29 16:12:19,230 DEBUG neo4j.io: [#CA09]  C: RUN "CALL apoc.schema.nodes() YIELD label, properties, type, size, valuesSelectivity WHERE type = 'RANGE' RETURN *, size * valuesSelectivity as distinctValues" {} {}
2025-09-29 16:12:19,230 DEBUG neo4j.io: [#CA09]  C: PULL {'n': 1000}
2025-09-29 16:12:19,232 DEBUG neo4j.io: [#CA09]  S: SUCCESS {}
2025-09-29 16:12:19,232 DEBUG neo4j.io: [#CA09]  _: <CONNECTION> server state: READY > TX_READY_OR_TX_STREAMING
2025-09-29 16:12:19,233 DEBUG neo4j.io: [#CA09]  S: SUCCESS {'t_first': 1, 'fields': ['label', 'properties', 'size', 'type', 'valuesSelectivity', 'distinctValues'], 'qid': 0}
2025-09-29 16:12:19,234 DEBUG neo4j.io: [#CA09]  S: RECORD * 1
2025-09-29 16:12:19,234 DEBUG neo4j.io: [#CA09]  S: RECORD * 1
2025-09-29 16:12:19,234 DEBUG neo4j.io: [#CA09]  S: SUCCESS {'statuses': [{'gql_status': '00000', 'status_description': 'note: successful completion'}], 'type': 'rw', 't_last': 1, 'db': 'demo'}
2025-09-29 16:12:19,234 DEBUG neo4j.io: [#CA09]  C: COMMIT
2025-09-29 16:12:19,234 DEBUG neo4j.io: [#CA09]  _: <CONNECTION> client state: TX_READY_OR_TX_STREAMING > READY
2025-09-29 16:12:19,234 DEBUG neo4j.io: [#CA09]  S: SUCCESS {'bookmark': 'FB:kcwQzLoRLE7LTq2NdyMZ91NVySeQ'}
2025-09-29 16:12:19,234 DEBUG neo4j.io: [#CA09]  _: <CONNECTION> server state: TX_READY_OR_TX_STREAMING > READY
2025-09-29 16:12:19,235 DEBUG neo4j.pool: [#CA09]  _: <POOL> released bolt-57181
2025-09-29 16:12:19,235 DEBUG neo4j: [#0000]  _: <WORKSPACE> routing towards fixed database: demo
2025-09-29 16:12:19,235 DEBUG neo4j: [#0000]  _: <WORKSPACE> pinning database: 'demo'
2025-09-29 16:12:19,235 DEBUG neo4j.pool: [#0000]  _: <POOL> acquire direct connection, access_mode='WRITE', database=AcquisitionDatabase(name='demo', guessed=False)
2025-09-29 16:12:19,235 DEBUG neo4j.pool: [#CA09]  _: <POOL> picked existing connection bolt-57181
2025-09-29 16:12:19,235 DEBUG neo4j.pool: [#CA09]  _: <POOL> checked re_auth auth=None updated=False force=False
2025-09-29 16:12:19,235 DEBUG neo4j.pool: [#CA09]  _: <POOL> handing out existing connection
2025-09-29 16:12:19,235 DEBUG neo4j.io: [#CA09]  C: BEGIN {'db': 'demo', 'bookmarks': ['FB:kcwQzLoRLE7LTq2NdyMZ91NVySeQ']}
2025-09-29 16:12:19,235 DEBUG neo4j.io: [#CA09]  _: <CONNECTION> client state: READY > TX_READY_OR_TX_STREAMING
2025-09-29 16:12:19,235 DEBUG neo4j.io: [#CA09]  C: RUN "CALL apoc.meta.subGraph({}) YIELD nodes, relationships RETURN nodes, [rel in relationships | {name:apoc.any.property(rel, 'type'), count: apoc.any.property(rel, 'count')}] AS relationships" {} {}
2025-09-29 16:12:19,235 DEBUG neo4j.io: [#CA09]  C: PULL {'n': 1000}
2025-09-29 16:12:19,236 DEBUG neo4j.io: [#CA09]  S: SUCCESS {}
2025-09-29 16:12:19,237 DEBUG neo4j.io: [#CA09]  _: <CONNECTION> server state: READY > TX_READY_OR_TX_STREAMING
2025-09-29 16:12:19,238 DEBUG neo4j.io: [#CA09]  S: SUCCESS {'t_first': 1, 'fields': ['nodes', 'relationships'], 'qid': 0}
2025-09-29 16:12:19,245 DEBUG neo4j.io: [#CA09]  S: RECORD * 1
2025-09-29 16:12:19,245 DEBUG neo4j.io: [#CA09]  S: SUCCESS {'statuses': [{'gql_status': '00000', 'status_description': 'note: successful completion'}], 'type': 'r', 't_last': 5, 'db': 'demo'}
2025-09-29 16:12:19,245 DEBUG neo4j.io: [#CA09]  C: COMMIT
2025-09-29 16:12:19,245 DEBUG neo4j.io: [#CA09]  _: <CONNECTION> client state: TX_READY_OR_TX_STREAMING > READY
2025-09-29 16:12:19,246 DEBUG neo4j.io: [#CA09]  S: SUCCESS {'bookmark': 'FB:kcwQzLoRLE7LTq2NdyMZ91NVySeQ'}
2025-09-29 16:12:19,246 DEBUG neo4j.io: [#CA09]  _: <CONNECTION> server state: TX_READY_OR_TX_STREAMING > READY
2025-09-29 16:12:19,246 DEBUG neo4j.pool: [#CA09]  _: <POOL> released bolt-57181
2025-09-29 16:12:19,246 DEBUG neo4j: [#0000]  _: <WORKSPACE> routing towards fixed database: demo
2025-09-29 16:12:19,247 DEBUG neo4j: [#0000]  _: <WORKSPACE> pinning database: 'demo'
2025-09-29 16:12:19,247 DEBUG neo4j.pool: [#0000]  _: <POOL> acquire direct connection, access_mode='WRITE', database=AcquisitionDatabase(name='demo', guessed=False)
2025-09-29 16:12:19,247 DEBUG neo4j.pool: [#CA09]  _: <POOL> picked existing connection bolt-57181
2025-09-29 16:12:19,247 DEBUG neo4j.pool: [#CA09]  _: <POOL> checked re_auth auth=None updated=False force=False
2025-09-29 16:12:19,247 DEBUG neo4j.pool: [#CA09]  _: <POOL> handing out existing connection
2025-09-29 16:12:19,247 DEBUG neo4j.io: [#CA09]  C: BEGIN {'db': 'demo', 'bookmarks': ['FB:kcwQzLoRLE7LTq2NdyMZ91NVySeQ']}
2025-09-29 16:12:19,247 DEBUG neo4j.io: [#CA09]  _: <CONNECTION> client state: READY > TX_READY_OR_TX_STREAMING
2025-09-29 16:12:19,247 DEBUG neo4j.io: [#CA09]  C: RUN "MATCH (n:`Chunk`)\nWITH collect(distinct substring(toString(coalesce(n.`id`, '')), 0, 52)) AS `id_values`,\n     min(size(coalesce(n.`embedding`, []))) AS `embedding_size_min`, max(size(coalesce(n.`embedding`, []))) AS `embedding_size_max`, collect(n.`embedding`)[0][..3] AS `embedding_values`,\n     collect(distinct substring(toString(coalesce(n.`text`, '')), 0, 52)) AS `text_values`,\n     collect(distinct substring(toString(coalesce(n.`document_id`, '')), 0, 52)) AS `document_id_values`,\n     collect(distinct substring(toString(coalesce(n.`ref_doc_id`, '')), 0, 52)) AS `ref_doc_id_values`,\n     collect(distinct substring(toString(coalesce(n.`_node_type`, '')), 0, 52)) AS `_node_type_values`,\n     collect(distinct substring(toString(coalesce(n.`doc_id`, '')), 0, 52)) AS `doc_id_values`,\n     collect(distinct substring(toString(coalesce(n.`_node_content`, '')), 0, 52)) AS `_node_content_values`\nRETURN {`id`: {values:`id_values`[..10], distinct_count: size(`id_values`)}, `embedding`: {min_size: `embedding_size_min`, max_size: `embedding_size_max`, values:`embedding_values`}, `text`: {values:`text_values`[..10], distinct_count: size(`text_values`)}, `document_id`: {values:`document_id_values`[..10], distinct_count: size(`document_id_values`)}, `ref_doc_id`: {values:`ref_doc_id_values`[..10], distinct_count: size(`ref_doc_id_values`)}, `_node_type`: {values:`_node_type_values`[..10], distinct_count: size(`_node_type_values`)}, `doc_id`: {values:`doc_id_values`[..10], distinct_count: size(`doc_id_values`)}, `_node_content`: {values:`_node_content_values`[..10], distinct_count: size(`_node_content_values`)}} AS output" {} {}
2025-09-29 16:12:19,247 DEBUG neo4j.io: [#CA09]  C: PULL {'n': 1000}
2025-09-29 16:12:19,248 DEBUG neo4j.io: [#CA09]  S: SUCCESS {}
2025-09-29 16:12:19,248 DEBUG neo4j.io: [#CA09]  _: <CONNECTION> server state: READY > TX_READY_OR_TX_STREAMING
2025-09-29 16:12:19,249 DEBUG neo4j.io: [#CA09]  S: SUCCESS {'t_first': 1, 'fields': ['output'], 'qid': 0}
2025-09-29 16:12:19,251 DEBUG neo4j.io: [#CA09]  S: RECORD * 1
2025-09-29 16:12:19,251 DEBUG neo4j.io: [#CA09]  S: SUCCESS {'statuses': [{'gql_status': '00000', 'status_description': 'note: successful completion'}], 'type': 'r', 't_last': 2, 'db': 'demo'}
2025-09-29 16:12:19,251 DEBUG neo4j.io: [#CA09]  C: COMMIT
2025-09-29 16:12:19,251 DEBUG neo4j.io: [#CA09]  _: <CONNECTION> client state: TX_READY_OR_TX_STREAMING > READY
2025-09-29 16:12:19,253 DEBUG neo4j.io: [#CA09]  S: SUCCESS {'bookmark': 'FB:kcwQzLoRLE7LTq2NdyMZ91NVySeQ'}
2025-09-29 16:12:19,253 DEBUG neo4j.io: [#CA09]  _: <CONNECTION> server state: TX_READY_OR_TX_STREAMING > READY
2025-09-29 16:12:19,253 DEBUG neo4j.pool: [#CA09]  _: <POOL> released bolt-57181
2025-09-29 16:12:19,253 DEBUG neo4j: [#0000]  _: <WORKSPACE> routing towards fixed database: demo
2025-09-29 16:12:19,253 DEBUG neo4j: [#0000]  _: <WORKSPACE> pinning database: 'demo'
2025-09-29 16:12:19,253 DEBUG neo4j.pool: [#0000]  _: <POOL> acquire direct connection, access_mode='WRITE', database=AcquisitionDatabase(name='demo', guessed=False)
2025-09-29 16:12:19,253 DEBUG neo4j.pool: [#CA09]  _: <POOL> picked existing connection bolt-57181
2025-09-29 16:12:19,253 DEBUG neo4j.pool: [#CA09]  _: <POOL> checked re_auth auth=None updated=False force=False
2025-09-29 16:12:19,253 DEBUG neo4j.pool: [#CA09]  _: <POOL> handing out existing connection
2025-09-29 16:12:19,254 DEBUG neo4j.io: [#CA09]  C: BEGIN {'db': 'demo', 'bookmarks': ['FB:kcwQzLoRLE7LTq2NdyMZ91NVySeQ']}
2025-09-29 16:12:19,254 DEBUG neo4j.io: [#CA09]  _: <CONNECTION> client state: READY > TX_READY_OR_TX_STREAMING
2025-09-29 16:12:19,254 DEBUG neo4j.io: [#CA09]  C: RUN "MATCH (n:`entity`)\nWITH collect(distinct substring(toString(coalesce(n.`id`, '')), 0, 52)) AS `id_values`,\n     min(size(coalesce(n.`embedding`, []))) AS `embedding_size_min`, max(size(coalesce(n.`embedding`, []))) AS `embedding_size_max`, collect(n.`embedding`)[0][..3] AS `embedding_values`,\n     collect(distinct substring(toString(coalesce(n.`triplet_source_id`, '')), 0, 52)) AS `triplet_source_id_values`,\n     collect(distinct substring(toString(coalesce(n.`name`, '')), 0, 52)) AS `name_values`\nRETURN {`id`: {values:`id_values`[..10], distinct_count: size(`id_values`)}, `embedding`: {min_size: `embedding_size_min`, max_size: `embedding_size_max`, values:`embedding_values`}, `triplet_source_id`: {values:`triplet_source_id_values`[..10], distinct_count: size(`triplet_source_id_values`)}, `name`: {values:`name_values`[..10], distinct_count: size(`name_values`)}} AS output" {} {}
2025-09-29 16:12:19,254 DEBUG neo4j.io: [#CA09]  C: PULL {'n': 1000}
2025-09-29 16:12:19,255 DEBUG neo4j.io: [#CA09]  S: SUCCESS {}
2025-09-29 16:12:19,255 DEBUG neo4j.io: [#CA09]  _: <CONNECTION> server state: READY > TX_READY_OR_TX_STREAMING
2025-09-29 16:12:19,256 DEBUG neo4j.io: [#CA09]  S: SUCCESS {'t_first': 1, 'fields': ['output'], 'qid': 0}
2025-09-29 16:12:19,258 DEBUG neo4j.io: [#CA09]  S: RECORD * 1
2025-09-29 16:12:19,258 DEBUG neo4j.io: [#CA09]  S: SUCCESS {'statuses': [{'gql_status': '00000', 'status_description': 'note: successful completion'}], 'type': 'r', 't_last': 1, 'db': 'demo'}
2025-09-29 16:12:19,258 DEBUG neo4j.io: [#CA09]  C: COMMIT
2025-09-29 16:12:19,258 DEBUG neo4j.io: [#CA09]  _: <CONNECTION> client state: TX_READY_OR_TX_STREAMING > READY
2025-09-29 16:12:19,259 DEBUG neo4j.io: [#CA09]  S: SUCCESS {'bookmark': 'FB:kcwQzLoRLE7LTq2NdyMZ91NVySeQ'}
2025-09-29 16:12:19,259 DEBUG neo4j.io: [#CA09]  _: <CONNECTION> server state: TX_READY_OR_TX_STREAMING > READY
2025-09-29 16:12:19,259 DEBUG neo4j.pool: [#CA09]  _: <POOL> released bolt-57181
2025-09-29 16:12:19,259 DEBUG neo4j: [#0000]  _: <WORKSPACE> routing towards fixed database: demo
2025-09-29 16:12:19,259 DEBUG neo4j: [#0000]  _: <WORKSPACE> pinning database: 'demo'
2025-09-29 16:12:19,259 DEBUG neo4j.pool: [#0000]  _: <POOL> acquire direct connection, access_mode='WRITE', database=AcquisitionDatabase(name='demo', guessed=False)
2025-09-29 16:12:19,260 DEBUG neo4j.pool: [#CA09]  _: <POOL> picked existing connection bolt-57181
2025-09-29 16:12:19,260 DEBUG neo4j.pool: [#CA09]  _: <POOL> checked re_auth auth=None updated=False force=False
2025-09-29 16:12:19,260 DEBUG neo4j.pool: [#CA09]  _: <POOL> handing out existing connection
2025-09-29 16:12:19,260 DEBUG neo4j.io: [#CA09]  C: BEGIN {'db': 'demo', 'bookmarks': ['FB:kcwQzLoRLE7LTq2NdyMZ91NVySeQ']}
2025-09-29 16:12:19,260 DEBUG neo4j.io: [#CA09]  _: <CONNECTION> client state: READY > TX_READY_OR_TX_STREAMING
2025-09-29 16:12:19,260 DEBUG neo4j.io: [#CA09]  C: RUN "MATCH ()-[n:`Works at`]->()\nWITH collect(distinct substring(toString(coalesce(n.`triplet_source_id`, '')), 0, 52)) AS `triplet_source_id_values`\nRETURN {`triplet_source_id`: {values:`triplet_source_id_values`[..10], distinct_count: size(`triplet_source_id_values`)}} AS output" {} {}
2025-09-29 16:12:19,260 DEBUG neo4j.io: [#CA09]  C: PULL {'n': 1000}
2025-09-29 16:12:19,262 DEBUG neo4j.io: [#CA09]  S: SUCCESS {}
2025-09-29 16:12:19,262 DEBUG neo4j.io: [#CA09]  _: <CONNECTION> server state: READY > TX_READY_OR_TX_STREAMING
2025-09-29 16:12:19,265 DEBUG neo4j.io: [#CA09]  S: SUCCESS {'t_first': 3, 'fields': ['output'], 'qid': 0}
2025-09-29 16:12:19,266 DEBUG neo4j.io: [#CA09]  S: RECORD * 1
2025-09-29 16:12:19,266 DEBUG neo4j.io: [#CA09]  S: SUCCESS {'statuses': [{'gql_status': '00000', 'status_description': 'note: successful completion'}], 'type': 'r', 't_last': 1, 'db': 'demo'}
2025-09-29 16:12:19,267 DEBUG neo4j.io: [#CA09]  C: COMMIT
2025-09-29 16:12:19,267 DEBUG neo4j.io: [#CA09]  _: <CONNECTION> client state: TX_READY_OR_TX_STREAMING > READY
2025-09-29 16:12:19,267 DEBUG neo4j.io: [#CA09]  S: SUCCESS {'bookmark': 'FB:kcwQzLoRLE7LTq2NdyMZ91NVySeQ'}
2025-09-29 16:12:19,267 DEBUG neo4j.io: [#CA09]  _: <CONNECTION> server state: TX_READY_OR_TX_STREAMING > READY
2025-09-29 16:12:19,267 DEBUG neo4j.pool: [#CA09]  _: <POOL> released bolt-57181
2025-09-29 16:12:19,267 DEBUG neo4j: [#0000]  _: <WORKSPACE> routing towards fixed database: demo
2025-09-29 16:12:19,268 DEBUG neo4j: [#0000]  _: <WORKSPACE> pinning database: 'demo'
2025-09-29 16:12:19,268 DEBUG neo4j.pool: [#0000]  _: <POOL> acquire direct connection, access_mode='WRITE', database=AcquisitionDatabase(name='demo', guessed=False)
2025-09-29 16:12:19,268 DEBUG neo4j.pool: [#CA09]  _: <POOL> picked existing connection bolt-57181
2025-09-29 16:12:19,268 DEBUG neo4j.pool: [#CA09]  _: <POOL> checked re_auth auth=None updated=False force=False
2025-09-29 16:12:19,268 DEBUG neo4j.pool: [#CA09]  _: <POOL> handing out existing connection
2025-09-29 16:12:19,268 DEBUG neo4j.io: [#CA09]  C: BEGIN {'db': 'demo', 'bookmarks': ['FB:kcwQzLoRLE7LTq2NdyMZ91NVySeQ']}
2025-09-29 16:12:19,268 DEBUG neo4j.io: [#CA09]  _: <CONNECTION> client state: READY > TX_READY_OR_TX_STREAMING
2025-09-29 16:12:19,268 DEBUG neo4j.io: [#CA09]  C: RUN "MATCH ()-[n:`Is based in`]->()\nWITH collect(distinct substring(toString(coalesce(n.`triplet_source_id`, '')), 0, 52)) AS `triplet_source_id_values`\nRETURN {`triplet_source_id`: {values:`triplet_source_id_values`[..10], distinct_count: size(`triplet_source_id_values`)}} AS output" {} {}
2025-09-29 16:12:19,268 DEBUG neo4j.io: [#CA09]  C: PULL {'n': 1000}
2025-09-29 16:12:19,269 DEBUG neo4j.io: [#CA09]  S: SUCCESS {}
2025-09-29 16:12:19,269 DEBUG neo4j.io: [#CA09]  _: <CONNECTION> server state: READY > TX_READY_OR_TX_STREAMING
2025-09-29 16:12:19,270 DEBUG neo4j.io: [#CA09]  S: SUCCESS {'t_first': 1, 'fields': ['output'], 'qid': 0}
2025-09-29 16:12:19,271 DEBUG neo4j.io: [#CA09]  S: RECORD * 1
2025-09-29 16:12:19,271 DEBUG neo4j.io: [#CA09]  S: SUCCESS {'statuses': [{'gql_status': '00000', 'status_description': 'note: successful completion'}], 'type': 'r', 't_last': 1, 'db': 'demo'}
2025-09-29 16:12:19,271 DEBUG neo4j.io: [#CA09]  C: COMMIT
2025-09-29 16:12:19,271 DEBUG neo4j.io: [#CA09]  _: <CONNECTION> client state: TX_READY_OR_TX_STREAMING > READY
2025-09-29 16:12:19,272 DEBUG neo4j.io: [#CA09]  S: SUCCESS {'bookmark': 'FB:kcwQzLoRLE7LTq2NdyMZ91NVySeQ'}
2025-09-29 16:12:19,272 DEBUG neo4j.io: [#CA09]  _: <CONNECTION> server state: TX_READY_OR_TX_STREAMING > READY
2025-09-29 16:12:19,272 DEBUG neo4j.pool: [#CA09]  _: <POOL> released bolt-57181
2025-09-29 16:12:19,272 DEBUG neo4j: [#0000]  _: <WORKSPACE> routing towards fixed database: demo
2025-09-29 16:12:19,272 DEBUG neo4j: [#0000]  _: <WORKSPACE> pinning database: 'demo'
2025-09-29 16:12:19,272 DEBUG neo4j.pool: [#0000]  _: <POOL> acquire direct connection, access_mode='WRITE', database=AcquisitionDatabase(name='demo', guessed=False)
2025-09-29 16:12:19,272 DEBUG neo4j.pool: [#CA09]  _: <POOL> picked existing connection bolt-57181
2025-09-29 16:12:19,272 DEBUG neo4j.pool: [#CA09]  _: <POOL> checked re_auth auth=None updated=False force=False
2025-09-29 16:12:19,272 DEBUG neo4j.pool: [#CA09]  _: <POOL> handing out existing connection
2025-09-29 16:12:19,272 DEBUG neo4j.io: [#CA09]  C: BEGIN {'db': 'demo', 'bookmarks': ['FB:kcwQzLoRLE7LTq2NdyMZ91NVySeQ']}
2025-09-29 16:12:19,273 DEBUG neo4j.io: [#CA09]  _: <CONNECTION> client state: READY > TX_READY_OR_TX_STREAMING
2025-09-29 16:12:19,273 DEBUG neo4j.io: [#CA09]  C: RUN "MATCH ()-[n:`Is based in`]->()\nWITH collect(distinct substring(toString(coalesce(n.`triplet_source_id`, '')), 0, 52)) AS `triplet_source_id_values`\nRETURN {`triplet_source_id`: {values:`triplet_source_id_values`[..10], distinct_count: size(`triplet_source_id_values`)}} AS output" {} {}
2025-09-29 16:12:19,273 DEBUG neo4j.io: [#CA09]  C: PULL {'n': 1000}
2025-09-29 16:12:19,274 DEBUG neo4j.io: [#CA09]  S: SUCCESS {}
2025-09-29 16:12:19,274 DEBUG neo4j.io: [#CA09]  _: <CONNECTION> server state: READY > TX_READY_OR_TX_STREAMING
2025-09-29 16:12:19,275 DEBUG neo4j.io: [#CA09]  S: SUCCESS {'t_first': 0, 'fields': ['output'], 'qid': 0}
2025-09-29 16:12:19,276 DEBUG neo4j.io: [#CA09]  S: RECORD * 1
2025-09-29 16:12:19,276 DEBUG neo4j.io: [#CA09]  S: SUCCESS {'statuses': [{'gql_status': '00000', 'status_description': 'note: successful completion'}], 'type': 'r', 't_last': 0, 'db': 'demo'}
2025-09-29 16:12:19,276 DEBUG neo4j.io: [#CA09]  C: COMMIT
2025-09-29 16:12:19,276 DEBUG neo4j.io: [#CA09]  _: <CONNECTION> client state: TX_READY_OR_TX_STREAMING > READY
2025-09-29 16:12:19,276 DEBUG neo4j.io: [#CA09]  S: SUCCESS {'bookmark': 'FB:kcwQzLoRLE7LTq2NdyMZ91NVySeQ'}
2025-09-29 16:12:19,276 DEBUG neo4j.io: [#CA09]  _: <CONNECTION> server state: TX_READY_OR_TX_STREAMING > READY
2025-09-29 16:12:19,276 DEBUG neo4j.pool: [#CA09]  _: <POOL> released bolt-57181
2025-09-29 16:12:19,277 DEBUG neo4j: [#0000]  _: <WORKSPACE> routing towards fixed database: demo
2025-09-29 16:12:19,277 DEBUG neo4j: [#0000]  _: <WORKSPACE> pinning database: 'demo'
2025-09-29 16:12:19,277 DEBUG neo4j.pool: [#0000]  _: <POOL> acquire direct connection, access_mode='WRITE', database=AcquisitionDatabase(name='demo', guessed=False)
2025-09-29 16:12:19,277 DEBUG neo4j.pool: [#CA09]  _: <POOL> picked existing connection bolt-57181
2025-09-29 16:12:19,277 DEBUG neo4j.pool: [#CA09]  _: <POOL> checked re_auth auth=None updated=False force=False
2025-09-29 16:12:19,277 DEBUG neo4j.pool: [#CA09]  _: <POOL> handing out existing connection
2025-09-29 16:12:19,277 DEBUG neo4j.io: [#CA09]  C: BEGIN {'db': 'demo', 'bookmarks': ['FB:kcwQzLoRLE7LTq2NdyMZ91NVySeQ']}
2025-09-29 16:12:19,277 DEBUG neo4j.io: [#CA09]  _: <CONNECTION> client state: READY > TX_READY_OR_TX_STREAMING
2025-09-29 16:12:19,277 DEBUG neo4j.io: [#CA09]  C: RUN "MATCH ()-[n:`Works at`]->()\nWITH collect(distinct substring(toString(coalesce(n.`triplet_source_id`, '')), 0, 52)) AS `triplet_source_id_values`\nRETURN {`triplet_source_id`: {values:`triplet_source_id_values`[..10], distinct_count: size(`triplet_source_id_values`)}} AS output" {} {}
2025-09-29 16:12:19,277 DEBUG neo4j.io: [#CA09]  C: PULL {'n': 1000}
2025-09-29 16:12:19,278 DEBUG neo4j.io: [#CA09]  S: SUCCESS {}
2025-09-29 16:12:19,278 DEBUG neo4j.io: [#CA09]  _: <CONNECTION> server state: READY > TX_READY_OR_TX_STREAMING
2025-09-29 16:12:19,279 DEBUG neo4j.io: [#CA09]  S: SUCCESS {'t_first': 0, 'fields': ['output'], 'qid': 0}
2025-09-29 16:12:19,280 DEBUG neo4j.io: [#CA09]  S: RECORD * 1
2025-09-29 16:12:19,280 DEBUG neo4j.io: [#CA09]  S: SUCCESS {'statuses': [{'gql_status': '00000', 'status_description': 'note: successful completion'}], 'type': 'r', 't_last': 0, 'db': 'demo'}
2025-09-29 16:12:19,280 DEBUG neo4j.io: [#CA09]  C: COMMIT
2025-09-29 16:12:19,280 DEBUG neo4j.io: [#CA09]  _: <CONNECTION> client state: TX_READY_OR_TX_STREAMING > READY
2025-09-29 16:12:19,281 DEBUG neo4j.io: [#CA09]  S: SUCCESS {'bookmark': 'FB:kcwQzLoRLE7LTq2NdyMZ91NVySeQ'}
2025-09-29 16:12:19,281 DEBUG neo4j.io: [#CA09]  _: <CONNECTION> server state: TX_READY_OR_TX_STREAMING > READY
2025-09-29 16:12:19,281 DEBUG neo4j.pool: [#CA09]  _: <POOL> released bolt-57181
2025-09-29 16:12:19,281 DEBUG neo4j: [#0000]  _: <WORKSPACE> routing towards fixed database: demo
2025-09-29 16:12:19,281 DEBUG neo4j: [#0000]  _: <WORKSPACE> pinning database: 'demo'
2025-09-29 16:12:19,281 DEBUG neo4j.pool: [#0000]  _: <POOL> acquire direct connection, access_mode='WRITE', database=AcquisitionDatabase(name='demo', guessed=False)
2025-09-29 16:12:19,281 DEBUG neo4j.pool: [#CA09]  _: <POOL> picked existing connection bolt-57181
2025-09-29 16:12:19,281 DEBUG neo4j.pool: [#CA09]  _: <POOL> checked re_auth auth=None updated=False force=False
2025-09-29 16:12:19,281 DEBUG neo4j.pool: [#CA09]  _: <POOL> handing out existing connection
2025-09-29 16:12:19,281 DEBUG neo4j.io: [#CA09]  C: BEGIN {'db': 'demo', 'bookmarks': ['FB:kcwQzLoRLE7LTq2NdyMZ91NVySeQ']}
2025-09-29 16:12:19,281 DEBUG neo4j.io: [#CA09]  _: <CONNECTION> client state: READY > TX_READY_OR_TX_STREAMING
2025-09-29 16:12:19,281 DEBUG neo4j.io: [#CA09]  C: RUN "MATCH ()-[n:`Works at`]->()\nWITH collect(distinct substring(toString(coalesce(n.`triplet_source_id`, '')), 0, 52)) AS `triplet_source_id_values`\nRETURN {`triplet_source_id`: {values:`triplet_source_id_values`[..10], distinct_count: size(`triplet_source_id_values`)}} AS output" {} {}
2025-09-29 16:12:19,281 DEBUG neo4j.io: [#CA09]  C: PULL {'n': 1000}
2025-09-29 16:12:19,282 DEBUG neo4j.io: [#CA09]  S: SUCCESS {}
2025-09-29 16:12:19,282 DEBUG neo4j.io: [#CA09]  _: <CONNECTION> server state: READY > TX_READY_OR_TX_STREAMING
2025-09-29 16:12:19,283 DEBUG neo4j.io: [#CA09]  S: SUCCESS {'t_first': 1, 'fields': ['output'], 'qid': 0}
2025-09-29 16:12:19,284 DEBUG neo4j.io: [#CA09]  S: RECORD * 1
2025-09-29 16:12:19,285 DEBUG neo4j.io: [#CA09]  S: SUCCESS {'statuses': [{'gql_status': '00000', 'status_description': 'note: successful completion'}], 'type': 'r', 't_last': 1, 'db': 'demo'}
2025-09-29 16:12:19,285 DEBUG neo4j.io: [#CA09]  C: COMMIT
2025-09-29 16:12:19,285 DEBUG neo4j.io: [#CA09]  _: <CONNECTION> client state: TX_READY_OR_TX_STREAMING > READY
2025-09-29 16:12:19,285 DEBUG neo4j.io: [#CA09]  S: SUCCESS {'bookmark': 'FB:kcwQzLoRLE7LTq2NdyMZ91NVySeQ'}
2025-09-29 16:12:19,286 DEBUG neo4j.io: [#CA09]  _: <CONNECTION> server state: TX_READY_OR_TX_STREAMING > READY
2025-09-29 16:12:19,286 DEBUG neo4j.pool: [#CA09]  _: <POOL> released bolt-57181
2025-09-29 16:12:19,286 DEBUG neo4j: [#0000]  _: <WORKSPACE> routing towards fixed database: demo
2025-09-29 16:12:19,286 DEBUG neo4j: [#0000]  _: <WORKSPACE> pinning database: 'demo'
2025-09-29 16:12:19,286 DEBUG neo4j.pool: [#0000]  _: <POOL> acquire direct connection, access_mode='WRITE', database=AcquisitionDatabase(name='demo', guessed=False)
2025-09-29 16:12:19,286 DEBUG neo4j.pool: [#CA09]  _: <POOL> picked existing connection bolt-57181
2025-09-29 16:12:19,286 DEBUG neo4j.pool: [#CA09]  _: <POOL> checked re_auth auth=None updated=False force=False
2025-09-29 16:12:19,286 DEBUG neo4j.pool: [#CA09]  _: <POOL> handing out existing connection
2025-09-29 16:12:19,286 DEBUG neo4j.io: [#CA09]  C: BEGIN {'db': 'demo', 'bookmarks': ['FB:kcwQzLoRLE7LTq2NdyMZ91NVySeQ']}
2025-09-29 16:12:19,287 DEBUG neo4j.io: [#CA09]  _: <CONNECTION> client state: READY > TX_READY_OR_TX_STREAMING
2025-09-29 16:12:19,287 DEBUG neo4j.io: [#CA09]  C: RUN "MATCH ()-[n:`Works at`]->()\nWITH collect(distinct substring(toString(coalesce(n.`triplet_source_id`, '')), 0, 52)) AS `triplet_source_id_values`\nRETURN {`triplet_source_id`: {values:`triplet_source_id_values`[..10], distinct_count: size(`triplet_source_id_values`)}} AS output" {} {}
2025-09-29 16:12:19,287 DEBUG neo4j.io: [#CA09]  C: PULL {'n': 1000}
2025-09-29 16:12:19,288 DEBUG neo4j.io: [#CA09]  S: SUCCESS {}
2025-09-29 16:12:19,288 DEBUG neo4j.io: [#CA09]  _: <CONNECTION> server state: READY > TX_READY_OR_TX_STREAMING
2025-09-29 16:12:19,289 DEBUG neo4j.io: [#CA09]  S: SUCCESS {'t_first': 1, 'fields': ['output'], 'qid': 0}
2025-09-29 16:12:19,290 DEBUG neo4j.io: [#CA09]  S: RECORD * 1
2025-09-29 16:12:19,290 DEBUG neo4j.io: [#CA09]  S: SUCCESS {'statuses': [{'gql_status': '00000', 'status_description': 'note: successful completion'}], 'type': 'r', 't_last': 1, 'db': 'demo'}
2025-09-29 16:12:19,290 DEBUG neo4j.io: [#CA09]  C: COMMIT
2025-09-29 16:12:19,292 DEBUG neo4j.io: [#CA09]  _: <CONNECTION> client state: TX_READY_OR_TX_STREAMING > READY
2025-09-29 16:12:19,292 DEBUG neo4j.io: [#CA09]  S: SUCCESS {'bookmark': 'FB:kcwQzLoRLE7LTq2NdyMZ91NVySeQ'}
2025-09-29 16:12:19,293 DEBUG neo4j.io: [#CA09]  _: <CONNECTION> server state: TX_READY_OR_TX_STREAMING > READY
2025-09-29 16:12:19,293 DEBUG neo4j.pool: [#CA09]  _: <POOL> released bolt-57181
2025-09-29 16:12:19,293 DEBUG neo4j: [#0000]  _: <WORKSPACE> routing towards fixed database: demo
2025-09-29 16:12:19,293 DEBUG neo4j: [#0000]  _: <WORKSPACE> pinning database: 'demo'
2025-09-29 16:12:19,293 DEBUG neo4j.pool: [#0000]  _: <POOL> acquire direct connection, access_mode='WRITE', database=AcquisitionDatabase(name='demo', guessed=False)
2025-09-29 16:12:19,293 DEBUG neo4j.pool: [#CA09]  _: <POOL> picked existing connection bolt-57181
2025-09-29 16:12:19,293 DEBUG neo4j.pool: [#CA09]  _: <POOL> checked re_auth auth=None updated=False force=False
2025-09-29 16:12:19,293 DEBUG neo4j.pool: [#CA09]  _: <POOL> handing out existing connection
2025-09-29 16:12:19,293 DEBUG neo4j.io: [#CA09]  C: BEGIN {'db': 'demo', 'bookmarks': ['FB:kcwQzLoRLE7LTq2NdyMZ91NVySeQ']}
2025-09-29 16:12:19,293 DEBUG neo4j.io: [#CA09]  _: <CONNECTION> client state: READY > TX_READY_OR_TX_STREAMING
2025-09-29 16:12:19,293 DEBUG neo4j.io: [#CA09]  C: RUN "MATCH ()-[n:`Works at`]->()\nWITH collect(distinct substring(toString(coalesce(n.`triplet_source_id`, '')), 0, 52)) AS `triplet_source_id_values`\nRETURN {`triplet_source_id`: {values:`triplet_source_id_values`[..10], distinct_count: size(`triplet_source_id_values`)}} AS output" {} {}
2025-09-29 16:12:19,293 DEBUG neo4j.io: [#CA09]  C: PULL {'n': 1000}
2025-09-29 16:12:19,294 DEBUG neo4j.io: [#CA09]  S: SUCCESS {}
2025-09-29 16:12:19,294 DEBUG neo4j.io: [#CA09]  _: <CONNECTION> server state: READY > TX_READY_OR_TX_STREAMING
2025-09-29 16:12:19,294 DEBUG neo4j.io: [#CA09]  S: SUCCESS {'t_first': 0, 'fields': ['output'], 'qid': 0}
2025-09-29 16:12:19,295 DEBUG neo4j.io: [#CA09]  S: RECORD * 1
2025-09-29 16:12:19,295 DEBUG neo4j.io: [#CA09]  S: SUCCESS {'statuses': [{'gql_status': '00000', 'status_description': 'note: successful completion'}], 'type': 'r', 't_last': 1, 'db': 'demo'}
2025-09-29 16:12:19,295 DEBUG neo4j.io: [#CA09]  C: COMMIT
2025-09-29 16:12:19,296 DEBUG neo4j.io: [#CA09]  _: <CONNECTION> client state: TX_READY_OR_TX_STREAMING > READY
2025-09-29 16:12:19,296 DEBUG neo4j.io: [#CA09]  S: SUCCESS {'bookmark': 'FB:kcwQzLoRLE7LTq2NdyMZ91NVySeQ'}
2025-09-29 16:12:19,296 DEBUG neo4j.io: [#CA09]  _: <CONNECTION> server state: TX_READY_OR_TX_STREAMING > READY
2025-09-29 16:12:19,296 DEBUG neo4j.pool: [#CA09]  _: <POOL> released bolt-57181
2025-09-29 16:12:19,296 DEBUG neo4j: [#0000]  _: <WORKSPACE> routing towards fixed database: demo
2025-09-29 16:12:19,296 DEBUG neo4j: [#0000]  _: <WORKSPACE> pinning database: 'demo'
2025-09-29 16:12:19,296 DEBUG neo4j.pool: [#0000]  _: <POOL> acquire direct connection, access_mode='WRITE', database=AcquisitionDatabase(name='demo', guessed=False)
2025-09-29 16:12:19,296 DEBUG neo4j.pool: [#CA09]  _: <POOL> picked existing connection bolt-57181
2025-09-29 16:12:19,296 DEBUG neo4j.pool: [#CA09]  _: <POOL> checked re_auth auth=None updated=False force=False
2025-09-29 16:12:19,296 DEBUG neo4j.pool: [#CA09]  _: <POOL> handing out existing connection
2025-09-29 16:12:19,296 DEBUG neo4j.io: [#CA09]  C: BEGIN {'db': 'demo', 'bookmarks': ['FB:kcwQzLoRLE7LTq2NdyMZ91NVySeQ']}
2025-09-29 16:12:19,297 DEBUG neo4j.io: [#CA09]  _: <CONNECTION> client state: READY > TX_READY_OR_TX_STREAMING
2025-09-29 16:12:19,297 DEBUG neo4j.io: [#CA09]  C: RUN "MATCH ()-[n:`Is based in`]->()\nWITH collect(distinct substring(toString(coalesce(n.`triplet_source_id`, '')), 0, 52)) AS `triplet_source_id_values`\nRETURN {`triplet_source_id`: {values:`triplet_source_id_values`[..10], distinct_count: size(`triplet_source_id_values`)}} AS output" {} {}
2025-09-29 16:12:19,297 DEBUG neo4j.io: [#CA09]  C: PULL {'n': 1000}
2025-09-29 16:12:19,297 DEBUG neo4j.io: [#CA09]  S: SUCCESS {}
2025-09-29 16:12:19,297 DEBUG neo4j.io: [#CA09]  _: <CONNECTION> server state: READY > TX_READY_OR_TX_STREAMING
2025-09-29 16:12:19,298 DEBUG neo4j.io: [#CA09]  S: SUCCESS {'t_first': 1, 'fields': ['output'], 'qid': 0}
2025-09-29 16:12:19,299 DEBUG neo4j.io: [#CA09]  S: RECORD * 1
2025-09-29 16:12:19,299 DEBUG neo4j.io: [#CA09]  S: SUCCESS {'statuses': [{'gql_status': '00000', 'status_description': 'note: successful completion'}], 'type': 'r', 't_last': 1, 'db': 'demo'}
2025-09-29 16:12:19,299 DEBUG neo4j.io: [#CA09]  C: COMMIT
2025-09-29 16:12:19,299 DEBUG neo4j.io: [#CA09]  _: <CONNECTION> client state: TX_READY_OR_TX_STREAMING > READY
2025-09-29 16:12:19,300 DEBUG neo4j.io: [#CA09]  S: SUCCESS {'bookmark': 'FB:kcwQzLoRLE7LTq2NdyMZ91NVySeQ'}
2025-09-29 16:12:19,300 DEBUG neo4j.io: [#CA09]  _: <CONNECTION> server state: TX_READY_OR_TX_STREAMING > READY
2025-09-29 16:12:19,300 DEBUG neo4j.pool: [#CA09]  _: <POOL> released bolt-57181
2025-09-29 16:12:19,300 DEBUG neo4j: [#0000]  _: <WORKSPACE> routing towards fixed database: demo
2025-09-29 16:12:19,300 DEBUG neo4j: [#0000]  _: <WORKSPACE> pinning database: 'demo'
2025-09-29 16:12:19,300 DEBUG neo4j.pool: [#0000]  _: <POOL> acquire direct connection, access_mode='WRITE', database=AcquisitionDatabase(name='demo', guessed=False)
2025-09-29 16:12:19,300 DEBUG neo4j.pool: [#CA09]  _: <POOL> picked existing connection bolt-57181
2025-09-29 16:12:19,300 DEBUG neo4j.pool: [#CA09]  _: <POOL> checked re_auth auth=None updated=False force=False
2025-09-29 16:12:19,300 DEBUG neo4j.pool: [#CA09]  _: <POOL> handing out existing connection
2025-09-29 16:12:19,300 DEBUG neo4j.io: [#CA09]  C: BEGIN {'db': 'demo', 'bookmarks': ['FB:kcwQzLoRLE7LTq2NdyMZ91NVySeQ']}
2025-09-29 16:12:19,300 DEBUG neo4j.io: [#CA09]  _: <CONNECTION> client state: READY > TX_READY_OR_TX_STREAMING
2025-09-29 16:12:19,301 DEBUG neo4j.io: [#CA09]  C: RUN "MATCH ()-[n:`Is based in`]->()\nWITH collect(distinct substring(toString(coalesce(n.`triplet_source_id`, '')), 0, 52)) AS `triplet_source_id_values`\nRETURN {`triplet_source_id`: {values:`triplet_source_id_values`[..10], distinct_count: size(`triplet_source_id_values`)}} AS output" {} {}
2025-09-29 16:12:19,301 DEBUG neo4j.io: [#CA09]  C: PULL {'n': 1000}
2025-09-29 16:12:19,302 DEBUG neo4j.io: [#CA09]  S: SUCCESS {}
2025-09-29 16:12:19,302 DEBUG neo4j.io: [#CA09]  _: <CONNECTION> server state: READY > TX_READY_OR_TX_STREAMING
2025-09-29 16:12:19,304 DEBUG neo4j.io: [#CA09]  S: SUCCESS {'t_first': 1, 'fields': ['output'], 'qid': 0}
2025-09-29 16:12:19,306 DEBUG neo4j.io: [#CA09]  S: RECORD * 1
2025-09-29 16:12:19,306 DEBUG neo4j.io: [#CA09]  S: SUCCESS {'statuses': [{'gql_status': '00000', 'status_description': 'note: successful completion'}], 'type': 'r', 't_last': 1, 'db': 'demo'}
2025-09-29 16:12:19,306 DEBUG neo4j.io: [#CA09]  C: COMMIT
2025-09-29 16:12:19,306 DEBUG neo4j.io: [#CA09]  _: <CONNECTION> client state: TX_READY_OR_TX_STREAMING > READY
2025-09-29 16:12:19,307 DEBUG neo4j.io: [#CA09]  S: SUCCESS {'bookmark': 'FB:kcwQzLoRLE7LTq2NdyMZ91NVySeQ'}
2025-09-29 16:12:19,307 DEBUG neo4j.io: [#CA09]  _: <CONNECTION> server state: TX_READY_OR_TX_STREAMING > READY
2025-09-29 16:12:19,307 DEBUG neo4j.pool: [#CA09]  _: <POOL> released bolt-57181
2025-09-29 16:12:19,307 DEBUG neo4j: [#0000]  _: <WORKSPACE> routing towards fixed database: demo
2025-09-29 16:12:19,307 DEBUG neo4j: [#0000]  _: <WORKSPACE> pinning database: 'demo'
2025-09-29 16:12:19,307 DEBUG neo4j.pool: [#0000]  _: <POOL> acquire direct connection, access_mode='WRITE', database=AcquisitionDatabase(name='demo', guessed=False)
2025-09-29 16:12:19,307 DEBUG neo4j.pool: [#CA09]  _: <POOL> picked existing connection bolt-57181
2025-09-29 16:12:19,307 DEBUG neo4j.pool: [#CA09]  _: <POOL> checked re_auth auth=None updated=False force=False
2025-09-29 16:12:19,307 DEBUG neo4j.pool: [#CA09]  _: <POOL> handing out existing connection
2025-09-29 16:12:19,307 DEBUG neo4j.io: [#CA09]  C: BEGIN {'db': 'demo', 'bookmarks': ['FB:kcwQzLoRLE7LTq2NdyMZ91NVySeQ']}
2025-09-29 16:12:19,308 DEBUG neo4j.io: [#CA09]  _: <CONNECTION> client state: READY > TX_READY_OR_TX_STREAMING
2025-09-29 16:12:19,308 DEBUG neo4j.io: [#CA09]  C: RUN "MATCH ()-[n:`SOURCE`]->()\nWITH collect(distinct substring(toString(coalesce(n.`triplet_source_id`, '')), 0, 52)) AS `triplet_source_id_values`\nRETURN {`triplet_source_id`: {values:`triplet_source_id_values`[..10], distinct_count: size(`triplet_source_id_values`)}} AS output" {} {}
2025-09-29 16:12:19,308 DEBUG neo4j.io: [#CA09]  C: PULL {'n': 1000}
2025-09-29 16:12:19,309 DEBUG neo4j.io: [#CA09]  S: SUCCESS {}
2025-09-29 16:12:19,309 DEBUG neo4j.io: [#CA09]  _: <CONNECTION> server state: READY > TX_READY_OR_TX_STREAMING
2025-09-29 16:12:19,310 DEBUG neo4j.io: [#CA09]  S: SUCCESS {'t_first': 1, 'fields': ['output'], 'qid': 0}
2025-09-29 16:12:19,312 DEBUG neo4j.io: [#CA09]  S: RECORD * 1
2025-09-29 16:12:19,312 DEBUG neo4j.io: [#CA09]  S: SUCCESS {'statuses': [{'gql_status': '00000', 'status_description': 'note: successful completion'}], 'type': 'r', 't_last': 2, 'db': 'demo'}
2025-09-29 16:12:19,313 DEBUG neo4j.io: [#CA09]  C: COMMIT
2025-09-29 16:12:19,313 DEBUG neo4j.io: [#CA09]  _: <CONNECTION> client state: TX_READY_OR_TX_STREAMING > READY
2025-09-29 16:12:19,313 DEBUG neo4j.io: [#CA09]  S: SUCCESS {'bookmark': 'FB:kcwQzLoRLE7LTq2NdyMZ91NVySeQ'}
2025-09-29 16:12:19,313 DEBUG neo4j.io: [#CA09]  _: <CONNECTION> server state: TX_READY_OR_TX_STREAMING > READY
2025-09-29 16:12:19,313 DEBUG neo4j.pool: [#CA09]  _: <POOL> released bolt-57181
2025-09-29 16:12:19,313 DEBUG neo4j: [#0000]  _: <WORKSPACE> routing towards fixed database: demo
2025-09-29 16:12:19,313 DEBUG neo4j: [#0000]  _: <WORKSPACE> pinning database: 'demo'
2025-09-29 16:12:19,313 DEBUG neo4j.pool: [#0000]  _: <POOL> acquire direct connection, access_mode='WRITE', database=AcquisitionDatabase(name='demo', guessed=False)
2025-09-29 16:12:19,314 DEBUG neo4j.pool: [#CA09]  _: <POOL> picked existing connection bolt-57181
2025-09-29 16:12:19,314 DEBUG neo4j.pool: [#CA09]  _: <POOL> checked re_auth auth=None updated=False force=False
2025-09-29 16:12:19,314 DEBUG neo4j.pool: [#CA09]  _: <POOL> handing out existing connection
2025-09-29 16:12:19,314 DEBUG neo4j.io: [#CA09]  C: BEGIN {'db': 'demo', 'bookmarks': ['FB:kcwQzLoRLE7LTq2NdyMZ91NVySeQ']}
2025-09-29 16:12:19,314 DEBUG neo4j.io: [#CA09]  _: <CONNECTION> client state: READY > TX_READY_OR_TX_STREAMING
2025-09-29 16:12:19,314 DEBUG neo4j.io: [#CA09]  C: RUN "MATCH ()-[n:`Works at`]->()\nWITH collect(distinct substring(toString(coalesce(n.`triplet_source_id`, '')), 0, 52)) AS `triplet_source_id_values`\nRETURN {`triplet_source_id`: {values:`triplet_source_id_values`[..10], distinct_count: size(`triplet_source_id_values`)}} AS output" {} {}
2025-09-29 16:12:19,314 DEBUG neo4j.io: [#CA09]  C: PULL {'n': 1000}
2025-09-29 16:12:19,314 DEBUG neo4j.io: [#CA09]  S: SUCCESS {}
2025-09-29 16:12:19,314 DEBUG neo4j.io: [#CA09]  _: <CONNECTION> server state: READY > TX_READY_OR_TX_STREAMING
2025-09-29 16:12:19,315 DEBUG neo4j.io: [#CA09]  S: SUCCESS {'t_first': 1, 'fields': ['output'], 'qid': 0}
2025-09-29 16:12:19,317 DEBUG neo4j.io: [#CA09]  S: RECORD * 1
2025-09-29 16:12:19,317 DEBUG neo4j.io: [#CA09]  S: SUCCESS {'statuses': [{'gql_status': '00000', 'status_description': 'note: successful completion'}], 'type': 'r', 't_last': 1, 'db': 'demo'}
2025-09-29 16:12:19,317 DEBUG neo4j.io: [#CA09]  C: COMMIT
2025-09-29 16:12:19,317 DEBUG neo4j.io: [#CA09]  _: <CONNECTION> client state: TX_READY_OR_TX_STREAMING > READY
2025-09-29 16:12:19,317 DEBUG neo4j.io: [#CA09]  S: SUCCESS {'bookmark': 'FB:kcwQzLoRLE7LTq2NdyMZ91NVySeQ'}
2025-09-29 16:12:19,318 DEBUG neo4j.io: [#CA09]  _: <CONNECTION> server state: TX_READY_OR_TX_STREAMING > READY
2025-09-29 16:12:19,318 DEBUG neo4j.pool: [#CA09]  _: <POOL> released bolt-57181
2025-09-29 16:12:19,318 DEBUG neo4j: [#0000]  _: <WORKSPACE> routing towards fixed database: demo
2025-09-29 16:12:19,318 DEBUG neo4j: [#0000]  _: <WORKSPACE> pinning database: 'demo'
2025-09-29 16:12:19,318 DEBUG neo4j.pool: [#0000]  _: <POOL> acquire direct connection, access_mode='WRITE', database=AcquisitionDatabase(name='demo', guessed=False)
2025-09-29 16:12:19,318 DEBUG neo4j.pool: [#CA09]  _: <POOL> picked existing connection bolt-57181
2025-09-29 16:12:19,318 DEBUG neo4j.pool: [#CA09]  _: <POOL> checked re_auth auth=None updated=False force=False
2025-09-29 16:12:19,318 DEBUG neo4j.pool: [#CA09]  _: <POOL> handing out existing connection
2025-09-29 16:12:19,318 DEBUG neo4j.io: [#CA09]  C: BEGIN {'db': 'demo', 'bookmarks': ['FB:kcwQzLoRLE7LTq2NdyMZ91NVySeQ']}
2025-09-29 16:12:19,318 DEBUG neo4j.io: [#CA09]  _: <CONNECTION> client state: READY > TX_READY_OR_TX_STREAMING
2025-09-29 16:12:19,318 DEBUG neo4j.io: [#CA09]  C: RUN "MATCH ()-[n:`Is based in`]->()\nWITH collect(distinct substring(toString(coalesce(n.`triplet_source_id`, '')), 0, 52)) AS `triplet_source_id_values`\nRETURN {`triplet_source_id`: {values:`triplet_source_id_values`[..10], distinct_count: size(`triplet_source_id_values`)}} AS output" {} {}
2025-09-29 16:12:19,319 DEBUG neo4j.io: [#CA09]  C: PULL {'n': 1000}
2025-09-29 16:12:19,320 DEBUG neo4j.io: [#CA09]  S: SUCCESS {}
2025-09-29 16:12:19,320 DEBUG neo4j.io: [#CA09]  _: <CONNECTION> server state: READY > TX_READY_OR_TX_STREAMING
2025-09-29 16:12:19,323 DEBUG neo4j.io: [#CA09]  S: SUCCESS {'t_first': 2, 'fields': ['output'], 'qid': 0}
2025-09-29 16:12:19,325 DEBUG neo4j.io: [#CA09]  S: RECORD * 1
2025-09-29 16:12:19,325 DEBUG neo4j.io: [#CA09]  S: SUCCESS {'statuses': [{'gql_status': '00000', 'status_description': 'note: successful completion'}], 'type': 'r', 't_last': 1, 'db': 'demo'}
2025-09-29 16:12:19,325 DEBUG neo4j.io: [#CA09]  C: COMMIT
2025-09-29 16:12:19,325 DEBUG neo4j.io: [#CA09]  _: <CONNECTION> client state: TX_READY_OR_TX_STREAMING > READY
2025-09-29 16:12:19,326 DEBUG neo4j.io: [#CA09]  S: SUCCESS {'bookmark': 'FB:kcwQzLoRLE7LTq2NdyMZ91NVySeQ'}
2025-09-29 16:12:19,326 DEBUG neo4j.io: [#CA09]  _: <CONNECTION> server state: TX_READY_OR_TX_STREAMING > READY
2025-09-29 16:12:19,326 DEBUG neo4j.pool: [#CA09]  _: <POOL> released bolt-57181
2025-09-29 16:12:19,326 DEBUG neo4j: [#0000]  _: <WORKSPACE> routing towards fixed database: demo
2025-09-29 16:12:19,326 DEBUG neo4j: [#0000]  _: <WORKSPACE> pinning database: 'demo'
2025-09-29 16:12:19,326 DEBUG neo4j.pool: [#0000]  _: <POOL> acquire direct connection, access_mode='WRITE', database=AcquisitionDatabase(name='demo', guessed=False)
2025-09-29 16:12:19,326 DEBUG neo4j.pool: [#CA09]  _: <POOL> picked existing connection bolt-57181
2025-09-29 16:12:19,326 DEBUG neo4j.pool: [#CA09]  _: <POOL> checked re_auth auth=None updated=False force=False
2025-09-29 16:12:19,326 DEBUG neo4j.pool: [#CA09]  _: <POOL> handing out existing connection
2025-09-29 16:12:19,326 DEBUG neo4j.io: [#CA09]  C: BEGIN {'db': 'demo', 'bookmarks': ['FB:kcwQzLoRLE7LTq2NdyMZ91NVySeQ']}
2025-09-29 16:12:19,326 DEBUG neo4j.io: [#CA09]  _: <CONNECTION> client state: READY > TX_READY_OR_TX_STREAMING
2025-09-29 16:12:19,327 DEBUG neo4j.io: [#CA09]  C: RUN "MATCH ()-[n:`Works at`]->()\nWITH collect(distinct substring(toString(coalesce(n.`triplet_source_id`, '')), 0, 52)) AS `triplet_source_id_values`\nRETURN {`triplet_source_id`: {values:`triplet_source_id_values`[..10], distinct_count: size(`triplet_source_id_values`)}} AS output" {} {}
2025-09-29 16:12:19,327 DEBUG neo4j.io: [#CA09]  C: PULL {'n': 1000}
2025-09-29 16:12:19,328 DEBUG neo4j.io: [#CA09]  S: SUCCESS {}
2025-09-29 16:12:19,328 DEBUG neo4j.io: [#CA09]  _: <CONNECTION> server state: READY > TX_READY_OR_TX_STREAMING
2025-09-29 16:12:19,328 DEBUG neo4j.io: [#CA09]  S: SUCCESS {'t_first': 0, 'fields': ['output'], 'qid': 0}
2025-09-29 16:12:19,328 DEBUG neo4j.io: [#CA09]  S: RECORD * 1
2025-09-29 16:12:19,329 DEBUG neo4j.io: [#CA09]  S: SUCCESS {'statuses': [{'gql_status': '00000', 'status_description': 'note: successful completion'}], 'type': 'r', 't_last': 0, 'db': 'demo'}
2025-09-29 16:12:19,329 DEBUG neo4j.io: [#CA09]  C: COMMIT
2025-09-29 16:12:19,329 DEBUG neo4j.io: [#CA09]  _: <CONNECTION> client state: TX_READY_OR_TX_STREAMING > READY
2025-09-29 16:12:19,329 DEBUG neo4j.io: [#CA09]  S: SUCCESS {'bookmark': 'FB:kcwQzLoRLE7LTq2NdyMZ91NVySeQ'}
2025-09-29 16:12:19,329 DEBUG neo4j.io: [#CA09]  _: <CONNECTION> server state: TX_READY_OR_TX_STREAMING > READY
2025-09-29 16:12:19,330 DEBUG neo4j.pool: [#CA09]  _: <POOL> released bolt-57181
2025-09-29 16:12:19,330 DEBUG neo4j: [#0000]  _: <WORKSPACE> routing towards fixed database: demo
2025-09-29 16:12:19,330 DEBUG neo4j: [#0000]  _: <WORKSPACE> pinning database: 'demo'
2025-09-29 16:12:19,330 DEBUG neo4j.pool: [#0000]  _: <POOL> acquire direct connection, access_mode='WRITE', database=AcquisitionDatabase(name='demo', guessed=False)
2025-09-29 16:12:19,330 DEBUG neo4j.pool: [#CA09]  _: <POOL> picked existing connection bolt-57181
2025-09-29 16:12:19,330 DEBUG neo4j.pool: [#CA09]  _: <POOL> checked re_auth auth=None updated=False force=False
2025-09-29 16:12:19,330 DEBUG neo4j.pool: [#CA09]  _: <POOL> handing out existing connection
2025-09-29 16:12:19,330 DEBUG neo4j.io: [#CA09]  C: BEGIN {'db': 'demo', 'bookmarks': ['FB:kcwQzLoRLE7LTq2NdyMZ91NVySeQ']}
2025-09-29 16:12:19,330 DEBUG neo4j.io: [#CA09]  _: <CONNECTION> client state: READY > TX_READY_OR_TX_STREAMING
2025-09-29 16:12:19,330 DEBUG neo4j.io: [#CA09]  C: RUN "MATCH ()-[n:`Works at`]->()\nWITH collect(distinct substring(toString(coalesce(n.`triplet_source_id`, '')), 0, 52)) AS `triplet_source_id_values`\nRETURN {`triplet_source_id`: {values:`triplet_source_id_values`[..10], distinct_count: size(`triplet_source_id_values`)}} AS output" {} {}
2025-09-29 16:12:19,330 DEBUG neo4j.io: [#CA09]  C: PULL {'n': 1000}
2025-09-29 16:12:19,330 DEBUG neo4j.io: [#CA09]  S: SUCCESS {}
2025-09-29 16:12:19,330 DEBUG neo4j.io: [#CA09]  _: <CONNECTION> server state: READY > TX_READY_OR_TX_STREAMING
2025-09-29 16:12:19,332 DEBUG neo4j.io: [#CA09]  S: SUCCESS {'t_first': 2, 'fields': ['output'], 'qid': 0}
2025-09-29 16:12:19,332 DEBUG neo4j.io: [#CA09]  S: RECORD * 1
2025-09-29 16:12:19,332 DEBUG neo4j.io: [#CA09]  S: SUCCESS {'statuses': [{'gql_status': '00000', 'status_description': 'note: successful completion'}], 'type': 'r', 't_last': 0, 'db': 'demo'}
2025-09-29 16:12:19,333 DEBUG neo4j.io: [#CA09]  C: COMMIT
2025-09-29 16:12:19,333 DEBUG neo4j.io: [#CA09]  _: <CONNECTION> client state: TX_READY_OR_TX_STREAMING > READY
2025-09-29 16:12:19,333 DEBUG neo4j.io: [#CA09]  S: SUCCESS {'bookmark': 'FB:kcwQzLoRLE7LTq2NdyMZ91NVySeQ'}
2025-09-29 16:12:19,333 DEBUG neo4j.io: [#CA09]  _: <CONNECTION> server state: TX_READY_OR_TX_STREAMING > READY
2025-09-29 16:12:19,333 DEBUG neo4j.pool: [#CA09]  _: <POOL> released bolt-57181
2025-09-29 16:12:19,333 DEBUG neo4j: [#0000]  _: <WORKSPACE> routing towards fixed database: demo
2025-09-29 16:12:19,333 DEBUG neo4j: [#0000]  _: <WORKSPACE> pinning database: 'demo'
2025-09-29 16:12:19,333 DEBUG neo4j.pool: [#0000]  _: <POOL> acquire direct connection, access_mode='WRITE', database=AcquisitionDatabase(name='demo', guessed=False)
2025-09-29 16:12:19,333 DEBUG neo4j.pool: [#CA09]  _: <POOL> picked existing connection bolt-57181
2025-09-29 16:12:19,333 DEBUG neo4j.pool: [#CA09]  _: <POOL> checked re_auth auth=None updated=False force=False
2025-09-29 16:12:19,334 DEBUG neo4j.pool: [#CA09]  _: <POOL> handing out existing connection
2025-09-29 16:12:19,334 DEBUG neo4j.io: [#CA09]  C: BEGIN {'db': 'demo', 'bookmarks': ['FB:kcwQzLoRLE7LTq2NdyMZ91NVySeQ']}
2025-09-29 16:12:19,334 DEBUG neo4j.io: [#CA09]  _: <CONNECTION> client state: READY > TX_READY_OR_TX_STREAMING
2025-09-29 16:12:19,334 DEBUG neo4j.io: [#CA09]  C: RUN "MATCH ()-[n:`SOURCE`]->()\nWITH collect(distinct substring(toString(coalesce(n.`triplet_source_id`, '')), 0, 52)) AS `triplet_source_id_values`\nRETURN {`triplet_source_id`: {values:`triplet_source_id_values`[..10], distinct_count: size(`triplet_source_id_values`)}} AS output" {} {}
2025-09-29 16:12:19,334 DEBUG neo4j.io: [#CA09]  C: PULL {'n': 1000}
2025-09-29 16:12:19,335 DEBUG neo4j.io: [#CA09]  S: SUCCESS {}
2025-09-29 16:12:19,335 DEBUG neo4j.io: [#CA09]  _: <CONNECTION> server state: READY > TX_READY_OR_TX_STREAMING
2025-09-29 16:12:19,337 DEBUG neo4j.io: [#CA09]  S: SUCCESS {'t_first': 1, 'fields': ['output'], 'qid': 0}
2025-09-29 16:12:19,339 DEBUG neo4j.io: [#CA09]  S: RECORD * 1
2025-09-29 16:12:19,339 DEBUG neo4j.io: [#CA09]  S: SUCCESS {'statuses': [{'gql_status': '00000', 'status_description': 'note: successful completion'}], 'type': 'r', 't_last': 1, 'db': 'demo'}
2025-09-29 16:12:19,339 DEBUG neo4j.io: [#CA09]  C: COMMIT
2025-09-29 16:12:19,339 DEBUG neo4j.io: [#CA09]  _: <CONNECTION> client state: TX_READY_OR_TX_STREAMING > READY
2025-09-29 16:12:19,340 DEBUG neo4j.io: [#CA09]  S: SUCCESS {'bookmark': 'FB:kcwQzLoRLE7LTq2NdyMZ91NVySeQ'}
2025-09-29 16:12:19,340 DEBUG neo4j.io: [#CA09]  _: <CONNECTION> server state: TX_READY_OR_TX_STREAMING > READY
2025-09-29 16:12:19,340 DEBUG neo4j.pool: [#CA09]  _: <POOL> released bolt-57181
2025-09-29 16:12:19,340 DEBUG neo4j: [#0000]  _: <WORKSPACE> routing towards fixed database: demo
2025-09-29 16:12:19,340 DEBUG neo4j: [#0000]  _: <WORKSPACE> pinning database: 'demo'
2025-09-29 16:12:19,340 DEBUG neo4j.pool: [#0000]  _: <POOL> acquire direct connection, access_mode='WRITE', database=AcquisitionDatabase(name='demo', guessed=False)
2025-09-29 16:12:19,340 DEBUG neo4j.pool: [#CA09]  _: <POOL> picked existing connection bolt-57181
2025-09-29 16:12:19,340 DEBUG neo4j.pool: [#CA09]  _: <POOL> checked re_auth auth=None updated=False force=False
2025-09-29 16:12:19,340 DEBUG neo4j.pool: [#CA09]  _: <POOL> handing out existing connection
2025-09-29 16:12:19,340 DEBUG neo4j.io: [#CA09]  C: BEGIN {'db': 'demo', 'bookmarks': ['FB:kcwQzLoRLE7LTq2NdyMZ91NVySeQ']}
2025-09-29 16:12:19,340 DEBUG neo4j.io: [#CA09]  _: <CONNECTION> client state: READY > TX_READY_OR_TX_STREAMING
2025-09-29 16:12:19,340 DEBUG neo4j.io: [#CA09]  C: RUN "MATCH ()-[n:`SOURCE`]->()\nWITH collect(distinct substring(toString(coalesce(n.`triplet_source_id`, '')), 0, 52)) AS `triplet_source_id_values`\nRETURN {`triplet_source_id`: {values:`triplet_source_id_values`[..10], distinct_count: size(`triplet_source_id_values`)}} AS output" {} {}
2025-09-29 16:12:19,340 DEBUG neo4j.io: [#CA09]  C: PULL {'n': 1000}
2025-09-29 16:12:19,342 DEBUG neo4j.io: [#CA09]  S: SUCCESS {}
2025-09-29 16:12:19,342 DEBUG neo4j.io: [#CA09]  _: <CONNECTION> server state: READY > TX_READY_OR_TX_STREAMING
2025-09-29 16:12:19,343 DEBUG neo4j.io: [#CA09]  S: SUCCESS {'t_first': 1, 'fields': ['output'], 'qid': 0}
2025-09-29 16:12:19,344 DEBUG neo4j.io: [#CA09]  S: RECORD * 1
2025-09-29 16:12:19,344 DEBUG neo4j.io: [#CA09]  S: SUCCESS {'statuses': [{'gql_status': '00000', 'status_description': 'note: successful completion'}], 'type': 'r', 't_last': 1, 'db': 'demo'}
2025-09-29 16:12:19,344 DEBUG neo4j.io: [#CA09]  C: COMMIT
2025-09-29 16:12:19,344 DEBUG neo4j.io: [#CA09]  _: <CONNECTION> client state: TX_READY_OR_TX_STREAMING > READY
2025-09-29 16:12:19,344 DEBUG neo4j.io: [#CA09]  S: SUCCESS {'bookmark': 'FB:kcwQzLoRLE7LTq2NdyMZ91NVySeQ'}
2025-09-29 16:12:19,344 DEBUG neo4j.io: [#CA09]  _: <CONNECTION> server state: TX_READY_OR_TX_STREAMING > READY
2025-09-29 16:12:19,344 DEBUG neo4j.pool: [#CA09]  _: <POOL> released bolt-57181
2025-09-29 16:12:19,344 DEBUG neo4j: [#0000]  _: <WORKSPACE> routing towards fixed database: demo
2025-09-29 16:12:19,344 DEBUG neo4j: [#0000]  _: <WORKSPACE> pinning database: 'demo'
2025-09-29 16:12:19,344 DEBUG neo4j.pool: [#0000]  _: <POOL> acquire direct connection, access_mode='WRITE', database=AcquisitionDatabase(name='demo', guessed=False)
2025-09-29 16:12:19,345 DEBUG neo4j.pool: [#CA09]  _: <POOL> picked existing connection bolt-57181
2025-09-29 16:12:19,345 DEBUG neo4j.pool: [#CA09]  _: <POOL> checked re_auth auth=None updated=False force=False
2025-09-29 16:12:19,345 DEBUG neo4j.pool: [#CA09]  _: <POOL> handing out existing connection
2025-09-29 16:12:19,345 DEBUG neo4j.io: [#CA09]  C: BEGIN {'db': 'demo', 'bookmarks': ['FB:kcwQzLoRLE7LTq2NdyMZ91NVySeQ']}
2025-09-29 16:12:19,345 DEBUG neo4j.io: [#CA09]  _: <CONNECTION> client state: READY > TX_READY_OR_TX_STREAMING
2025-09-29 16:12:19,345 DEBUG neo4j.io: [#CA09]  C: RUN "MATCH ()-[n:`Works at`]->()\nWITH collect(distinct substring(toString(coalesce(n.`triplet_source_id`, '')), 0, 52)) AS `triplet_source_id_values`\nRETURN {`triplet_source_id`: {values:`triplet_source_id_values`[..10], distinct_count: size(`triplet_source_id_values`)}} AS output" {} {}
2025-09-29 16:12:19,345 DEBUG neo4j.io: [#CA09]  C: PULL {'n': 1000}
2025-09-29 16:12:19,346 DEBUG neo4j.io: [#CA09]  S: SUCCESS {}
2025-09-29 16:12:19,346 DEBUG neo4j.io: [#CA09]  _: <CONNECTION> server state: READY > TX_READY_OR_TX_STREAMING
2025-09-29 16:12:19,346 DEBUG neo4j.io: [#CA09]  S: SUCCESS {'t_first': 0, 'fields': ['output'], 'qid': 0}
2025-09-29 16:12:19,348 DEBUG neo4j.io: [#CA09]  S: RECORD * 1
2025-09-29 16:12:19,348 DEBUG neo4j.io: [#CA09]  S: SUCCESS {'statuses': [{'gql_status': '00000', 'status_description': 'note: successful completion'}], 'type': 'r', 't_last': 1, 'db': 'demo'}
2025-09-29 16:12:19,348 DEBUG neo4j.io: [#CA09]  C: COMMIT
2025-09-29 16:12:19,348 DEBUG neo4j.io: [#CA09]  _: <CONNECTION> client state: TX_READY_OR_TX_STREAMING > READY
2025-09-29 16:12:19,349 DEBUG neo4j.io: [#CA09]  S: SUCCESS {'bookmark': 'FB:kcwQzLoRLE7LTq2NdyMZ91NVySeQ'}
2025-09-29 16:12:19,349 DEBUG neo4j.io: [#CA09]  _: <CONNECTION> server state: TX_READY_OR_TX_STREAMING > READY
2025-09-29 16:12:19,349 DEBUG neo4j.pool: [#CA09]  _: <POOL> released bolt-57181
2025-09-29 16:12:19,349 DEBUG neo4j: [#0000]  _: <WORKSPACE> routing towards fixed database: demo
2025-09-29 16:12:19,349 DEBUG neo4j: [#0000]  _: <WORKSPACE> pinning database: 'demo'
2025-09-29 16:12:19,349 DEBUG neo4j.pool: [#0000]  _: <POOL> acquire direct connection, access_mode='WRITE', database=AcquisitionDatabase(name='demo', guessed=False)
2025-09-29 16:12:19,349 DEBUG neo4j.pool: [#CA09]  _: <POOL> picked existing connection bolt-57181
2025-09-29 16:12:19,349 DEBUG neo4j.pool: [#CA09]  _: <POOL> checked re_auth auth=None updated=False force=False
2025-09-29 16:12:19,349 DEBUG neo4j.pool: [#CA09]  _: <POOL> handing out existing connection
2025-09-29 16:12:19,349 DEBUG neo4j.io: [#CA09]  C: BEGIN {'db': 'demo', 'bookmarks': ['FB:kcwQzLoRLE7LTq2NdyMZ91NVySeQ']}
2025-09-29 16:12:19,349 DEBUG neo4j.io: [#CA09]  _: <CONNECTION> client state: READY > TX_READY_OR_TX_STREAMING
2025-09-29 16:12:19,349 DEBUG neo4j.io: [#CA09]  C: RUN "MATCH ()-[n:`Is based in`]->()\nWITH collect(distinct substring(toString(coalesce(n.`triplet_source_id`, '')), 0, 52)) AS `triplet_source_id_values`\nRETURN {`triplet_source_id`: {values:`triplet_source_id_values`[..10], distinct_count: size(`triplet_source_id_values`)}} AS output" {} {}
2025-09-29 16:12:19,349 DEBUG neo4j.io: [#CA09]  C: PULL {'n': 1000}
2025-09-29 16:12:19,351 DEBUG neo4j.io: [#CA09]  S: SUCCESS {}
2025-09-29 16:12:19,351 DEBUG neo4j.io: [#CA09]  _: <CONNECTION> server state: READY > TX_READY_OR_TX_STREAMING
2025-09-29 16:12:19,352 DEBUG neo4j.io: [#CA09]  S: SUCCESS {'t_first': 0, 'fields': ['output'], 'qid': 0}
2025-09-29 16:12:19,354 DEBUG neo4j.io: [#CA09]  S: RECORD * 1
2025-09-29 16:12:19,354 DEBUG neo4j.io: [#CA09]  S: SUCCESS {'statuses': [{'gql_status': '00000', 'status_description': 'note: successful completion'}], 'type': 'r', 't_last': 1, 'db': 'demo'}
2025-09-29 16:12:19,354 DEBUG neo4j.io: [#CA09]  C: COMMIT
2025-09-29 16:12:19,354 DEBUG neo4j.io: [#CA09]  _: <CONNECTION> client state: TX_READY_OR_TX_STREAMING > READY
2025-09-29 16:12:19,355 DEBUG neo4j.io: [#CA09]  S: SUCCESS {'bookmark': 'FB:kcwQzLoRLE7LTq2NdyMZ91NVySeQ'}
2025-09-29 16:12:19,355 DEBUG neo4j.io: [#CA09]  _: <CONNECTION> server state: TX_READY_OR_TX_STREAMING > READY
2025-09-29 16:12:19,355 DEBUG neo4j.pool: [#CA09]  _: <POOL> released bolt-57181
2025-09-29 16:12:19,355 DEBUG neo4j: [#0000]  _: <WORKSPACE> routing towards fixed database: demo
2025-09-29 16:12:19,356 DEBUG neo4j: [#0000]  _: <WORKSPACE> pinning database: 'demo'
2025-09-29 16:12:19,356 DEBUG neo4j.pool: [#0000]  _: <POOL> acquire direct connection, access_mode='WRITE', database=AcquisitionDatabase(name='demo', guessed=False)
2025-09-29 16:12:19,356 DEBUG neo4j.pool: [#CA09]  _: <POOL> picked existing connection bolt-57181
2025-09-29 16:12:19,356 DEBUG neo4j.pool: [#CA09]  _: <POOL> checked re_auth auth=None updated=False force=False
2025-09-29 16:12:19,356 DEBUG neo4j.pool: [#CA09]  _: <POOL> handing out existing connection
2025-09-29 16:12:19,356 DEBUG neo4j.io: [#CA09]  C: BEGIN {'db': 'demo', 'bookmarks': ['FB:kcwQzLoRLE7LTq2NdyMZ91NVySeQ']}
2025-09-29 16:12:19,356 DEBUG neo4j.io: [#CA09]  _: <CONNECTION> client state: READY > TX_READY_OR_TX_STREAMING
2025-09-29 16:12:19,356 DEBUG neo4j.io: [#CA09]  C: RUN "MATCH ()-[n:`Is based in`]->()\nWITH collect(distinct substring(toString(coalesce(n.`triplet_source_id`, '')), 0, 52)) AS `triplet_source_id_values`\nRETURN {`triplet_source_id`: {values:`triplet_source_id_values`[..10], distinct_count: size(`triplet_source_id_values`)}} AS output" {} {}
2025-09-29 16:12:19,356 DEBUG neo4j.io: [#CA09]  C: PULL {'n': 1000}
2025-09-29 16:12:19,357 DEBUG neo4j.io: [#CA09]  S: SUCCESS {}
2025-09-29 16:12:19,357 DEBUG neo4j.io: [#CA09]  _: <CONNECTION> server state: READY > TX_READY_OR_TX_STREAMING
2025-09-29 16:12:19,359 DEBUG neo4j.io: [#CA09]  S: SUCCESS {'t_first': 1, 'fields': ['output'], 'qid': 0}
2025-09-29 16:12:19,360 DEBUG neo4j.io: [#CA09]  S: RECORD * 1
2025-09-29 16:12:19,360 DEBUG neo4j.io: [#CA09]  S: SUCCESS {'statuses': [{'gql_status': '00000', 'status_description': 'note: successful completion'}], 'type': 'r', 't_last': 1, 'db': 'demo'}
2025-09-29 16:12:19,360 DEBUG neo4j.io: [#CA09]  C: COMMIT
2025-09-29 16:12:19,360 DEBUG neo4j.io: [#CA09]  _: <CONNECTION> client state: TX_READY_OR_TX_STREAMING > READY
2025-09-29 16:12:19,360 DEBUG neo4j.io: [#CA09]  S: SUCCESS {'bookmark': 'FB:kcwQzLoRLE7LTq2NdyMZ91NVySeQ'}
2025-09-29 16:12:19,360 DEBUG neo4j.io: [#CA09]  _: <CONNECTION> server state: TX_READY_OR_TX_STREAMING > READY
2025-09-29 16:12:19,360 DEBUG neo4j.pool: [#CA09]  _: <POOL> released bolt-57181
2025-09-29 16:12:19,362 DEBUG neo4j: [#0000]  _: <WORKSPACE> routing towards fixed database: demo
2025-09-29 16:12:19,362 DEBUG neo4j: [#0000]  _: <WORKSPACE> pinning database: 'demo'
2025-09-29 16:12:19,362 DEBUG neo4j.pool: [#0000]  _: <POOL> acquire direct connection, access_mode='WRITE', database=AcquisitionDatabase(name='demo', guessed=False)
2025-09-29 16:12:19,362 DEBUG neo4j.pool: [#CA09]  _: <POOL> picked existing connection bolt-57181
2025-09-29 16:12:19,362 DEBUG neo4j.pool: [#CA09]  _: <POOL> checked re_auth auth=None updated=False force=False
2025-09-29 16:12:19,362 DEBUG neo4j.pool: [#CA09]  _: <POOL> handing out existing connection
2025-09-29 16:12:19,362 DEBUG neo4j.io: [#CA09]  C: BEGIN {'db': 'demo', 'bookmarks': ['FB:kcwQzLoRLE7LTq2NdyMZ91NVySeQ']}
2025-09-29 16:12:19,362 DEBUG neo4j.io: [#CA09]  _: <CONNECTION> client state: READY > TX_READY_OR_TX_STREAMING
2025-09-29 16:12:19,362 DEBUG neo4j.io: [#CA09]  C: RUN "MATCH ()-[n:`Is based in`]->()\nWITH collect(distinct substring(toString(coalesce(n.`triplet_source_id`, '')), 0, 52)) AS `triplet_source_id_values`\nRETURN {`triplet_source_id`: {values:`triplet_source_id_values`[..10], distinct_count: size(`triplet_source_id_values`)}} AS output" {} {}
2025-09-29 16:12:19,362 DEBUG neo4j.io: [#CA09]  C: PULL {'n': 1000}
2025-09-29 16:12:19,363 DEBUG neo4j.io: [#CA09]  S: SUCCESS {}
2025-09-29 16:12:19,363 DEBUG neo4j.io: [#CA09]  _: <CONNECTION> server state: READY > TX_READY_OR_TX_STREAMING
2025-09-29 16:12:19,363 DEBUG neo4j.io: [#CA09]  S: SUCCESS {'t_first': 0, 'fields': ['output'], 'qid': 0}
2025-09-29 16:12:19,364 DEBUG neo4j.io: [#CA09]  S: RECORD * 1
2025-09-29 16:12:19,364 DEBUG neo4j.io: [#CA09]  S: SUCCESS {'statuses': [{'gql_status': '00000', 'status_description': 'note: successful completion'}], 'type': 'r', 't_last': 1, 'db': 'demo'}
2025-09-29 16:12:19,365 DEBUG neo4j.io: [#CA09]  C: COMMIT
2025-09-29 16:12:19,365 DEBUG neo4j.io: [#CA09]  _: <CONNECTION> client state: TX_READY_OR_TX_STREAMING > READY
2025-09-29 16:12:19,365 DEBUG neo4j.io: [#CA09]  S: SUCCESS {'bookmark': 'FB:kcwQzLoRLE7LTq2NdyMZ91NVySeQ'}
2025-09-29 16:12:19,365 DEBUG neo4j.io: [#CA09]  _: <CONNECTION> server state: TX_READY_OR_TX_STREAMING > READY
2025-09-29 16:12:19,365 DEBUG neo4j.pool: [#CA09]  _: <POOL> released bolt-57181
2025-09-29 16:12:19,366 DEBUG neo4j: [#0000]  _: <WORKSPACE> routing towards fixed database: demo
2025-09-29 16:12:19,366 DEBUG neo4j: [#0000]  _: <WORKSPACE> pinning database: 'demo'
2025-09-29 16:12:19,366 DEBUG neo4j.pool: [#0000]  _: <POOL> acquire direct connection, access_mode='WRITE', database=AcquisitionDatabase(name='demo', guessed=False)
2025-09-29 16:12:19,366 DEBUG neo4j.pool: [#CA09]  _: <POOL> picked existing connection bolt-57181
2025-09-29 16:12:19,366 DEBUG neo4j.pool: [#CA09]  _: <POOL> checked re_auth auth=None updated=False force=False
2025-09-29 16:12:19,366 DEBUG neo4j.pool: [#CA09]  _: <POOL> handing out existing connection
2025-09-29 16:12:19,366 DEBUG neo4j.io: [#CA09]  C: BEGIN {'db': 'demo', 'bookmarks': ['FB:kcwQzLoRLE7LTq2NdyMZ91NVySeQ']}
2025-09-29 16:12:19,366 DEBUG neo4j.io: [#CA09]  _: <CONNECTION> client state: READY > TX_READY_OR_TX_STREAMING
2025-09-29 16:12:19,366 DEBUG neo4j.io: [#CA09]  C: RUN "MATCH ()-[n:`SOURCE`]->()\nWITH collect(distinct substring(toString(coalesce(n.`triplet_source_id`, '')), 0, 52)) AS `triplet_source_id_values`\nRETURN {`triplet_source_id`: {values:`triplet_source_id_values`[..10], distinct_count: size(`triplet_source_id_values`)}} AS output" {} {}
2025-09-29 16:12:19,366 DEBUG neo4j.io: [#CA09]  C: PULL {'n': 1000}
2025-09-29 16:12:19,367 DEBUG neo4j.io: [#CA09]  S: SUCCESS {}
2025-09-29 16:12:19,367 DEBUG neo4j.io: [#CA09]  _: <CONNECTION> server state: READY > TX_READY_OR_TX_STREAMING
2025-09-29 16:12:19,367 DEBUG neo4j.io: [#CA09]  S: SUCCESS {'t_first': 0, 'fields': ['output'], 'qid': 0}
2025-09-29 16:12:19,369 DEBUG neo4j.io: [#CA09]  S: RECORD * 1
2025-09-29 16:12:19,369 DEBUG neo4j.io: [#CA09]  S: SUCCESS {'statuses': [{'gql_status': '00000', 'status_description': 'note: successful completion'}], 'type': 'r', 't_last': 1, 'db': 'demo'}
2025-09-29 16:12:19,369 DEBUG neo4j.io: [#CA09]  C: COMMIT
2025-09-29 16:12:19,369 DEBUG neo4j.io: [#CA09]  _: <CONNECTION> client state: TX_READY_OR_TX_STREAMING > READY
2025-09-29 16:12:19,370 DEBUG neo4j.io: [#CA09]  S: SUCCESS {'bookmark': 'FB:kcwQzLoRLE7LTq2NdyMZ91NVySeQ'}
2025-09-29 16:12:19,370 DEBUG neo4j.io: [#CA09]  _: <CONNECTION> server state: TX_READY_OR_TX_STREAMING > READY
2025-09-29 16:12:19,370 DEBUG neo4j.pool: [#CA09]  _: <POOL> released bolt-57181
2025-09-29 16:12:19,370 DEBUG neo4j: [#0000]  _: <WORKSPACE> routing towards fixed database: demo
2025-09-29 16:12:19,370 DEBUG neo4j: [#0000]  _: <WORKSPACE> pinning database: 'demo'
2025-09-29 16:12:19,370 DEBUG neo4j.pool: [#0000]  _: <POOL> acquire direct connection, access_mode='WRITE', database=AcquisitionDatabase(name='demo', guessed=False)
2025-09-29 16:12:19,370 DEBUG neo4j.pool: [#CA09]  _: <POOL> picked existing connection bolt-57181
2025-09-29 16:12:19,370 DEBUG neo4j.pool: [#CA09]  _: <POOL> checked re_auth auth=None updated=False force=False
2025-09-29 16:12:19,370 DEBUG neo4j.pool: [#CA09]  _: <POOL> handing out existing connection
2025-09-29 16:12:19,370 DEBUG neo4j.io: [#CA09]  C: BEGIN {'db': 'demo', 'bookmarks': ['FB:kcwQzLoRLE7LTq2NdyMZ91NVySeQ']}
2025-09-29 16:12:19,371 DEBUG neo4j.io: [#CA09]  _: <CONNECTION> client state: READY > TX_READY_OR_TX_STREAMING
2025-09-29 16:12:19,371 DEBUG neo4j.io: [#CA09]  C: RUN "MATCH ()-[n:`Is based in`]->()\nWITH collect(distinct substring(toString(coalesce(n.`triplet_source_id`, '')), 0, 52)) AS `triplet_source_id_values`\nRETURN {`triplet_source_id`: {values:`triplet_source_id_values`[..10], distinct_count: size(`triplet_source_id_values`)}} AS output" {} {}
2025-09-29 16:12:19,371 DEBUG neo4j.io: [#CA09]  C: PULL {'n': 1000}
2025-09-29 16:12:19,373 DEBUG neo4j.io: [#CA09]  S: SUCCESS {}
2025-09-29 16:12:19,373 DEBUG neo4j.io: [#CA09]  _: <CONNECTION> server state: READY > TX_READY_OR_TX_STREAMING
2025-09-29 16:12:19,374 DEBUG neo4j.io: [#CA09]  S: SUCCESS {'t_first': 1, 'fields': ['output'], 'qid': 0}
2025-09-29 16:12:19,375 DEBUG neo4j.io: [#CA09]  S: RECORD * 1
2025-09-29 16:12:19,375 DEBUG neo4j.io: [#CA09]  S: SUCCESS {'statuses': [{'gql_status': '00000', 'status_description': 'note: successful completion'}], 'type': 'r', 't_last': 1, 'db': 'demo'}
2025-09-29 16:12:19,375 DEBUG neo4j.io: [#CA09]  C: COMMIT
2025-09-29 16:12:19,375 DEBUG neo4j.io: [#CA09]  _: <CONNECTION> client state: TX_READY_OR_TX_STREAMING > READY
2025-09-29 16:12:19,376 DEBUG neo4j.io: [#CA09]  S: SUCCESS {'bookmark': 'FB:kcwQzLoRLE7LTq2NdyMZ91NVySeQ'}
2025-09-29 16:12:19,376 DEBUG neo4j.io: [#CA09]  _: <CONNECTION> server state: TX_READY_OR_TX_STREAMING > READY
2025-09-29 16:12:19,376 DEBUG neo4j.pool: [#CA09]  _: <POOL> released bolt-57181
2025-09-29 16:12:19,376 DEBUG neo4j: [#0000]  _: <WORKSPACE> routing towards fixed database: demo
2025-09-29 16:12:19,376 DEBUG neo4j: [#0000]  _: <WORKSPACE> pinning database: 'demo'
2025-09-29 16:12:19,376 DEBUG neo4j.pool: [#0000]  _: <POOL> acquire direct connection, access_mode='WRITE', database=AcquisitionDatabase(name='demo', guessed=False)
2025-09-29 16:12:19,376 DEBUG neo4j.pool: [#CA09]  _: <POOL> picked existing connection bolt-57181
2025-09-29 16:12:19,376 DEBUG neo4j.pool: [#CA09]  _: <POOL> checked re_auth auth=None updated=False force=False
2025-09-29 16:12:19,376 DEBUG neo4j.pool: [#CA09]  _: <POOL> handing out existing connection
2025-09-29 16:12:19,376 DEBUG neo4j.io: [#CA09]  C: BEGIN {'db': 'demo', 'bookmarks': ['FB:kcwQzLoRLE7LTq2NdyMZ91NVySeQ']}
2025-09-29 16:12:19,376 DEBUG neo4j.io: [#CA09]  _: <CONNECTION> client state: READY > TX_READY_OR_TX_STREAMING
2025-09-29 16:12:19,377 DEBUG neo4j.io: [#CA09]  C: RUN 'CALL dbms.components()' {} {}
2025-09-29 16:12:19,377 DEBUG neo4j.io: [#CA09]  C: PULL {'n': 1000}
2025-09-29 16:12:19,377 DEBUG neo4j.io: [#CA09]  S: SUCCESS {}
2025-09-29 16:12:19,377 DEBUG neo4j.io: [#CA09]  _: <CONNECTION> server state: READY > TX_READY_OR_TX_STREAMING
2025-09-29 16:12:19,378 DEBUG neo4j.io: [#CA09]  S: SUCCESS {'t_first': 1, 'fields': ['name', 'versions', 'edition'], 'qid': 0}
2025-09-29 16:12:19,379 DEBUG neo4j.io: [#CA09]  S: RECORD * 1
2025-09-29 16:12:19,379 DEBUG neo4j.io: [#CA09]  S: RECORD * 1
2025-09-29 16:12:19,379 DEBUG neo4j.io: [#CA09]  S: SUCCESS {'statuses': [{'gql_status': '00000', 'status_description': 'note: successful completion'}], 'type': 's', 't_last': 0, 'db': 'demo'}
2025-09-29 16:12:19,379 DEBUG neo4j.io: [#CA09]  C: COMMIT
2025-09-29 16:12:19,379 DEBUG neo4j.io: [#CA09]  _: <CONNECTION> client state: TX_READY_OR_TX_STREAMING > READY
2025-09-29 16:12:19,379 DEBUG neo4j.io: [#CA09]  S: SUCCESS {'bookmark': 'FB:kcwQzLoRLE7LTq2NdyMZ91NVySeQ'}
2025-09-29 16:12:19,379 DEBUG neo4j.io: [#CA09]  _: <CONNECTION> server state: TX_READY_OR_TX_STREAMING > READY
2025-09-29 16:12:19,380 DEBUG neo4j.pool: [#CA09]  _: <POOL> released bolt-57181
2025-09-29 16:12:19,380 DEBUG neo4j: [#0000]  _: <WORKSPACE> routing towards fixed database: demo
2025-09-29 16:12:19,380 DEBUG neo4j: [#0000]  _: <WORKSPACE> pinning database: 'demo'
2025-09-29 16:12:19,380 DEBUG neo4j.pool: [#0000]  _: <POOL> acquire direct connection, access_mode='WRITE', database=AcquisitionDatabase(name='demo', guessed=False)
2025-09-29 16:12:19,380 DEBUG neo4j.pool: [#CA09]  _: <POOL> picked existing connection bolt-57181
2025-09-29 16:12:19,380 DEBUG neo4j.pool: [#CA09]  _: <POOL> checked re_auth auth=None updated=False force=False
2025-09-29 16:12:19,380 DEBUG neo4j.pool: [#CA09]  _: <POOL> handing out existing connection
2025-09-29 16:12:19,380 DEBUG neo4j.io: [#CA09]  C: BEGIN {'db': 'demo', 'bookmarks': ['FB:kcwQzLoRLE7LTq2NdyMZ91NVySeQ']}
2025-09-29 16:12:19,380 DEBUG neo4j.io: [#CA09]  _: <CONNECTION> client state: READY > TX_READY_OR_TX_STREAMING
2025-09-29 16:12:19,380 DEBUG neo4j.io: [#CA09]  C: RUN 'CREATE CONSTRAINT IF NOT EXISTS FOR (n:`__Node__`)\n                REQUIRE n.id IS UNIQUE;' {} {}
2025-09-29 16:12:19,380 DEBUG neo4j.io: [#CA09]  C: PULL {'n': 1000}
2025-09-29 16:12:19,381 DEBUG neo4j.io: [#CA09]  S: SUCCESS {}
2025-09-29 16:12:19,381 DEBUG neo4j.io: [#CA09]  _: <CONNECTION> server state: READY > TX_READY_OR_TX_STREAMING
2025-09-29 16:12:19,383 DEBUG neo4j.io: [#CA09]  S: SUCCESS {'t_first': 2, 'fields': [], 'qid': 0}
2025-09-29 16:12:19,384 DEBUG neo4j.io: [#CA09]  S: SUCCESS {'statuses': [{'gql_status': '00001', 'status_description': 'note: successful completion - omitted result'}], 'type': 's', 't_last': 0, 'db': 'demo'}
2025-09-29 16:12:19,384 DEBUG neo4j.io: [#CA09]  C: COMMIT
2025-09-29 16:12:19,384 DEBUG neo4j.io: [#CA09]  _: <CONNECTION> client state: TX_READY_OR_TX_STREAMING > READY
2025-09-29 16:12:19,385 DEBUG neo4j.io: [#CA09]  S: SUCCESS {'bookmark': 'FB:kcwQzLoRLE7LTq2NdyMZ91NVySeQ'}
2025-09-29 16:12:19,385 DEBUG neo4j.io: [#CA09]  _: <CONNECTION> server state: TX_READY_OR_TX_STREAMING > READY
2025-09-29 16:12:19,385 DEBUG neo4j.pool: [#CA09]  _: <POOL> released bolt-57181
2025-09-29 16:12:19,385 DEBUG neo4j: [#0000]  _: <WORKSPACE> routing towards fixed database: demo
2025-09-29 16:12:19,385 DEBUG neo4j: [#0000]  _: <WORKSPACE> pinning database: 'demo'
2025-09-29 16:12:19,385 DEBUG neo4j.pool: [#0000]  _: <POOL> acquire direct connection, access_mode='WRITE', database=AcquisitionDatabase(name='demo', guessed=False)
2025-09-29 16:12:19,385 DEBUG neo4j.pool: [#CA09]  _: <POOL> picked existing connection bolt-57181
2025-09-29 16:12:19,385 DEBUG neo4j.pool: [#CA09]  _: <POOL> checked re_auth auth=None updated=False force=False
2025-09-29 16:12:19,385 DEBUG neo4j.pool: [#CA09]  _: <POOL> handing out existing connection
2025-09-29 16:12:19,385 DEBUG neo4j.io: [#CA09]  C: BEGIN {'db': 'demo', 'bookmarks': ['FB:kcwQzLoRLE7LTq2NdyMZ91NVySeQ']}
2025-09-29 16:12:19,385 DEBUG neo4j.io: [#CA09]  _: <CONNECTION> client state: READY > TX_READY_OR_TX_STREAMING
2025-09-29 16:12:19,385 DEBUG neo4j.io: [#CA09]  C: RUN 'CREATE CONSTRAINT IF NOT EXISTS FOR (n:`__Entity__`)\n                REQUIRE n.id IS UNIQUE;' {} {}
2025-09-29 16:12:19,386 DEBUG neo4j.io: [#CA09]  C: PULL {'n': 1000}
2025-09-29 16:12:19,388 DEBUG neo4j.io: [#CA09]  S: SUCCESS {}
2025-09-29 16:12:19,388 DEBUG neo4j.io: [#CA09]  _: <CONNECTION> server state: READY > TX_READY_OR_TX_STREAMING
2025-09-29 16:12:19,391 DEBUG neo4j.io: [#CA09]  S: SUCCESS {'t_first': 2, 'fields': [], 'qid': 0}
2025-09-29 16:12:19,391 DEBUG neo4j.io: [#CA09]  S: SUCCESS {'statuses': [{'gql_status': '00001', 'status_description': 'note: successful completion - omitted result'}], 'type': 's', 't_last': 0, 'db': 'demo'}
2025-09-29 16:12:19,391 DEBUG neo4j.io: [#CA09]  C: COMMIT
2025-09-29 16:12:19,391 DEBUG neo4j.io: [#CA09]  _: <CONNECTION> client state: TX_READY_OR_TX_STREAMING > READY
2025-09-29 16:12:19,392 DEBUG neo4j.io: [#CA09]  S: SUCCESS {'bookmark': 'FB:kcwQzLoRLE7LTq2NdyMZ91NVySeQ'}
2025-09-29 16:12:19,392 DEBUG neo4j.io: [#CA09]  _: <CONNECTION> server state: TX_READY_OR_TX_STREAMING > READY
2025-09-29 16:12:19,392 DEBUG neo4j.pool: [#CA09]  _: <POOL> released bolt-57181
2025-09-29 16:12:19,392 DEBUG neo4j: [#0000]  _: <WORKSPACE> routing towards fixed database: demo
2025-09-29 16:12:19,392 DEBUG neo4j: [#0000]  _: <WORKSPACE> pinning database: 'demo'
2025-09-29 16:12:19,392 DEBUG neo4j.pool: [#0000]  _: <POOL> acquire direct connection, access_mode='WRITE', database=AcquisitionDatabase(name='demo', guessed=False)
2025-09-29 16:12:19,392 DEBUG neo4j.pool: [#CA09]  _: <POOL> picked existing connection bolt-57181
2025-09-29 16:12:19,392 DEBUG neo4j.pool: [#CA09]  _: <POOL> checked re_auth auth=None updated=False force=False
2025-09-29 16:12:19,392 DEBUG neo4j.pool: [#CA09]  _: <POOL> handing out existing connection
2025-09-29 16:12:19,392 DEBUG neo4j.io: [#CA09]  C: BEGIN {'db': 'demo', 'bookmarks': ['FB:kcwQzLoRLE7LTq2NdyMZ91NVySeQ']}
2025-09-29 16:12:19,392 DEBUG neo4j.io: [#CA09]  _: <CONNECTION> client state: READY > TX_READY_OR_TX_STREAMING
2025-09-29 16:12:19,392 DEBUG neo4j.io: [#CA09]  C: RUN 'CREATE VECTOR INDEX entity IF NOT EXISTS FOR (m:__Entity__) ON m.embedding' {} {}
2025-09-29 16:12:19,392 DEBUG neo4j.io: [#CA09]  C: PULL {'n': 1000}
2025-09-29 16:12:19,393 DEBUG neo4j.io: [#CA09]  S: SUCCESS {}
2025-09-29 16:12:19,393 DEBUG neo4j.io: [#CA09]  _: <CONNECTION> server state: READY > TX_READY_OR_TX_STREAMING
2025-09-29 16:12:19,396 DEBUG neo4j.io: [#CA09]  S: SUCCESS {'t_first': 3, 'fields': [], 'qid': 0}
2025-09-29 16:12:19,397 DEBUG neo4j.io: [#CA09]  S: SUCCESS {'statuses': [{'gql_status': '00001', 'status_description': 'note: successful completion - omitted result'}], 'type': 's', 't_last': 0, 'db': 'demo'}
2025-09-29 16:12:19,397 DEBUG neo4j.io: [#CA09]  C: COMMIT
2025-09-29 16:12:19,397 DEBUG neo4j.io: [#CA09]  _: <CONNECTION> client state: TX_READY_OR_TX_STREAMING > READY
2025-09-29 16:12:19,398 DEBUG neo4j.io: [#CA09]  S: SUCCESS {'bookmark': 'FB:kcwQzLoRLE7LTq2NdyMZ91NVySeQ'}
2025-09-29 16:12:19,398 DEBUG neo4j.io: [#CA09]  _: <CONNECTION> server state: TX_READY_OR_TX_STREAMING > READY
2025-09-29 16:12:19,398 DEBUG neo4j.pool: [#CA09]  _: <POOL> released bolt-57181
2025-09-29 16:12:19,564 DEBUG llama_index.core.node_parser.node_utils: > Adding chunk: Taro works at ACME. ACME is based in Tokyo.
2025-09-29 16:12:21,116 DEBUG openai._base_client: Request options: {'method': 'post', 'url': '/chat/completions', 'files': None, 'idempotency_key': 'stainless-python-retry-e5fad970-12e3-4b5f-9ffa-1aa7b53e2351', 'json_data': {'messages': [{'role': 'user', 'content': "Some text is provided below. Given the text, extract up to 10 knowledge triplets in the form of (subject, predicate, object). Avoid stopwords.\n---------------------\nExample:Text: Alice is Bob's mother.Triplets:\n(Alice, is mother of, Bob)\nText: Philz is a coffee shop founded in Berkeley in 1982.\nTriplets:\n(Philz, is, coffee shop)\n(Philz, founded in, Berkeley)\n(Philz, founded in, 1982)\n---------------------\nText: Taro works at ACME. ACME is based in Tokyo.\nTriplets:\n"}], 'model': 'gpt-3.5-turbo', 'stream': False, 'temperature': 0.1}}
2025-09-29 16:12:21,116 DEBUG openai._base_client: Sending HTTP Request: POST https://api.openai.com/v1/chat/completions
2025-09-29 16:12:21,120 DEBUG httpcore.connection: connect_tcp.started host='api.openai.com' port=443 local_address=None timeout=60.0 socket_options=None
2025-09-29 16:12:21,154 DEBUG httpcore.connection: connect_tcp.complete return_value=<httpcore._backends.anyio.AnyIOStream object at 0x000002A156C3B8E0>
2025-09-29 16:12:21,154 DEBUG httpcore.connection: start_tls.started ssl_context=<ssl.SSLContext object at 0x000002A155710FC0> server_hostname='api.openai.com' timeout=60.0
2025-09-29 16:12:21,172 DEBUG httpcore.connection: start_tls.complete return_value=<httpcore._backends.anyio.AnyIOStream object at 0x000002A156C3A6E0>
2025-09-29 16:12:21,172 DEBUG httpcore.http11: send_request_headers.started request=<Request [b'POST']>
2025-09-29 16:12:21,173 DEBUG httpcore.http11: send_request_headers.complete
2025-09-29 16:12:21,173 DEBUG httpcore.http11: send_request_body.started request=<Request [b'POST']>
2025-09-29 16:12:21,174 DEBUG httpcore.http11: send_request_body.complete
2025-09-29 16:12:21,174 DEBUG httpcore.http11: receive_response_headers.started request=<Request [b'POST']>
2025-09-29 16:12:21,669 DEBUG httpcore.http11: receive_response_headers.complete return_value=(b'HTTP/1.1', 200, b'OK', [(b'Date', b'Mon, 29 Sep 2025 07:12:23 GMT'), (b'Content-Type', b'application/json'), (b'Transfer-Encoding', b'chunked'), (b'Connection', b'keep-alive'), (b'access-control-expose-headers', b'X-Request-ID'), (b'openai-organization', b'ehime-university-computer-science-lab'), (b'openai-processing-ms', b'292'), (b'openai-project', b'proj_J2ozYACnCAyF9swBaMOIo4Ft'), (b'openai-version', b'2020-10-01'), (b'x-envoy-upstream-service-time', b'316'), (b'x-ratelimit-limit-requests', b'10000'), (b'x-ratelimit-limit-tokens', b'200000'), (b'x-ratelimit-remaining-requests', b'9999'), (b'x-ratelimit-remaining-tokens', b'199880'), (b'x-ratelimit-reset-requests', b'8.64s'), (b'x-ratelimit-reset-tokens', b'36ms'), (b'x-request-id', b'req_b522a1c4b1ce42c39259ba660c4bb077'), (b'x-openai-proxy-wasm', b'v0.1'), (b'cf-cache-status', b'DYNAMIC'), (b'Set-Cookie', b'__cf_bm=VIJgzNFHq4sv4yx9CrikGMQorr6mAPmUXjtwMguVgOY-1759129943-1.0.1.1-U.XMH6kgK5wZKzbB945Nc0eKSLU2AyjVQra9AKgl104Kwt4ocH4jtA_S6RafxsqOoqKQT4eDxkY0bRURyLA.v9twazXuo40QihKFUOolQ1E; path=/; expires=Mon, 29-Sep-25 07:42:23 GMT; domain=.api.openai.com; HttpOnly; Secure; SameSite=None'), (b'Strict-Transport-Security', b'max-age=31536000; includeSubDomains; preload'), (b'X-Content-Type-Options', b'nosniff'), (b'Set-Cookie', b'_cfuvid=PaQ8LZCNHhqeRO62oMdJgIfSgS73bwRf36ubdO_pch8-1759129943890-0.0.1.1-604800000; path=/; domain=.api.openai.com; HttpOnly; Secure; SameSite=None'), (b'Server', b'cloudflare'), (b'CF-RAY', b'9869ac024d31d3fe-KIX'), (b'Content-Encoding', b'gzip'), (b'alt-svc', b'h3=":443"; ma=86400')])
2025-09-29 16:12:21,670 INFO httpx: HTTP Request: POST https://api.openai.com/v1/chat/completions "HTTP/1.1 200 OK"
2025-09-29 16:12:21,671 DEBUG httpcore.http11: receive_response_body.started request=<Request [b'POST']>
2025-09-29 16:12:21,671 DEBUG httpcore.http11: receive_response_body.complete
2025-09-29 16:12:21,672 DEBUG httpcore.http11: response_closed.started
2025-09-29 16:12:21,672 DEBUG httpcore.http11: response_closed.complete
2025-09-29 16:12:21,672 DEBUG openai._base_client: HTTP Response: POST https://api.openai.com/v1/chat/completions "200 OK" Headers([('date', 'Mon, 29 Sep 2025 07:12:23 GMT'), ('content-type', 'application/json'), ('transfer-encoding', 'chunked'), ('connection', 'keep-alive'), ('access-control-expose-headers', 'X-Request-ID'), ('openai-organization', 'ehime-university-computer-science-lab'), ('openai-processing-ms', '292'), ('openai-project', 'proj_J2ozYACnCAyF9swBaMOIo4Ft'), ('openai-version', '2020-10-01'), ('x-envoy-upstream-service-time', '316'), ('x-ratelimit-limit-requests', '10000'), ('x-ratelimit-limit-tokens', '200000'), ('x-ratelimit-remaining-requests', '9999'), ('x-ratelimit-remaining-tokens', '199880'), ('x-ratelimit-reset-requests', '8.64s'), ('x-ratelimit-reset-tokens', '36ms'), ('x-request-id', 'req_b522a1c4b1ce42c39259ba660c4bb077'), ('x-openai-proxy-wasm', 'v0.1'), ('cf-cache-status', 'DYNAMIC'), ('set-cookie', '__cf_bm=VIJgzNFHq4sv4yx9CrikGMQorr6mAPmUXjtwMguVgOY-1759129943-1.0.1.1-U.XMH6kgK5wZKzbB945Nc0eKSLU2AyjVQra9AKgl104Kwt4ocH4jtA_S6RafxsqOoqKQT4eDxkY0bRURyLA.v9twazXuo40QihKFUOolQ1E; path=/; expires=Mon, 29-Sep-25 07:42:23 GMT; domain=.api.openai.com; HttpOnly; Secure; SameSite=None'), ('strict-transport-security', 'max-age=31536000; includeSubDomains; preload'), ('x-content-type-options', 'nosniff'), ('set-cookie', '_cfuvid=PaQ8LZCNHhqeRO62oMdJgIfSgS73bwRf36ubdO_pch8-1759129943890-0.0.1.1-604800000; path=/; domain=.api.openai.com; HttpOnly; Secure; SameSite=None'), ('server', 'cloudflare'), ('cf-ray', '9869ac024d31d3fe-KIX'), ('content-encoding', 'gzip'), ('alt-svc', 'h3=":443"; ma=86400')])
2025-09-29 16:12:21,672 DEBUG openai._base_client: request_id: req_b522a1c4b1ce42c39259ba660c4bb077
2025-09-29 16:12:21,754 DEBUG neo4j: [#0000]  _: <WORKSPACE> routing towards fixed database: demo
2025-09-29 16:12:21,755 DEBUG neo4j: [#0000]  _: <WORKSPACE> pinning database: 'demo'
2025-09-29 16:12:21,755 DEBUG neo4j.pool: [#0000]  _: <POOL> acquire direct connection, access_mode='WRITE', database=AcquisitionDatabase(name='demo', guessed=False)
2025-09-29 16:12:21,755 DEBUG neo4j.pool: [#CA09]  _: <POOL> picked existing connection bolt-57181
2025-09-29 16:12:21,755 DEBUG neo4j.pool: [#CA09]  _: <POOL> checked re_auth auth=None updated=False force=False
2025-09-29 16:12:21,755 DEBUG neo4j.pool: [#CA09]  _: <POOL> handing out existing connection
2025-09-29 16:12:21,755 DEBUG neo4j.io: [#CA09]  C: BEGIN {'db': 'demo', 'bookmarks': ['FB:kcwQzLoRLE7LTq2NdyMZ91NVySeQ']}
2025-09-29 16:12:21,755 DEBUG neo4j.io: [#CA09]  _: <CONNECTION> client state: READY > TX_READY_OR_TX_STREAMING
2025-09-29 16:12:21,755 DEBUG neo4j.io: [#CA09]  C: RUN "MATCH (e: __Node__) WHERE e.id IS NOT NULL AND e.id in $ids \n        WITH e\n        RETURN e.id AS name,\n               [l in labels(e) WHERE l <> '__Entity__' | l][0] AS type,\n               e{.* , embedding: Null, id: Null} AS properties\n        " {'ids': ['Acme', 'Tokyo', 'Taro']} {}
2025-09-29 16:12:21,755 DEBUG neo4j.io: [#CA09]  C: PULL {'n': 1000}
2025-09-29 16:12:21,757 DEBUG neo4j.io: [#CA09]  S: SUCCESS {}
2025-09-29 16:12:21,757 DEBUG neo4j.io: [#CA09]  _: <CONNECTION> server state: READY > TX_READY_OR_TX_STREAMING
2025-09-29 16:12:21,759 DEBUG neo4j.io: [#CA09]  S: SUCCESS {'t_first': 1, 'fields': ['name', 'type', 'properties'], 'qid': 0}
2025-09-29 16:12:21,761 DEBUG neo4j.io: [#CA09]  S: RECORD * 1
2025-09-29 16:12:21,761 DEBUG neo4j.io: [#CA09]  S: RECORD * 1
2025-09-29 16:12:21,761 DEBUG neo4j.io: [#CA09]  S: RECORD * 1
2025-09-29 16:12:21,761 DEBUG neo4j.io: [#CA09]  S: SUCCESS {'statuses': [{'gql_status': '00000', 'status_description': 'note: successful completion'}], 'type': 'r', 't_last': 1, 'db': 'demo'}
2025-09-29 16:12:21,761 DEBUG neo4j.io: [#CA09]  C: COMMIT
2025-09-29 16:12:21,761 DEBUG neo4j.io: [#CA09]  _: <CONNECTION> client state: TX_READY_OR_TX_STREAMING > READY
2025-09-29 16:12:21,762 DEBUG neo4j.io: [#CA09]  S: SUCCESS {'bookmark': 'FB:kcwQzLoRLE7LTq2NdyMZ91NVySeQ'}
2025-09-29 16:12:21,762 DEBUG neo4j.io: [#CA09]  _: <CONNECTION> server state: TX_READY_OR_TX_STREAMING > READY
2025-09-29 16:12:21,762 DEBUG neo4j.pool: [#CA09]  _: <POOL> released bolt-57181
2025-09-29 16:12:21,762 DEBUG neo4j: [#0000]  _: <WORKSPACE> routing towards fixed database: demo
2025-09-29 16:12:21,762 DEBUG neo4j: [#0000]  _: <WORKSPACE> pinning database: 'demo'
2025-09-29 16:12:21,763 DEBUG neo4j.pool: [#0000]  _: <POOL> acquire direct connection, access_mode='WRITE', database=AcquisitionDatabase(name='demo', guessed=False)
2025-09-29 16:12:21,763 DEBUG neo4j.pool: [#CA09]  _: <POOL> picked existing connection bolt-57181
2025-09-29 16:12:21,763 DEBUG neo4j.pool: [#CA09]  _: <POOL> checked re_auth auth=None updated=False force=False
2025-09-29 16:12:21,763 DEBUG neo4j.pool: [#CA09]  _: <POOL> handing out existing connection
2025-09-29 16:12:21,763 DEBUG neo4j.io: [#CA09]  C: BEGIN {'db': 'demo', 'bookmarks': ['FB:kcwQzLoRLE7LTq2NdyMZ91NVySeQ']}
2025-09-29 16:12:21,763 DEBUG neo4j.io: [#CA09]  _: <CONNECTION> client state: READY > TX_READY_OR_TX_STREAMING
2025-09-29 16:12:21,763 DEBUG neo4j.io: [#CA09]  C: RUN "MATCH (e: __Node__) WHERE e.id IS NOT NULL AND e.id in $ids \n        WITH e\n        RETURN e.id AS name,\n               [l in labels(e) WHERE l <> '__Entity__' | l][0] AS type,\n               e{.* , embedding: Null, id: Null} AS properties\n        " {'ids': ['b49755c7-3808-4d96-ac05-8c97f3516977']} {}
2025-09-29 16:12:21,763 DEBUG neo4j.io: [#CA09]  C: PULL {'n': 1000}
2025-09-29 16:12:21,764 DEBUG neo4j.io: [#CA09]  S: SUCCESS {}
2025-09-29 16:12:21,764 DEBUG neo4j.io: [#CA09]  _: <CONNECTION> server state: READY > TX_READY_OR_TX_STREAMING
2025-09-29 16:12:21,765 DEBUG neo4j.io: [#CA09]  S: SUCCESS {'t_first': 1, 'fields': ['name', 'type', 'properties'], 'qid': 0}
2025-09-29 16:12:21,766 DEBUG neo4j.io: [#CA09]  S: SUCCESS {'statuses': [{'gql_status': '02000', 'status_description': 'note: no data'}], 'type': 'r', 't_last': 1, 'db': 'demo'}
2025-09-29 16:12:21,766 DEBUG neo4j.io: [#CA09]  C: COMMIT
2025-09-29 16:12:21,766 DEBUG neo4j.io: [#CA09]  _: <CONNECTION> client state: TX_READY_OR_TX_STREAMING > READY
2025-09-29 16:12:21,767 DEBUG neo4j.io: [#CA09]  S: SUCCESS {'bookmark': 'FB:kcwQzLoRLE7LTq2NdyMZ91NVySeQ'}
2025-09-29 16:12:21,767 DEBUG neo4j.io: [#CA09]  _: <CONNECTION> server state: TX_READY_OR_TX_STREAMING > READY
2025-09-29 16:12:21,767 DEBUG neo4j.pool: [#CA09]  _: <POOL> released bolt-57181
2025-09-29 16:12:21,776 DEBUG openai._base_client: Request options: {'method': 'post', 'url': '/embeddings', 'files': None, 'idempotency_key': 'stainless-python-retry-24a05dc7-8a55-48d9-97b2-32686439314e', 'post_parser': <function AsyncEmbeddings.create.<locals>.parser at 0x000002A1552A6DD0>, 'json_data': {'input': ['Taro works at ACME. ACME is based in Tokyo.'], 'model': 'text-embedding-ada-002', 'encoding_format': 'base64'}}
2025-09-29 16:12:21,777 DEBUG openai._base_client: Sending HTTP Request: POST https://api.openai.com/v1/embeddings
2025-09-29 16:12:21,777 DEBUG httpcore.connection: connect_tcp.started host='api.openai.com' port=443 local_address=None timeout=60.0 socket_options=None
2025-09-29 16:12:21,790 DEBUG httpcore.connection: connect_tcp.complete return_value=<httpcore._backends.anyio.AnyIOStream object at 0x000002A156CB9F90>
2025-09-29 16:12:21,790 DEBUG httpcore.connection: start_tls.started ssl_context=<ssl.SSLContext object at 0x000002A1557109C0> server_hostname='api.openai.com' timeout=60.0
2025-09-29 16:12:21,804 DEBUG httpcore.connection: start_tls.complete return_value=<httpcore._backends.anyio.AnyIOStream object at 0x000002A156CB9BD0>
2025-09-29 16:12:21,805 DEBUG httpcore.http11: send_request_headers.started request=<Request [b'POST']>
2025-09-29 16:12:21,805 DEBUG httpcore.http11: send_request_headers.complete
2025-09-29 16:12:21,805 DEBUG httpcore.http11: send_request_body.started request=<Request [b'POST']>
2025-09-29 16:12:21,805 DEBUG httpcore.http11: send_request_body.complete
2025-09-29 16:12:21,805 DEBUG httpcore.http11: receive_response_headers.started request=<Request [b'POST']>
2025-09-29 16:12:22,034 DEBUG httpcore.http11: receive_response_headers.complete return_value=(b'HTTP/1.1', 200, b'OK', [(b'Date', b'Mon, 29 Sep 2025 07:12:24 GMT'), (b'Content-Type', b'application/json'), (b'Transfer-Encoding', b'chunked'), (b'Connection', b'keep-alive'), (b'access-control-allow-origin', b'*'), (b'access-control-expose-headers', b'X-Request-ID'), (b'openai-model', b'text-embedding-ada-002-v2'), (b'openai-organization', b'ehime-university-computer-science-lab'), (b'openai-processing-ms', b'48'), (b'openai-project', b'proj_J2ozYACnCAyF9swBaMOIo4Ft'), (b'openai-version', b'2020-10-01'), (b'strict-transport-security', b'max-age=31536000; includeSubDomains; preload'), (b'via', b'envoy-router-55bd75c9c4-skbtp'), (b'x-envoy-upstream-service-time', b'69'), (b'x-ratelimit-limit-requests', b'3000'), (b'x-ratelimit-limit-tokens', b'1000000'), (b'x-ratelimit-remaining-requests', b'2999'), (b'x-ratelimit-remaining-tokens', b'999990'), (b'x-ratelimit-reset-requests', b'20ms'), (b'x-ratelimit-reset-tokens', b'0s'), (b'x-request-id', b'req_30b935d899ec4e22aa0d896427cdf6ba'), (b'x-openai-proxy-wasm', b'v0.1'), (b'cf-cache-status', b'DYNAMIC'), (b'Set-Cookie', b'__cf_bm=yITkdZnLCIO4.16GvcmtGuTMHqR9WgsPJ666zcWeMbs-1759129944-1.0.1.1-MY2wHsh72wpjwQM8K66QhjJXuFv57G02QRLSjnUsYxVKhilE6OW8vQ1fRBgfxXxEE1CjoNOBrp.nqeUpb3QvwB.0hjF2qC1u5u2qStqxQO0; path=/; expires=Mon, 29-Sep-25 07:42:24 GMT; domain=.api.openai.com; HttpOnly; Secure; SameSite=None'), (b'X-Content-Type-Options', b'nosniff'), (b'Set-Cookie', b'_cfuvid=2gEcXPrnN3Euo9xN1pVbfnB1j1OVs92ODkVK8aQE970-1759129944255-0.0.1.1-604800000; path=/; domain=.api.openai.com; HttpOnly; Secure; SameSite=None'), (b'Server', b'cloudflare'), (b'CF-RAY', b'9869ac064d8e9aae-KIX'), (b'Content-Encoding', b'gzip'), (b'alt-svc', b'h3=":443"; ma=86400')])
2025-09-29 16:12:22,034 INFO httpx: HTTP Request: POST https://api.openai.com/v1/embeddings "HTTP/1.1 200 OK"
2025-09-29 16:12:22,034 DEBUG httpcore.http11: receive_response_body.started request=<Request [b'POST']>
2025-09-29 16:12:22,034 DEBUG httpcore.http11: receive_response_body.complete
2025-09-29 16:12:22,034 DEBUG httpcore.http11: response_closed.started
2025-09-29 16:12:22,034 DEBUG httpcore.http11: response_closed.complete
2025-09-29 16:12:22,034 DEBUG openai._base_client: HTTP Response: POST https://api.openai.com/v1/embeddings "200 OK" Headers([('date', 'Mon, 29 Sep 2025 07:12:24 GMT'), ('content-type', 'application/json'), ('transfer-encoding', 'chunked'), ('connection', 'keep-alive'), ('access-control-allow-origin', '*'), ('access-control-expose-headers', 'X-Request-ID'), ('openai-model', 'text-embedding-ada-002-v2'), ('openai-organization', 'ehime-university-computer-science-lab'), ('openai-processing-ms', '48'), ('openai-project', 'proj_J2ozYACnCAyF9swBaMOIo4Ft'), ('openai-version', '2020-10-01'), ('strict-transport-security', 'max-age=31536000; includeSubDomains; preload'), ('via', 'envoy-router-55bd75c9c4-skbtp'), ('x-envoy-upstream-service-time', '69'), ('x-ratelimit-limit-requests', '3000'), ('x-ratelimit-limit-tokens', '1000000'), ('x-ratelimit-remaining-requests', '2999'), ('x-ratelimit-remaining-tokens', '999990'), ('x-ratelimit-reset-requests', '20ms'), ('x-ratelimit-reset-tokens', '0s'), ('x-request-id', 'req_30b935d899ec4e22aa0d896427cdf6ba'), ('x-openai-proxy-wasm', 'v0.1'), ('cf-cache-status', 'DYNAMIC'), ('set-cookie', '__cf_bm=yITkdZnLCIO4.16GvcmtGuTMHqR9WgsPJ666zcWeMbs-1759129944-1.0.1.1-MY2wHsh72wpjwQM8K66QhjJXuFv57G02QRLSjnUsYxVKhilE6OW8vQ1fRBgfxXxEE1CjoNOBrp.nqeUpb3QvwB.0hjF2qC1u5u2qStqxQO0; path=/; expires=Mon, 29-Sep-25 07:42:24 GMT; domain=.api.openai.com; HttpOnly; Secure; SameSite=None'), ('x-content-type-options', 'nosniff'), ('set-cookie', '_cfuvid=2gEcXPrnN3Euo9xN1pVbfnB1j1OVs92ODkVK8aQE970-1759129944255-0.0.1.1-604800000; path=/; domain=.api.openai.com; HttpOnly; Secure; SameSite=None'), ('server', 'cloudflare'), ('cf-ray', '9869ac064d8e9aae-KIX'), ('content-encoding', 'gzip'), ('alt-svc', 'h3=":443"; ma=86400')])
2025-09-29 16:12:22,034 DEBUG openai._base_client: request_id: req_30b935d899ec4e22aa0d896427cdf6ba
2025-09-29 16:12:22,037 DEBUG neo4j: [#0000]  _: <WORKSPACE> routing towards fixed database: demo
2025-09-29 16:12:22,037 DEBUG neo4j: [#0000]  _: <WORKSPACE> pinning database: 'demo'
2025-09-29 16:12:22,037 DEBUG neo4j.pool: [#0000]  _: <POOL> acquire direct connection, access_mode='WRITE', database=AcquisitionDatabase(name='demo', guessed=False)
2025-09-29 16:12:22,037 DEBUG neo4j.pool: [#CA09]  _: <POOL> picked existing connection bolt-57181
2025-09-29 16:12:22,037 DEBUG neo4j.pool: [#CA09]  _: <POOL> checked re_auth auth=None updated=False force=False
2025-09-29 16:12:22,037 DEBUG neo4j.pool: [#CA09]  _: <POOL> handing out existing connection
2025-09-29 16:12:22,037 DEBUG neo4j.io: [#CA09]  C: BEGIN {'db': 'demo', 'bookmarks': ['FB:kcwQzLoRLE7LTq2NdyMZ91NVySeQ']}
2025-09-29 16:12:22,037 DEBUG neo4j.io: [#CA09]  _: <CONNECTION> client state: READY > TX_READY_OR_TX_STREAMING
2025-09-29 16:12:22,038 DEBUG neo4j.io: [#CA09]  C: RUN "\n                    UNWIND $data AS row\n                    MERGE (c:__Node__ {id: row.id})\n                    SET c.text = row.text, c:Chunk\n                    WITH c, row\n                    SET c += row.properties\n                    WITH c, row.embedding AS embedding\n                    WHERE embedding IS NOT NULL\n                    CALL db.create.setNodeVectorProperty(c, 'embedding', embedding)\n                    RETURN count(*)\n                    " {'data': [{'label': 'text_chunk', 'embedding': [0.003133332822471857, -0.021352576091885567, -0.007592635694891214, -0.028890389949083328, -0.013019862584769726, 8.80660954862833e-05, -0.008750718086957932, -0.0010767084313556552, 0.0031436115968972445, -0.02891780063509941, 0.020119113847613335, -0.007229450158774853, -1.1349551641615108e-05, -0.0368119478225708, -0.006780607625842094, -0.01218385063111782, 0.01455483678728342, -0.015514194965362549, -0.013225439935922623, -0.028424417600035667, -0.004724839702248573, -0.0001562169345561415, -0.006163877435028553, -0.007476142607629299, -0.008449206128716469, 0.010662582702934742, 0.010141788050532341, -0.0220241267234087, 0.008291596546769142, -0.008250481449067593, 0.02546411007642746, 0.008332712575793266, -0.008058610372245312, -0.007304828613996506, -0.017350681126117706, -0.025546342134475708, 0.008784981444478035, 0.0041595036163926125, -0.018392270430922508, -0.014376670122146606, 0.004241734277456999, -0.009319480508565903, 0.020132819190621376, -0.008435500785708427, -0.010957242920994759, -0.012752613052725792, 0.007058136165142059, -0.003933369182050228, -0.0172821544110775, 0.009696371853351593, -0.0038134492933750153, 0.012930779717862606, -0.03763425722718239, 0.001940987422131002, -0.011217639781534672, -0.011334133334457874, -0.015596425160765648, 0.0021619824692606926, 0.01626797579228878, -0.019392743706703186, 0.01674765534698963, 0.010970947332680225, -0.019187167286872864, 0.005307307466864586, 0.00864107720553875, -0.007352796383202076, -0.01258815173059702, 0.0032566788140684366, -0.006208418868482113, 0.0016960084903985262, 0.012793728150427341, 0.014047746546566486, -0.0009473663521930575, -0.010861306451261044, 0.027533583343029022, -0.015349733643233776, -0.02007799968123436, -0.006239255424588919, -0.01110114622861147, 0.022257113829255104, 0.00010867731180042028, -0.02834218554198742, 0.006376306526362896, 0.011306723579764366, 0.008579404093325138, 0.005512883886694908, -0.020845485851168633, -0.00157437555026263, -0.004817349370568991, 0.00630092853680253, 0.018940474838018417, 0.02723207138478756, 0.005451211240142584, 0.027355417609214783, -0.03746979683637619, 0.0019084378145635128, -0.009381153620779514, 0.04407566413283348, -0.01352695282548666, -0.04525430127978325, -0.014417785219848156, -0.001999234315007925, -0.011320427991449833, -0.022654561325907707, -0.01795370504260063, 0.0020660466980189085, 0.0022253687493503094, -0.022558625787496567, 0.01803593710064888, -0.023641329258680344, 0.013328228145837784, 0.024134714156389236, 0.0002955166273750365, -0.017158808186650276, -0.048022735863924026, 0.002823254559189081, 0.015733476728200912, -0.006674393080174923, 0.014705592766404152, 0.010922979563474655, 0.021078472957015038, 0.039470743387937546, 0.017227334901690483, 0.023750972002744675, 0.032398901879787445, 0.0009670674335211515, -0.026259008795022964, -0.022476395592093468, 0.025532636791467667, -0.020612498745322227, 0.02817772515118122, -0.0020848913118243217, 0.0006300071836449206, 0.023010894656181335, -0.0035119366366416216, 0.00818195566534996, -0.014253323897719383, 0.022654561325907707, -0.006026825867593288, 0.007743392139673233, 0.006489373743534088, -0.0013234005309641361, -0.011464332230389118, 0.015829412266612053, -0.015171566978096962, 0.02276420220732689, 0.03245372325181961, 0.010457005351781845, 0.006640130188316107, 0.0013490976998582482, 0.012752613052725792, -0.015870528295636177, -0.009806012734770775, -0.0067908866330981255, 0.03113803081214428, -0.001618060632608831, 0.02305201068520546, 0.03705864027142525, -0.008428648114204407, 0.004409621935337782, 0.00039830501191318035, 0.021078472957015038, 0.016130924224853516, -0.014746707864105701, -0.004903006367385387, 0.02935636416077614, 0.026930559426546097, -0.0005790412542410195, -0.004745397251099348, 0.005170255899429321, -0.006390011869370937, 0.014157387427985668, -0.015596425160765648, 0.006540767848491669, -0.0059583005495369434, 0.014500015415251255, 0.007825623266398907, 0.01524009183049202, -0.023106830194592476, -0.02212006226181984, 0.016048694029450417, -0.02704020030796528, 0.01578829623758793, 0.015473078936338425, 0.003580462420359254, -0.0069382162764668465, 0.016966937109827995, -0.0014527426101267338, -0.00204548891633749, 0.00962784606963396, 0.0020420628134161234, 0.025710802525281906, 0.0002923044958151877, 0.0038854011800140142, -0.646881639957428, -0.02817772515118122, 0.0028729354962706566, -0.01654207892715931, 0.0014082009438425303, 0.021338870748877525, 0.013835317455232143, 0.008702750317752361, -0.009292070753872395, 0.004598067607730627, -0.03020608238875866, 0.006102204322814941, 0.0023230176884680986, -0.00897000078111887, 0.012752613052725792, -0.01868007704615593, -0.005519736558198929, -0.008435500785708427, 0.013691414147615433, 0.024491047486662865, -0.021146997809410095, 0.01885824277997017, -0.004478147719055414, -0.02501184120774269, 0.01119708176702261, -0.010703697800636292, 0.011896043084561825, -0.010367922484874725, -0.024847380816936493, 0.02313424088060856, -0.0284518264234066, 0.04739230126142502, 0.006431126967072487, 0.0027787128929048777, 0.03785353899002075, 0.023545393720269203, -0.02173631824553013, 0.017062872648239136, 0.002331583295017481, 0.03272782266139984, -0.03357754275202751, -0.00957987830042839, 0.01755625754594803, -0.010340511798858643, 0.007387059275060892, 0.0013225439470261335, 0.03577036038041115, -0.0121769979596138, -0.00045698005123995245, -0.0017970837652683258, -0.0029209034983068705, -0.03894994780421257, 0.003268670756369829, -0.010970947332680225, 0.019200870767235756, 0.01970796100795269, 0.012389427982270718, 0.0035975936334580183, -0.028890389949083328, -0.0031281933188438416, -0.015760887414216995, 0.000809886900242418, -0.01408886257559061, -0.009675813838839531, -0.021818548440933228, 0.001314834807999432, -0.012307196855545044, 0.006187861319631338, -0.019502384588122368, -0.031165439635515213, 0.01054608915001154, 0.005985710769891739, -0.016405027359724045, 0.01885824277997017, 0.003371459199115634, 0.03662007674574852, 0.02417583018541336, -0.00501949992030859, -0.0016600325470790267, 0.010333660058677197, -0.003748350078240037, 0.003484526416286826, 0.024025073274970055, -0.01925569213926792, 0.02557375282049179, -0.0004122242680750787, -0.047063376754522324, -0.00327894976362586, 0.03752461448311806, -0.020393216982483864, 0.03448208048939705, 0.01324599701911211, -0.0012831417843699455, -0.002645087894052267, -0.0025679967366158962, 0.008572552353143692, -0.007195187266916037, -0.008737013675272465, 0.01626797579228878, -0.01802223175764084, -0.0038305807393044233, -0.00579041289165616, 0.017624782398343086, 0.00240696151740849, 0.006866264622658491, -0.013163766823709011, -0.01506192609667778, 0.009429121389985085, 0.02510777860879898, -0.017816655337810516, -0.0016163474647328258, -0.016117220744490623, -0.027204660698771477, -0.006845707073807716, 0.0035907411947846413, -0.0284518264234066, 0.005478621460497379, -0.002341862302273512, 0.012026241980493069, -0.021256638690829277, 0.01500710565596819, 0.006917658727616072, 0.03237149119377136, 0.00906593631953001, -0.005978858098387718, 0.010429595597088337, 0.014390374533832073, -0.02705390565097332, -0.0015084196347743273, -0.011649351567029953, -0.0035187893081456423, 0.003974484279751778, -0.006989610847085714, -0.025683393701910973, 0.03626374527812004, 0.014047746546566486, 0.01459595188498497, -0.001319117727689445, 0.009970474056899548, -0.026533110067248344, -0.03516733646392822, -0.02464180439710617, -0.008154545910656452, 0.009730634279549122, -0.02110588364303112, -0.018077051267027855, 0.01700805313885212, 0.024600688368082047, -0.008880916982889175, 0.022161176428198814, 0.016213156282901764, -0.008223071694374084, -0.016199450939893723, 0.0213799849152565, -0.00630092853680253, -0.003196719102561474, -0.01161508820950985, -0.027643224224448204, -0.011635646224021912, 0.00399846863001585, 0.02173631824553013, 0.00855884701013565, -0.027177250012755394, -0.0014681608881801367, 0.008812391199171543, 0.004498705267906189, 0.0070375786162912846, 0.01120393443852663, 0.02165408805012703, -0.018282629549503326, -0.005471768788993359, -0.02576562389731407, -0.004707708489149809, -0.009812865406274796, 0.0017611078219488263, 0.024025073274970055, 0.008839801885187626, 0.011395806446671486, 0.001674594241194427, -0.028397006914019585, -0.008860358968377113, 0.006393438205122948, 0.0074829948134720325, 0.008168251253664494, 0.029603056609630585, -0.017679603770375252, 0.029794927686452866, 0.01208791509270668, -0.006633277516812086, 0.008106578141450882, -0.027355417609214783, 0.01153285801410675, -0.006146745756268501, 0.014938579872250557, 0.017405500635504723, -0.025231124833226204, 0.024765150621533394, 0.02173631824553013, -0.004711134824901819, 0.013273407705128193, -0.01998206414282322, 0.009853980503976345, 0.011210787110030651, -0.016857296228408813, -0.005715034436434507, -0.014568541198968887, -0.004073846619576216, -0.039086997509002686, 0.029575645923614502, 0.006698376964777708, 0.007291123270988464, -0.021640382707118988, 0.00038010289426892996, 0.004711134824901819, 0.013746234588325024, 0.04166356101632118, 0.0033783118706196547, 0.020119113847613335, 0.0003469108196441084, 0.003451976925134659, 0.008483468554913998, -0.0027787128929048777, -0.006023399997502565, -0.03949815407395363, -0.017679603770375252, -0.0018090757075697184, 0.008771276101469994, 0.03039795346558094, -0.006225550081580877, -0.015048220753669739, -0.009292070753872395, -0.03560589998960495, -0.006321486085653305, 0.02065361477434635, 0.015500489622354507, -0.043445225805044174, 0.01748773269355297, -0.009751192294061184, 0.017446616664528847, 0.016117220744490623, 0.010292544029653072, 0.004933842923492193, 0.030260901898145676, -0.01198512688279152, 0.009566172957420349, -0.0003704664995893836, 0.03878548741340637, 0.012163292616605759, -0.011395806446671486, 0.01663801446557045, -0.03763425722718239, -0.0026159645058214664, -0.0074692899361252785, -0.007551520597189665, 0.017597373574972153, 0.0001744190522003919, 0.012464805506169796, 0.01268408726900816, 0.030973568558692932, 0.020776960998773575, -0.001055294182151556, 0.014404079876840115, 0.014239618554711342, 0.00915501918643713, 0.00757207814604044, 0.01120393443852663, 0.005646509118378162, -0.014253323897719383, 0.007345943711698055, -0.007311680819839239, -0.0072500077076256275, -0.005262765567749739, -0.0040806992910802364, -0.021517036482691765, 0.018392270430922508, 0.010217166505753994, -0.026080841198563576, -0.02993197925388813, -0.007674866821616888, 0.021681498736143112, -0.0356881283223629, -0.06041216477751732, 0.015760887414216995, 0.008949442766606808, 0.0057595763355493546, -0.004231455270200968, 0.000819737440906465, 0.005512883886694908, -0.017994821071624756, 0.02165408805012703, 0.013485836796462536, 0.015500489622354507, 0.01811816729605198, 0.011758992448449135, -0.015870528295636177, 0.012869106605648994, 0.01878971792757511, -0.02908226288855076, -0.01692582108080387, -0.0062700919806957245, 0.00727741839364171, -0.0030014209914952517, 0.004940695594996214, -0.015308617614209652, 0.03966261446475983, 0.011937158182263374, -0.012444248422980309, 0.00037988877738825977, -0.016898412257432938, -0.019296808168292046, 0.031932927668094635, -0.012341459281742573, -0.01721362955868244, -0.006609293632209301, 0.022887548431754112, 0.007976379245519638, -0.009908800944685936, -0.02146221697330475, 0.03067205660045147, 0.001373938168399036, -0.017693309113383293, 0.008332712575793266, -0.02473773993551731, 0.012780023738741875, 0.09138572961091995, 0.005855511873960495, -0.010607762262225151, -0.009559320285916328, -0.005314159672707319, -0.002653653733432293, -0.01645984873175621, -0.021037356927990913, -0.0003678967768792063, -0.012272934429347515, 0.012670382857322693, -0.01858414150774479, 0.006664114072918892, -0.0009867685148492455, 0.015226387418806553, 0.008483468554913998, -0.0019478399772197008, 0.003683250630274415, 0.029959389939904213, -0.002622817177325487, 0.010319954715669155, -0.011944010853767395, 0.015664951875805855, 0.008737013675272465, 0.011388953775167465, 0.006832001730799675, 0.02630012296140194, 0.021023651584982872, 0.01171787641942501, -0.01663801446557045, 0.016309091821312904, -0.00015439673734363168, -0.03168623521924019, 0.018200397491455078, -0.014719298109412193, 0.013314522802829742, 0.0017242752946913242, 0.032207030802965164, -0.01877601258456707, -0.010854453779757023, 0.009997883811593056, 0.0332760289311409, 0.011642498895525932, -0.010299396701157093, 0.003676398191601038, -0.018570436164736748, 0.001582941273227334, 0.017131399363279343, 0.005454637110233307, -0.02610825188457966, 0.017830360680818558, 0.003991615958511829, -0.02229822799563408, -0.01171102374792099, 0.006198139861226082, 0.018268924206495285, -0.013026715256273746, -0.009819718077778816, 0.008983705192804337, -0.009333185851573944, 0.007901000790297985, -0.01737808994948864, -0.013417311012744904, -0.017638487741351128, -0.018748601898550987, -0.04064938426017761, 0.008757570758461952, -0.017720717936754227, -0.021215524524450302, -0.011902895756065845, 0.012252376414835453, -0.0231479462236166, -0.025450406596064568, 0.03234408050775528, 0.016062399372458458, 0.003222416155040264, 0.031110620126128197, -0.009305776096880436, 0.014458900317549706, 0.006246108096092939, -0.014513720758259296, -0.005965153221040964, -0.0392240509390831, -0.011923453770577908, -0.022723088040947914, 0.011334133334457874, 0.022819023579359055, -0.017720717936754227, -0.0036626930814236403, 0.009374300949275494, 0.008099725469946861, -0.0100458525121212, 0.024230649694800377, -0.005975431762635708, -0.003109348937869072, -0.005231929011642933, 0.0092029869556427, 0.05018814653158188, -0.01868007704615593, -0.007825623266398907, -0.01999576762318611, -0.010388480499386787, -0.0037106608506292105, -0.00144760322291404, 0.0015700927469879389, -0.009093346074223518, 0.010833896696567535, 0.005687624216079712, -0.010141788050532341, -0.01556901540607214, 0.021078472957015038, -0.0016865861834958196, 0.0026896295603364706, -0.00711295660585165, -0.0050606150180101395, 0.031357310712337494, 0.007544667925685644, 0.019858717918395996, -0.020406922325491905, -0.02110588364303112, -0.0007049570558592677, -0.023572804406285286, 0.021791139617562294, 0.01055294182151556, 0.0010201748227700591, 0.01721362955868244, 0.01831003837287426, 0.0010758518474176526, 0.0039367955178022385, -0.011628793552517891, -0.004289702046662569, -0.004108109511435032, -0.01454113144427538, -0.033687181770801544, -0.020242460072040558, -0.019680550321936607, -0.012745760381221771, 0.005351848900318146, -0.011827517300844193, -0.019639436155557632, -0.003092217491939664, 0.014664477668702602, 0.0001830918190535158, 0.019118640571832657, -0.03513992577791214, -0.01829633302986622, 0.014842643402516842, 0.013883285224437714, 0.009175577200949192, 0.023408344015479088, 0.007167777046561241, -0.00706498883664608, -0.015678655356168747, -0.006825149059295654, -0.010511825792491436, -0.020201345905661583, -0.016569489613175392, -0.008435500785708427, 0.005773281212896109, 0.017981115728616714, 0.033221207559108734, -0.0055163102224469185, 0.010731108486652374, -0.015541604720056057, -0.007119809277355671, 0.018515614792704582, -0.007592635694891214, 0.01665171980857849, -0.03612669184803963, -0.006386585533618927, 0.02091401070356369, 0.020242460072040558, -0.026642750948667526, -0.020297281444072723, -0.02742394246160984, 0.027369122952222824, 0.010278839617967606, -0.002422379795461893, 0.0072500077076256275, -0.03544143587350845, 0.010710550472140312, 0.0023589935153722763, 0.0012420264538377523, 0.011731581762433052, 0.005763002671301365, -0.012725203298032284, 0.026272712275385857, 0.019831307232379913, 0.03075428679585457, -0.011758992448449135, 0.025244828313589096, -0.0005563421873375773, 0.005492326337844133, -0.01570606604218483, 0.009326333180069923, -0.010525531135499477, -0.012800580821931362, -0.00812713522464037, 0.008778128772974014, 0.018090756610035896, 0.00655447319149971, -0.005704755894839764, 0.0112519022077322, -0.008771276101469994, 0.0024891921784728765, 0.021681498736143112, 0.012951337732374668, -0.004241734277456999, -0.004306833725422621, -0.010292544029653072, -0.02036580629646778, -0.013910695910453796, -0.0249981377273798, -0.033604953438043594, 0.009333185851573944, -0.004186913836747408, -0.01408886257559061, 0.009847127832472324, -0.0220241267234087, -0.011971421539783478, 0.005112009588629007, -0.011299870908260345, 0.05142160505056381, 0.005876069888472557, 0.01009382028132677, 0.023216471076011658, 0.01972166635096073, -0.0012788588646799326, -0.012231818400323391, -0.010676288045942783, 0.006071367766708136, 0.0006629851413890719, 0.02576562389731407, -0.0037209398578852415, -0.023038305342197418, 0.0027358843944966793, 0.008915180340409279, -0.01147803757339716, -0.014212208800017834, 0.016898412257432938, -0.0012702932581305504, 0.02268197201192379, -0.027725456282496452, 0.0019392743706703186, -0.012012536637485027, 0.014582246541976929, -0.013389901258051395, -0.012272934429347515, 0.0004357799480203539, -0.035194747149944305, -0.01055979449301958, 0.006924511399120092, -0.0029928553849458694, 0.016062399372458458, 0.010189755819737911, -0.02155815251171589, 0.01003899984061718, -0.020310986787080765, -0.018008526414632797, 0.00578698655590415, -0.009052230976521969, 0.011916601099073887, 0.03039795346558094, 0.03067205660045147, -0.0061159092001616955, -0.00425543962046504, -0.02120181918144226, 0.0028095494490116835, -0.004875596147030592, 0.030452774837613106, 0.0038237283006310463, -0.0037689076270908117, -0.02065361477434635, -0.008319007232785225, 0.01943385787308216, 0.011073736473917961, 0.005183961242437363, -0.00604053121060133, -0.02935636416077614, -0.006927937734872103, 0.019173461943864822, -0.0010784215992316604, -0.022188587114214897, -0.005434079561382532, -0.005053762812167406, -0.04136204719543457, -0.014856348745524883, -0.0030305443797260523, 0.014513720758259296, -0.022366754710674286, -0.01510304119437933, -0.006170729640871286, -0.013300818391144276, 0.006362601649016142, -0.005769854877144098, 0.0015837978571653366, -0.008702750317752361, 0.0005255056312307715, -0.014472605660557747, 0.022065240889787674, 0.00325325271114707, 0.011402659118175507, -0.010731108486652374, -0.004632330033928156, -0.015473078936338425, -0.021599266678094864, 0.024970727041363716, -0.011820664629340172, -0.04158133268356323, -0.050517067313194275, 0.0020797518081963062, 0.011868633329868317, -0.004789939150214195, 0.004789939150214195, 0.01811816729605198, 0.003356040921062231, 0.006228976417332888, -0.015952758491039276, -0.015911642462015152, -0.00916187185794115, -0.01626797579228878, 0.018885653465986252, 0.005440932232886553, -0.022572331130504608, -0.010737961158156395, 0.026985378935933113, -0.021914485841989517, -0.022654561325907707, -0.010148640722036362, -0.006163877435028553, -0.005221650470048189, 0.00901796855032444, -0.001901585259474814, -0.005937743000686169, -0.004293128382414579, 0.018241513520479202, -0.0067943125031888485, -0.003451976925134659, 0.003475960809737444, -0.024285471066832542, -0.00506746768951416, 0.020119113847613335, -0.00365926674567163, 0.010319954715669155, -0.02081807516515255, 0.004868743475526571, -0.0023298701271414757, 0.013801055029034615, -0.03944333270192146, -0.022284522652626038, -0.024778855964541435, 0.015500489622354507, 0.00302197877317667, -0.048927273601293564, -0.025395585224032402, -0.0262041874229908, -0.036483027040958405, -0.012272934429347515, -0.021996716037392616, 0.0137051185593009, 0.024669213220477104, -0.012512773275375366, 0.009209839627146721, 0.02908226288855076, 0.009634698741137981, 0.003052815329283476, -0.009764897637069225, 0.012910221703350544, 0.01305412594228983, -0.01999576762318611, 0.017789244651794434, 0.006057662423700094, -0.01069684512913227, -0.004532968159765005, 0.012971894815564156, 0.0036661194171756506, -0.007736539468169212, 0.02982233837246895, 0.0017533986829221249, -0.0041732084937393665, 0.0015144156059250236, 0.0011914888164028525, -0.025984905660152435, 0.011649351567029953, 0.010827044025063515, -0.03226184844970703, -0.004097830504179001, 0.00548204779624939, 0.006067941430956125, -0.018899358808994293, 0.005094877909868956, 0.006989610847085714, 0.007167777046561241, 0.037031229585409164, 6.777609814889729e-05, -0.010114377364516258, 0.0018176414305344224, -0.01570606604218483, 0.020434333011507988, -0.011861780658364296, 0.012272934429347515, 0.008106578141450882, 0.031466953456401825, -0.003229268593713641, -0.011299870908260345, 0.0009328046580776572, -0.0160761047154665, -0.012286638841032982, 0.0022664840798825026, -0.01203309465199709, -0.0041697826236486435, -0.010415890254080296, -0.0015007104957476258, -0.007585783489048481, 0.005218224134296179, 0.004817349370568991, -0.010806486010551453, -0.00957302562892437, 0.023189060389995575, 0.025395585224032402, -0.011690466664731503, 0.001654893159866333, 0.006331765092909336, -0.010566647164523602, 0.010977800004184246, -0.02538187988102436, 0.016665425151586533, -0.005399816669523716, 0.002823254559189081, -0.0010021867929026484, -0.024312881752848625, -0.03541402891278267, 0.0112519022077322, 0.0044061955995857716, -0.008264186792075634, -0.016487257555127144, 0.2355087697505951, -0.01171102374792099, -0.002439511241391301, 0.031823284924030304, -0.01673395000398159, 0.013074683025479317, 0.003045962657779455, 0.002908911556005478, 0.003967632073909044, 0.01581570692360401, -0.010402184911072254, 0.004988663364201784, 0.006818296853452921, -0.0003203571541234851, -0.013431016355752945, -0.04117017611861229, -0.02398395724594593, -0.0042485869489610195, -0.016980642452836037, 0.008517730981111526, 0.024669213220477104, -0.010278839617967606, -0.0040395837277174, -0.004416474606841803, 0.009401711635291576, -0.0022733365185558796, -0.026807213202118874, -0.005968579091131687, 0.014308144338428974, 0.0035907411947846413, -0.01158082578331232, 0.006626424845308065, 0.0018810275942087173, -0.0010407324880361557, 0.0061159092001616955, -0.0024840529076755047, 0.02471032924950123, -0.0031830137595534325, 0.020612498745322227, -0.002004373585805297, -0.0022579182405024767, -0.01263611949980259, -0.019406449049711227, -0.0016240566037595272, -0.014746707864105701, 0.014267029240727425, -0.0074144694954156876, -0.008538288995623589, -0.027643224224448204, 0.025957494974136353, -0.043362997472286224, -0.013910695910453796, 0.025971200317144394, 0.008223071694374084, 0.01804964244365692, -0.0006891104858368635, 0.045692864805459976, -0.00450555793941021, -0.002629669615998864, 0.00727056572213769, -0.007606341037899256, 0.035194747149944305, -0.011896043084561825, 0.01618574559688568, -0.02155815251171589, -0.012409985065460205, -0.01822780817747116, 0.0021037356927990913, 0.02324388176202774, -0.022010421380400658, 0.031083209440112114, -0.006705229636281729, 0.020667320117354393, -0.0004565517883747816, -0.04492538049817085, -0.03618151322007179, 0.04747453331947327, 0.0045500993728637695, 0.009052230976521969, 0.02231193333864212, 0.0016351919621229172, 0.024134714156389236, 0.020036883652210236, 0.009504499845206738, -0.012012536637485027, -0.017309565097093582, 0.01709028333425522, 0.004652888048440218, 0.0115739731118083, -0.02362762577831745, -0.011217639781534672, -0.021983010694384575, 0.00289520644582808, -0.01821410283446312, -0.018282629549503326, 0.009833422489464283, 0.008826096542179585, 0.005543720442801714, 0.016692833974957466, -0.0160761047154665, -0.035551078617572784, 0.0190501157194376, 0.008627372793853283, 0.012930779717862606, 0.005752723664045334, 0.0033834511414170265, 0.004190340172499418, -0.0039025326259434223, 0.02258603647351265, -0.007948968559503555, 0.005173682235181332, -0.028506647795438766, 0.007023873273283243, 0.0034691081382334232, -0.0010056131286546588, 0.012101620435714722, -0.009607288055121899, -0.008661635220050812, 0.030069030821323395, -0.006643556524068117, 0.026286417618393898, -0.015294913202524185, -0.040567152202129364, 0.013794202357530594, 0.014500015415251255, -0.019008999690413475, -0.004522689152508974, -0.021133294329047203, 0.010703697800636292, -0.024408817291259766, 0.026656456291675568, 0.011861780658364296, 0.01729585975408554, 0.0005764715606346726, -0.009189282543957233, 0.0052285026758909225, 0.004204045049846172, -0.020310986787080765, -0.0171999242156744, 0.026519404724240303, -0.0022185160778462887, 0.014856348745524883, 0.001918716705404222, 0.012156440876424313, -0.011793254874646664, -0.021078472957015038, 0.018104461953043938, 0.016514668241143227, -0.014143683016300201, -0.011450626887381077, -0.01822780817747116, -0.02910967357456684, -0.022243408486247063, -0.011176524683833122, 0.0095250578597188, -0.010758518241345882, -0.034454669803380966, -0.024312881752848625, 0.018104461953043938, 0.017624782398343086, -0.056190986186265945, -0.021791139617562294, 0.02946600504219532, -0.022325638681650162, -0.012375722639262676, -0.001541825826279819, -0.17707014083862305, 0.0184059739112854, 0.02221599780023098, -0.021489625796675682, 0.015322322957217693, 0.024395111948251724, 0.011053178459405899, -0.01068313978612423, -0.018351154401898384, 0.03281005471944809, 0.06002842262387276, 0.013095241039991379, -0.00905908364802599, -0.01463706698268652, -0.003006560495123267, -0.014280733652412891, -0.03242631256580353, -0.001070712460204959, 0.018268924206495285, 0.01106003113090992, 0.016117220744490623, -0.010806486010551453, 0.0070135947316884995, 0.034728772938251495, 0.007058136165142059, 0.027999557554721832, -0.0026502273976802826, -0.003381738206371665, 0.01969425566494465, 0.003462255699560046, -0.002804409945383668, -0.01519897673279047, 0.044020842760801315, 0.007757097482681274, 0.018885653465986252, 0.0008510022307746112, -0.03105579875409603, -0.009634698741137981, 0.0060473838821053505, 0.006184434983879328, 0.005156551022082567, 0.01455483678728342, 0.016473552212119102, -0.02490220032632351, -0.011443774215877056, 0.005667066667228937, 0.010840749368071556, -0.016761360689997673, 0.0015084196347743273, -0.009038525633513927, 0.01709028333425522, -0.021215524524450302, -0.004968105815351009, 0.02369615063071251, 0.007359649054706097, 0.009675813838839531, 0.002173974411562085, 0.01672024466097355, 0.0009627846302464604, -0.02640976384282112, 0.011649351567029953, -0.011642498895525932, 0.009888242930173874, -0.012670382857322693, -0.022188587114214897, -0.018940474838018417, -0.003419427201151848, 0.0106488773599267, -0.026094546541571617, 0.02713613584637642, 0.009182429872453213, 0.01571977138519287, -0.0015161287738010287, -0.037497203797101974, -0.020749550312757492, 0.0027290317229926586, -0.007387059275060892, 0.03113803081214428, 0.014965989626944065, -0.026272712275385857, -0.020612498745322227, 0.02546411007642746, -0.005399816669523716, 0.0067257871851325035, -0.0020797518081963062, 0.015939053148031235, 0.010237723588943481, 0.020681023597717285, -0.021681498736143112, -0.004745397251099348, 0.008264186792075634, -0.010868159122765064, -0.018844539299607277, -0.033604953438043594, -0.0012326041469350457, 0.03297451511025429, 0.00685255927965045, 0.018556730821728706, 0.013081535696983337, -0.00701702106744051, 0.009881391189992428, 0.009298923425376415, -0.02536817453801632, 0.03075428679585457, 0.013855875469744205, 0.02203783206641674, -0.028122903779149055, 0.025971200317144394, -0.004567231051623821, 0.0013747947523370385, -0.04350004717707634, 0.00794211681932211, 0.020146524533629417, 0.024381406605243683, -0.013821612112224102, 0.017789244651794434, 0.003061380935832858, -0.012841696850955486, 0.02266826666891575, -0.001194915035739541, 0.0520794503390789, 0.003155603539198637, 0.012334606610238552, 0.01556901540607214, -0.010457005351781845, -0.007489847484976053, -0.09303034842014313, 0.003189866431057453, -0.0031230540480464697, 0.005040057469159365, -0.03113803081214428, 0.027300596237182617, 0.010724255815148354, 0.02668386697769165, -0.0202561654150486, 0.017309565097093582, 0.006862838286906481, -0.031932927668094635, 0.0012163292849436402, -0.01581570692360401, 0.000595316116232425, -0.00854514166712761, 0.00957302562892437, -0.014294438995420933, -0.04426753520965576, 0.030151261016726494, -0.02139369025826454, -0.008031199686229229, 0.008778128772974014, -0.0262041874229908, 0.009799160063266754, 0.017720717936754227, -0.017241040244698524, -0.012341459281742573, 0.011875486001372337, 0.00036939576966688037, 0.005423801019787788, -0.01672024466097355, 0.01831003837287426, -0.032015156000852585, 0.01213588286191225, 0.03122026100754738, -0.024559572339057922, 0.007818770594894886, 0.02610825188457966, -0.017926296219229698, -0.005896627437323332, 0.0006861125002615154, 0.013410459272563457, -0.018625257536768913, 0.005948021542280912, -0.011005210690200329, -0.013465279713273048, 0.009826570749282837, 0.010224019177258015, -0.027629518881440163, -0.02919190376996994, 0.025052957236766815, -0.010114377364516258, 0.0008976852986961603, 0.031275082379579544, -0.001670311321504414, 0.004940695594996214, 0.011649351567029953, -0.041416868567466736, -0.006616146303713322, 0.0036729718558490276, -0.021064767614006996, -0.0032241293229162693, 0.006218697875738144, 0.027725456282496452, 0.008668487891554832, -0.020105410367250443, -0.02221599780023098, 0.009792307391762733, -0.003381738206371665, -0.008291596546769142, 0.01068999245762825, -0.015760887414216995, -0.0011486603179946542, -0.024504752829670906, -0.028671108186244965, -0.021914485841989517, -0.01561013050377369, 0.005142845679074526, -0.01665171980857849, 0.005560852121561766, -0.021434806287288666, -0.01608981005847454, -0.014801528304815292, 0.00034048655652441084, 0.007668014150112867, -0.005427226889878511, 0.012882811948657036, 0.029438596218824387, -0.03152177482843399, 0.022257113829255104, 0.010628319345414639, 0.01980389654636383, 0.003573609748855233, -0.010052705183625221, 0.01003899984061718, -0.01059405691921711, 0.0069382162764668465, 0.01469188742339611, 0.006407143082469702, -0.03478359058499336, -0.038346923887729645, -0.06249534338712692, 0.044212713837623596, -0.006729213520884514, -0.021585563197731972, 0.0092029869556427, -0.023120535537600517, 0.03692159056663513, 0.01459595188498497, 0.00676005007699132, -0.005701329559087753, -0.021777434274554253, 0.0004081555816810578, -0.025793034583330154, -0.006177582312375307, -0.011854927986860275, -0.005207945127040148, 0.010827044025063515, 0.027588404715061188, 0.020119113847613335, -0.006109056994318962, 0.016788771376013756, 0.011752139776945114, 0.010429595597088337, 0.013177472166717052, -0.02175002358853817, 0.009764897637069225, -0.02240786887705326, 0.011991978622972965, -0.026259008795022964, -0.004937269259244204, 0.001637761713936925, -0.02660163678228855, 0.03020608238875866, 0.023545393720269203, 0.0007199470419436693, 0.017720717936754227, -0.004673445597290993, 0.019831307232379913, 0.009127609431743622, 0.019570909440517426, -0.03176846727728844, -0.007284270599484444, 0.0022664840798825026, -0.0171176940202713, -0.02136627957224846, -0.028835570439696312, -0.012519625946879387, 0.00013362491154111922, 0.03966261446475983, 0.0009841988794505596, 0.006520210299640894, 0.010429595597088337, -0.028671108186244965, -0.025614866986870766, -0.01500710565596819, -0.010436448268592358, 0.0393885113298893, -0.02333981730043888, 0.003294368041679263, -0.01962573081254959, 0.017926296219229698, -0.003974484279751778, 0.0161583349108696, -0.004824202042073011, 0.019461268559098244, 0.01153285801410675, -0.00999103207141161, -0.0009893382666632533, 0.017638487741351128, -0.02853405848145485, -0.015555310063064098, -0.007743392139673233, -0.0021619824692606926, -0.005540294107049704, 0.006773754954338074, 0.01692582108080387, -0.006650409195572138, -0.007510405033826828, -0.03590741008520126, 0.0034656820353120565, -0.026916854083538055, -0.01961202546954155, -0.01915975660085678, 0.016980642452836037, 0.025217419490218163, 0.00578356022015214, -0.01858414150774479, -0.011964568868279457, -0.004649461712688208, 0.017460322007536888, -0.01068999245762825, 0.007202039938420057, -0.004371933173388243, -0.0002267768868478015, 3.5681492590811104e-05, 0.024148419499397278, 0.019831307232379913, -0.014774118550121784, 0.043362997472286224, 0.009737486951053143, 0.026245303452014923, -0.019488679245114326, -0.02454586885869503, -0.008120282553136349, -0.024299176409840584, 0.012848548591136932, -0.028122903779149055, -0.022613447159528732, -0.003006560495123267, 0.017981115728616714, 0.019831307232379913, 0.013383048586547375, 0.019845012575387955, 0.012307196855545044, -0.0018553304253146052, 0.002804409945383668, -0.009860833175480366, 0.004495278932154179, -0.01524009183049202, 0.030973568558692932, 0.01208791509270668, -0.008120282553136349, 0.018255218863487244, -0.017241040244698524, 0.0014998539118096232, 0.010203461162745953, 0.018529320135712624, -0.02425806038081646, 0.018817128613591194, -0.008442353457212448, 0.03160400316119194, 0.00010123586253030226, -0.0072500077076256275, -0.004957826808094978, -0.030699467286467552, 0.0016034989384934306, -0.008613667450845242, 0.03281005471944809, -0.008421795442700386, 0.07186964154243469, 0.014184798114001751, -0.007866738364100456, -0.008634224534034729, 0.012807433493435383, 0.03217962011694908, 0.021448511630296707, -0.005283323582261801, -0.014253323897719383, -0.01301301084458828, -0.00425201328471303, -0.001221468672156334, -0.0030408231541514397, -0.01932421699166298, -0.013280260376632214, -0.020132819190621376, 0.010861306451261044, 0.011423216201364994, -0.00814084056764841, -0.013807907700538635, 0.0220241267234087, 0.0183237437158823, 0.01915975660085678, 0.010806486010551453, -0.028013262897729874, -0.015678655356168747, 0.021064767614006996, 0.004594641271978617, 0.014280733652412891, -0.021448511630296707, 0.0095250578597188, -0.010271986946463585, -0.02220229245722294, -0.009881391189992428, -0.002261344576254487, 0.012286638841032982, -0.01161508820950985, 0.014513720758259296, 0.03598964214324951, 0.018940474838018417, -0.016802476719021797, 0.04330817610025406, -0.00851087924093008, -0.0077708023600280285, 0.009984179399907589, -0.016898412257432938, 0.0007966100238263607, -0.014184798114001751, -0.0006582739879377186], 'properties': {'_node_content': '{"id_": "b49755c7-3808-4d96-ac05-8c97f3516977", "embedding": null, "metadata": {}, "excluded_embed_metadata_keys": [], "excluded_llm_metadata_keys": [], "relationships": {"1": {"node_id": "7e144518-b794-4967-bd3c-94f0900b2c4b", "node_type": "4", "metadata": {}, "hash": "b510e9a097d7a6e32ce8795d7cbf1c57c7a2c276a5cd4bb80483ef4eacd48ba9", "class_name": "RelatedNodeInfo"}}, "metadata_template": "{key}: {value}", "metadata_separator": "\\n", "text": "", "mimetype": "text/plain", "start_char_idx": 0, "end_char_idx": 43, "metadata_seperator": "\\n", "text_template": "{metadata_str}\\n\\n{content}", "class_name": "TextNode"}', '_node_type': 'TextNode', 'document_id': '7e144518-b794-4967-bd3c-94f0900b2c4b', 'doc_id': '7e144518-b794-4967-bd3c-94f0900b2c4b', 'ref_doc_id': '7e144518-b794-4967-bd3c-94f0900b2c4b'}, 'text': 'Taro works at ACME. ACME is based in Tokyo.', 'id_': 'b49755c7-3808-4d96-ac05-8c97f3516977', 'id': 'b49755c7-3808-4d96-ac05-8c97f3516977'}]} {}
2025-09-29 16:12:22,039 DEBUG neo4j.io: [#CA09]  C: PULL {'n': 1000}
2025-09-29 16:12:22,040 DEBUG neo4j.io: [#CA09]  S: SUCCESS {}
2025-09-29 16:12:22,040 DEBUG neo4j.io: [#CA09]  _: <CONNECTION> server state: READY > TX_READY_OR_TX_STREAMING
2025-09-29 16:12:22,045 DEBUG neo4j.io: [#CA09]  S: SUCCESS {'t_first': 5, 'fields': ['count(*)'], 'qid': 0}
2025-09-29 16:12:22,053 DEBUG neo4j.io: [#CA09]  S: RECORD * 1
2025-09-29 16:12:22,054 DEBUG neo4j.io: [#CA09]  S: SUCCESS {'stats': {'contains-updates': True, 'labels-added': 2, 'nodes-created': 1, 'properties-set': 7}, 'statuses': [{'gql_status': '00000', 'status_description': 'note: successful completion'}], 'type': 'rw', 't_last': 7, 'db': 'demo'}
2025-09-29 16:12:22,054 DEBUG neo4j.io: [#CA09]  C: COMMIT
2025-09-29 16:12:22,054 DEBUG neo4j.io: [#CA09]  _: <CONNECTION> client state: TX_READY_OR_TX_STREAMING > READY
2025-09-29 16:12:22,060 DEBUG neo4j.io: [#CA09]  S: SUCCESS {'bookmark': 'FB:kcwQzLoRLE7LTq2NdyMZ91NVySiQ'}
2025-09-29 16:12:22,062 DEBUG neo4j.io: [#CA09]  _: <CONNECTION> server state: TX_READY_OR_TX_STREAMING > READY
2025-09-29 16:12:22,062 DEBUG neo4j.pool: [#CA09]  _: <POOL> released bolt-57181
2025-09-29 16:12:22,062 DEBUG neo4j: [#0000]  _: <WORKSPACE> routing towards fixed database: demo
2025-09-29 16:12:22,062 DEBUG neo4j: [#0000]  _: <WORKSPACE> pinning database: 'demo'
2025-09-29 16:12:22,062 DEBUG neo4j.pool: [#0000]  _: <POOL> acquire direct connection, access_mode='WRITE', database=AcquisitionDatabase(name='demo', guessed=False)
2025-09-29 16:12:22,062 DEBUG neo4j.pool: [#CA09]  _: <POOL> picked existing connection bolt-57181
2025-09-29 16:12:22,062 DEBUG neo4j.pool: [#CA09]  _: <POOL> checked re_auth auth=None updated=False force=False
2025-09-29 16:12:22,062 DEBUG neo4j.pool: [#CA09]  _: <POOL> handing out existing connection
2025-09-29 16:12:22,062 DEBUG neo4j.io: [#CA09]  C: BEGIN {'db': 'demo', 'bookmarks': ['FB:kcwQzLoRLE7LTq2NdyMZ91NVySiQ']}
2025-09-29 16:12:22,062 DEBUG neo4j.io: [#CA09]  _: <CONNECTION> client state: READY > TX_READY_OR_TX_STREAMING
2025-09-29 16:12:22,062 DEBUG neo4j.io: [#CA09]  C: RUN '\n                UNWIND $data AS row\n                MERGE (source: __Node__ {id: row.source_id})\n                ON CREATE SET source:Chunk\n                MERGE (target: __Node__ {id: row.target_id})\n                ON CREATE SET target:Chunk\n                WITH source, target, row\n                CALL apoc.merge.relationship(source, row.label, {}, row.properties, target) YIELD rel\n                RETURN count(*)\n                ' {'data': [{'label': 'Works at', 'source_id': 'Taro', 'target_id': 'Acme', 'properties': {'triplet_source_id': 'b49755c7-3808-4d96-ac05-8c97f3516977'}}, {'label': 'Is based in', 'source_id': 'Acme', 'target_id': 'Tokyo', 'properties': {'triplet_source_id': 'b49755c7-3808-4d96-ac05-8c97f3516977'}}, {'label': 'SOURCE', 'source_id': 'b49755c7-3808-4d96-ac05-8c97f3516977', 'target_id': '7e144518-b794-4967-bd3c-94f0900b2c4b', 'properties': {'triplet_source_id': 'b49755c7-3808-4d96-ac05-8c97f3516977'}}]} {}
2025-09-29 16:12:22,062 DEBUG neo4j.io: [#CA09]  C: PULL {'n': 1000}
2025-09-29 16:12:22,064 DEBUG neo4j.io: [#CA09]  S: SUCCESS {}
2025-09-29 16:12:22,064 DEBUG neo4j.io: [#CA09]  _: <CONNECTION> server state: READY > TX_READY_OR_TX_STREAMING
2025-09-29 16:12:22,066 DEBUG neo4j.io: [#CA09]  S: SUCCESS {'t_first': 1, 'fields': ['count(*)'], 'qid': 0}
2025-09-29 16:12:22,074 DEBUG neo4j.io: [#CA09]  S: RECORD * 1
2025-09-29 16:12:22,074 DEBUG neo4j.io: [#CA09]  S: SUCCESS {'stats': {'contains-updates': True, 'labels-added': 2, 'nodes-created': 1, 'properties-set': 1}, 'statuses': [{'gql_status': '00000', 'status_description': 'note: successful completion'}], 'type': 'rw', 't_last': 7, 'db': 'demo'}
2025-09-29 16:12:22,074 DEBUG neo4j.io: [#CA09]  C: COMMIT
2025-09-29 16:12:22,074 DEBUG neo4j.io: [#CA09]  _: <CONNECTION> client state: TX_READY_OR_TX_STREAMING > READY
2025-09-29 16:12:22,080 DEBUG neo4j.io: [#CA09]  S: SUCCESS {'bookmark': 'FB:kcwQzLoRLE7LTq2NdyMZ91NVySmQ'}
2025-09-29 16:12:22,080 DEBUG neo4j.io: [#CA09]  _: <CONNECTION> server state: TX_READY_OR_TX_STREAMING > READY
2025-09-29 16:12:22,080 DEBUG neo4j.pool: [#CA09]  _: <POOL> released bolt-57181
2025-09-29 16:12:22,080 DEBUG neo4j: [#0000]  _: <WORKSPACE> routing towards fixed database: demo
2025-09-29 16:12:22,080 DEBUG neo4j: [#0000]  _: <WORKSPACE> pinning database: 'demo'
2025-09-29 16:12:22,080 DEBUG neo4j.pool: [#0000]  _: <POOL> acquire direct connection, access_mode='WRITE', database=AcquisitionDatabase(name='demo', guessed=False)
2025-09-29 16:12:22,080 DEBUG neo4j.pool: [#CA09]  _: <POOL> picked existing connection bolt-57181
2025-09-29 16:12:22,080 DEBUG neo4j.pool: [#CA09]  _: <POOL> checked re_auth auth=None updated=False force=False
2025-09-29 16:12:22,080 DEBUG neo4j.pool: [#CA09]  _: <POOL> handing out existing connection
2025-09-29 16:12:22,080 DEBUG neo4j.io: [#CA09]  C: BEGIN {'db': 'demo', 'bookmarks': ['FB:kcwQzLoRLE7LTq2NdyMZ91NVySmQ']}
2025-09-29 16:12:22,080 DEBUG neo4j.io: [#CA09]  _: <CONNECTION> client state: READY > TX_READY_OR_TX_STREAMING
2025-09-29 16:12:22,080 DEBUG neo4j.io: [#CA09]  C: RUN '\nCALL apoc.meta.data()\nYIELD label, other, elementType, type, property\nWHERE NOT type = "RELATIONSHIP" AND elementType = "node"\n  AND NOT label IN $EXCLUDED_LABELS\nWITH label AS nodeLabels, collect({property:property, type:type}) AS properties\nRETURN {labels: nodeLabels, properties: properties} AS output\n\n' {'EXCLUDED_LABELS': ['_Bloom_Perspective_', '_Bloom_Scene_', '__Entity__', '__Node__']} {}
2025-09-29 16:12:22,080 DEBUG neo4j.io: [#CA09]  C: PULL {'n': 1000}
2025-09-29 16:12:22,082 DEBUG neo4j.io: [#CA09]  S: SUCCESS {}
2025-09-29 16:12:22,082 DEBUG neo4j.io: [#CA09]  _: <CONNECTION> server state: READY > TX_READY_OR_TX_STREAMING
2025-09-29 16:12:22,083 DEBUG neo4j.io: [#CA09]  S: SUCCESS {'t_first': 1, 'fields': ['output'], 'qid': 0}
2025-09-29 16:12:22,089 DEBUG neo4j.io: [#CA09]  S: RECORD * 1
2025-09-29 16:12:22,089 DEBUG neo4j.io: [#CA09]  S: RECORD * 1
2025-09-29 16:12:22,089 DEBUG neo4j.io: [#CA09]  S: SUCCESS {'statuses': [{'gql_status': '00000', 'status_description': 'note: successful completion'}], 'type': 'r', 't_last': 5, 'db': 'demo'}
2025-09-29 16:12:22,090 DEBUG neo4j.io: [#CA09]  C: COMMIT
2025-09-29 16:12:22,090 DEBUG neo4j.io: [#CA09]  _: <CONNECTION> client state: TX_READY_OR_TX_STREAMING > READY
2025-09-29 16:12:22,090 DEBUG neo4j.io: [#CA09]  S: SUCCESS {'bookmark': 'FB:kcwQzLoRLE7LTq2NdyMZ91NVySmQ'}
2025-09-29 16:12:22,090 DEBUG neo4j.io: [#CA09]  _: <CONNECTION> server state: TX_READY_OR_TX_STREAMING > READY
2025-09-29 16:12:22,090 DEBUG neo4j.pool: [#CA09]  _: <POOL> released bolt-57181
2025-09-29 16:12:22,090 DEBUG neo4j: [#0000]  _: <WORKSPACE> routing towards fixed database: demo
2025-09-29 16:12:22,090 DEBUG neo4j: [#0000]  _: <WORKSPACE> pinning database: 'demo'
2025-09-29 16:12:22,090 DEBUG neo4j.pool: [#0000]  _: <POOL> acquire direct connection, access_mode='WRITE', database=AcquisitionDatabase(name='demo', guessed=False)
2025-09-29 16:12:22,090 DEBUG neo4j.pool: [#CA09]  _: <POOL> picked existing connection bolt-57181
2025-09-29 16:12:22,092 DEBUG neo4j.pool: [#CA09]  _: <POOL> checked re_auth auth=None updated=False force=False
2025-09-29 16:12:22,092 DEBUG neo4j.pool: [#CA09]  _: <POOL> handing out existing connection
2025-09-29 16:12:22,092 DEBUG neo4j.io: [#CA09]  C: BEGIN {'db': 'demo', 'bookmarks': ['FB:kcwQzLoRLE7LTq2NdyMZ91NVySmQ']}
2025-09-29 16:12:22,092 DEBUG neo4j.io: [#CA09]  _: <CONNECTION> client state: READY > TX_READY_OR_TX_STREAMING
2025-09-29 16:12:22,092 DEBUG neo4j.io: [#CA09]  C: RUN '\nCALL apoc.meta.data()\nYIELD label, other, elementType, type, property\nWHERE NOT type = "RELATIONSHIP" AND elementType = "relationship"\n      AND NOT label in $EXCLUDED_LABELS\nWITH label AS nodeLabels, collect({property:property, type:type}) AS properties\nRETURN {type: nodeLabels, properties: properties} AS output\n' {'EXCLUDED_LABELS': ['_Bloom_HAS_SCENE_']} {}
2025-09-29 16:12:22,092 DEBUG neo4j.io: [#CA09]  C: PULL {'n': 1000}
2025-09-29 16:12:22,093 DEBUG neo4j.io: [#CA09]  S: SUCCESS {}
2025-09-29 16:12:22,093 DEBUG neo4j.io: [#CA09]  _: <CONNECTION> server state: READY > TX_READY_OR_TX_STREAMING
2025-09-29 16:12:22,094 DEBUG neo4j.io: [#CA09]  S: SUCCESS {'t_first': 0, 'fields': ['output'], 'qid': 0}
2025-09-29 16:12:22,099 DEBUG neo4j.io: [#CA09]  S: RECORD * 1
2025-09-29 16:12:22,100 DEBUG neo4j.io: [#CA09]  S: RECORD * 1
2025-09-29 16:12:22,100 DEBUG neo4j.io: [#CA09]  S: RECORD * 1
2025-09-29 16:12:22,100 DEBUG neo4j.io: [#CA09]  S: SUCCESS {'statuses': [{'gql_status': '00000', 'status_description': 'note: successful completion'}], 'type': 'r', 't_last': 5, 'db': 'demo'}
2025-09-29 16:12:22,100 DEBUG neo4j.io: [#CA09]  C: COMMIT
2025-09-29 16:12:22,100 DEBUG neo4j.io: [#CA09]  _: <CONNECTION> client state: TX_READY_OR_TX_STREAMING > READY
2025-09-29 16:12:22,100 DEBUG neo4j.io: [#CA09]  S: SUCCESS {'bookmark': 'FB:kcwQzLoRLE7LTq2NdyMZ91NVySmQ'}
2025-09-29 16:12:22,100 DEBUG neo4j.io: [#CA09]  _: <CONNECTION> server state: TX_READY_OR_TX_STREAMING > READY
2025-09-29 16:12:22,100 DEBUG neo4j.pool: [#CA09]  _: <POOL> released bolt-57181
2025-09-29 16:12:22,100 DEBUG neo4j: [#0000]  _: <WORKSPACE> routing towards fixed database: demo
2025-09-29 16:12:22,100 DEBUG neo4j: [#0000]  _: <WORKSPACE> pinning database: 'demo'
2025-09-29 16:12:22,100 DEBUG neo4j.pool: [#0000]  _: <POOL> acquire direct connection, access_mode='WRITE', database=AcquisitionDatabase(name='demo', guessed=False)
2025-09-29 16:12:22,100 DEBUG neo4j.pool: [#CA09]  _: <POOL> picked existing connection bolt-57181
2025-09-29 16:12:22,100 DEBUG neo4j.pool: [#CA09]  _: <POOL> checked re_auth auth=None updated=False force=False
2025-09-29 16:12:22,102 DEBUG neo4j.pool: [#CA09]  _: <POOL> handing out existing connection
2025-09-29 16:12:22,102 DEBUG neo4j.io: [#CA09]  C: BEGIN {'db': 'demo', 'bookmarks': ['FB:kcwQzLoRLE7LTq2NdyMZ91NVySmQ']}
2025-09-29 16:12:22,102 DEBUG neo4j.io: [#CA09]  _: <CONNECTION> client state: READY > TX_READY_OR_TX_STREAMING
2025-09-29 16:12:22,102 DEBUG neo4j.io: [#CA09]  C: RUN '\nCALL apoc.meta.data()\nYIELD label, other, elementType, type, property\nWHERE type = "RELATIONSHIP" AND elementType = "node"\nUNWIND other AS other_node\nWITH * WHERE NOT label IN $EXCLUDED_LABELS\n    AND NOT other_node IN $EXCLUDED_LABELS\nRETURN {start: label, type: property, end: toString(other_node)} AS output\n' {'EXCLUDED_LABELS': ['_Bloom_Perspective_', '_Bloom_Scene_', '__Entity__', '__Node__']} {}
2025-09-29 16:12:22,102 DEBUG neo4j.io: [#CA09]  C: PULL {'n': 1000}
2025-09-29 16:12:22,103 DEBUG neo4j.io: [#CA09]  S: SUCCESS {}
2025-09-29 16:12:22,103 DEBUG neo4j.io: [#CA09]  _: <CONNECTION> server state: READY > TX_READY_OR_TX_STREAMING
2025-09-29 16:12:22,104 DEBUG neo4j.io: [#CA09]  S: SUCCESS {'t_first': 1, 'fields': ['output'], 'qid': 0}
2025-09-29 16:12:22,110 DEBUG neo4j.io: [#CA09]  S: RECORD * 1
2025-09-29 16:12:22,110 DEBUG neo4j.io: [#CA09]  S: RECORD * 1
2025-09-29 16:12:22,110 DEBUG neo4j.io: [#CA09]  S: RECORD * 1
2025-09-29 16:12:22,110 DEBUG neo4j.io: [#CA09]  S: RECORD * 1
2025-09-29 16:12:22,110 DEBUG neo4j.io: [#CA09]  S: SUCCESS {'statuses': [{'gql_status': '00000', 'status_description': 'note: successful completion'}], 'type': 'r', 't_last': 6, 'db': 'demo'}
2025-09-29 16:12:22,110 DEBUG neo4j.io: [#CA09]  C: COMMIT
2025-09-29 16:12:22,110 DEBUG neo4j.io: [#CA09]  _: <CONNECTION> client state: TX_READY_OR_TX_STREAMING > READY
2025-09-29 16:12:22,112 DEBUG neo4j.io: [#CA09]  S: SUCCESS {'bookmark': 'FB:kcwQzLoRLE7LTq2NdyMZ91NVySmQ'}
2025-09-29 16:12:22,112 DEBUG neo4j.io: [#CA09]  _: <CONNECTION> server state: TX_READY_OR_TX_STREAMING > READY
2025-09-29 16:12:22,112 DEBUG neo4j.pool: [#CA09]  _: <POOL> released bolt-57181
2025-09-29 16:12:22,112 DEBUG neo4j: [#0000]  _: <WORKSPACE> routing towards fixed database: demo
2025-09-29 16:12:22,112 DEBUG neo4j: [#0000]  _: <WORKSPACE> pinning database: 'demo'
2025-09-29 16:12:22,112 DEBUG neo4j.pool: [#0000]  _: <POOL> acquire direct connection, access_mode='WRITE', database=AcquisitionDatabase(name='demo', guessed=False)
2025-09-29 16:12:22,112 DEBUG neo4j.pool: [#CA09]  _: <POOL> picked existing connection bolt-57181
2025-09-29 16:12:22,112 DEBUG neo4j.pool: [#CA09]  _: <POOL> checked re_auth auth=None updated=False force=False
2025-09-29 16:12:22,112 DEBUG neo4j.pool: [#CA09]  _: <POOL> handing out existing connection
2025-09-29 16:12:22,112 DEBUG neo4j.io: [#CA09]  C: BEGIN {'db': 'demo', 'bookmarks': ['FB:kcwQzLoRLE7LTq2NdyMZ91NVySmQ']}
2025-09-29 16:12:22,113 DEBUG neo4j.io: [#CA09]  _: <CONNECTION> client state: READY > TX_READY_OR_TX_STREAMING
2025-09-29 16:12:22,113 DEBUG neo4j.io: [#CA09]  C: RUN 'SHOW CONSTRAINTS' {} {}
2025-09-29 16:12:22,113 DEBUG neo4j.io: [#CA09]  C: PULL {'n': 1000}
2025-09-29 16:12:22,115 DEBUG neo4j.io: [#CA09]  S: SUCCESS {}
2025-09-29 16:12:22,115 DEBUG neo4j.io: [#CA09]  _: <CONNECTION> server state: READY > TX_READY_OR_TX_STREAMING
2025-09-29 16:12:22,115 DEBUG neo4j.io: [#CA09]  S: SUCCESS {'t_first': 1, 'fields': ['id', 'name', 'type', 'entityType', 'labelsOrTypes', 'properties', 'ownedIndex', 'propertyType'], 'qid': 0}
2025-09-29 16:12:22,118 DEBUG neo4j.io: [#CA09]  S: RECORD * 1
2025-09-29 16:12:22,118 DEBUG neo4j.io: [#CA09]  S: RECORD * 1
2025-09-29 16:12:22,118 DEBUG neo4j.io: [#CA09]  S: SUCCESS {'statuses': [{'gql_status': '00000', 'status_description': 'note: successful completion'}], 'type': 'r', 't_last': 2, 'db': 'demo'}
2025-09-29 16:12:22,118 DEBUG neo4j.io: [#CA09]  C: COMMIT
2025-09-29 16:12:22,118 DEBUG neo4j.io: [#CA09]  _: <CONNECTION> client state: TX_READY_OR_TX_STREAMING > READY
2025-09-29 16:12:22,118 DEBUG neo4j.io: [#CA09]  S: SUCCESS {'bookmark': 'FB:kcwQzLoRLE7LTq2NdyMZ91NVySmQ'}
2025-09-29 16:12:22,119 DEBUG neo4j.io: [#CA09]  _: <CONNECTION> server state: TX_READY_OR_TX_STREAMING > READY
2025-09-29 16:12:22,119 DEBUG neo4j.pool: [#CA09]  _: <POOL> released bolt-57181
2025-09-29 16:12:22,119 DEBUG neo4j: [#0000]  _: <WORKSPACE> routing towards fixed database: demo
2025-09-29 16:12:22,119 DEBUG neo4j: [#0000]  _: <WORKSPACE> pinning database: 'demo'
2025-09-29 16:12:22,119 DEBUG neo4j.pool: [#0000]  _: <POOL> acquire direct connection, access_mode='WRITE', database=AcquisitionDatabase(name='demo', guessed=False)
2025-09-29 16:12:22,119 DEBUG neo4j.pool: [#CA09]  _: <POOL> picked existing connection bolt-57181
2025-09-29 16:12:22,119 DEBUG neo4j.pool: [#CA09]  _: <POOL> checked re_auth auth=None updated=False force=False
2025-09-29 16:12:22,119 DEBUG neo4j.pool: [#CA09]  _: <POOL> handing out existing connection
2025-09-29 16:12:22,119 DEBUG neo4j.io: [#CA09]  C: BEGIN {'db': 'demo', 'bookmarks': ['FB:kcwQzLoRLE7LTq2NdyMZ91NVySmQ']}
2025-09-29 16:12:22,119 DEBUG neo4j.io: [#CA09]  _: <CONNECTION> client state: READY > TX_READY_OR_TX_STREAMING
2025-09-29 16:12:22,119 DEBUG neo4j.io: [#CA09]  C: RUN "CALL apoc.schema.nodes() YIELD label, properties, type, size, valuesSelectivity WHERE type = 'RANGE' RETURN *, size * valuesSelectivity as distinctValues" {} {}
2025-09-29 16:12:22,119 DEBUG neo4j.io: [#CA09]  C: PULL {'n': 1000}
2025-09-29 16:12:22,120 DEBUG neo4j.io: [#CA09]  S: SUCCESS {}
2025-09-29 16:12:22,120 DEBUG neo4j.io: [#CA09]  _: <CONNECTION> server state: READY > TX_READY_OR_TX_STREAMING
2025-09-29 16:12:22,120 DEBUG neo4j.io: [#CA09]  S: SUCCESS {'t_first': 0, 'fields': ['label', 'properties', 'size', 'type', 'valuesSelectivity', 'distinctValues'], 'qid': 0}
2025-09-29 16:12:22,123 DEBUG neo4j.io: [#CA09]  S: RECORD * 1
2025-09-29 16:12:22,123 DEBUG neo4j.io: [#CA09]  S: RECORD * 1
2025-09-29 16:12:22,123 DEBUG neo4j.io: [#CA09]  S: SUCCESS {'statuses': [{'gql_status': '00000', 'status_description': 'note: successful completion'}], 'type': 'rw', 't_last': 2, 'db': 'demo'}
2025-09-29 16:12:22,123 DEBUG neo4j.io: [#CA09]  C: COMMIT
2025-09-29 16:12:22,123 DEBUG neo4j.io: [#CA09]  _: <CONNECTION> client state: TX_READY_OR_TX_STREAMING > READY
2025-09-29 16:12:22,124 DEBUG neo4j.io: [#CA09]  S: SUCCESS {'bookmark': 'FB:kcwQzLoRLE7LTq2NdyMZ91NVySmQ'}
2025-09-29 16:12:22,125 DEBUG neo4j.io: [#CA09]  _: <CONNECTION> server state: TX_READY_OR_TX_STREAMING > READY
2025-09-29 16:12:22,125 DEBUG neo4j.pool: [#CA09]  _: <POOL> released bolt-57181
2025-09-29 16:12:22,125 DEBUG neo4j: [#0000]  _: <WORKSPACE> routing towards fixed database: demo
2025-09-29 16:12:22,125 DEBUG neo4j: [#0000]  _: <WORKSPACE> pinning database: 'demo'
2025-09-29 16:12:22,125 DEBUG neo4j.pool: [#0000]  _: <POOL> acquire direct connection, access_mode='WRITE', database=AcquisitionDatabase(name='demo', guessed=False)
2025-09-29 16:12:22,125 DEBUG neo4j.pool: [#CA09]  _: <POOL> picked existing connection bolt-57181
2025-09-29 16:12:22,126 DEBUG neo4j.pool: [#CA09]  _: <POOL> checked re_auth auth=None updated=False force=False
2025-09-29 16:12:22,126 DEBUG neo4j.pool: [#CA09]  _: <POOL> handing out existing connection
2025-09-29 16:12:22,126 DEBUG neo4j.io: [#CA09]  C: BEGIN {'db': 'demo', 'bookmarks': ['FB:kcwQzLoRLE7LTq2NdyMZ91NVySmQ']}
2025-09-29 16:12:22,126 DEBUG neo4j.io: [#CA09]  _: <CONNECTION> client state: READY > TX_READY_OR_TX_STREAMING
2025-09-29 16:12:22,126 DEBUG neo4j.io: [#CA09]  C: RUN "CALL apoc.meta.subGraph({}) YIELD nodes, relationships RETURN nodes, [rel in relationships | {name:apoc.any.property(rel, 'type'), count: apoc.any.property(rel, 'count')}] AS relationships" {} {}
2025-09-29 16:12:22,126 DEBUG neo4j.io: [#CA09]  C: PULL {'n': 1000}
2025-09-29 16:12:22,126 DEBUG neo4j.io: [#CA09]  S: SUCCESS {}
2025-09-29 16:12:22,126 DEBUG neo4j.io: [#CA09]  _: <CONNECTION> server state: READY > TX_READY_OR_TX_STREAMING
2025-09-29 16:12:22,127 DEBUG neo4j.io: [#CA09]  S: SUCCESS {'t_first': 1, 'fields': ['nodes', 'relationships'], 'qid': 0}
2025-09-29 16:12:22,132 DEBUG neo4j.io: [#CA09]  S: RECORD * 1
2025-09-29 16:12:22,132 DEBUG neo4j.io: [#CA09]  S: SUCCESS {'statuses': [{'gql_status': '00000', 'status_description': 'note: successful completion'}], 'type': 'r', 't_last': 3, 'db': 'demo'}
2025-09-29 16:12:22,132 DEBUG neo4j.io: [#CA09]  C: COMMIT
2025-09-29 16:12:22,132 DEBUG neo4j.io: [#CA09]  _: <CONNECTION> client state: TX_READY_OR_TX_STREAMING > READY
2025-09-29 16:12:22,132 DEBUG neo4j.io: [#CA09]  S: SUCCESS {'bookmark': 'FB:kcwQzLoRLE7LTq2NdyMZ91NVySmQ'}
2025-09-29 16:12:22,133 DEBUG neo4j.io: [#CA09]  _: <CONNECTION> server state: TX_READY_OR_TX_STREAMING > READY
2025-09-29 16:12:22,133 DEBUG neo4j.pool: [#CA09]  _: <POOL> released bolt-57181
2025-09-29 16:12:22,133 DEBUG neo4j: [#0000]  _: <WORKSPACE> routing towards fixed database: demo
2025-09-29 16:12:22,133 DEBUG neo4j: [#0000]  _: <WORKSPACE> pinning database: 'demo'
2025-09-29 16:12:22,133 DEBUG neo4j.pool: [#0000]  _: <POOL> acquire direct connection, access_mode='WRITE', database=AcquisitionDatabase(name='demo', guessed=False)
2025-09-29 16:12:22,133 DEBUG neo4j.pool: [#CA09]  _: <POOL> picked existing connection bolt-57181
2025-09-29 16:12:22,133 DEBUG neo4j.pool: [#CA09]  _: <POOL> checked re_auth auth=None updated=False force=False
2025-09-29 16:12:22,133 DEBUG neo4j.pool: [#CA09]  _: <POOL> handing out existing connection
2025-09-29 16:12:22,133 DEBUG neo4j.io: [#CA09]  C: BEGIN {'db': 'demo', 'bookmarks': ['FB:kcwQzLoRLE7LTq2NdyMZ91NVySmQ']}
2025-09-29 16:12:22,133 DEBUG neo4j.io: [#CA09]  _: <CONNECTION> client state: READY > TX_READY_OR_TX_STREAMING
2025-09-29 16:12:22,133 DEBUG neo4j.io: [#CA09]  C: RUN "MATCH (n:`Chunk`)\nWITH collect(distinct substring(toString(coalesce(n.`id`, '')), 0, 52)) AS `id_values`,\n     min(size(coalesce(n.`embedding`, []))) AS `embedding_size_min`, max(size(coalesce(n.`embedding`, []))) AS `embedding_size_max`, collect(n.`embedding`)[0][..3] AS `embedding_values`,\n     collect(distinct substring(toString(coalesce(n.`text`, '')), 0, 52)) AS `text_values`,\n     collect(distinct substring(toString(coalesce(n.`document_id`, '')), 0, 52)) AS `document_id_values`,\n     collect(distinct substring(toString(coalesce(n.`ref_doc_id`, '')), 0, 52)) AS `ref_doc_id_values`,\n     collect(distinct substring(toString(coalesce(n.`_node_type`, '')), 0, 52)) AS `_node_type_values`,\n     collect(distinct substring(toString(coalesce(n.`doc_id`, '')), 0, 52)) AS `doc_id_values`,\n     collect(distinct substring(toString(coalesce(n.`_node_content`, '')), 0, 52)) AS `_node_content_values`\nRETURN {`id`: {values:`id_values`[..10], distinct_count: size(`id_values`)}, `embedding`: {min_size: `embedding_size_min`, max_size: `embedding_size_max`, values:`embedding_values`}, `text`: {values:`text_values`[..10], distinct_count: size(`text_values`)}, `document_id`: {values:`document_id_values`[..10], distinct_count: size(`document_id_values`)}, `ref_doc_id`: {values:`ref_doc_id_values`[..10], distinct_count: size(`ref_doc_id_values`)}, `_node_type`: {values:`_node_type_values`[..10], distinct_count: size(`_node_type_values`)}, `doc_id`: {values:`doc_id_values`[..10], distinct_count: size(`doc_id_values`)}, `_node_content`: {values:`_node_content_values`[..10], distinct_count: size(`_node_content_values`)}} AS output" {} {}
2025-09-29 16:12:22,133 DEBUG neo4j.io: [#CA09]  C: PULL {'n': 1000}
2025-09-29 16:12:22,134 DEBUG neo4j.io: [#CA09]  S: SUCCESS {}
2025-09-29 16:12:22,134 DEBUG neo4j.io: [#CA09]  _: <CONNECTION> server state: READY > TX_READY_OR_TX_STREAMING
2025-09-29 16:12:22,135 DEBUG neo4j.io: [#CA09]  S: SUCCESS {'t_first': 0, 'fields': ['output'], 'qid': 0}
2025-09-29 16:12:22,138 DEBUG neo4j.io: [#CA09]  S: RECORD * 1
2025-09-29 16:12:22,138 DEBUG neo4j.io: [#CA09]  S: SUCCESS {'statuses': [{'gql_status': '00000', 'status_description': 'note: successful completion'}], 'type': 'r', 't_last': 2, 'db': 'demo'}
2025-09-29 16:12:22,139 DEBUG neo4j.io: [#CA09]  C: COMMIT
2025-09-29 16:12:22,139 DEBUG neo4j.io: [#CA09]  _: <CONNECTION> client state: TX_READY_OR_TX_STREAMING > READY
2025-09-29 16:12:22,140 DEBUG neo4j.io: [#CA09]  S: SUCCESS {'bookmark': 'FB:kcwQzLoRLE7LTq2NdyMZ91NVySmQ'}
2025-09-29 16:12:22,140 DEBUG neo4j.io: [#CA09]  _: <CONNECTION> server state: TX_READY_OR_TX_STREAMING > READY
2025-09-29 16:12:22,140 DEBUG neo4j.pool: [#CA09]  _: <POOL> released bolt-57181
2025-09-29 16:12:22,140 DEBUG neo4j: [#0000]  _: <WORKSPACE> routing towards fixed database: demo
2025-09-29 16:12:22,140 DEBUG neo4j: [#0000]  _: <WORKSPACE> pinning database: 'demo'
2025-09-29 16:12:22,140 DEBUG neo4j.pool: [#0000]  _: <POOL> acquire direct connection, access_mode='WRITE', database=AcquisitionDatabase(name='demo', guessed=False)
2025-09-29 16:12:22,140 DEBUG neo4j.pool: [#CA09]  _: <POOL> picked existing connection bolt-57181
2025-09-29 16:12:22,140 DEBUG neo4j.pool: [#CA09]  _: <POOL> checked re_auth auth=None updated=False force=False
2025-09-29 16:12:22,142 DEBUG neo4j.pool: [#CA09]  _: <POOL> handing out existing connection
2025-09-29 16:12:22,142 DEBUG neo4j.io: [#CA09]  C: BEGIN {'db': 'demo', 'bookmarks': ['FB:kcwQzLoRLE7LTq2NdyMZ91NVySmQ']}
2025-09-29 16:12:22,142 DEBUG neo4j.io: [#CA09]  _: <CONNECTION> client state: READY > TX_READY_OR_TX_STREAMING
2025-09-29 16:12:22,142 DEBUG neo4j.io: [#CA09]  C: RUN "MATCH (n:`entity`)\nWITH collect(distinct substring(toString(coalesce(n.`id`, '')), 0, 52)) AS `id_values`,\n     min(size(coalesce(n.`embedding`, []))) AS `embedding_size_min`, max(size(coalesce(n.`embedding`, []))) AS `embedding_size_max`, collect(n.`embedding`)[0][..3] AS `embedding_values`,\n     collect(distinct substring(toString(coalesce(n.`triplet_source_id`, '')), 0, 52)) AS `triplet_source_id_values`,\n     collect(distinct substring(toString(coalesce(n.`name`, '')), 0, 52)) AS `name_values`\nRETURN {`id`: {values:`id_values`[..10], distinct_count: size(`id_values`)}, `embedding`: {min_size: `embedding_size_min`, max_size: `embedding_size_max`, values:`embedding_values`}, `triplet_source_id`: {values:`triplet_source_id_values`[..10], distinct_count: size(`triplet_source_id_values`)}, `name`: {values:`name_values`[..10], distinct_count: size(`name_values`)}} AS output" {} {}
2025-09-29 16:12:22,142 DEBUG neo4j.io: [#CA09]  C: PULL {'n': 1000}
2025-09-29 16:12:22,143 DEBUG neo4j.io: [#CA09]  S: SUCCESS {}
2025-09-29 16:12:22,143 DEBUG neo4j.io: [#CA09]  _: <CONNECTION> server state: READY > TX_READY_OR_TX_STREAMING
2025-09-29 16:12:22,144 DEBUG neo4j.io: [#CA09]  S: SUCCESS {'t_first': 1, 'fields': ['output'], 'qid': 0}
2025-09-29 16:12:22,146 DEBUG neo4j.io: [#CA09]  S: RECORD * 1
2025-09-29 16:12:22,146 DEBUG neo4j.io: [#CA09]  S: SUCCESS {'statuses': [{'gql_status': '00000', 'status_description': 'note: successful completion'}], 'type': 'r', 't_last': 1, 'db': 'demo'}
2025-09-29 16:12:22,146 DEBUG neo4j.io: [#CA09]  C: COMMIT
2025-09-29 16:12:22,146 DEBUG neo4j.io: [#CA09]  _: <CONNECTION> client state: TX_READY_OR_TX_STREAMING > READY
2025-09-29 16:12:22,146 DEBUG neo4j.io: [#CA09]  S: SUCCESS {'bookmark': 'FB:kcwQzLoRLE7LTq2NdyMZ91NVySmQ'}
2025-09-29 16:12:22,146 DEBUG neo4j.io: [#CA09]  _: <CONNECTION> server state: TX_READY_OR_TX_STREAMING > READY
2025-09-29 16:12:22,146 DEBUG neo4j.pool: [#CA09]  _: <POOL> released bolt-57181
2025-09-29 16:12:22,147 DEBUG neo4j: [#0000]  _: <WORKSPACE> routing towards fixed database: demo
2025-09-29 16:12:22,147 DEBUG neo4j: [#0000]  _: <WORKSPACE> pinning database: 'demo'
2025-09-29 16:12:22,147 DEBUG neo4j.pool: [#0000]  _: <POOL> acquire direct connection, access_mode='WRITE', database=AcquisitionDatabase(name='demo', guessed=False)
2025-09-29 16:12:22,147 DEBUG neo4j.pool: [#CA09]  _: <POOL> picked existing connection bolt-57181
2025-09-29 16:12:22,147 DEBUG neo4j.pool: [#CA09]  _: <POOL> checked re_auth auth=None updated=False force=False
2025-09-29 16:12:22,147 DEBUG neo4j.pool: [#CA09]  _: <POOL> handing out existing connection
2025-09-29 16:12:22,147 DEBUG neo4j.io: [#CA09]  C: BEGIN {'db': 'demo', 'bookmarks': ['FB:kcwQzLoRLE7LTq2NdyMZ91NVySmQ']}
2025-09-29 16:12:22,147 DEBUG neo4j.io: [#CA09]  _: <CONNECTION> client state: READY > TX_READY_OR_TX_STREAMING
2025-09-29 16:12:22,147 DEBUG neo4j.io: [#CA09]  C: RUN "MATCH ()-[n:`Works at`]->()\nWITH collect(distinct substring(toString(coalesce(n.`triplet_source_id`, '')), 0, 52)) AS `triplet_source_id_values`\nRETURN {`triplet_source_id`: {values:`triplet_source_id_values`[..10], distinct_count: size(`triplet_source_id_values`)}} AS output" {} {}
2025-09-29 16:12:22,147 DEBUG neo4j.io: [#CA09]  C: PULL {'n': 1000}
2025-09-29 16:12:22,148 DEBUG neo4j.io: [#CA09]  S: SUCCESS {}
2025-09-29 16:12:22,148 DEBUG neo4j.io: [#CA09]  _: <CONNECTION> server state: READY > TX_READY_OR_TX_STREAMING
2025-09-29 16:12:22,149 DEBUG neo4j.io: [#CA09]  S: SUCCESS {'t_first': 0, 'fields': ['output'], 'qid': 0}
2025-09-29 16:12:22,150 DEBUG neo4j.io: [#CA09]  S: RECORD * 1
2025-09-29 16:12:22,150 DEBUG neo4j.io: [#CA09]  S: SUCCESS {'statuses': [{'gql_status': '00000', 'status_description': 'note: successful completion'}], 'type': 'r', 't_last': 0, 'db': 'demo'}
2025-09-29 16:12:22,150 DEBUG neo4j.io: [#CA09]  C: COMMIT
2025-09-29 16:12:22,150 DEBUG neo4j.io: [#CA09]  _: <CONNECTION> client state: TX_READY_OR_TX_STREAMING > READY
2025-09-29 16:12:22,150 DEBUG neo4j.io: [#CA09]  S: SUCCESS {'bookmark': 'FB:kcwQzLoRLE7LTq2NdyMZ91NVySmQ'}
2025-09-29 16:12:22,150 DEBUG neo4j.io: [#CA09]  _: <CONNECTION> server state: TX_READY_OR_TX_STREAMING > READY
2025-09-29 16:12:22,150 DEBUG neo4j.pool: [#CA09]  _: <POOL> released bolt-57181
2025-09-29 16:12:22,151 DEBUG neo4j: [#0000]  _: <WORKSPACE> routing towards fixed database: demo
2025-09-29 16:12:22,151 DEBUG neo4j: [#0000]  _: <WORKSPACE> pinning database: 'demo'
2025-09-29 16:12:22,151 DEBUG neo4j.pool: [#0000]  _: <POOL> acquire direct connection, access_mode='WRITE', database=AcquisitionDatabase(name='demo', guessed=False)
2025-09-29 16:12:22,151 DEBUG neo4j.pool: [#CA09]  _: <POOL> picked existing connection bolt-57181
2025-09-29 16:12:22,151 DEBUG neo4j.pool: [#CA09]  _: <POOL> checked re_auth auth=None updated=False force=False
2025-09-29 16:12:22,151 DEBUG neo4j.pool: [#CA09]  _: <POOL> handing out existing connection
2025-09-29 16:12:22,151 DEBUG neo4j.io: [#CA09]  C: BEGIN {'db': 'demo', 'bookmarks': ['FB:kcwQzLoRLE7LTq2NdyMZ91NVySmQ']}
2025-09-29 16:12:22,151 DEBUG neo4j.io: [#CA09]  _: <CONNECTION> client state: READY > TX_READY_OR_TX_STREAMING
2025-09-29 16:12:22,151 DEBUG neo4j.io: [#CA09]  C: RUN "MATCH ()-[n:`Is based in`]->()\nWITH collect(distinct substring(toString(coalesce(n.`triplet_source_id`, '')), 0, 52)) AS `triplet_source_id_values`\nRETURN {`triplet_source_id`: {values:`triplet_source_id_values`[..10], distinct_count: size(`triplet_source_id_values`)}} AS output" {} {}
2025-09-29 16:12:22,151 DEBUG neo4j.io: [#CA09]  C: PULL {'n': 1000}
2025-09-29 16:12:22,152 DEBUG neo4j.io: [#CA09]  S: SUCCESS {}
2025-09-29 16:12:22,152 DEBUG neo4j.io: [#CA09]  _: <CONNECTION> server state: READY > TX_READY_OR_TX_STREAMING
2025-09-29 16:12:22,153 DEBUG neo4j.io: [#CA09]  S: SUCCESS {'t_first': 1, 'fields': ['output'], 'qid': 0}
2025-09-29 16:12:22,155 DEBUG neo4j.io: [#CA09]  S: RECORD * 1
2025-09-29 16:12:22,155 DEBUG neo4j.io: [#CA09]  S: SUCCESS {'statuses': [{'gql_status': '00000', 'status_description': 'note: successful completion'}], 'type': 'r', 't_last': 2, 'db': 'demo'}
2025-09-29 16:12:22,155 DEBUG neo4j.io: [#CA09]  C: COMMIT
2025-09-29 16:12:22,155 DEBUG neo4j.io: [#CA09]  _: <CONNECTION> client state: TX_READY_OR_TX_STREAMING > READY
2025-09-29 16:12:22,156 DEBUG neo4j.io: [#CA09]  S: SUCCESS {'bookmark': 'FB:kcwQzLoRLE7LTq2NdyMZ91NVySmQ'}
2025-09-29 16:12:22,156 DEBUG neo4j.io: [#CA09]  _: <CONNECTION> server state: TX_READY_OR_TX_STREAMING > READY
2025-09-29 16:12:22,156 DEBUG neo4j.pool: [#CA09]  _: <POOL> released bolt-57181
2025-09-29 16:12:22,156 DEBUG neo4j: [#0000]  _: <WORKSPACE> routing towards fixed database: demo
2025-09-29 16:12:22,156 DEBUG neo4j: [#0000]  _: <WORKSPACE> pinning database: 'demo'
2025-09-29 16:12:22,156 DEBUG neo4j.pool: [#0000]  _: <POOL> acquire direct connection, access_mode='WRITE', database=AcquisitionDatabase(name='demo', guessed=False)
2025-09-29 16:12:22,157 DEBUG neo4j.pool: [#CA09]  _: <POOL> picked existing connection bolt-57181
2025-09-29 16:12:22,157 DEBUG neo4j.pool: [#CA09]  _: <POOL> checked re_auth auth=None updated=False force=False
2025-09-29 16:12:22,157 DEBUG neo4j.pool: [#CA09]  _: <POOL> handing out existing connection
2025-09-29 16:12:22,157 DEBUG neo4j.io: [#CA09]  C: BEGIN {'db': 'demo', 'bookmarks': ['FB:kcwQzLoRLE7LTq2NdyMZ91NVySmQ']}
2025-09-29 16:12:22,157 DEBUG neo4j.io: [#CA09]  _: <CONNECTION> client state: READY > TX_READY_OR_TX_STREAMING
2025-09-29 16:12:22,157 DEBUG neo4j.io: [#CA09]  C: RUN "MATCH ()-[n:`Is based in`]->()\nWITH collect(distinct substring(toString(coalesce(n.`triplet_source_id`, '')), 0, 52)) AS `triplet_source_id_values`\nRETURN {`triplet_source_id`: {values:`triplet_source_id_values`[..10], distinct_count: size(`triplet_source_id_values`)}} AS output" {} {}
2025-09-29 16:12:22,157 DEBUG neo4j.io: [#CA09]  C: PULL {'n': 1000}
2025-09-29 16:12:22,158 DEBUG neo4j.io: [#CA09]  S: SUCCESS {}
2025-09-29 16:12:22,158 DEBUG neo4j.io: [#CA09]  _: <CONNECTION> server state: READY > TX_READY_OR_TX_STREAMING
2025-09-29 16:12:22,160 DEBUG neo4j.io: [#CA09]  S: SUCCESS {'t_first': 1, 'fields': ['output'], 'qid': 0}
2025-09-29 16:12:22,162 DEBUG neo4j.io: [#CA09]  S: RECORD * 1
2025-09-29 16:12:22,162 DEBUG neo4j.io: [#CA09]  S: SUCCESS {'statuses': [{'gql_status': '00000', 'status_description': 'note: successful completion'}], 'type': 'r', 't_last': 2, 'db': 'demo'}
2025-09-29 16:12:22,162 DEBUG neo4j.io: [#CA09]  C: COMMIT
2025-09-29 16:12:22,162 DEBUG neo4j.io: [#CA09]  _: <CONNECTION> client state: TX_READY_OR_TX_STREAMING > READY
2025-09-29 16:12:22,163 DEBUG neo4j.io: [#CA09]  S: SUCCESS {'bookmark': 'FB:kcwQzLoRLE7LTq2NdyMZ91NVySmQ'}
2025-09-29 16:12:22,163 DEBUG neo4j.io: [#CA09]  _: <CONNECTION> server state: TX_READY_OR_TX_STREAMING > READY
2025-09-29 16:12:22,163 DEBUG neo4j.pool: [#CA09]  _: <POOL> released bolt-57181
2025-09-29 16:12:22,163 DEBUG neo4j: [#0000]  _: <WORKSPACE> routing towards fixed database: demo
2025-09-29 16:12:22,163 DEBUG neo4j: [#0000]  _: <WORKSPACE> pinning database: 'demo'
2025-09-29 16:12:22,163 DEBUG neo4j.pool: [#0000]  _: <POOL> acquire direct connection, access_mode='WRITE', database=AcquisitionDatabase(name='demo', guessed=False)
2025-09-29 16:12:22,163 DEBUG neo4j.pool: [#CA09]  _: <POOL> picked existing connection bolt-57181
2025-09-29 16:12:22,163 DEBUG neo4j.pool: [#CA09]  _: <POOL> checked re_auth auth=None updated=False force=False
2025-09-29 16:12:22,163 DEBUG neo4j.pool: [#CA09]  _: <POOL> handing out existing connection
2025-09-29 16:12:22,163 DEBUG neo4j.io: [#CA09]  C: BEGIN {'db': 'demo', 'bookmarks': ['FB:kcwQzLoRLE7LTq2NdyMZ91NVySmQ']}
2025-09-29 16:12:22,164 DEBUG neo4j.io: [#CA09]  _: <CONNECTION> client state: READY > TX_READY_OR_TX_STREAMING
2025-09-29 16:12:22,164 DEBUG neo4j.io: [#CA09]  C: RUN "MATCH ()-[n:`Works at`]->()\nWITH collect(distinct substring(toString(coalesce(n.`triplet_source_id`, '')), 0, 52)) AS `triplet_source_id_values`\nRETURN {`triplet_source_id`: {values:`triplet_source_id_values`[..10], distinct_count: size(`triplet_source_id_values`)}} AS output" {} {}
2025-09-29 16:12:22,164 DEBUG neo4j.io: [#CA09]  C: PULL {'n': 1000}
2025-09-29 16:12:22,165 DEBUG neo4j.io: [#CA09]  S: SUCCESS {}
2025-09-29 16:12:22,165 DEBUG neo4j.io: [#CA09]  _: <CONNECTION> server state: READY > TX_READY_OR_TX_STREAMING
2025-09-29 16:12:22,165 DEBUG neo4j.io: [#CA09]  S: SUCCESS {'t_first': 0, 'fields': ['output'], 'qid': 0}
2025-09-29 16:12:22,166 DEBUG neo4j.io: [#CA09]  S: RECORD * 1
2025-09-29 16:12:22,167 DEBUG neo4j.io: [#CA09]  S: SUCCESS {'statuses': [{'gql_status': '00000', 'status_description': 'note: successful completion'}], 'type': 'r', 't_last': 1, 'db': 'demo'}
2025-09-29 16:12:22,167 DEBUG neo4j.io: [#CA09]  C: COMMIT
2025-09-29 16:12:22,167 DEBUG neo4j.io: [#CA09]  _: <CONNECTION> client state: TX_READY_OR_TX_STREAMING > READY
2025-09-29 16:12:22,167 DEBUG neo4j.io: [#CA09]  S: SUCCESS {'bookmark': 'FB:kcwQzLoRLE7LTq2NdyMZ91NVySmQ'}
2025-09-29 16:12:22,167 DEBUG neo4j.io: [#CA09]  _: <CONNECTION> server state: TX_READY_OR_TX_STREAMING > READY
2025-09-29 16:12:22,167 DEBUG neo4j.pool: [#CA09]  _: <POOL> released bolt-57181
2025-09-29 16:12:22,167 DEBUG neo4j: [#0000]  _: <WORKSPACE> routing towards fixed database: demo
2025-09-29 16:12:22,168 DEBUG neo4j: [#0000]  _: <WORKSPACE> pinning database: 'demo'
2025-09-29 16:12:22,168 DEBUG neo4j.pool: [#0000]  _: <POOL> acquire direct connection, access_mode='WRITE', database=AcquisitionDatabase(name='demo', guessed=False)
2025-09-29 16:12:22,168 DEBUG neo4j.pool: [#CA09]  _: <POOL> picked existing connection bolt-57181
2025-09-29 16:12:22,168 DEBUG neo4j.pool: [#CA09]  _: <POOL> checked re_auth auth=None updated=False force=False
2025-09-29 16:12:22,168 DEBUG neo4j.pool: [#CA09]  _: <POOL> handing out existing connection
2025-09-29 16:12:22,168 DEBUG neo4j.io: [#CA09]  C: BEGIN {'db': 'demo', 'bookmarks': ['FB:kcwQzLoRLE7LTq2NdyMZ91NVySmQ']}
2025-09-29 16:12:22,168 DEBUG neo4j.io: [#CA09]  _: <CONNECTION> client state: READY > TX_READY_OR_TX_STREAMING
2025-09-29 16:12:22,168 DEBUG neo4j.io: [#CA09]  C: RUN "MATCH ()-[n:`Works at`]->()\nWITH collect(distinct substring(toString(coalesce(n.`triplet_source_id`, '')), 0, 52)) AS `triplet_source_id_values`\nRETURN {`triplet_source_id`: {values:`triplet_source_id_values`[..10], distinct_count: size(`triplet_source_id_values`)}} AS output" {} {}
2025-09-29 16:12:22,168 DEBUG neo4j.io: [#CA09]  C: PULL {'n': 1000}
2025-09-29 16:12:22,169 DEBUG neo4j.io: [#CA09]  S: SUCCESS {}
2025-09-29 16:12:22,169 DEBUG neo4j.io: [#CA09]  _: <CONNECTION> server state: READY > TX_READY_OR_TX_STREAMING
2025-09-29 16:12:22,170 DEBUG neo4j.io: [#CA09]  S: SUCCESS {'t_first': 1, 'fields': ['output'], 'qid': 0}
2025-09-29 16:12:22,171 DEBUG neo4j.io: [#CA09]  S: RECORD * 1
2025-09-29 16:12:22,171 DEBUG neo4j.io: [#CA09]  S: SUCCESS {'statuses': [{'gql_status': '00000', 'status_description': 'note: successful completion'}], 'type': 'r', 't_last': 0, 'db': 'demo'}
2025-09-29 16:12:22,171 DEBUG neo4j.io: [#CA09]  C: COMMIT
2025-09-29 16:12:22,171 DEBUG neo4j.io: [#CA09]  _: <CONNECTION> client state: TX_READY_OR_TX_STREAMING > READY
2025-09-29 16:12:22,171 DEBUG neo4j.io: [#CA09]  S: SUCCESS {'bookmark': 'FB:kcwQzLoRLE7LTq2NdyMZ91NVySmQ'}
2025-09-29 16:12:22,171 DEBUG neo4j.io: [#CA09]  _: <CONNECTION> server state: TX_READY_OR_TX_STREAMING > READY
2025-09-29 16:12:22,171 DEBUG neo4j.pool: [#CA09]  _: <POOL> released bolt-57181
2025-09-29 16:12:22,172 DEBUG neo4j: [#0000]  _: <WORKSPACE> routing towards fixed database: demo
2025-09-29 16:12:22,172 DEBUG neo4j: [#0000]  _: <WORKSPACE> pinning database: 'demo'
2025-09-29 16:12:22,172 DEBUG neo4j.pool: [#0000]  _: <POOL> acquire direct connection, access_mode='WRITE', database=AcquisitionDatabase(name='demo', guessed=False)
2025-09-29 16:12:22,172 DEBUG neo4j.pool: [#CA09]  _: <POOL> picked existing connection bolt-57181
2025-09-29 16:12:22,172 DEBUG neo4j.pool: [#CA09]  _: <POOL> checked re_auth auth=None updated=False force=False
2025-09-29 16:12:22,172 DEBUG neo4j.pool: [#CA09]  _: <POOL> handing out existing connection
2025-09-29 16:12:22,172 DEBUG neo4j.io: [#CA09]  C: BEGIN {'db': 'demo', 'bookmarks': ['FB:kcwQzLoRLE7LTq2NdyMZ91NVySmQ']}
2025-09-29 16:12:22,172 DEBUG neo4j.io: [#CA09]  _: <CONNECTION> client state: READY > TX_READY_OR_TX_STREAMING
2025-09-29 16:12:22,172 DEBUG neo4j.io: [#CA09]  C: RUN "MATCH ()-[n:`Works at`]->()\nWITH collect(distinct substring(toString(coalesce(n.`triplet_source_id`, '')), 0, 52)) AS `triplet_source_id_values`\nRETURN {`triplet_source_id`: {values:`triplet_source_id_values`[..10], distinct_count: size(`triplet_source_id_values`)}} AS output" {} {}
2025-09-29 16:12:22,172 DEBUG neo4j.io: [#CA09]  C: PULL {'n': 1000}
2025-09-29 16:12:22,173 DEBUG neo4j.io: [#CA09]  S: SUCCESS {}
2025-09-29 16:12:22,173 DEBUG neo4j.io: [#CA09]  _: <CONNECTION> server state: READY > TX_READY_OR_TX_STREAMING
2025-09-29 16:12:22,174 DEBUG neo4j.io: [#CA09]  S: SUCCESS {'t_first': 0, 'fields': ['output'], 'qid': 0}
2025-09-29 16:12:22,174 DEBUG neo4j.io: [#CA09]  S: RECORD * 1
2025-09-29 16:12:22,175 DEBUG neo4j.io: [#CA09]  S: SUCCESS {'statuses': [{'gql_status': '00000', 'status_description': 'note: successful completion'}], 'type': 'r', 't_last': 0, 'db': 'demo'}
2025-09-29 16:12:22,175 DEBUG neo4j.io: [#CA09]  C: COMMIT
2025-09-29 16:12:22,175 DEBUG neo4j.io: [#CA09]  _: <CONNECTION> client state: TX_READY_OR_TX_STREAMING > READY
2025-09-29 16:12:22,175 DEBUG neo4j.io: [#CA09]  S: SUCCESS {'bookmark': 'FB:kcwQzLoRLE7LTq2NdyMZ91NVySmQ'}
2025-09-29 16:12:22,175 DEBUG neo4j.io: [#CA09]  _: <CONNECTION> server state: TX_READY_OR_TX_STREAMING > READY
2025-09-29 16:12:22,175 DEBUG neo4j.pool: [#CA09]  _: <POOL> released bolt-57181
2025-09-29 16:12:22,175 DEBUG neo4j: [#0000]  _: <WORKSPACE> routing towards fixed database: demo
2025-09-29 16:12:22,175 DEBUG neo4j: [#0000]  _: <WORKSPACE> pinning database: 'demo'
2025-09-29 16:12:22,175 DEBUG neo4j.pool: [#0000]  _: <POOL> acquire direct connection, access_mode='WRITE', database=AcquisitionDatabase(name='demo', guessed=False)
2025-09-29 16:12:22,176 DEBUG neo4j.pool: [#CA09]  _: <POOL> picked existing connection bolt-57181
2025-09-29 16:12:22,176 DEBUG neo4j.pool: [#CA09]  _: <POOL> checked re_auth auth=None updated=False force=False
2025-09-29 16:12:22,176 DEBUG neo4j.pool: [#CA09]  _: <POOL> handing out existing connection
2025-09-29 16:12:22,176 DEBUG neo4j.io: [#CA09]  C: BEGIN {'db': 'demo', 'bookmarks': ['FB:kcwQzLoRLE7LTq2NdyMZ91NVySmQ']}
2025-09-29 16:12:22,176 DEBUG neo4j.io: [#CA09]  _: <CONNECTION> client state: READY > TX_READY_OR_TX_STREAMING
2025-09-29 16:12:22,176 DEBUG neo4j.io: [#CA09]  C: RUN "MATCH ()-[n:`Works at`]->()\nWITH collect(distinct substring(toString(coalesce(n.`triplet_source_id`, '')), 0, 52)) AS `triplet_source_id_values`\nRETURN {`triplet_source_id`: {values:`triplet_source_id_values`[..10], distinct_count: size(`triplet_source_id_values`)}} AS output" {} {}
2025-09-29 16:12:22,176 DEBUG neo4j.io: [#CA09]  C: PULL {'n': 1000}
2025-09-29 16:12:22,177 DEBUG neo4j.io: [#CA09]  S: SUCCESS {}
2025-09-29 16:12:22,177 DEBUG neo4j.io: [#CA09]  _: <CONNECTION> server state: READY > TX_READY_OR_TX_STREAMING
2025-09-29 16:12:22,177 DEBUG neo4j.io: [#CA09]  S: SUCCESS {'t_first': 0, 'fields': ['output'], 'qid': 0}
2025-09-29 16:12:22,179 DEBUG neo4j.io: [#CA09]  S: RECORD * 1
2025-09-29 16:12:22,179 DEBUG neo4j.io: [#CA09]  S: SUCCESS {'statuses': [{'gql_status': '00000', 'status_description': 'note: successful completion'}], 'type': 'r', 't_last': 1, 'db': 'demo'}
2025-09-29 16:12:22,179 DEBUG neo4j.io: [#CA09]  C: COMMIT
2025-09-29 16:12:22,179 DEBUG neo4j.io: [#CA09]  _: <CONNECTION> client state: TX_READY_OR_TX_STREAMING > READY
2025-09-29 16:12:22,179 DEBUG neo4j.io: [#CA09]  S: SUCCESS {'bookmark': 'FB:kcwQzLoRLE7LTq2NdyMZ91NVySmQ'}
2025-09-29 16:12:22,180 DEBUG neo4j.io: [#CA09]  _: <CONNECTION> server state: TX_READY_OR_TX_STREAMING > READY
2025-09-29 16:12:22,180 DEBUG neo4j.pool: [#CA09]  _: <POOL> released bolt-57181
2025-09-29 16:12:22,180 DEBUG neo4j: [#0000]  _: <WORKSPACE> routing towards fixed database: demo
2025-09-29 16:12:22,180 DEBUG neo4j: [#0000]  _: <WORKSPACE> pinning database: 'demo'
2025-09-29 16:12:22,180 DEBUG neo4j.pool: [#0000]  _: <POOL> acquire direct connection, access_mode='WRITE', database=AcquisitionDatabase(name='demo', guessed=False)
2025-09-29 16:12:22,180 DEBUG neo4j.pool: [#CA09]  _: <POOL> picked existing connection bolt-57181
2025-09-29 16:12:22,180 DEBUG neo4j.pool: [#CA09]  _: <POOL> checked re_auth auth=None updated=False force=False
2025-09-29 16:12:22,180 DEBUG neo4j.pool: [#CA09]  _: <POOL> handing out existing connection
2025-09-29 16:12:22,180 DEBUG neo4j.io: [#CA09]  C: BEGIN {'db': 'demo', 'bookmarks': ['FB:kcwQzLoRLE7LTq2NdyMZ91NVySmQ']}
2025-09-29 16:12:22,180 DEBUG neo4j.io: [#CA09]  _: <CONNECTION> client state: READY > TX_READY_OR_TX_STREAMING
2025-09-29 16:12:22,180 DEBUG neo4j.io: [#CA09]  C: RUN "MATCH ()-[n:`Is based in`]->()\nWITH collect(distinct substring(toString(coalesce(n.`triplet_source_id`, '')), 0, 52)) AS `triplet_source_id_values`\nRETURN {`triplet_source_id`: {values:`triplet_source_id_values`[..10], distinct_count: size(`triplet_source_id_values`)}} AS output" {} {}
2025-09-29 16:12:22,181 DEBUG neo4j.io: [#CA09]  C: PULL {'n': 1000}
2025-09-29 16:12:22,183 DEBUG neo4j.io: [#CA09]  S: SUCCESS {}
2025-09-29 16:12:22,183 DEBUG neo4j.io: [#CA09]  _: <CONNECTION> server state: READY > TX_READY_OR_TX_STREAMING
2025-09-29 16:12:22,184 DEBUG neo4j.io: [#CA09]  S: SUCCESS {'t_first': 1, 'fields': ['output'], 'qid': 0}
2025-09-29 16:12:22,185 DEBUG neo4j.io: [#CA09]  S: RECORD * 1
2025-09-29 16:12:22,185 DEBUG neo4j.io: [#CA09]  S: SUCCESS {'statuses': [{'gql_status': '00000', 'status_description': 'note: successful completion'}], 'type': 'r', 't_last': 1, 'db': 'demo'}
2025-09-29 16:12:22,185 DEBUG neo4j.io: [#CA09]  C: COMMIT
2025-09-29 16:12:22,185 DEBUG neo4j.io: [#CA09]  _: <CONNECTION> client state: TX_READY_OR_TX_STREAMING > READY
2025-09-29 16:12:22,186 DEBUG neo4j.io: [#CA09]  S: SUCCESS {'bookmark': 'FB:kcwQzLoRLE7LTq2NdyMZ91NVySmQ'}
2025-09-29 16:12:22,186 DEBUG neo4j.io: [#CA09]  _: <CONNECTION> server state: TX_READY_OR_TX_STREAMING > READY
2025-09-29 16:12:22,186 DEBUG neo4j.pool: [#CA09]  _: <POOL> released bolt-57181
2025-09-29 16:12:22,186 DEBUG neo4j: [#0000]  _: <WORKSPACE> routing towards fixed database: demo
2025-09-29 16:12:22,186 DEBUG neo4j: [#0000]  _: <WORKSPACE> pinning database: 'demo'
2025-09-29 16:12:22,186 DEBUG neo4j.pool: [#0000]  _: <POOL> acquire direct connection, access_mode='WRITE', database=AcquisitionDatabase(name='demo', guessed=False)
2025-09-29 16:12:22,186 DEBUG neo4j.pool: [#CA09]  _: <POOL> picked existing connection bolt-57181
2025-09-29 16:12:22,186 DEBUG neo4j.pool: [#CA09]  _: <POOL> checked re_auth auth=None updated=False force=False
2025-09-29 16:12:22,186 DEBUG neo4j.pool: [#CA09]  _: <POOL> handing out existing connection
2025-09-29 16:12:22,186 DEBUG neo4j.io: [#CA09]  C: BEGIN {'db': 'demo', 'bookmarks': ['FB:kcwQzLoRLE7LTq2NdyMZ91NVySmQ']}
2025-09-29 16:12:22,186 DEBUG neo4j.io: [#CA09]  _: <CONNECTION> client state: READY > TX_READY_OR_TX_STREAMING
2025-09-29 16:12:22,186 DEBUG neo4j.io: [#CA09]  C: RUN "MATCH ()-[n:`Is based in`]->()\nWITH collect(distinct substring(toString(coalesce(n.`triplet_source_id`, '')), 0, 52)) AS `triplet_source_id_values`\nRETURN {`triplet_source_id`: {values:`triplet_source_id_values`[..10], distinct_count: size(`triplet_source_id_values`)}} AS output" {} {}
2025-09-29 16:12:22,187 DEBUG neo4j.io: [#CA09]  C: PULL {'n': 1000}
2025-09-29 16:12:22,187 DEBUG neo4j.io: [#CA09]  S: SUCCESS {}
2025-09-29 16:12:22,187 DEBUG neo4j.io: [#CA09]  _: <CONNECTION> server state: READY > TX_READY_OR_TX_STREAMING
2025-09-29 16:12:22,188 DEBUG neo4j.io: [#CA09]  S: SUCCESS {'t_first': 1, 'fields': ['output'], 'qid': 0}
2025-09-29 16:12:22,189 DEBUG neo4j.io: [#CA09]  S: RECORD * 1
2025-09-29 16:12:22,189 DEBUG neo4j.io: [#CA09]  S: SUCCESS {'statuses': [{'gql_status': '00000', 'status_description': 'note: successful completion'}], 'type': 'r', 't_last': 1, 'db': 'demo'}
2025-09-29 16:12:22,189 DEBUG neo4j.io: [#CA09]  C: COMMIT
2025-09-29 16:12:22,190 DEBUG neo4j.io: [#CA09]  _: <CONNECTION> client state: TX_READY_OR_TX_STREAMING > READY
2025-09-29 16:12:22,190 DEBUG neo4j.io: [#CA09]  S: SUCCESS {'bookmark': 'FB:kcwQzLoRLE7LTq2NdyMZ91NVySmQ'}
2025-09-29 16:12:22,190 DEBUG neo4j.io: [#CA09]  _: <CONNECTION> server state: TX_READY_OR_TX_STREAMING > READY
2025-09-29 16:12:22,190 DEBUG neo4j.pool: [#CA09]  _: <POOL> released bolt-57181
2025-09-29 16:12:22,191 DEBUG neo4j: [#0000]  _: <WORKSPACE> routing towards fixed database: demo
2025-09-29 16:12:22,191 DEBUG neo4j: [#0000]  _: <WORKSPACE> pinning database: 'demo'
2025-09-29 16:12:22,191 DEBUG neo4j.pool: [#0000]  _: <POOL> acquire direct connection, access_mode='WRITE', database=AcquisitionDatabase(name='demo', guessed=False)
2025-09-29 16:12:22,191 DEBUG neo4j.pool: [#CA09]  _: <POOL> picked existing connection bolt-57181
2025-09-29 16:12:22,191 DEBUG neo4j.pool: [#CA09]  _: <POOL> checked re_auth auth=None updated=False force=False
2025-09-29 16:12:22,191 DEBUG neo4j.pool: [#CA09]  _: <POOL> handing out existing connection
2025-09-29 16:12:22,191 DEBUG neo4j.io: [#CA09]  C: BEGIN {'db': 'demo', 'bookmarks': ['FB:kcwQzLoRLE7LTq2NdyMZ91NVySmQ']}
2025-09-29 16:12:22,191 DEBUG neo4j.io: [#CA09]  _: <CONNECTION> client state: READY > TX_READY_OR_TX_STREAMING
2025-09-29 16:12:22,191 DEBUG neo4j.io: [#CA09]  C: RUN "MATCH ()-[n:`SOURCE`]->()\nWITH collect(distinct substring(toString(coalesce(n.`triplet_source_id`, '')), 0, 52)) AS `triplet_source_id_values`\nRETURN {`triplet_source_id`: {values:`triplet_source_id_values`[..10], distinct_count: size(`triplet_source_id_values`)}} AS output" {} {}
2025-09-29 16:12:22,191 DEBUG neo4j.io: [#CA09]  C: PULL {'n': 1000}
2025-09-29 16:12:22,192 DEBUG neo4j.io: [#CA09]  S: SUCCESS {}
2025-09-29 16:12:22,192 DEBUG neo4j.io: [#CA09]  _: <CONNECTION> server state: READY > TX_READY_OR_TX_STREAMING
2025-09-29 16:12:22,193 DEBUG neo4j.io: [#CA09]  S: SUCCESS {'t_first': 1, 'fields': ['output'], 'qid': 0}
2025-09-29 16:12:22,195 DEBUG neo4j.io: [#CA09]  S: RECORD * 1
2025-09-29 16:12:22,195 DEBUG neo4j.io: [#CA09]  S: SUCCESS {'statuses': [{'gql_status': '00000', 'status_description': 'note: successful completion'}], 'type': 'r', 't_last': 1, 'db': 'demo'}
2025-09-29 16:12:22,195 DEBUG neo4j.io: [#CA09]  C: COMMIT
2025-09-29 16:12:22,195 DEBUG neo4j.io: [#CA09]  _: <CONNECTION> client state: TX_READY_OR_TX_STREAMING > READY
2025-09-29 16:12:22,196 DEBUG neo4j.io: [#CA09]  S: SUCCESS {'bookmark': 'FB:kcwQzLoRLE7LTq2NdyMZ91NVySmQ'}
2025-09-29 16:12:22,196 DEBUG neo4j.io: [#CA09]  _: <CONNECTION> server state: TX_READY_OR_TX_STREAMING > READY
2025-09-29 16:12:22,196 DEBUG neo4j.pool: [#CA09]  _: <POOL> released bolt-57181
2025-09-29 16:12:22,196 DEBUG neo4j: [#0000]  _: <WORKSPACE> routing towards fixed database: demo
2025-09-29 16:12:22,196 DEBUG neo4j: [#0000]  _: <WORKSPACE> pinning database: 'demo'
2025-09-29 16:12:22,196 DEBUG neo4j.pool: [#0000]  _: <POOL> acquire direct connection, access_mode='WRITE', database=AcquisitionDatabase(name='demo', guessed=False)
2025-09-29 16:12:22,196 DEBUG neo4j.pool: [#CA09]  _: <POOL> picked existing connection bolt-57181
2025-09-29 16:12:22,196 DEBUG neo4j.pool: [#CA09]  _: <POOL> checked re_auth auth=None updated=False force=False
2025-09-29 16:12:22,196 DEBUG neo4j.pool: [#CA09]  _: <POOL> handing out existing connection
2025-09-29 16:12:22,196 DEBUG neo4j.io: [#CA09]  C: BEGIN {'db': 'demo', 'bookmarks': ['FB:kcwQzLoRLE7LTq2NdyMZ91NVySmQ']}
2025-09-29 16:12:22,196 DEBUG neo4j.io: [#CA09]  _: <CONNECTION> client state: READY > TX_READY_OR_TX_STREAMING
2025-09-29 16:12:22,196 DEBUG neo4j.io: [#CA09]  C: RUN "MATCH ()-[n:`Works at`]->()\nWITH collect(distinct substring(toString(coalesce(n.`triplet_source_id`, '')), 0, 52)) AS `triplet_source_id_values`\nRETURN {`triplet_source_id`: {values:`triplet_source_id_values`[..10], distinct_count: size(`triplet_source_id_values`)}} AS output" {} {}
2025-09-29 16:12:22,197 DEBUG neo4j.io: [#CA09]  C: PULL {'n': 1000}
2025-09-29 16:12:22,197 DEBUG neo4j.io: [#CA09]  S: SUCCESS {}
2025-09-29 16:12:22,198 DEBUG neo4j.io: [#CA09]  _: <CONNECTION> server state: READY > TX_READY_OR_TX_STREAMING
2025-09-29 16:12:22,199 DEBUG neo4j.io: [#CA09]  S: SUCCESS {'t_first': 2, 'fields': ['output'], 'qid': 0}
2025-09-29 16:12:22,200 DEBUG neo4j.io: [#CA09]  S: RECORD * 1
2025-09-29 16:12:22,200 DEBUG neo4j.io: [#CA09]  S: SUCCESS {'statuses': [{'gql_status': '00000', 'status_description': 'note: successful completion'}], 'type': 'r', 't_last': 1, 'db': 'demo'}
2025-09-29 16:12:22,200 DEBUG neo4j.io: [#CA09]  C: COMMIT
2025-09-29 16:12:22,200 DEBUG neo4j.io: [#CA09]  _: <CONNECTION> client state: TX_READY_OR_TX_STREAMING > READY
2025-09-29 16:12:22,200 DEBUG neo4j.io: [#CA09]  S: SUCCESS {'bookmark': 'FB:kcwQzLoRLE7LTq2NdyMZ91NVySmQ'}
2025-09-29 16:12:22,200 DEBUG neo4j.io: [#CA09]  _: <CONNECTION> server state: TX_READY_OR_TX_STREAMING > READY
2025-09-29 16:12:22,202 DEBUG neo4j.pool: [#CA09]  _: <POOL> released bolt-57181
2025-09-29 16:12:22,202 DEBUG neo4j: [#0000]  _: <WORKSPACE> routing towards fixed database: demo
2025-09-29 16:12:22,202 DEBUG neo4j: [#0000]  _: <WORKSPACE> pinning database: 'demo'
2025-09-29 16:12:22,202 DEBUG neo4j.pool: [#0000]  _: <POOL> acquire direct connection, access_mode='WRITE', database=AcquisitionDatabase(name='demo', guessed=False)
2025-09-29 16:12:22,202 DEBUG neo4j.pool: [#CA09]  _: <POOL> picked existing connection bolt-57181
2025-09-29 16:12:22,202 DEBUG neo4j.pool: [#CA09]  _: <POOL> checked re_auth auth=None updated=False force=False
2025-09-29 16:12:22,202 DEBUG neo4j.pool: [#CA09]  _: <POOL> handing out existing connection
2025-09-29 16:12:22,202 DEBUG neo4j.io: [#CA09]  C: BEGIN {'db': 'demo', 'bookmarks': ['FB:kcwQzLoRLE7LTq2NdyMZ91NVySmQ']}
2025-09-29 16:12:22,202 DEBUG neo4j.io: [#CA09]  _: <CONNECTION> client state: READY > TX_READY_OR_TX_STREAMING
2025-09-29 16:12:22,202 DEBUG neo4j.io: [#CA09]  C: RUN "MATCH ()-[n:`Is based in`]->()\nWITH collect(distinct substring(toString(coalesce(n.`triplet_source_id`, '')), 0, 52)) AS `triplet_source_id_values`\nRETURN {`triplet_source_id`: {values:`triplet_source_id_values`[..10], distinct_count: size(`triplet_source_id_values`)}} AS output" {} {}
2025-09-29 16:12:22,202 DEBUG neo4j.io: [#CA09]  C: PULL {'n': 1000}
2025-09-29 16:12:22,202 DEBUG neo4j.io: [#CA09]  S: SUCCESS {}
2025-09-29 16:12:22,203 DEBUG neo4j.io: [#CA09]  _: <CONNECTION> server state: READY > TX_READY_OR_TX_STREAMING
2025-09-29 16:12:22,203 DEBUG neo4j.io: [#CA09]  S: SUCCESS {'t_first': 1, 'fields': ['output'], 'qid': 0}
2025-09-29 16:12:22,204 DEBUG neo4j.io: [#CA09]  S: RECORD * 1
2025-09-29 16:12:22,205 DEBUG neo4j.io: [#CA09]  S: SUCCESS {'statuses': [{'gql_status': '00000', 'status_description': 'note: successful completion'}], 'type': 'r', 't_last': 1, 'db': 'demo'}
2025-09-29 16:12:22,205 DEBUG neo4j.io: [#CA09]  C: COMMIT
2025-09-29 16:12:22,205 DEBUG neo4j.io: [#CA09]  _: <CONNECTION> client state: TX_READY_OR_TX_STREAMING > READY
2025-09-29 16:12:22,205 DEBUG neo4j.io: [#CA09]  S: SUCCESS {'bookmark': 'FB:kcwQzLoRLE7LTq2NdyMZ91NVySmQ'}
2025-09-29 16:12:22,205 DEBUG neo4j.io: [#CA09]  _: <CONNECTION> server state: TX_READY_OR_TX_STREAMING > READY
2025-09-29 16:12:22,205 DEBUG neo4j.pool: [#CA09]  _: <POOL> released bolt-57181
2025-09-29 16:12:22,205 DEBUG neo4j: [#0000]  _: <WORKSPACE> routing towards fixed database: demo
2025-09-29 16:12:22,205 DEBUG neo4j: [#0000]  _: <WORKSPACE> pinning database: 'demo'
2025-09-29 16:12:22,206 DEBUG neo4j.pool: [#0000]  _: <POOL> acquire direct connection, access_mode='WRITE', database=AcquisitionDatabase(name='demo', guessed=False)
2025-09-29 16:12:22,206 DEBUG neo4j.pool: [#CA09]  _: <POOL> picked existing connection bolt-57181
2025-09-29 16:12:22,206 DEBUG neo4j.pool: [#CA09]  _: <POOL> checked re_auth auth=None updated=False force=False
2025-09-29 16:12:22,206 DEBUG neo4j.pool: [#CA09]  _: <POOL> handing out existing connection
2025-09-29 16:12:22,206 DEBUG neo4j.io: [#CA09]  C: BEGIN {'db': 'demo', 'bookmarks': ['FB:kcwQzLoRLE7LTq2NdyMZ91NVySmQ']}
2025-09-29 16:12:22,206 DEBUG neo4j.io: [#CA09]  _: <CONNECTION> client state: READY > TX_READY_OR_TX_STREAMING
2025-09-29 16:12:22,206 DEBUG neo4j.io: [#CA09]  C: RUN "MATCH ()-[n:`Works at`]->()\nWITH collect(distinct substring(toString(coalesce(n.`triplet_source_id`, '')), 0, 52)) AS `triplet_source_id_values`\nRETURN {`triplet_source_id`: {values:`triplet_source_id_values`[..10], distinct_count: size(`triplet_source_id_values`)}} AS output" {} {}
2025-09-29 16:12:22,206 DEBUG neo4j.io: [#CA09]  C: PULL {'n': 1000}
2025-09-29 16:12:22,208 DEBUG neo4j.io: [#CA09]  S: SUCCESS {}
2025-09-29 16:12:22,208 DEBUG neo4j.io: [#CA09]  _: <CONNECTION> server state: READY > TX_READY_OR_TX_STREAMING
2025-09-29 16:12:22,209 DEBUG neo4j.io: [#CA09]  S: SUCCESS {'t_first': 0, 'fields': ['output'], 'qid': 0}
2025-09-29 16:12:22,210 DEBUG neo4j.io: [#CA09]  S: RECORD * 1
2025-09-29 16:12:22,210 DEBUG neo4j.io: [#CA09]  S: SUCCESS {'statuses': [{'gql_status': '00000', 'status_description': 'note: successful completion'}], 'type': 'r', 't_last': 2, 'db': 'demo'}
2025-09-29 16:12:22,210 DEBUG neo4j.io: [#CA09]  C: COMMIT
2025-09-29 16:12:22,210 DEBUG neo4j.io: [#CA09]  _: <CONNECTION> client state: TX_READY_OR_TX_STREAMING > READY
2025-09-29 16:12:22,212 DEBUG neo4j.io: [#CA09]  S: SUCCESS {'bookmark': 'FB:kcwQzLoRLE7LTq2NdyMZ91NVySmQ'}
2025-09-29 16:12:22,212 DEBUG neo4j.io: [#CA09]  _: <CONNECTION> server state: TX_READY_OR_TX_STREAMING > READY
2025-09-29 16:12:22,212 DEBUG neo4j.pool: [#CA09]  _: <POOL> released bolt-57181
2025-09-29 16:12:22,212 DEBUG neo4j: [#0000]  _: <WORKSPACE> routing towards fixed database: demo
2025-09-29 16:12:22,212 DEBUG neo4j: [#0000]  _: <WORKSPACE> pinning database: 'demo'
2025-09-29 16:12:22,212 DEBUG neo4j.pool: [#0000]  _: <POOL> acquire direct connection, access_mode='WRITE', database=AcquisitionDatabase(name='demo', guessed=False)
2025-09-29 16:12:22,212 DEBUG neo4j.pool: [#CA09]  _: <POOL> picked existing connection bolt-57181
2025-09-29 16:12:22,212 DEBUG neo4j.pool: [#CA09]  _: <POOL> checked re_auth auth=None updated=False force=False
2025-09-29 16:12:22,212 DEBUG neo4j.pool: [#CA09]  _: <POOL> handing out existing connection
2025-09-29 16:12:22,212 DEBUG neo4j.io: [#CA09]  C: BEGIN {'db': 'demo', 'bookmarks': ['FB:kcwQzLoRLE7LTq2NdyMZ91NVySmQ']}
2025-09-29 16:12:22,213 DEBUG neo4j.io: [#CA09]  _: <CONNECTION> client state: READY > TX_READY_OR_TX_STREAMING
2025-09-29 16:12:22,213 DEBUG neo4j.io: [#CA09]  C: RUN "MATCH ()-[n:`Works at`]->()\nWITH collect(distinct substring(toString(coalesce(n.`triplet_source_id`, '')), 0, 52)) AS `triplet_source_id_values`\nRETURN {`triplet_source_id`: {values:`triplet_source_id_values`[..10], distinct_count: size(`triplet_source_id_values`)}} AS output" {} {}
2025-09-29 16:12:22,213 DEBUG neo4j.io: [#CA09]  C: PULL {'n': 1000}
2025-09-29 16:12:22,213 DEBUG neo4j.io: [#CA09]  S: SUCCESS {}
2025-09-29 16:12:22,213 DEBUG neo4j.io: [#CA09]  _: <CONNECTION> server state: READY > TX_READY_OR_TX_STREAMING
2025-09-29 16:12:22,214 DEBUG neo4j.io: [#CA09]  S: SUCCESS {'t_first': 1, 'fields': ['output'], 'qid': 0}
2025-09-29 16:12:22,215 DEBUG neo4j.io: [#CA09]  S: RECORD * 1
2025-09-29 16:12:22,215 DEBUG neo4j.io: [#CA09]  S: SUCCESS {'statuses': [{'gql_status': '00000', 'status_description': 'note: successful completion'}], 'type': 'r', 't_last': 1, 'db': 'demo'}
2025-09-29 16:12:22,215 DEBUG neo4j.io: [#CA09]  C: COMMIT
2025-09-29 16:12:22,215 DEBUG neo4j.io: [#CA09]  _: <CONNECTION> client state: TX_READY_OR_TX_STREAMING > READY
2025-09-29 16:12:22,216 DEBUG neo4j.io: [#CA09]  S: SUCCESS {'bookmark': 'FB:kcwQzLoRLE7LTq2NdyMZ91NVySmQ'}
2025-09-29 16:12:22,216 DEBUG neo4j.io: [#CA09]  _: <CONNECTION> server state: TX_READY_OR_TX_STREAMING > READY
2025-09-29 16:12:22,216 DEBUG neo4j.pool: [#CA09]  _: <POOL> released bolt-57181
2025-09-29 16:12:22,216 DEBUG neo4j: [#0000]  _: <WORKSPACE> routing towards fixed database: demo
2025-09-29 16:12:22,216 DEBUG neo4j: [#0000]  _: <WORKSPACE> pinning database: 'demo'
2025-09-29 16:12:22,216 DEBUG neo4j.pool: [#0000]  _: <POOL> acquire direct connection, access_mode='WRITE', database=AcquisitionDatabase(name='demo', guessed=False)
2025-09-29 16:12:22,216 DEBUG neo4j.pool: [#CA09]  _: <POOL> picked existing connection bolt-57181
2025-09-29 16:12:22,216 DEBUG neo4j.pool: [#CA09]  _: <POOL> checked re_auth auth=None updated=False force=False
2025-09-29 16:12:22,216 DEBUG neo4j.pool: [#CA09]  _: <POOL> handing out existing connection
2025-09-29 16:12:22,216 DEBUG neo4j.io: [#CA09]  C: BEGIN {'db': 'demo', 'bookmarks': ['FB:kcwQzLoRLE7LTq2NdyMZ91NVySmQ']}
2025-09-29 16:12:22,216 DEBUG neo4j.io: [#CA09]  _: <CONNECTION> client state: READY > TX_READY_OR_TX_STREAMING
2025-09-29 16:12:22,216 DEBUG neo4j.io: [#CA09]  C: RUN "MATCH ()-[n:`SOURCE`]->()\nWITH collect(distinct substring(toString(coalesce(n.`triplet_source_id`, '')), 0, 52)) AS `triplet_source_id_values`\nRETURN {`triplet_source_id`: {values:`triplet_source_id_values`[..10], distinct_count: size(`triplet_source_id_values`)}} AS output" {} {}
2025-09-29 16:12:22,217 DEBUG neo4j.io: [#CA09]  C: PULL {'n': 1000}
2025-09-29 16:12:22,217 DEBUG neo4j.io: [#CA09]  S: SUCCESS {}
2025-09-29 16:12:22,217 DEBUG neo4j.io: [#CA09]  _: <CONNECTION> server state: READY > TX_READY_OR_TX_STREAMING
2025-09-29 16:12:22,218 DEBUG neo4j.io: [#CA09]  S: SUCCESS {'t_first': 1, 'fields': ['output'], 'qid': 0}
2025-09-29 16:12:22,219 DEBUG neo4j.io: [#CA09]  S: RECORD * 1
2025-09-29 16:12:22,219 DEBUG neo4j.io: [#CA09]  S: SUCCESS {'statuses': [{'gql_status': '00000', 'status_description': 'note: successful completion'}], 'type': 'r', 't_last': 1, 'db': 'demo'}
2025-09-29 16:12:22,219 DEBUG neo4j.io: [#CA09]  C: COMMIT
2025-09-29 16:12:22,219 DEBUG neo4j.io: [#CA09]  _: <CONNECTION> client state: TX_READY_OR_TX_STREAMING > READY
2025-09-29 16:12:22,220 DEBUG neo4j.io: [#CA09]  S: SUCCESS {'bookmark': 'FB:kcwQzLoRLE7LTq2NdyMZ91NVySmQ'}
2025-09-29 16:12:22,220 DEBUG neo4j.io: [#CA09]  _: <CONNECTION> server state: TX_READY_OR_TX_STREAMING > READY
2025-09-29 16:12:22,220 DEBUG neo4j.pool: [#CA09]  _: <POOL> released bolt-57181
2025-09-29 16:12:22,220 DEBUG neo4j: [#0000]  _: <WORKSPACE> routing towards fixed database: demo
2025-09-29 16:12:22,220 DEBUG neo4j: [#0000]  _: <WORKSPACE> pinning database: 'demo'
2025-09-29 16:12:22,220 DEBUG neo4j.pool: [#0000]  _: <POOL> acquire direct connection, access_mode='WRITE', database=AcquisitionDatabase(name='demo', guessed=False)
2025-09-29 16:12:22,220 DEBUG neo4j.pool: [#CA09]  _: <POOL> picked existing connection bolt-57181
2025-09-29 16:12:22,220 DEBUG neo4j.pool: [#CA09]  _: <POOL> checked re_auth auth=None updated=False force=False
2025-09-29 16:12:22,220 DEBUG neo4j.pool: [#CA09]  _: <POOL> handing out existing connection
2025-09-29 16:12:22,220 DEBUG neo4j.io: [#CA09]  C: BEGIN {'db': 'demo', 'bookmarks': ['FB:kcwQzLoRLE7LTq2NdyMZ91NVySmQ']}
2025-09-29 16:12:22,221 DEBUG neo4j.io: [#CA09]  _: <CONNECTION> client state: READY > TX_READY_OR_TX_STREAMING
2025-09-29 16:12:22,221 DEBUG neo4j.io: [#CA09]  C: RUN "MATCH ()-[n:`SOURCE`]->()\nWITH collect(distinct substring(toString(coalesce(n.`triplet_source_id`, '')), 0, 52)) AS `triplet_source_id_values`\nRETURN {`triplet_source_id`: {values:`triplet_source_id_values`[..10], distinct_count: size(`triplet_source_id_values`)}} AS output" {} {}
2025-09-29 16:12:22,221 DEBUG neo4j.io: [#CA09]  C: PULL {'n': 1000}
2025-09-29 16:12:22,222 DEBUG neo4j.io: [#CA09]  S: SUCCESS {}
2025-09-29 16:12:22,222 DEBUG neo4j.io: [#CA09]  _: <CONNECTION> server state: READY > TX_READY_OR_TX_STREAMING
2025-09-29 16:12:22,223 DEBUG neo4j.io: [#CA09]  S: SUCCESS {'t_first': 1, 'fields': ['output'], 'qid': 0}
2025-09-29 16:12:22,224 DEBUG neo4j.io: [#CA09]  S: RECORD * 1
2025-09-29 16:12:22,224 DEBUG neo4j.io: [#CA09]  S: SUCCESS {'statuses': [{'gql_status': '00000', 'status_description': 'note: successful completion'}], 'type': 'r', 't_last': 1, 'db': 'demo'}
2025-09-29 16:12:22,224 DEBUG neo4j.io: [#CA09]  C: COMMIT
2025-09-29 16:12:22,224 DEBUG neo4j.io: [#CA09]  _: <CONNECTION> client state: TX_READY_OR_TX_STREAMING > READY
2025-09-29 16:12:22,225 DEBUG neo4j.io: [#CA09]  S: SUCCESS {'bookmark': 'FB:kcwQzLoRLE7LTq2NdyMZ91NVySmQ'}
2025-09-29 16:12:22,225 DEBUG neo4j.io: [#CA09]  _: <CONNECTION> server state: TX_READY_OR_TX_STREAMING > READY
2025-09-29 16:12:22,225 DEBUG neo4j.pool: [#CA09]  _: <POOL> released bolt-57181
2025-09-29 16:12:22,225 DEBUG neo4j: [#0000]  _: <WORKSPACE> routing towards fixed database: demo
2025-09-29 16:12:22,225 DEBUG neo4j: [#0000]  _: <WORKSPACE> pinning database: 'demo'
2025-09-29 16:12:22,225 DEBUG neo4j.pool: [#0000]  _: <POOL> acquire direct connection, access_mode='WRITE', database=AcquisitionDatabase(name='demo', guessed=False)
2025-09-29 16:12:22,225 DEBUG neo4j.pool: [#CA09]  _: <POOL> picked existing connection bolt-57181
2025-09-29 16:12:22,225 DEBUG neo4j.pool: [#CA09]  _: <POOL> checked re_auth auth=None updated=False force=False
2025-09-29 16:12:22,225 DEBUG neo4j.pool: [#CA09]  _: <POOL> handing out existing connection
2025-09-29 16:12:22,225 DEBUG neo4j.io: [#CA09]  C: BEGIN {'db': 'demo', 'bookmarks': ['FB:kcwQzLoRLE7LTq2NdyMZ91NVySmQ']}
2025-09-29 16:12:22,225 DEBUG neo4j.io: [#CA09]  _: <CONNECTION> client state: READY > TX_READY_OR_TX_STREAMING
2025-09-29 16:12:22,225 DEBUG neo4j.io: [#CA09]  C: RUN "MATCH ()-[n:`Works at`]->()\nWITH collect(distinct substring(toString(coalesce(n.`triplet_source_id`, '')), 0, 52)) AS `triplet_source_id_values`\nRETURN {`triplet_source_id`: {values:`triplet_source_id_values`[..10], distinct_count: size(`triplet_source_id_values`)}} AS output" {} {}
2025-09-29 16:12:22,225 DEBUG neo4j.io: [#CA09]  C: PULL {'n': 1000}
2025-09-29 16:12:22,226 DEBUG neo4j.io: [#CA09]  S: SUCCESS {}
2025-09-29 16:12:22,226 DEBUG neo4j.io: [#CA09]  _: <CONNECTION> server state: READY > TX_READY_OR_TX_STREAMING
2025-09-29 16:12:22,227 DEBUG neo4j.io: [#CA09]  S: SUCCESS {'t_first': 1, 'fields': ['output'], 'qid': 0}
2025-09-29 16:12:22,228 DEBUG neo4j.io: [#CA09]  S: RECORD * 1
2025-09-29 16:12:22,228 DEBUG neo4j.io: [#CA09]  S: SUCCESS {'statuses': [{'gql_status': '00000', 'status_description': 'note: successful completion'}], 'type': 'r', 't_last': 1, 'db': 'demo'}
2025-09-29 16:12:22,228 DEBUG neo4j.io: [#CA09]  C: COMMIT
2025-09-29 16:12:22,229 DEBUG neo4j.io: [#CA09]  _: <CONNECTION> client state: TX_READY_OR_TX_STREAMING > READY
2025-09-29 16:12:22,229 DEBUG neo4j.io: [#CA09]  S: SUCCESS {'bookmark': 'FB:kcwQzLoRLE7LTq2NdyMZ91NVySmQ'}
2025-09-29 16:12:22,230 DEBUG neo4j.io: [#CA09]  _: <CONNECTION> server state: TX_READY_OR_TX_STREAMING > READY
2025-09-29 16:12:22,230 DEBUG neo4j.pool: [#CA09]  _: <POOL> released bolt-57181
2025-09-29 16:12:22,230 DEBUG neo4j: [#0000]  _: <WORKSPACE> routing towards fixed database: demo
2025-09-29 16:12:22,230 DEBUG neo4j: [#0000]  _: <WORKSPACE> pinning database: 'demo'
2025-09-29 16:12:22,230 DEBUG neo4j.pool: [#0000]  _: <POOL> acquire direct connection, access_mode='WRITE', database=AcquisitionDatabase(name='demo', guessed=False)
2025-09-29 16:12:22,230 DEBUG neo4j.pool: [#CA09]  _: <POOL> picked existing connection bolt-57181
2025-09-29 16:12:22,230 DEBUG neo4j.pool: [#CA09]  _: <POOL> checked re_auth auth=None updated=False force=False
2025-09-29 16:12:22,230 DEBUG neo4j.pool: [#CA09]  _: <POOL> handing out existing connection
2025-09-29 16:12:22,230 DEBUG neo4j.io: [#CA09]  C: BEGIN {'db': 'demo', 'bookmarks': ['FB:kcwQzLoRLE7LTq2NdyMZ91NVySmQ']}
2025-09-29 16:12:22,230 DEBUG neo4j.io: [#CA09]  _: <CONNECTION> client state: READY > TX_READY_OR_TX_STREAMING
2025-09-29 16:12:22,230 DEBUG neo4j.io: [#CA09]  C: RUN "MATCH ()-[n:`Is based in`]->()\nWITH collect(distinct substring(toString(coalesce(n.`triplet_source_id`, '')), 0, 52)) AS `triplet_source_id_values`\nRETURN {`triplet_source_id`: {values:`triplet_source_id_values`[..10], distinct_count: size(`triplet_source_id_values`)}} AS output" {} {}
2025-09-29 16:12:22,230 DEBUG neo4j.io: [#CA09]  C: PULL {'n': 1000}
2025-09-29 16:12:22,232 DEBUG neo4j.io: [#CA09]  S: SUCCESS {}
2025-09-29 16:12:22,232 DEBUG neo4j.io: [#CA09]  _: <CONNECTION> server state: READY > TX_READY_OR_TX_STREAMING
2025-09-29 16:12:22,233 DEBUG neo4j.io: [#CA09]  S: SUCCESS {'t_first': 1, 'fields': ['output'], 'qid': 0}
2025-09-29 16:12:22,234 DEBUG neo4j.io: [#CA09]  S: RECORD * 1
2025-09-29 16:12:22,235 DEBUG neo4j.io: [#CA09]  S: SUCCESS {'statuses': [{'gql_status': '00000', 'status_description': 'note: successful completion'}], 'type': 'r', 't_last': 1, 'db': 'demo'}
2025-09-29 16:12:22,235 DEBUG neo4j.io: [#CA09]  C: COMMIT
2025-09-29 16:12:22,235 DEBUG neo4j.io: [#CA09]  _: <CONNECTION> client state: TX_READY_OR_TX_STREAMING > READY
2025-09-29 16:12:22,235 DEBUG neo4j.io: [#CA09]  S: SUCCESS {'bookmark': 'FB:kcwQzLoRLE7LTq2NdyMZ91NVySmQ'}
2025-09-29 16:12:22,235 DEBUG neo4j.io: [#CA09]  _: <CONNECTION> server state: TX_READY_OR_TX_STREAMING > READY
2025-09-29 16:12:22,235 DEBUG neo4j.pool: [#CA09]  _: <POOL> released bolt-57181
2025-09-29 16:12:22,236 DEBUG neo4j: [#0000]  _: <WORKSPACE> routing towards fixed database: demo
2025-09-29 16:12:22,236 DEBUG neo4j: [#0000]  _: <WORKSPACE> pinning database: 'demo'
2025-09-29 16:12:22,236 DEBUG neo4j.pool: [#0000]  _: <POOL> acquire direct connection, access_mode='WRITE', database=AcquisitionDatabase(name='demo', guessed=False)
2025-09-29 16:12:22,236 DEBUG neo4j.pool: [#CA09]  _: <POOL> picked existing connection bolt-57181
2025-09-29 16:12:22,236 DEBUG neo4j.pool: [#CA09]  _: <POOL> checked re_auth auth=None updated=False force=False
2025-09-29 16:12:22,236 DEBUG neo4j.pool: [#CA09]  _: <POOL> handing out existing connection
2025-09-29 16:12:22,236 DEBUG neo4j.io: [#CA09]  C: BEGIN {'db': 'demo', 'bookmarks': ['FB:kcwQzLoRLE7LTq2NdyMZ91NVySmQ']}
2025-09-29 16:12:22,236 DEBUG neo4j.io: [#CA09]  _: <CONNECTION> client state: READY > TX_READY_OR_TX_STREAMING
2025-09-29 16:12:22,236 DEBUG neo4j.io: [#CA09]  C: RUN "MATCH ()-[n:`Is based in`]->()\nWITH collect(distinct substring(toString(coalesce(n.`triplet_source_id`, '')), 0, 52)) AS `triplet_source_id_values`\nRETURN {`triplet_source_id`: {values:`triplet_source_id_values`[..10], distinct_count: size(`triplet_source_id_values`)}} AS output" {} {}
2025-09-29 16:12:22,236 DEBUG neo4j.io: [#CA09]  C: PULL {'n': 1000}
2025-09-29 16:12:22,237 DEBUG neo4j.io: [#CA09]  S: SUCCESS {}
2025-09-29 16:12:22,237 DEBUG neo4j.io: [#CA09]  _: <CONNECTION> server state: READY > TX_READY_OR_TX_STREAMING
2025-09-29 16:12:22,238 DEBUG neo4j.io: [#CA09]  S: SUCCESS {'t_first': 1, 'fields': ['output'], 'qid': 0}
2025-09-29 16:12:22,239 DEBUG neo4j.io: [#CA09]  S: RECORD * 1
2025-09-29 16:12:22,239 DEBUG neo4j.io: [#CA09]  S: SUCCESS {'statuses': [{'gql_status': '00000', 'status_description': 'note: successful completion'}], 'type': 'r', 't_last': 1, 'db': 'demo'}
2025-09-29 16:12:22,239 DEBUG neo4j.io: [#CA09]  C: COMMIT
2025-09-29 16:12:22,240 DEBUG neo4j.io: [#CA09]  _: <CONNECTION> client state: TX_READY_OR_TX_STREAMING > READY
2025-09-29 16:12:22,240 DEBUG neo4j.io: [#CA09]  S: SUCCESS {'bookmark': 'FB:kcwQzLoRLE7LTq2NdyMZ91NVySmQ'}
2025-09-29 16:12:22,240 DEBUG neo4j.io: [#CA09]  _: <CONNECTION> server state: TX_READY_OR_TX_STREAMING > READY
2025-09-29 16:12:22,241 DEBUG neo4j.pool: [#CA09]  _: <POOL> released bolt-57181
2025-09-29 16:12:22,241 DEBUG neo4j: [#0000]  _: <WORKSPACE> routing towards fixed database: demo
2025-09-29 16:12:22,241 DEBUG neo4j: [#0000]  _: <WORKSPACE> pinning database: 'demo'
2025-09-29 16:12:22,241 DEBUG neo4j.pool: [#0000]  _: <POOL> acquire direct connection, access_mode='WRITE', database=AcquisitionDatabase(name='demo', guessed=False)
2025-09-29 16:12:22,241 DEBUG neo4j.pool: [#CA09]  _: <POOL> picked existing connection bolt-57181
2025-09-29 16:12:22,241 DEBUG neo4j.pool: [#CA09]  _: <POOL> checked re_auth auth=None updated=False force=False
2025-09-29 16:12:22,241 DEBUG neo4j.pool: [#CA09]  _: <POOL> handing out existing connection
2025-09-29 16:12:22,241 DEBUG neo4j.io: [#CA09]  C: BEGIN {'db': 'demo', 'bookmarks': ['FB:kcwQzLoRLE7LTq2NdyMZ91NVySmQ']}
2025-09-29 16:12:22,241 DEBUG neo4j.io: [#CA09]  _: <CONNECTION> client state: READY > TX_READY_OR_TX_STREAMING
2025-09-29 16:12:22,241 DEBUG neo4j.io: [#CA09]  C: RUN "MATCH ()-[n:`Is based in`]->()\nWITH collect(distinct substring(toString(coalesce(n.`triplet_source_id`, '')), 0, 52)) AS `triplet_source_id_values`\nRETURN {`triplet_source_id`: {values:`triplet_source_id_values`[..10], distinct_count: size(`triplet_source_id_values`)}} AS output" {} {}
2025-09-29 16:12:22,241 DEBUG neo4j.io: [#CA09]  C: PULL {'n': 1000}
2025-09-29 16:12:22,242 DEBUG neo4j.io: [#CA09]  S: SUCCESS {}
2025-09-29 16:12:22,242 DEBUG neo4j.io: [#CA09]  _: <CONNECTION> server state: READY > TX_READY_OR_TX_STREAMING
2025-09-29 16:12:22,243 DEBUG neo4j.io: [#CA09]  S: SUCCESS {'t_first': 1, 'fields': ['output'], 'qid': 0}
2025-09-29 16:12:22,245 DEBUG neo4j.io: [#CA09]  S: RECORD * 1
2025-09-29 16:12:22,245 DEBUG neo4j.io: [#CA09]  S: SUCCESS {'statuses': [{'gql_status': '00000', 'status_description': 'note: successful completion'}], 'type': 'r', 't_last': 1, 'db': 'demo'}
2025-09-29 16:12:22,245 DEBUG neo4j.io: [#CA09]  C: COMMIT
2025-09-29 16:12:22,245 DEBUG neo4j.io: [#CA09]  _: <CONNECTION> client state: TX_READY_OR_TX_STREAMING > READY
2025-09-29 16:12:22,246 DEBUG neo4j.io: [#CA09]  S: SUCCESS {'bookmark': 'FB:kcwQzLoRLE7LTq2NdyMZ91NVySmQ'}
2025-09-29 16:12:22,246 DEBUG neo4j.io: [#CA09]  _: <CONNECTION> server state: TX_READY_OR_TX_STREAMING > READY
2025-09-29 16:12:22,246 DEBUG neo4j.pool: [#CA09]  _: <POOL> released bolt-57181
2025-09-29 16:12:22,246 DEBUG neo4j: [#0000]  _: <WORKSPACE> routing towards fixed database: demo
2025-09-29 16:12:22,246 DEBUG neo4j: [#0000]  _: <WORKSPACE> pinning database: 'demo'
2025-09-29 16:12:22,246 DEBUG neo4j.pool: [#0000]  _: <POOL> acquire direct connection, access_mode='WRITE', database=AcquisitionDatabase(name='demo', guessed=False)
2025-09-29 16:12:22,246 DEBUG neo4j.pool: [#CA09]  _: <POOL> picked existing connection bolt-57181
2025-09-29 16:12:22,246 DEBUG neo4j.pool: [#CA09]  _: <POOL> checked re_auth auth=None updated=False force=False
2025-09-29 16:12:22,246 DEBUG neo4j.pool: [#CA09]  _: <POOL> handing out existing connection
2025-09-29 16:12:22,246 DEBUG neo4j.io: [#CA09]  C: BEGIN {'db': 'demo', 'bookmarks': ['FB:kcwQzLoRLE7LTq2NdyMZ91NVySmQ']}
2025-09-29 16:12:22,246 DEBUG neo4j.io: [#CA09]  _: <CONNECTION> client state: READY > TX_READY_OR_TX_STREAMING
2025-09-29 16:12:22,247 DEBUG neo4j.io: [#CA09]  C: RUN "MATCH ()-[n:`SOURCE`]->()\nWITH collect(distinct substring(toString(coalesce(n.`triplet_source_id`, '')), 0, 52)) AS `triplet_source_id_values`\nRETURN {`triplet_source_id`: {values:`triplet_source_id_values`[..10], distinct_count: size(`triplet_source_id_values`)}} AS output" {} {}
2025-09-29 16:12:22,247 DEBUG neo4j.io: [#CA09]  C: PULL {'n': 1000}
2025-09-29 16:12:22,247 DEBUG neo4j.io: [#CA09]  S: SUCCESS {}
2025-09-29 16:12:22,247 DEBUG neo4j.io: [#CA09]  _: <CONNECTION> server state: READY > TX_READY_OR_TX_STREAMING
2025-09-29 16:12:22,248 DEBUG neo4j.io: [#CA09]  S: SUCCESS {'t_first': 1, 'fields': ['output'], 'qid': 0}
2025-09-29 16:12:22,249 DEBUG neo4j.io: [#CA09]  S: RECORD * 1
2025-09-29 16:12:22,249 DEBUG neo4j.io: [#CA09]  S: SUCCESS {'statuses': [{'gql_status': '00000', 'status_description': 'note: successful completion'}], 'type': 'r', 't_last': 1, 'db': 'demo'}
2025-09-29 16:12:22,249 DEBUG neo4j.io: [#CA09]  C: COMMIT
2025-09-29 16:12:22,249 DEBUG neo4j.io: [#CA09]  _: <CONNECTION> client state: TX_READY_OR_TX_STREAMING > READY
2025-09-29 16:12:22,250 DEBUG neo4j.io: [#CA09]  S: SUCCESS {'bookmark': 'FB:kcwQzLoRLE7LTq2NdyMZ91NVySmQ'}
2025-09-29 16:12:22,250 DEBUG neo4j.io: [#CA09]  _: <CONNECTION> server state: TX_READY_OR_TX_STREAMING > READY
2025-09-29 16:12:22,250 DEBUG neo4j.pool: [#CA09]  _: <POOL> released bolt-57181
2025-09-29 16:12:22,250 DEBUG neo4j: [#0000]  _: <WORKSPACE> routing towards fixed database: demo
2025-09-29 16:12:22,250 DEBUG neo4j: [#0000]  _: <WORKSPACE> pinning database: 'demo'
2025-09-29 16:12:22,250 DEBUG neo4j.pool: [#0000]  _: <POOL> acquire direct connection, access_mode='WRITE', database=AcquisitionDatabase(name='demo', guessed=False)
2025-09-29 16:12:22,250 DEBUG neo4j.pool: [#CA09]  _: <POOL> picked existing connection bolt-57181
2025-09-29 16:12:22,250 DEBUG neo4j.pool: [#CA09]  _: <POOL> checked re_auth auth=None updated=False force=False
2025-09-29 16:12:22,250 DEBUG neo4j.pool: [#CA09]  _: <POOL> handing out existing connection
2025-09-29 16:12:22,250 DEBUG neo4j.io: [#CA09]  C: BEGIN {'db': 'demo', 'bookmarks': ['FB:kcwQzLoRLE7LTq2NdyMZ91NVySmQ']}
2025-09-29 16:12:22,250 DEBUG neo4j.io: [#CA09]  _: <CONNECTION> client state: READY > TX_READY_OR_TX_STREAMING
2025-09-29 16:12:22,250 DEBUG neo4j.io: [#CA09]  C: RUN "MATCH ()-[n:`Is based in`]->()\nWITH collect(distinct substring(toString(coalesce(n.`triplet_source_id`, '')), 0, 52)) AS `triplet_source_id_values`\nRETURN {`triplet_source_id`: {values:`triplet_source_id_values`[..10], distinct_count: size(`triplet_source_id_values`)}} AS output" {} {}
2025-09-29 16:12:22,250 DEBUG neo4j.io: [#CA09]  C: PULL {'n': 1000}
2025-09-29 16:12:22,252 DEBUG neo4j.io: [#CA09]  S: SUCCESS {}
2025-09-29 16:12:22,252 DEBUG neo4j.io: [#CA09]  _: <CONNECTION> server state: READY > TX_READY_OR_TX_STREAMING
2025-09-29 16:12:22,253 DEBUG neo4j.io: [#CA09]  S: SUCCESS {'t_first': 1, 'fields': ['output'], 'qid': 0}
2025-09-29 16:12:22,255 DEBUG neo4j.io: [#CA09]  S: RECORD * 1
2025-09-29 16:12:22,255 DEBUG neo4j.io: [#CA09]  S: SUCCESS {'statuses': [{'gql_status': '00000', 'status_description': 'note: successful completion'}], 'type': 'r', 't_last': 0, 'db': 'demo'}
2025-09-29 16:12:22,255 DEBUG neo4j.io: [#CA09]  C: COMMIT
2025-09-29 16:12:22,255 DEBUG neo4j.io: [#CA09]  _: <CONNECTION> client state: TX_READY_OR_TX_STREAMING > READY
2025-09-29 16:12:22,256 DEBUG neo4j.io: [#CA09]  S: SUCCESS {'bookmark': 'FB:kcwQzLoRLE7LTq2NdyMZ91NVySmQ'}
2025-09-29 16:12:22,256 DEBUG neo4j.io: [#CA09]  _: <CONNECTION> server state: TX_READY_OR_TX_STREAMING > READY
2025-09-29 16:12:22,256 DEBUG neo4j.pool: [#CA09]  _: <POOL> released bolt-57181
2025-09-29 16:12:22,259 DEBUG openai._base_client: Request options: {'method': 'post', 'url': '/chat/completions', 'files': None, 'idempotency_key': 'stainless-python-retry-244bd003-ef07-42a0-96d1-4e1bfc505b98', 'json_data': {'messages': [{'role': 'user', 'content': "Given some initial query, generate synonyms or related keywords up to 10 in total, considering possible cases of capitalization, pluralization, common expressions, etc.\nProvide all synonyms/keywords separated by '^' symbols: 'keyword1^keyword2^...'\nNote, result should be in one-line, separated by '^' symbols.----\nQUERY: Where does ACME locate?\n----\nKEYWORDS: "}], 'model': 'gpt-3.5-turbo', 'stream': False, 'temperature': 0.1}}
2025-09-29 16:12:22,260 DEBUG openai._base_client: Sending HTTP Request: POST https://api.openai.com/v1/chat/completions
2025-09-29 16:12:22,261 DEBUG openai._base_client: Request options: {'method': 'post', 'url': '/embeddings', 'files': None, 'idempotency_key': 'stainless-python-retry-eb283011-dbd8-46c0-b26a-36d91269b213', 'post_parser': <function AsyncEmbeddings.create.<locals>.parser at 0x000002A1552A6F80>, 'json_data': {'input': ['Where does ACME locate?'], 'model': 'text-embedding-ada-002', 'encoding_format': 'base64'}}
2025-09-29 16:12:22,261 DEBUG openai._base_client: Sending HTTP Request: POST https://api.openai.com/v1/embeddings
2025-09-29 16:12:22,262 DEBUG httpcore.http11: send_request_headers.started request=<Request [b'POST']>
2025-09-29 16:12:22,262 DEBUG httpcore.http11: send_request_headers.started request=<Request [b'POST']>
2025-09-29 16:12:22,263 DEBUG httpcore.http11: send_request_headers.complete
2025-09-29 16:12:22,263 DEBUG httpcore.http11: send_request_body.started request=<Request [b'POST']>
2025-09-29 16:12:22,263 DEBUG httpcore.http11: send_request_headers.complete
2025-09-29 16:12:22,263 DEBUG httpcore.http11: send_request_body.started request=<Request [b'POST']>
2025-09-29 16:12:22,263 DEBUG httpcore.http11: send_request_body.complete
2025-09-29 16:12:22,263 DEBUG httpcore.http11: receive_response_headers.started request=<Request [b'POST']>
2025-09-29 16:12:22,263 DEBUG httpcore.http11: send_request_body.complete
2025-09-29 16:12:22,263 DEBUG httpcore.http11: receive_response_headers.started request=<Request [b'POST']>
2025-09-29 16:12:22,732 DEBUG httpcore.http11: receive_response_headers.complete return_value=(b'HTTP/1.1', 200, b'OK', [(b'Date', b'Mon, 29 Sep 2025 07:12:24 GMT'), (b'Content-Type', b'application/json'), (b'Transfer-Encoding', b'chunked'), (b'Connection', b'keep-alive'), (b'access-control-expose-headers', b'X-Request-ID'), (b'openai-organization', b'ehime-university-computer-science-lab'), (b'openai-processing-ms', b'250'), (b'openai-project', b'proj_J2ozYACnCAyF9swBaMOIo4Ft'), (b'openai-version', b'2020-10-01'), (b'x-envoy-upstream-service-time', b'271'), (b'x-ratelimit-limit-requests', b'10000'), (b'x-ratelimit-limit-tokens', b'200000'), (b'x-ratelimit-remaining-requests', b'9998'), (b'x-ratelimit-remaining-tokens', b'199907'), (b'x-ratelimit-reset-requests', b'16.188s'), (b'x-ratelimit-reset-tokens', b'27ms'), (b'x-request-id', b'req_21b589a5df9d43108afbb2fae0ddef32'), (b'x-openai-proxy-wasm', b'v0.1'), (b'cf-cache-status', b'DYNAMIC'), (b'Strict-Transport-Security', b'max-age=31536000; includeSubDomains; preload'), (b'X-Content-Type-Options', b'nosniff'), (b'Server', b'cloudflare'), (b'CF-RAY', b'9869ac091cd5d3fe-KIX'), (b'Content-Encoding', b'gzip'), (b'alt-svc', b'h3=":443"; ma=86400')])
2025-09-29 16:12:22,733 INFO httpx: HTTP Request: POST https://api.openai.com/v1/chat/completions "HTTP/1.1 200 OK"
2025-09-29 16:12:22,733 DEBUG httpcore.http11: receive_response_body.started request=<Request [b'POST']>
2025-09-29 16:12:22,733 DEBUG httpcore.http11: receive_response_body.complete
2025-09-29 16:12:22,733 DEBUG httpcore.http11: response_closed.started
2025-09-29 16:12:22,733 DEBUG httpcore.http11: response_closed.complete
2025-09-29 16:12:22,733 DEBUG openai._base_client: HTTP Response: POST https://api.openai.com/v1/chat/completions "200 OK" Headers({'date': 'Mon, 29 Sep 2025 07:12:24 GMT', 'content-type': 'application/json', 'transfer-encoding': 'chunked', 'connection': 'keep-alive', 'access-control-expose-headers': 'X-Request-ID', 'openai-organization': 'ehime-university-computer-science-lab', 'openai-processing-ms': '250', 'openai-project': 'proj_J2ozYACnCAyF9swBaMOIo4Ft', 'openai-version': '2020-10-01', 'x-envoy-upstream-service-time': '271', 'x-ratelimit-limit-requests': '10000', 'x-ratelimit-limit-tokens': '200000', 'x-ratelimit-remaining-requests': '9998', 'x-ratelimit-remaining-tokens': '199907', 'x-ratelimit-reset-requests': '16.188s', 'x-ratelimit-reset-tokens': '27ms', 'x-request-id': 'req_21b589a5df9d43108afbb2fae0ddef32', 'x-openai-proxy-wasm': 'v0.1', 'cf-cache-status': 'DYNAMIC', 'strict-transport-security': 'max-age=31536000; includeSubDomains; preload', 'x-content-type-options': 'nosniff', 'server': 'cloudflare', 'cf-ray': '9869ac091cd5d3fe-KIX', 'content-encoding': 'gzip', 'alt-svc': 'h3=":443"; ma=86400'})
2025-09-29 16:12:22,734 DEBUG openai._base_client: request_id: req_21b589a5df9d43108afbb2fae0ddef32
2025-09-29 16:12:22,734 DEBUG neo4j: [#0000]  _: <WORKSPACE> routing towards fixed database: demo
2025-09-29 16:12:22,734 DEBUG neo4j: [#0000]  _: <WORKSPACE> pinning database: 'demo'
2025-09-29 16:12:22,734 DEBUG neo4j.pool: [#0000]  _: <POOL> acquire direct connection, access_mode='WRITE', database=AcquisitionDatabase(name='demo', guessed=False)
2025-09-29 16:12:22,734 DEBUG neo4j.pool: [#CA09]  _: <POOL> picked existing connection bolt-57181
2025-09-29 16:12:22,734 DEBUG neo4j.pool: [#CA09]  _: <POOL> checked re_auth auth=None updated=False force=False
2025-09-29 16:12:22,734 DEBUG neo4j.pool: [#CA09]  _: <POOL> handing out existing connection
2025-09-29 16:12:22,734 DEBUG neo4j.io: [#CA09]  C: BEGIN {'db': 'demo', 'bookmarks': ['FB:kcwQzLoRLE7LTq2NdyMZ91NVySmQ']}
2025-09-29 16:12:22,734 DEBUG neo4j.io: [#CA09]  _: <CONNECTION> client state: READY > TX_READY_OR_TX_STREAMING
2025-09-29 16:12:22,734 DEBUG neo4j.io: [#CA09]  C: RUN "MATCH (e: __Node__) WHERE e.id IS NOT NULL AND e.id in $ids \n        WITH e\n        RETURN e.id AS name,\n               [l in labels(e) WHERE l <> '__Entity__' | l][0] AS type,\n               e{.* , embedding: Null, id: Null} AS properties\n        " {'ids': ['Acme', 'Locate', 'Where', 'Location', 'Find', 'Place', 'Acme corporation', 'Acme inc.', 'Acme headquarters', 'Acme address']} {}
2025-09-29 16:12:22,734 DEBUG neo4j.io: [#CA09]  C: PULL {'n': 1000}
2025-09-29 16:12:22,736 DEBUG neo4j.io: [#CA09]  S: SUCCESS {}
2025-09-29 16:12:22,736 DEBUG neo4j.io: [#CA09]  _: <CONNECTION> server state: READY > TX_READY_OR_TX_STREAMING
2025-09-29 16:12:22,737 DEBUG neo4j.io: [#CA09]  S: SUCCESS {'t_first': 1, 'fields': ['name', 'type', 'properties'], 'qid': 0}
2025-09-29 16:12:22,740 DEBUG neo4j.io: [#CA09]  S: RECORD * 1
2025-09-29 16:12:22,740 DEBUG neo4j.io: [#CA09]  S: SUCCESS {'statuses': [{'gql_status': '00000', 'status_description': 'note: successful completion'}], 'type': 'r', 't_last': 2, 'db': 'demo'}
2025-09-29 16:12:22,740 DEBUG neo4j.io: [#CA09]  C: COMMIT
2025-09-29 16:12:22,740 DEBUG neo4j.io: [#CA09]  _: <CONNECTION> client state: TX_READY_OR_TX_STREAMING > READY
2025-09-29 16:12:22,740 DEBUG neo4j.io: [#CA09]  S: SUCCESS {'bookmark': 'FB:kcwQzLoRLE7LTq2NdyMZ91NVySmQ'}
2025-09-29 16:12:22,742 DEBUG neo4j.io: [#CA09]  _: <CONNECTION> server state: TX_READY_OR_TX_STREAMING > READY
2025-09-29 16:12:22,742 DEBUG neo4j.pool: [#CA09]  _: <POOL> released bolt-57181
2025-09-29 16:12:22,742 DEBUG neo4j: [#0000]  _: <WORKSPACE> routing towards fixed database: demo
2025-09-29 16:12:22,742 DEBUG neo4j: [#0000]  _: <WORKSPACE> pinning database: 'demo'
2025-09-29 16:12:22,742 DEBUG neo4j.pool: [#0000]  _: <POOL> acquire direct connection, access_mode='WRITE', database=AcquisitionDatabase(name='demo', guessed=False)
2025-09-29 16:12:22,742 DEBUG neo4j.pool: [#CA09]  _: <POOL> picked existing connection bolt-57181
2025-09-29 16:12:22,742 DEBUG neo4j.pool: [#CA09]  _: <POOL> checked re_auth auth=None updated=False force=False
2025-09-29 16:12:22,742 DEBUG neo4j.pool: [#CA09]  _: <POOL> handing out existing connection
2025-09-29 16:12:22,742 DEBUG neo4j.io: [#CA09]  C: BEGIN {'db': 'demo', 'bookmarks': ['FB:kcwQzLoRLE7LTq2NdyMZ91NVySmQ']}
2025-09-29 16:12:22,742 DEBUG neo4j.io: [#CA09]  _: <CONNECTION> client state: READY > TX_READY_OR_TX_STREAMING
2025-09-29 16:12:22,742 DEBUG neo4j.io: [#CA09]  C: RUN "\n            WITH $ids AS id_list\n            UNWIND range(0, size(id_list) - 1) AS idx\n            MATCH (e:`__Entity__`)\n            WHERE e.id = id_list[idx]\n            MATCH p=(e)-[r*1..1]-(other)\n            WHERE ALL(rel in relationships(p) WHERE type(rel) <> 'MENTIONS')\n            UNWIND relationships(p) AS rel\n            WITH distinct rel, idx\n            WITH startNode(rel) AS source,\n                type(rel) AS type,\n                rel{.*} AS rel_properties,\n                endNode(rel) AS endNode,\n                idx\n            LIMIT toInteger($limit)\n            RETURN source.id AS source_id, [l in labels(source)\n                   WHERE NOT l IN ['__Entity__', '__Node__'] | l][0] AS source_type,\n                source{.* , embedding: Null, id: Null} AS source_properties,\n                type,\n                rel_properties,\n                endNode.id AS target_id, [l in labels(endNode)\n                   WHERE NOT l IN ['__Entity__', '__Node__'] | l][0] AS target_type,\n                endNode{.* , embedding: Null, id: Null} AS target_properties,\n                idx\n            ORDER BY idx\n            LIMIT toInteger($limit)\n            " {'ids': ['Acme'], 'limit': 30} {}
2025-09-29 16:12:22,742 DEBUG neo4j.io: [#CA09]  C: PULL {'n': 1000}
2025-09-29 16:12:22,743 DEBUG neo4j.io: [#CA09]  S: SUCCESS {}
2025-09-29 16:12:22,743 DEBUG neo4j.io: [#CA09]  _: <CONNECTION> server state: READY > TX_READY_OR_TX_STREAMING
2025-09-29 16:12:22,747 DEBUG neo4j.io: [#CA09]  S: SUCCESS {'t_first': 2, 'fields': ['source_id', 'source_type', 'source_properties', 'type', 'rel_properties', 'target_id', 'target_type', 'target_properties', 'idx'], 'qid': 0}
2025-09-29 16:12:22,754 DEBUG neo4j.io: [#CA09]  S: RECORD * 1
2025-09-29 16:12:22,754 DEBUG neo4j.io: [#CA09]  S: RECORD * 1
2025-09-29 16:12:22,754 DEBUG neo4j.io: [#CA09]  S: SUCCESS {'statuses': [{'gql_status': '00000', 'status_description': 'note: successful completion'}], 'type': 'r', 't_last': 6, 'db': 'demo'}
2025-09-29 16:12:22,755 DEBUG neo4j.io: [#CA09]  C: COMMIT
2025-09-29 16:12:22,755 DEBUG neo4j.io: [#CA09]  _: <CONNECTION> client state: TX_READY_OR_TX_STREAMING > READY
2025-09-29 16:12:22,755 DEBUG neo4j.io: [#CA09]  S: SUCCESS {'bookmark': 'FB:kcwQzLoRLE7LTq2NdyMZ91NVySmQ'}
2025-09-29 16:12:22,755 DEBUG neo4j.io: [#CA09]  _: <CONNECTION> server state: TX_READY_OR_TX_STREAMING > READY
2025-09-29 16:12:22,756 DEBUG neo4j.pool: [#CA09]  _: <POOL> released bolt-57181
2025-09-29 16:12:22,756 DEBUG neo4j: [#0000]  _: <WORKSPACE> routing towards fixed database: demo
2025-09-29 16:12:22,756 DEBUG neo4j: [#0000]  _: <WORKSPACE> pinning database: 'demo'
2025-09-29 16:12:22,756 DEBUG neo4j.pool: [#0000]  _: <POOL> acquire direct connection, access_mode='WRITE', database=AcquisitionDatabase(name='demo', guessed=False)
2025-09-29 16:12:22,756 DEBUG neo4j.pool: [#CA09]  _: <POOL> picked existing connection bolt-57181
2025-09-29 16:12:22,756 DEBUG neo4j.pool: [#CA09]  _: <POOL> checked re_auth auth=None updated=False force=False
2025-09-29 16:12:22,756 DEBUG neo4j.pool: [#CA09]  _: <POOL> handing out existing connection
2025-09-29 16:12:22,756 DEBUG neo4j.io: [#CA09]  C: BEGIN {'db': 'demo', 'bookmarks': ['FB:kcwQzLoRLE7LTq2NdyMZ91NVySmQ']}
2025-09-29 16:12:22,756 DEBUG neo4j.io: [#CA09]  _: <CONNECTION> client state: READY > TX_READY_OR_TX_STREAMING
2025-09-29 16:12:22,756 DEBUG neo4j.io: [#CA09]  C: RUN "MATCH (e: __Node__) WHERE e.id IS NOT NULL AND e.id in $ids \n        WITH e\n        RETURN e.id AS name,\n               [l in labels(e) WHERE l <> '__Entity__' | l][0] AS type,\n               e{.* , embedding: Null, id: Null} AS properties\n        " {'ids': ['3f704b5c-0b52-4fc9-b3a7-213ca5155cfd', '3f704b5c-0b52-4fc9-b3a7-213ca5155cfd']} {}
2025-09-29 16:12:22,757 DEBUG neo4j.io: [#CA09]  C: PULL {'n': 1000}
2025-09-29 16:12:22,758 DEBUG neo4j.io: [#CA09]  S: SUCCESS {}
2025-09-29 16:12:22,759 DEBUG neo4j.io: [#CA09]  _: <CONNECTION> server state: READY > TX_READY_OR_TX_STREAMING
2025-09-29 16:12:23,032 DEBUG neo4j.io: [#CA09]  S: SUCCESS {'t_first': 274, 'fields': ['name', 'type', 'properties'], 'qid': 0}
2025-09-29 16:12:23,038 DEBUG neo4j.io: [#CA09]  S: RECORD * 1
2025-09-29 16:12:23,038 DEBUG neo4j.io: [#CA09]  S: SUCCESS {'statuses': [{'gql_status': '00000', 'status_description': 'note: successful completion'}], 'type': 'r', 't_last': 5, 'db': 'demo'}
2025-09-29 16:12:23,038 DEBUG neo4j.io: [#CA09]  C: COMMIT
2025-09-29 16:12:23,038 DEBUG neo4j.io: [#CA09]  _: <CONNECTION> client state: TX_READY_OR_TX_STREAMING > READY
2025-09-29 16:12:23,040 DEBUG neo4j.io: [#CA09]  S: SUCCESS {'bookmark': 'FB:kcwQzLoRLE7LTq2NdyMZ91NVySmQ'}
2025-09-29 16:12:23,040 DEBUG neo4j.io: [#CA09]  _: <CONNECTION> server state: TX_READY_OR_TX_STREAMING > READY
2025-09-29 16:12:23,040 DEBUG neo4j.pool: [#CA09]  _: <POOL> released bolt-57181
2025-09-29 16:12:23,041 DEBUG httpcore.http11: receive_response_headers.complete return_value=(b'HTTP/1.1', 200, b'OK', [(b'Date', b'Mon, 29 Sep 2025 07:12:25 GMT'), (b'Content-Type', b'application/json'), (b'Transfer-Encoding', b'chunked'), (b'Connection', b'keep-alive'), (b'access-control-allow-origin', b'*'), (b'access-control-expose-headers', b'X-Request-ID'), (b'openai-model', b'text-embedding-ada-002-v2'), (b'openai-organization', b'ehime-university-computer-science-lab'), (b'openai-processing-ms', b'308'), (b'openai-project', b'proj_J2ozYACnCAyF9swBaMOIo4Ft'), (b'openai-version', b'2020-10-01'), (b'strict-transport-security', b'max-age=31536000; includeSubDomains; preload'), (b'via', b'envoy-router-547556b7bb-6wd6p'), (b'x-envoy-upstream-service-time', b'341'), (b'x-ratelimit-limit-requests', b'3000'), (b'x-ratelimit-limit-tokens', b'1000000'), (b'x-ratelimit-remaining-requests', b'2999'), (b'x-ratelimit-remaining-tokens', b'999995'), (b'x-ratelimit-reset-requests', b'20ms'), (b'x-ratelimit-reset-tokens', b'0s'), (b'x-request-id', b'req_b8d2ad607b9f4590acf6fbbbd839514e'), (b'x-openai-proxy-wasm', b'v0.1'), (b'cf-cache-status', b'DYNAMIC'), (b'X-Content-Type-Options', b'nosniff'), (b'Server', b'cloudflare'), (b'CF-RAY', b'9869ac091afa9aae-KIX'), (b'Content-Encoding', b'gzip'), (b'alt-svc', b'h3=":443"; ma=86400')])
2025-09-29 16:12:23,041 INFO httpx: HTTP Request: POST https://api.openai.com/v1/embeddings "HTTP/1.1 200 OK"
2025-09-29 16:12:23,042 DEBUG httpcore.http11: receive_response_body.started request=<Request [b'POST']>
2025-09-29 16:12:23,043 DEBUG httpcore.http11: receive_response_body.complete
2025-09-29 16:12:23,043 DEBUG httpcore.http11: response_closed.started
2025-09-29 16:12:23,043 DEBUG httpcore.http11: response_closed.complete
2025-09-29 16:12:23,043 DEBUG openai._base_client: HTTP Response: POST https://api.openai.com/v1/embeddings "200 OK" Headers({'date': 'Mon, 29 Sep 2025 07:12:25 GMT', 'content-type': 'application/json', 'transfer-encoding': 'chunked', 'connection': 'keep-alive', 'access-control-allow-origin': '*', 'access-control-expose-headers': 'X-Request-ID', 'openai-model': 'text-embedding-ada-002-v2', 'openai-organization': 'ehime-university-computer-science-lab', 'openai-processing-ms': '308', 'openai-project': 'proj_J2ozYACnCAyF9swBaMOIo4Ft', 'openai-version': '2020-10-01', 'strict-transport-security': 'max-age=31536000; includeSubDomains; preload', 'via': 'envoy-router-547556b7bb-6wd6p', 'x-envoy-upstream-service-time': '341', 'x-ratelimit-limit-requests': '3000', 'x-ratelimit-limit-tokens': '1000000', 'x-ratelimit-remaining-requests': '2999', 'x-ratelimit-remaining-tokens': '999995', 'x-ratelimit-reset-requests': '20ms', 'x-ratelimit-reset-tokens': '0s', 'x-request-id': 'req_b8d2ad607b9f4590acf6fbbbd839514e', 'x-openai-proxy-wasm': 'v0.1', 'cf-cache-status': 'DYNAMIC', 'x-content-type-options': 'nosniff', 'server': 'cloudflare', 'cf-ray': '9869ac091afa9aae-KIX', 'content-encoding': 'gzip', 'alt-svc': 'h3=":443"; ma=86400'})
2025-09-29 16:12:23,043 DEBUG openai._base_client: request_id: req_b8d2ad607b9f4590acf6fbbbd839514e
2025-09-29 16:12:23,045 DEBUG neo4j: [#0000]  _: <WORKSPACE> routing towards fixed database: demo
2025-09-29 16:12:23,045 DEBUG neo4j: [#0000]  _: <WORKSPACE> pinning database: 'demo'
2025-09-29 16:12:23,045 DEBUG neo4j.pool: [#0000]  _: <POOL> acquire direct connection, access_mode='WRITE', database=AcquisitionDatabase(name='demo', guessed=False)
2025-09-29 16:12:23,045 DEBUG neo4j.pool: [#CA09]  _: <POOL> picked existing connection bolt-57181
2025-09-29 16:12:23,045 DEBUG neo4j.pool: [#CA09]  _: <POOL> checked re_auth auth=None updated=False force=False
2025-09-29 16:12:23,046 DEBUG neo4j.pool: [#CA09]  _: <POOL> handing out existing connection
2025-09-29 16:12:23,046 DEBUG neo4j.io: [#CA09]  C: BEGIN {'db': 'demo', 'bookmarks': ['FB:kcwQzLoRLE7LTq2NdyMZ91NVySmQ']}
2025-09-29 16:12:23,046 DEBUG neo4j.io: [#CA09]  _: <CONNECTION> client state: READY > TX_READY_OR_TX_STREAMING
2025-09-29 16:12:23,046 DEBUG neo4j.io: [#CA09]  C: RUN "CALL db.index.vector.queryNodes('entity', $limit, $embedding)\n                YIELD node, score RETURN node.id AS name,\n                [l in labels(node) WHERE NOT l IN ['__Entity__', '__Node__'] | l][0] AS type,\n                node{.* , embedding: Null, name: Null, id: Null} AS properties,\n                score\n                " {'embedding': [0.0002868813753593713, -0.005491096060723066, -0.0018693847814574838, -0.018048252910375595, -0.03683432936668396, 0.04438281059265137, -0.01742394268512726, 0.010776452720165253, 0.01628883183002472, 0.003350348910316825, 0.04026803746819496, -0.020659007132053375, -0.009981876239180565, -0.016487477347254753, -0.014770622365176678, -0.004973202012479305, 0.005260526668280363, -0.003204912878572941, -0.01369226723909378, -0.004380816128104925, -4.7776615247130394e-05, -0.0019137249328196049, -0.013302073813974857, -0.026845358312129974, 0.021708983927965164, 0.013678078539669514, 0.00920148752629757, -0.03635190799832344, -0.004895163234323263, 0.0026533203199505806, 0.01946714147925377, -0.0062856730073690414, -0.02606496959924698, 0.01685638725757599, -0.001207828288897872, 0.002438713563606143, 0.0068035670556128025, -0.021694794297218323, -0.001496926648542285, -0.015707088634371758, 0.009783231653273106, 0.002126558218151331, -0.010159237310290337, -0.01728205382823944, 0.004834860097616911, 0.0239650160074234, 0.012748707085847855, 0.012599724344909191, -0.02860477939248085, 0.0037139388732612133, -0.01834622025489807, 0.008364344015717506, -0.0018250445136800408, -0.00417507765814662, -0.010308220051229, -0.02728521265089512, -0.02037522941827774, 0.00044473266461864114, 0.011464613489806652, -0.019367819651961327, 0.00429568300023675, -0.0022631261963397264, -0.01784960925579071, 0.00564362620934844, 0.007009305991232395, -0.0024635440204292536, -0.0006956984288990498, 0.00741368904709816, -0.010819019749760628, -0.02746966853737831, 0.029200712218880653, 0.01630302146077156, -0.001577625866048038, -0.021552905440330505, 0.03447897359728813, -0.01858743093907833, -0.005086713004857302, -0.00768327759578824, -0.009393037296831608, 0.03008042275905609, 0.014770622365176678, -0.019424574449658394, -0.016430720686912537, 0.04622736573219299, -0.0014898321824148297, -0.020744139328598976, 0.008598459884524345, 0.0007041231147013605, -0.008889332413673401, -0.009144731797277927, 0.014245633967220783, 0.031499311327934265, 0.023425837978720665, 0.009322092868387699, -0.029512867331504822, -0.009712287224829197, 0.011322724632918835, 0.03121553175151348, -0.003724580630660057, -0.021453583613038063, -0.003619937691837549, 0.005370490252971649, -0.010237275622785091, -0.024106904864311218, -0.040778838098049164, -0.00888223759829998, -0.012315946631133556, -0.018431352451443672, 0.011053136549890041, -0.01709759794175625, -0.02054549567401409, 0.014969266951084137, 0.001723061897791922, -0.019594840705394745, -0.020488740876317024, -0.0030630240216851234, 0.016090188175439835, -0.02240423858165741, 0.008406910113990307, -0.009407225996255875, 0.02037522941827774, 0.05550689250230789, 0.01938200742006302, -0.00908088218420744, 0.019268495962023735, -0.008442382328212261, -0.04109099134802818, -0.020843463018536568, -0.008562987670302391, -0.028008846566081047, 0.033372242003679276, -0.004465949255973101, 0.0073498389683663845, 0.008172794245183468, 0.0052356962114572525, -0.01303957961499691, -0.015380743891000748, 0.02068738453090191, -0.013181467540562153, -0.0045510828495025635, 0.012706140987575054, 0.029143955558538437, -0.020275907590985298, 0.028420323505997658, -0.0251710694283247, 0.03192497789859772, 0.01647328771650791, -0.004256663378328085, -0.00256641348823905, -0.011762579903006554, 0.0012308851582929492, -0.019665785133838654, 0.004767463076859713, 0.0013443962670862675, 0.012032168917357922, 0.019027285277843475, 0.011918657459318638, 0.017154354602098465, -0.01719691976904869, -0.030676355585455894, -0.02639131434261799, 0.010748075321316719, 0.014557789079844952, -0.01519628893584013, 0.006732622627168894, 0.019254308193922043, 0.0438152551651001, -0.0005529228365048766, -0.01840297505259514, -0.00682485057041049, -0.009747759439051151, 0.01801987551152706, -0.020176585763692856, 0.01848810911178589, 0.00864102691411972, 0.017650965601205826, 0.022872472181916237, 0.01630302146077156, -0.013011201284825802, -0.020488740876317024, 0.024050148203969002, -0.009144731797277927, 0.017395565286278725, 0.018459729850292206, -0.01882864162325859, 0.014039895497262478, 0.0086339320987463, -0.005147015675902367, 0.026589957997202873, -0.011805146932601929, -0.009875459596514702, 0.0018871207721531391, -0.00394805520772934, -0.013734834268689156, -0.6361157894134521, -0.02925746701657772, 0.0017842514207586646, -0.028732478618621826, 0.017168542370200157, 0.024220414459705353, 0.030250689014792442, 0.014756433665752411, -0.013614228926599026, 0.020588062703609467, -0.019452951848506927, 0.01450103335082531, -0.004760368727147579, -0.0005866214632987976, -0.007562672253698111, -0.018289463594555855, 0.01291187945753336, -0.012521685101091862, 0.023241382092237473, 0.0023411649744957685, -0.010294031351804733, 0.005335018038749695, 0.005551398731768131, -0.003660730551928282, 0.01759420894086361, 0.00431696604937315, 0.02673184685409069, -0.020176585763692856, -0.007633616682142019, -0.010577809065580368, -0.030846621841192245, 0.029370978474617004, -0.0069419085048139095, 0.012266285717487335, 0.03748701512813568, 0.021737361326813698, -0.024901481345295906, -0.014352050609886646, -0.017310431227087975, 0.019836051389575005, -0.0029974004719406366, -0.030250689014792442, 0.011556841433048248, 0.007874827831983566, 0.013756117783486843, 0.0005604606703855097, 0.03130066394805908, -0.01148589700460434, 0.004068661015480757, -0.004959012847393751, 0.004221191164106131, -0.009719382040202618, 0.004210549872368574, 0.0020573872607201338, 0.015082777477800846, 0.018700942397117615, 0.0408923476934433, 0.007718749810010195, -0.005061882548034191, 0.025355525314807892, 0.0019279138650745153, 0.02925746701657772, -0.014089556410908699, -0.051534004509449005, 0.003983527421951294, -0.008066377602517605, -0.006005442701280117, 0.002788114594295621, 0.005476906895637512, -0.019268495962023735, 0.015778033062815666, 0.020431984215974808, -0.022588694468140602, 0.013600040227174759, -0.0007489067502319813, 0.011074419133365154, 0.004054471850395203, -0.008414004929363728, 0.004739085212349892, -0.0007098873029462993, 0.004263757728040218, -0.004263757728040218, 0.0019119513453915715, -0.032889820635318756, 0.03113039955496788, 0.0013355282135307789, -0.0015563425840809941, -0.0037600528448820114, -0.0013807552168145776, 0.0008384740212932229, 0.03958697244524956, 0.034762751311063766, -0.003494011238217354, -0.03862212598323822, -0.007867733016610146, 0.005391773767769337, 0.004068661015480757, 0.020502928644418716, 0.0024014676455408335, -0.0119825080037117, 0.0008526628953404725, 0.00537758506834507, 0.0059203095734119415, -0.009258243255317211, 0.03138579800724983, 0.001254828879609704, -0.0191549863666296, 0.006303409114480019, 0.027994656935334206, -0.028306812047958374, -0.030591221526265144, -0.0109963808208704, -0.041516657918691635, -0.000484195479657501, -0.015394932590425014, -0.029143955558538437, 0.006267936900258064, 0.011500085704028606, -0.006413373164832592, -0.01956646330654621, 0.028704101219773293, 0.014025705866515636, 0.01018051989376545, -0.007832260802388191, 0.004086397122591734, -0.008775820955634117, 0.028987878933548927, -0.024745404720306396, 0.010499769821763039, -0.007200855761766434, -0.00682485057041049, 0.0038168083410710096, -0.0005644513294100761, -0.02011982910335064, 0.02109886147081852, 0.03839510306715965, 0.022276539355516434, -0.01645909808576107, -0.016331398859620094, -0.01582060009241104, -0.04128963500261307, -0.016161132603883743, -0.013287884183228016, -0.00018711583106778562, -0.021453583613038063, -0.0018232709262520075, -0.00022657864610664546, 0.027668312191963196, -0.010911247693002224, 0.0004917333135381341, 0.005551398731768131, -0.002555771730840206, -0.028093978762626648, 0.03013717755675316, -0.023198816925287247, -0.01661517657339573, 0.002491921652108431, -0.027483858168125153, 0.0004247795441187918, -0.004313419107347727, 0.012571346014738083, 0.032151997089385986, -0.0009675041656009853, 0.005051240790635347, 0.0059486874379217625, 0.022347483783960342, 0.003657183377072215, 0.021978572010993958, 0.005672004073858261, -0.024674460291862488, 0.005047693382948637, 0.004923540633171797, 0.0006416033720597625, 0.010712603107094765, -0.0010836755391210318, -0.01010957546532154, -0.01352909579873085, 0.015692899003624916, -0.010052820667624474, 0.0032102337572723627, 0.004391457885503769, 0.009726475924253464, 0.0028182659298181534, 0.020006317645311356, 0.005558493081480265, 0.000609234964940697, 0.03306008502840996, -0.0021283316891640425, -0.02046036347746849, 0.01728205382823944, -0.019296875223517418, 0.01345105655491352, -0.0021691247820854187, -0.006856775376945734, 0.005977064836770296, -0.0010552977910265326, 0.01067003607749939, 0.01630302146077156, -0.015338177792727947, 0.02729940228164196, 0.0057855150662362576, 0.0254264697432518, 0.027100756764411926, 0.004029641393572092, 0.008598459884524345, -0.01637396588921547, -0.020190773531794548, -0.05388936027884483, 0.02917233482003212, 0.0032120072282850742, 0.005012221168726683, -0.031243911013007164, 0.006306956522166729, -0.0003094949061051011, -0.007505916524678469, 0.01970835216343403, 0.017310431227087975, 0.012691951356828213, 0.002912267344072461, 0.0068035670556128025, 0.004845501855015755, -0.009187298826873302, 0.014160500839352608, -0.019112419337034225, -0.0024280718062072992, 0.0028643799014389515, 0.0044482131488621235, 0.015125344507396221, 0.001082788803614676, -0.016558421775698662, -0.010194709524512291, -0.019084041938185692, 0.036295149475336075, 0.00900284294039011, 0.028746668249368668, -0.0026479994412511587, -0.0007666428573429585, -0.0006792925414629281, 0.006296314764767885, 0.008186982944607735, 0.009705192409455776, 0.004813577048480511, 0.030534466728568077, -0.0056471736170351505, 0.011904468759894371, 0.010223086923360825, 0.017225299030542374, 0.02241842821240425, 0.00719021400436759, 0.008626838214695454, -0.02494404837489128, -0.025696057826280594, -0.008257927373051643, 0.011840619146823883, 0.016984086483716965, 0.016969898715615273, 0.02193600684404373, -0.007278894539922476, 0.01406117808073759, 0.029541244730353355, -0.003823902690783143, -0.00026249425718560815, 0.011088608764111996, 0.007619427517056465, 0.013216939754784107, -0.006381447892636061, -0.000515233667101711, -0.013046673499047756, 0.003987074829638004, -0.007335650268942118, 0.0005342999356798828, -0.003423066809773445, 0.024419059976935387, -0.010145047679543495, 0.026873735710978508, 0.008648121729493141, -0.02721426822245121, -0.01654423214495182, -0.00045315729221329093, 0.0036039750557392836, -0.036777570843696594, -0.039728857576847076, 0.022758960723876953, 0.01792055368423462, -0.005299546290189028, 0.013940572738647461, -0.009903836995363235, 0.015579388476908207, -0.012450740672647953, 0.026788601651787758, 0.01939619705080986, 0.00468587689101696, -0.025639303028583527, 0.0013044900260865688, 0.004955465905368328, -0.002970796311274171, 0.011627785861492157, -0.0341951958835125, 0.004164435900747776, 0.003763600019738078, -0.009953497909009457, -0.007119269575923681, -0.009918025694787502, -0.021141428500413895, 0.04390038922429085, 0.002259578788653016, 0.004026094451546669, -0.032151997089385986, -0.015905732288956642, -0.021368451416492462, 0.004086397122591734, 0.011010569520294666, 0.006991569884121418, -0.007605238817632198, -0.0030062685254961252, 0.015423310920596123, -0.01709759794175625, -0.01671449840068817, 0.04180043563246727, 0.004859691020101309, -0.02582375891506672, -0.03924643620848656, -0.015551011078059673, -0.013990233652293682, 0.03967210277915001, 0.00478519918397069, -0.014798999764025211, 0.015480066649615765, -0.0033751793671399355, -0.0032102337572723627, -0.007889016531407833, -0.016487477347254753, -0.0014197746058925986, -0.002289730357006192, -0.01662936620414257, -0.007619427517056465, 0.008619743399322033, 0.007172477897256613, 0.030279066413640976, -0.0037316749803721905, 0.01445846725255251, -0.016416532918810844, -0.015934109687805176, 0.0076548997312784195, 0.004238927271217108, -0.02003469690680504, 0.017721908167004585, 0.024348115548491478, 0.008555893786251545, 0.006289220415055752, 0.017991498112678528, 0.00864102691411972, 0.0021620304323732853, -0.025894703343510628, 0.014025705866515636, -0.009974781423807144, 0.00011661484313663095, 0.02060225047171116, 0.004771010484546423, 0.01303248479962349, -0.009024126455187798, 0.025398092344403267, 0.0003243488899897784, 0.009790326468646526, 0.02973988838493824, -0.006963192019611597, -0.0007719636778347194, -0.026618335396051407, 0.0021105955820530653, -0.022262349724769592, 0.009222771041095257, 0.030108800157904625, 0.021453583613038063, -0.011088608764111996, 0.006044462323188782, -0.008506232872605324, 0.004575913306325674, -0.021879250183701515, 0.015281422063708305, 0.005824534688144922, 0.0008371438016183674, 0.015167910605669022, -0.00024231943825725466, -0.053577203303575516, -0.02214883826673031, -0.00161398493219167, 0.0029637019615620375, -0.01193284709006548, -0.03935994952917099, -0.03674919530749321, -0.007669088896363974, -0.009861270897090435, -0.027583179995417595, -0.009258243255317211, -0.009868364781141281, -0.027356157079339027, -0.03218037635087967, 0.01647328771650791, 0.030279066413640976, 0.0032935934141278267, 0.021141428500413895, -0.022106273099780083, -0.0030204574577510357, 0.013018296100199223, -0.008449477143585682, -0.011556841433048248, -0.012358512729406357, -0.0034195196349173784, -0.029853399842977524, 0.01223081350326538, 0.02339746057987213, -0.0049341823905706406, -0.008229549042880535, 0.01621788740158081, -0.0026338105089962482, 0.01653004251420498, 0.029030445963144302, -0.01987861841917038, 0.006509148050099611, -0.0048242188058793545, 0.018034065142273903, 0.055847425013780594, -0.011187930591404438, -0.030534466728568077, 0.022943416610360146, -0.008797104470431805, 0.020758328959345818, -0.011748391203582287, -0.012237907387316227, 0.00444111879914999, -0.0022134650498628616, 0.022829905152320862, -0.0009958818554878235, -0.00791030004620552, 0.026433879509568214, -0.011031853035092354, 0.004799387883394957, -0.0046610464341938496, 0.0017815909814089537, 0.02193600684404373, 0.0037777889519929886, 0.0007661994313821197, -0.029796645045280457, -0.0038948471192270517, 0.019821863621473312, -0.038026195019483566, 0.03657892718911171, 0.01589154452085495, -0.0062856730073690414, 0.04693681001663208, -0.010258559137582779, 0.02273058332502842, -0.022844094783067703, -0.002536261919885874, -0.017480697482824326, 0.0061189536936581135, -0.008456571958959103, -0.03501815348863602, -0.011209214106202126, -0.030193932354450226, 0.015082777477800846, 0.01519628893584013, -0.009258243255317211, -0.020815083757042885, 0.010563620366156101, 0.0006070179515518248, -0.021481961011886597, 0.015551011078059673, -0.017977308481931686, -0.028874367475509644, -0.008442382328212261, 0.005288904532790184, -0.0012007338227704167, 0.0033698587212711573, 0.006658131256699562, 0.01647328771650791, -0.0044482131488621235, -0.01597667671740055, -0.028420323505997658, -0.01396895106881857, 0.011088608764111996, 0.006097670644521713, 0.024546759203076363, -0.007669088896363974, 0.03575597330927849, 0.011010569520294666, 0.038593750447034836, -0.0035809180699288845, -0.014557789079844952, -0.0010810152161866426, -0.007356933318078518, 0.03359926491975784, -0.023440027609467506, -0.02134007215499878, 0.0029353240970522165, 0.007392405532300472, 0.010201803408563137, -0.011429141275584698, -0.023808937519788742, 0.03836672753095627, 0.006991569884121418, -0.014571977779269218, -0.00010564063268247992, -0.05232858285307884, 0.0012734518386423588, -0.00974066462367773, 1.750054070726037e-05, 0.025880513712763786, -0.024319738149642944, -0.005632984917610884, 0.04239637032151222, 0.03113039955496788, 0.016828009858727455, -0.02834937907755375, 0.045574676245450974, -0.013791589997708797, 0.03884914889931679, 0.006729075685143471, 0.00598770659416914, -0.0004289918579161167, -0.005338565446436405, -0.015182100236415863, -0.0007883695652708411, 0.030931754037737846, -0.01702665351331234, -0.004696518648415804, 0.02746966853737831, -0.00932918768376112, 0.009463981725275517, 0.02461770363152027, 0.00610831193625927, -0.0022329746279865503, 0.0018605167279019952, -0.014671300537884235, 0.0020467457361519337, -0.0010925435926765203, 0.0009612964931875467, -0.016572609543800354, 0.026221048086881638, -0.01573546603322029, -0.0006473675603047013, 0.016884764656424522, -0.038820769637823105, -0.0007715202518738806, 0.015480066649615765, -0.0009719381923787296, 0.02468864805996418, -0.009832892566919327, 0.020304284989833832, 0.007161836139857769, 0.0034603127278387547, -0.011819335632026196, 0.00298321177251637, -0.002493695355951786, -0.0018410069169476628, 0.031073642894625664, 0.02867572382092476, -0.0008358136401511729, -0.01678544282913208, 0.0034088781103491783, -0.003933866508305073, 0.019921185448765755, -0.026178481057286263, 0.01556519977748394, 0.017494887113571167, 0.007264705840498209, -0.018360408022999763, -0.02704400196671486, -0.0077613163739442825, -0.008683593943715096, -0.008648121729493141, -0.008690687827765942, -0.00802381057292223, -0.009726475924253464, -0.004210549872368574, 0.00778259988874197, -0.0008752764551900327, 0.02518525905907154, 0.020403606817126274, -0.01230175793170929, -0.0009825797751545906, -0.0027083021122962236, -0.001330207334831357, 0.02793790213763714, -0.008406910113990307, 0.026093346998095512, 0.023681238293647766, -0.001488945446908474, -0.008328871801495552, -0.005969970487058163, -0.019169174134731293, -0.007197308354079723, -0.0030062685254961252, 0.024234604090452194, 0.005469812545925379, -0.0174381323158741, -0.010230181738734245, -0.018757697194814682, 0.030506089329719543, 0.024050148203969002, 0.010443014092743397, 0.0020946331787854433, 0.02437649294734001, -0.012415268458425999, 0.02085765078663826, 0.01882864162325859, -0.020488740876317024, -0.012784179300069809, -0.011315630748867989, -0.024064337834715843, -0.030676355585455894, 0.009336281567811966, 0.0036305792164057493, -0.009017032571136951, 0.001394944149069488, 0.017977308481931686, 0.0022773148957639933, -0.0012007338227704167, 0.027498045936226845, -0.0023181079886853695, -0.004043830558657646, -0.011911563575267792, 0.0035702765453606844, 0.008917709812521935, 0.02844870090484619, 0.011698730289936066, -0.014486844651401043, 0.004749726969748735, -0.006204087287187576, -0.02200694940984249, 0.017409753054380417, 0.012904784642159939, -0.009882553480565548, -0.024262981489300728, 0.005735854152590036, -0.002933550626039505, -0.006885153241455555, -0.02884599007666111, -0.012443645857274532, 0.03096013329923153, 0.0023819580674171448, -0.019452951848506927, -0.009967686608433723, 0.0203610397875309, -0.023440027609467506, -0.0005968196783214808, 0.005196676589548588, 0.004692971706390381, 0.00192081939894706, 0.013919289223849773, -0.011670352891087532, 0.00716893095523119, -0.0006535752327181399, -0.004231832921504974, 0.017125975340604782, 0.008697782643139362, 0.0003702410322148353, -0.015522632747888565, 0.004355985671281815, -0.017636775970458984, -0.013784495182335377, 0.011450424790382385, 0.01523885503411293, -0.0063601648434996605, -0.013855439610779285, 0.016515854746103287, -0.0095774931833148, 0.02092859521508217, -0.028292624279856682, -0.005037051625549793, -0.025440659373998642, -0.03056284412741661, -0.04997323080897331, -0.015494255349040031, -0.019921185448765755, 0.020488740876317024, 0.004863237962126732, -0.024419059976935387, -0.0348762646317482, -0.008137322030961514, -0.02419203706085682, -0.0035667293705046177, 0.002765057608485222, -0.006988022476434708, 0.00871197134256363, 0.03351413086056709, 0.0013231128687039018, 0.014543600380420685, 0.00017115334048867226, 0.029456110671162605, -0.009293715469539165, 0.009981876239180565, 0.03845186159014702, -0.0033379336819052696, 0.016090188175439835, -0.0017682890174910426, -0.024490004405379295, 0.003646541852504015, -0.007115722633898258, 0.008364344015717506, -0.024220414459705353, 0.045659810304641724, -0.005927403923124075, -0.008697782643139362, 0.005217960104346275, -0.03479113057255745, 0.0021247845143079758, 0.02558254823088646, -0.001452586380764842, -0.02859058976173401, 0.011017664335668087, 0.010599092580378056, 0.005959328729659319, -0.004756821319460869, 0.0034656336065381765, -0.004026094451546669, -0.007846449501812458, 0.017948931083083153, 0.007995433174073696, -0.003240385092794895, 0.004345343913882971, -0.027483858168125153, 0.01587735489010811, -0.0039728861302137375, -0.000400835822802037, -0.0009338055388070643, 0.009726475924253464, 0.000783492112532258, -0.010478486306965351, -0.0018055348191410303, -0.0570392906665802, -0.026575768366456032, 0.003533030627295375, -0.02101372927427292, -0.016005054116249084, -2.9597113098134287e-05, -0.002995627000927925, -0.004749726969748735, -0.007204403169453144, -0.011280158534646034, 0.0203610397875309, -0.010166331194341183, 0.003696202766150236, 0.02346840500831604, -0.003696202766150236, -0.013912195339798927, -0.010648753494024277, -0.018644185736775398, 0.016090188175439835, -0.014316578395664692, -0.014557789079844952, 0.014671300537884235, 0.00648077018558979, 0.020105641335248947, -0.04052343592047691, -0.01197541318833828, 0.01536655519157648, 0.010194709524512291, 0.0034691807813942432, -0.013514907099306583, 0.2228221446275711, 0.010152142494916916, -0.0285196453332901, -0.001400264911353588, -0.005792609415948391, -0.005327923689037561, 0.003595107002183795, 0.014160500839352608, 0.01377030648291111, 0.021737361326813698, -0.0071831196546554565, 0.007725844159722328, -0.0127132348716259, -0.0012654706370085478, -0.010968003422021866, -0.009683909825980663, -0.022390050813555717, -0.005682645831257105, -0.007747127674520016, 0.014274011366069317, 0.02307111583650112, 0.005501737352460623, 0.00032811780693009496, -0.002644452266395092, 0.012393984943628311, -0.018275275826454163, 0.0011732429265975952, 0.020616440102458, -0.00789611041545868, 0.03201010823249817, -0.0034390294458717108, 0.002621395280584693, 0.006707792170345783, -0.0017328168032690883, 0.010897058993577957, -0.0025291675701737404, 0.004973202012479305, 0.004497874528169632, 0.030704732984304428, 0.024064337834715843, 0.011748391203582287, -0.03464924171566963, -0.017707720398902893, -0.0038948471192270517, -0.025653492659330368, -0.006438203621655703, 0.006590733770281076, -0.019254308193922043, -0.04512063413858414, 0.0239650160074234, -0.0347059965133667, -0.008988654240965843, -0.0013009427348151803, 0.01482737809419632, 0.01279127411544323, -0.006512694992125034, 0.01742394268512726, 0.011216307990252972, 0.015040211379528046, 0.017296243458986282, -0.009584587067365646, 0.02681698091328144, -0.023000171408057213, 0.009605870582163334, -0.0119825080037117, 0.025610925629734993, -0.01258553471416235, 0.008371437899768353, 0.031896598637104034, -0.016984086483716965, 0.03104526549577713, 0.003990622237324715, 0.033116843551397324, -0.019098229706287384, -0.01979348622262478, -0.020162396132946014, 0.03941670432686806, 0.030250689014792442, 0.0014463787665590644, 0.015125344507396221, -0.004189266357570887, 0.014571977779269218, 0.005310187581926584, 0.004771010484546423, -0.010350787080824375, -0.007399499882012606, 0.008406910113990307, -0.016416532918810844, 0.010123765096068382, -0.02346840500831604, -0.001327546895481646, -0.0075484830886125565, 0.004348891321569681, -0.012287568300962448, 0.003619937691837549, 0.013004107400774956, -0.024348115548491478, 0.006381447892636061, 0.004065113607794046, 0.0015785127179697156, -0.036635685712099075, 0.05195967108011246, 0.003089628182351589, -0.007246969733387232, 0.013798683881759644, 0.020474551245570183, -0.004487232770770788, 0.011712918989360332, -0.00562234316021204, -0.004504968877881765, 0.00429568300023675, -0.022957604378461838, -0.007583955302834511, 0.0019527444383129478, 0.0005396207561716437, 0.010591997765004635, 0.001127129071392119, -0.026519013568758965, 0.009967686608433723, -0.0015811731573194265, 0.009357565082609653, -0.014465561136603355, -0.02982502244412899, 0.027114946395158768, 0.003572050016373396, -0.028051411733031273, -0.02827843464910984, -0.020403606817126274, -0.012933162972331047, -0.014430088922381401, 0.009605870582163334, 0.01177676860243082, -0.0049625602550804615, 0.017991498112678528, -0.005842270795255899, 0.014039895497262478, 0.003873563837260008, -0.044439565390348434, 0.004246021620929241, -0.0004859690961893648, 0.007278894539922476, 0.021708983927965164, 0.02331232652068138, -0.008974465541541576, 0.020389419049024582, -0.014543600380420685, 0.016175322234630585, 0.008818387985229492, -0.03748701512813568, -0.01980767399072647, -0.0010056367609649897, -0.04426930099725723, -0.019765106961131096, -0.005969970487058163, 0.01628883183002472, -0.010443014092743397, -0.03030744381248951, -0.022801527753472328, -0.011024758219718933, 0.024901481345295906, -0.0341951958835125, -0.00826502125710249, 0.011017664335668087, -0.01742394268512726, -0.008967370726168156, 0.005565587431192398, -0.18377435207366943, 0.011202119290828705, 0.025767002254724503, -0.01858743093907833, 0.025483226403594017, 0.05076780542731285, 0.009364659897983074, 0.017580021172761917, -0.029966911301016808, 0.023354893550276756, 0.05743657797574997, 0.00682130316272378, 0.0031800824217498302, 0.015011833049356937, -0.0012876406544819474, -0.009776136837899685, -0.009463981725275517, 0.01709759794175625, 0.0012193567818030715, 0.011329819448292255, 0.00407575536519289, -0.019495518878102303, 0.01694152131676674, -0.009052504785358906, -0.008853860199451447, 0.004951918497681618, -0.014671300537884235, 0.010074103251099586, -0.007569766603410244, -0.013294978998601437, 0.0079032052308321, 0.005881289951503277, 0.03235064446926117, -0.0017966667655855417, 0.03047771006822586, -0.007697466295212507, -0.022021139040589333, -0.024177849292755127, -0.004118321929126978, -3.308890882181004e-05, 0.002733132801949978, 0.0007919167983345687, 0.010620375163853168, -0.0016707404283806682, -0.011939940974116325, 0.021623849868774414, 0.012876407243311405, -0.01565033197402954, 0.04080721363425255, -0.0035649556666612625, 0.017239486798644066, -0.008222455158829689, -0.005799704231321812, 0.014940888620913029, -0.007874827831983566, 0.037515394389629364, 0.004600743763148785, 0.00815151073038578, -0.008995749056339264, -0.01671449840068817, 0.016274644061923027, -0.018303653225302696, -0.0021620304323732853, -0.0033538960851728916, -0.014699677936732769, -0.019055664539337158, -0.004022547043859959, 0.0250859372317791, -0.047532740980386734, 0.011677446775138378, -0.013592945411801338, -0.007271800190210342, 0.013195657171308994, -0.022049516439437866, -0.01736718788743019, 0.006615564692765474, -0.012897690758109093, 0.020971162244677544, 0.007711655460298061, -0.025795381516218185, -0.006672319956123829, 0.0317830890417099, -0.031158776953816414, 0.015778033062815666, -0.029285844415426254, 0.0002620508603285998, -0.0024138828739523888, 0.02372380532324314, 0.0028253605123609304, 0.014742244966328144, 0.010499769821763039, -0.007690371945500374, -0.013805778697133064, -0.021467773243784904, 0.01702665351331234, 0.034904640167951584, 0.011180835776031017, 0.03121553175151348, 0.0060267262160778046, 0.007470444310456514, 0.0010606186697259545, 0.0126706687733531, -0.023099493235349655, 0.02844870090484619, 0.007229233626276255, -0.0028129450511187315, -0.034024931490421295, 0.012918973341584206, 0.007246969733387232, -0.022829905152320862, -0.03013717755675316, 0.008357249200344086, 0.02094278484582901, 0.043219324201345444, -0.012564252130687237, 0.007967054843902588, 0.02046036347746849, -0.029711510986089706, -0.007988338358700275, 0.00810184981673956, 0.007661994080990553, 0.021822495386004448, -0.011280158534646034, 0.024333925917744637, -0.013954761438071728, 0.006736170034855604, -0.11532720178365707, -0.016757065430283546, -0.007321461103856564, -0.006491411942988634, -0.027639934793114662, 0.006342428736388683, -0.008328871801495552, 0.02116980589926243, -0.027838578447699547, 0.016969898715615273, 0.013252411969006062, -0.024135282263159752, 0.016260454431176186, -0.012365607544779778, 0.009882553480565548, -0.0029530602041631937, 0.004611385520547628, -0.025142692029476166, -0.04270852357149124, -0.003295366885140538, -0.001213149051181972, -0.006196992471814156, 0.009151826612651348, -0.02451838180422783, 0.02386569418013096, -0.010740980505943298, -0.01970835216343403, -0.002623168984428048, 0.019523896276950836, -0.004941276740282774, -0.004405646584928036, -0.034677617251873016, 0.007605238817632198, -0.008910615928471088, -0.003845185972750187, 0.010939625091850758, -0.030108800157904625, -0.0016822689212858677, 0.034422218799591064, -0.003057703375816345, -0.01671449840068817, -0.004998032469302416, 0.019027285277843475, -0.03365601971745491, -0.00932918768376112, -0.011812240816652775, -0.011634880676865578, 0.009790326468646526, 0.006161520257592201, -0.02322719432413578, -0.014813189394772053, 0.014039895497262478, -0.020886028185486794, 0.023269761353731155, 0.01433786191046238, -0.016501665115356445, 0.003756505437195301, 0.009889648295938969, -0.03958697244524956, -0.02592308074235916, 0.006388542708009481, 0.0054981904104352, -0.008506232872605324, 0.016813820227980614, 0.0284345131367445, 0.01792055368423462, -0.02240423858165741, -0.000723632809240371, 0.004341796971857548, -0.033542510122060776, -0.0027083021122962236, 0.021467773243784904, -0.007555577903985977, -0.006917078047990799, -0.03953021392226219, -0.008385627530515194, 0.0021939552389085293, -0.0050973547622561455, -0.0006389429327100515, -0.030506089329719543, -0.003756505437195301, -0.020318474620580673, -0.023922448977828026, -0.02111305110156536, -0.006484317593276501, 0.01980767399072647, 0.010655847378075123, 0.00810184981673956, 0.005852912552654743, -0.0384802371263504, 0.011890280060470104, 0.006721981335431337, 0.029229089617729187, 0.011386575177311897, -0.03158444166183472, 0.01962321810424328, -0.008186982944607735, -0.0006305183051154017, 0.0031499310862272978, 0.010045725852251053, -0.045744944363832474, -0.022929226979613304, -0.0816144272685051, 0.012209529988467693, -0.013252411969006062, -0.02810816839337349, -0.004210549872368574, -0.034337084740400314, 0.015664521604776382, -0.013167278841137886, -0.01369226723909378, 0.03334386274218559, -0.01962321810424328, 0.0034922377672046423, -0.0045227049849927425, 0.015309799462556839, 0.012557157315313816, 0.006888700649142265, 0.030591221526265144, 0.024490004405379295, 0.024490004405379295, 0.0045510828495025635, 0.016913143917918205, -0.0034390294458717108, 0.005338565446436405, 0.00876163225620985, -0.025965647771954536, 0.028789233416318893, -0.021481961011886597, 0.009173110127449036, -0.015309799462556839, -0.012826746329665184, 0.009790326468646526, -0.03325873240828514, -0.0010632791090756655, 0.030420955270528793, -0.024546759203076363, 0.008484949357807636, -0.017324620857834816, 0.01628883183002472, 0.01653004251420498, 0.007427877746522427, -0.01719691976904869, -0.022602884098887444, 0.002371316310018301, -0.008548798970878124, 0.016161132603883743, -0.013309167698025703, 0.0013186788419261575, -0.008704876527190208, 0.009393037296831608, -0.0033255184534937143, 0.018431352451443672, 0.01769353076815605, -0.010471392422914505, -0.034592486917972565, -0.0250859372317791, 0.005728759802877903, 0.00802381057292223, -0.01817595399916172, -0.0027526423800736666, -0.008002527058124542, 0.027824390679597855, -0.00027712652808986604, 0.027895335108041763, 0.0036749194841831923, 0.03359926491975784, 0.012883501127362251, -0.01573546603322029, -0.007197308354079723, 0.002030783100053668, -0.016175322234630585, -0.01948132924735546, 0.008385627530515194, -0.005828081630170345, -0.0052073183469474316, -0.004508516285568476, -0.0003214667667634785, 0.0005081392009742558, 0.02599402517080307, -0.00994640402495861, -0.00010896615276578814, -0.007406594697386026, -0.014451372437179089, -0.010946719907224178, -0.00033720757346600294, 0.02663252502679825, -0.0027420008555054665, -0.03362764045596123, -0.015948299318552017, -0.00645593972876668, 0.0017611945513635874, 0.002392599591985345, 0.027568990364670753, 0.007498822174966335, 0.006892247591167688, -0.007527200039476156, -0.010414636693894863, -0.008548798970878124, -0.015338177792727947, 0.031414177268743515, 0.02109886147081852, -0.008534610271453857, 0.0009391263592988253, -0.026277802884578705, -0.01315309014171362, -0.012550062499940395, 0.03652217239141464, -0.024092715233564377, -0.03839510306715965, -0.02451838180422783, 0.02231910638511181, -0.004714254755526781, 0.0020006317645311356, 0.006001895759254694, 0.010116670280694962, -0.0018321388633921742, 0.013259506784379482, -0.02054549567401409, 0.00287324795499444, -0.01685638725757599, 0.020431984215974808, -0.003724580630660057, 0.003407104406505823, -0.01018051989376545, 0.0028076244052499533, 0.016317209228873253, 0.009747759439051151, 0.012174057774245739, -0.012578440830111504, -0.0019119513453915715, 0.005228601861745119, -0.008562987670302391, -0.007605238817632198, -0.01621788740158081, -0.0035880126524716616, -0.03958697244524956, 0.0053740376606583595, 0.014394616708159447, -0.01543749962002039, -0.017012465745210648, 0.07503078877925873, 0.02247518301010132, -0.01556519977748394, 0.010137953795492649, -0.0031251003965735435, 0.040636949241161346, 0.01857324130833149, -0.0037281278055161238, 0.0029814380686730146, -0.03805457055568695, -0.006048009265214205, 0.009059598669409752, 0.013621322810649872, -0.014529411680996418, -0.012273379601538181, -0.0046894242987036705, 0.007867733016610146, -0.006587186828255653, 0.0024830535985529423, -0.01148589700460434, 0.023411650210618973, -0.01638815365731716, 0.006129595451056957, 0.014039895497262478, -0.02745547890663147, 0.013983139768242836, 0.02891693450510502, -0.019750919193029404, -0.004668140783905983, -0.03836672753095627, 0.005476906895637512, -0.010705508291721344, -0.0474192313849926, -0.0033751793671399355, -0.012621006928384304, -0.01536655519157648, -0.012720329686999321, -0.0075910501182079315, 0.017948931083083153, 0.006714886520057917, -0.02395082637667656, 0.010003158822655678, -0.00982579868286848, -0.009925120510160923, 0.02973988838493824, -0.007328555453568697, -0.007810977753251791, -0.00798124447464943, -0.005423698574304581], 'limit': 4} {}
2025-09-29 16:12:23,048 DEBUG neo4j.io: [#CA09]  C: PULL {'n': 1000}
2025-09-29 16:12:23,049 DEBUG neo4j.io: [#CA09]  S: SUCCESS {}
2025-09-29 16:12:23,050 DEBUG neo4j.io: [#CA09]  _: <CONNECTION> server state: READY > TX_READY_OR_TX_STREAMING
2025-09-29 16:12:23,054 DEBUG neo4j.io: [#CA09]  S: SUCCESS {'t_first': 5, 'fields': ['name', 'type', 'properties', 'score'], 'qid': 0}
2025-09-29 16:12:23,062 DEBUG neo4j.io: [#CA09]  S: RECORD * 1
2025-09-29 16:12:23,063 DEBUG neo4j.io: [#CA09]  S: RECORD * 1
2025-09-29 16:12:23,063 DEBUG neo4j.io: [#CA09]  S: RECORD * 1
2025-09-29 16:12:23,063 DEBUG neo4j.io: [#CA09]  S: SUCCESS {'statuses': [{'gql_status': '00000', 'status_description': 'note: successful completion'}], 'type': 'r', 't_last': 7, 'db': 'demo'}
2025-09-29 16:12:23,063 DEBUG neo4j.io: [#CA09]  C: COMMIT
2025-09-29 16:12:23,063 DEBUG neo4j.io: [#CA09]  _: <CONNECTION> client state: TX_READY_OR_TX_STREAMING > READY
2025-09-29 16:12:23,064 DEBUG neo4j.io: [#CA09]  S: SUCCESS {'bookmark': 'FB:kcwQzLoRLE7LTq2NdyMZ91NVySmQ'}
2025-09-29 16:12:23,064 DEBUG neo4j.io: [#CA09]  _: <CONNECTION> server state: TX_READY_OR_TX_STREAMING > READY
2025-09-29 16:12:23,064 DEBUG neo4j.pool: [#CA09]  _: <POOL> released bolt-57181
2025-09-29 16:12:23,065 DEBUG neo4j: [#0000]  _: <WORKSPACE> routing towards fixed database: demo
2025-09-29 16:12:23,065 DEBUG neo4j: [#0000]  _: <WORKSPACE> pinning database: 'demo'
2025-09-29 16:12:23,065 DEBUG neo4j.pool: [#0000]  _: <POOL> acquire direct connection, access_mode='WRITE', database=AcquisitionDatabase(name='demo', guessed=False)
2025-09-29 16:12:23,065 DEBUG neo4j.pool: [#CA09]  _: <POOL> picked existing connection bolt-57181
2025-09-29 16:12:23,065 DEBUG neo4j.pool: [#CA09]  _: <POOL> checked re_auth auth=None updated=False force=False
2025-09-29 16:12:23,065 DEBUG neo4j.pool: [#CA09]  _: <POOL> handing out existing connection
2025-09-29 16:12:23,065 DEBUG neo4j.io: [#CA09]  C: BEGIN {'db': 'demo', 'bookmarks': ['FB:kcwQzLoRLE7LTq2NdyMZ91NVySmQ']}
2025-09-29 16:12:23,065 DEBUG neo4j.io: [#CA09]  _: <CONNECTION> client state: READY > TX_READY_OR_TX_STREAMING
2025-09-29 16:12:23,065 DEBUG neo4j.io: [#CA09]  C: RUN "\n            WITH $ids AS id_list\n            UNWIND range(0, size(id_list) - 1) AS idx\n            MATCH (e:`__Entity__`)\n            WHERE e.id = id_list[idx]\n            MATCH p=(e)-[r*1..1]-(other)\n            WHERE ALL(rel in relationships(p) WHERE type(rel) <> 'MENTIONS')\n            UNWIND relationships(p) AS rel\n            WITH distinct rel, idx\n            WITH startNode(rel) AS source,\n                type(rel) AS type,\n                rel{.*} AS rel_properties,\n                endNode(rel) AS endNode,\n                idx\n            LIMIT toInteger($limit)\n            RETURN source.id AS source_id, [l in labels(source)\n                   WHERE NOT l IN ['__Entity__', '__Node__'] | l][0] AS source_type,\n                source{.* , embedding: Null, id: Null} AS source_properties,\n                type,\n                rel_properties,\n                endNode.id AS target_id, [l in labels(endNode)\n                   WHERE NOT l IN ['__Entity__', '__Node__'] | l][0] AS target_type,\n                endNode{.* , embedding: Null, id: Null} AS target_properties,\n                idx\n            ORDER BY idx\n            LIMIT toInteger($limit)\n            " {'ids': ['Acme', 'Tokyo', 'Taro'], 'limit': 30} {}
2025-09-29 16:12:23,065 DEBUG neo4j.io: [#CA09]  C: PULL {'n': 1000}
2025-09-29 16:12:23,067 DEBUG neo4j.io: [#CA09]  S: SUCCESS {}
2025-09-29 16:12:23,067 DEBUG neo4j.io: [#CA09]  _: <CONNECTION> server state: READY > TX_READY_OR_TX_STREAMING
2025-09-29 16:12:23,068 DEBUG neo4j.io: [#CA09]  S: SUCCESS {'t_first': 1, 'fields': ['source_id', 'source_type', 'source_properties', 'type', 'rel_properties', 'target_id', 'target_type', 'target_properties', 'idx'], 'qid': 0}
2025-09-29 16:12:23,079 DEBUG neo4j.io: [#CA09]  S: RECORD * 1
2025-09-29 16:12:23,079 DEBUG neo4j.io: [#CA09]  S: RECORD * 1
2025-09-29 16:12:23,079 DEBUG neo4j.io: [#CA09]  S: RECORD * 1
2025-09-29 16:12:23,079 DEBUG neo4j.io: [#CA09]  S: RECORD * 1
2025-09-29 16:12:23,079 DEBUG neo4j.io: [#CA09]  S: SUCCESS {'statuses': [{'gql_status': '00000', 'status_description': 'note: successful completion'}], 'type': 'r', 't_last': 10, 'db': 'demo'}
2025-09-29 16:12:23,079 DEBUG neo4j.io: [#CA09]  C: COMMIT
2025-09-29 16:12:23,079 DEBUG neo4j.io: [#CA09]  _: <CONNECTION> client state: TX_READY_OR_TX_STREAMING > READY
2025-09-29 16:12:23,080 DEBUG neo4j.io: [#CA09]  S: SUCCESS {'bookmark': 'FB:kcwQzLoRLE7LTq2NdyMZ91NVySmQ'}
2025-09-29 16:12:23,080 DEBUG neo4j.io: [#CA09]  _: <CONNECTION> server state: TX_READY_OR_TX_STREAMING > READY
2025-09-29 16:12:23,080 DEBUG neo4j.pool: [#CA09]  _: <POOL> released bolt-57181
2025-09-29 16:12:23,080 DEBUG neo4j: [#0000]  _: <WORKSPACE> routing towards fixed database: demo
2025-09-29 16:12:23,081 DEBUG neo4j: [#0000]  _: <WORKSPACE> pinning database: 'demo'
2025-09-29 16:12:23,081 DEBUG neo4j.pool: [#0000]  _: <POOL> acquire direct connection, access_mode='WRITE', database=AcquisitionDatabase(name='demo', guessed=False)
2025-09-29 16:12:23,081 DEBUG neo4j.pool: [#CA09]  _: <POOL> picked existing connection bolt-57181
2025-09-29 16:12:23,081 DEBUG neo4j.pool: [#CA09]  _: <POOL> checked re_auth auth=None updated=False force=False
2025-09-29 16:12:23,081 DEBUG neo4j.pool: [#CA09]  _: <POOL> handing out existing connection
2025-09-29 16:12:23,081 DEBUG neo4j.io: [#CA09]  C: BEGIN {'db': 'demo', 'bookmarks': ['FB:kcwQzLoRLE7LTq2NdyMZ91NVySmQ']}
2025-09-29 16:12:23,081 DEBUG neo4j.io: [#CA09]  _: <CONNECTION> client state: READY > TX_READY_OR_TX_STREAMING
2025-09-29 16:12:23,081 DEBUG neo4j.io: [#CA09]  C: RUN "MATCH (e: __Node__) WHERE e.id IS NOT NULL AND e.id in $ids \n        WITH e\n        RETURN e.id AS name,\n               [l in labels(e) WHERE l <> '__Entity__' | l][0] AS type,\n               e{.* , embedding: Null, id: Null} AS properties\n        " {'ids': ['3f704b5c-0b52-4fc9-b3a7-213ca5155cfd', '3f704b5c-0b52-4fc9-b3a7-213ca5155cfd', '3f704b5c-0b52-4fc9-b3a7-213ca5155cfd', '3f704b5c-0b52-4fc9-b3a7-213ca5155cfd']} {}
2025-09-29 16:12:23,081 DEBUG neo4j.io: [#CA09]  C: PULL {'n': 1000}
2025-09-29 16:12:23,082 DEBUG neo4j.io: [#CA09]  S: SUCCESS {}
2025-09-29 16:12:23,083 DEBUG neo4j.io: [#CA09]  _: <CONNECTION> server state: READY > TX_READY_OR_TX_STREAMING
2025-09-29 16:12:23,083 DEBUG neo4j.io: [#CA09]  S: SUCCESS {'t_first': 1, 'fields': ['name', 'type', 'properties'], 'qid': 0}
2025-09-29 16:12:23,087 DEBUG neo4j.io: [#CA09]  S: RECORD * 1
2025-09-29 16:12:23,087 DEBUG neo4j.io: [#CA09]  S: SUCCESS {'statuses': [{'gql_status': '00000', 'status_description': 'note: successful completion'}], 'type': 'r', 't_last': 3, 'db': 'demo'}
2025-09-29 16:12:23,087 DEBUG neo4j.io: [#CA09]  C: COMMIT
2025-09-29 16:12:23,087 DEBUG neo4j.io: [#CA09]  _: <CONNECTION> client state: TX_READY_OR_TX_STREAMING > READY
2025-09-29 16:12:23,088 DEBUG neo4j.io: [#CA09]  S: SUCCESS {'bookmark': 'FB:kcwQzLoRLE7LTq2NdyMZ91NVySmQ'}
2025-09-29 16:12:23,088 DEBUG neo4j.io: [#CA09]  _: <CONNECTION> server state: TX_READY_OR_TX_STREAMING > READY
2025-09-29 16:12:23,089 DEBUG neo4j.pool: [#CA09]  _: <POOL> released bolt-57181
2025-09-29 16:12:23,101 DEBUG openai._base_client: Request options: {'method': 'post', 'url': '/chat/completions', 'files': None, 'idempotency_key': 'stainless-python-retry-fe6f38ce-0c90-4fc0-88b0-25d916ab559a', 'json_data': {'messages': [{'role': 'system', 'content': "You are an expert Q&A system that is trusted around the world.\nAlways answer the query using the provided context information, and not prior knowledge.\nSome rules to follow:\n1. Never directly reference the given context in your answer.\n2. Avoid statements like 'Based on the context, ...' or 'The context information ...' or anything along those lines."}, {'role': 'user', 'content': 'Context information is below.\n---------------------\nHere are some facts extracted from the provided text:\n\nTaro -> Works at -> Acme\nAcme -> Is based in -> Tokyo\n\nTaro works at ACME. ACME is based in Tokyo.\n\nHere are some facts extracted from the provided text:\n\nTaro -> Works at -> Acme\nAcme -> Is based in -> Tokyo\nAcme -> Is based in -> Tokyo\nTaro -> Works at -> Acme\n\nTaro works at ACME. ACME is based in Tokyo.\n---------------------\nGiven the context information and not prior knowledge, answer the query.\nQuery: Where does ACME locate?\nAnswer: '}], 'model': 'gpt-3.5-turbo', 'stream': False, 'temperature': 0.1}}
2025-09-29 16:12:23,101 DEBUG openai._base_client: Sending HTTP Request: POST https://api.openai.com/v1/chat/completions
2025-09-29 16:12:23,101 DEBUG httpcore.connection: connect_tcp.started host='api.openai.com' port=443 local_address=None timeout=60.0 socket_options=None
2025-09-29 16:12:23,111 DEBUG httpcore.connection: connect_tcp.complete return_value=<httpcore._backends.sync.SyncStream object at 0x000002A156D1EF80>
2025-09-29 16:12:23,111 DEBUG httpcore.connection: start_tls.started ssl_context=<ssl.SSLContext object at 0x000002A156C0F3C0> server_hostname='api.openai.com' timeout=60.0
2025-09-29 16:12:23,126 DEBUG httpcore.connection: start_tls.complete return_value=<httpcore._backends.sync.SyncStream object at 0x000002A156D1FCA0>
2025-09-29 16:12:23,127 DEBUG httpcore.http11: send_request_headers.started request=<Request [b'POST']>
2025-09-29 16:12:23,127 DEBUG httpcore.http11: send_request_headers.complete
2025-09-29 16:12:23,127 DEBUG httpcore.http11: send_request_body.started request=<Request [b'POST']>
2025-09-29 16:12:23,127 DEBUG httpcore.http11: send_request_body.complete
2025-09-29 16:12:23,127 DEBUG httpcore.http11: receive_response_headers.started request=<Request [b'POST']>
2025-09-29 16:12:23,528 DEBUG httpcore.http11: receive_response_headers.complete return_value=(b'HTTP/1.1', 200, b'OK', [(b'Date', b'Mon, 29 Sep 2025 07:12:25 GMT'), (b'Content-Type', b'application/json'), (b'Transfer-Encoding', b'chunked'), (b'Connection', b'keep-alive'), (b'access-control-expose-headers', b'X-Request-ID'), (b'openai-organization', b'ehime-university-computer-science-lab'), (b'openai-processing-ms', b'195'), (b'openai-project', b'proj_J2ozYACnCAyF9swBaMOIo4Ft'), (b'openai-version', b'2020-10-01'), (b'x-envoy-upstream-service-time', b'220'), (b'x-ratelimit-limit-requests', b'10000'), (b'x-ratelimit-limit-tokens', b'200000'), (b'x-ratelimit-remaining-requests', b'9998'), (b'x-ratelimit-remaining-tokens', b'199771'), (b'x-ratelimit-reset-requests', b'15.32s'), (b'x-ratelimit-reset-tokens', b'68ms'), (b'x-request-id', b'req_6455e5a2c23545d299803f6fc5ee6c17'), (b'x-openai-proxy-wasm', b'v0.1'), (b'cf-cache-status', b'DYNAMIC'), (b'Set-Cookie', b'__cf_bm=X2exI2LkX3ze0HP.pU5eIMpGwHmVwMFn23jjSbZZZO8-1759129945-1.0.1.1-NPV6ZU09dNwvq84ORJUz2f1bz.UOevJhagIjfl8sYKH_lazS.dDmr3hjFFcZ210uG8HYBWf64kuNrbj6uvVSrSx_I5d_kQ_XyqN0fTz4zek; path=/; expires=Mon, 29-Sep-25 07:42:25 GMT; domain=.api.openai.com; HttpOnly; Secure; SameSite=None'), (b'Strict-Transport-Security', b'max-age=31536000; includeSubDomains; preload'), (b'X-Content-Type-Options', b'nosniff'), (b'Set-Cookie', b'_cfuvid=hK9xQdRYN1c5HkancaoPxGSW1ckUkqGMWmXEphXf2ko-1759129945750-0.0.1.1-604800000; path=/; domain=.api.openai.com; HttpOnly; Secure; SameSite=None'), (b'Server', b'cloudflare'), (b'CF-RAY', b'9869ac0e8e7114a3-KIX'), (b'Content-Encoding', b'gzip'), (b'alt-svc', b'h3=":443"; ma=86400')])
2025-09-29 16:12:23,528 INFO httpx: HTTP Request: POST https://api.openai.com/v1/chat/completions "HTTP/1.1 200 OK"
2025-09-29 16:12:23,529 DEBUG httpcore.http11: receive_response_body.started request=<Request [b'POST']>
2025-09-29 16:12:23,538 DEBUG httpcore.http11: receive_response_body.complete
2025-09-29 16:12:23,538 DEBUG httpcore.http11: response_closed.started
2025-09-29 16:12:23,538 DEBUG httpcore.http11: response_closed.complete
2025-09-29 16:12:23,538 DEBUG openai._base_client: HTTP Response: POST https://api.openai.com/v1/chat/completions "200 OK" Headers([('date', 'Mon, 29 Sep 2025 07:12:25 GMT'), ('content-type', 'application/json'), ('transfer-encoding', 'chunked'), ('connection', 'keep-alive'), ('access-control-expose-headers', 'X-Request-ID'), ('openai-organization', 'ehime-university-computer-science-lab'), ('openai-processing-ms', '195'), ('openai-project', 'proj_J2ozYACnCAyF9swBaMOIo4Ft'), ('openai-version', '2020-10-01'), ('x-envoy-upstream-service-time', '220'), ('x-ratelimit-limit-requests', '10000'), ('x-ratelimit-limit-tokens', '200000'), ('x-ratelimit-remaining-requests', '9998'), ('x-ratelimit-remaining-tokens', '199771'), ('x-ratelimit-reset-requests', '15.32s'), ('x-ratelimit-reset-tokens', '68ms'), ('x-request-id', 'req_6455e5a2c23545d299803f6fc5ee6c17'), ('x-openai-proxy-wasm', 'v0.1'), ('cf-cache-status', 'DYNAMIC'), ('set-cookie', '__cf_bm=X2exI2LkX3ze0HP.pU5eIMpGwHmVwMFn23jjSbZZZO8-1759129945-1.0.1.1-NPV6ZU09dNwvq84ORJUz2f1bz.UOevJhagIjfl8sYKH_lazS.dDmr3hjFFcZ210uG8HYBWf64kuNrbj6uvVSrSx_I5d_kQ_XyqN0fTz4zek; path=/; expires=Mon, 29-Sep-25 07:42:25 GMT; domain=.api.openai.com; HttpOnly; Secure; SameSite=None'), ('strict-transport-security', 'max-age=31536000; includeSubDomains; preload'), ('x-content-type-options', 'nosniff'), ('set-cookie', '_cfuvid=hK9xQdRYN1c5HkancaoPxGSW1ckUkqGMWmXEphXf2ko-1759129945750-0.0.1.1-604800000; path=/; domain=.api.openai.com; HttpOnly; Secure; SameSite=None'), ('server', 'cloudflare'), ('cf-ray', '9869ac0e8e7114a3-KIX'), ('content-encoding', 'gzip'), ('alt-svc', 'h3=":443"; ma=86400')])
2025-09-29 16:12:23,538 DEBUG openai._base_client: request_id: req_6455e5a2c23545d299803f6fc5ee6c17
2025-09-29 16:12:23,744 DEBUG neo4j.pool: [#0000]  _: <POOL> close
2025-09-29 16:12:23,745 DEBUG neo4j.io: [#CA09]  C: GOODBYE
2025-09-29 16:12:23,745 DEBUG neo4j.io: [#CA09]  C: <CLOSE>
