2025-11-04 15:45:24,210 DEBUG llama_index.core.node_parser.node_utils: > Adding chunk: アノーテーション

３次元位置や要素上に 注記 をつけることができます。
2025-11-04 15:45:24,847 DEBUG llama_index.core.node_parser.node_utils: > Adding chunk: 注記・寸法スタイル設定

注記や寸法の各種パラメータは、要素ひとつひとつに設定することもできま...
2025-11-04 15:45:24,847 DEBUG llama_index.core.node_parser.node_utils: > Adding chunk: また、既存のスタイルを元にして新しくスタイルを作りたい場合は、スタイルを選択してコンテキストメ...
2025-11-04 15:45:24,848 DEBUG llama_index.core.node_parser.node_utils: > Adding chunk: 注記スタイルの管理

「注記・寸法スタイル設定」ウィンドウで作成した注記スタイルは、システム設...
2025-11-04 15:45:24,848 DEBUG llama_index.core.node_parser.node_utils: > Adding chunk: 注記スタイルの作成

左側のスタイル一覧が表示されている欄でコンテキストメニューを表示し、「ス...
2025-11-04 15:45:24,849 DEBUG llama_index.core.node_parser.node_utils: > Adding chunk: 適用ずみスタイルの更新

ウィンドウ右下の「モデルの更新」ボタンをクリックすると、「注記・寸法...
2025-11-04 15:45:24,849 DEBUG llama_index.core.node_parser.node_utils: > Adding chunk: ボディ

ボディにはソリッドボディとシートボディ(複合面)があり、 フィーチャー という基本形...
2025-11-04 15:45:24,849 INFO root: LlamaIndexでチャンク化完了: 3 documents, 6 sections, 7 chunks (chunk_size=800, overlap=120)
2025-11-04 15:45:24,851 DEBUG neo4j.pool: [#0000]  _: <POOL> created, direct address IPv4Address(('127.0.0.1', 7687))
2025-11-04 15:45:24,852 DEBUG neo4j.pool: [#0000]  _: <POOL> created, direct address IPv4Address(('127.0.0.1', 7687))
2025-11-04 15:45:24,852 DEBUG neo4j: [#0000]  _: <WORKSPACE> routing towards fixed database: neo4j
2025-11-04 15:45:24,852 DEBUG neo4j: [#0000]  _: <WORKSPACE> pinning database: 'neo4j'
2025-11-04 15:45:24,852 DEBUG neo4j.pool: [#0000]  _: <POOL> acquire direct connection, access_mode='WRITE', database=AcquisitionDatabase(name='neo4j', guessed=False)
2025-11-04 15:45:24,852 DEBUG neo4j.pool: [#0000]  _: <POOL> trying to hand out new connection
2025-11-04 15:45:24,852 DEBUG neo4j.io: [#0000]  _: <RESOLVE> in: 127.0.0.1:7687
2025-11-04 15:45:24,852 DEBUG neo4j.io: [#0000]  _: <RESOLVE> dns resolver out: 127.0.0.1:7687
2025-11-04 15:45:24,852 DEBUG neo4j.io: [#0000]  C: <OPEN> 127.0.0.1:7687
2025-11-04 15:45:24,853 DEBUG neo4j.io: [#FC07]  C: <MAGIC> 0x6060B017
2025-11-04 15:45:24,853 DEBUG neo4j.io: [#FC07]  C: <HANDSHAKE> 0x000001FF 0x00080805 0x00020404 0x00000003
2025-11-04 15:45:24,854 DEBUG neo4j.io: [#FC07]  S: <HANDSHAKE> 0x000001FF [4] 0x00040404 0x00040405 0x00020805 0x00000006 0x00
2025-11-04 15:45:24,854 DEBUG neo4j.io: [#FC07]  C: <HANDSHAKE> 0x00000805 0x00
2025-11-04 15:45:24,854 DEBUG neo4j.io: [#FC07]  C: HELLO {'user_agent': 'neo4j-python/5.28.2 Python/3.10.11-final-0 (win32)', 'notifications_minimum_severity': 'OFF', 'bolt_agent': {'product': 'neo4j-python/5.28.2', 'platform': 'Windows 10; AMD64', 'language': 'Python/3.10.11-final-0', 'language_details': 'CPython; 3.10.11-final-0 (tags/v3.10.11:7d4cc5a, Apr  5 2023 00:38:17) [MSC v.1929 64 bit (AMD64)]'}}
2025-11-04 15:45:24,855 DEBUG neo4j.io: [#FC07]  _: <CONNECTION> client state: CONNECTED > AUTHENTICATION
2025-11-04 15:45:24,855 DEBUG neo4j.io: [#FC07]  C: LOGON {'scheme': 'basic', 'principal': 'neo4j', 'credentials': '*******'}
2025-11-04 15:45:24,855 DEBUG neo4j.io: [#FC07]  _: <CONNECTION> client state: AUTHENTICATION > READY
2025-11-04 15:45:24,856 DEBUG neo4j.io: [#FC07]  S: SUCCESS {'server': 'Neo4j/2025.07.0', 'protocol_version': '5.8', 'connection_id': 'bolt-178', 'hints': {'connection.recv_timeout_seconds': 120, 'ssr.enabled': True}}
2025-11-04 15:45:24,856 DEBUG neo4j.io: [#FC07]  _: <CONNECTION> server state: CONNECTED > AUTHENTICATION
2025-11-04 15:45:24,861 DEBUG neo4j.io: [#FC07]  S: SUCCESS {'advertised_address': 'localhost:7687'}
2025-11-04 15:45:24,861 DEBUG neo4j.io: [#FC07]  _: <CONNECTION> server state: AUTHENTICATION > READY
2025-11-04 15:45:24,861 DEBUG neo4j.io: [#FC07]  C: BEGIN {'db': 'neo4j'}
2025-11-04 15:45:24,861 DEBUG neo4j.io: [#FC07]  _: <CONNECTION> client state: READY > TX_READY_OR_TX_STREAMING
2025-11-04 15:45:24,861 DEBUG neo4j.io: [#FC07]  C: RUN '\nCALL apoc.meta.data()\nYIELD label, other, elementType, type, property\nWHERE NOT type = "RELATIONSHIP" AND elementType = "node"\n  AND NOT label IN $EXCLUDED_LABELS\nWITH label AS nodeLabels, collect({property:property, type:type}) AS properties\nRETURN {labels: nodeLabels, properties: properties} AS output\n\n' {'EXCLUDED_LABELS': ['_Bloom_Perspective_', '_Bloom_Scene_', '__Entity__', '__Node__']} {}
2025-11-04 15:45:24,861 DEBUG neo4j.io: [#FC07]  C: PULL {'n': 1000}
2025-11-04 15:45:24,870 DEBUG neo4j.io: [#FC07]  S: SUCCESS {}
2025-11-04 15:45:24,870 DEBUG neo4j.io: [#FC07]  _: <CONNECTION> server state: READY > TX_READY_OR_TX_STREAMING
2025-11-04 15:45:25,143 DEBUG neo4j.io: [#FC07]  S: SUCCESS {'t_first': 273, 'fields': ['output'], 'qid': 0}
2025-11-04 15:45:25,206 DEBUG neo4j.io: [#FC07]  S: RECORD * 1
2025-11-04 15:45:25,206 DEBUG neo4j.io: [#FC07]  S: RECORD * 1
2025-11-04 15:45:25,206 DEBUG neo4j.io: [#FC07]  S: RECORD * 1
2025-11-04 15:45:25,206 DEBUG neo4j.io: [#FC07]  S: RECORD * 1
2025-11-04 15:45:25,206 DEBUG neo4j.io: [#FC07]  S: RECORD * 1
2025-11-04 15:45:25,206 DEBUG neo4j.io: [#FC07]  S: SUCCESS {'statuses': [{'gql_status': '00000', 'status_description': 'note: successful completion'}], 'type': 'r', 't_last': 61, 'db': 'neo4j'}
2025-11-04 15:45:25,206 DEBUG neo4j.io: [#FC07]  C: COMMIT
2025-11-04 15:45:25,207 DEBUG neo4j.io: [#FC07]  _: <CONNECTION> client state: TX_READY_OR_TX_STREAMING > READY
2025-11-04 15:45:25,208 DEBUG neo4j.io: [#FC07]  S: SUCCESS {'bookmark': 'FB:kcwQKAEtB9jYQr+aRTiIhKLSIckC15A='}
2025-11-04 15:45:25,208 DEBUG neo4j.io: [#FC07]  _: <CONNECTION> server state: TX_READY_OR_TX_STREAMING > READY
2025-11-04 15:45:25,208 DEBUG neo4j.pool: [#FC07]  _: <POOL> released bolt-178
2025-11-04 15:45:25,208 DEBUG neo4j: [#0000]  _: <WORKSPACE> routing towards fixed database: neo4j
2025-11-04 15:45:25,208 DEBUG neo4j: [#0000]  _: <WORKSPACE> pinning database: 'neo4j'
2025-11-04 15:45:25,208 DEBUG neo4j.pool: [#0000]  _: <POOL> acquire direct connection, access_mode='WRITE', database=AcquisitionDatabase(name='neo4j', guessed=False)
2025-11-04 15:45:25,208 DEBUG neo4j.pool: [#FC07]  _: <POOL> picked existing connection bolt-178
2025-11-04 15:45:25,209 DEBUG neo4j.pool: [#FC07]  _: <POOL> checked re_auth auth=None updated=False force=False
2025-11-04 15:45:25,209 DEBUG neo4j.pool: [#FC07]  _: <POOL> handing out existing connection
2025-11-04 15:45:25,209 DEBUG neo4j.io: [#FC07]  C: BEGIN {'db': 'neo4j', 'bookmarks': ['FB:kcwQKAEtB9jYQr+aRTiIhKLSIckC15A=']}
2025-11-04 15:45:25,209 DEBUG neo4j.io: [#FC07]  _: <CONNECTION> client state: READY > TX_READY_OR_TX_STREAMING
2025-11-04 15:45:25,209 DEBUG neo4j.io: [#FC07]  C: RUN '\nCALL apoc.meta.data()\nYIELD label, other, elementType, type, property\nWHERE NOT type = "RELATIONSHIP" AND elementType = "relationship"\n      AND NOT label in $EXCLUDED_LABELS\nWITH label AS nodeLabels, collect({property:property, type:type}) AS properties\nRETURN {type: nodeLabels, properties: properties} AS output\n' {'EXCLUDED_LABELS': ['_Bloom_HAS_SCENE_']} {}
2025-11-04 15:45:25,209 DEBUG neo4j.io: [#FC07]  C: PULL {'n': 1000}
2025-11-04 15:45:25,212 DEBUG neo4j.io: [#FC07]  S: SUCCESS {}
2025-11-04 15:45:25,212 DEBUG neo4j.io: [#FC07]  _: <CONNECTION> server state: READY > TX_READY_OR_TX_STREAMING
2025-11-04 15:45:25,289 DEBUG neo4j.io: [#FC07]  S: SUCCESS {'t_first': 76, 'fields': ['output'], 'qid': 0}
2025-11-04 15:45:25,300 DEBUG neo4j.io: [#FC07]  S: SUCCESS {'statuses': [{'gql_status': '02000', 'status_description': 'note: no data'}], 'type': 'r', 't_last': 10, 'db': 'neo4j'}
2025-11-04 15:45:25,301 DEBUG neo4j.io: [#FC07]  C: COMMIT
2025-11-04 15:45:25,301 DEBUG neo4j.io: [#FC07]  _: <CONNECTION> client state: TX_READY_OR_TX_STREAMING > READY
2025-11-04 15:45:25,302 DEBUG neo4j.io: [#FC07]  S: SUCCESS {'bookmark': 'FB:kcwQKAEtB9jYQr+aRTiIhKLSIckC15A='}
2025-11-04 15:45:25,302 DEBUG neo4j.io: [#FC07]  _: <CONNECTION> server state: TX_READY_OR_TX_STREAMING > READY
2025-11-04 15:45:25,303 DEBUG neo4j.pool: [#FC07]  _: <POOL> released bolt-178
2025-11-04 15:45:25,303 DEBUG neo4j: [#0000]  _: <WORKSPACE> routing towards fixed database: neo4j
2025-11-04 15:45:25,303 DEBUG neo4j: [#0000]  _: <WORKSPACE> pinning database: 'neo4j'
2025-11-04 15:45:25,303 DEBUG neo4j.pool: [#0000]  _: <POOL> acquire direct connection, access_mode='WRITE', database=AcquisitionDatabase(name='neo4j', guessed=False)
2025-11-04 15:45:25,303 DEBUG neo4j.pool: [#FC07]  _: <POOL> picked existing connection bolt-178
2025-11-04 15:45:25,303 DEBUG neo4j.pool: [#FC07]  _: <POOL> checked re_auth auth=None updated=False force=False
2025-11-04 15:45:25,303 DEBUG neo4j.pool: [#FC07]  _: <POOL> handing out existing connection
2025-11-04 15:45:25,303 DEBUG neo4j.io: [#FC07]  C: BEGIN {'db': 'neo4j', 'bookmarks': ['FB:kcwQKAEtB9jYQr+aRTiIhKLSIckC15A=']}
2025-11-04 15:45:25,303 DEBUG neo4j.io: [#FC07]  _: <CONNECTION> client state: READY > TX_READY_OR_TX_STREAMING
2025-11-04 15:45:25,304 DEBUG neo4j.io: [#FC07]  C: RUN '\nCALL apoc.meta.data()\nYIELD label, other, elementType, type, property\nWHERE type = "RELATIONSHIP" AND elementType = "node"\nUNWIND other AS other_node\nWITH * WHERE NOT label IN $EXCLUDED_LABELS\n    AND NOT other_node IN $EXCLUDED_LABELS\nRETURN {start: label, type: property, end: toString(other_node)} AS output\n' {'EXCLUDED_LABELS': ['_Bloom_Perspective_', '_Bloom_Scene_', '__Entity__', '__Node__']} {}
2025-11-04 15:45:25,304 DEBUG neo4j.io: [#FC07]  C: PULL {'n': 1000}
2025-11-04 15:45:25,305 DEBUG neo4j.io: [#FC07]  S: SUCCESS {}
2025-11-04 15:45:25,305 DEBUG neo4j.io: [#FC07]  _: <CONNECTION> server state: READY > TX_READY_OR_TX_STREAMING
2025-11-04 15:45:25,368 DEBUG neo4j.io: [#FC07]  S: SUCCESS {'t_first': 62, 'fields': ['output'], 'qid': 0}
2025-11-04 15:45:25,377 DEBUG neo4j.io: [#FC07]  S: RECORD * 1
2025-11-04 15:45:25,377 DEBUG neo4j.io: [#FC07]  S: RECORD * 1
2025-11-04 15:45:25,377 DEBUG neo4j.io: [#FC07]  S: SUCCESS {'statuses': [{'gql_status': '00000', 'status_description': 'note: successful completion'}], 'type': 'r', 't_last': 8, 'db': 'neo4j'}
2025-11-04 15:45:25,377 DEBUG neo4j.io: [#FC07]  C: COMMIT
2025-11-04 15:45:25,377 DEBUG neo4j.io: [#FC07]  _: <CONNECTION> client state: TX_READY_OR_TX_STREAMING > READY
2025-11-04 15:45:25,378 DEBUG neo4j.io: [#FC07]  S: SUCCESS {'bookmark': 'FB:kcwQKAEtB9jYQr+aRTiIhKLSIckC15A='}
2025-11-04 15:45:25,378 DEBUG neo4j.io: [#FC07]  _: <CONNECTION> server state: TX_READY_OR_TX_STREAMING > READY
2025-11-04 15:45:25,378 DEBUG neo4j.pool: [#FC07]  _: <POOL> released bolt-178
2025-11-04 15:45:25,378 DEBUG neo4j: [#0000]  _: <WORKSPACE> routing towards fixed database: neo4j
2025-11-04 15:45:25,378 DEBUG neo4j: [#0000]  _: <WORKSPACE> pinning database: 'neo4j'
2025-11-04 15:45:25,378 DEBUG neo4j.pool: [#0000]  _: <POOL> acquire direct connection, access_mode='WRITE', database=AcquisitionDatabase(name='neo4j', guessed=False)
2025-11-04 15:45:25,378 DEBUG neo4j.pool: [#FC07]  _: <POOL> picked existing connection bolt-178
2025-11-04 15:45:25,378 DEBUG neo4j.pool: [#FC07]  _: <POOL> checked re_auth auth=None updated=False force=False
2025-11-04 15:45:25,379 DEBUG neo4j.pool: [#FC07]  _: <POOL> handing out existing connection
2025-11-04 15:45:25,379 DEBUG neo4j.io: [#FC07]  C: BEGIN {'db': 'neo4j', 'bookmarks': ['FB:kcwQKAEtB9jYQr+aRTiIhKLSIckC15A=']}
2025-11-04 15:45:25,379 DEBUG neo4j.io: [#FC07]  _: <CONNECTION> client state: READY > TX_READY_OR_TX_STREAMING
2025-11-04 15:45:25,379 DEBUG neo4j.io: [#FC07]  C: RUN 'SHOW CONSTRAINTS' {} {}
2025-11-04 15:45:25,379 DEBUG neo4j.io: [#FC07]  C: PULL {'n': 1000}
2025-11-04 15:45:25,380 DEBUG neo4j.io: [#FC07]  S: SUCCESS {}
2025-11-04 15:45:25,380 DEBUG neo4j.io: [#FC07]  _: <CONNECTION> server state: READY > TX_READY_OR_TX_STREAMING
2025-11-04 15:45:25,420 DEBUG neo4j.io: [#FC07]  S: SUCCESS {'t_first': 40, 'fields': ['id', 'name', 'type', 'entityType', 'labelsOrTypes', 'properties', 'ownedIndex', 'propertyType'], 'qid': 0}
2025-11-04 15:45:25,436 DEBUG neo4j.io: [#FC07]  S: RECORD * 1
2025-11-04 15:45:25,436 DEBUG neo4j.io: [#FC07]  S: RECORD * 1
2025-11-04 15:45:25,436 DEBUG neo4j.io: [#FC07]  S: SUCCESS {'statuses': [{'gql_status': '00000', 'status_description': 'note: successful completion'}], 'type': 'r', 't_last': 15, 'db': 'neo4j'}
2025-11-04 15:45:25,436 DEBUG neo4j.io: [#FC07]  C: COMMIT
2025-11-04 15:45:25,436 DEBUG neo4j.io: [#FC07]  _: <CONNECTION> client state: TX_READY_OR_TX_STREAMING > READY
2025-11-04 15:45:25,437 DEBUG neo4j.io: [#FC07]  S: SUCCESS {'bookmark': 'FB:kcwQKAEtB9jYQr+aRTiIhKLSIckC15A='}
2025-11-04 15:45:25,437 DEBUG neo4j.io: [#FC07]  _: <CONNECTION> server state: TX_READY_OR_TX_STREAMING > READY
2025-11-04 15:45:25,437 DEBUG neo4j.pool: [#FC07]  _: <POOL> released bolt-178
2025-11-04 15:45:25,437 DEBUG neo4j: [#0000]  _: <WORKSPACE> routing towards fixed database: neo4j
2025-11-04 15:45:25,437 DEBUG neo4j: [#0000]  _: <WORKSPACE> pinning database: 'neo4j'
2025-11-04 15:45:25,437 DEBUG neo4j.pool: [#0000]  _: <POOL> acquire direct connection, access_mode='WRITE', database=AcquisitionDatabase(name='neo4j', guessed=False)
2025-11-04 15:45:25,437 DEBUG neo4j.pool: [#FC07]  _: <POOL> picked existing connection bolt-178
2025-11-04 15:45:25,437 DEBUG neo4j.pool: [#FC07]  _: <POOL> checked re_auth auth=None updated=False force=False
2025-11-04 15:45:25,437 DEBUG neo4j.pool: [#FC07]  _: <POOL> handing out existing connection
2025-11-04 15:45:25,437 DEBUG neo4j.io: [#FC07]  C: BEGIN {'db': 'neo4j', 'bookmarks': ['FB:kcwQKAEtB9jYQr+aRTiIhKLSIckC15A=']}
2025-11-04 15:45:25,437 DEBUG neo4j.io: [#FC07]  _: <CONNECTION> client state: READY > TX_READY_OR_TX_STREAMING
2025-11-04 15:45:25,437 DEBUG neo4j.io: [#FC07]  C: RUN "CALL apoc.schema.nodes() YIELD label, properties, type, size, valuesSelectivity WHERE type = 'RANGE' RETURN *, size * valuesSelectivity as distinctValues" {} {}
2025-11-04 15:45:25,438 DEBUG neo4j.io: [#FC07]  C: PULL {'n': 1000}
2025-11-04 15:45:25,438 DEBUG neo4j.io: [#FC07]  S: SUCCESS {}
2025-11-04 15:45:25,438 DEBUG neo4j.io: [#FC07]  _: <CONNECTION> server state: READY > TX_READY_OR_TX_STREAMING
2025-11-04 15:45:25,470 DEBUG neo4j.io: [#FC07]  S: SUCCESS {'t_first': 32, 'fields': ['label', 'properties', 'size', 'type', 'valuesSelectivity', 'distinctValues'], 'qid': 0}
2025-11-04 15:45:25,475 DEBUG neo4j.io: [#FC07]  S: RECORD * 1
2025-11-04 15:45:25,475 DEBUG neo4j.io: [#FC07]  S: RECORD * 1
2025-11-04 15:45:25,475 DEBUG neo4j.io: [#FC07]  S: SUCCESS {'statuses': [{'gql_status': '00000', 'status_description': 'note: successful completion'}], 'type': 'rw', 't_last': 5, 'db': 'neo4j'}
2025-11-04 15:45:25,475 DEBUG neo4j.io: [#FC07]  C: COMMIT
2025-11-04 15:45:25,475 DEBUG neo4j.io: [#FC07]  _: <CONNECTION> client state: TX_READY_OR_TX_STREAMING > READY
2025-11-04 15:45:25,476 DEBUG neo4j.io: [#FC07]  S: SUCCESS {'bookmark': 'FB:kcwQKAEtB9jYQr+aRTiIhKLSIckC15A='}
2025-11-04 15:45:25,476 DEBUG neo4j.io: [#FC07]  _: <CONNECTION> server state: TX_READY_OR_TX_STREAMING > READY
2025-11-04 15:45:25,476 DEBUG neo4j.pool: [#FC07]  _: <POOL> released bolt-178
2025-11-04 15:45:25,477 DEBUG neo4j: [#0000]  _: <WORKSPACE> routing towards fixed database: neo4j
2025-11-04 15:45:25,477 DEBUG neo4j: [#0000]  _: <WORKSPACE> pinning database: 'neo4j'
2025-11-04 15:45:25,477 DEBUG neo4j.pool: [#0000]  _: <POOL> acquire direct connection, access_mode='WRITE', database=AcquisitionDatabase(name='neo4j', guessed=False)
2025-11-04 15:45:25,477 DEBUG neo4j.pool: [#FC07]  _: <POOL> picked existing connection bolt-178
2025-11-04 15:45:25,477 DEBUG neo4j.pool: [#FC07]  _: <POOL> checked re_auth auth=None updated=False force=False
2025-11-04 15:45:25,477 DEBUG neo4j.pool: [#FC07]  _: <POOL> handing out existing connection
2025-11-04 15:45:25,477 DEBUG neo4j.io: [#FC07]  C: BEGIN {'db': 'neo4j', 'bookmarks': ['FB:kcwQKAEtB9jYQr+aRTiIhKLSIckC15A=']}
2025-11-04 15:45:25,477 DEBUG neo4j.io: [#FC07]  _: <CONNECTION> client state: READY > TX_READY_OR_TX_STREAMING
2025-11-04 15:45:25,477 DEBUG neo4j.io: [#FC07]  C: RUN "CALL apoc.meta.subGraph({}) YIELD nodes, relationships RETURN nodes, [rel in relationships | {name:apoc.any.property(rel, 'type'), count: apoc.any.property(rel, 'count')}] AS relationships" {} {}
2025-11-04 15:45:25,477 DEBUG neo4j.io: [#FC07]  C: PULL {'n': 1000}
2025-11-04 15:45:25,478 DEBUG neo4j.io: [#FC07]  S: SUCCESS {}
2025-11-04 15:45:25,479 DEBUG neo4j.io: [#FC07]  _: <CONNECTION> server state: READY > TX_READY_OR_TX_STREAMING
2025-11-04 15:45:25,535 DEBUG neo4j.io: [#FC07]  S: SUCCESS {'t_first': 55, 'fields': ['nodes', 'relationships'], 'qid': 0}
2025-11-04 15:45:25,552 DEBUG neo4j.io: [#FC07]  S: RECORD * 1
2025-11-04 15:45:25,552 DEBUG neo4j.io: [#FC07]  S: SUCCESS {'statuses': [{'gql_status': '00000', 'status_description': 'note: successful completion'}], 'type': 'r', 't_last': 16, 'db': 'neo4j'}
2025-11-04 15:45:25,552 DEBUG neo4j.io: [#FC07]  C: COMMIT
2025-11-04 15:45:25,552 DEBUG neo4j.io: [#FC07]  _: <CONNECTION> client state: TX_READY_OR_TX_STREAMING > READY
2025-11-04 15:45:25,553 DEBUG neo4j.io: [#FC07]  S: SUCCESS {'bookmark': 'FB:kcwQKAEtB9jYQr+aRTiIhKLSIckC15A='}
2025-11-04 15:45:25,553 DEBUG neo4j.io: [#FC07]  _: <CONNECTION> server state: TX_READY_OR_TX_STREAMING > READY
2025-11-04 15:45:25,553 DEBUG neo4j.pool: [#FC07]  _: <POOL> released bolt-178
2025-11-04 15:45:25,553 DEBUG neo4j: [#0000]  _: <WORKSPACE> routing towards fixed database: neo4j
2025-11-04 15:45:25,553 DEBUG neo4j: [#0000]  _: <WORKSPACE> pinning database: 'neo4j'
2025-11-04 15:45:25,553 DEBUG neo4j.pool: [#0000]  _: <POOL> acquire direct connection, access_mode='WRITE', database=AcquisitionDatabase(name='neo4j', guessed=False)
2025-11-04 15:45:25,553 DEBUG neo4j.pool: [#FC07]  _: <POOL> picked existing connection bolt-178
2025-11-04 15:45:25,553 DEBUG neo4j.pool: [#FC07]  _: <POOL> checked re_auth auth=None updated=False force=False
2025-11-04 15:45:25,553 DEBUG neo4j.pool: [#FC07]  _: <POOL> handing out existing connection
2025-11-04 15:45:25,553 DEBUG neo4j.io: [#FC07]  C: BEGIN {'db': 'neo4j', 'bookmarks': ['FB:kcwQKAEtB9jYQr+aRTiIhKLSIckC15A=']}
2025-11-04 15:45:25,553 DEBUG neo4j.io: [#FC07]  _: <CONNECTION> client state: READY > TX_READY_OR_TX_STREAMING
2025-11-04 15:45:25,553 DEBUG neo4j.io: [#FC07]  C: RUN "MATCH (n:`Attribute`)\nWITH collect(distinct substring(toString(coalesce(n.`name`, '')), 0, 52)) AS `name_values`,\n     collect(distinct substring(toString(coalesce(n.`description`, '')), 0, 52)) AS `description_values`,\n     collect(distinct substring(toString(coalesce(n.`id`, '')), 0, 52)) AS `id_values`\nRETURN {`name`: {values:`name_values`[..10], distinct_count: size(`name_values`)}, `description`: {values:`description_values`[..10], distinct_count: size(`description_values`)}, `id`: {values:`id_values`[..10], distinct_count: size(`id_values`)}} AS output" {} {}
2025-11-04 15:45:25,553 DEBUG neo4j.io: [#FC07]  C: PULL {'n': 1000}
2025-11-04 15:45:25,554 DEBUG neo4j.io: [#FC07]  S: SUCCESS {}
2025-11-04 15:45:25,554 DEBUG neo4j.io: [#FC07]  _: <CONNECTION> server state: READY > TX_READY_OR_TX_STREAMING
2025-11-04 15:45:25,668 DEBUG neo4j.io: [#FC07]  S: SUCCESS {'t_first': 114, 'fields': ['output'], 'qid': 0}
2025-11-04 15:45:25,678 DEBUG neo4j.io: [#FC07]  S: RECORD * 1
2025-11-04 15:45:25,679 DEBUG neo4j.io: [#FC07]  S: SUCCESS {'statuses': [{'gql_status': '00000', 'status_description': 'note: successful completion'}], 'type': 'r', 't_last': 10, 'db': 'neo4j'}
2025-11-04 15:45:25,679 DEBUG neo4j.io: [#FC07]  C: COMMIT
2025-11-04 15:45:25,679 DEBUG neo4j.io: [#FC07]  _: <CONNECTION> client state: TX_READY_OR_TX_STREAMING > READY
2025-11-04 15:45:25,680 DEBUG neo4j.io: [#FC07]  S: SUCCESS {'bookmark': 'FB:kcwQKAEtB9jYQr+aRTiIhKLSIckC15A='}
2025-11-04 15:45:25,680 DEBUG neo4j.io: [#FC07]  _: <CONNECTION> server state: TX_READY_OR_TX_STREAMING > READY
2025-11-04 15:45:25,680 DEBUG neo4j.pool: [#FC07]  _: <POOL> released bolt-178
2025-11-04 15:45:25,680 DEBUG neo4j: [#0000]  _: <WORKSPACE> routing towards fixed database: neo4j
2025-11-04 15:45:25,680 DEBUG neo4j: [#0000]  _: <WORKSPACE> pinning database: 'neo4j'
2025-11-04 15:45:25,680 DEBUG neo4j.pool: [#0000]  _: <POOL> acquire direct connection, access_mode='WRITE', database=AcquisitionDatabase(name='neo4j', guessed=False)
2025-11-04 15:45:25,680 DEBUG neo4j.pool: [#FC07]  _: <POOL> picked existing connection bolt-178
2025-11-04 15:45:25,680 DEBUG neo4j.pool: [#FC07]  _: <POOL> checked re_auth auth=None updated=False force=False
2025-11-04 15:45:25,680 DEBUG neo4j.pool: [#FC07]  _: <POOL> handing out existing connection
2025-11-04 15:45:25,680 DEBUG neo4j.io: [#FC07]  C: BEGIN {'db': 'neo4j', 'bookmarks': ['FB:kcwQKAEtB9jYQr+aRTiIhKLSIckC15A=']}
2025-11-04 15:45:25,680 DEBUG neo4j.io: [#FC07]  _: <CONNECTION> client state: READY > TX_READY_OR_TX_STREAMING
2025-11-04 15:45:25,680 DEBUG neo4j.io: [#FC07]  C: RUN "MATCH (n:`DataType`)\nWITH collect(distinct substring(toString(coalesce(n.`name`, '')), 0, 52)) AS `name_values`,\n     collect(distinct substring(toString(coalesce(n.`description`, '')), 0, 52)) AS `description_values`,\n     collect(distinct substring(toString(coalesce(n.`id`, '')), 0, 52)) AS `id_values`\nRETURN {`name`: {values:`name_values`[..10], distinct_count: size(`name_values`)}, `description`: {values:`description_values`[..10], distinct_count: size(`description_values`)}, `id`: {values:`id_values`[..10], distinct_count: size(`id_values`)}} AS output" {} {}
2025-11-04 15:45:25,680 DEBUG neo4j.io: [#FC07]  C: PULL {'n': 1000}
2025-11-04 15:45:25,682 DEBUG neo4j.io: [#FC07]  S: SUCCESS {}
2025-11-04 15:45:25,682 DEBUG neo4j.io: [#FC07]  _: <CONNECTION> server state: READY > TX_READY_OR_TX_STREAMING
2025-11-04 15:45:25,747 DEBUG neo4j.io: [#FC07]  S: SUCCESS {'t_first': 65, 'fields': ['output'], 'qid': 0}
2025-11-04 15:45:25,750 DEBUG neo4j.io: [#FC07]  S: RECORD * 1
2025-11-04 15:45:25,751 DEBUG neo4j.io: [#FC07]  S: SUCCESS {'statuses': [{'gql_status': '00000', 'status_description': 'note: successful completion'}], 'type': 'r', 't_last': 2, 'db': 'neo4j'}
2025-11-04 15:45:25,751 DEBUG neo4j.io: [#FC07]  C: COMMIT
2025-11-04 15:45:25,751 DEBUG neo4j.io: [#FC07]  _: <CONNECTION> client state: TX_READY_OR_TX_STREAMING > READY
2025-11-04 15:45:25,752 DEBUG neo4j.io: [#FC07]  S: SUCCESS {'bookmark': 'FB:kcwQKAEtB9jYQr+aRTiIhKLSIckC15A='}
2025-11-04 15:45:25,752 DEBUG neo4j.io: [#FC07]  _: <CONNECTION> server state: TX_READY_OR_TX_STREAMING > READY
2025-11-04 15:45:25,752 DEBUG neo4j.pool: [#FC07]  _: <POOL> released bolt-178
2025-11-04 15:45:25,752 DEBUG neo4j: [#0000]  _: <WORKSPACE> routing towards fixed database: neo4j
2025-11-04 15:45:25,752 DEBUG neo4j: [#0000]  _: <WORKSPACE> pinning database: 'neo4j'
2025-11-04 15:45:25,752 DEBUG neo4j.pool: [#0000]  _: <POOL> acquire direct connection, access_mode='WRITE', database=AcquisitionDatabase(name='neo4j', guessed=False)
2025-11-04 15:45:25,752 DEBUG neo4j.pool: [#FC07]  _: <POOL> picked existing connection bolt-178
2025-11-04 15:45:25,752 DEBUG neo4j.pool: [#FC07]  _: <POOL> checked re_auth auth=None updated=False force=False
2025-11-04 15:45:25,752 DEBUG neo4j.pool: [#FC07]  _: <POOL> handing out existing connection
2025-11-04 15:45:25,752 DEBUG neo4j.io: [#FC07]  C: BEGIN {'db': 'neo4j', 'bookmarks': ['FB:kcwQKAEtB9jYQr+aRTiIhKLSIckC15A=']}
2025-11-04 15:45:25,752 DEBUG neo4j.io: [#FC07]  _: <CONNECTION> client state: READY > TX_READY_OR_TX_STREAMING
2025-11-04 15:45:25,752 DEBUG neo4j.io: [#FC07]  C: RUN "MATCH (n:`Method`)\nWITH collect(distinct substring(toString(coalesce(n.`name`, '')), 0, 52)) AS `name_values`,\n     collect(distinct substring(toString(coalesce(n.`description`, '')), 0, 52)) AS `description_values`,\n     collect(distinct substring(toString(coalesce(n.`id`, '')), 0, 52)) AS `id_values`\nRETURN {`name`: {values:`name_values`[..10], distinct_count: size(`name_values`)}, `description`: {values:`description_values`[..10], distinct_count: size(`description_values`)}, `id`: {values:`id_values`[..10], distinct_count: size(`id_values`)}} AS output" {} {}
2025-11-04 15:45:25,752 DEBUG neo4j.io: [#FC07]  C: PULL {'n': 1000}
2025-11-04 15:45:25,753 DEBUG neo4j.io: [#FC07]  S: SUCCESS {}
2025-11-04 15:45:25,753 DEBUG neo4j.io: [#FC07]  _: <CONNECTION> server state: READY > TX_READY_OR_TX_STREAMING
2025-11-04 15:45:25,799 DEBUG neo4j.io: [#FC07]  S: SUCCESS {'t_first': 46, 'fields': ['output'], 'qid': 0}
2025-11-04 15:45:25,803 DEBUG neo4j.io: [#FC07]  S: RECORD * 1
2025-11-04 15:45:25,803 DEBUG neo4j.io: [#FC07]  S: SUCCESS {'statuses': [{'gql_status': '00000', 'status_description': 'note: successful completion'}], 'type': 'r', 't_last': 3, 'db': 'neo4j'}
2025-11-04 15:45:25,803 DEBUG neo4j.io: [#FC07]  C: COMMIT
2025-11-04 15:45:25,803 DEBUG neo4j.io: [#FC07]  _: <CONNECTION> client state: TX_READY_OR_TX_STREAMING > READY
2025-11-04 15:45:25,804 DEBUG neo4j.io: [#FC07]  S: SUCCESS {'bookmark': 'FB:kcwQKAEtB9jYQr+aRTiIhKLSIckC15A='}
2025-11-04 15:45:25,804 DEBUG neo4j.io: [#FC07]  _: <CONNECTION> server state: TX_READY_OR_TX_STREAMING > READY
2025-11-04 15:45:25,804 DEBUG neo4j.pool: [#FC07]  _: <POOL> released bolt-178
2025-11-04 15:45:25,804 DEBUG neo4j: [#0000]  _: <WORKSPACE> routing towards fixed database: neo4j
2025-11-04 15:45:25,804 DEBUG neo4j: [#0000]  _: <WORKSPACE> pinning database: 'neo4j'
2025-11-04 15:45:25,804 DEBUG neo4j.pool: [#0000]  _: <POOL> acquire direct connection, access_mode='WRITE', database=AcquisitionDatabase(name='neo4j', guessed=False)
2025-11-04 15:45:25,804 DEBUG neo4j.pool: [#FC07]  _: <POOL> picked existing connection bolt-178
2025-11-04 15:45:25,804 DEBUG neo4j.pool: [#FC07]  _: <POOL> checked re_auth auth=None updated=False force=False
2025-11-04 15:45:25,804 DEBUG neo4j.pool: [#FC07]  _: <POOL> handing out existing connection
2025-11-04 15:45:25,805 DEBUG neo4j.io: [#FC07]  C: BEGIN {'db': 'neo4j', 'bookmarks': ['FB:kcwQKAEtB9jYQr+aRTiIhKLSIckC15A=']}
2025-11-04 15:45:25,805 DEBUG neo4j.io: [#FC07]  _: <CONNECTION> client state: READY > TX_READY_OR_TX_STREAMING
2025-11-04 15:45:25,805 DEBUG neo4j.io: [#FC07]  C: RUN "MATCH (n:`Object`)\nWITH collect(distinct substring(toString(coalesce(n.`name`, '')), 0, 52)) AS `name_values`,\n     collect(distinct substring(toString(coalesce(n.`id`, '')), 0, 52)) AS `id_values`\nRETURN {`name`: {values:`name_values`[..10], distinct_count: size(`name_values`)}, `id`: {values:`id_values`[..10], distinct_count: size(`id_values`)}} AS output" {} {}
2025-11-04 15:45:25,805 DEBUG neo4j.io: [#FC07]  C: PULL {'n': 1000}
2025-11-04 15:45:25,806 DEBUG neo4j.io: [#FC07]  S: SUCCESS {}
2025-11-04 15:45:25,806 DEBUG neo4j.io: [#FC07]  _: <CONNECTION> server state: READY > TX_READY_OR_TX_STREAMING
2025-11-04 15:45:25,844 DEBUG neo4j.io: [#FC07]  S: SUCCESS {'t_first': 38, 'fields': ['output'], 'qid': 0}
2025-11-04 15:45:25,846 DEBUG neo4j.io: [#FC07]  S: RECORD * 1
2025-11-04 15:45:25,846 DEBUG neo4j.io: [#FC07]  S: SUCCESS {'statuses': [{'gql_status': '00000', 'status_description': 'note: successful completion'}], 'type': 'r', 't_last': 2, 'db': 'neo4j'}
2025-11-04 15:45:25,846 DEBUG neo4j.io: [#FC07]  C: COMMIT
2025-11-04 15:45:25,846 DEBUG neo4j.io: [#FC07]  _: <CONNECTION> client state: TX_READY_OR_TX_STREAMING > READY
2025-11-04 15:45:25,847 DEBUG neo4j.io: [#FC07]  S: SUCCESS {'bookmark': 'FB:kcwQKAEtB9jYQr+aRTiIhKLSIckC15A='}
2025-11-04 15:45:25,847 DEBUG neo4j.io: [#FC07]  _: <CONNECTION> server state: TX_READY_OR_TX_STREAMING > READY
2025-11-04 15:45:25,847 DEBUG neo4j.pool: [#FC07]  _: <POOL> released bolt-178
2025-11-04 15:45:25,847 DEBUG neo4j: [#0000]  _: <WORKSPACE> routing towards fixed database: neo4j
2025-11-04 15:45:25,847 DEBUG neo4j: [#0000]  _: <WORKSPACE> pinning database: 'neo4j'
2025-11-04 15:45:25,847 DEBUG neo4j.pool: [#0000]  _: <POOL> acquire direct connection, access_mode='WRITE', database=AcquisitionDatabase(name='neo4j', guessed=False)
2025-11-04 15:45:25,847 DEBUG neo4j.pool: [#FC07]  _: <POOL> picked existing connection bolt-178
2025-11-04 15:45:25,847 DEBUG neo4j.pool: [#FC07]  _: <POOL> checked re_auth auth=None updated=False force=False
2025-11-04 15:45:25,847 DEBUG neo4j.pool: [#FC07]  _: <POOL> handing out existing connection
2025-11-04 15:45:25,847 DEBUG neo4j.io: [#FC07]  C: BEGIN {'db': 'neo4j', 'bookmarks': ['FB:kcwQKAEtB9jYQr+aRTiIhKLSIckC15A=']}
2025-11-04 15:45:25,848 DEBUG neo4j.io: [#FC07]  _: <CONNECTION> client state: READY > TX_READY_OR_TX_STREAMING
2025-11-04 15:45:25,848 DEBUG neo4j.io: [#FC07]  C: RUN "MATCH (n:`ReturnValue`)\nWITH collect(distinct substring(toString(coalesce(n.`description`, '')), 0, 52)) AS `description_values`,\n     collect(distinct substring(toString(coalesce(n.`id`, '')), 0, 52)) AS `id_values`\nRETURN {`description`: {values:`description_values`[..10], distinct_count: size(`description_values`)}, `id`: {values:`id_values`[..10], distinct_count: size(`id_values`)}} AS output" {} {}
2025-11-04 15:45:25,848 DEBUG neo4j.io: [#FC07]  C: PULL {'n': 1000}
2025-11-04 15:45:25,849 DEBUG neo4j.io: [#FC07]  S: SUCCESS {}
2025-11-04 15:45:25,849 DEBUG neo4j.io: [#FC07]  _: <CONNECTION> server state: READY > TX_READY_OR_TX_STREAMING
2025-11-04 15:45:25,889 DEBUG neo4j.io: [#FC07]  S: SUCCESS {'t_first': 40, 'fields': ['output'], 'qid': 0}
2025-11-04 15:45:25,891 DEBUG neo4j.io: [#FC07]  S: RECORD * 1
2025-11-04 15:45:25,891 DEBUG neo4j.io: [#FC07]  S: SUCCESS {'statuses': [{'gql_status': '00000', 'status_description': 'note: successful completion'}], 'type': 'r', 't_last': 2, 'db': 'neo4j'}
2025-11-04 15:45:25,891 DEBUG neo4j.io: [#FC07]  C: COMMIT
2025-11-04 15:45:25,892 DEBUG neo4j.io: [#FC07]  _: <CONNECTION> client state: TX_READY_OR_TX_STREAMING > READY
2025-11-04 15:45:25,892 DEBUG neo4j.io: [#FC07]  S: SUCCESS {'bookmark': 'FB:kcwQKAEtB9jYQr+aRTiIhKLSIckC15A='}
2025-11-04 15:45:25,892 DEBUG neo4j.io: [#FC07]  _: <CONNECTION> server state: TX_READY_OR_TX_STREAMING > READY
2025-11-04 15:45:25,892 DEBUG neo4j.pool: [#FC07]  _: <POOL> released bolt-178
2025-11-04 15:45:25,892 DEBUG neo4j: [#0000]  _: <WORKSPACE> routing towards fixed database: neo4j
2025-11-04 15:45:25,892 DEBUG neo4j: [#0000]  _: <WORKSPACE> pinning database: 'neo4j'
2025-11-04 15:45:25,893 DEBUG neo4j.pool: [#0000]  _: <POOL> acquire direct connection, access_mode='WRITE', database=AcquisitionDatabase(name='neo4j', guessed=False)
2025-11-04 15:45:25,893 DEBUG neo4j.pool: [#FC07]  _: <POOL> picked existing connection bolt-178
2025-11-04 15:45:25,893 DEBUG neo4j.pool: [#FC07]  _: <POOL> checked re_auth auth=None updated=False force=False
2025-11-04 15:45:25,893 DEBUG neo4j.pool: [#FC07]  _: <POOL> handing out existing connection
2025-11-04 15:45:25,893 DEBUG neo4j.io: [#FC07]  C: BEGIN {'db': 'neo4j', 'bookmarks': ['FB:kcwQKAEtB9jYQr+aRTiIhKLSIckC15A=']}
2025-11-04 15:45:25,893 DEBUG neo4j.io: [#FC07]  _: <CONNECTION> client state: READY > TX_READY_OR_TX_STREAMING
2025-11-04 15:45:25,893 DEBUG neo4j.io: [#FC07]  C: RUN 'CALL dbms.components()' {} {}
2025-11-04 15:45:25,893 DEBUG neo4j.io: [#FC07]  C: PULL {'n': 1000}
2025-11-04 15:45:25,894 DEBUG neo4j.io: [#FC07]  S: SUCCESS {}
2025-11-04 15:45:25,894 DEBUG neo4j.io: [#FC07]  _: <CONNECTION> server state: READY > TX_READY_OR_TX_STREAMING
2025-11-04 15:45:25,920 DEBUG neo4j.io: [#FC07]  S: SUCCESS {'t_first': 25, 'fields': ['name', 'versions', 'edition'], 'qid': 0}
2025-11-04 15:45:25,922 DEBUG neo4j.io: [#FC07]  S: RECORD * 1
2025-11-04 15:45:25,922 DEBUG neo4j.io: [#FC07]  S: RECORD * 1
2025-11-04 15:45:25,922 DEBUG neo4j.io: [#FC07]  S: SUCCESS {'statuses': [{'gql_status': '00000', 'status_description': 'note: successful completion'}], 'type': 's', 't_last': 1, 'db': 'neo4j'}
2025-11-04 15:45:25,922 DEBUG neo4j.io: [#FC07]  C: COMMIT
2025-11-04 15:45:25,922 DEBUG neo4j.io: [#FC07]  _: <CONNECTION> client state: TX_READY_OR_TX_STREAMING > READY
2025-11-04 15:45:25,923 DEBUG neo4j.io: [#FC07]  S: SUCCESS {'bookmark': 'FB:kcwQKAEtB9jYQr+aRTiIhKLSIckC15A='}
2025-11-04 15:45:25,923 DEBUG neo4j.io: [#FC07]  _: <CONNECTION> server state: TX_READY_OR_TX_STREAMING > READY
2025-11-04 15:45:25,923 DEBUG neo4j.pool: [#FC07]  _: <POOL> released bolt-178
2025-11-04 15:45:25,923 DEBUG neo4j: [#0000]  _: <WORKSPACE> routing towards fixed database: neo4j
2025-11-04 15:45:25,923 DEBUG neo4j: [#0000]  _: <WORKSPACE> pinning database: 'neo4j'
2025-11-04 15:45:25,923 DEBUG neo4j.pool: [#0000]  _: <POOL> acquire direct connection, access_mode='WRITE', database=AcquisitionDatabase(name='neo4j', guessed=False)
2025-11-04 15:45:25,923 DEBUG neo4j.pool: [#FC07]  _: <POOL> picked existing connection bolt-178
2025-11-04 15:45:25,923 DEBUG neo4j.pool: [#FC07]  _: <POOL> checked re_auth auth=None updated=False force=False
2025-11-04 15:45:25,923 DEBUG neo4j.pool: [#FC07]  _: <POOL> handing out existing connection
2025-11-04 15:45:25,923 DEBUG neo4j.io: [#FC07]  C: BEGIN {'db': 'neo4j', 'bookmarks': ['FB:kcwQKAEtB9jYQr+aRTiIhKLSIckC15A=']}
2025-11-04 15:45:25,923 DEBUG neo4j.io: [#FC07]  _: <CONNECTION> client state: READY > TX_READY_OR_TX_STREAMING
2025-11-04 15:45:25,923 DEBUG neo4j.io: [#FC07]  C: RUN 'CREATE CONSTRAINT IF NOT EXISTS FOR (n:`__Node__`)\n                REQUIRE n.id IS UNIQUE;' {} {}
2025-11-04 15:45:25,923 DEBUG neo4j.io: [#FC07]  C: PULL {'n': 1000}
2025-11-04 15:45:25,924 DEBUG neo4j.io: [#FC07]  S: SUCCESS {}
2025-11-04 15:45:25,925 DEBUG neo4j.io: [#FC07]  _: <CONNECTION> server state: READY > TX_READY_OR_TX_STREAMING
2025-11-04 15:45:25,956 DEBUG neo4j.io: [#FC07]  S: SUCCESS {'t_first': 31, 'fields': [], 'qid': 0}
2025-11-04 15:45:25,965 DEBUG neo4j.io: [#FC07]  S: SUCCESS {'statuses': [{'gql_status': '00001', 'status_description': 'note: successful completion - omitted result'}], 'type': 's', 't_last': 0, 'db': 'neo4j'}
2025-11-04 15:45:25,965 DEBUG neo4j.io: [#FC07]  C: COMMIT
2025-11-04 15:45:25,965 DEBUG neo4j.io: [#FC07]  _: <CONNECTION> client state: TX_READY_OR_TX_STREAMING > READY
2025-11-04 15:45:25,966 DEBUG neo4j.io: [#FC07]  S: SUCCESS {'bookmark': 'FB:kcwQKAEtB9jYQr+aRTiIhKLSIckC15A='}
2025-11-04 15:45:25,966 DEBUG neo4j.io: [#FC07]  _: <CONNECTION> server state: TX_READY_OR_TX_STREAMING > READY
2025-11-04 15:45:25,966 DEBUG neo4j.pool: [#FC07]  _: <POOL> released bolt-178
2025-11-04 15:45:25,967 DEBUG neo4j: [#0000]  _: <WORKSPACE> routing towards fixed database: neo4j
2025-11-04 15:45:25,967 DEBUG neo4j: [#0000]  _: <WORKSPACE> pinning database: 'neo4j'
2025-11-04 15:45:25,967 DEBUG neo4j.pool: [#0000]  _: <POOL> acquire direct connection, access_mode='WRITE', database=AcquisitionDatabase(name='neo4j', guessed=False)
2025-11-04 15:45:25,967 DEBUG neo4j.pool: [#FC07]  _: <POOL> picked existing connection bolt-178
2025-11-04 15:45:25,967 DEBUG neo4j.pool: [#FC07]  _: <POOL> checked re_auth auth=None updated=False force=False
2025-11-04 15:45:25,967 DEBUG neo4j.pool: [#FC07]  _: <POOL> handing out existing connection
2025-11-04 15:45:25,967 DEBUG neo4j.io: [#FC07]  C: BEGIN {'db': 'neo4j', 'bookmarks': ['FB:kcwQKAEtB9jYQr+aRTiIhKLSIckC15A=']}
2025-11-04 15:45:25,967 DEBUG neo4j.io: [#FC07]  _: <CONNECTION> client state: READY > TX_READY_OR_TX_STREAMING
2025-11-04 15:45:25,967 DEBUG neo4j.io: [#FC07]  C: RUN 'CREATE CONSTRAINT IF NOT EXISTS FOR (n:`__Entity__`)\n                REQUIRE n.id IS UNIQUE;' {} {}
2025-11-04 15:45:25,967 DEBUG neo4j.io: [#FC07]  C: PULL {'n': 1000}
2025-11-04 15:45:25,967 DEBUG neo4j.io: [#FC07]  S: SUCCESS {}
2025-11-04 15:45:25,969 DEBUG neo4j.io: [#FC07]  _: <CONNECTION> server state: READY > TX_READY_OR_TX_STREAMING
2025-11-04 15:45:25,973 DEBUG neo4j.io: [#FC07]  S: SUCCESS {'t_first': 4, 'fields': [], 'qid': 0}
2025-11-04 15:45:25,974 DEBUG neo4j.io: [#FC07]  S: SUCCESS {'statuses': [{'gql_status': '00001', 'status_description': 'note: successful completion - omitted result'}], 'type': 's', 't_last': 0, 'db': 'neo4j'}
2025-11-04 15:45:25,974 DEBUG neo4j.io: [#FC07]  C: COMMIT
2025-11-04 15:45:25,974 DEBUG neo4j.io: [#FC07]  _: <CONNECTION> client state: TX_READY_OR_TX_STREAMING > READY
2025-11-04 15:45:25,974 DEBUG neo4j.io: [#FC07]  S: SUCCESS {'bookmark': 'FB:kcwQKAEtB9jYQr+aRTiIhKLSIckC15A='}
2025-11-04 15:45:25,975 DEBUG neo4j.io: [#FC07]  _: <CONNECTION> server state: TX_READY_OR_TX_STREAMING > READY
2025-11-04 15:45:25,975 DEBUG neo4j.pool: [#FC07]  _: <POOL> released bolt-178
2025-11-04 15:45:25,975 DEBUG neo4j: [#0000]  _: <WORKSPACE> routing towards fixed database: neo4j
2025-11-04 15:45:25,975 DEBUG neo4j: [#0000]  _: <WORKSPACE> pinning database: 'neo4j'
2025-11-04 15:45:25,975 DEBUG neo4j.pool: [#0000]  _: <POOL> acquire direct connection, access_mode='WRITE', database=AcquisitionDatabase(name='neo4j', guessed=False)
2025-11-04 15:45:25,975 DEBUG neo4j.pool: [#FC07]  _: <POOL> picked existing connection bolt-178
2025-11-04 15:45:25,975 DEBUG neo4j.pool: [#FC07]  _: <POOL> checked re_auth auth=None updated=False force=False
2025-11-04 15:45:25,975 DEBUG neo4j.pool: [#FC07]  _: <POOL> handing out existing connection
2025-11-04 15:45:25,975 DEBUG neo4j.io: [#FC07]  C: BEGIN {'db': 'neo4j', 'bookmarks': ['FB:kcwQKAEtB9jYQr+aRTiIhKLSIckC15A=']}
2025-11-04 15:45:25,975 DEBUG neo4j.io: [#FC07]  _: <CONNECTION> client state: READY > TX_READY_OR_TX_STREAMING
2025-11-04 15:45:25,975 DEBUG neo4j.io: [#FC07]  C: RUN 'CREATE VECTOR INDEX entity IF NOT EXISTS FOR (m:__Entity__) ON m.embedding' {} {}
2025-11-04 15:45:25,975 DEBUG neo4j.io: [#FC07]  C: PULL {'n': 1000}
2025-11-04 15:45:25,976 DEBUG neo4j.io: [#FC07]  S: SUCCESS {}
2025-11-04 15:45:25,976 DEBUG neo4j.io: [#FC07]  _: <CONNECTION> server state: READY > TX_READY_OR_TX_STREAMING
2025-11-04 15:45:26,010 DEBUG neo4j.io: [#FC07]  S: SUCCESS {'t_first': 34, 'fields': [], 'qid': 0}
2025-11-04 15:45:26,011 DEBUG neo4j.io: [#FC07]  S: SUCCESS {'statuses': [{'gql_status': '00001', 'status_description': 'note: successful completion - omitted result'}], 'type': 's', 't_last': 0, 'db': 'neo4j'}
2025-11-04 15:45:26,011 DEBUG neo4j.io: [#FC07]  C: COMMIT
2025-11-04 15:45:26,011 DEBUG neo4j.io: [#FC07]  _: <CONNECTION> client state: TX_READY_OR_TX_STREAMING > READY
2025-11-04 15:45:26,012 DEBUG neo4j.io: [#FC07]  S: SUCCESS {'bookmark': 'FB:kcwQKAEtB9jYQr+aRTiIhKLSIckC15A='}
2025-11-04 15:45:26,012 DEBUG neo4j.io: [#FC07]  _: <CONNECTION> server state: TX_READY_OR_TX_STREAMING > READY
2025-11-04 15:45:26,012 DEBUG neo4j.pool: [#FC07]  _: <POOL> released bolt-178
2025-11-04 15:45:26,012 INFO root: 既存のヘルプグラフを削除します。
2025-11-04 15:45:26,012 DEBUG neo4j: [#0000]  _: <WORKSPACE> routing towards fixed database: neo4j
2025-11-04 15:45:26,012 DEBUG neo4j: [#0000]  _: <WORKSPACE> pinning database: 'neo4j'
2025-11-04 15:45:26,012 DEBUG neo4j.pool: [#0000]  _: <POOL> acquire direct connection, access_mode='WRITE', database=AcquisitionDatabase(name='neo4j', guessed=False)
2025-11-04 15:45:26,013 DEBUG neo4j.pool: [#FC07]  _: <POOL> picked existing connection bolt-178
2025-11-04 15:45:26,013 DEBUG neo4j.pool: [#FC07]  _: <POOL> checked re_auth auth=None updated=False force=False
2025-11-04 15:45:26,013 DEBUG neo4j.pool: [#FC07]  _: <POOL> handing out existing connection
2025-11-04 15:45:26,013 DEBUG neo4j.io: [#FC07]  C: BEGIN {'db': 'neo4j', 'bookmarks': ['FB:kcwQKAEtB9jYQr+aRTiIhKLSIckC15A=']}
2025-11-04 15:45:26,013 DEBUG neo4j.io: [#FC07]  _: <CONNECTION> client state: READY > TX_READY_OR_TX_STREAMING
2025-11-04 15:45:26,013 DEBUG neo4j.io: [#FC07]  C: RUN 'MATCH (n) WHERE n.data_source = $source DETACH DELETE n' {'source': 'EVOSHIP_HELP_FILES'} {}
2025-11-04 15:45:26,013 DEBUG neo4j.io: [#FC07]  C: PULL {'n': 1000}
2025-11-04 15:45:26,014 DEBUG neo4j.io: [#FC07]  S: SUCCESS {}
2025-11-04 15:45:26,014 DEBUG neo4j.io: [#FC07]  _: <CONNECTION> server state: READY > TX_READY_OR_TX_STREAMING
2025-11-04 15:45:26,064 DEBUG neo4j.io: [#FC07]  S: SUCCESS {'t_first': 49, 'fields': [], 'qid': 0}
2025-11-04 15:45:26,064 DEBUG neo4j.io: [#FC07]  S: SUCCESS {'statuses': [{'gql_status': '00001', 'status_description': 'note: successful completion - omitted result'}], 'type': 'w', 't_last': 0, 'db': 'neo4j'}
2025-11-04 15:45:26,064 DEBUG neo4j.io: [#FC07]  C: COMMIT
2025-11-04 15:45:26,064 DEBUG neo4j.io: [#FC07]  _: <CONNECTION> client state: TX_READY_OR_TX_STREAMING > READY
2025-11-04 15:45:26,065 DEBUG neo4j.io: [#FC07]  S: SUCCESS {'bookmark': 'FB:kcwQKAEtB9jYQr+aRTiIhKLSIckC15A='}
2025-11-04 15:45:26,065 DEBUG neo4j.io: [#FC07]  _: <CONNECTION> server state: TX_READY_OR_TX_STREAMING > READY
2025-11-04 15:45:26,065 DEBUG neo4j.pool: [#FC07]  _: <POOL> released bolt-178
2025-11-04 15:45:26,580 DEBUG asyncio: Using proactor: IocpProactor
2025-11-04 15:45:26,904 DEBUG openai._base_client: Request options: {'method': 'post', 'url': '/chat/completions', 'files': None, 'idempotency_key': 'stainless-python-retry-75226cab-3668-4cdf-8b4a-b8a0eb7e5826', 'json_data': {'messages': [{'role': 'user', 'content': "Some text is provided below. Given the text, extract up to 10 knowledge triplets in the form of (subject, predicate, object). Avoid stopwords.\n---------------------\nExample:Text: Alice is Bob's mother.Triplets:\n(Alice, is mother of, Bob)\nText: Philz is a coffee shop founded in Berkeley in 1982.\nTriplets:\n(Philz, is, coffee shop)\n(Philz, founded in, Berkeley)\n(Philz, founded in, 1982)\n---------------------\nText: document_id: C:\\Users\\akiro\\workfolder\\imabari3dcad\\evoship\\EVOSHIP_HELP_FILES\\about_annotation_styles_list_dialog.html\nsource_path: C:\\Users\\akiro\\workfolder\\imabari3dcad\\evoship\\EVOSHIP_HELP_FILES\\about_annotation_styles_list_dialog.html\nsection_id: 786c297220afb12a8df819d022353fa285b84116\ntitle: 注記・寸法スタイル設定\nsection_heading: 注記・寸法スタイル設定\nsection_level: 2\nsection_index: 0\nlast_modified: 2025-07-08T01:02:52+00:00\nextracted_at: 2025-11-04T06:45:24+00:00\ndata_source: EVOSHIP_HELP_FILES\nchunk_id: b6f65681-3396-4c2c-8527-a9a204f00150\nchunk_index: 0\ntext_length: 570\nstart_char_idx: 0\nend_char_idx: 570\nnodes: [EntityNode(label='HelpDocument', embedding=None, properties={'document_id': 'C:\\\\Users\\\\akiro\\\\workfolder\\\\imabari3dcad\\\\evoship\\\\EVOSHIP_HELP_FILES\\\\about_annotation_styles_list_dialog.html', 'source_path': 'C:\\\\Users\\\\akiro\\\\workfolder\\\\imabari3dcad\\\\evoship\\\\EVOSHIP_HELP_FILES\\\\about_annotation_styles_list_dialog.html', 'title': '注記・寸法スタイル設定', 'headings': ['注記・寸法スタイル設定', '注記スタイルの管理', '注記スタイルの作成', '適用ずみスタイルの更新'], 'section_count': 4, 'last_modified': '2025-07-08T01:02:52+00:00', 'extracted_at': '2025-11-04T06:45:24+00:00', 'data_source': 'EVOSHIP_HELP_FILES'}, name='C:\\\\Users\\\\akiro\\\\workfolder\\\\imabari3dcad\\\\evoship\\\\EVOSHIP_HELP_FILES\\\\about_annotation_styles_list_dialog.html'), EntityNode(label='HelpSection', embedding=None, properties={'section_id': '786c297220afb12a8df819d022353fa285b84116', 'document_id': 'C:\\\\Users\\\\akiro\\\\workfolder\\\\imabari3dcad\\\\evoship\\\\EVOSHIP_HELP_FILES\\\\about_annotation_styles_list_dialog.html', 'source_path': 'C:\\\\Users\\\\akiro\\\\workfolder\\\\imabari3dcad\\\\evoship\\\\EVOSHIP_HELP_FILES\\\\about_annotation_styles_list_dialog.html', 'title': '注記・寸法スタイル設定', 'section_heading': '注記・寸法スタイル設定', 'section_level': 2, 'section_index': 0, 'last_modified': '2025-07-08T01:02:52+00:00', 'extracted_at': '2025-11-04T06:45:24+00:00', 'data_source': 'EVOSHIP_HELP_FILES'}, name='786c297220afb12a8df819d022353fa285b84116'), ChunkNode(label='HelpChunk', embedding=None, properties={'chunk_id': 'b6f65681-3396-4c2c-8527-a9a204f00150', 'document_id': 'C:\\\\Users\\\\akiro\\\\workfolder\\\\imabari3dcad\\\\evoship\\\\EVOSHIP_HELP_FILES\\\\about_annotation_styles_list_dialog.html', 'section_id': '786c297220afb12a8df819d022353fa285b84116', 'source_path': 'C:\\\\Users\\\\akiro\\\\workfolder\\\\imabari3dcad\\\\evoship\\\\EVOSHIP_HELP_FILES\\\\about_annotation_styles_list_dialog.html', 'title': '注記・寸法スタイル設定', 'section_heading': '注記・寸法スタイル設定', 'section_level': 2, 'section_index': 0, 'last_modified': '2025-07-08T01:02:52+00:00', 'extracted_at': '2025-11-04T06:45:24+00:00', 'chunk_index': 0, 'text_length': 570, 'start_char_idx': 0, 'end_char_idx': 570, 'data_source': 'EVOSHIP_HELP_FILES'}, text='注記・寸法スタイル設定\\n\\n注記や寸法の各種パラメータは、要素ひとつひとつに設定することもできますし、スケッチや図面にまとめてパラメータを設定しておいて、注記や寸法はみずからが属するスケッチに設定しておいたパラメータを参照するようにもできます。この「まとめて設定しておくパラメータ」のことを注記スタイルといいます。 注記スタイルの管理 「注記・寸法スタイル設定」ウィンドウで作成した注記スタイルは、システム設定として保存されます。注記スタイルをスケッチや図面に適用すると、スケッチや図面はそのスタイルのコピーを保持します。スケッチや図面にスタイルを適用してから、「注記・寸法スタイル設定」ウィンドウでそのスタイルを編集しても、スケッチや図面が保持している「コピーされた」スタイルは変更されません。 注記スタイルの作成 左側のスタイル一覧が表示されている欄でコンテキストメニューを表示し、「スタイル設定の追加」をクリックします。また、「モデルのスタイル設定を追加」をクリックすると、いま開いているモデル内のスケッチや図面が保持している注記スタイルがすべてスタイル一覧に追加されます。 また、既存のスタイルを元にして新しくスタイルを作りたい場合は、スタイルを選択してコンテキストメニューを表示し、「スタイル設定（コピー）の追加」をクリックします。', id_='b6f65681-3396-4c2c-8527-a9a204f00150')]\nrelations: [Relation(label='HAS_SECTION', source_id='C:\\\\Users\\\\akiro\\\\workfolder\\\\imabari3dcad\\\\evoship\\\\EVOSHIP_HELP_FILES\\\\about_annotation_styles_list_dialog.html', target_id='786c297220afb12a8df819d022353fa285b84116', properties={'data_source': 'EVOSHIP_HELP_FILES'}), Relation(label='HAS_CHUNK', source_id='C:\\\\Users\\\\akiro\\\\workfolder\\\\imabari3dcad\\\\evoship\\\\EVOSHIP_HELP_FILES\\\\about_annotation_styles_list_dialog.html', target_id='b6f65681-3396-4c2c-8527-a9a204f00150', properties={'data_source': 'EVOSHIP_HELP_FILES', 'section_id': '786c297220afb12a8df819d022353fa285b84116', 'chunk_index': 0}), Relation(label='HAS_CHUNK', source_id='786c297220afb12a8df819d022353fa285b84116', target_id='b6f65681-3396-4c2c-8527-a9a204f00150', properties={'data_source': 'EVOSHIP_HELP_FILES', 'chunk_index': 0})]\n\n注記・寸法スタイル設定\n\n注記や寸法の各種パラメータは、要素ひとつひとつに設定することもできますし、スケッチや図面にまとめてパラメータを設定しておいて、注記や寸法はみずからが属するスケッチに設定しておいたパラメータを参照するようにもできます。この「まとめて設定しておくパラメータ」のことを注記スタイルといいます。 注記スタイルの管理 「注記・寸法スタイル設定」ウィンドウで作成した注記スタイルは、システム設定として保存されます。注記スタイルをスケッチや図面に適用すると、スケッチや図面はそのスタイルのコピーを保持します。スケッチや図面にスタイルを適用してから、「注記・寸法スタイル設定」ウィンドウでそのスタイルを編集しても、スケッチや図面が保持している「コピーされた」スタイルは変更されません。 注記スタイルの作成 左側のスタイル一覧が表示されている欄でコンテキストメニューを表示し、「スタイル設定の追加」をクリックします。また、「モデルのスタイル設定を追加」をクリックすると、いま開いているモデル内のスケッチや図面が保持している注記スタイルがすべてスタイル一覧に追加されます。 また、既存のスタイルを元にして新しくスタイルを作りたい場合は、スタイルを選択してコンテキストメニューを表示し、「スタイル設定（コピー）の追加」をクリックします。\nTriplets:\n"}], 'model': 'gpt-5-nano', 'stream': False, 'temperature': 1.0}}
2025-11-04 15:45:26,905 DEBUG openai._base_client: Sending HTTP Request: POST https://api.openai.com/v1/chat/completions
2025-11-04 15:45:26,909 DEBUG httpcore.connection: connect_tcp.started host='api.openai.com' port=443 local_address=None timeout=60.0 socket_options=None
2025-11-04 15:45:26,909 DEBUG openai._base_client: Request options: {'method': 'post', 'url': '/chat/completions', 'files': None, 'idempotency_key': 'stainless-python-retry-39049e4d-1afb-4a3d-896e-6c048c30427b', 'json_data': {'messages': [{'role': 'user', 'content': "Some text is provided below. Given the text, extract up to 10 knowledge triplets in the form of (subject, predicate, object). Avoid stopwords.\n---------------------\nExample:Text: Alice is Bob's mother.Triplets:\n(Alice, is mother of, Bob)\nText: Philz is a coffee shop founded in Berkeley in 1982.\nTriplets:\n(Philz, is, coffee shop)\n(Philz, founded in, Berkeley)\n(Philz, founded in, 1982)\n---------------------\nText: document_id: C:\\Users\\akiro\\workfolder\\imabari3dcad\\evoship\\EVOSHIP_HELP_FILES\\about_annotation_styles_list_dialog.html\nsource_path: C:\\Users\\akiro\\workfolder\\imabari3dcad\\evoship\\EVOSHIP_HELP_FILES\\about_annotation_styles_list_dialog.html\nsection_id: 479fc241bbf40f983b5b190f3f96c13829c67842\ntitle: 注記・寸法スタイル設定\nsection_heading: 注記スタイルの管理\nsection_level: 3\nsection_index: 1\nlast_modified: 2025-07-08T01:02:52+00:00\nextracted_at: 2025-11-04T06:45:24+00:00\ndata_source: EVOSHIP_HELP_FILES\nchunk_id: 30d11b13-7169-4b6c-8593-22d9005077b7\nchunk_index: 0\ntext_length: 191\nstart_char_idx: 0\nend_char_idx: 191\nnodes: [EntityNode(label='HelpDocument', embedding=None, properties={'document_id': 'C:\\\\Users\\\\akiro\\\\workfolder\\\\imabari3dcad\\\\evoship\\\\EVOSHIP_HELP_FILES\\\\about_annotation_styles_list_dialog.html', 'source_path': 'C:\\\\Users\\\\akiro\\\\workfolder\\\\imabari3dcad\\\\evoship\\\\EVOSHIP_HELP_FILES\\\\about_annotation_styles_list_dialog.html', 'title': '注記・寸法スタイル設定', 'headings': ['注記・寸法スタイル設定', '注記スタイルの管理', '注記スタイルの作成', '適用ずみスタイルの更新'], 'section_count': 4, 'last_modified': '2025-07-08T01:02:52+00:00', 'extracted_at': '2025-11-04T06:45:24+00:00', 'data_source': 'EVOSHIP_HELP_FILES'}, name='C:\\\\Users\\\\akiro\\\\workfolder\\\\imabari3dcad\\\\evoship\\\\EVOSHIP_HELP_FILES\\\\about_annotation_styles_list_dialog.html'), EntityNode(label='HelpSection', embedding=None, properties={'section_id': '479fc241bbf40f983b5b190f3f96c13829c67842', 'document_id': 'C:\\\\Users\\\\akiro\\\\workfolder\\\\imabari3dcad\\\\evoship\\\\EVOSHIP_HELP_FILES\\\\about_annotation_styles_list_dialog.html', 'source_path': 'C:\\\\Users\\\\akiro\\\\workfolder\\\\imabari3dcad\\\\evoship\\\\EVOSHIP_HELP_FILES\\\\about_annotation_styles_list_dialog.html', 'title': '注記・寸法スタイル設定', 'section_heading': '注記スタイルの管理', 'section_level': 3, 'section_index': 1, 'last_modified': '2025-07-08T01:02:52+00:00', 'extracted_at': '2025-11-04T06:45:24+00:00', 'data_source': 'EVOSHIP_HELP_FILES'}, name='479fc241bbf40f983b5b190f3f96c13829c67842'), ChunkNode(label='HelpChunk', embedding=None, properties={'chunk_id': '30d11b13-7169-4b6c-8593-22d9005077b7', 'document_id': 'C:\\\\Users\\\\akiro\\\\workfolder\\\\imabari3dcad\\\\evoship\\\\EVOSHIP_HELP_FILES\\\\about_annotation_styles_list_dialog.html', 'section_id': '479fc241bbf40f983b5b190f3f96c13829c67842', 'source_path': 'C:\\\\Users\\\\akiro\\\\workfolder\\\\imabari3dcad\\\\evoship\\\\EVOSHIP_HELP_FILES\\\\about_annotation_styles_list_dialog.html', 'title': '注記・寸法スタイル設定', 'section_heading': '注記スタイルの管理', 'section_level': 3, 'section_index': 1, 'last_modified': '2025-07-08T01:02:52+00:00', 'extracted_at': '2025-11-04T06:45:24+00:00', 'chunk_index': 0, 'text_length': 191, 'start_char_idx': 0, 'end_char_idx': 191, 'data_source': 'EVOSHIP_HELP_FILES'}, text='注記スタイルの管理\\n\\n「注記・寸法スタイル設定」ウィンドウで作成した注記スタイルは、システム設定として保存されます。注記スタイルをスケッチや図面に適用すると、スケッチや図面はそのスタイルのコピーを保持します。スケッチや図面にスタイルを適用してから、「注記・寸法スタイル設定」ウィンドウでそのスタイルを編集しても、スケッチや図面が保持している「コピーされた」スタイルは変更されません。', id_='30d11b13-7169-4b6c-8593-22d9005077b7')]\nrelations: [Relation(label='HAS_SECTION', source_id='C:\\\\Users\\\\akiro\\\\workfolder\\\\imabari3dcad\\\\evoship\\\\EVOSHIP_HELP_FILES\\\\about_annotation_styles_list_dialog.html', target_id='479fc241bbf40f983b5b190f3f96c13829c67842', properties={'data_source': 'EVOSHIP_HELP_FILES'}), Relation(label='HAS_CHUNK', source_id='C:\\\\Users\\\\akiro\\\\workfolder\\\\imabari3dcad\\\\evoship\\\\EVOSHIP_HELP_FILES\\\\about_annotation_styles_list_dialog.html', target_id='30d11b13-7169-4b6c-8593-22d9005077b7', properties={'data_source': 'EVOSHIP_HELP_FILES', 'section_id': '479fc241bbf40f983b5b190f3f96c13829c67842', 'chunk_index': 0}), Relation(label='HAS_CHUNK', source_id='479fc241bbf40f983b5b190f3f96c13829c67842', target_id='30d11b13-7169-4b6c-8593-22d9005077b7', properties={'data_source': 'EVOSHIP_HELP_FILES', 'chunk_index': 0})]\n\n注記スタイルの管理\n\n「注記・寸法スタイル設定」ウィンドウで作成した注記スタイルは、システム設定として保存されます。注記スタイルをスケッチや図面に適用すると、スケッチや図面はそのスタイルのコピーを保持します。スケッチや図面にスタイルを適用してから、「注記・寸法スタイル設定」ウィンドウでそのスタイルを編集しても、スケッチや図面が保持している「コピーされた」スタイルは変更されません。\nTriplets:\n"}], 'model': 'gpt-5-nano', 'stream': False, 'temperature': 1.0}}
2025-11-04 15:45:26,910 DEBUG openai._base_client: Sending HTTP Request: POST https://api.openai.com/v1/chat/completions
2025-11-04 15:45:26,910 DEBUG openai._base_client: Request options: {'method': 'post', 'url': '/chat/completions', 'files': None, 'idempotency_key': 'stainless-python-retry-f028e834-0a3a-4b5b-8213-376f960b9288', 'json_data': {'messages': [{'role': 'user', 'content': "Some text is provided below. Given the text, extract up to 10 knowledge triplets in the form of (subject, predicate, object). Avoid stopwords.\n---------------------\nExample:Text: Alice is Bob's mother.Triplets:\n(Alice, is mother of, Bob)\nText: Philz is a coffee shop founded in Berkeley in 1982.\nTriplets:\n(Philz, is, coffee shop)\n(Philz, founded in, Berkeley)\n(Philz, founded in, 1982)\n---------------------\nText: document_id: C:\\Users\\akiro\\workfolder\\imabari3dcad\\evoship\\EVOSHIP_HELP_FILES\\about_annotation_styles_list_dialog.html\nsource_path: C:\\Users\\akiro\\workfolder\\imabari3dcad\\evoship\\EVOSHIP_HELP_FILES\\about_annotation_styles_list_dialog.html\nsection_id: 786c297220afb12a8df819d022353fa285b84116\ntitle: 注記・寸法スタイル設定\nsection_heading: 注記・寸法スタイル設定\nsection_level: 2\nsection_index: 0\nlast_modified: 2025-07-08T01:02:52+00:00\nextracted_at: 2025-11-04T06:45:24+00:00\ndata_source: EVOSHIP_HELP_FILES\nchunk_id: c4a59b58-2edd-4fb2-8583-a63b8a93e397\nchunk_index: 1\ntext_length: 330\nstart_char_idx: 490\nend_char_idx: 820\nnodes: [EntityNode(label='HelpDocument', embedding=None, properties={'document_id': 'C:\\\\Users\\\\akiro\\\\workfolder\\\\imabari3dcad\\\\evoship\\\\EVOSHIP_HELP_FILES\\\\about_annotation_styles_list_dialog.html', 'source_path': 'C:\\\\Users\\\\akiro\\\\workfolder\\\\imabari3dcad\\\\evoship\\\\EVOSHIP_HELP_FILES\\\\about_annotation_styles_list_dialog.html', 'title': '注記・寸法スタイル設定', 'headings': ['注記・寸法スタイル設定', '注記スタイルの管理', '注記スタイルの作成', '適用ずみスタイルの更新'], 'section_count': 4, 'last_modified': '2025-07-08T01:02:52+00:00', 'extracted_at': '2025-11-04T06:45:24+00:00', 'data_source': 'EVOSHIP_HELP_FILES'}, name='C:\\\\Users\\\\akiro\\\\workfolder\\\\imabari3dcad\\\\evoship\\\\EVOSHIP_HELP_FILES\\\\about_annotation_styles_list_dialog.html'), EntityNode(label='HelpSection', embedding=None, properties={'section_id': '786c297220afb12a8df819d022353fa285b84116', 'document_id': 'C:\\\\Users\\\\akiro\\\\workfolder\\\\imabari3dcad\\\\evoship\\\\EVOSHIP_HELP_FILES\\\\about_annotation_styles_list_dialog.html', 'source_path': 'C:\\\\Users\\\\akiro\\\\workfolder\\\\imabari3dcad\\\\evoship\\\\EVOSHIP_HELP_FILES\\\\about_annotation_styles_list_dialog.html', 'title': '注記・寸法スタイル設定', 'section_heading': '注記・寸法スタイル設定', 'section_level': 2, 'section_index': 0, 'last_modified': '2025-07-08T01:02:52+00:00', 'extracted_at': '2025-11-04T06:45:24+00:00', 'data_source': 'EVOSHIP_HELP_FILES'}, name='786c297220afb12a8df819d022353fa285b84116'), ChunkNode(label='HelpChunk', embedding=None, properties={'chunk_id': 'c4a59b58-2edd-4fb2-8583-a63b8a93e397', 'document_id': 'C:\\\\Users\\\\akiro\\\\workfolder\\\\imabari3dcad\\\\evoship\\\\EVOSHIP_HELP_FILES\\\\about_annotation_styles_list_dialog.html', 'section_id': '786c297220afb12a8df819d022353fa285b84116', 'source_path': 'C:\\\\Users\\\\akiro\\\\workfolder\\\\imabari3dcad\\\\evoship\\\\EVOSHIP_HELP_FILES\\\\about_annotation_styles_list_dialog.html', 'title': '注記・寸法スタイル設定', 'section_heading': '注記・寸法スタイル設定', 'section_level': 2, 'section_index': 0, 'last_modified': '2025-07-08T01:02:52+00:00', 'extracted_at': '2025-11-04T06:45:24+00:00', 'chunk_index': 1, 'text_length': 330, 'start_char_idx': 490, 'end_char_idx': 820, 'data_source': 'EVOSHIP_HELP_FILES'}, text='また、既存のスタイルを元にして新しくスタイルを作りたい場合は、スタイルを選択してコンテキストメニューを表示し、「スタイル設定（コピー）の追加」をクリックします。 適用ずみスタイルの更新 ウィンドウ右下の「モデルの更新」ボタンをクリックすると、「注記・寸法スタイル設定」ウィンドウで管理している（システム設定として保存されている）各スタイルについて、スケッチや図面に適用ずみのスタイルで同名のものがあると、その適用ずみスタイルをシステム設定のスタイルで上書きします。 スタイル一覧に同名のスタイルが複数存在すると、それらのうちひとつだけが適用ずみスタイルの上書きに使われて、残りは無視されてしまいます。同名のスタイルを作るのはできるだけ避けるようにしてください。', id_='c4a59b58-2edd-4fb2-8583-a63b8a93e397')]\nrelations: [Relation(label='HAS_SECTION', source_id='C:\\\\Users\\\\akiro\\\\workfolder\\\\imabari3dcad\\\\evoship\\\\EVOSHIP_HELP_FILES\\\\about_annotation_styles_list_dialog.html', target_id='786c297220afb12a8df819d022353fa285b84116', properties={'data_source': 'EVOSHIP_HELP_FILES'}), Relation(label='HAS_CHUNK', source_id='C:\\\\Users\\\\akiro\\\\workfolder\\\\imabari3dcad\\\\evoship\\\\EVOSHIP_HELP_FILES\\\\about_annotation_styles_list_dialog.html', target_id='c4a59b58-2edd-4fb2-8583-a63b8a93e397', properties={'data_source': 'EVOSHIP_HELP_FILES', 'section_id': '786c297220afb12a8df819d022353fa285b84116', 'chunk_index': 1}), Relation(label='HAS_CHUNK', source_id='786c297220afb12a8df819d022353fa285b84116', target_id='c4a59b58-2edd-4fb2-8583-a63b8a93e397', properties={'data_source': 'EVOSHIP_HELP_FILES', 'chunk_index': 1})]\n\nまた、既存のスタイルを元にして新しくスタイルを作りたい場合は、スタイルを選択してコンテキストメニューを表示し、「スタイル設定（コピー）の追加」をクリックします。 適用ずみスタイルの更新 ウィンドウ右下の「モデルの更新」ボタンをクリックすると、「注記・寸法スタイル設定」ウィンドウで管理している（システム設定として保存されている）各スタイルについて、スケッチや図面に適用ずみのスタイルで同名のものがあると、その適用ずみスタイルをシステム設定のスタイルで上書きします。 スタイル一覧に同名のスタイルが複数存在すると、それらのうちひとつだけが適用ずみスタイルの上書きに使われて、残りは無視されてしまいます。同名のスタイルを作るのはできるだけ避けるようにしてください。\nTriplets:\n"}], 'model': 'gpt-5-nano', 'stream': False, 'temperature': 1.0}}
2025-11-04 15:45:26,910 DEBUG openai._base_client: Sending HTTP Request: POST https://api.openai.com/v1/chat/completions
2025-11-04 15:45:26,911 DEBUG openai._base_client: Request options: {'method': 'post', 'url': '/chat/completions', 'files': None, 'idempotency_key': 'stainless-python-retry-016d3a5d-bb33-4888-bfe7-3277ad1bb4ee', 'json_data': {'messages': [{'role': 'user', 'content': "Some text is provided below. Given the text, extract up to 10 knowledge triplets in the form of (subject, predicate, object). Avoid stopwords.\n---------------------\nExample:Text: Alice is Bob's mother.Triplets:\n(Alice, is mother of, Bob)\nText: Philz is a coffee shop founded in Berkeley in 1982.\nTriplets:\n(Philz, is, coffee shop)\n(Philz, founded in, Berkeley)\n(Philz, founded in, 1982)\n---------------------\nText: document_id: C:\\Users\\akiro\\workfolder\\imabari3dcad\\evoship\\EVOSHIP_HELP_FILES\\about_annotation.html\nsource_path: C:\\Users\\akiro\\workfolder\\imabari3dcad\\evoship\\EVOSHIP_HELP_FILES\\about_annotation.html\nsection_id: f7092eea43d2f61e7b46b5293ec05b46917e46b8\ntitle: アノーテーション\nsection_heading: アノーテーション\nsection_level: 2\nsection_index: 0\nlast_modified: 2025-07-08T01:02:52+00:00\nextracted_at: 2025-11-04T06:45:24+00:00\ndata_source: EVOSHIP_HELP_FILES\nchunk_id: 04243d63-8154-4447-970f-19e0df58b545\nchunk_index: 0\ntext_length: 36\nstart_char_idx: 0\nend_char_idx: 36\nnodes: [EntityNode(label='HelpDocument', embedding=None, properties={'document_id': 'C:\\\\Users\\\\akiro\\\\workfolder\\\\imabari3dcad\\\\evoship\\\\EVOSHIP_HELP_FILES\\\\about_annotation.html', 'source_path': 'C:\\\\Users\\\\akiro\\\\workfolder\\\\imabari3dcad\\\\evoship\\\\EVOSHIP_HELP_FILES\\\\about_annotation.html', 'title': 'アノーテーション', 'headings': ['アノーテーション'], 'section_count': 1, 'last_modified': '2025-07-08T01:02:52+00:00', 'extracted_at': '2025-11-04T06:45:24+00:00', 'data_source': 'EVOSHIP_HELP_FILES'}, name='C:\\\\Users\\\\akiro\\\\workfolder\\\\imabari3dcad\\\\evoship\\\\EVOSHIP_HELP_FILES\\\\about_annotation.html'), EntityNode(label='HelpSection', embedding=None, properties={'section_id': 'f7092eea43d2f61e7b46b5293ec05b46917e46b8', 'document_id': 'C:\\\\Users\\\\akiro\\\\workfolder\\\\imabari3dcad\\\\evoship\\\\EVOSHIP_HELP_FILES\\\\about_annotation.html', 'source_path': 'C:\\\\Users\\\\akiro\\\\workfolder\\\\imabari3dcad\\\\evoship\\\\EVOSHIP_HELP_FILES\\\\about_annotation.html', 'title': 'アノーテーション', 'section_heading': 'アノーテーション', 'section_level': 2, 'section_index': 0, 'last_modified': '2025-07-08T01:02:52+00:00', 'extracted_at': '2025-11-04T06:45:24+00:00', 'data_source': 'EVOSHIP_HELP_FILES'}, name='f7092eea43d2f61e7b46b5293ec05b46917e46b8'), ChunkNode(label='HelpChunk', embedding=None, properties={'chunk_id': '04243d63-8154-4447-970f-19e0df58b545', 'document_id': 'C:\\\\Users\\\\akiro\\\\workfolder\\\\imabari3dcad\\\\evoship\\\\EVOSHIP_HELP_FILES\\\\about_annotation.html', 'section_id': 'f7092eea43d2f61e7b46b5293ec05b46917e46b8', 'source_path': 'C:\\\\Users\\\\akiro\\\\workfolder\\\\imabari3dcad\\\\evoship\\\\EVOSHIP_HELP_FILES\\\\about_annotation.html', 'title': 'アノーテーション', 'section_heading': 'アノーテーション', 'section_level': 2, 'section_index': 0, 'last_modified': '2025-07-08T01:02:52+00:00', 'extracted_at': '2025-11-04T06:45:24+00:00', 'chunk_index': 0, 'text_length': 36, 'start_char_idx': 0, 'end_char_idx': 36, 'data_source': 'EVOSHIP_HELP_FILES'}, text='アノーテーション\\n\\n３次元位置や要素上に 注記 をつけることができます。', id_='04243d63-8154-4447-970f-19e0df58b545')]\nrelations: [Relation(label='HAS_SECTION', source_id='C:\\\\Users\\\\akiro\\\\workfolder\\\\imabari3dcad\\\\evoship\\\\EVOSHIP_HELP_FILES\\\\about_annotation.html', target_id='f7092eea43d2f61e7b46b5293ec05b46917e46b8', properties={'data_source': 'EVOSHIP_HELP_FILES'}), Relation(label='HAS_CHUNK', source_id='C:\\\\Users\\\\akiro\\\\workfolder\\\\imabari3dcad\\\\evoship\\\\EVOSHIP_HELP_FILES\\\\about_annotation.html', target_id='04243d63-8154-4447-970f-19e0df58b545', properties={'data_source': 'EVOSHIP_HELP_FILES', 'section_id': 'f7092eea43d2f61e7b46b5293ec05b46917e46b8', 'chunk_index': 0}), Relation(label='HAS_CHUNK', source_id='f7092eea43d2f61e7b46b5293ec05b46917e46b8', target_id='04243d63-8154-4447-970f-19e0df58b545', properties={'data_source': 'EVOSHIP_HELP_FILES', 'chunk_index': 0})]\n\nアノーテーション\n\n３次元位置や要素上に 注記 をつけることができます。\nTriplets:\n"}], 'model': 'gpt-5-nano', 'stream': False, 'temperature': 1.0}}
2025-11-04 15:45:26,911 DEBUG openai._base_client: Sending HTTP Request: POST https://api.openai.com/v1/chat/completions
2025-11-04 15:45:26,911 DEBUG httpcore.connection: connect_tcp.started host='api.openai.com' port=443 local_address=None timeout=60.0 socket_options=None
2025-11-04 15:45:26,911 DEBUG httpcore.connection: connect_tcp.started host='api.openai.com' port=443 local_address=None timeout=60.0 socket_options=None
2025-11-04 15:45:26,911 DEBUG httpcore.connection: connect_tcp.started host='api.openai.com' port=443 local_address=None timeout=60.0 socket_options=None
2025-11-04 15:45:26,937 DEBUG httpcore.connection: connect_tcp.complete return_value=<httpcore._backends.anyio.AnyIOStream object at 0x0000027E70E2D480>
2025-11-04 15:45:26,937 DEBUG httpcore.connection: start_tls.started ssl_context=<ssl.SSLContext object at 0x0000027E70697EC0> server_hostname='api.openai.com' timeout=60.0
2025-11-04 15:45:26,940 DEBUG httpcore.connection: connect_tcp.complete return_value=<httpcore._backends.anyio.AnyIOStream object at 0x0000027E70DE8A30>
2025-11-04 15:45:26,940 DEBUG httpcore.connection: start_tls.started ssl_context=<ssl.SSLContext object at 0x0000027E70697EC0> server_hostname='api.openai.com' timeout=60.0
2025-11-04 15:45:26,940 DEBUG httpcore.connection: connect_tcp.complete return_value=<httpcore._backends.anyio.AnyIOStream object at 0x0000027E70DE9090>
2025-11-04 15:45:26,940 DEBUG httpcore.connection: start_tls.started ssl_context=<ssl.SSLContext object at 0x0000027E70697EC0> server_hostname='api.openai.com' timeout=60.0
2025-11-04 15:45:26,940 DEBUG httpcore.connection: connect_tcp.complete return_value=<httpcore._backends.anyio.AnyIOStream object at 0x0000027E70E2CAF0>
2025-11-04 15:45:26,940 DEBUG httpcore.connection: start_tls.started ssl_context=<ssl.SSLContext object at 0x0000027E70697EC0> server_hostname='api.openai.com' timeout=60.0
2025-11-04 15:45:26,954 DEBUG httpcore.connection: start_tls.complete return_value=<httpcore._backends.anyio.AnyIOStream object at 0x0000027E70E2D990>
2025-11-04 15:45:26,954 DEBUG httpcore.http11: send_request_headers.started request=<Request [b'POST']>
2025-11-04 15:45:26,957 DEBUG httpcore.http11: send_request_headers.complete
2025-11-04 15:45:26,957 DEBUG httpcore.http11: send_request_body.started request=<Request [b'POST']>
2025-11-04 15:45:26,957 DEBUG httpcore.connection: start_tls.complete return_value=<httpcore._backends.anyio.AnyIOStream object at 0x0000027E70DB3A60>
2025-11-04 15:45:26,957 DEBUG httpcore.connection: start_tls.complete return_value=<httpcore._backends.anyio.AnyIOStream object at 0x0000027E70E2C670>
2025-11-04 15:45:26,957 DEBUG httpcore.http11: send_request_body.complete
2025-11-04 15:45:26,958 DEBUG httpcore.http11: receive_response_headers.started request=<Request [b'POST']>
2025-11-04 15:45:26,958 DEBUG httpcore.http11: send_request_headers.started request=<Request [b'POST']>
2025-11-04 15:45:26,958 DEBUG httpcore.http11: send_request_headers.started request=<Request [b'POST']>
2025-11-04 15:45:26,958 DEBUG httpcore.http11: send_request_headers.complete
2025-11-04 15:45:26,958 DEBUG httpcore.http11: send_request_body.started request=<Request [b'POST']>
2025-11-04 15:45:26,958 DEBUG httpcore.http11: send_request_headers.complete
2025-11-04 15:45:26,958 DEBUG httpcore.http11: send_request_body.started request=<Request [b'POST']>
2025-11-04 15:45:26,958 DEBUG httpcore.http11: send_request_body.complete
2025-11-04 15:45:26,958 DEBUG httpcore.http11: receive_response_headers.started request=<Request [b'POST']>
2025-11-04 15:45:26,958 DEBUG httpcore.http11: send_request_body.complete
2025-11-04 15:45:26,958 DEBUG httpcore.http11: receive_response_headers.started request=<Request [b'POST']>
2025-11-04 15:45:26,960 DEBUG httpcore.connection: start_tls.complete return_value=<httpcore._backends.anyio.AnyIOStream object at 0x0000027E70E2D000>
2025-11-04 15:45:26,961 DEBUG httpcore.http11: send_request_headers.started request=<Request [b'POST']>
2025-11-04 15:45:26,961 DEBUG httpcore.http11: send_request_headers.complete
2025-11-04 15:45:26,961 DEBUG httpcore.http11: send_request_body.started request=<Request [b'POST']>
2025-11-04 15:45:26,961 DEBUG httpcore.http11: send_request_body.complete
2025-11-04 15:45:26,961 DEBUG httpcore.http11: receive_response_headers.started request=<Request [b'POST']>
2025-11-04 15:45:52,330 DEBUG httpcore.http11: receive_response_headers.complete return_value=(b'HTTP/1.1', 200, b'OK', [(b'Date', b'Tue, 04 Nov 2025 06:45:50 GMT'), (b'Content-Type', b'application/json'), (b'Transfer-Encoding', b'chunked'), (b'Connection', b'keep-alive'), (b'access-control-expose-headers', b'X-Request-ID'), (b'openai-organization', b'ehime-university-computer-science-lab'), (b'openai-processing-ms', b'24476'), (b'openai-project', b'proj_J2ozYACnCAyF9swBaMOIo4Ft'), (b'openai-version', b'2020-10-01'), (b'x-envoy-upstream-service-time', b'24736'), (b'x-ratelimit-limit-requests', b'10000'), (b'x-ratelimit-limit-tokens', b'10000000'), (b'x-ratelimit-remaining-requests', b'9999'), (b'x-ratelimit-remaining-tokens', b'9998988'), (b'x-ratelimit-reset-requests', b'6ms'), (b'x-ratelimit-reset-tokens', b'6ms'), (b'x-request-id', b'req_00381c0c5e33485080e1b27d14649ca0'), (b'x-openai-proxy-wasm', b'v0.1'), (b'cf-cache-status', b'DYNAMIC'), (b'Set-Cookie', b'__cf_bm=XJXb5j3LOVyPSBmz0UE3R69Yv2JaV4uL6TgF2ZA7KzA-1762238750-1.0.1.1-._71Gjh3frerVnHvqSq1RJNgW_3XZOAuyoeE3i9M24RzqBqIqQqpm6GXg3mwWqKFRQWt0xjLKc9lbr.bW2P2xgMvsV9teMA2qwP4zrwXQfA; path=/; expires=Tue, 04-Nov-25 07:15:50 GMT; domain=.api.openai.com; HttpOnly; Secure; SameSite=None'), (b'Strict-Transport-Security', b'max-age=31536000; includeSubDomains; preload'), (b'X-Content-Type-Options', b'nosniff'), (b'Set-Cookie', b'_cfuvid=97Q51vhR9EOC3vJyNgbH6sUYLjrF3N4LfRrtceCAljc-1762238750509-0.0.1.1-604800000; path=/; domain=.api.openai.com; HttpOnly; Secure; SameSite=None'), (b'Server', b'cloudflare'), (b'CF-RAY', b'999226003a62d1c7-KIX'), (b'Content-Encoding', b'gzip'), (b'alt-svc', b'h3=":443"; ma=86400')])
2025-11-04 15:45:52,331 INFO httpx: HTTP Request: POST https://api.openai.com/v1/chat/completions "HTTP/1.1 200 OK"
2025-11-04 15:45:52,331 DEBUG httpcore.http11: receive_response_body.started request=<Request [b'POST']>
2025-11-04 15:45:52,332 DEBUG httpcore.http11: receive_response_body.complete
2025-11-04 15:45:52,332 DEBUG httpcore.http11: response_closed.started
2025-11-04 15:45:52,333 DEBUG httpcore.http11: response_closed.complete
2025-11-04 15:45:52,333 DEBUG openai._base_client: HTTP Response: POST https://api.openai.com/v1/chat/completions "200 OK" Headers([('date', 'Tue, 04 Nov 2025 06:45:50 GMT'), ('content-type', 'application/json'), ('transfer-encoding', 'chunked'), ('connection', 'keep-alive'), ('access-control-expose-headers', 'X-Request-ID'), ('openai-organization', 'ehime-university-computer-science-lab'), ('openai-processing-ms', '24476'), ('openai-project', 'proj_J2ozYACnCAyF9swBaMOIo4Ft'), ('openai-version', '2020-10-01'), ('x-envoy-upstream-service-time', '24736'), ('x-ratelimit-limit-requests', '10000'), ('x-ratelimit-limit-tokens', '10000000'), ('x-ratelimit-remaining-requests', '9999'), ('x-ratelimit-remaining-tokens', '9998988'), ('x-ratelimit-reset-requests', '6ms'), ('x-ratelimit-reset-tokens', '6ms'), ('x-request-id', 'req_00381c0c5e33485080e1b27d14649ca0'), ('x-openai-proxy-wasm', 'v0.1'), ('cf-cache-status', 'DYNAMIC'), ('set-cookie', '__cf_bm=XJXb5j3LOVyPSBmz0UE3R69Yv2JaV4uL6TgF2ZA7KzA-1762238750-1.0.1.1-._71Gjh3frerVnHvqSq1RJNgW_3XZOAuyoeE3i9M24RzqBqIqQqpm6GXg3mwWqKFRQWt0xjLKc9lbr.bW2P2xgMvsV9teMA2qwP4zrwXQfA; path=/; expires=Tue, 04-Nov-25 07:15:50 GMT; domain=.api.openai.com; HttpOnly; Secure; SameSite=None'), ('strict-transport-security', 'max-age=31536000; includeSubDomains; preload'), ('x-content-type-options', 'nosniff'), ('set-cookie', '_cfuvid=97Q51vhR9EOC3vJyNgbH6sUYLjrF3N4LfRrtceCAljc-1762238750509-0.0.1.1-604800000; path=/; domain=.api.openai.com; HttpOnly; Secure; SameSite=None'), ('server', 'cloudflare'), ('cf-ray', '999226003a62d1c7-KIX'), ('content-encoding', 'gzip'), ('alt-svc', 'h3=":443"; ma=86400')])
2025-11-04 15:45:52,333 DEBUG openai._base_client: request_id: req_00381c0c5e33485080e1b27d14649ca0
2025-11-04 15:45:52,340 DEBUG openai._base_client: Request options: {'method': 'post', 'url': '/chat/completions', 'files': None, 'idempotency_key': 'stainless-python-retry-c3160760-4b70-4e34-afab-d1629d8ce1ba', 'json_data': {'messages': [{'role': 'user', 'content': "Some text is provided below. Given the text, extract up to 10 knowledge triplets in the form of (subject, predicate, object). Avoid stopwords.\n---------------------\nExample:Text: Alice is Bob's mother.Triplets:\n(Alice, is mother of, Bob)\nText: Philz is a coffee shop founded in Berkeley in 1982.\nTriplets:\n(Philz, is, coffee shop)\n(Philz, founded in, Berkeley)\n(Philz, founded in, 1982)\n---------------------\nText: document_id: C:\\Users\\akiro\\workfolder\\imabari3dcad\\evoship\\EVOSHIP_HELP_FILES\\about_annotation_styles_list_dialog.html\nsource_path: C:\\Users\\akiro\\workfolder\\imabari3dcad\\evoship\\EVOSHIP_HELP_FILES\\about_annotation_styles_list_dialog.html\nsection_id: 948fca157e8e5cee99d571163057daa7a31b2157\ntitle: 注記・寸法スタイル設定\nsection_heading: 注記スタイルの作成\nsection_level: 3\nsection_index: 2\nlast_modified: 2025-07-08T01:02:52+00:00\nextracted_at: 2025-11-04T06:45:24+00:00\ndata_source: EVOSHIP_HELP_FILES\nchunk_id: dbc68575-daaa-4bbd-8ac7-2b6737b982c1\nchunk_index: 0\ntext_length: 223\nstart_char_idx: 0\nend_char_idx: 223\nnodes: [EntityNode(label='HelpDocument', embedding=None, properties={'document_id': 'C:\\\\Users\\\\akiro\\\\workfolder\\\\imabari3dcad\\\\evoship\\\\EVOSHIP_HELP_FILES\\\\about_annotation_styles_list_dialog.html', 'source_path': 'C:\\\\Users\\\\akiro\\\\workfolder\\\\imabari3dcad\\\\evoship\\\\EVOSHIP_HELP_FILES\\\\about_annotation_styles_list_dialog.html', 'title': '注記・寸法スタイル設定', 'headings': ['注記・寸法スタイル設定', '注記スタイルの管理', '注記スタイルの作成', '適用ずみスタイルの更新'], 'section_count': 4, 'last_modified': '2025-07-08T01:02:52+00:00', 'extracted_at': '2025-11-04T06:45:24+00:00', 'data_source': 'EVOSHIP_HELP_FILES'}, name='C:\\\\Users\\\\akiro\\\\workfolder\\\\imabari3dcad\\\\evoship\\\\EVOSHIP_HELP_FILES\\\\about_annotation_styles_list_dialog.html'), EntityNode(label='HelpSection', embedding=None, properties={'section_id': '948fca157e8e5cee99d571163057daa7a31b2157', 'document_id': 'C:\\\\Users\\\\akiro\\\\workfolder\\\\imabari3dcad\\\\evoship\\\\EVOSHIP_HELP_FILES\\\\about_annotation_styles_list_dialog.html', 'source_path': 'C:\\\\Users\\\\akiro\\\\workfolder\\\\imabari3dcad\\\\evoship\\\\EVOSHIP_HELP_FILES\\\\about_annotation_styles_list_dialog.html', 'title': '注記・寸法スタイル設定', 'section_heading': '注記スタイルの作成', 'section_level': 3, 'section_index': 2, 'last_modified': '2025-07-08T01:02:52+00:00', 'extracted_at': '2025-11-04T06:45:24+00:00', 'data_source': 'EVOSHIP_HELP_FILES'}, name='948fca157e8e5cee99d571163057daa7a31b2157'), ChunkNode(label='HelpChunk', embedding=None, properties={'chunk_id': 'dbc68575-daaa-4bbd-8ac7-2b6737b982c1', 'document_id': 'C:\\\\Users\\\\akiro\\\\workfolder\\\\imabari3dcad\\\\evoship\\\\EVOSHIP_HELP_FILES\\\\about_annotation_styles_list_dialog.html', 'section_id': '948fca157e8e5cee99d571163057daa7a31b2157', 'source_path': 'C:\\\\Users\\\\akiro\\\\workfolder\\\\imabari3dcad\\\\evoship\\\\EVOSHIP_HELP_FILES\\\\about_annotation_styles_list_dialog.html', 'title': '注記・寸法スタイル設定', 'section_heading': '注記スタイルの作成', 'section_level': 3, 'section_index': 2, 'last_modified': '2025-07-08T01:02:52+00:00', 'extracted_at': '2025-11-04T06:45:24+00:00', 'chunk_index': 0, 'text_length': 223, 'start_char_idx': 0, 'end_char_idx': 223, 'data_source': 'EVOSHIP_HELP_FILES'}, text='注記スタイルの作成\\n\\n左側のスタイル一覧が表示されている欄でコンテキストメニューを表示し、「スタイル設定の追加」をクリックします。また、「モデルのスタイル設定を追加」をクリックすると、いま開いているモデル内のスケッチや図面が保持している注記スタイルがすべてスタイル一覧に追加されます。\\nまた、既存のスタイルを元にして新しくスタイルを作りたい場合は、スタイルを選択してコンテキストメニューを表示し、「スタイル設定（コピー）の追加」をクリックします。', id_='dbc68575-daaa-4bbd-8ac7-2b6737b982c1')]\nrelations: [Relation(label='HAS_SECTION', source_id='C:\\\\Users\\\\akiro\\\\workfolder\\\\imabari3dcad\\\\evoship\\\\EVOSHIP_HELP_FILES\\\\about_annotation_styles_list_dialog.html', target_id='948fca157e8e5cee99d571163057daa7a31b2157', properties={'data_source': 'EVOSHIP_HELP_FILES'}), Relation(label='HAS_CHUNK', source_id='C:\\\\Users\\\\akiro\\\\workfolder\\\\imabari3dcad\\\\evoship\\\\EVOSHIP_HELP_FILES\\\\about_annotation_styles_list_dialog.html', target_id='dbc68575-daaa-4bbd-8ac7-2b6737b982c1', properties={'data_source': 'EVOSHIP_HELP_FILES', 'section_id': '948fca157e8e5cee99d571163057daa7a31b2157', 'chunk_index': 0}), Relation(label='HAS_CHUNK', source_id='948fca157e8e5cee99d571163057daa7a31b2157', target_id='dbc68575-daaa-4bbd-8ac7-2b6737b982c1', properties={'data_source': 'EVOSHIP_HELP_FILES', 'chunk_index': 0})]\n\n注記スタイルの作成\n\n左側のスタイル一覧が表示されている欄でコンテキストメニューを表示し、「スタイル設定の追加」をクリックします。また、「モデルのスタイル設定を追加」をクリックすると、いま開いているモデル内のスケッチや図面が保持している注記スタイルがすべてスタイル一覧に追加されます。\nまた、既存のスタイルを元にして新しくスタイルを作りたい場合は、スタイルを選択してコンテキストメニューを表示し、「スタイル設定（コピー）の追加」をクリックします。\nTriplets:\n"}], 'model': 'gpt-5-nano', 'stream': False, 'temperature': 1.0}}
2025-11-04 15:45:52,341 DEBUG openai._base_client: Sending HTTP Request: POST https://api.openai.com/v1/chat/completions
2025-11-04 15:45:52,341 DEBUG httpcore.http11: send_request_headers.started request=<Request [b'POST']>
2025-11-04 15:45:52,341 DEBUG httpcore.http11: send_request_headers.complete
2025-11-04 15:45:52,341 DEBUG httpcore.http11: send_request_body.started request=<Request [b'POST']>
2025-11-04 15:45:52,341 DEBUG httpcore.http11: send_request_body.complete
2025-11-04 15:45:52,341 DEBUG httpcore.http11: receive_response_headers.started request=<Request [b'POST']>
2025-11-04 15:46:02,164 DEBUG httpcore.http11: receive_response_headers.complete return_value=(b'HTTP/1.1', 200, b'OK', [(b'Date', b'Tue, 04 Nov 2025 06:46:00 GMT'), (b'Content-Type', b'application/json'), (b'Transfer-Encoding', b'chunked'), (b'Connection', b'keep-alive'), (b'access-control-expose-headers', b'X-Request-ID'), (b'openai-organization', b'ehime-university-computer-science-lab'), (b'openai-processing-ms', b'34258'), (b'openai-project', b'proj_J2ozYACnCAyF9swBaMOIo4Ft'), (b'openai-version', b'2020-10-01'), (b'x-envoy-upstream-service-time', b'34482'), (b'x-ratelimit-limit-requests', b'10000'), (b'x-ratelimit-limit-tokens', b'10000000'), (b'x-ratelimit-remaining-requests', b'9999'), (b'x-ratelimit-remaining-tokens', b'9998662'), (b'x-ratelimit-reset-requests', b'6ms'), (b'x-ratelimit-reset-tokens', b'8ms'), (b'x-request-id', b'req_f1ca48467242494e97f6853777e37654'), (b'x-openai-proxy-wasm', b'v0.1'), (b'cf-cache-status', b'DYNAMIC'), (b'Set-Cookie', b'__cf_bm=oVvTZeuyzwt2UcmHwbwBbiLhfHJFQoVadiVKf0nRMtI-1762238760-1.0.1.1-XL4RWmyhtJGqm1EjIfmdLThNMYv.E0d3RzrMRJuk6iN_mB6UqEZs71BIuFCiZNQuFuyzxqndVxgl5FekULSkIqTL5gf57rPPACwv5OHnnCM; path=/; expires=Tue, 04-Nov-25 07:16:00 GMT; domain=.api.openai.com; HttpOnly; Secure; SameSite=None'), (b'Strict-Transport-Security', b'max-age=31536000; includeSubDomains; preload'), (b'X-Content-Type-Options', b'nosniff'), (b'Set-Cookie', b'_cfuvid=nDfHmWLYNrVrvTMkarLjsobMbd2JxhjRgHQqiA7XhSs-1762238760343-0.0.1.1-604800000; path=/; domain=.api.openai.com; HttpOnly; Secure; SameSite=None'), (b'Server', b'cloudflare'), (b'CF-RAY', b'999226002b579653-KIX'), (b'Content-Encoding', b'gzip'), (b'alt-svc', b'h3=":443"; ma=86400')])
2025-11-04 15:46:02,165 INFO httpx: HTTP Request: POST https://api.openai.com/v1/chat/completions "HTTP/1.1 200 OK"
2025-11-04 15:46:02,166 DEBUG httpcore.http11: receive_response_body.started request=<Request [b'POST']>
2025-11-04 15:46:02,166 DEBUG httpcore.http11: receive_response_body.complete
2025-11-04 15:46:02,166 DEBUG httpcore.http11: response_closed.started
2025-11-04 15:46:02,166 DEBUG httpcore.http11: response_closed.complete
2025-11-04 15:46:02,167 DEBUG openai._base_client: HTTP Response: POST https://api.openai.com/v1/chat/completions "200 OK" Headers([('date', 'Tue, 04 Nov 2025 06:46:00 GMT'), ('content-type', 'application/json'), ('transfer-encoding', 'chunked'), ('connection', 'keep-alive'), ('access-control-expose-headers', 'X-Request-ID'), ('openai-organization', 'ehime-university-computer-science-lab'), ('openai-processing-ms', '34258'), ('openai-project', 'proj_J2ozYACnCAyF9swBaMOIo4Ft'), ('openai-version', '2020-10-01'), ('x-envoy-upstream-service-time', '34482'), ('x-ratelimit-limit-requests', '10000'), ('x-ratelimit-limit-tokens', '10000000'), ('x-ratelimit-remaining-requests', '9999'), ('x-ratelimit-remaining-tokens', '9998662'), ('x-ratelimit-reset-requests', '6ms'), ('x-ratelimit-reset-tokens', '8ms'), ('x-request-id', 'req_f1ca48467242494e97f6853777e37654'), ('x-openai-proxy-wasm', 'v0.1'), ('cf-cache-status', 'DYNAMIC'), ('set-cookie', '__cf_bm=oVvTZeuyzwt2UcmHwbwBbiLhfHJFQoVadiVKf0nRMtI-1762238760-1.0.1.1-XL4RWmyhtJGqm1EjIfmdLThNMYv.E0d3RzrMRJuk6iN_mB6UqEZs71BIuFCiZNQuFuyzxqndVxgl5FekULSkIqTL5gf57rPPACwv5OHnnCM; path=/; expires=Tue, 04-Nov-25 07:16:00 GMT; domain=.api.openai.com; HttpOnly; Secure; SameSite=None'), ('strict-transport-security', 'max-age=31536000; includeSubDomains; preload'), ('x-content-type-options', 'nosniff'), ('set-cookie', '_cfuvid=nDfHmWLYNrVrvTMkarLjsobMbd2JxhjRgHQqiA7XhSs-1762238760343-0.0.1.1-604800000; path=/; domain=.api.openai.com; HttpOnly; Secure; SameSite=None'), ('server', 'cloudflare'), ('cf-ray', '999226002b579653-KIX'), ('content-encoding', 'gzip'), ('alt-svc', 'h3=":443"; ma=86400')])
2025-11-04 15:46:02,167 DEBUG openai._base_client: request_id: req_f1ca48467242494e97f6853777e37654
2025-11-04 15:46:02,171 DEBUG openai._base_client: Request options: {'method': 'post', 'url': '/chat/completions', 'files': None, 'idempotency_key': 'stainless-python-retry-2dd12941-cf8c-4109-b504-23aa3d1f4b16', 'json_data': {'messages': [{'role': 'user', 'content': "Some text is provided below. Given the text, extract up to 10 knowledge triplets in the form of (subject, predicate, object). Avoid stopwords.\n---------------------\nExample:Text: Alice is Bob's mother.Triplets:\n(Alice, is mother of, Bob)\nText: Philz is a coffee shop founded in Berkeley in 1982.\nTriplets:\n(Philz, is, coffee shop)\n(Philz, founded in, Berkeley)\n(Philz, founded in, 1982)\n---------------------\nText: document_id: C:\\Users\\akiro\\workfolder\\imabari3dcad\\evoship\\EVOSHIP_HELP_FILES\\about_annotation_styles_list_dialog.html\nsource_path: C:\\Users\\akiro\\workfolder\\imabari3dcad\\evoship\\EVOSHIP_HELP_FILES\\about_annotation_styles_list_dialog.html\nsection_id: 20282e22440d39595fb32550c039519844363c95\ntitle: 注記・寸法スタイル設定\nsection_heading: 適用ずみスタイルの更新\nsection_level: 3\nsection_index: 3\nlast_modified: 2025-07-08T01:02:52+00:00\nextracted_at: 2025-11-04T06:45:24+00:00\ndata_source: EVOSHIP_HELP_FILES\nchunk_id: cba0f053-1cd6-41ea-9f31-18cd047f3901\nchunk_index: 0\ntext_length: 250\nstart_char_idx: 0\nend_char_idx: 250\nnodes: [EntityNode(label='HelpDocument', embedding=None, properties={'document_id': 'C:\\\\Users\\\\akiro\\\\workfolder\\\\imabari3dcad\\\\evoship\\\\EVOSHIP_HELP_FILES\\\\about_annotation_styles_list_dialog.html', 'source_path': 'C:\\\\Users\\\\akiro\\\\workfolder\\\\imabari3dcad\\\\evoship\\\\EVOSHIP_HELP_FILES\\\\about_annotation_styles_list_dialog.html', 'title': '注記・寸法スタイル設定', 'headings': ['注記・寸法スタイル設定', '注記スタイルの管理', '注記スタイルの作成', '適用ずみスタイルの更新'], 'section_count': 4, 'last_modified': '2025-07-08T01:02:52+00:00', 'extracted_at': '2025-11-04T06:45:24+00:00', 'data_source': 'EVOSHIP_HELP_FILES'}, name='C:\\\\Users\\\\akiro\\\\workfolder\\\\imabari3dcad\\\\evoship\\\\EVOSHIP_HELP_FILES\\\\about_annotation_styles_list_dialog.html'), EntityNode(label='HelpSection', embedding=None, properties={'section_id': '20282e22440d39595fb32550c039519844363c95', 'document_id': 'C:\\\\Users\\\\akiro\\\\workfolder\\\\imabari3dcad\\\\evoship\\\\EVOSHIP_HELP_FILES\\\\about_annotation_styles_list_dialog.html', 'source_path': 'C:\\\\Users\\\\akiro\\\\workfolder\\\\imabari3dcad\\\\evoship\\\\EVOSHIP_HELP_FILES\\\\about_annotation_styles_list_dialog.html', 'title': '注記・寸法スタイル設定', 'section_heading': '適用ずみスタイルの更新', 'section_level': 3, 'section_index': 3, 'last_modified': '2025-07-08T01:02:52+00:00', 'extracted_at': '2025-11-04T06:45:24+00:00', 'data_source': 'EVOSHIP_HELP_FILES'}, name='20282e22440d39595fb32550c039519844363c95'), ChunkNode(label='HelpChunk', embedding=None, properties={'chunk_id': 'cba0f053-1cd6-41ea-9f31-18cd047f3901', 'document_id': 'C:\\\\Users\\\\akiro\\\\workfolder\\\\imabari3dcad\\\\evoship\\\\EVOSHIP_HELP_FILES\\\\about_annotation_styles_list_dialog.html', 'section_id': '20282e22440d39595fb32550c039519844363c95', 'source_path': 'C:\\\\Users\\\\akiro\\\\workfolder\\\\imabari3dcad\\\\evoship\\\\EVOSHIP_HELP_FILES\\\\about_annotation_styles_list_dialog.html', 'title': '注記・寸法スタイル設定', 'section_heading': '適用ずみスタイルの更新', 'section_level': 3, 'section_index': 3, 'last_modified': '2025-07-08T01:02:52+00:00', 'extracted_at': '2025-11-04T06:45:24+00:00', 'chunk_index': 0, 'text_length': 250, 'start_char_idx': 0, 'end_char_idx': 250, 'data_source': 'EVOSHIP_HELP_FILES'}, text='適用ずみスタイルの更新\\n\\nウィンドウ右下の「モデルの更新」ボタンをクリックすると、「注記・寸法スタイル設定」ウィンドウで管理している（システム設定として保存されている）各スタイルについて、スケッチや図面に適用ずみのスタイルで同名のものがあると、その適用ずみスタイルをシステム設定のスタイルで上書きします。\\nスタイル一覧に同名のスタイルが複数存在すると、それらのうちひとつだけが適用ずみスタイルの上書きに使われて、残りは無視されてしまいます。同名のスタイルを作るのはできるだけ避けるようにしてください。', id_='cba0f053-1cd6-41ea-9f31-18cd047f3901')]\nrelations: [Relation(label='HAS_SECTION', source_id='C:\\\\Users\\\\akiro\\\\workfolder\\\\imabari3dcad\\\\evoship\\\\EVOSHIP_HELP_FILES\\\\about_annotation_styles_list_dialog.html', target_id='20282e22440d39595fb32550c039519844363c95', properties={'data_source': 'EVOSHIP_HELP_FILES'}), Relation(label='HAS_CHUNK', source_id='C:\\\\Users\\\\akiro\\\\workfolder\\\\imabari3dcad\\\\evoship\\\\EVOSHIP_HELP_FILES\\\\about_annotation_styles_list_dialog.html', target_id='cba0f053-1cd6-41ea-9f31-18cd047f3901', properties={'data_source': 'EVOSHIP_HELP_FILES', 'section_id': '20282e22440d39595fb32550c039519844363c95', 'chunk_index': 0}), Relation(label='HAS_CHUNK', source_id='20282e22440d39595fb32550c039519844363c95', target_id='cba0f053-1cd6-41ea-9f31-18cd047f3901', properties={'data_source': 'EVOSHIP_HELP_FILES', 'chunk_index': 0})]\n\n適用ずみスタイルの更新\n\nウィンドウ右下の「モデルの更新」ボタンをクリックすると、「注記・寸法スタイル設定」ウィンドウで管理している（システム設定として保存されている）各スタイルについて、スケッチや図面に適用ずみのスタイルで同名のものがあると、その適用ずみスタイルをシステム設定のスタイルで上書きします。\nスタイル一覧に同名のスタイルが複数存在すると、それらのうちひとつだけが適用ずみスタイルの上書きに使われて、残りは無視されてしまいます。同名のスタイルを作るのはできるだけ避けるようにしてください。\nTriplets:\n"}], 'model': 'gpt-5-nano', 'stream': False, 'temperature': 1.0}}
2025-11-04 15:46:02,171 DEBUG openai._base_client: Sending HTTP Request: POST https://api.openai.com/v1/chat/completions
2025-11-04 15:46:02,172 DEBUG httpcore.http11: send_request_headers.started request=<Request [b'POST']>
2025-11-04 15:46:02,172 DEBUG httpcore.http11: send_request_headers.complete
2025-11-04 15:46:02,172 DEBUG httpcore.http11: send_request_body.started request=<Request [b'POST']>
2025-11-04 15:46:02,172 DEBUG httpcore.http11: send_request_body.complete
2025-11-04 15:46:02,172 DEBUG httpcore.http11: receive_response_headers.started request=<Request [b'POST']>
2025-11-04 15:46:24,578 DEBUG httpcore.http11: receive_response_headers.complete return_value=(b'HTTP/1.1', 200, b'OK', [(b'Date', b'Tue, 04 Nov 2025 06:46:22 GMT'), (b'Content-Type', b'application/json'), (b'Transfer-Encoding', b'chunked'), (b'Connection', b'keep-alive'), (b'access-control-expose-headers', b'X-Request-ID'), (b'openai-organization', b'ehime-university-computer-science-lab'), (b'openai-processing-ms', b'56712'), (b'openai-project', b'proj_J2ozYACnCAyF9swBaMOIo4Ft'), (b'openai-version', b'2020-10-01'), (b'x-envoy-upstream-service-time', b'56963'), (b'x-ratelimit-limit-requests', b'10000'), (b'x-ratelimit-limit-tokens', b'10000000'), (b'x-ratelimit-remaining-requests', b'9999'), (b'x-ratelimit-remaining-tokens', b'9998449'), (b'x-ratelimit-reset-requests', b'6ms'), (b'x-ratelimit-reset-tokens', b'9ms'), (b'x-request-id', b'req_9472b4d1f8494da38f99402cb3cf1354'), (b'x-openai-proxy-wasm', b'v0.1'), (b'cf-cache-status', b'DYNAMIC'), (b'Set-Cookie', b'__cf_bm=LL7Rj9M8HXEca1zqYpRVnirsbtPNlkp4pWsP9QLJvBg-1762238782-1.0.1.1-h7dHqOeW6i9z6pyM366PL0yHKPQe8GYixVLAjRmQLvLxCOAcJrR8D9ozyIDCBD8f06e_I._tLTZvdILxrC4nEj4jY8lZCSQs5GoKBj26Nys; path=/; expires=Tue, 04-Nov-25 07:16:22 GMT; domain=.api.openai.com; HttpOnly; Secure; SameSite=None'), (b'Strict-Transport-Security', b'max-age=31536000; includeSubDomains; preload'), (b'X-Content-Type-Options', b'nosniff'), (b'Set-Cookie', b'_cfuvid=0zmqE3pu2nhSwAkTKZcw5Q3VDCkC_fGCIAF_bBXsXx8-1762238782756-0.0.1.1-604800000; path=/; domain=.api.openai.com; HttpOnly; Secure; SameSite=None'), (b'Server', b'cloudflare'), (b'CF-RAY', b'999226003fcf834d-KIX'), (b'Content-Encoding', b'gzip'), (b'alt-svc', b'h3=":443"; ma=86400')])
2025-11-04 15:46:24,579 INFO httpx: HTTP Request: POST https://api.openai.com/v1/chat/completions "HTTP/1.1 200 OK"
2025-11-04 15:46:24,579 DEBUG httpcore.http11: receive_response_body.started request=<Request [b'POST']>
2025-11-04 15:46:24,580 DEBUG httpcore.http11: receive_response_body.complete
2025-11-04 15:46:24,580 DEBUG httpcore.http11: response_closed.started
2025-11-04 15:46:24,580 DEBUG httpcore.http11: response_closed.complete
2025-11-04 15:46:24,580 DEBUG openai._base_client: HTTP Response: POST https://api.openai.com/v1/chat/completions "200 OK" Headers([('date', 'Tue, 04 Nov 2025 06:46:22 GMT'), ('content-type', 'application/json'), ('transfer-encoding', 'chunked'), ('connection', 'keep-alive'), ('access-control-expose-headers', 'X-Request-ID'), ('openai-organization', 'ehime-university-computer-science-lab'), ('openai-processing-ms', '56712'), ('openai-project', 'proj_J2ozYACnCAyF9swBaMOIo4Ft'), ('openai-version', '2020-10-01'), ('x-envoy-upstream-service-time', '56963'), ('x-ratelimit-limit-requests', '10000'), ('x-ratelimit-limit-tokens', '10000000'), ('x-ratelimit-remaining-requests', '9999'), ('x-ratelimit-remaining-tokens', '9998449'), ('x-ratelimit-reset-requests', '6ms'), ('x-ratelimit-reset-tokens', '9ms'), ('x-request-id', 'req_9472b4d1f8494da38f99402cb3cf1354'), ('x-openai-proxy-wasm', 'v0.1'), ('cf-cache-status', 'DYNAMIC'), ('set-cookie', '__cf_bm=LL7Rj9M8HXEca1zqYpRVnirsbtPNlkp4pWsP9QLJvBg-1762238782-1.0.1.1-h7dHqOeW6i9z6pyM366PL0yHKPQe8GYixVLAjRmQLvLxCOAcJrR8D9ozyIDCBD8f06e_I._tLTZvdILxrC4nEj4jY8lZCSQs5GoKBj26Nys; path=/; expires=Tue, 04-Nov-25 07:16:22 GMT; domain=.api.openai.com; HttpOnly; Secure; SameSite=None'), ('strict-transport-security', 'max-age=31536000; includeSubDomains; preload'), ('x-content-type-options', 'nosniff'), ('set-cookie', '_cfuvid=0zmqE3pu2nhSwAkTKZcw5Q3VDCkC_fGCIAF_bBXsXx8-1762238782756-0.0.1.1-604800000; path=/; domain=.api.openai.com; HttpOnly; Secure; SameSite=None'), ('server', 'cloudflare'), ('cf-ray', '999226003fcf834d-KIX'), ('content-encoding', 'gzip'), ('alt-svc', 'h3=":443"; ma=86400')])
2025-11-04 15:46:24,580 DEBUG openai._base_client: request_id: req_9472b4d1f8494da38f99402cb3cf1354
2025-11-04 15:46:24,582 DEBUG openai._base_client: Request options: {'method': 'post', 'url': '/chat/completions', 'files': None, 'idempotency_key': 'stainless-python-retry-b8efd989-8f6e-43f8-9337-d82a9f4978de', 'json_data': {'messages': [{'role': 'user', 'content': "Some text is provided below. Given the text, extract up to 10 knowledge triplets in the form of (subject, predicate, object). Avoid stopwords.\n---------------------\nExample:Text: Alice is Bob's mother.Triplets:\n(Alice, is mother of, Bob)\nText: Philz is a coffee shop founded in Berkeley in 1982.\nTriplets:\n(Philz, is, coffee shop)\n(Philz, founded in, Berkeley)\n(Philz, founded in, 1982)\n---------------------\nText: document_id: C:\\Users\\akiro\\workfolder\\imabari3dcad\\evoship\\EVOSHIP_HELP_FILES\\about_body.html\nsource_path: C:\\Users\\akiro\\workfolder\\imabari3dcad\\evoship\\EVOSHIP_HELP_FILES\\about_body.html\nsection_id: 4478152f881537f1e6b3bb012fe2a0bf3725bf2e\ntitle: ボディ\nsection_heading: ボディ\nsection_level: 2\nsection_index: 0\nlast_modified: 2025-07-08T01:02:52+00:00\nextracted_at: 2025-11-04T06:45:24+00:00\ndata_source: EVOSHIP_HELP_FILES\nchunk_id: 2b36d62a-b64f-44ec-bdb4-c54485cde2eb\nchunk_index: 0\ntext_length: 250\nstart_char_idx: 0\nend_char_idx: 250\nnodes: [EntityNode(label='HelpDocument', embedding=None, properties={'document_id': 'C:\\\\Users\\\\akiro\\\\workfolder\\\\imabari3dcad\\\\evoship\\\\EVOSHIP_HELP_FILES\\\\about_body.html', 'source_path': 'C:\\\\Users\\\\akiro\\\\workfolder\\\\imabari3dcad\\\\evoship\\\\EVOSHIP_HELP_FILES\\\\about_body.html', 'title': 'ボディ', 'headings': ['ボディ'], 'section_count': 1, 'last_modified': '2025-07-08T01:02:52+00:00', 'extracted_at': '2025-11-04T06:45:24+00:00', 'data_source': 'EVOSHIP_HELP_FILES'}, name='C:\\\\Users\\\\akiro\\\\workfolder\\\\imabari3dcad\\\\evoship\\\\EVOSHIP_HELP_FILES\\\\about_body.html'), EntityNode(label='HelpSection', embedding=None, properties={'section_id': '4478152f881537f1e6b3bb012fe2a0bf3725bf2e', 'document_id': 'C:\\\\Users\\\\akiro\\\\workfolder\\\\imabari3dcad\\\\evoship\\\\EVOSHIP_HELP_FILES\\\\about_body.html', 'source_path': 'C:\\\\Users\\\\akiro\\\\workfolder\\\\imabari3dcad\\\\evoship\\\\EVOSHIP_HELP_FILES\\\\about_body.html', 'title': 'ボディ', 'section_heading': 'ボディ', 'section_level': 2, 'section_index': 0, 'last_modified': '2025-07-08T01:02:52+00:00', 'extracted_at': '2025-11-04T06:45:24+00:00', 'data_source': 'EVOSHIP_HELP_FILES'}, name='4478152f881537f1e6b3bb012fe2a0bf3725bf2e'), ChunkNode(label='HelpChunk', embedding=None, properties={'chunk_id': '2b36d62a-b64f-44ec-bdb4-c54485cde2eb', 'document_id': 'C:\\\\Users\\\\akiro\\\\workfolder\\\\imabari3dcad\\\\evoship\\\\EVOSHIP_HELP_FILES\\\\about_body.html', 'section_id': '4478152f881537f1e6b3bb012fe2a0bf3725bf2e', 'source_path': 'C:\\\\Users\\\\akiro\\\\workfolder\\\\imabari3dcad\\\\evoship\\\\EVOSHIP_HELP_FILES\\\\about_body.html', 'title': 'ボディ', 'section_heading': 'ボディ', 'section_level': 2, 'section_index': 0, 'last_modified': '2025-07-08T01:02:52+00:00', 'extracted_at': '2025-11-04T06:45:24+00:00', 'chunk_index': 0, 'text_length': 250, 'start_char_idx': 0, 'end_char_idx': 250, 'data_source': 'EVOSHIP_HELP_FILES'}, text='ボディ\\n\\nボディにはソリッドボディとシートボディ(複合面)があり、 フィーチャー という基本形状（基本操作)によって構成されます。 ３Ｄモデルの要素で、図面ドキュメントには存在しません。 いづれか一つのボディをワークボディに設定することができ、フィーチャーはワークボディに対して作成されます。 ワークボディの設定 ソリッドボディ ソリッドボディには 材料 を設定できます。( 質量特性 コマンド等で利用します。) ソリッドボディの作成 シートボディ 平面 オフセット 押し出し 回転 スイープ ロフト', id_='2b36d62a-b64f-44ec-bdb4-c54485cde2eb')]\nrelations: [Relation(label='HAS_SECTION', source_id='C:\\\\Users\\\\akiro\\\\workfolder\\\\imabari3dcad\\\\evoship\\\\EVOSHIP_HELP_FILES\\\\about_body.html', target_id='4478152f881537f1e6b3bb012fe2a0bf3725bf2e', properties={'data_source': 'EVOSHIP_HELP_FILES'}), Relation(label='HAS_CHUNK', source_id='C:\\\\Users\\\\akiro\\\\workfolder\\\\imabari3dcad\\\\evoship\\\\EVOSHIP_HELP_FILES\\\\about_body.html', target_id='2b36d62a-b64f-44ec-bdb4-c54485cde2eb', properties={'data_source': 'EVOSHIP_HELP_FILES', 'section_id': '4478152f881537f1e6b3bb012fe2a0bf3725bf2e', 'chunk_index': 0}), Relation(label='HAS_CHUNK', source_id='4478152f881537f1e6b3bb012fe2a0bf3725bf2e', target_id='2b36d62a-b64f-44ec-bdb4-c54485cde2eb', properties={'data_source': 'EVOSHIP_HELP_FILES', 'chunk_index': 0})]\n\nボディ\n\nボディにはソリッドボディとシートボディ(複合面)があり、 フィーチャー という基本形状（基本操作)によって構成されます。 ３Ｄモデルの要素で、図面ドキュメントには存在しません。 いづれか一つのボディをワークボディに設定することができ、フィーチャーはワークボディに対して作成されます。 ワークボディの設定 ソリッドボディ ソリッドボディには 材料 を設定できます。( 質量特性 コマンド等で利用します。) ソリッドボディの作成 シートボディ 平面 オフセット 押し出し 回転 スイープ ロフト\nTriplets:\n"}], 'model': 'gpt-5-nano', 'stream': False, 'temperature': 1.0}}
2025-11-04 15:46:24,582 DEBUG openai._base_client: Sending HTTP Request: POST https://api.openai.com/v1/chat/completions
2025-11-04 15:46:24,583 DEBUG httpcore.http11: send_request_headers.started request=<Request [b'POST']>
2025-11-04 15:46:24,583 DEBUG httpcore.http11: send_request_headers.complete
2025-11-04 15:46:24,583 DEBUG httpcore.http11: send_request_body.started request=<Request [b'POST']>
2025-11-04 15:46:24,584 DEBUG httpcore.http11: send_request_body.complete
2025-11-04 15:46:24,584 DEBUG httpcore.http11: receive_response_headers.started request=<Request [b'POST']>
2025-11-04 15:46:26,965 DEBUG httpcore.http11: receive_response_headers.failed exception=ReadTimeout(TimeoutError())
2025-11-04 15:46:26,965 DEBUG httpcore.http11: response_closed.started
2025-11-04 15:46:26,965 DEBUG httpcore.http11: response_closed.complete
2025-11-04 15:46:26,966 DEBUG openai._base_client: Encountered httpx.TimeoutException
Traceback (most recent call last):
  File "C:\Users\akiro\workfolder\imabari3dcad\.venv\lib\site-packages\httpx\_transports\default.py", line 101, in map_httpcore_exceptions
    yield
  File "C:\Users\akiro\workfolder\imabari3dcad\.venv\lib\site-packages\httpx\_transports\default.py", line 394, in handle_async_request
    resp = await self._pool.handle_async_request(req)
  File "C:\Users\akiro\workfolder\imabari3dcad\.venv\lib\site-packages\httpcore\_async\connection_pool.py", line 256, in handle_async_request
    raise exc from None
  File "C:\Users\akiro\workfolder\imabari3dcad\.venv\lib\site-packages\httpcore\_async\connection_pool.py", line 236, in handle_async_request
    response = await connection.handle_async_request(
  File "C:\Users\akiro\workfolder\imabari3dcad\.venv\lib\site-packages\httpcore\_async\connection.py", line 103, in handle_async_request
    return await self._connection.handle_async_request(request)
  File "C:\Users\akiro\workfolder\imabari3dcad\.venv\lib\site-packages\httpcore\_async\http11.py", line 136, in handle_async_request
    raise exc
  File "C:\Users\akiro\workfolder\imabari3dcad\.venv\lib\site-packages\httpcore\_async\http11.py", line 106, in handle_async_request
    ) = await self._receive_response_headers(**kwargs)
  File "C:\Users\akiro\workfolder\imabari3dcad\.venv\lib\site-packages\httpcore\_async\http11.py", line 177, in _receive_response_headers
    event = await self._receive_event(timeout=timeout)
  File "C:\Users\akiro\workfolder\imabari3dcad\.venv\lib\site-packages\httpcore\_async\http11.py", line 217, in _receive_event
    data = await self._network_stream.read(
  File "C:\Users\akiro\workfolder\imabari3dcad\.venv\lib\site-packages\httpcore\_backends\anyio.py", line 32, in read
    with map_exceptions(exc_map):
  File "C:\Users\akiro\AppData\Local\Programs\Python\Python310\lib\contextlib.py", line 153, in __exit__
    self.gen.throw(typ, value, traceback)
  File "C:\Users\akiro\workfolder\imabari3dcad\.venv\lib\site-packages\httpcore\_exceptions.py", line 14, in map_exceptions
    raise to_exc(exc) from exc
httpcore.ReadTimeout

The above exception was the direct cause of the following exception:

Traceback (most recent call last):
  File "C:\Users\akiro\workfolder\imabari3dcad\.venv\lib\site-packages\openai\_base_client.py", line 1529, in request
    response = await self._client.send(
  File "C:\Users\akiro\workfolder\imabari3dcad\.venv\lib\site-packages\httpx\_client.py", line 1629, in send
    response = await self._send_handling_auth(
  File "C:\Users\akiro\workfolder\imabari3dcad\.venv\lib\site-packages\httpx\_client.py", line 1657, in _send_handling_auth
    response = await self._send_handling_redirects(
  File "C:\Users\akiro\workfolder\imabari3dcad\.venv\lib\site-packages\httpx\_client.py", line 1694, in _send_handling_redirects
    response = await self._send_single_request(request)
  File "C:\Users\akiro\workfolder\imabari3dcad\.venv\lib\site-packages\httpx\_client.py", line 1730, in _send_single_request
    response = await transport.handle_async_request(request)
  File "C:\Users\akiro\workfolder\imabari3dcad\.venv\lib\site-packages\httpx\_transports\default.py", line 393, in handle_async_request
    with map_httpcore_exceptions():
  File "C:\Users\akiro\AppData\Local\Programs\Python\Python310\lib\contextlib.py", line 153, in __exit__
    self.gen.throw(typ, value, traceback)
  File "C:\Users\akiro\workfolder\imabari3dcad\.venv\lib\site-packages\httpx\_transports\default.py", line 118, in map_httpcore_exceptions
    raise mapped_exc(message) from exc
httpx.ReadTimeout
2025-11-04 15:46:26,990 DEBUG openai._base_client: 3 retries left
2025-11-04 15:46:26,990 INFO openai._base_client: Retrying request to /chat/completions in 0.441945 seconds
2025-11-04 15:46:27,433 DEBUG openai._base_client: Request options: {'method': 'post', 'url': '/chat/completions', 'files': None, 'idempotency_key': 'stainless-python-retry-75226cab-3668-4cdf-8b4a-b8a0eb7e5826', 'json_data': {'messages': [{'role': 'user', 'content': "Some text is provided below. Given the text, extract up to 10 knowledge triplets in the form of (subject, predicate, object). Avoid stopwords.\n---------------------\nExample:Text: Alice is Bob's mother.Triplets:\n(Alice, is mother of, Bob)\nText: Philz is a coffee shop founded in Berkeley in 1982.\nTriplets:\n(Philz, is, coffee shop)\n(Philz, founded in, Berkeley)\n(Philz, founded in, 1982)\n---------------------\nText: document_id: C:\\Users\\akiro\\workfolder\\imabari3dcad\\evoship\\EVOSHIP_HELP_FILES\\about_annotation_styles_list_dialog.html\nsource_path: C:\\Users\\akiro\\workfolder\\imabari3dcad\\evoship\\EVOSHIP_HELP_FILES\\about_annotation_styles_list_dialog.html\nsection_id: 786c297220afb12a8df819d022353fa285b84116\ntitle: 注記・寸法スタイル設定\nsection_heading: 注記・寸法スタイル設定\nsection_level: 2\nsection_index: 0\nlast_modified: 2025-07-08T01:02:52+00:00\nextracted_at: 2025-11-04T06:45:24+00:00\ndata_source: EVOSHIP_HELP_FILES\nchunk_id: b6f65681-3396-4c2c-8527-a9a204f00150\nchunk_index: 0\ntext_length: 570\nstart_char_idx: 0\nend_char_idx: 570\nnodes: [EntityNode(label='HelpDocument', embedding=None, properties={'document_id': 'C:\\\\Users\\\\akiro\\\\workfolder\\\\imabari3dcad\\\\evoship\\\\EVOSHIP_HELP_FILES\\\\about_annotation_styles_list_dialog.html', 'source_path': 'C:\\\\Users\\\\akiro\\\\workfolder\\\\imabari3dcad\\\\evoship\\\\EVOSHIP_HELP_FILES\\\\about_annotation_styles_list_dialog.html', 'title': '注記・寸法スタイル設定', 'headings': ['注記・寸法スタイル設定', '注記スタイルの管理', '注記スタイルの作成', '適用ずみスタイルの更新'], 'section_count': 4, 'last_modified': '2025-07-08T01:02:52+00:00', 'extracted_at': '2025-11-04T06:45:24+00:00', 'data_source': 'EVOSHIP_HELP_FILES'}, name='C:\\\\Users\\\\akiro\\\\workfolder\\\\imabari3dcad\\\\evoship\\\\EVOSHIP_HELP_FILES\\\\about_annotation_styles_list_dialog.html'), EntityNode(label='HelpSection', embedding=None, properties={'section_id': '786c297220afb12a8df819d022353fa285b84116', 'document_id': 'C:\\\\Users\\\\akiro\\\\workfolder\\\\imabari3dcad\\\\evoship\\\\EVOSHIP_HELP_FILES\\\\about_annotation_styles_list_dialog.html', 'source_path': 'C:\\\\Users\\\\akiro\\\\workfolder\\\\imabari3dcad\\\\evoship\\\\EVOSHIP_HELP_FILES\\\\about_annotation_styles_list_dialog.html', 'title': '注記・寸法スタイル設定', 'section_heading': '注記・寸法スタイル設定', 'section_level': 2, 'section_index': 0, 'last_modified': '2025-07-08T01:02:52+00:00', 'extracted_at': '2025-11-04T06:45:24+00:00', 'data_source': 'EVOSHIP_HELP_FILES'}, name='786c297220afb12a8df819d022353fa285b84116'), ChunkNode(label='HelpChunk', embedding=None, properties={'chunk_id': 'b6f65681-3396-4c2c-8527-a9a204f00150', 'document_id': 'C:\\\\Users\\\\akiro\\\\workfolder\\\\imabari3dcad\\\\evoship\\\\EVOSHIP_HELP_FILES\\\\about_annotation_styles_list_dialog.html', 'section_id': '786c297220afb12a8df819d022353fa285b84116', 'source_path': 'C:\\\\Users\\\\akiro\\\\workfolder\\\\imabari3dcad\\\\evoship\\\\EVOSHIP_HELP_FILES\\\\about_annotation_styles_list_dialog.html', 'title': '注記・寸法スタイル設定', 'section_heading': '注記・寸法スタイル設定', 'section_level': 2, 'section_index': 0, 'last_modified': '2025-07-08T01:02:52+00:00', 'extracted_at': '2025-11-04T06:45:24+00:00', 'chunk_index': 0, 'text_length': 570, 'start_char_idx': 0, 'end_char_idx': 570, 'data_source': 'EVOSHIP_HELP_FILES'}, text='注記・寸法スタイル設定\\n\\n注記や寸法の各種パラメータは、要素ひとつひとつに設定することもできますし、スケッチや図面にまとめてパラメータを設定しておいて、注記や寸法はみずからが属するスケッチに設定しておいたパラメータを参照するようにもできます。この「まとめて設定しておくパラメータ」のことを注記スタイルといいます。 注記スタイルの管理 「注記・寸法スタイル設定」ウィンドウで作成した注記スタイルは、システム設定として保存されます。注記スタイルをスケッチや図面に適用すると、スケッチや図面はそのスタイルのコピーを保持します。スケッチや図面にスタイルを適用してから、「注記・寸法スタイル設定」ウィンドウでそのスタイルを編集しても、スケッチや図面が保持している「コピーされた」スタイルは変更されません。 注記スタイルの作成 左側のスタイル一覧が表示されている欄でコンテキストメニューを表示し、「スタイル設定の追加」をクリックします。また、「モデルのスタイル設定を追加」をクリックすると、いま開いているモデル内のスケッチや図面が保持している注記スタイルがすべてスタイル一覧に追加されます。 また、既存のスタイルを元にして新しくスタイルを作りたい場合は、スタイルを選択してコンテキストメニューを表示し、「スタイル設定（コピー）の追加」をクリックします。', id_='b6f65681-3396-4c2c-8527-a9a204f00150')]\nrelations: [Relation(label='HAS_SECTION', source_id='C:\\\\Users\\\\akiro\\\\workfolder\\\\imabari3dcad\\\\evoship\\\\EVOSHIP_HELP_FILES\\\\about_annotation_styles_list_dialog.html', target_id='786c297220afb12a8df819d022353fa285b84116', properties={'data_source': 'EVOSHIP_HELP_FILES'}), Relation(label='HAS_CHUNK', source_id='C:\\\\Users\\\\akiro\\\\workfolder\\\\imabari3dcad\\\\evoship\\\\EVOSHIP_HELP_FILES\\\\about_annotation_styles_list_dialog.html', target_id='b6f65681-3396-4c2c-8527-a9a204f00150', properties={'data_source': 'EVOSHIP_HELP_FILES', 'section_id': '786c297220afb12a8df819d022353fa285b84116', 'chunk_index': 0}), Relation(label='HAS_CHUNK', source_id='786c297220afb12a8df819d022353fa285b84116', target_id='b6f65681-3396-4c2c-8527-a9a204f00150', properties={'data_source': 'EVOSHIP_HELP_FILES', 'chunk_index': 0})]\n\n注記・寸法スタイル設定\n\n注記や寸法の各種パラメータは、要素ひとつひとつに設定することもできますし、スケッチや図面にまとめてパラメータを設定しておいて、注記や寸法はみずからが属するスケッチに設定しておいたパラメータを参照するようにもできます。この「まとめて設定しておくパラメータ」のことを注記スタイルといいます。 注記スタイルの管理 「注記・寸法スタイル設定」ウィンドウで作成した注記スタイルは、システム設定として保存されます。注記スタイルをスケッチや図面に適用すると、スケッチや図面はそのスタイルのコピーを保持します。スケッチや図面にスタイルを適用してから、「注記・寸法スタイル設定」ウィンドウでそのスタイルを編集しても、スケッチや図面が保持している「コピーされた」スタイルは変更されません。 注記スタイルの作成 左側のスタイル一覧が表示されている欄でコンテキストメニューを表示し、「スタイル設定の追加」をクリックします。また、「モデルのスタイル設定を追加」をクリックすると、いま開いているモデル内のスケッチや図面が保持している注記スタイルがすべてスタイル一覧に追加されます。 また、既存のスタイルを元にして新しくスタイルを作りたい場合は、スタイルを選択してコンテキストメニューを表示し、「スタイル設定（コピー）の追加」をクリックします。\nTriplets:\n"}], 'model': 'gpt-5-nano', 'stream': False, 'temperature': 1.0}}
2025-11-04 15:46:27,433 DEBUG openai._base_client: Sending HTTP Request: POST https://api.openai.com/v1/chat/completions
2025-11-04 15:46:27,434 DEBUG httpcore.connection: connect_tcp.started host='api.openai.com' port=443 local_address=None timeout=60.0 socket_options=None
2025-11-04 15:46:27,461 DEBUG httpcore.connection: connect_tcp.complete return_value=<httpcore._backends.anyio.AnyIOStream object at 0x0000027E70DB3880>
2025-11-04 15:46:27,461 DEBUG httpcore.connection: start_tls.started ssl_context=<ssl.SSLContext object at 0x0000027E70697EC0> server_hostname='api.openai.com' timeout=60.0
2025-11-04 15:46:27,480 DEBUG httpcore.connection: start_tls.complete return_value=<httpcore._backends.anyio.AnyIOStream object at 0x0000027E70DB37C0>
2025-11-04 15:46:27,480 DEBUG httpcore.http11: send_request_headers.started request=<Request [b'POST']>
2025-11-04 15:46:27,480 DEBUG httpcore.http11: send_request_headers.complete
2025-11-04 15:46:27,480 DEBUG httpcore.http11: send_request_body.started request=<Request [b'POST']>
2025-11-04 15:46:27,481 DEBUG httpcore.http11: send_request_body.complete
2025-11-04 15:46:27,481 DEBUG httpcore.http11: receive_response_headers.started request=<Request [b'POST']>
2025-11-04 15:46:45,361 DEBUG httpcore.http11: receive_response_headers.complete return_value=(b'HTTP/1.1', 200, b'OK', [(b'Date', b'Tue, 04 Nov 2025 06:46:43 GMT'), (b'Content-Type', b'application/json'), (b'Transfer-Encoding', b'chunked'), (b'Connection', b'keep-alive'), (b'access-control-expose-headers', b'X-Request-ID'), (b'openai-organization', b'ehime-university-computer-science-lab'), (b'openai-processing-ms', b'52226'), (b'openai-project', b'proj_J2ozYACnCAyF9swBaMOIo4Ft'), (b'openai-version', b'2020-10-01'), (b'x-envoy-upstream-service-time', b'52440'), (b'x-ratelimit-limit-requests', b'10000'), (b'x-ratelimit-limit-tokens', b'10000000'), (b'x-ratelimit-remaining-requests', b'9999'), (b'x-ratelimit-remaining-tokens', b'9998615'), (b'x-ratelimit-reset-requests', b'6ms'), (b'x-ratelimit-reset-tokens', b'8ms'), (b'x-request-id', b'req_d5d7b6e5d9734c4f8a8394d0b125d7f5'), (b'x-openai-proxy-wasm', b'v0.1'), (b'cf-cache-status', b'DYNAMIC'), (b'Strict-Transport-Security', b'max-age=31536000; includeSubDomains; preload'), (b'X-Content-Type-Options', b'nosniff'), (b'Server', b'cloudflare'), (b'CF-RAY', b'9992269edc77d1c7-KIX'), (b'Content-Encoding', b'gzip'), (b'alt-svc', b'h3=":443"; ma=86400')])
2025-11-04 15:46:45,361 INFO httpx: HTTP Request: POST https://api.openai.com/v1/chat/completions "HTTP/1.1 200 OK"
2025-11-04 15:46:45,361 DEBUG httpcore.http11: receive_response_body.started request=<Request [b'POST']>
2025-11-04 15:46:45,362 DEBUG httpcore.http11: receive_response_body.complete
2025-11-04 15:46:45,362 DEBUG httpcore.http11: response_closed.started
2025-11-04 15:46:45,362 DEBUG httpcore.http11: response_closed.complete
2025-11-04 15:46:45,362 DEBUG openai._base_client: HTTP Response: POST https://api.openai.com/v1/chat/completions "200 OK" Headers({'date': 'Tue, 04 Nov 2025 06:46:43 GMT', 'content-type': 'application/json', 'transfer-encoding': 'chunked', 'connection': 'keep-alive', 'access-control-expose-headers': 'X-Request-ID', 'openai-organization': 'ehime-university-computer-science-lab', 'openai-processing-ms': '52226', 'openai-project': 'proj_J2ozYACnCAyF9swBaMOIo4Ft', 'openai-version': '2020-10-01', 'x-envoy-upstream-service-time': '52440', 'x-ratelimit-limit-requests': '10000', 'x-ratelimit-limit-tokens': '10000000', 'x-ratelimit-remaining-requests': '9999', 'x-ratelimit-remaining-tokens': '9998615', 'x-ratelimit-reset-requests': '6ms', 'x-ratelimit-reset-tokens': '8ms', 'x-request-id': 'req_d5d7b6e5d9734c4f8a8394d0b125d7f5', 'x-openai-proxy-wasm': 'v0.1', 'cf-cache-status': 'DYNAMIC', 'strict-transport-security': 'max-age=31536000; includeSubDomains; preload', 'x-content-type-options': 'nosniff', 'server': 'cloudflare', 'cf-ray': '9992269edc77d1c7-KIX', 'content-encoding': 'gzip', 'alt-svc': 'h3=":443"; ma=86400'})
2025-11-04 15:46:45,362 DEBUG openai._base_client: request_id: req_d5d7b6e5d9734c4f8a8394d0b125d7f5
2025-11-04 15:46:45,922 DEBUG httpcore.http11: receive_response_headers.complete return_value=(b'HTTP/1.1', 200, b'OK', [(b'Date', b'Tue, 04 Nov 2025 06:46:44 GMT'), (b'Content-Type', b'application/json'), (b'Transfer-Encoding', b'chunked'), (b'Connection', b'keep-alive'), (b'access-control-expose-headers', b'X-Request-ID'), (b'openai-organization', b'ehime-university-computer-science-lab'), (b'openai-processing-ms', b'42830'), (b'openai-project', b'proj_J2ozYACnCAyF9swBaMOIo4Ft'), (b'openai-version', b'2020-10-01'), (b'x-envoy-upstream-service-time', b'43107'), (b'x-ratelimit-limit-requests', b'10000'), (b'x-ratelimit-limit-tokens', b'10000000'), (b'x-ratelimit-remaining-requests', b'9999'), (b'x-ratelimit-remaining-tokens', b'9998570'), (b'x-ratelimit-reset-requests', b'6ms'), (b'x-ratelimit-reset-tokens', b'8ms'), (b'x-request-id', b'req_5c5d3299ee734f489cc6070b3bc40afb'), (b'x-openai-proxy-wasm', b'v0.1'), (b'cf-cache-status', b'DYNAMIC'), (b'Strict-Transport-Security', b'max-age=31536000; includeSubDomains; preload'), (b'X-Content-Type-Options', b'nosniff'), (b'Server', b'cloudflare'), (b'CF-RAY', b'999226dc49169653-KIX'), (b'Content-Encoding', b'gzip'), (b'alt-svc', b'h3=":443"; ma=86400')])
2025-11-04 15:46:45,923 INFO httpx: HTTP Request: POST https://api.openai.com/v1/chat/completions "HTTP/1.1 200 OK"
2025-11-04 15:46:45,923 DEBUG httpcore.http11: receive_response_body.started request=<Request [b'POST']>
2025-11-04 15:46:45,924 DEBUG httpcore.http11: receive_response_body.complete
2025-11-04 15:46:45,924 DEBUG httpcore.http11: response_closed.started
2025-11-04 15:46:45,924 DEBUG httpcore.http11: response_closed.complete
2025-11-04 15:46:45,924 DEBUG openai._base_client: HTTP Response: POST https://api.openai.com/v1/chat/completions "200 OK" Headers({'date': 'Tue, 04 Nov 2025 06:46:44 GMT', 'content-type': 'application/json', 'transfer-encoding': 'chunked', 'connection': 'keep-alive', 'access-control-expose-headers': 'X-Request-ID', 'openai-organization': 'ehime-university-computer-science-lab', 'openai-processing-ms': '42830', 'openai-project': 'proj_J2ozYACnCAyF9swBaMOIo4Ft', 'openai-version': '2020-10-01', 'x-envoy-upstream-service-time': '43107', 'x-ratelimit-limit-requests': '10000', 'x-ratelimit-limit-tokens': '10000000', 'x-ratelimit-remaining-requests': '9999', 'x-ratelimit-remaining-tokens': '9998570', 'x-ratelimit-reset-requests': '6ms', 'x-ratelimit-reset-tokens': '8ms', 'x-request-id': 'req_5c5d3299ee734f489cc6070b3bc40afb', 'x-openai-proxy-wasm': 'v0.1', 'cf-cache-status': 'DYNAMIC', 'strict-transport-security': 'max-age=31536000; includeSubDomains; preload', 'x-content-type-options': 'nosniff', 'server': 'cloudflare', 'cf-ray': '999226dc49169653-KIX', 'content-encoding': 'gzip', 'alt-svc': 'h3=":443"; ma=86400'})
2025-11-04 15:46:45,924 DEBUG openai._base_client: request_id: req_5c5d3299ee734f489cc6070b3bc40afb
2025-11-04 15:47:09,295 DEBUG httpcore.http11: receive_response_headers.complete return_value=(b'HTTP/1.1', 200, b'OK', [(b'Date', b'Tue, 04 Nov 2025 06:47:07 GMT'), (b'Content-Type', b'application/json'), (b'Transfer-Encoding', b'chunked'), (b'Connection', b'keep-alive'), (b'access-control-expose-headers', b'X-Request-ID'), (b'openai-organization', b'ehime-university-computer-science-lab'), (b'openai-processing-ms', b'44456'), (b'openai-project', b'proj_J2ozYACnCAyF9swBaMOIo4Ft'), (b'openai-version', b'2020-10-01'), (b'x-envoy-upstream-service-time', b'44481'), (b'x-ratelimit-limit-requests', b'10000'), (b'x-ratelimit-limit-tokens', b'10000000'), (b'x-ratelimit-remaining-requests', b'9999'), (b'x-ratelimit-remaining-tokens', b'9998734'), (b'x-ratelimit-reset-requests', b'6ms'), (b'x-ratelimit-reset-tokens', b'7ms'), (b'x-request-id', b'req_dba6448fea3a491cb27d0275a91bb3ef'), (b'x-openai-proxy-wasm', b'v0.1'), (b'cf-cache-status', b'DYNAMIC'), (b'Strict-Transport-Security', b'max-age=31536000; includeSubDomains; preload'), (b'X-Content-Type-Options', b'nosniff'), (b'Server', b'cloudflare'), (b'CF-RAY', b'999227685b34834d-KIX'), (b'Content-Encoding', b'gzip'), (b'alt-svc', b'h3=":443"; ma=86400')])
2025-11-04 15:47:09,295 INFO httpx: HTTP Request: POST https://api.openai.com/v1/chat/completions "HTTP/1.1 200 OK"
2025-11-04 15:47:09,295 DEBUG httpcore.http11: receive_response_body.started request=<Request [b'POST']>
2025-11-04 15:47:09,296 DEBUG httpcore.http11: receive_response_body.complete
2025-11-04 15:47:09,296 DEBUG httpcore.http11: response_closed.started
2025-11-04 15:47:09,296 DEBUG httpcore.http11: response_closed.complete
2025-11-04 15:47:09,296 DEBUG httpcore.connection: close.started
2025-11-04 15:47:09,296 DEBUG httpcore.connection: close.complete
2025-11-04 15:47:09,296 DEBUG httpcore.connection: close.started
2025-11-04 15:47:09,296 DEBUG httpcore.connection: close.complete
2025-11-04 15:47:09,296 DEBUG openai._base_client: HTTP Response: POST https://api.openai.com/v1/chat/completions "200 OK" Headers({'date': 'Tue, 04 Nov 2025 06:47:07 GMT', 'content-type': 'application/json', 'transfer-encoding': 'chunked', 'connection': 'keep-alive', 'access-control-expose-headers': 'X-Request-ID', 'openai-organization': 'ehime-university-computer-science-lab', 'openai-processing-ms': '44456', 'openai-project': 'proj_J2ozYACnCAyF9swBaMOIo4Ft', 'openai-version': '2020-10-01', 'x-envoy-upstream-service-time': '44481', 'x-ratelimit-limit-requests': '10000', 'x-ratelimit-limit-tokens': '10000000', 'x-ratelimit-remaining-requests': '9999', 'x-ratelimit-remaining-tokens': '9998734', 'x-ratelimit-reset-requests': '6ms', 'x-ratelimit-reset-tokens': '7ms', 'x-request-id': 'req_dba6448fea3a491cb27d0275a91bb3ef', 'x-openai-proxy-wasm': 'v0.1', 'cf-cache-status': 'DYNAMIC', 'strict-transport-security': 'max-age=31536000; includeSubDomains; preload', 'x-content-type-options': 'nosniff', 'server': 'cloudflare', 'cf-ray': '999227685b34834d-KIX', 'content-encoding': 'gzip', 'alt-svc': 'h3=":443"; ma=86400'})
2025-11-04 15:47:09,297 DEBUG openai._base_client: request_id: req_dba6448fea3a491cb27d0275a91bb3ef
2025-11-04 15:47:17,034 DEBUG httpcore.http11: receive_response_headers.complete return_value=(b'HTTP/1.1', 200, b'OK', [(b'Date', b'Tue, 04 Nov 2025 06:47:15 GMT'), (b'Content-Type', b'application/json'), (b'Transfer-Encoding', b'chunked'), (b'Connection', b'keep-alive'), (b'access-control-expose-headers', b'X-Request-ID'), (b'openai-organization', b'ehime-university-computer-science-lab'), (b'openai-processing-ms', b'49341'), (b'openai-project', b'proj_J2ozYACnCAyF9swBaMOIo4Ft'), (b'openai-version', b'2020-10-01'), (b'x-envoy-upstream-service-time', b'49360'), (b'x-ratelimit-limit-requests', b'10000'), (b'x-ratelimit-limit-tokens', b'10000000'), (b'x-ratelimit-remaining-requests', b'9999'), (b'x-ratelimit-remaining-tokens', b'9998094'), (b'x-ratelimit-reset-requests', b'6ms'), (b'x-ratelimit-reset-tokens', b'11ms'), (b'x-request-id', b'req_8d23287a82b242f5b702e643fc1424bb'), (b'x-openai-proxy-wasm', b'v0.1'), (b'cf-cache-status', b'DYNAMIC'), (b'Strict-Transport-Security', b'max-age=31536000; includeSubDomains; preload'), (b'X-Content-Type-Options', b'nosniff'), (b'Server', b'cloudflare'), (b'CF-RAY', b'9992277a7ee88cf2-KIX'), (b'Content-Encoding', b'gzip'), (b'alt-svc', b'h3=":443"; ma=86400')])
2025-11-04 15:47:17,035 INFO httpx: HTTP Request: POST https://api.openai.com/v1/chat/completions "HTTP/1.1 200 OK"
2025-11-04 15:47:17,035 DEBUG httpcore.http11: receive_response_body.started request=<Request [b'POST']>
2025-11-04 15:47:17,035 DEBUG httpcore.http11: receive_response_body.complete
2025-11-04 15:47:17,035 DEBUG httpcore.http11: response_closed.started
2025-11-04 15:47:17,035 DEBUG httpcore.http11: response_closed.complete
2025-11-04 15:47:17,035 DEBUG httpcore.connection: close.started
2025-11-04 15:47:17,035 DEBUG httpcore.connection: close.complete
2025-11-04 15:47:17,036 DEBUG openai._base_client: HTTP Response: POST https://api.openai.com/v1/chat/completions "200 OK" Headers({'date': 'Tue, 04 Nov 2025 06:47:15 GMT', 'content-type': 'application/json', 'transfer-encoding': 'chunked', 'connection': 'keep-alive', 'access-control-expose-headers': 'X-Request-ID', 'openai-organization': 'ehime-university-computer-science-lab', 'openai-processing-ms': '49341', 'openai-project': 'proj_J2ozYACnCAyF9swBaMOIo4Ft', 'openai-version': '2020-10-01', 'x-envoy-upstream-service-time': '49360', 'x-ratelimit-limit-requests': '10000', 'x-ratelimit-limit-tokens': '10000000', 'x-ratelimit-remaining-requests': '9999', 'x-ratelimit-remaining-tokens': '9998094', 'x-ratelimit-reset-requests': '6ms', 'x-ratelimit-reset-tokens': '11ms', 'x-request-id': 'req_8d23287a82b242f5b702e643fc1424bb', 'x-openai-proxy-wasm': 'v0.1', 'cf-cache-status': 'DYNAMIC', 'strict-transport-security': 'max-age=31536000; includeSubDomains; preload', 'x-content-type-options': 'nosniff', 'server': 'cloudflare', 'cf-ray': '9992277a7ee88cf2-KIX', 'content-encoding': 'gzip', 'alt-svc': 'h3=":443"; ma=86400'})
2025-11-04 15:47:17,036 DEBUG openai._base_client: request_id: req_8d23287a82b242f5b702e643fc1424bb
2025-11-04 15:47:17,038 DEBUG neo4j: [#0000]  _: <WORKSPACE> routing towards fixed database: neo4j
2025-11-04 15:47:17,038 DEBUG neo4j: [#0000]  _: <WORKSPACE> pinning database: 'neo4j'
2025-11-04 15:47:17,038 DEBUG neo4j.pool: [#0000]  _: <POOL> acquire direct connection, access_mode='WRITE', database=AcquisitionDatabase(name='neo4j', guessed=False)
2025-11-04 15:47:17,038 DEBUG neo4j.pool: [#FC07]  _: <POOL> picked existing connection bolt-178
2025-11-04 15:47:17,038 DEBUG neo4j.pool: [#FC07]  _: <POOL> checked re_auth auth=None updated=False force=False
2025-11-04 15:47:17,038 DEBUG neo4j.pool: [#FC07]  _: <POOL> handing out existing connection
2025-11-04 15:47:17,038 DEBUG neo4j.io: [#FC07]  C: BEGIN {'db': 'neo4j', 'bookmarks': ['FB:kcwQKAEtB9jYQr+aRTiIhKLSIckC15A=']}
2025-11-04 15:47:17,038 DEBUG neo4j.io: [#FC07]  _: <CONNECTION> client state: READY > TX_READY_OR_TX_STREAMING
2025-11-04 15:47:17,038 DEBUG neo4j.io: [#FC07]  C: RUN "MATCH (e: __Node__) WHERE e.id IS NOT NULL AND e.id in $ids \n        WITH e\n        RETURN e.id AS name,\n               [l in labels(e) WHERE l <> '__Entity__' | l][0] AS type,\n               e{.* , embedding: Null, id: Null} AS properties\n        " {'ids': ['Copy of style', 'Grouped parameters', 'C:\\Users\\akiro\\workfolder\\imabari3dcad\\evoship\\EVOSHIP_HELP_FILES\\about_annotation_styles_list_dialog.html', 'Context menu', 'モデル内スケッチ図面保持注記スタイル', 'C:\\Users\\akiro\\workfolder\\imabari3dcad\\evoship\\EVOSHIP_HELP_FILES\\about_body.html', 'Stylelist', '2b36d62a-b64f-44ec-bdb4-c54485cde2eb', 'Left panel', 'Work body', '3d_positions', 'Click', 'Drawing documents', '4478152f881537f1e6b3bb012fe2a0bf3725bf2e', 'Collective parameter setting in sketches-drawings', 'Same-name style in sketch or drawing', 'b6f65681-3396-4c2c-8527-a9a204f00150', 'スタイル設定の追加', 'Add style setting', '図面', 'Users', 'コピーされたスタイル', 'Model update button', 'Newstyle', 'スタイル設定（コピー）追加', 'Applying annotation style', 'Samenamedstyles', '注記スタイル', 'Solid body', '479fc241bbf40f983b5b190f3f96c13829c67842', 'cba0f053-1cd6-41ea-9f31-18cd047f3901', '786c297220afb12a8df819d022353fa285b84116', 'Note/dimension style settings', '20282e22440d39595fb32550c039519844363c95', 'Annotation', 'f7092eea43d2f61e7b46b5293ec05b46917e46b8', 'Remaining_samenamedstyles', 'スケッチ', 'Only one overwritten', 'Add model style setting', 'コンテキストメニュー', 'Appliedstyle', 'Style list', 'System settings', '30d11b13-7169-4b6c-8593-22d9005077b7', '左側スタイル一覧欄', 'Note & dimension style settings window', 'Feature', 'Overwrite applied styles with system settings', 'Sheet body', '04243d63-8154-4447-970f-19e0df58b545', 'Body', '注記スタイルのコピー', 'Annotation style', 'Overwrite_applied_styles', 'System setting style', 'Existingstyle', 'Annotation styles', 'Sketch hold copy of style', 'Material', 'Multiple same-name styles in style list', '新しいスタイル作成', 'Plane', 'dbc68575-daaa-4bbd-8ac7-2b6737b982c1', 'Mass properties commands', 'C:\\Users\\akiro\\workfolder\\imabari3dcad\\evoship\\EVOSHIP_HELP_FILES\\about_annotation.html', 'スタイル一覧', 'Add_style_setting_copy', 'c4a59b58-2edd-4fb2-8583-a63b8a93e397', 'Sketch', 'Systemsettingstyle_with_same_name', 'Ignored', 'Elements', 'システム設定', 'Contextmenu_displayed_after', '3d model', 'Only_one_used_for_overwrite', 'Model_update_button', 'Creating_same_named_styles', 'Per-element parameter setting', 'Styleselected', 'Styles saved as system settings', 'Annotation styles from model', 'スケッチと図面', '948fca157e8e5cee99d571163057daa7a31b2157']} {}
2025-11-04 15:47:17,038 DEBUG neo4j.io: [#FC07]  C: PULL {'n': 1000}
2025-11-04 15:47:17,040 DEBUG neo4j.io: [#FC07]  S: SUCCESS {}
2025-11-04 15:47:17,040 DEBUG neo4j.io: [#FC07]  _: <CONNECTION> server state: READY > TX_READY_OR_TX_STREAMING
2025-11-04 15:47:17,111 DEBUG neo4j.io: [#FC07]  S: SUCCESS {'t_first': 70, 'fields': ['name', 'type', 'properties'], 'qid': 0}
2025-11-04 15:47:17,115 DEBUG neo4j.io: [#FC07]  S: SUCCESS {'statuses': [{'gql_status': '02000', 'status_description': 'note: no data'}], 'type': 'r', 't_last': 4, 'db': 'neo4j'}
2025-11-04 15:47:17,115 DEBUG neo4j.io: [#FC07]  C: COMMIT
2025-11-04 15:47:17,116 DEBUG neo4j.io: [#FC07]  _: <CONNECTION> client state: TX_READY_OR_TX_STREAMING > READY
2025-11-04 15:47:17,118 DEBUG neo4j.io: [#FC07]  S: SUCCESS {'bookmark': 'FB:kcwQKAEtB9jYQr+aRTiIhKLSIckC15A='}
2025-11-04 15:47:17,118 DEBUG neo4j.io: [#FC07]  _: <CONNECTION> server state: TX_READY_OR_TX_STREAMING > READY
2025-11-04 15:47:17,118 DEBUG neo4j.pool: [#FC07]  _: <POOL> released bolt-178
2025-11-04 15:47:17,118 DEBUG neo4j: [#0000]  _: <WORKSPACE> routing towards fixed database: neo4j
2025-11-04 15:47:17,118 DEBUG neo4j: [#0000]  _: <WORKSPACE> pinning database: 'neo4j'
2025-11-04 15:47:17,118 DEBUG neo4j.pool: [#0000]  _: <POOL> acquire direct connection, access_mode='WRITE', database=AcquisitionDatabase(name='neo4j', guessed=False)
2025-11-04 15:47:17,118 DEBUG neo4j.pool: [#FC07]  _: <POOL> picked existing connection bolt-178
2025-11-04 15:47:17,118 DEBUG neo4j.pool: [#FC07]  _: <POOL> checked re_auth auth=None updated=False force=False
2025-11-04 15:47:17,118 DEBUG neo4j.pool: [#FC07]  _: <POOL> handing out existing connection
2025-11-04 15:47:17,118 DEBUG neo4j.io: [#FC07]  C: BEGIN {'db': 'neo4j', 'bookmarks': ['FB:kcwQKAEtB9jYQr+aRTiIhKLSIckC15A=']}
2025-11-04 15:47:17,118 DEBUG neo4j.io: [#FC07]  _: <CONNECTION> client state: READY > TX_READY_OR_TX_STREAMING
2025-11-04 15:47:17,118 DEBUG neo4j.io: [#FC07]  C: RUN "MATCH (e: __Node__) WHERE e.id IS NOT NULL AND e.id in $ids \n        WITH e\n        RETURN e.id AS name,\n               [l in labels(e) WHERE l <> '__Entity__' | l][0] AS type,\n               e{.* , embedding: Null, id: Null} AS properties\n        " {'ids': ['04243d63-8154-4447-970f-19e0df58b545', 'b6f65681-3396-4c2c-8527-a9a204f00150', 'c4a59b58-2edd-4fb2-8583-a63b8a93e397', '30d11b13-7169-4b6c-8593-22d9005077b7', 'dbc68575-daaa-4bbd-8ac7-2b6737b982c1', 'cba0f053-1cd6-41ea-9f31-18cd047f3901', '2b36d62a-b64f-44ec-bdb4-c54485cde2eb']} {}
2025-11-04 15:47:17,118 DEBUG neo4j.io: [#FC07]  C: PULL {'n': 1000}
2025-11-04 15:47:17,121 DEBUG neo4j.io: [#FC07]  S: SUCCESS {}
2025-11-04 15:47:17,121 DEBUG neo4j.io: [#FC07]  _: <CONNECTION> server state: READY > TX_READY_OR_TX_STREAMING
2025-11-04 15:47:17,150 DEBUG neo4j.io: [#FC07]  S: SUCCESS {'t_first': 29, 'fields': ['name', 'type', 'properties'], 'qid': 0}
2025-11-04 15:47:17,152 DEBUG neo4j.io: [#FC07]  S: SUCCESS {'statuses': [{'gql_status': '02000', 'status_description': 'note: no data'}], 'type': 'r', 't_last': 1, 'db': 'neo4j'}
2025-11-04 15:47:17,153 DEBUG neo4j.io: [#FC07]  C: COMMIT
2025-11-04 15:47:17,153 DEBUG neo4j.io: [#FC07]  _: <CONNECTION> client state: TX_READY_OR_TX_STREAMING > READY
2025-11-04 15:47:17,154 DEBUG neo4j.io: [#FC07]  S: SUCCESS {'bookmark': 'FB:kcwQKAEtB9jYQr+aRTiIhKLSIckC15A='}
2025-11-04 15:47:17,154 DEBUG neo4j.io: [#FC07]  _: <CONNECTION> server state: TX_READY_OR_TX_STREAMING > READY
2025-11-04 15:47:17,154 DEBUG neo4j.pool: [#FC07]  _: <POOL> released bolt-178
2025-11-04 15:47:17,156 DEBUG neo4j: [#0000]  _: <WORKSPACE> routing towards fixed database: neo4j
2025-11-04 15:47:17,156 DEBUG neo4j: [#0000]  _: <WORKSPACE> pinning database: 'neo4j'
2025-11-04 15:47:17,156 DEBUG neo4j.pool: [#0000]  _: <POOL> acquire direct connection, access_mode='WRITE', database=AcquisitionDatabase(name='neo4j', guessed=False)
2025-11-04 15:47:17,156 DEBUG neo4j.pool: [#FC07]  _: <POOL> picked existing connection bolt-178
2025-11-04 15:47:17,156 DEBUG neo4j.pool: [#FC07]  _: <POOL> checked re_auth auth=None updated=False force=False
2025-11-04 15:47:17,156 DEBUG neo4j.pool: [#FC07]  _: <POOL> handing out existing connection
2025-11-04 15:47:17,156 DEBUG neo4j.io: [#FC07]  C: BEGIN {'db': 'neo4j', 'bookmarks': ['FB:kcwQKAEtB9jYQr+aRTiIhKLSIckC15A=']}
2025-11-04 15:47:17,156 DEBUG neo4j.io: [#FC07]  _: <CONNECTION> client state: READY > TX_READY_OR_TX_STREAMING
2025-11-04 15:47:17,156 DEBUG neo4j.io: [#FC07]  C: RUN "\n                    UNWIND $data AS row\n                    MERGE (c:__Node__ {id: row.id})\n                    SET c.text = row.text, c:Chunk\n                    WITH c, row\n                    SET c += row.properties\n                    WITH c, row.embedding AS embedding\n                    WHERE embedding IS NOT NULL\n                    CALL db.create.setNodeVectorProperty(c, 'embedding', embedding)\n                    RETURN count(*)\n                    " {'data': [{'label': 'text_chunk', 'embedding': None, 'properties': {'document_id': 'f7092eea43d2f61e7b46b5293ec05b46917e46b8', 'source_path': 'C:\\Users\\akiro\\workfolder\\imabari3dcad\\evoship\\EVOSHIP_HELP_FILES\\about_annotation.html', 'section_id': 'f7092eea43d2f61e7b46b5293ec05b46917e46b8', 'title': 'アノーテーション', 'section_heading': 'アノーテーション', 'section_level': 2, 'section_index': 0, 'last_modified': '2025-07-08T01:02:52+00:00', 'extracted_at': '2025-11-04T06:45:24+00:00', 'data_source': 'EVOSHIP_HELP_FILES', 'chunk_id': '04243d63-8154-4447-970f-19e0df58b545', 'chunk_index': 0, 'text_length': 36, 'start_char_idx': 0, 'end_char_idx': 36, '_node_content': '{"id_": "04243d63-8154-4447-970f-19e0df58b545", "embedding": null, "metadata": {"document_id": "C:\\\\Users\\\\akiro\\\\workfolder\\\\imabari3dcad\\\\evoship\\\\EVOSHIP_HELP_FILES\\\\about_annotation.html", "source_path": "C:\\\\Users\\\\akiro\\\\workfolder\\\\imabari3dcad\\\\evoship\\\\EVOSHIP_HELP_FILES\\\\about_annotation.html", "section_id": "f7092eea43d2f61e7b46b5293ec05b46917e46b8", "title": "\\u30a2\\u30ce\\u30fc\\u30c6\\u30fc\\u30b7\\u30e7\\u30f3", "section_heading": "\\u30a2\\u30ce\\u30fc\\u30c6\\u30fc\\u30b7\\u30e7\\u30f3", "section_level": 2, "section_index": 0, "last_modified": "2025-07-08T01:02:52+00:00", "extracted_at": "2025-11-04T06:45:24+00:00", "data_source": "EVOSHIP_HELP_FILES", "chunk_id": "04243d63-8154-4447-970f-19e0df58b545", "chunk_index": 0, "text_length": 36, "start_char_idx": 0, "end_char_idx": 36}, "excluded_embed_metadata_keys": [], "excluded_llm_metadata_keys": [], "relationships": {"1": {"node_id": "f7092eea43d2f61e7b46b5293ec05b46917e46b8", "node_type": "4", "metadata": {"document_id": "C:\\\\Users\\\\akiro\\\\workfolder\\\\imabari3dcad\\\\evoship\\\\EVOSHIP_HELP_FILES\\\\about_annotation.html", "source_path": "C:\\\\Users\\\\akiro\\\\workfolder\\\\imabari3dcad\\\\evoship\\\\EVOSHIP_HELP_FILES\\\\about_annotation.html", "section_id": "f7092eea43d2f61e7b46b5293ec05b46917e46b8", "title": "\\u30a2\\u30ce\\u30fc\\u30c6\\u30fc\\u30b7\\u30e7\\u30f3", "section_heading": "\\u30a2\\u30ce\\u30fc\\u30c6\\u30fc\\u30b7\\u30e7\\u30f3", "section_level": 2, "section_index": 0, "last_modified": "2025-07-08T01:02:52+00:00", "extracted_at": "2025-11-04T06:45:24+00:00", "data_source": "EVOSHIP_HELP_FILES"}, "hash": "a9edee3d64e293c0f84c50ae971fb4065c1756d04ef96f1bfcc882509dc2e6da", "class_name": "RelatedNodeInfo"}}, "metadata_template": "{key}: {value}", "metadata_separator": "\\n", "text": "", "mimetype": "text/plain", "start_char_idx": 0, "end_char_idx": 36, "metadata_seperator": "\\n", "text_template": "{metadata_str}\\n\\n{content}", "class_name": "TextNode"}', '_node_type': 'TextNode', 'doc_id': 'f7092eea43d2f61e7b46b5293ec05b46917e46b8', 'ref_doc_id': 'f7092eea43d2f61e7b46b5293ec05b46917e46b8'}, 'text': 'アノーテーション\n\n３次元位置や要素上に 注記 をつけることができます。', 'id_': '04243d63-8154-4447-970f-19e0df58b545', 'id': '04243d63-8154-4447-970f-19e0df58b545'}, {'label': 'text_chunk', 'embedding': None, 'properties': {'document_id': '786c297220afb12a8df819d022353fa285b84116', 'source_path': 'C:\\Users\\akiro\\workfolder\\imabari3dcad\\evoship\\EVOSHIP_HELP_FILES\\about_annotation_styles_list_dialog.html', 'section_id': '786c297220afb12a8df819d022353fa285b84116', 'title': '注記・寸法スタイル設定', 'section_heading': '注記・寸法スタイル設定', 'section_level': 2, 'section_index': 0, 'last_modified': '2025-07-08T01:02:52+00:00', 'extracted_at': '2025-11-04T06:45:24+00:00', 'data_source': 'EVOSHIP_HELP_FILES', 'chunk_id': 'b6f65681-3396-4c2c-8527-a9a204f00150', 'chunk_index': 0, 'text_length': 570, 'start_char_idx': 0, 'end_char_idx': 570, '_node_content': '{"id_": "b6f65681-3396-4c2c-8527-a9a204f00150", "embedding": null, "metadata": {"document_id": "C:\\\\Users\\\\akiro\\\\workfolder\\\\imabari3dcad\\\\evoship\\\\EVOSHIP_HELP_FILES\\\\about_annotation_styles_list_dialog.html", "source_path": "C:\\\\Users\\\\akiro\\\\workfolder\\\\imabari3dcad\\\\evoship\\\\EVOSHIP_HELP_FILES\\\\about_annotation_styles_list_dialog.html", "section_id": "786c297220afb12a8df819d022353fa285b84116", "title": "\\u6ce8\\u8a18\\u30fb\\u5bf8\\u6cd5\\u30b9\\u30bf\\u30a4\\u30eb\\u8a2d\\u5b9a", "section_heading": "\\u6ce8\\u8a18\\u30fb\\u5bf8\\u6cd5\\u30b9\\u30bf\\u30a4\\u30eb\\u8a2d\\u5b9a", "section_level": 2, "section_index": 0, "last_modified": "2025-07-08T01:02:52+00:00", "extracted_at": "2025-11-04T06:45:24+00:00", "data_source": "EVOSHIP_HELP_FILES", "chunk_id": "b6f65681-3396-4c2c-8527-a9a204f00150", "chunk_index": 0, "text_length": 570, "start_char_idx": 0, "end_char_idx": 570}, "excluded_embed_metadata_keys": [], "excluded_llm_metadata_keys": [], "relationships": {"1": {"node_id": "786c297220afb12a8df819d022353fa285b84116", "node_type": "4", "metadata": {"document_id": "C:\\\\Users\\\\akiro\\\\workfolder\\\\imabari3dcad\\\\evoship\\\\EVOSHIP_HELP_FILES\\\\about_annotation_styles_list_dialog.html", "source_path": "C:\\\\Users\\\\akiro\\\\workfolder\\\\imabari3dcad\\\\evoship\\\\EVOSHIP_HELP_FILES\\\\about_annotation_styles_list_dialog.html", "section_id": "786c297220afb12a8df819d022353fa285b84116", "title": "\\u6ce8\\u8a18\\u30fb\\u5bf8\\u6cd5\\u30b9\\u30bf\\u30a4\\u30eb\\u8a2d\\u5b9a", "section_heading": "\\u6ce8\\u8a18\\u30fb\\u5bf8\\u6cd5\\u30b9\\u30bf\\u30a4\\u30eb\\u8a2d\\u5b9a", "section_level": 2, "section_index": 0, "last_modified": "2025-07-08T01:02:52+00:00", "extracted_at": "2025-11-04T06:45:24+00:00", "data_source": "EVOSHIP_HELP_FILES"}, "hash": "7801339276c595c057c7d38be206cb2c6da3679bc3f78c27bc304bffdf9134d4", "class_name": "RelatedNodeInfo"}, "3": {"node_id": "c4a59b58-2edd-4fb2-8583-a63b8a93e397", "node_type": "1", "metadata": {}, "hash": "9895f5665309910f419db534ea61893b9da807365acc1f97c2b7101ab3347255", "class_name": "RelatedNodeInfo"}}, "metadata_template": "{key}: {value}", "metadata_separator": "\\n", "text": "", "mimetype": "text/plain", "start_char_idx": 0, "end_char_idx": 570, "metadata_seperator": "\\n", "text_template": "{metadata_str}\\n\\n{content}", "class_name": "TextNode"}', '_node_type': 'TextNode', 'doc_id': '786c297220afb12a8df819d022353fa285b84116', 'ref_doc_id': '786c297220afb12a8df819d022353fa285b84116'}, 'text': '注記・寸法スタイル設定\n\n注記や寸法の各種パラメータは、要素ひとつひとつに設定することもできますし、スケッチや図面にまとめてパラメータを設定しておいて、注記や寸法はみずからが属するスケッチに設定しておいたパラメータを参照するようにもできます。この「まとめて設定しておくパラメータ」のことを注記スタイルといいます。 注記スタイルの管理 「注記・寸法スタイル設定」ウィンドウで作成した注記スタイルは、システム設定として保存されます。注記スタイルをスケッチや図面に適用すると、スケッチや図面はそのスタイルのコピーを保持します。スケッチや図面にスタイルを適用してから、「注記・寸法スタイル設定」ウィンドウでそのスタイルを編集しても、スケッチや図面が保持している「コピーされた」スタイルは変更されません。 注記スタイルの作成 左側のスタイル一覧が表示されている欄でコンテキストメニューを表示し、「スタイル設定の追加」をクリックします。また、「モデルのスタイル設定を追加」をクリックすると、いま開いているモデル内のスケッチや図面が保持している注記スタイルがすべてスタイル一覧に追加されます。 また、既存のスタイルを元にして新しくスタイルを作りたい場合は、スタイルを選択してコンテキストメニューを表示し、「スタイル設定（コピー）の追加」をクリックします。', 'id_': 'b6f65681-3396-4c2c-8527-a9a204f00150', 'id': 'b6f65681-3396-4c2c-8527-a9a204f00150'}, {'label': 'text_chunk', 'embedding': None, 'properties': {'document_id': '786c297220afb12a8df819d022353fa285b84116', 'source_path': 'C:\\Users\\akiro\\workfolder\\imabari3dcad\\evoship\\EVOSHIP_HELP_FILES\\about_annotation_styles_list_dialog.html', 'section_id': '786c297220afb12a8df819d022353fa285b84116', 'title': '注記・寸法スタイル設定', 'section_heading': '注記・寸法スタイル設定', 'section_level': 2, 'section_index': 0, 'last_modified': '2025-07-08T01:02:52+00:00', 'extracted_at': '2025-11-04T06:45:24+00:00', 'data_source': 'EVOSHIP_HELP_FILES', 'chunk_id': 'c4a59b58-2edd-4fb2-8583-a63b8a93e397', 'chunk_index': 1, 'text_length': 330, 'start_char_idx': 490, 'end_char_idx': 820, '_node_content': '{"id_": "c4a59b58-2edd-4fb2-8583-a63b8a93e397", "embedding": null, "metadata": {"document_id": "C:\\\\Users\\\\akiro\\\\workfolder\\\\imabari3dcad\\\\evoship\\\\EVOSHIP_HELP_FILES\\\\about_annotation_styles_list_dialog.html", "source_path": "C:\\\\Users\\\\akiro\\\\workfolder\\\\imabari3dcad\\\\evoship\\\\EVOSHIP_HELP_FILES\\\\about_annotation_styles_list_dialog.html", "section_id": "786c297220afb12a8df819d022353fa285b84116", "title": "\\u6ce8\\u8a18\\u30fb\\u5bf8\\u6cd5\\u30b9\\u30bf\\u30a4\\u30eb\\u8a2d\\u5b9a", "section_heading": "\\u6ce8\\u8a18\\u30fb\\u5bf8\\u6cd5\\u30b9\\u30bf\\u30a4\\u30eb\\u8a2d\\u5b9a", "section_level": 2, "section_index": 0, "last_modified": "2025-07-08T01:02:52+00:00", "extracted_at": "2025-11-04T06:45:24+00:00", "data_source": "EVOSHIP_HELP_FILES", "chunk_id": "c4a59b58-2edd-4fb2-8583-a63b8a93e397", "chunk_index": 1, "text_length": 330, "start_char_idx": 490, "end_char_idx": 820}, "excluded_embed_metadata_keys": [], "excluded_llm_metadata_keys": [], "relationships": {"1": {"node_id": "786c297220afb12a8df819d022353fa285b84116", "node_type": "4", "metadata": {"document_id": "C:\\\\Users\\\\akiro\\\\workfolder\\\\imabari3dcad\\\\evoship\\\\EVOSHIP_HELP_FILES\\\\about_annotation_styles_list_dialog.html", "source_path": "C:\\\\Users\\\\akiro\\\\workfolder\\\\imabari3dcad\\\\evoship\\\\EVOSHIP_HELP_FILES\\\\about_annotation_styles_list_dialog.html", "section_id": "786c297220afb12a8df819d022353fa285b84116", "title": "\\u6ce8\\u8a18\\u30fb\\u5bf8\\u6cd5\\u30b9\\u30bf\\u30a4\\u30eb\\u8a2d\\u5b9a", "section_heading": "\\u6ce8\\u8a18\\u30fb\\u5bf8\\u6cd5\\u30b9\\u30bf\\u30a4\\u30eb\\u8a2d\\u5b9a", "section_level": 2, "section_index": 0, "last_modified": "2025-07-08T01:02:52+00:00", "extracted_at": "2025-11-04T06:45:24+00:00", "data_source": "EVOSHIP_HELP_FILES"}, "hash": "7801339276c595c057c7d38be206cb2c6da3679bc3f78c27bc304bffdf9134d4", "class_name": "RelatedNodeInfo"}, "2": {"node_id": "b6f65681-3396-4c2c-8527-a9a204f00150", "node_type": "1", "metadata": {"document_id": "C:\\\\Users\\\\akiro\\\\workfolder\\\\imabari3dcad\\\\evoship\\\\EVOSHIP_HELP_FILES\\\\about_annotation_styles_list_dialog.html", "source_path": "C:\\\\Users\\\\akiro\\\\workfolder\\\\imabari3dcad\\\\evoship\\\\EVOSHIP_HELP_FILES\\\\about_annotation_styles_list_dialog.html", "section_id": "786c297220afb12a8df819d022353fa285b84116", "title": "\\u6ce8\\u8a18\\u30fb\\u5bf8\\u6cd5\\u30b9\\u30bf\\u30a4\\u30eb\\u8a2d\\u5b9a", "section_heading": "\\u6ce8\\u8a18\\u30fb\\u5bf8\\u6cd5\\u30b9\\u30bf\\u30a4\\u30eb\\u8a2d\\u5b9a", "section_level": 2, "section_index": 0, "last_modified": "2025-07-08T01:02:52+00:00", "extracted_at": "2025-11-04T06:45:24+00:00", "data_source": "EVOSHIP_HELP_FILES"}, "hash": "a484c32d6b713d746d24f6341753788f5b769ddab74d4487fbeb99646ce984c0", "class_name": "RelatedNodeInfo"}}, "metadata_template": "{key}: {value}", "metadata_separator": "\\n", "text": "", "mimetype": "text/plain", "start_char_idx": 490, "end_char_idx": 820, "metadata_seperator": "\\n", "text_template": "{metadata_str}\\n\\n{content}", "class_name": "TextNode"}', '_node_type': 'TextNode', 'doc_id': '786c297220afb12a8df819d022353fa285b84116', 'ref_doc_id': '786c297220afb12a8df819d022353fa285b84116'}, 'text': 'また、既存のスタイルを元にして新しくスタイルを作りたい場合は、スタイルを選択してコンテキストメニューを表示し、「スタイル設定（コピー）の追加」をクリックします。 適用ずみスタイルの更新 ウィンドウ右下の「モデルの更新」ボタンをクリックすると、「注記・寸法スタイル設定」ウィンドウで管理している（システム設定として保存されている）各スタイルについて、スケッチや図面に適用ずみのスタイルで同名のものがあると、その適用ずみスタイルをシステム設定のスタイルで上書きします。 スタイル一覧に同名のスタイルが複数存在すると、それらのうちひとつだけが適用ずみスタイルの上書きに使われて、残りは無視されてしまいます。同名のスタイルを作るのはできるだけ避けるようにしてください。', 'id_': 'c4a59b58-2edd-4fb2-8583-a63b8a93e397', 'id': 'c4a59b58-2edd-4fb2-8583-a63b8a93e397'}, {'label': 'text_chunk', 'embedding': None, 'properties': {'document_id': '479fc241bbf40f983b5b190f3f96c13829c67842', 'source_path': 'C:\\Users\\akiro\\workfolder\\imabari3dcad\\evoship\\EVOSHIP_HELP_FILES\\about_annotation_styles_list_dialog.html', 'section_id': '479fc241bbf40f983b5b190f3f96c13829c67842', 'title': '注記・寸法スタイル設定', 'section_heading': '注記スタイルの管理', 'section_level': 3, 'section_index': 1, 'last_modified': '2025-07-08T01:02:52+00:00', 'extracted_at': '2025-11-04T06:45:24+00:00', 'data_source': 'EVOSHIP_HELP_FILES', 'chunk_id': '30d11b13-7169-4b6c-8593-22d9005077b7', 'chunk_index': 0, 'text_length': 191, 'start_char_idx': 0, 'end_char_idx': 191, '_node_content': '{"id_": "30d11b13-7169-4b6c-8593-22d9005077b7", "embedding": null, "metadata": {"document_id": "C:\\\\Users\\\\akiro\\\\workfolder\\\\imabari3dcad\\\\evoship\\\\EVOSHIP_HELP_FILES\\\\about_annotation_styles_list_dialog.html", "source_path": "C:\\\\Users\\\\akiro\\\\workfolder\\\\imabari3dcad\\\\evoship\\\\EVOSHIP_HELP_FILES\\\\about_annotation_styles_list_dialog.html", "section_id": "479fc241bbf40f983b5b190f3f96c13829c67842", "title": "\\u6ce8\\u8a18\\u30fb\\u5bf8\\u6cd5\\u30b9\\u30bf\\u30a4\\u30eb\\u8a2d\\u5b9a", "section_heading": "\\u6ce8\\u8a18\\u30b9\\u30bf\\u30a4\\u30eb\\u306e\\u7ba1\\u7406", "section_level": 3, "section_index": 1, "last_modified": "2025-07-08T01:02:52+00:00", "extracted_at": "2025-11-04T06:45:24+00:00", "data_source": "EVOSHIP_HELP_FILES", "chunk_id": "30d11b13-7169-4b6c-8593-22d9005077b7", "chunk_index": 0, "text_length": 191, "start_char_idx": 0, "end_char_idx": 191}, "excluded_embed_metadata_keys": [], "excluded_llm_metadata_keys": [], "relationships": {"1": {"node_id": "479fc241bbf40f983b5b190f3f96c13829c67842", "node_type": "4", "metadata": {"document_id": "C:\\\\Users\\\\akiro\\\\workfolder\\\\imabari3dcad\\\\evoship\\\\EVOSHIP_HELP_FILES\\\\about_annotation_styles_list_dialog.html", "source_path": "C:\\\\Users\\\\akiro\\\\workfolder\\\\imabari3dcad\\\\evoship\\\\EVOSHIP_HELP_FILES\\\\about_annotation_styles_list_dialog.html", "section_id": "479fc241bbf40f983b5b190f3f96c13829c67842", "title": "\\u6ce8\\u8a18\\u30fb\\u5bf8\\u6cd5\\u30b9\\u30bf\\u30a4\\u30eb\\u8a2d\\u5b9a", "section_heading": "\\u6ce8\\u8a18\\u30b9\\u30bf\\u30a4\\u30eb\\u306e\\u7ba1\\u7406", "section_level": 3, "section_index": 1, "last_modified": "2025-07-08T01:02:52+00:00", "extracted_at": "2025-11-04T06:45:24+00:00", "data_source": "EVOSHIP_HELP_FILES"}, "hash": "f877852541210170e20471bb78a453b5258cc48f0b60d139b3e051aa88343805", "class_name": "RelatedNodeInfo"}}, "metadata_template": "{key}: {value}", "metadata_separator": "\\n", "text": "", "mimetype": "text/plain", "start_char_idx": 0, "end_char_idx": 191, "metadata_seperator": "\\n", "text_template": "{metadata_str}\\n\\n{content}", "class_name": "TextNode"}', '_node_type': 'TextNode', 'doc_id': '479fc241bbf40f983b5b190f3f96c13829c67842', 'ref_doc_id': '479fc241bbf40f983b5b190f3f96c13829c67842'}, 'text': '注記スタイルの管理\n\n「注記・寸法スタイル設定」ウィンドウで作成した注記スタイルは、システム設定として保存されます。注記スタイルをスケッチや図面に適用すると、スケッチや図面はそのスタイルのコピーを保持します。スケッチや図面にスタイルを適用してから、「注記・寸法スタイル設定」ウィンドウでそのスタイルを編集しても、スケッチや図面が保持している「コピーされた」スタイルは変更されません。', 'id_': '30d11b13-7169-4b6c-8593-22d9005077b7', 'id': '30d11b13-7169-4b6c-8593-22d9005077b7'}, {'label': 'text_chunk', 'embedding': None, 'properties': {'document_id': '948fca157e8e5cee99d571163057daa7a31b2157', 'source_path': 'C:\\Users\\akiro\\workfolder\\imabari3dcad\\evoship\\EVOSHIP_HELP_FILES\\about_annotation_styles_list_dialog.html', 'section_id': '948fca157e8e5cee99d571163057daa7a31b2157', 'title': '注記・寸法スタイル設定', 'section_heading': '注記スタイルの作成', 'section_level': 3, 'section_index': 2, 'last_modified': '2025-07-08T01:02:52+00:00', 'extracted_at': '2025-11-04T06:45:24+00:00', 'data_source': 'EVOSHIP_HELP_FILES', 'chunk_id': 'dbc68575-daaa-4bbd-8ac7-2b6737b982c1', 'chunk_index': 0, 'text_length': 223, 'start_char_idx': 0, 'end_char_idx': 223, '_node_content': '{"id_": "dbc68575-daaa-4bbd-8ac7-2b6737b982c1", "embedding": null, "metadata": {"document_id": "C:\\\\Users\\\\akiro\\\\workfolder\\\\imabari3dcad\\\\evoship\\\\EVOSHIP_HELP_FILES\\\\about_annotation_styles_list_dialog.html", "source_path": "C:\\\\Users\\\\akiro\\\\workfolder\\\\imabari3dcad\\\\evoship\\\\EVOSHIP_HELP_FILES\\\\about_annotation_styles_list_dialog.html", "section_id": "948fca157e8e5cee99d571163057daa7a31b2157", "title": "\\u6ce8\\u8a18\\u30fb\\u5bf8\\u6cd5\\u30b9\\u30bf\\u30a4\\u30eb\\u8a2d\\u5b9a", "section_heading": "\\u6ce8\\u8a18\\u30b9\\u30bf\\u30a4\\u30eb\\u306e\\u4f5c\\u6210", "section_level": 3, "section_index": 2, "last_modified": "2025-07-08T01:02:52+00:00", "extracted_at": "2025-11-04T06:45:24+00:00", "data_source": "EVOSHIP_HELP_FILES", "chunk_id": "dbc68575-daaa-4bbd-8ac7-2b6737b982c1", "chunk_index": 0, "text_length": 223, "start_char_idx": 0, "end_char_idx": 223}, "excluded_embed_metadata_keys": [], "excluded_llm_metadata_keys": [], "relationships": {"1": {"node_id": "948fca157e8e5cee99d571163057daa7a31b2157", "node_type": "4", "metadata": {"document_id": "C:\\\\Users\\\\akiro\\\\workfolder\\\\imabari3dcad\\\\evoship\\\\EVOSHIP_HELP_FILES\\\\about_annotation_styles_list_dialog.html", "source_path": "C:\\\\Users\\\\akiro\\\\workfolder\\\\imabari3dcad\\\\evoship\\\\EVOSHIP_HELP_FILES\\\\about_annotation_styles_list_dialog.html", "section_id": "948fca157e8e5cee99d571163057daa7a31b2157", "title": "\\u6ce8\\u8a18\\u30fb\\u5bf8\\u6cd5\\u30b9\\u30bf\\u30a4\\u30eb\\u8a2d\\u5b9a", "section_heading": "\\u6ce8\\u8a18\\u30b9\\u30bf\\u30a4\\u30eb\\u306e\\u4f5c\\u6210", "section_level": 3, "section_index": 2, "last_modified": "2025-07-08T01:02:52+00:00", "extracted_at": "2025-11-04T06:45:24+00:00", "data_source": "EVOSHIP_HELP_FILES"}, "hash": "a77f61b27b2dd59ae3d2eadc3baad0a2a23587f25f87d90d0cbb805bc6c013cb", "class_name": "RelatedNodeInfo"}}, "metadata_template": "{key}: {value}", "metadata_separator": "\\n", "text": "", "mimetype": "text/plain", "start_char_idx": 0, "end_char_idx": 223, "metadata_seperator": "\\n", "text_template": "{metadata_str}\\n\\n{content}", "class_name": "TextNode"}', '_node_type': 'TextNode', 'doc_id': '948fca157e8e5cee99d571163057daa7a31b2157', 'ref_doc_id': '948fca157e8e5cee99d571163057daa7a31b2157'}, 'text': '注記スタイルの作成\n\n左側のスタイル一覧が表示されている欄でコンテキストメニューを表示し、「スタイル設定の追加」をクリックします。また、「モデルのスタイル設定を追加」をクリックすると、いま開いているモデル内のスケッチや図面が保持している注記スタイルがすべてスタイル一覧に追加されます。\nまた、既存のスタイルを元にして新しくスタイルを作りたい場合は、スタイルを選択してコンテキストメニューを表示し、「スタイル設定（コピー）の追加」をクリックします。', 'id_': 'dbc68575-daaa-4bbd-8ac7-2b6737b982c1', 'id': 'dbc68575-daaa-4bbd-8ac7-2b6737b982c1'}, {'label': 'text_chunk', 'embedding': None, 'properties': {'document_id': '20282e22440d39595fb32550c039519844363c95', 'source_path': 'C:\\Users\\akiro\\workfolder\\imabari3dcad\\evoship\\EVOSHIP_HELP_FILES\\about_annotation_styles_list_dialog.html', 'section_id': '20282e22440d39595fb32550c039519844363c95', 'title': '注記・寸法スタイル設定', 'section_heading': '適用ずみスタイルの更新', 'section_level': 3, 'section_index': 3, 'last_modified': '2025-07-08T01:02:52+00:00', 'extracted_at': '2025-11-04T06:45:24+00:00', 'data_source': 'EVOSHIP_HELP_FILES', 'chunk_id': 'cba0f053-1cd6-41ea-9f31-18cd047f3901', 'chunk_index': 0, 'text_length': 250, 'start_char_idx': 0, 'end_char_idx': 250, '_node_content': '{"id_": "cba0f053-1cd6-41ea-9f31-18cd047f3901", "embedding": null, "metadata": {"document_id": "C:\\\\Users\\\\akiro\\\\workfolder\\\\imabari3dcad\\\\evoship\\\\EVOSHIP_HELP_FILES\\\\about_annotation_styles_list_dialog.html", "source_path": "C:\\\\Users\\\\akiro\\\\workfolder\\\\imabari3dcad\\\\evoship\\\\EVOSHIP_HELP_FILES\\\\about_annotation_styles_list_dialog.html", "section_id": "20282e22440d39595fb32550c039519844363c95", "title": "\\u6ce8\\u8a18\\u30fb\\u5bf8\\u6cd5\\u30b9\\u30bf\\u30a4\\u30eb\\u8a2d\\u5b9a", "section_heading": "\\u9069\\u7528\\u305a\\u307f\\u30b9\\u30bf\\u30a4\\u30eb\\u306e\\u66f4\\u65b0", "section_level": 3, "section_index": 3, "last_modified": "2025-07-08T01:02:52+00:00", "extracted_at": "2025-11-04T06:45:24+00:00", "data_source": "EVOSHIP_HELP_FILES", "chunk_id": "cba0f053-1cd6-41ea-9f31-18cd047f3901", "chunk_index": 0, "text_length": 250, "start_char_idx": 0, "end_char_idx": 250}, "excluded_embed_metadata_keys": [], "excluded_llm_metadata_keys": [], "relationships": {"1": {"node_id": "20282e22440d39595fb32550c039519844363c95", "node_type": "4", "metadata": {"document_id": "C:\\\\Users\\\\akiro\\\\workfolder\\\\imabari3dcad\\\\evoship\\\\EVOSHIP_HELP_FILES\\\\about_annotation_styles_list_dialog.html", "source_path": "C:\\\\Users\\\\akiro\\\\workfolder\\\\imabari3dcad\\\\evoship\\\\EVOSHIP_HELP_FILES\\\\about_annotation_styles_list_dialog.html", "section_id": "20282e22440d39595fb32550c039519844363c95", "title": "\\u6ce8\\u8a18\\u30fb\\u5bf8\\u6cd5\\u30b9\\u30bf\\u30a4\\u30eb\\u8a2d\\u5b9a", "section_heading": "\\u9069\\u7528\\u305a\\u307f\\u30b9\\u30bf\\u30a4\\u30eb\\u306e\\u66f4\\u65b0", "section_level": 3, "section_index": 3, "last_modified": "2025-07-08T01:02:52+00:00", "extracted_at": "2025-11-04T06:45:24+00:00", "data_source": "EVOSHIP_HELP_FILES"}, "hash": "b5d98ebfdb41424c3c9ea46daf79a2b73d1cd1794eca8756c4cd699b9aaccc53", "class_name": "RelatedNodeInfo"}}, "metadata_template": "{key}: {value}", "metadata_separator": "\\n", "text": "", "mimetype": "text/plain", "start_char_idx": 0, "end_char_idx": 250, "metadata_seperator": "\\n", "text_template": "{metadata_str}\\n\\n{content}", "class_name": "TextNode"}', '_node_type': 'TextNode', 'doc_id': '20282e22440d39595fb32550c039519844363c95', 'ref_doc_id': '20282e22440d39595fb32550c039519844363c95'}, 'text': '適用ずみスタイルの更新\n\nウィンドウ右下の「モデルの更新」ボタンをクリックすると、「注記・寸法スタイル設定」ウィンドウで管理している（システム設定として保存されている）各スタイルについて、スケッチや図面に適用ずみのスタイルで同名のものがあると、その適用ずみスタイルをシステム設定のスタイルで上書きします。\nスタイル一覧に同名のスタイルが複数存在すると、それらのうちひとつだけが適用ずみスタイルの上書きに使われて、残りは無視されてしまいます。同名のスタイルを作るのはできるだけ避けるようにしてください。', 'id_': 'cba0f053-1cd6-41ea-9f31-18cd047f3901', 'id': 'cba0f053-1cd6-41ea-9f31-18cd047f3901'}, {'label': 'text_chunk', 'embedding': None, 'properties': {'document_id': '4478152f881537f1e6b3bb012fe2a0bf3725bf2e', 'source_path': 'C:\\Users\\akiro\\workfolder\\imabari3dcad\\evoship\\EVOSHIP_HELP_FILES\\about_body.html', 'section_id': '4478152f881537f1e6b3bb012fe2a0bf3725bf2e', 'title': 'ボディ', 'section_heading': 'ボディ', 'section_level': 2, 'section_index': 0, 'last_modified': '2025-07-08T01:02:52+00:00', 'extracted_at': '2025-11-04T06:45:24+00:00', 'data_source': 'EVOSHIP_HELP_FILES', 'chunk_id': '2b36d62a-b64f-44ec-bdb4-c54485cde2eb', 'chunk_index': 0, 'text_length': 250, 'start_char_idx': 0, 'end_char_idx': 250, '_node_content': '{"id_": "2b36d62a-b64f-44ec-bdb4-c54485cde2eb", "embedding": null, "metadata": {"document_id": "C:\\\\Users\\\\akiro\\\\workfolder\\\\imabari3dcad\\\\evoship\\\\EVOSHIP_HELP_FILES\\\\about_body.html", "source_path": "C:\\\\Users\\\\akiro\\\\workfolder\\\\imabari3dcad\\\\evoship\\\\EVOSHIP_HELP_FILES\\\\about_body.html", "section_id": "4478152f881537f1e6b3bb012fe2a0bf3725bf2e", "title": "\\u30dc\\u30c7\\u30a3", "section_heading": "\\u30dc\\u30c7\\u30a3", "section_level": 2, "section_index": 0, "last_modified": "2025-07-08T01:02:52+00:00", "extracted_at": "2025-11-04T06:45:24+00:00", "data_source": "EVOSHIP_HELP_FILES", "chunk_id": "2b36d62a-b64f-44ec-bdb4-c54485cde2eb", "chunk_index": 0, "text_length": 250, "start_char_idx": 0, "end_char_idx": 250}, "excluded_embed_metadata_keys": [], "excluded_llm_metadata_keys": [], "relationships": {"1": {"node_id": "4478152f881537f1e6b3bb012fe2a0bf3725bf2e", "node_type": "4", "metadata": {"document_id": "C:\\\\Users\\\\akiro\\\\workfolder\\\\imabari3dcad\\\\evoship\\\\EVOSHIP_HELP_FILES\\\\about_body.html", "source_path": "C:\\\\Users\\\\akiro\\\\workfolder\\\\imabari3dcad\\\\evoship\\\\EVOSHIP_HELP_FILES\\\\about_body.html", "section_id": "4478152f881537f1e6b3bb012fe2a0bf3725bf2e", "title": "\\u30dc\\u30c7\\u30a3", "section_heading": "\\u30dc\\u30c7\\u30a3", "section_level": 2, "section_index": 0, "last_modified": "2025-07-08T01:02:52+00:00", "extracted_at": "2025-11-04T06:45:24+00:00", "data_source": "EVOSHIP_HELP_FILES"}, "hash": "c3e9d7e664586ff125f2f5bb3c632f1030d6197202cdc801d87c8b5526a7bf95", "class_name": "RelatedNodeInfo"}}, "metadata_template": "{key}: {value}", "metadata_separator": "\\n", "text": "", "mimetype": "text/plain", "start_char_idx": 0, "end_char_idx": 250, "metadata_seperator": "\\n", "text_template": "{metadata_str}\\n\\n{content}", "class_name": "TextNode"}', '_node_type': 'TextNode', 'doc_id': '4478152f881537f1e6b3bb012fe2a0bf3725bf2e', 'ref_doc_id': '4478152f881537f1e6b3bb012fe2a0bf3725bf2e'}, 'text': 'ボディ\n\nボディにはソリッドボディとシートボディ(複合面)があり、 フィーチャー という基本形状（基本操作)によって構成されます。 ３Ｄモデルの要素で、図面ドキュメントには存在しません。 いづれか一つのボディをワークボディに設定することができ、フィーチャーはワークボディに対して作成されます。 ワークボディの設定 ソリッドボディ ソリッドボディには 材料 を設定できます。( 質量特性 コマンド等で利用します。) ソリッドボディの作成 シートボディ 平面 オフセット 押し出し 回転 スイープ ロフト', 'id_': '2b36d62a-b64f-44ec-bdb4-c54485cde2eb', 'id': '2b36d62a-b64f-44ec-bdb4-c54485cde2eb'}]} {}
2025-11-04 15:47:17,157 DEBUG neo4j.io: [#FC07]  C: PULL {'n': 1000}
2025-11-04 15:47:17,158 DEBUG neo4j.io: [#FC07]  S: SUCCESS {}
2025-11-04 15:47:17,159 DEBUG neo4j.io: [#FC07]  _: <CONNECTION> server state: READY > TX_READY_OR_TX_STREAMING
2025-11-04 15:47:17,329 DEBUG neo4j.io: [#FC07]  S: SUCCESS {'t_first': 169, 'fields': ['count(*)'], 'qid': 0}
2025-11-04 15:47:17,418 DEBUG neo4j.io: [#FC07]  S: RECORD * 1
2025-11-04 15:47:17,418 DEBUG neo4j.io: [#FC07]  S: SUCCESS {'stats': {'contains-updates': True, 'labels-added': 14, 'nodes-created': 7, 'properties-set': 147}, 'statuses': [{'gql_status': '00000', 'status_description': 'note: successful completion'}], 'type': 'rw', 't_last': 88, 'db': 'neo4j'}
2025-11-04 15:47:17,418 DEBUG neo4j.io: [#FC07]  C: COMMIT
2025-11-04 15:47:17,418 DEBUG neo4j.io: [#FC07]  _: <CONNECTION> client state: TX_READY_OR_TX_STREAMING > READY
2025-11-04 15:47:17,451 DEBUG neo4j.io: [#FC07]  S: SUCCESS {'bookmark': 'FB:kcwQKAEtB9jYQr+aRTiIhKLSIckC7ZA='}
2025-11-04 15:47:17,451 DEBUG neo4j.io: [#FC07]  _: <CONNECTION> server state: TX_READY_OR_TX_STREAMING > READY
2025-11-04 15:47:17,451 DEBUG neo4j.pool: [#FC07]  _: <POOL> released bolt-178
2025-11-04 15:47:17,452 DEBUG neo4j: [#0000]  _: <WORKSPACE> routing towards fixed database: neo4j
2025-11-04 15:47:17,452 DEBUG neo4j: [#0000]  _: <WORKSPACE> pinning database: 'neo4j'
2025-11-04 15:47:17,452 DEBUG neo4j.pool: [#0000]  _: <POOL> acquire direct connection, access_mode='WRITE', database=AcquisitionDatabase(name='neo4j', guessed=False)
2025-11-04 15:47:17,452 DEBUG neo4j.pool: [#FC07]  _: <POOL> picked existing connection bolt-178
2025-11-04 15:47:17,452 DEBUG neo4j.pool: [#FC07]  _: <POOL> checked re_auth auth=None updated=False force=False
2025-11-04 15:47:17,452 DEBUG neo4j.pool: [#FC07]  _: <POOL> handing out existing connection
2025-11-04 15:47:17,452 DEBUG neo4j.io: [#FC07]  C: BEGIN {'db': 'neo4j', 'bookmarks': ['FB:kcwQKAEtB9jYQr+aRTiIhKLSIckC7ZA=']}
2025-11-04 15:47:17,453 DEBUG neo4j.io: [#FC07]  _: <CONNECTION> client state: READY > TX_READY_OR_TX_STREAMING
2025-11-04 15:47:17,453 DEBUG neo4j.io: [#FC07]  C: RUN "\n                    UNWIND $data AS row\n                    MERGE (c:__Node__ {id: row.id})\n                    SET c.text = row.text, c:Chunk\n                    WITH c, row\n                    SET c += row.properties\n                    WITH c, row.embedding AS embedding\n                    WHERE embedding IS NOT NULL\n                    CALL db.create.setNodeVectorProperty(c, 'embedding', embedding)\n                    RETURN count(*)\n                    " {'data': [{'label': 'HelpChunk', 'embedding': None, 'properties': {'chunk_id': '04243d63-8154-4447-970f-19e0df58b545', 'document_id': 'C:\\Users\\akiro\\workfolder\\imabari3dcad\\evoship\\EVOSHIP_HELP_FILES\\about_annotation.html', 'section_id': 'f7092eea43d2f61e7b46b5293ec05b46917e46b8', 'source_path': 'C:\\Users\\akiro\\workfolder\\imabari3dcad\\evoship\\EVOSHIP_HELP_FILES\\about_annotation.html', 'title': 'アノーテーション', 'section_heading': 'アノーテーション', 'section_level': 2, 'section_index': 0, 'last_modified': '2025-07-08T01:02:52+00:00', 'extracted_at': '2025-11-04T06:45:24+00:00', 'chunk_index': 0, 'text_length': 36, 'start_char_idx': 0, 'end_char_idx': 36, 'data_source': 'EVOSHIP_HELP_FILES', 'triplet_source_id': '04243d63-8154-4447-970f-19e0df58b545'}, 'text': 'アノーテーション\n\n３次元位置や要素上に 注記 をつけることができます。', 'id_': '04243d63-8154-4447-970f-19e0df58b545', 'id': '04243d63-8154-4447-970f-19e0df58b545'}, {'label': 'HelpChunk', 'embedding': None, 'properties': {'chunk_id': 'b6f65681-3396-4c2c-8527-a9a204f00150', 'document_id': 'C:\\Users\\akiro\\workfolder\\imabari3dcad\\evoship\\EVOSHIP_HELP_FILES\\about_annotation_styles_list_dialog.html', 'section_id': '786c297220afb12a8df819d022353fa285b84116', 'source_path': 'C:\\Users\\akiro\\workfolder\\imabari3dcad\\evoship\\EVOSHIP_HELP_FILES\\about_annotation_styles_list_dialog.html', 'title': '注記・寸法スタイル設定', 'section_heading': '注記・寸法スタイル設定', 'section_level': 2, 'section_index': 0, 'last_modified': '2025-07-08T01:02:52+00:00', 'extracted_at': '2025-11-04T06:45:24+00:00', 'chunk_index': 0, 'text_length': 570, 'start_char_idx': 0, 'end_char_idx': 570, 'data_source': 'EVOSHIP_HELP_FILES', 'triplet_source_id': 'b6f65681-3396-4c2c-8527-a9a204f00150'}, 'text': '注記・寸法スタイル設定\n\n注記や寸法の各種パラメータは、要素ひとつひとつに設定することもできますし、スケッチや図面にまとめてパラメータを設定しておいて、注記や寸法はみずからが属するスケッチに設定しておいたパラメータを参照するようにもできます。この「まとめて設定しておくパラメータ」のことを注記スタイルといいます。 注記スタイルの管理 「注記・寸法スタイル設定」ウィンドウで作成した注記スタイルは、システム設定として保存されます。注記スタイルをスケッチや図面に適用すると、スケッチや図面はそのスタイルのコピーを保持します。スケッチや図面にスタイルを適用してから、「注記・寸法スタイル設定」ウィンドウでそのスタイルを編集しても、スケッチや図面が保持している「コピーされた」スタイルは変更されません。 注記スタイルの作成 左側のスタイル一覧が表示されている欄でコンテキストメニューを表示し、「スタイル設定の追加」をクリックします。また、「モデルのスタイル設定を追加」をクリックすると、いま開いているモデル内のスケッチや図面が保持している注記スタイルがすべてスタイル一覧に追加されます。 また、既存のスタイルを元にして新しくスタイルを作りたい場合は、スタイルを選択してコンテキストメニューを表示し、「スタイル設定（コピー）の追加」をクリックします。', 'id_': 'b6f65681-3396-4c2c-8527-a9a204f00150', 'id': 'b6f65681-3396-4c2c-8527-a9a204f00150'}, {'label': 'HelpChunk', 'embedding': None, 'properties': {'chunk_id': 'c4a59b58-2edd-4fb2-8583-a63b8a93e397', 'document_id': 'C:\\Users\\akiro\\workfolder\\imabari3dcad\\evoship\\EVOSHIP_HELP_FILES\\about_annotation_styles_list_dialog.html', 'section_id': '786c297220afb12a8df819d022353fa285b84116', 'source_path': 'C:\\Users\\akiro\\workfolder\\imabari3dcad\\evoship\\EVOSHIP_HELP_FILES\\about_annotation_styles_list_dialog.html', 'title': '注記・寸法スタイル設定', 'section_heading': '注記・寸法スタイル設定', 'section_level': 2, 'section_index': 0, 'last_modified': '2025-07-08T01:02:52+00:00', 'extracted_at': '2025-11-04T06:45:24+00:00', 'chunk_index': 1, 'text_length': 330, 'start_char_idx': 490, 'end_char_idx': 820, 'data_source': 'EVOSHIP_HELP_FILES', 'triplet_source_id': 'c4a59b58-2edd-4fb2-8583-a63b8a93e397'}, 'text': 'また、既存のスタイルを元にして新しくスタイルを作りたい場合は、スタイルを選択してコンテキストメニューを表示し、「スタイル設定（コピー）の追加」をクリックします。 適用ずみスタイルの更新 ウィンドウ右下の「モデルの更新」ボタンをクリックすると、「注記・寸法スタイル設定」ウィンドウで管理している（システム設定として保存されている）各スタイルについて、スケッチや図面に適用ずみのスタイルで同名のものがあると、その適用ずみスタイルをシステム設定のスタイルで上書きします。 スタイル一覧に同名のスタイルが複数存在すると、それらのうちひとつだけが適用ずみスタイルの上書きに使われて、残りは無視されてしまいます。同名のスタイルを作るのはできるだけ避けるようにしてください。', 'id_': 'c4a59b58-2edd-4fb2-8583-a63b8a93e397', 'id': 'c4a59b58-2edd-4fb2-8583-a63b8a93e397'}, {'label': 'HelpChunk', 'embedding': None, 'properties': {'chunk_id': '30d11b13-7169-4b6c-8593-22d9005077b7', 'document_id': 'C:\\Users\\akiro\\workfolder\\imabari3dcad\\evoship\\EVOSHIP_HELP_FILES\\about_annotation_styles_list_dialog.html', 'section_id': '479fc241bbf40f983b5b190f3f96c13829c67842', 'source_path': 'C:\\Users\\akiro\\workfolder\\imabari3dcad\\evoship\\EVOSHIP_HELP_FILES\\about_annotation_styles_list_dialog.html', 'title': '注記・寸法スタイル設定', 'section_heading': '注記スタイルの管理', 'section_level': 3, 'section_index': 1, 'last_modified': '2025-07-08T01:02:52+00:00', 'extracted_at': '2025-11-04T06:45:24+00:00', 'chunk_index': 0, 'text_length': 191, 'start_char_idx': 0, 'end_char_idx': 191, 'data_source': 'EVOSHIP_HELP_FILES', 'triplet_source_id': '30d11b13-7169-4b6c-8593-22d9005077b7'}, 'text': '注記スタイルの管理\n\n「注記・寸法スタイル設定」ウィンドウで作成した注記スタイルは、システム設定として保存されます。注記スタイルをスケッチや図面に適用すると、スケッチや図面はそのスタイルのコピーを保持します。スケッチや図面にスタイルを適用してから、「注記・寸法スタイル設定」ウィンドウでそのスタイルを編集しても、スケッチや図面が保持している「コピーされた」スタイルは変更されません。', 'id_': '30d11b13-7169-4b6c-8593-22d9005077b7', 'id': '30d11b13-7169-4b6c-8593-22d9005077b7'}, {'label': 'HelpChunk', 'embedding': None, 'properties': {'chunk_id': 'dbc68575-daaa-4bbd-8ac7-2b6737b982c1', 'document_id': 'C:\\Users\\akiro\\workfolder\\imabari3dcad\\evoship\\EVOSHIP_HELP_FILES\\about_annotation_styles_list_dialog.html', 'section_id': '948fca157e8e5cee99d571163057daa7a31b2157', 'source_path': 'C:\\Users\\akiro\\workfolder\\imabari3dcad\\evoship\\EVOSHIP_HELP_FILES\\about_annotation_styles_list_dialog.html', 'title': '注記・寸法スタイル設定', 'section_heading': '注記スタイルの作成', 'section_level': 3, 'section_index': 2, 'last_modified': '2025-07-08T01:02:52+00:00', 'extracted_at': '2025-11-04T06:45:24+00:00', 'chunk_index': 0, 'text_length': 223, 'start_char_idx': 0, 'end_char_idx': 223, 'data_source': 'EVOSHIP_HELP_FILES', 'triplet_source_id': 'dbc68575-daaa-4bbd-8ac7-2b6737b982c1'}, 'text': '注記スタイルの作成\n\n左側のスタイル一覧が表示されている欄でコンテキストメニューを表示し、「スタイル設定の追加」をクリックします。また、「モデルのスタイル設定を追加」をクリックすると、いま開いているモデル内のスケッチや図面が保持している注記スタイルがすべてスタイル一覧に追加されます。\nまた、既存のスタイルを元にして新しくスタイルを作りたい場合は、スタイルを選択してコンテキストメニューを表示し、「スタイル設定（コピー）の追加」をクリックします。', 'id_': 'dbc68575-daaa-4bbd-8ac7-2b6737b982c1', 'id': 'dbc68575-daaa-4bbd-8ac7-2b6737b982c1'}, {'label': 'HelpChunk', 'embedding': None, 'properties': {'chunk_id': 'cba0f053-1cd6-41ea-9f31-18cd047f3901', 'document_id': 'C:\\Users\\akiro\\workfolder\\imabari3dcad\\evoship\\EVOSHIP_HELP_FILES\\about_annotation_styles_list_dialog.html', 'section_id': '20282e22440d39595fb32550c039519844363c95', 'source_path': 'C:\\Users\\akiro\\workfolder\\imabari3dcad\\evoship\\EVOSHIP_HELP_FILES\\about_annotation_styles_list_dialog.html', 'title': '注記・寸法スタイル設定', 'section_heading': '適用ずみスタイルの更新', 'section_level': 3, 'section_index': 3, 'last_modified': '2025-07-08T01:02:52+00:00', 'extracted_at': '2025-11-04T06:45:24+00:00', 'chunk_index': 0, 'text_length': 250, 'start_char_idx': 0, 'end_char_idx': 250, 'data_source': 'EVOSHIP_HELP_FILES', 'triplet_source_id': 'cba0f053-1cd6-41ea-9f31-18cd047f3901'}, 'text': '適用ずみスタイルの更新\n\nウィンドウ右下の「モデルの更新」ボタンをクリックすると、「注記・寸法スタイル設定」ウィンドウで管理している（システム設定として保存されている）各スタイルについて、スケッチや図面に適用ずみのスタイルで同名のものがあると、その適用ずみスタイルをシステム設定のスタイルで上書きします。\nスタイル一覧に同名のスタイルが複数存在すると、それらのうちひとつだけが適用ずみスタイルの上書きに使われて、残りは無視されてしまいます。同名のスタイルを作るのはできるだけ避けるようにしてください。', 'id_': 'cba0f053-1cd6-41ea-9f31-18cd047f3901', 'id': 'cba0f053-1cd6-41ea-9f31-18cd047f3901'}, {'label': 'HelpChunk', 'embedding': None, 'properties': {'chunk_id': '2b36d62a-b64f-44ec-bdb4-c54485cde2eb', 'document_id': 'C:\\Users\\akiro\\workfolder\\imabari3dcad\\evoship\\EVOSHIP_HELP_FILES\\about_body.html', 'section_id': '4478152f881537f1e6b3bb012fe2a0bf3725bf2e', 'source_path': 'C:\\Users\\akiro\\workfolder\\imabari3dcad\\evoship\\EVOSHIP_HELP_FILES\\about_body.html', 'title': 'ボディ', 'section_heading': 'ボディ', 'section_level': 2, 'section_index': 0, 'last_modified': '2025-07-08T01:02:52+00:00', 'extracted_at': '2025-11-04T06:45:24+00:00', 'chunk_index': 0, 'text_length': 250, 'start_char_idx': 0, 'end_char_idx': 250, 'data_source': 'EVOSHIP_HELP_FILES', 'triplet_source_id': '2b36d62a-b64f-44ec-bdb4-c54485cde2eb'}, 'text': 'ボディ\n\nボディにはソリッドボディとシートボディ(複合面)があり、 フィーチャー という基本形状（基本操作)によって構成されます。 ３Ｄモデルの要素で、図面ドキュメントには存在しません。 いづれか一つのボディをワークボディに設定することができ、フィーチャーはワークボディに対して作成されます。 ワークボディの設定 ソリッドボディ ソリッドボディには 材料 を設定できます。( 質量特性 コマンド等で利用します。) ソリッドボディの作成 シートボディ 平面 オフセット 押し出し 回転 スイープ ロフト', 'id_': '2b36d62a-b64f-44ec-bdb4-c54485cde2eb', 'id': '2b36d62a-b64f-44ec-bdb4-c54485cde2eb'}]} {}
2025-11-04 15:47:17,453 DEBUG neo4j.io: [#FC07]  C: PULL {'n': 1000}
2025-11-04 15:47:17,455 DEBUG neo4j.io: [#FC07]  S: SUCCESS {}
2025-11-04 15:47:17,455 DEBUG neo4j.io: [#FC07]  _: <CONNECTION> server state: READY > TX_READY_OR_TX_STREAMING
2025-11-04 15:47:17,461 DEBUG neo4j.io: [#FC07]  S: SUCCESS {'t_first': 5, 'fields': ['count(*)'], 'qid': 0}
2025-11-04 15:47:17,470 DEBUG neo4j.io: [#FC07]  S: RECORD * 1
2025-11-04 15:47:17,471 DEBUG neo4j.io: [#FC07]  S: SUCCESS {'stats': {'contains-updates': True, 'properties-set': 119}, 'statuses': [{'gql_status': '00000', 'status_description': 'note: successful completion'}], 'type': 'rw', 't_last': 9, 'db': 'neo4j'}
2025-11-04 15:47:17,471 DEBUG neo4j.io: [#FC07]  C: COMMIT
2025-11-04 15:47:17,471 DEBUG neo4j.io: [#FC07]  _: <CONNECTION> client state: TX_READY_OR_TX_STREAMING > READY
2025-11-04 15:47:17,479 DEBUG neo4j.io: [#FC07]  S: SUCCESS {'bookmark': 'FB:kcwQKAEtB9jYQr+aRTiIhKLSIckC75A='}
2025-11-04 15:47:17,479 DEBUG neo4j.io: [#FC07]  _: <CONNECTION> server state: TX_READY_OR_TX_STREAMING > READY
2025-11-04 15:47:17,479 DEBUG neo4j.pool: [#FC07]  _: <POOL> released bolt-178
2025-11-04 15:47:17,479 DEBUG neo4j: [#0000]  _: <WORKSPACE> routing towards fixed database: neo4j
2025-11-04 15:47:17,479 DEBUG neo4j: [#0000]  _: <WORKSPACE> pinning database: 'neo4j'
2025-11-04 15:47:17,479 DEBUG neo4j.pool: [#0000]  _: <POOL> acquire direct connection, access_mode='WRITE', database=AcquisitionDatabase(name='neo4j', guessed=False)
2025-11-04 15:47:17,479 DEBUG neo4j.pool: [#FC07]  _: <POOL> picked existing connection bolt-178
2025-11-04 15:47:17,479 DEBUG neo4j.pool: [#FC07]  _: <POOL> checked re_auth auth=None updated=False force=False
2025-11-04 15:47:17,479 DEBUG neo4j.pool: [#FC07]  _: <POOL> handing out existing connection
2025-11-04 15:47:17,479 DEBUG neo4j.io: [#FC07]  C: BEGIN {'db': 'neo4j', 'bookmarks': ['FB:kcwQKAEtB9jYQr+aRTiIhKLSIckC75A=']}
2025-11-04 15:47:17,479 DEBUG neo4j.io: [#FC07]  _: <CONNECTION> client state: READY > TX_READY_OR_TX_STREAMING
2025-11-04 15:47:17,480 DEBUG neo4j.io: [#FC07]  C: RUN "\n                    UNWIND $data AS row\n                    MERGE (e:__Node__ {id: row.id})\n                    SET e += apoc.map.clean(row.properties, [], [])\n                    SET e.name = row.name, e:`__Entity__`\n                    WITH e, row\n                    CALL apoc.create.addLabels(e, [row.label])\n                    YIELD node\n                    WITH e, row\n                    CALL (e, row) {\n                        WITH e, row\n                        WHERE row.embedding IS NOT NULL\n                        CALL db.create.setNodeVectorProperty(e, 'embedding', row.embedding)\n                        RETURN count(*) AS count\n                    }\n                    WITH e, row WHERE row.properties.triplet_source_id IS NOT NULL\n                    MERGE (c:__Node__ {id: row.properties.triplet_source_id})\n                    MERGE (e)<-[:MENTIONS]-(c)\n                    " {'data': [{'label': 'HelpDocument', 'embedding': None, 'properties': {'document_id': 'C:\\Users\\akiro\\workfolder\\imabari3dcad\\evoship\\EVOSHIP_HELP_FILES\\about_annotation.html', 'source_path': 'C:\\Users\\akiro\\workfolder\\imabari3dcad\\evoship\\EVOSHIP_HELP_FILES\\about_annotation.html', 'title': 'アノーテーション', 'headings': ['アノーテーション'], 'section_count': 1, 'last_modified': '2025-07-08T01:02:52+00:00', 'extracted_at': '2025-11-04T06:45:24+00:00', 'data_source': 'EVOSHIP_HELP_FILES', 'triplet_source_id': '04243d63-8154-4447-970f-19e0df58b545'}, 'name': 'C:\\Users\\akiro\\workfolder\\imabari3dcad\\evoship\\EVOSHIP_HELP_FILES\\about_annotation.html', 'id': 'C:\\Users\\akiro\\workfolder\\imabari3dcad\\evoship\\EVOSHIP_HELP_FILES\\about_annotation.html'}, {'label': 'HelpSection', 'embedding': None, 'properties': {'section_id': 'f7092eea43d2f61e7b46b5293ec05b46917e46b8', 'document_id': 'C:\\Users\\akiro\\workfolder\\imabari3dcad\\evoship\\EVOSHIP_HELP_FILES\\about_annotation.html', 'source_path': 'C:\\Users\\akiro\\workfolder\\imabari3dcad\\evoship\\EVOSHIP_HELP_FILES\\about_annotation.html', 'title': 'アノーテーション', 'section_heading': 'アノーテーション', 'section_level': 2, 'section_index': 0, 'last_modified': '2025-07-08T01:02:52+00:00', 'extracted_at': '2025-11-04T06:45:24+00:00', 'data_source': 'EVOSHIP_HELP_FILES', 'triplet_source_id': '04243d63-8154-4447-970f-19e0df58b545'}, 'name': 'f7092eea43d2f61e7b46b5293ec05b46917e46b8', 'id': 'f7092eea43d2f61e7b46b5293ec05b46917e46b8'}, {'label': 'entity', 'embedding': None, 'properties': {'document_id': 'C:\\Users\\akiro\\workfolder\\imabari3dcad\\evoship\\EVOSHIP_HELP_FILES\\about_annotation.html', 'source_path': 'C:\\Users\\akiro\\workfolder\\imabari3dcad\\evoship\\EVOSHIP_HELP_FILES\\about_annotation.html', 'section_id': 'f7092eea43d2f61e7b46b5293ec05b46917e46b8', 'title': 'アノーテーション', 'section_heading': 'アノーテーション', 'section_level': 2, 'section_index': 0, 'last_modified': '2025-07-08T01:02:52+00:00', 'extracted_at': '2025-11-04T06:45:24+00:00', 'data_source': 'EVOSHIP_HELP_FILES', 'chunk_id': '04243d63-8154-4447-970f-19e0df58b545', 'chunk_index': 0, 'text_length': 36, 'start_char_idx': 0, 'end_char_idx': 36, 'triplet_source_id': '04243d63-8154-4447-970f-19e0df58b545'}, 'name': 'Annotation', 'id': 'Annotation'}, {'label': 'entity', 'embedding': None, 'properties': {'document_id': 'C:\\Users\\akiro\\workfolder\\imabari3dcad\\evoship\\EVOSHIP_HELP_FILES\\about_annotation.html', 'source_path': 'C:\\Users\\akiro\\workfolder\\imabari3dcad\\evoship\\EVOSHIP_HELP_FILES\\about_annotation.html', 'section_id': 'f7092eea43d2f61e7b46b5293ec05b46917e46b8', 'title': 'アノーテーション', 'section_heading': 'アノーテーション', 'section_level': 2, 'section_index': 0, 'last_modified': '2025-07-08T01:02:52+00:00', 'extracted_at': '2025-11-04T06:45:24+00:00', 'data_source': 'EVOSHIP_HELP_FILES', 'chunk_id': '04243d63-8154-4447-970f-19e0df58b545', 'chunk_index': 0, 'text_length': 36, 'start_char_idx': 0, 'end_char_idx': 36, 'triplet_source_id': '04243d63-8154-4447-970f-19e0df58b545'}, 'name': '3d_positions', 'id': '3d_positions'}, {'label': 'entity', 'embedding': None, 'properties': {'document_id': 'C:\\Users\\akiro\\workfolder\\imabari3dcad\\evoship\\EVOSHIP_HELP_FILES\\about_annotation.html', 'source_path': 'C:\\Users\\akiro\\workfolder\\imabari3dcad\\evoship\\EVOSHIP_HELP_FILES\\about_annotation.html', 'section_id': 'f7092eea43d2f61e7b46b5293ec05b46917e46b8', 'title': 'アノーテーション', 'section_heading': 'アノーテーション', 'section_level': 2, 'section_index': 0, 'last_modified': '2025-07-08T01:02:52+00:00', 'extracted_at': '2025-11-04T06:45:24+00:00', 'data_source': 'EVOSHIP_HELP_FILES', 'chunk_id': '04243d63-8154-4447-970f-19e0df58b545', 'chunk_index': 0, 'text_length': 36, 'start_char_idx': 0, 'end_char_idx': 36, 'triplet_source_id': '04243d63-8154-4447-970f-19e0df58b545'}, 'name': 'Annotation', 'id': 'Annotation'}, {'label': 'entity', 'embedding': None, 'properties': {'document_id': 'C:\\Users\\akiro\\workfolder\\imabari3dcad\\evoship\\EVOSHIP_HELP_FILES\\about_annotation.html', 'source_path': 'C:\\Users\\akiro\\workfolder\\imabari3dcad\\evoship\\EVOSHIP_HELP_FILES\\about_annotation.html', 'section_id': 'f7092eea43d2f61e7b46b5293ec05b46917e46b8', 'title': 'アノーテーション', 'section_heading': 'アノーテーション', 'section_level': 2, 'section_index': 0, 'last_modified': '2025-07-08T01:02:52+00:00', 'extracted_at': '2025-11-04T06:45:24+00:00', 'data_source': 'EVOSHIP_HELP_FILES', 'chunk_id': '04243d63-8154-4447-970f-19e0df58b545', 'chunk_index': 0, 'text_length': 36, 'start_char_idx': 0, 'end_char_idx': 36, 'triplet_source_id': '04243d63-8154-4447-970f-19e0df58b545'}, 'name': 'Elements', 'id': 'Elements'}, {'label': 'HelpDocument', 'embedding': None, 'properties': {'document_id': 'C:\\Users\\akiro\\workfolder\\imabari3dcad\\evoship\\EVOSHIP_HELP_FILES\\about_annotation_styles_list_dialog.html', 'source_path': 'C:\\Users\\akiro\\workfolder\\imabari3dcad\\evoship\\EVOSHIP_HELP_FILES\\about_annotation_styles_list_dialog.html', 'title': '注記・寸法スタイル設定', 'headings': ['注記・寸法スタイル設定', '注記スタイルの管理', '注記スタイルの作成', '適用ずみスタイルの更新'], 'section_count': 4, 'last_modified': '2025-07-08T01:02:52+00:00', 'extracted_at': '2025-11-04T06:45:24+00:00', 'data_source': 'EVOSHIP_HELP_FILES', 'triplet_source_id': 'b6f65681-3396-4c2c-8527-a9a204f00150'}, 'name': 'C:\\Users\\akiro\\workfolder\\imabari3dcad\\evoship\\EVOSHIP_HELP_FILES\\about_annotation_styles_list_dialog.html', 'id': 'C:\\Users\\akiro\\workfolder\\imabari3dcad\\evoship\\EVOSHIP_HELP_FILES\\about_annotation_styles_list_dialog.html'}, {'label': 'HelpSection', 'embedding': None, 'properties': {'section_id': '786c297220afb12a8df819d022353fa285b84116', 'document_id': 'C:\\Users\\akiro\\workfolder\\imabari3dcad\\evoship\\EVOSHIP_HELP_FILES\\about_annotation_styles_list_dialog.html', 'source_path': 'C:\\Users\\akiro\\workfolder\\imabari3dcad\\evoship\\EVOSHIP_HELP_FILES\\about_annotation_styles_list_dialog.html', 'title': '注記・寸法スタイル設定', 'section_heading': '注記・寸法スタイル設定', 'section_level': 2, 'section_index': 0, 'last_modified': '2025-07-08T01:02:52+00:00', 'extracted_at': '2025-11-04T06:45:24+00:00', 'data_source': 'EVOSHIP_HELP_FILES', 'triplet_source_id': 'b6f65681-3396-4c2c-8527-a9a204f00150'}, 'name': '786c297220afb12a8df819d022353fa285b84116', 'id': '786c297220afb12a8df819d022353fa285b84116'}, {'label': 'entity', 'embedding': None, 'properties': {'document_id': 'C:\\Users\\akiro\\workfolder\\imabari3dcad\\evoship\\EVOSHIP_HELP_FILES\\about_annotation_styles_list_dialog.html', 'source_path': 'C:\\Users\\akiro\\workfolder\\imabari3dcad\\evoship\\EVOSHIP_HELP_FILES\\about_annotation_styles_list_dialog.html', 'section_id': '786c297220afb12a8df819d022353fa285b84116', 'title': '注記・寸法スタイル設定', 'section_heading': '注記・寸法スタイル設定', 'section_level': 2, 'section_index': 0, 'last_modified': '2025-07-08T01:02:52+00:00', 'extracted_at': '2025-11-04T06:45:24+00:00', 'data_source': 'EVOSHIP_HELP_FILES', 'chunk_id': 'b6f65681-3396-4c2c-8527-a9a204f00150', 'chunk_index': 0, 'text_length': 570, 'start_char_idx': 0, 'end_char_idx': 570, 'triplet_source_id': 'b6f65681-3396-4c2c-8527-a9a204f00150'}, 'name': 'Note/dimension style settings', 'id': 'Note/dimension style settings'}, {'label': 'entity', 'embedding': None, 'properties': {'document_id': 'C:\\Users\\akiro\\workfolder\\imabari3dcad\\evoship\\EVOSHIP_HELP_FILES\\about_annotation_styles_list_dialog.html', 'source_path': 'C:\\Users\\akiro\\workfolder\\imabari3dcad\\evoship\\EVOSHIP_HELP_FILES\\about_annotation_styles_list_dialog.html', 'section_id': '786c297220afb12a8df819d022353fa285b84116', 'title': '注記・寸法スタイル設定', 'section_heading': '注記・寸法スタイル設定', 'section_level': 2, 'section_index': 0, 'last_modified': '2025-07-08T01:02:52+00:00', 'extracted_at': '2025-11-04T06:45:24+00:00', 'data_source': 'EVOSHIP_HELP_FILES', 'chunk_id': 'b6f65681-3396-4c2c-8527-a9a204f00150', 'chunk_index': 0, 'text_length': 570, 'start_char_idx': 0, 'end_char_idx': 570, 'triplet_source_id': 'b6f65681-3396-4c2c-8527-a9a204f00150'}, 'name': 'Per-element parameter setting', 'id': 'Per-element parameter setting'}, {'label': 'entity', 'embedding': None, 'properties': {'document_id': 'C:\\Users\\akiro\\workfolder\\imabari3dcad\\evoship\\EVOSHIP_HELP_FILES\\about_annotation_styles_list_dialog.html', 'source_path': 'C:\\Users\\akiro\\workfolder\\imabari3dcad\\evoship\\EVOSHIP_HELP_FILES\\about_annotation_styles_list_dialog.html', 'section_id': '786c297220afb12a8df819d022353fa285b84116', 'title': '注記・寸法スタイル設定', 'section_heading': '注記・寸法スタイル設定', 'section_level': 2, 'section_index': 0, 'last_modified': '2025-07-08T01:02:52+00:00', 'extracted_at': '2025-11-04T06:45:24+00:00', 'data_source': 'EVOSHIP_HELP_FILES', 'chunk_id': 'b6f65681-3396-4c2c-8527-a9a204f00150', 'chunk_index': 0, 'text_length': 570, 'start_char_idx': 0, 'end_char_idx': 570, 'triplet_source_id': 'b6f65681-3396-4c2c-8527-a9a204f00150'}, 'name': 'Note/dimension style settings', 'id': 'Note/dimension style settings'}, {'label': 'entity', 'embedding': None, 'properties': {'document_id': 'C:\\Users\\akiro\\workfolder\\imabari3dcad\\evoship\\EVOSHIP_HELP_FILES\\about_annotation_styles_list_dialog.html', 'source_path': 'C:\\Users\\akiro\\workfolder\\imabari3dcad\\evoship\\EVOSHIP_HELP_FILES\\about_annotation_styles_list_dialog.html', 'section_id': '786c297220afb12a8df819d022353fa285b84116', 'title': '注記・寸法スタイル設定', 'section_heading': '注記・寸法スタイル設定', 'section_level': 2, 'section_index': 0, 'last_modified': '2025-07-08T01:02:52+00:00', 'extracted_at': '2025-11-04T06:45:24+00:00', 'data_source': 'EVOSHIP_HELP_FILES', 'chunk_id': 'b6f65681-3396-4c2c-8527-a9a204f00150', 'chunk_index': 0, 'text_length': 570, 'start_char_idx': 0, 'end_char_idx': 570, 'triplet_source_id': 'b6f65681-3396-4c2c-8527-a9a204f00150'}, 'name': 'Collective parameter setting in sketches-drawings', 'id': 'Collective parameter setting in sketches-drawings'}, {'label': 'entity', 'embedding': None, 'properties': {'document_id': 'C:\\Users\\akiro\\workfolder\\imabari3dcad\\evoship\\EVOSHIP_HELP_FILES\\about_annotation_styles_list_dialog.html', 'source_path': 'C:\\Users\\akiro\\workfolder\\imabari3dcad\\evoship\\EVOSHIP_HELP_FILES\\about_annotation_styles_list_dialog.html', 'section_id': '786c297220afb12a8df819d022353fa285b84116', 'title': '注記・寸法スタイル設定', 'section_heading': '注記・寸法スタイル設定', 'section_level': 2, 'section_index': 0, 'last_modified': '2025-07-08T01:02:52+00:00', 'extracted_at': '2025-11-04T06:45:24+00:00', 'data_source': 'EVOSHIP_HELP_FILES', 'chunk_id': 'b6f65681-3396-4c2c-8527-a9a204f00150', 'chunk_index': 0, 'text_length': 570, 'start_char_idx': 0, 'end_char_idx': 570, 'triplet_source_id': 'b6f65681-3396-4c2c-8527-a9a204f00150'}, 'name': 'Grouped parameters', 'id': 'Grouped parameters'}, {'label': 'entity', 'embedding': None, 'properties': {'document_id': 'C:\\Users\\akiro\\workfolder\\imabari3dcad\\evoship\\EVOSHIP_HELP_FILES\\about_annotation_styles_list_dialog.html', 'source_path': 'C:\\Users\\akiro\\workfolder\\imabari3dcad\\evoship\\EVOSHIP_HELP_FILES\\about_annotation_styles_list_dialog.html', 'section_id': '786c297220afb12a8df819d022353fa285b84116', 'title': '注記・寸法スタイル設定', 'section_heading': '注記・寸法スタイル設定', 'section_level': 2, 'section_index': 0, 'last_modified': '2025-07-08T01:02:52+00:00', 'extracted_at': '2025-11-04T06:45:24+00:00', 'data_source': 'EVOSHIP_HELP_FILES', 'chunk_id': 'b6f65681-3396-4c2c-8527-a9a204f00150', 'chunk_index': 0, 'text_length': 570, 'start_char_idx': 0, 'end_char_idx': 570, 'triplet_source_id': 'b6f65681-3396-4c2c-8527-a9a204f00150'}, 'name': 'Annotation style', 'id': 'Annotation style'}, {'label': 'entity', 'embedding': None, 'properties': {'document_id': 'C:\\Users\\akiro\\workfolder\\imabari3dcad\\evoship\\EVOSHIP_HELP_FILES\\about_annotation_styles_list_dialog.html', 'source_path': 'C:\\Users\\akiro\\workfolder\\imabari3dcad\\evoship\\EVOSHIP_HELP_FILES\\about_annotation_styles_list_dialog.html', 'section_id': '786c297220afb12a8df819d022353fa285b84116', 'title': '注記・寸法スタイル設定', 'section_heading': '注記・寸法スタイル設定', 'section_level': 2, 'section_index': 0, 'last_modified': '2025-07-08T01:02:52+00:00', 'extracted_at': '2025-11-04T06:45:24+00:00', 'data_source': 'EVOSHIP_HELP_FILES', 'chunk_id': 'b6f65681-3396-4c2c-8527-a9a204f00150', 'chunk_index': 0, 'text_length': 570, 'start_char_idx': 0, 'end_char_idx': 570, 'triplet_source_id': 'b6f65681-3396-4c2c-8527-a9a204f00150'}, 'name': 'Annotation styles', 'id': 'Annotation styles'}, {'label': 'entity', 'embedding': None, 'properties': {'document_id': 'C:\\Users\\akiro\\workfolder\\imabari3dcad\\evoship\\EVOSHIP_HELP_FILES\\about_annotation_styles_list_dialog.html', 'source_path': 'C:\\Users\\akiro\\workfolder\\imabari3dcad\\evoship\\EVOSHIP_HELP_FILES\\about_annotation_styles_list_dialog.html', 'section_id': '786c297220afb12a8df819d022353fa285b84116', 'title': '注記・寸法スタイル設定', 'section_heading': '注記・寸法スタイル設定', 'section_level': 2, 'section_index': 0, 'last_modified': '2025-07-08T01:02:52+00:00', 'extracted_at': '2025-11-04T06:45:24+00:00', 'data_source': 'EVOSHIP_HELP_FILES', 'chunk_id': 'b6f65681-3396-4c2c-8527-a9a204f00150', 'chunk_index': 0, 'text_length': 570, 'start_char_idx': 0, 'end_char_idx': 570, 'triplet_source_id': 'b6f65681-3396-4c2c-8527-a9a204f00150'}, 'name': 'System settings', 'id': 'System settings'}, {'label': 'entity', 'embedding': None, 'properties': {'document_id': 'C:\\Users\\akiro\\workfolder\\imabari3dcad\\evoship\\EVOSHIP_HELP_FILES\\about_annotation_styles_list_dialog.html', 'source_path': 'C:\\Users\\akiro\\workfolder\\imabari3dcad\\evoship\\EVOSHIP_HELP_FILES\\about_annotation_styles_list_dialog.html', 'section_id': '786c297220afb12a8df819d022353fa285b84116', 'title': '注記・寸法スタイル設定', 'section_heading': '注記・寸法スタイル設定', 'section_level': 2, 'section_index': 0, 'last_modified': '2025-07-08T01:02:52+00:00', 'extracted_at': '2025-11-04T06:45:24+00:00', 'data_source': 'EVOSHIP_HELP_FILES', 'chunk_id': 'b6f65681-3396-4c2c-8527-a9a204f00150', 'chunk_index': 0, 'text_length': 570, 'start_char_idx': 0, 'end_char_idx': 570, 'triplet_source_id': 'b6f65681-3396-4c2c-8527-a9a204f00150'}, 'name': 'Applying annotation style', 'id': 'Applying annotation style'}, {'label': 'entity', 'embedding': None, 'properties': {'document_id': 'C:\\Users\\akiro\\workfolder\\imabari3dcad\\evoship\\EVOSHIP_HELP_FILES\\about_annotation_styles_list_dialog.html', 'source_path': 'C:\\Users\\akiro\\workfolder\\imabari3dcad\\evoship\\EVOSHIP_HELP_FILES\\about_annotation_styles_list_dialog.html', 'section_id': '786c297220afb12a8df819d022353fa285b84116', 'title': '注記・寸法スタイル設定', 'section_heading': '注記・寸法スタイル設定', 'section_level': 2, 'section_index': 0, 'last_modified': '2025-07-08T01:02:52+00:00', 'extracted_at': '2025-11-04T06:45:24+00:00', 'data_source': 'EVOSHIP_HELP_FILES', 'chunk_id': 'b6f65681-3396-4c2c-8527-a9a204f00150', 'chunk_index': 0, 'text_length': 570, 'start_char_idx': 0, 'end_char_idx': 570, 'triplet_source_id': 'b6f65681-3396-4c2c-8527-a9a204f00150'}, 'name': 'Sketch hold copy of style', 'id': 'Sketch hold copy of style'}, {'label': 'entity', 'embedding': None, 'properties': {'document_id': 'C:\\Users\\akiro\\workfolder\\imabari3dcad\\evoship\\EVOSHIP_HELP_FILES\\about_annotation_styles_list_dialog.html', 'source_path': 'C:\\Users\\akiro\\workfolder\\imabari3dcad\\evoship\\EVOSHIP_HELP_FILES\\about_annotation_styles_list_dialog.html', 'section_id': '786c297220afb12a8df819d022353fa285b84116', 'title': '注記・寸法スタイル設定', 'section_heading': '注記・寸法スタイル設定', 'section_level': 2, 'section_index': 0, 'last_modified': '2025-07-08T01:02:52+00:00', 'extracted_at': '2025-11-04T06:45:24+00:00', 'data_source': 'EVOSHIP_HELP_FILES', 'chunk_id': 'b6f65681-3396-4c2c-8527-a9a204f00150', 'chunk_index': 0, 'text_length': 570, 'start_char_idx': 0, 'end_char_idx': 570, 'triplet_source_id': 'b6f65681-3396-4c2c-8527-a9a204f00150'}, 'name': 'Sketch', 'id': 'Sketch'}, {'label': 'entity', 'embedding': None, 'properties': {'document_id': 'C:\\Users\\akiro\\workfolder\\imabari3dcad\\evoship\\EVOSHIP_HELP_FILES\\about_annotation_styles_list_dialog.html', 'source_path': 'C:\\Users\\akiro\\workfolder\\imabari3dcad\\evoship\\EVOSHIP_HELP_FILES\\about_annotation_styles_list_dialog.html', 'section_id': '786c297220afb12a8df819d022353fa285b84116', 'title': '注記・寸法スタイル設定', 'section_heading': '注記・寸法スタイル設定', 'section_level': 2, 'section_index': 0, 'last_modified': '2025-07-08T01:02:52+00:00', 'extracted_at': '2025-11-04T06:45:24+00:00', 'data_source': 'EVOSHIP_HELP_FILES', 'chunk_id': 'b6f65681-3396-4c2c-8527-a9a204f00150', 'chunk_index': 0, 'text_length': 570, 'start_char_idx': 0, 'end_char_idx': 570, 'triplet_source_id': 'b6f65681-3396-4c2c-8527-a9a204f00150'}, 'name': 'Copy of style', 'id': 'Copy of style'}, {'label': 'entity', 'embedding': None, 'properties': {'document_id': 'C:\\Users\\akiro\\workfolder\\imabari3dcad\\evoship\\EVOSHIP_HELP_FILES\\about_annotation_styles_list_dialog.html', 'source_path': 'C:\\Users\\akiro\\workfolder\\imabari3dcad\\evoship\\EVOSHIP_HELP_FILES\\about_annotation_styles_list_dialog.html', 'section_id': '786c297220afb12a8df819d022353fa285b84116', 'title': '注記・寸法スタイル設定', 'section_heading': '注記・寸法スタイル設定', 'section_level': 2, 'section_index': 0, 'last_modified': '2025-07-08T01:02:52+00:00', 'extracted_at': '2025-11-04T06:45:24+00:00', 'data_source': 'EVOSHIP_HELP_FILES', 'chunk_id': 'b6f65681-3396-4c2c-8527-a9a204f00150', 'chunk_index': 0, 'text_length': 570, 'start_char_idx': 0, 'end_char_idx': 570, 'triplet_source_id': 'b6f65681-3396-4c2c-8527-a9a204f00150'}, 'name': 'Left panel', 'id': 'Left panel'}, {'label': 'entity', 'embedding': None, 'properties': {'document_id': 'C:\\Users\\akiro\\workfolder\\imabari3dcad\\evoship\\EVOSHIP_HELP_FILES\\about_annotation_styles_list_dialog.html', 'source_path': 'C:\\Users\\akiro\\workfolder\\imabari3dcad\\evoship\\EVOSHIP_HELP_FILES\\about_annotation_styles_list_dialog.html', 'section_id': '786c297220afb12a8df819d022353fa285b84116', 'title': '注記・寸法スタイル設定', 'section_heading': '注記・寸法スタイル設定', 'section_level': 2, 'section_index': 0, 'last_modified': '2025-07-08T01:02:52+00:00', 'extracted_at': '2025-11-04T06:45:24+00:00', 'data_source': 'EVOSHIP_HELP_FILES', 'chunk_id': 'b6f65681-3396-4c2c-8527-a9a204f00150', 'chunk_index': 0, 'text_length': 570, 'start_char_idx': 0, 'end_char_idx': 570, 'triplet_source_id': 'b6f65681-3396-4c2c-8527-a9a204f00150'}, 'name': 'Style list', 'id': 'Style list'}, {'label': 'entity', 'embedding': None, 'properties': {'document_id': 'C:\\Users\\akiro\\workfolder\\imabari3dcad\\evoship\\EVOSHIP_HELP_FILES\\about_annotation_styles_list_dialog.html', 'source_path': 'C:\\Users\\akiro\\workfolder\\imabari3dcad\\evoship\\EVOSHIP_HELP_FILES\\about_annotation_styles_list_dialog.html', 'section_id': '786c297220afb12a8df819d022353fa285b84116', 'title': '注記・寸法スタイル設定', 'section_heading': '注記・寸法スタイル設定', 'section_level': 2, 'section_index': 0, 'last_modified': '2025-07-08T01:02:52+00:00', 'extracted_at': '2025-11-04T06:45:24+00:00', 'data_source': 'EVOSHIP_HELP_FILES', 'chunk_id': 'b6f65681-3396-4c2c-8527-a9a204f00150', 'chunk_index': 0, 'text_length': 570, 'start_char_idx': 0, 'end_char_idx': 570, 'triplet_source_id': 'b6f65681-3396-4c2c-8527-a9a204f00150'}, 'name': 'Context menu', 'id': 'Context menu'}, {'label': 'entity', 'embedding': None, 'properties': {'document_id': 'C:\\Users\\akiro\\workfolder\\imabari3dcad\\evoship\\EVOSHIP_HELP_FILES\\about_annotation_styles_list_dialog.html', 'source_path': 'C:\\Users\\akiro\\workfolder\\imabari3dcad\\evoship\\EVOSHIP_HELP_FILES\\about_annotation_styles_list_dialog.html', 'section_id': '786c297220afb12a8df819d022353fa285b84116', 'title': '注記・寸法スタイル設定', 'section_heading': '注記・寸法スタイル設定', 'section_level': 2, 'section_index': 0, 'last_modified': '2025-07-08T01:02:52+00:00', 'extracted_at': '2025-11-04T06:45:24+00:00', 'data_source': 'EVOSHIP_HELP_FILES', 'chunk_id': 'b6f65681-3396-4c2c-8527-a9a204f00150', 'chunk_index': 0, 'text_length': 570, 'start_char_idx': 0, 'end_char_idx': 570, 'triplet_source_id': 'b6f65681-3396-4c2c-8527-a9a204f00150'}, 'name': 'Add style setting', 'id': 'Add style setting'}, {'label': 'entity', 'embedding': None, 'properties': {'document_id': 'C:\\Users\\akiro\\workfolder\\imabari3dcad\\evoship\\EVOSHIP_HELP_FILES\\about_annotation_styles_list_dialog.html', 'source_path': 'C:\\Users\\akiro\\workfolder\\imabari3dcad\\evoship\\EVOSHIP_HELP_FILES\\about_annotation_styles_list_dialog.html', 'section_id': '786c297220afb12a8df819d022353fa285b84116', 'title': '注記・寸法スタイル設定', 'section_heading': '注記・寸法スタイル設定', 'section_level': 2, 'section_index': 0, 'last_modified': '2025-07-08T01:02:52+00:00', 'extracted_at': '2025-11-04T06:45:24+00:00', 'data_source': 'EVOSHIP_HELP_FILES', 'chunk_id': 'b6f65681-3396-4c2c-8527-a9a204f00150', 'chunk_index': 0, 'text_length': 570, 'start_char_idx': 0, 'end_char_idx': 570, 'triplet_source_id': 'b6f65681-3396-4c2c-8527-a9a204f00150'}, 'name': 'Add model style setting', 'id': 'Add model style setting'}, {'label': 'entity', 'embedding': None, 'properties': {'document_id': 'C:\\Users\\akiro\\workfolder\\imabari3dcad\\evoship\\EVOSHIP_HELP_FILES\\about_annotation_styles_list_dialog.html', 'source_path': 'C:\\Users\\akiro\\workfolder\\imabari3dcad\\evoship\\EVOSHIP_HELP_FILES\\about_annotation_styles_list_dialog.html', 'section_id': '786c297220afb12a8df819d022353fa285b84116', 'title': '注記・寸法スタイル設定', 'section_heading': '注記・寸法スタイル設定', 'section_level': 2, 'section_index': 0, 'last_modified': '2025-07-08T01:02:52+00:00', 'extracted_at': '2025-11-04T06:45:24+00:00', 'data_source': 'EVOSHIP_HELP_FILES', 'chunk_id': 'b6f65681-3396-4c2c-8527-a9a204f00150', 'chunk_index': 0, 'text_length': 570, 'start_char_idx': 0, 'end_char_idx': 570, 'triplet_source_id': 'b6f65681-3396-4c2c-8527-a9a204f00150'}, 'name': 'Annotation styles from model', 'id': 'Annotation styles from model'}, {'label': 'HelpDocument', 'embedding': None, 'properties': {'document_id': 'C:\\Users\\akiro\\workfolder\\imabari3dcad\\evoship\\EVOSHIP_HELP_FILES\\about_annotation_styles_list_dialog.html', 'source_path': 'C:\\Users\\akiro\\workfolder\\imabari3dcad\\evoship\\EVOSHIP_HELP_FILES\\about_annotation_styles_list_dialog.html', 'title': '注記・寸法スタイル設定', 'headings': ['注記・寸法スタイル設定', '注記スタイルの管理', '注記スタイルの作成', '適用ずみスタイルの更新'], 'section_count': 4, 'last_modified': '2025-07-08T01:02:52+00:00', 'extracted_at': '2025-11-04T06:45:24+00:00', 'data_source': 'EVOSHIP_HELP_FILES', 'triplet_source_id': 'c4a59b58-2edd-4fb2-8583-a63b8a93e397'}, 'name': 'C:\\Users\\akiro\\workfolder\\imabari3dcad\\evoship\\EVOSHIP_HELP_FILES\\about_annotation_styles_list_dialog.html', 'id': 'C:\\Users\\akiro\\workfolder\\imabari3dcad\\evoship\\EVOSHIP_HELP_FILES\\about_annotation_styles_list_dialog.html'}, {'label': 'HelpSection', 'embedding': None, 'properties': {'section_id': '786c297220afb12a8df819d022353fa285b84116', 'document_id': 'C:\\Users\\akiro\\workfolder\\imabari3dcad\\evoship\\EVOSHIP_HELP_FILES\\about_annotation_styles_list_dialog.html', 'source_path': 'C:\\Users\\akiro\\workfolder\\imabari3dcad\\evoship\\EVOSHIP_HELP_FILES\\about_annotation_styles_list_dialog.html', 'title': '注記・寸法スタイル設定', 'section_heading': '注記・寸法スタイル設定', 'section_level': 2, 'section_index': 0, 'last_modified': '2025-07-08T01:02:52+00:00', 'extracted_at': '2025-11-04T06:45:24+00:00', 'data_source': 'EVOSHIP_HELP_FILES', 'triplet_source_id': 'c4a59b58-2edd-4fb2-8583-a63b8a93e397'}, 'name': '786c297220afb12a8df819d022353fa285b84116', 'id': '786c297220afb12a8df819d022353fa285b84116'}, {'label': 'entity', 'embedding': None, 'properties': {'document_id': 'C:\\Users\\akiro\\workfolder\\imabari3dcad\\evoship\\EVOSHIP_HELP_FILES\\about_annotation_styles_list_dialog.html', 'source_path': 'C:\\Users\\akiro\\workfolder\\imabari3dcad\\evoship\\EVOSHIP_HELP_FILES\\about_annotation_styles_list_dialog.html', 'section_id': '786c297220afb12a8df819d022353fa285b84116', 'title': '注記・寸法スタイル設定', 'section_heading': '注記・寸法スタイル設定', 'section_level': 2, 'section_index': 0, 'last_modified': '2025-07-08T01:02:52+00:00', 'extracted_at': '2025-11-04T06:45:24+00:00', 'data_source': 'EVOSHIP_HELP_FILES', 'chunk_id': 'c4a59b58-2edd-4fb2-8583-a63b8a93e397', 'chunk_index': 1, 'text_length': 330, 'start_char_idx': 490, 'end_char_idx': 820, 'triplet_source_id': 'c4a59b58-2edd-4fb2-8583-a63b8a93e397'}, 'name': 'Newstyle', 'id': 'Newstyle'}, {'label': 'entity', 'embedding': None, 'properties': {'document_id': 'C:\\Users\\akiro\\workfolder\\imabari3dcad\\evoship\\EVOSHIP_HELP_FILES\\about_annotation_styles_list_dialog.html', 'source_path': 'C:\\Users\\akiro\\workfolder\\imabari3dcad\\evoship\\EVOSHIP_HELP_FILES\\about_annotation_styles_list_dialog.html', 'section_id': '786c297220afb12a8df819d022353fa285b84116', 'title': '注記・寸法スタイル設定', 'section_heading': '注記・寸法スタイル設定', 'section_level': 2, 'section_index': 0, 'last_modified': '2025-07-08T01:02:52+00:00', 'extracted_at': '2025-11-04T06:45:24+00:00', 'data_source': 'EVOSHIP_HELP_FILES', 'chunk_id': 'c4a59b58-2edd-4fb2-8583-a63b8a93e397', 'chunk_index': 1, 'text_length': 330, 'start_char_idx': 490, 'end_char_idx': 820, 'triplet_source_id': 'c4a59b58-2edd-4fb2-8583-a63b8a93e397'}, 'name': 'Existingstyle', 'id': 'Existingstyle'}, {'label': 'entity', 'embedding': None, 'properties': {'document_id': 'C:\\Users\\akiro\\workfolder\\imabari3dcad\\evoship\\EVOSHIP_HELP_FILES\\about_annotation_styles_list_dialog.html', 'source_path': 'C:\\Users\\akiro\\workfolder\\imabari3dcad\\evoship\\EVOSHIP_HELP_FILES\\about_annotation_styles_list_dialog.html', 'section_id': '786c297220afb12a8df819d022353fa285b84116', 'title': '注記・寸法スタイル設定', 'section_heading': '注記・寸法スタイル設定', 'section_level': 2, 'section_index': 0, 'last_modified': '2025-07-08T01:02:52+00:00', 'extracted_at': '2025-11-04T06:45:24+00:00', 'data_source': 'EVOSHIP_HELP_FILES', 'chunk_id': 'c4a59b58-2edd-4fb2-8583-a63b8a93e397', 'chunk_index': 1, 'text_length': 330, 'start_char_idx': 490, 'end_char_idx': 820, 'triplet_source_id': 'c4a59b58-2edd-4fb2-8583-a63b8a93e397'}, 'name': 'Contextmenu_displayed_after', 'id': 'Contextmenu_displayed_after'}, {'label': 'entity', 'embedding': None, 'properties': {'document_id': 'C:\\Users\\akiro\\workfolder\\imabari3dcad\\evoship\\EVOSHIP_HELP_FILES\\about_annotation_styles_list_dialog.html', 'source_path': 'C:\\Users\\akiro\\workfolder\\imabari3dcad\\evoship\\EVOSHIP_HELP_FILES\\about_annotation_styles_list_dialog.html', 'section_id': '786c297220afb12a8df819d022353fa285b84116', 'title': '注記・寸法スタイル設定', 'section_heading': '注記・寸法スタイル設定', 'section_level': 2, 'section_index': 0, 'last_modified': '2025-07-08T01:02:52+00:00', 'extracted_at': '2025-11-04T06:45:24+00:00', 'data_source': 'EVOSHIP_HELP_FILES', 'chunk_id': 'c4a59b58-2edd-4fb2-8583-a63b8a93e397', 'chunk_index': 1, 'text_length': 330, 'start_char_idx': 490, 'end_char_idx': 820, 'triplet_source_id': 'c4a59b58-2edd-4fb2-8583-a63b8a93e397'}, 'name': 'Styleselected', 'id': 'Styleselected'}, {'label': 'entity', 'embedding': None, 'properties': {'document_id': 'C:\\Users\\akiro\\workfolder\\imabari3dcad\\evoship\\EVOSHIP_HELP_FILES\\about_annotation_styles_list_dialog.html', 'source_path': 'C:\\Users\\akiro\\workfolder\\imabari3dcad\\evoship\\EVOSHIP_HELP_FILES\\about_annotation_styles_list_dialog.html', 'section_id': '786c297220afb12a8df819d022353fa285b84116', 'title': '注記・寸法スタイル設定', 'section_heading': '注記・寸法スタイル設定', 'section_level': 2, 'section_index': 0, 'last_modified': '2025-07-08T01:02:52+00:00', 'extracted_at': '2025-11-04T06:45:24+00:00', 'data_source': 'EVOSHIP_HELP_FILES', 'chunk_id': 'c4a59b58-2edd-4fb2-8583-a63b8a93e397', 'chunk_index': 1, 'text_length': 330, 'start_char_idx': 490, 'end_char_idx': 820, 'triplet_source_id': 'c4a59b58-2edd-4fb2-8583-a63b8a93e397'}, 'name': 'Add_style_setting_copy', 'id': 'Add_style_setting_copy'}, {'label': 'entity', 'embedding': None, 'properties': {'document_id': 'C:\\Users\\akiro\\workfolder\\imabari3dcad\\evoship\\EVOSHIP_HELP_FILES\\about_annotation_styles_list_dialog.html', 'source_path': 'C:\\Users\\akiro\\workfolder\\imabari3dcad\\evoship\\EVOSHIP_HELP_FILES\\about_annotation_styles_list_dialog.html', 'section_id': '786c297220afb12a8df819d022353fa285b84116', 'title': '注記・寸法スタイル設定', 'section_heading': '注記・寸法スタイル設定', 'section_level': 2, 'section_index': 0, 'last_modified': '2025-07-08T01:02:52+00:00', 'extracted_at': '2025-11-04T06:45:24+00:00', 'data_source': 'EVOSHIP_HELP_FILES', 'chunk_id': 'c4a59b58-2edd-4fb2-8583-a63b8a93e397', 'chunk_index': 1, 'text_length': 330, 'start_char_idx': 490, 'end_char_idx': 820, 'triplet_source_id': 'c4a59b58-2edd-4fb2-8583-a63b8a93e397'}, 'name': 'Click', 'id': 'Click'}, {'label': 'entity', 'embedding': None, 'properties': {'document_id': 'C:\\Users\\akiro\\workfolder\\imabari3dcad\\evoship\\EVOSHIP_HELP_FILES\\about_annotation_styles_list_dialog.html', 'source_path': 'C:\\Users\\akiro\\workfolder\\imabari3dcad\\evoship\\EVOSHIP_HELP_FILES\\about_annotation_styles_list_dialog.html', 'section_id': '786c297220afb12a8df819d022353fa285b84116', 'title': '注記・寸法スタイル設定', 'section_heading': '注記・寸法スタイル設定', 'section_level': 2, 'section_index': 0, 'last_modified': '2025-07-08T01:02:52+00:00', 'extracted_at': '2025-11-04T06:45:24+00:00', 'data_source': 'EVOSHIP_HELP_FILES', 'chunk_id': 'c4a59b58-2edd-4fb2-8583-a63b8a93e397', 'chunk_index': 1, 'text_length': 330, 'start_char_idx': 490, 'end_char_idx': 820, 'triplet_source_id': 'c4a59b58-2edd-4fb2-8583-a63b8a93e397'}, 'name': 'Model_update_button', 'id': 'Model_update_button'}, {'label': 'entity', 'embedding': None, 'properties': {'document_id': 'C:\\Users\\akiro\\workfolder\\imabari3dcad\\evoship\\EVOSHIP_HELP_FILES\\about_annotation_styles_list_dialog.html', 'source_path': 'C:\\Users\\akiro\\workfolder\\imabari3dcad\\evoship\\EVOSHIP_HELP_FILES\\about_annotation_styles_list_dialog.html', 'section_id': '786c297220afb12a8df819d022353fa285b84116', 'title': '注記・寸法スタイル設定', 'section_heading': '注記・寸法スタイル設定', 'section_level': 2, 'section_index': 0, 'last_modified': '2025-07-08T01:02:52+00:00', 'extracted_at': '2025-11-04T06:45:24+00:00', 'data_source': 'EVOSHIP_HELP_FILES', 'chunk_id': 'c4a59b58-2edd-4fb2-8583-a63b8a93e397', 'chunk_index': 1, 'text_length': 330, 'start_char_idx': 490, 'end_char_idx': 820, 'triplet_source_id': 'c4a59b58-2edd-4fb2-8583-a63b8a93e397'}, 'name': 'Overwrite_applied_styles', 'id': 'Overwrite_applied_styles'}, {'label': 'entity', 'embedding': None, 'properties': {'document_id': 'C:\\Users\\akiro\\workfolder\\imabari3dcad\\evoship\\EVOSHIP_HELP_FILES\\about_annotation_styles_list_dialog.html', 'source_path': 'C:\\Users\\akiro\\workfolder\\imabari3dcad\\evoship\\EVOSHIP_HELP_FILES\\about_annotation_styles_list_dialog.html', 'section_id': '786c297220afb12a8df819d022353fa285b84116', 'title': '注記・寸法スタイル設定', 'section_heading': '注記・寸法スタイル設定', 'section_level': 2, 'section_index': 0, 'last_modified': '2025-07-08T01:02:52+00:00', 'extracted_at': '2025-11-04T06:45:24+00:00', 'data_source': 'EVOSHIP_HELP_FILES', 'chunk_id': 'c4a59b58-2edd-4fb2-8583-a63b8a93e397', 'chunk_index': 1, 'text_length': 330, 'start_char_idx': 490, 'end_char_idx': 820, 'triplet_source_id': 'c4a59b58-2edd-4fb2-8583-a63b8a93e397'}, 'name': 'Appliedstyle', 'id': 'Appliedstyle'}, {'label': 'entity', 'embedding': None, 'properties': {'document_id': 'C:\\Users\\akiro\\workfolder\\imabari3dcad\\evoship\\EVOSHIP_HELP_FILES\\about_annotation_styles_list_dialog.html', 'source_path': 'C:\\Users\\akiro\\workfolder\\imabari3dcad\\evoship\\EVOSHIP_HELP_FILES\\about_annotation_styles_list_dialog.html', 'section_id': '786c297220afb12a8df819d022353fa285b84116', 'title': '注記・寸法スタイル設定', 'section_heading': '注記・寸法スタイル設定', 'section_level': 2, 'section_index': 0, 'last_modified': '2025-07-08T01:02:52+00:00', 'extracted_at': '2025-11-04T06:45:24+00:00', 'data_source': 'EVOSHIP_HELP_FILES', 'chunk_id': 'c4a59b58-2edd-4fb2-8583-a63b8a93e397', 'chunk_index': 1, 'text_length': 330, 'start_char_idx': 490, 'end_char_idx': 820, 'triplet_source_id': 'c4a59b58-2edd-4fb2-8583-a63b8a93e397'}, 'name': 'Systemsettingstyle_with_same_name', 'id': 'Systemsettingstyle_with_same_name'}, {'label': 'entity', 'embedding': None, 'properties': {'document_id': 'C:\\Users\\akiro\\workfolder\\imabari3dcad\\evoship\\EVOSHIP_HELP_FILES\\about_annotation_styles_list_dialog.html', 'source_path': 'C:\\Users\\akiro\\workfolder\\imabari3dcad\\evoship\\EVOSHIP_HELP_FILES\\about_annotation_styles_list_dialog.html', 'section_id': '786c297220afb12a8df819d022353fa285b84116', 'title': '注記・寸法スタイル設定', 'section_heading': '注記・寸法スタイル設定', 'section_level': 2, 'section_index': 0, 'last_modified': '2025-07-08T01:02:52+00:00', 'extracted_at': '2025-11-04T06:45:24+00:00', 'data_source': 'EVOSHIP_HELP_FILES', 'chunk_id': 'c4a59b58-2edd-4fb2-8583-a63b8a93e397', 'chunk_index': 1, 'text_length': 330, 'start_char_idx': 490, 'end_char_idx': 820, 'triplet_source_id': 'c4a59b58-2edd-4fb2-8583-a63b8a93e397'}, 'name': 'Stylelist', 'id': 'Stylelist'}, {'label': 'entity', 'embedding': None, 'properties': {'document_id': 'C:\\Users\\akiro\\workfolder\\imabari3dcad\\evoship\\EVOSHIP_HELP_FILES\\about_annotation_styles_list_dialog.html', 'source_path': 'C:\\Users\\akiro\\workfolder\\imabari3dcad\\evoship\\EVOSHIP_HELP_FILES\\about_annotation_styles_list_dialog.html', 'section_id': '786c297220afb12a8df819d022353fa285b84116', 'title': '注記・寸法スタイル設定', 'section_heading': '注記・寸法スタイル設定', 'section_level': 2, 'section_index': 0, 'last_modified': '2025-07-08T01:02:52+00:00', 'extracted_at': '2025-11-04T06:45:24+00:00', 'data_source': 'EVOSHIP_HELP_FILES', 'chunk_id': 'c4a59b58-2edd-4fb2-8583-a63b8a93e397', 'chunk_index': 1, 'text_length': 330, 'start_char_idx': 490, 'end_char_idx': 820, 'triplet_source_id': 'c4a59b58-2edd-4fb2-8583-a63b8a93e397'}, 'name': 'Samenamedstyles', 'id': 'Samenamedstyles'}, {'label': 'entity', 'embedding': None, 'properties': {'document_id': 'C:\\Users\\akiro\\workfolder\\imabari3dcad\\evoship\\EVOSHIP_HELP_FILES\\about_annotation_styles_list_dialog.html', 'source_path': 'C:\\Users\\akiro\\workfolder\\imabari3dcad\\evoship\\EVOSHIP_HELP_FILES\\about_annotation_styles_list_dialog.html', 'section_id': '786c297220afb12a8df819d022353fa285b84116', 'title': '注記・寸法スタイル設定', 'section_heading': '注記・寸法スタイル設定', 'section_level': 2, 'section_index': 0, 'last_modified': '2025-07-08T01:02:52+00:00', 'extracted_at': '2025-11-04T06:45:24+00:00', 'data_source': 'EVOSHIP_HELP_FILES', 'chunk_id': 'c4a59b58-2edd-4fb2-8583-a63b8a93e397', 'chunk_index': 1, 'text_length': 330, 'start_char_idx': 490, 'end_char_idx': 820, 'triplet_source_id': 'c4a59b58-2edd-4fb2-8583-a63b8a93e397'}, 'name': 'Samenamedstyles', 'id': 'Samenamedstyles'}, {'label': 'entity', 'embedding': None, 'properties': {'document_id': 'C:\\Users\\akiro\\workfolder\\imabari3dcad\\evoship\\EVOSHIP_HELP_FILES\\about_annotation_styles_list_dialog.html', 'source_path': 'C:\\Users\\akiro\\workfolder\\imabari3dcad\\evoship\\EVOSHIP_HELP_FILES\\about_annotation_styles_list_dialog.html', 'section_id': '786c297220afb12a8df819d022353fa285b84116', 'title': '注記・寸法スタイル設定', 'section_heading': '注記・寸法スタイル設定', 'section_level': 2, 'section_index': 0, 'last_modified': '2025-07-08T01:02:52+00:00', 'extracted_at': '2025-11-04T06:45:24+00:00', 'data_source': 'EVOSHIP_HELP_FILES', 'chunk_id': 'c4a59b58-2edd-4fb2-8583-a63b8a93e397', 'chunk_index': 1, 'text_length': 330, 'start_char_idx': 490, 'end_char_idx': 820, 'triplet_source_id': 'c4a59b58-2edd-4fb2-8583-a63b8a93e397'}, 'name': 'Only_one_used_for_overwrite', 'id': 'Only_one_used_for_overwrite'}, {'label': 'entity', 'embedding': None, 'properties': {'document_id': 'C:\\Users\\akiro\\workfolder\\imabari3dcad\\evoship\\EVOSHIP_HELP_FILES\\about_annotation_styles_list_dialog.html', 'source_path': 'C:\\Users\\akiro\\workfolder\\imabari3dcad\\evoship\\EVOSHIP_HELP_FILES\\about_annotation_styles_list_dialog.html', 'section_id': '786c297220afb12a8df819d022353fa285b84116', 'title': '注記・寸法スタイル設定', 'section_heading': '注記・寸法スタイル設定', 'section_level': 2, 'section_index': 0, 'last_modified': '2025-07-08T01:02:52+00:00', 'extracted_at': '2025-11-04T06:45:24+00:00', 'data_source': 'EVOSHIP_HELP_FILES', 'chunk_id': 'c4a59b58-2edd-4fb2-8583-a63b8a93e397', 'chunk_index': 1, 'text_length': 330, 'start_char_idx': 490, 'end_char_idx': 820, 'triplet_source_id': 'c4a59b58-2edd-4fb2-8583-a63b8a93e397'}, 'name': 'Remaining_samenamedstyles', 'id': 'Remaining_samenamedstyles'}, {'label': 'entity', 'embedding': None, 'properties': {'document_id': 'C:\\Users\\akiro\\workfolder\\imabari3dcad\\evoship\\EVOSHIP_HELP_FILES\\about_annotation_styles_list_dialog.html', 'source_path': 'C:\\Users\\akiro\\workfolder\\imabari3dcad\\evoship\\EVOSHIP_HELP_FILES\\about_annotation_styles_list_dialog.html', 'section_id': '786c297220afb12a8df819d022353fa285b84116', 'title': '注記・寸法スタイル設定', 'section_heading': '注記・寸法スタイル設定', 'section_level': 2, 'section_index': 0, 'last_modified': '2025-07-08T01:02:52+00:00', 'extracted_at': '2025-11-04T06:45:24+00:00', 'data_source': 'EVOSHIP_HELP_FILES', 'chunk_id': 'c4a59b58-2edd-4fb2-8583-a63b8a93e397', 'chunk_index': 1, 'text_length': 330, 'start_char_idx': 490, 'end_char_idx': 820, 'triplet_source_id': 'c4a59b58-2edd-4fb2-8583-a63b8a93e397'}, 'name': 'Ignored', 'id': 'Ignored'}, {'label': 'entity', 'embedding': None, 'properties': {'document_id': 'C:\\Users\\akiro\\workfolder\\imabari3dcad\\evoship\\EVOSHIP_HELP_FILES\\about_annotation_styles_list_dialog.html', 'source_path': 'C:\\Users\\akiro\\workfolder\\imabari3dcad\\evoship\\EVOSHIP_HELP_FILES\\about_annotation_styles_list_dialog.html', 'section_id': '786c297220afb12a8df819d022353fa285b84116', 'title': '注記・寸法スタイル設定', 'section_heading': '注記・寸法スタイル設定', 'section_level': 2, 'section_index': 0, 'last_modified': '2025-07-08T01:02:52+00:00', 'extracted_at': '2025-11-04T06:45:24+00:00', 'data_source': 'EVOSHIP_HELP_FILES', 'chunk_id': 'c4a59b58-2edd-4fb2-8583-a63b8a93e397', 'chunk_index': 1, 'text_length': 330, 'start_char_idx': 490, 'end_char_idx': 820, 'triplet_source_id': 'c4a59b58-2edd-4fb2-8583-a63b8a93e397'}, 'name': 'Users', 'id': 'Users'}, {'label': 'entity', 'embedding': None, 'properties': {'document_id': 'C:\\Users\\akiro\\workfolder\\imabari3dcad\\evoship\\EVOSHIP_HELP_FILES\\about_annotation_styles_list_dialog.html', 'source_path': 'C:\\Users\\akiro\\workfolder\\imabari3dcad\\evoship\\EVOSHIP_HELP_FILES\\about_annotation_styles_list_dialog.html', 'section_id': '786c297220afb12a8df819d022353fa285b84116', 'title': '注記・寸法スタイル設定', 'section_heading': '注記・寸法スタイル設定', 'section_level': 2, 'section_index': 0, 'last_modified': '2025-07-08T01:02:52+00:00', 'extracted_at': '2025-11-04T06:45:24+00:00', 'data_source': 'EVOSHIP_HELP_FILES', 'chunk_id': 'c4a59b58-2edd-4fb2-8583-a63b8a93e397', 'chunk_index': 1, 'text_length': 330, 'start_char_idx': 490, 'end_char_idx': 820, 'triplet_source_id': 'c4a59b58-2edd-4fb2-8583-a63b8a93e397'}, 'name': 'Creating_same_named_styles', 'id': 'Creating_same_named_styles'}, {'label': 'HelpDocument', 'embedding': None, 'properties': {'document_id': 'C:\\Users\\akiro\\workfolder\\imabari3dcad\\evoship\\EVOSHIP_HELP_FILES\\about_annotation_styles_list_dialog.html', 'source_path': 'C:\\Users\\akiro\\workfolder\\imabari3dcad\\evoship\\EVOSHIP_HELP_FILES\\about_annotation_styles_list_dialog.html', 'title': '注記・寸法スタイル設定', 'headings': ['注記・寸法スタイル設定', '注記スタイルの管理', '注記スタイルの作成', '適用ずみスタイルの更新'], 'section_count': 4, 'last_modified': '2025-07-08T01:02:52+00:00', 'extracted_at': '2025-11-04T06:45:24+00:00', 'data_source': 'EVOSHIP_HELP_FILES', 'triplet_source_id': '30d11b13-7169-4b6c-8593-22d9005077b7'}, 'name': 'C:\\Users\\akiro\\workfolder\\imabari3dcad\\evoship\\EVOSHIP_HELP_FILES\\about_annotation_styles_list_dialog.html', 'id': 'C:\\Users\\akiro\\workfolder\\imabari3dcad\\evoship\\EVOSHIP_HELP_FILES\\about_annotation_styles_list_dialog.html'}, {'label': 'HelpSection', 'embedding': None, 'properties': {'section_id': '479fc241bbf40f983b5b190f3f96c13829c67842', 'document_id': 'C:\\Users\\akiro\\workfolder\\imabari3dcad\\evoship\\EVOSHIP_HELP_FILES\\about_annotation_styles_list_dialog.html', 'source_path': 'C:\\Users\\akiro\\workfolder\\imabari3dcad\\evoship\\EVOSHIP_HELP_FILES\\about_annotation_styles_list_dialog.html', 'title': '注記・寸法スタイル設定', 'section_heading': '注記スタイルの管理', 'section_level': 3, 'section_index': 1, 'last_modified': '2025-07-08T01:02:52+00:00', 'extracted_at': '2025-11-04T06:45:24+00:00', 'data_source': 'EVOSHIP_HELP_FILES', 'triplet_source_id': '30d11b13-7169-4b6c-8593-22d9005077b7'}, 'name': '479fc241bbf40f983b5b190f3f96c13829c67842', 'id': '479fc241bbf40f983b5b190f3f96c13829c67842'}, {'label': 'entity', 'embedding': None, 'properties': {'document_id': 'C:\\Users\\akiro\\workfolder\\imabari3dcad\\evoship\\EVOSHIP_HELP_FILES\\about_annotation_styles_list_dialog.html', 'source_path': 'C:\\Users\\akiro\\workfolder\\imabari3dcad\\evoship\\EVOSHIP_HELP_FILES\\about_annotation_styles_list_dialog.html', 'section_id': '479fc241bbf40f983b5b190f3f96c13829c67842', 'title': '注記・寸法スタイル設定', 'section_heading': '注記スタイルの管理', 'section_level': 3, 'section_index': 1, 'last_modified': '2025-07-08T01:02:52+00:00', 'extracted_at': '2025-11-04T06:45:24+00:00', 'data_source': 'EVOSHIP_HELP_FILES', 'chunk_id': '30d11b13-7169-4b6c-8593-22d9005077b7', 'chunk_index': 0, 'text_length': 191, 'start_char_idx': 0, 'end_char_idx': 191, 'triplet_source_id': '30d11b13-7169-4b6c-8593-22d9005077b7'}, 'name': '注記スタイル', 'id': '注記スタイル'}, {'label': 'entity', 'embedding': None, 'properties': {'document_id': 'C:\\Users\\akiro\\workfolder\\imabari3dcad\\evoship\\EVOSHIP_HELP_FILES\\about_annotation_styles_list_dialog.html', 'source_path': 'C:\\Users\\akiro\\workfolder\\imabari3dcad\\evoship\\EVOSHIP_HELP_FILES\\about_annotation_styles_list_dialog.html', 'section_id': '479fc241bbf40f983b5b190f3f96c13829c67842', 'title': '注記・寸法スタイル設定', 'section_heading': '注記スタイルの管理', 'section_level': 3, 'section_index': 1, 'last_modified': '2025-07-08T01:02:52+00:00', 'extracted_at': '2025-11-04T06:45:24+00:00', 'data_source': 'EVOSHIP_HELP_FILES', 'chunk_id': '30d11b13-7169-4b6c-8593-22d9005077b7', 'chunk_index': 0, 'text_length': 191, 'start_char_idx': 0, 'end_char_idx': 191, 'triplet_source_id': '30d11b13-7169-4b6c-8593-22d9005077b7'}, 'name': 'システム設定', 'id': 'システム設定'}, {'label': 'entity', 'embedding': None, 'properties': {'document_id': 'C:\\Users\\akiro\\workfolder\\imabari3dcad\\evoship\\EVOSHIP_HELP_FILES\\about_annotation_styles_list_dialog.html', 'source_path': 'C:\\Users\\akiro\\workfolder\\imabari3dcad\\evoship\\EVOSHIP_HELP_FILES\\about_annotation_styles_list_dialog.html', 'section_id': '479fc241bbf40f983b5b190f3f96c13829c67842', 'title': '注記・寸法スタイル設定', 'section_heading': '注記スタイルの管理', 'section_level': 3, 'section_index': 1, 'last_modified': '2025-07-08T01:02:52+00:00', 'extracted_at': '2025-11-04T06:45:24+00:00', 'data_source': 'EVOSHIP_HELP_FILES', 'chunk_id': '30d11b13-7169-4b6c-8593-22d9005077b7', 'chunk_index': 0, 'text_length': 191, 'start_char_idx': 0, 'end_char_idx': 191, 'triplet_source_id': '30d11b13-7169-4b6c-8593-22d9005077b7'}, 'name': '注記スタイル', 'id': '注記スタイル'}, {'label': 'entity', 'embedding': None, 'properties': {'document_id': 'C:\\Users\\akiro\\workfolder\\imabari3dcad\\evoship\\EVOSHIP_HELP_FILES\\about_annotation_styles_list_dialog.html', 'source_path': 'C:\\Users\\akiro\\workfolder\\imabari3dcad\\evoship\\EVOSHIP_HELP_FILES\\about_annotation_styles_list_dialog.html', 'section_id': '479fc241bbf40f983b5b190f3f96c13829c67842', 'title': '注記・寸法スタイル設定', 'section_heading': '注記スタイルの管理', 'section_level': 3, 'section_index': 1, 'last_modified': '2025-07-08T01:02:52+00:00', 'extracted_at': '2025-11-04T06:45:24+00:00', 'data_source': 'EVOSHIP_HELP_FILES', 'chunk_id': '30d11b13-7169-4b6c-8593-22d9005077b7', 'chunk_index': 0, 'text_length': 191, 'start_char_idx': 0, 'end_char_idx': 191, 'triplet_source_id': '30d11b13-7169-4b6c-8593-22d9005077b7'}, 'name': 'スケッチ', 'id': 'スケッチ'}, {'label': 'entity', 'embedding': None, 'properties': {'document_id': 'C:\\Users\\akiro\\workfolder\\imabari3dcad\\evoship\\EVOSHIP_HELP_FILES\\about_annotation_styles_list_dialog.html', 'source_path': 'C:\\Users\\akiro\\workfolder\\imabari3dcad\\evoship\\EVOSHIP_HELP_FILES\\about_annotation_styles_list_dialog.html', 'section_id': '479fc241bbf40f983b5b190f3f96c13829c67842', 'title': '注記・寸法スタイル設定', 'section_heading': '注記スタイルの管理', 'section_level': 3, 'section_index': 1, 'last_modified': '2025-07-08T01:02:52+00:00', 'extracted_at': '2025-11-04T06:45:24+00:00', 'data_source': 'EVOSHIP_HELP_FILES', 'chunk_id': '30d11b13-7169-4b6c-8593-22d9005077b7', 'chunk_index': 0, 'text_length': 191, 'start_char_idx': 0, 'end_char_idx': 191, 'triplet_source_id': '30d11b13-7169-4b6c-8593-22d9005077b7'}, 'name': '注記スタイル', 'id': '注記スタイル'}, {'label': 'entity', 'embedding': None, 'properties': {'document_id': 'C:\\Users\\akiro\\workfolder\\imabari3dcad\\evoship\\EVOSHIP_HELP_FILES\\about_annotation_styles_list_dialog.html', 'source_path': 'C:\\Users\\akiro\\workfolder\\imabari3dcad\\evoship\\EVOSHIP_HELP_FILES\\about_annotation_styles_list_dialog.html', 'section_id': '479fc241bbf40f983b5b190f3f96c13829c67842', 'title': '注記・寸法スタイル設定', 'section_heading': '注記スタイルの管理', 'section_level': 3, 'section_index': 1, 'last_modified': '2025-07-08T01:02:52+00:00', 'extracted_at': '2025-11-04T06:45:24+00:00', 'data_source': 'EVOSHIP_HELP_FILES', 'chunk_id': '30d11b13-7169-4b6c-8593-22d9005077b7', 'chunk_index': 0, 'text_length': 191, 'start_char_idx': 0, 'end_char_idx': 191, 'triplet_source_id': '30d11b13-7169-4b6c-8593-22d9005077b7'}, 'name': '図面', 'id': '図面'}, {'label': 'entity', 'embedding': None, 'properties': {'document_id': 'C:\\Users\\akiro\\workfolder\\imabari3dcad\\evoship\\EVOSHIP_HELP_FILES\\about_annotation_styles_list_dialog.html', 'source_path': 'C:\\Users\\akiro\\workfolder\\imabari3dcad\\evoship\\EVOSHIP_HELP_FILES\\about_annotation_styles_list_dialog.html', 'section_id': '479fc241bbf40f983b5b190f3f96c13829c67842', 'title': '注記・寸法スタイル設定', 'section_heading': '注記スタイルの管理', 'section_level': 3, 'section_index': 1, 'last_modified': '2025-07-08T01:02:52+00:00', 'extracted_at': '2025-11-04T06:45:24+00:00', 'data_source': 'EVOSHIP_HELP_FILES', 'chunk_id': '30d11b13-7169-4b6c-8593-22d9005077b7', 'chunk_index': 0, 'text_length': 191, 'start_char_idx': 0, 'end_char_idx': 191, 'triplet_source_id': '30d11b13-7169-4b6c-8593-22d9005077b7'}, 'name': 'スケッチ', 'id': 'スケッチ'}, {'label': 'entity', 'embedding': None, 'properties': {'document_id': 'C:\\Users\\akiro\\workfolder\\imabari3dcad\\evoship\\EVOSHIP_HELP_FILES\\about_annotation_styles_list_dialog.html', 'source_path': 'C:\\Users\\akiro\\workfolder\\imabari3dcad\\evoship\\EVOSHIP_HELP_FILES\\about_annotation_styles_list_dialog.html', 'section_id': '479fc241bbf40f983b5b190f3f96c13829c67842', 'title': '注記・寸法スタイル設定', 'section_heading': '注記スタイルの管理', 'section_level': 3, 'section_index': 1, 'last_modified': '2025-07-08T01:02:52+00:00', 'extracted_at': '2025-11-04T06:45:24+00:00', 'data_source': 'EVOSHIP_HELP_FILES', 'chunk_id': '30d11b13-7169-4b6c-8593-22d9005077b7', 'chunk_index': 0, 'text_length': 191, 'start_char_idx': 0, 'end_char_idx': 191, 'triplet_source_id': '30d11b13-7169-4b6c-8593-22d9005077b7'}, 'name': '注記スタイルのコピー', 'id': '注記スタイルのコピー'}, {'label': 'entity', 'embedding': None, 'properties': {'document_id': 'C:\\Users\\akiro\\workfolder\\imabari3dcad\\evoship\\EVOSHIP_HELP_FILES\\about_annotation_styles_list_dialog.html', 'source_path': 'C:\\Users\\akiro\\workfolder\\imabari3dcad\\evoship\\EVOSHIP_HELP_FILES\\about_annotation_styles_list_dialog.html', 'section_id': '479fc241bbf40f983b5b190f3f96c13829c67842', 'title': '注記・寸法スタイル設定', 'section_heading': '注記スタイルの管理', 'section_level': 3, 'section_index': 1, 'last_modified': '2025-07-08T01:02:52+00:00', 'extracted_at': '2025-11-04T06:45:24+00:00', 'data_source': 'EVOSHIP_HELP_FILES', 'chunk_id': '30d11b13-7169-4b6c-8593-22d9005077b7', 'chunk_index': 0, 'text_length': 191, 'start_char_idx': 0, 'end_char_idx': 191, 'triplet_source_id': '30d11b13-7169-4b6c-8593-22d9005077b7'}, 'name': '図面', 'id': '図面'}, {'label': 'entity', 'embedding': None, 'properties': {'document_id': 'C:\\Users\\akiro\\workfolder\\imabari3dcad\\evoship\\EVOSHIP_HELP_FILES\\about_annotation_styles_list_dialog.html', 'source_path': 'C:\\Users\\akiro\\workfolder\\imabari3dcad\\evoship\\EVOSHIP_HELP_FILES\\about_annotation_styles_list_dialog.html', 'section_id': '479fc241bbf40f983b5b190f3f96c13829c67842', 'title': '注記・寸法スタイル設定', 'section_heading': '注記スタイルの管理', 'section_level': 3, 'section_index': 1, 'last_modified': '2025-07-08T01:02:52+00:00', 'extracted_at': '2025-11-04T06:45:24+00:00', 'data_source': 'EVOSHIP_HELP_FILES', 'chunk_id': '30d11b13-7169-4b6c-8593-22d9005077b7', 'chunk_index': 0, 'text_length': 191, 'start_char_idx': 0, 'end_char_idx': 191, 'triplet_source_id': '30d11b13-7169-4b6c-8593-22d9005077b7'}, 'name': '注記スタイルのコピー', 'id': '注記スタイルのコピー'}, {'label': 'entity', 'embedding': None, 'properties': {'document_id': 'C:\\Users\\akiro\\workfolder\\imabari3dcad\\evoship\\EVOSHIP_HELP_FILES\\about_annotation_styles_list_dialog.html', 'source_path': 'C:\\Users\\akiro\\workfolder\\imabari3dcad\\evoship\\EVOSHIP_HELP_FILES\\about_annotation_styles_list_dialog.html', 'section_id': '479fc241bbf40f983b5b190f3f96c13829c67842', 'title': '注記・寸法スタイル設定', 'section_heading': '注記スタイルの管理', 'section_level': 3, 'section_index': 1, 'last_modified': '2025-07-08T01:02:52+00:00', 'extracted_at': '2025-11-04T06:45:24+00:00', 'data_source': 'EVOSHIP_HELP_FILES', 'chunk_id': '30d11b13-7169-4b6c-8593-22d9005077b7', 'chunk_index': 0, 'text_length': 191, 'start_char_idx': 0, 'end_char_idx': 191, 'triplet_source_id': '30d11b13-7169-4b6c-8593-22d9005077b7'}, 'name': 'コピーされたスタイル', 'id': 'コピーされたスタイル'}, {'label': 'entity', 'embedding': None, 'properties': {'document_id': 'C:\\Users\\akiro\\workfolder\\imabari3dcad\\evoship\\EVOSHIP_HELP_FILES\\about_annotation_styles_list_dialog.html', 'source_path': 'C:\\Users\\akiro\\workfolder\\imabari3dcad\\evoship\\EVOSHIP_HELP_FILES\\about_annotation_styles_list_dialog.html', 'section_id': '479fc241bbf40f983b5b190f3f96c13829c67842', 'title': '注記・寸法スタイル設定', 'section_heading': '注記スタイルの管理', 'section_level': 3, 'section_index': 1, 'last_modified': '2025-07-08T01:02:52+00:00', 'extracted_at': '2025-11-04T06:45:24+00:00', 'data_source': 'EVOSHIP_HELP_FILES', 'chunk_id': '30d11b13-7169-4b6c-8593-22d9005077b7', 'chunk_index': 0, 'text_length': 191, 'start_char_idx': 0, 'end_char_idx': 191, 'triplet_source_id': '30d11b13-7169-4b6c-8593-22d9005077b7'}, 'name': 'スケッチと図面', 'id': 'スケッチと図面'}, {'label': 'HelpDocument', 'embedding': None, 'properties': {'document_id': 'C:\\Users\\akiro\\workfolder\\imabari3dcad\\evoship\\EVOSHIP_HELP_FILES\\about_annotation_styles_list_dialog.html', 'source_path': 'C:\\Users\\akiro\\workfolder\\imabari3dcad\\evoship\\EVOSHIP_HELP_FILES\\about_annotation_styles_list_dialog.html', 'title': '注記・寸法スタイル設定', 'headings': ['注記・寸法スタイル設定', '注記スタイルの管理', '注記スタイルの作成', '適用ずみスタイルの更新'], 'section_count': 4, 'last_modified': '2025-07-08T01:02:52+00:00', 'extracted_at': '2025-11-04T06:45:24+00:00', 'data_source': 'EVOSHIP_HELP_FILES', 'triplet_source_id': 'dbc68575-daaa-4bbd-8ac7-2b6737b982c1'}, 'name': 'C:\\Users\\akiro\\workfolder\\imabari3dcad\\evoship\\EVOSHIP_HELP_FILES\\about_annotation_styles_list_dialog.html', 'id': 'C:\\Users\\akiro\\workfolder\\imabari3dcad\\evoship\\EVOSHIP_HELP_FILES\\about_annotation_styles_list_dialog.html'}, {'label': 'HelpSection', 'embedding': None, 'properties': {'section_id': '948fca157e8e5cee99d571163057daa7a31b2157', 'document_id': 'C:\\Users\\akiro\\workfolder\\imabari3dcad\\evoship\\EVOSHIP_HELP_FILES\\about_annotation_styles_list_dialog.html', 'source_path': 'C:\\Users\\akiro\\workfolder\\imabari3dcad\\evoship\\EVOSHIP_HELP_FILES\\about_annotation_styles_list_dialog.html', 'title': '注記・寸法スタイル設定', 'section_heading': '注記スタイルの作成', 'section_level': 3, 'section_index': 2, 'last_modified': '2025-07-08T01:02:52+00:00', 'extracted_at': '2025-11-04T06:45:24+00:00', 'data_source': 'EVOSHIP_HELP_FILES', 'triplet_source_id': 'dbc68575-daaa-4bbd-8ac7-2b6737b982c1'}, 'name': '948fca157e8e5cee99d571163057daa7a31b2157', 'id': '948fca157e8e5cee99d571163057daa7a31b2157'}, {'label': 'entity', 'embedding': None, 'properties': {'document_id': 'C:\\Users\\akiro\\workfolder\\imabari3dcad\\evoship\\EVOSHIP_HELP_FILES\\about_annotation_styles_list_dialog.html', 'source_path': 'C:\\Users\\akiro\\workfolder\\imabari3dcad\\evoship\\EVOSHIP_HELP_FILES\\about_annotation_styles_list_dialog.html', 'section_id': '948fca157e8e5cee99d571163057daa7a31b2157', 'title': '注記・寸法スタイル設定', 'section_heading': '注記スタイルの作成', 'section_level': 3, 'section_index': 2, 'last_modified': '2025-07-08T01:02:52+00:00', 'extracted_at': '2025-11-04T06:45:24+00:00', 'data_source': 'EVOSHIP_HELP_FILES', 'chunk_id': 'dbc68575-daaa-4bbd-8ac7-2b6737b982c1', 'chunk_index': 0, 'text_length': 223, 'start_char_idx': 0, 'end_char_idx': 223, 'triplet_source_id': 'dbc68575-daaa-4bbd-8ac7-2b6737b982c1'}, 'name': '左側スタイル一覧欄', 'id': '左側スタイル一覧欄'}, {'label': 'entity', 'embedding': None, 'properties': {'document_id': 'C:\\Users\\akiro\\workfolder\\imabari3dcad\\evoship\\EVOSHIP_HELP_FILES\\about_annotation_styles_list_dialog.html', 'source_path': 'C:\\Users\\akiro\\workfolder\\imabari3dcad\\evoship\\EVOSHIP_HELP_FILES\\about_annotation_styles_list_dialog.html', 'section_id': '948fca157e8e5cee99d571163057daa7a31b2157', 'title': '注記・寸法スタイル設定', 'section_heading': '注記スタイルの作成', 'section_level': 3, 'section_index': 2, 'last_modified': '2025-07-08T01:02:52+00:00', 'extracted_at': '2025-11-04T06:45:24+00:00', 'data_source': 'EVOSHIP_HELP_FILES', 'chunk_id': 'dbc68575-daaa-4bbd-8ac7-2b6737b982c1', 'chunk_index': 0, 'text_length': 223, 'start_char_idx': 0, 'end_char_idx': 223, 'triplet_source_id': 'dbc68575-daaa-4bbd-8ac7-2b6737b982c1'}, 'name': 'コンテキストメニュー', 'id': 'コンテキストメニュー'}, {'label': 'entity', 'embedding': None, 'properties': {'document_id': 'C:\\Users\\akiro\\workfolder\\imabari3dcad\\evoship\\EVOSHIP_HELP_FILES\\about_annotation_styles_list_dialog.html', 'source_path': 'C:\\Users\\akiro\\workfolder\\imabari3dcad\\evoship\\EVOSHIP_HELP_FILES\\about_annotation_styles_list_dialog.html', 'section_id': '948fca157e8e5cee99d571163057daa7a31b2157', 'title': '注記・寸法スタイル設定', 'section_heading': '注記スタイルの作成', 'section_level': 3, 'section_index': 2, 'last_modified': '2025-07-08T01:02:52+00:00', 'extracted_at': '2025-11-04T06:45:24+00:00', 'data_source': 'EVOSHIP_HELP_FILES', 'chunk_id': 'dbc68575-daaa-4bbd-8ac7-2b6737b982c1', 'chunk_index': 0, 'text_length': 223, 'start_char_idx': 0, 'end_char_idx': 223, 'triplet_source_id': 'dbc68575-daaa-4bbd-8ac7-2b6737b982c1'}, 'name': 'コンテキストメニュー', 'id': 'コンテキストメニュー'}, {'label': 'entity', 'embedding': None, 'properties': {'document_id': 'C:\\Users\\akiro\\workfolder\\imabari3dcad\\evoship\\EVOSHIP_HELP_FILES\\about_annotation_styles_list_dialog.html', 'source_path': 'C:\\Users\\akiro\\workfolder\\imabari3dcad\\evoship\\EVOSHIP_HELP_FILES\\about_annotation_styles_list_dialog.html', 'section_id': '948fca157e8e5cee99d571163057daa7a31b2157', 'title': '注記・寸法スタイル設定', 'section_heading': '注記スタイルの作成', 'section_level': 3, 'section_index': 2, 'last_modified': '2025-07-08T01:02:52+00:00', 'extracted_at': '2025-11-04T06:45:24+00:00', 'data_source': 'EVOSHIP_HELP_FILES', 'chunk_id': 'dbc68575-daaa-4bbd-8ac7-2b6737b982c1', 'chunk_index': 0, 'text_length': 223, 'start_char_idx': 0, 'end_char_idx': 223, 'triplet_source_id': 'dbc68575-daaa-4bbd-8ac7-2b6737b982c1'}, 'name': 'スタイル設定の追加', 'id': 'スタイル設定の追加'}, {'label': 'entity', 'embedding': None, 'properties': {'document_id': 'C:\\Users\\akiro\\workfolder\\imabari3dcad\\evoship\\EVOSHIP_HELP_FILES\\about_annotation_styles_list_dialog.html', 'source_path': 'C:\\Users\\akiro\\workfolder\\imabari3dcad\\evoship\\EVOSHIP_HELP_FILES\\about_annotation_styles_list_dialog.html', 'section_id': '948fca157e8e5cee99d571163057daa7a31b2157', 'title': '注記・寸法スタイル設定', 'section_heading': '注記スタイルの作成', 'section_level': 3, 'section_index': 2, 'last_modified': '2025-07-08T01:02:52+00:00', 'extracted_at': '2025-11-04T06:45:24+00:00', 'data_source': 'EVOSHIP_HELP_FILES', 'chunk_id': 'dbc68575-daaa-4bbd-8ac7-2b6737b982c1', 'chunk_index': 0, 'text_length': 223, 'start_char_idx': 0, 'end_char_idx': 223, 'triplet_source_id': 'dbc68575-daaa-4bbd-8ac7-2b6737b982c1'}, 'name': 'モデル内スケッチ図面保持注記スタイル', 'id': 'モデル内スケッチ図面保持注記スタイル'}, {'label': 'entity', 'embedding': None, 'properties': {'document_id': 'C:\\Users\\akiro\\workfolder\\imabari3dcad\\evoship\\EVOSHIP_HELP_FILES\\about_annotation_styles_list_dialog.html', 'source_path': 'C:\\Users\\akiro\\workfolder\\imabari3dcad\\evoship\\EVOSHIP_HELP_FILES\\about_annotation_styles_list_dialog.html', 'section_id': '948fca157e8e5cee99d571163057daa7a31b2157', 'title': '注記・寸法スタイル設定', 'section_heading': '注記スタイルの作成', 'section_level': 3, 'section_index': 2, 'last_modified': '2025-07-08T01:02:52+00:00', 'extracted_at': '2025-11-04T06:45:24+00:00', 'data_source': 'EVOSHIP_HELP_FILES', 'chunk_id': 'dbc68575-daaa-4bbd-8ac7-2b6737b982c1', 'chunk_index': 0, 'text_length': 223, 'start_char_idx': 0, 'end_char_idx': 223, 'triplet_source_id': 'dbc68575-daaa-4bbd-8ac7-2b6737b982c1'}, 'name': 'スタイル一覧', 'id': 'スタイル一覧'}, {'label': 'entity', 'embedding': None, 'properties': {'document_id': 'C:\\Users\\akiro\\workfolder\\imabari3dcad\\evoship\\EVOSHIP_HELP_FILES\\about_annotation_styles_list_dialog.html', 'source_path': 'C:\\Users\\akiro\\workfolder\\imabari3dcad\\evoship\\EVOSHIP_HELP_FILES\\about_annotation_styles_list_dialog.html', 'section_id': '948fca157e8e5cee99d571163057daa7a31b2157', 'title': '注記・寸法スタイル設定', 'section_heading': '注記スタイルの作成', 'section_level': 3, 'section_index': 2, 'last_modified': '2025-07-08T01:02:52+00:00', 'extracted_at': '2025-11-04T06:45:24+00:00', 'data_source': 'EVOSHIP_HELP_FILES', 'chunk_id': 'dbc68575-daaa-4bbd-8ac7-2b6737b982c1', 'chunk_index': 0, 'text_length': 223, 'start_char_idx': 0, 'end_char_idx': 223, 'triplet_source_id': 'dbc68575-daaa-4bbd-8ac7-2b6737b982c1'}, 'name': '注記スタイル', 'id': '注記スタイル'}, {'label': 'entity', 'embedding': None, 'properties': {'document_id': 'C:\\Users\\akiro\\workfolder\\imabari3dcad\\evoship\\EVOSHIP_HELP_FILES\\about_annotation_styles_list_dialog.html', 'source_path': 'C:\\Users\\akiro\\workfolder\\imabari3dcad\\evoship\\EVOSHIP_HELP_FILES\\about_annotation_styles_list_dialog.html', 'section_id': '948fca157e8e5cee99d571163057daa7a31b2157', 'title': '注記・寸法スタイル設定', 'section_heading': '注記スタイルの作成', 'section_level': 3, 'section_index': 2, 'last_modified': '2025-07-08T01:02:52+00:00', 'extracted_at': '2025-11-04T06:45:24+00:00', 'data_source': 'EVOSHIP_HELP_FILES', 'chunk_id': 'dbc68575-daaa-4bbd-8ac7-2b6737b982c1', 'chunk_index': 0, 'text_length': 223, 'start_char_idx': 0, 'end_char_idx': 223, 'triplet_source_id': 'dbc68575-daaa-4bbd-8ac7-2b6737b982c1'}, 'name': 'スタイル一覧', 'id': 'スタイル一覧'}, {'label': 'entity', 'embedding': None, 'properties': {'document_id': 'C:\\Users\\akiro\\workfolder\\imabari3dcad\\evoship\\EVOSHIP_HELP_FILES\\about_annotation_styles_list_dialog.html', 'source_path': 'C:\\Users\\akiro\\workfolder\\imabari3dcad\\evoship\\EVOSHIP_HELP_FILES\\about_annotation_styles_list_dialog.html', 'section_id': '948fca157e8e5cee99d571163057daa7a31b2157', 'title': '注記・寸法スタイル設定', 'section_heading': '注記スタイルの作成', 'section_level': 3, 'section_index': 2, 'last_modified': '2025-07-08T01:02:52+00:00', 'extracted_at': '2025-11-04T06:45:24+00:00', 'data_source': 'EVOSHIP_HELP_FILES', 'chunk_id': 'dbc68575-daaa-4bbd-8ac7-2b6737b982c1', 'chunk_index': 0, 'text_length': 223, 'start_char_idx': 0, 'end_char_idx': 223, 'triplet_source_id': 'dbc68575-daaa-4bbd-8ac7-2b6737b982c1'}, 'name': 'スタイル設定（コピー）追加', 'id': 'スタイル設定（コピー）追加'}, {'label': 'entity', 'embedding': None, 'properties': {'document_id': 'C:\\Users\\akiro\\workfolder\\imabari3dcad\\evoship\\EVOSHIP_HELP_FILES\\about_annotation_styles_list_dialog.html', 'source_path': 'C:\\Users\\akiro\\workfolder\\imabari3dcad\\evoship\\EVOSHIP_HELP_FILES\\about_annotation_styles_list_dialog.html', 'section_id': '948fca157e8e5cee99d571163057daa7a31b2157', 'title': '注記・寸法スタイル設定', 'section_heading': '注記スタイルの作成', 'section_level': 3, 'section_index': 2, 'last_modified': '2025-07-08T01:02:52+00:00', 'extracted_at': '2025-11-04T06:45:24+00:00', 'data_source': 'EVOSHIP_HELP_FILES', 'chunk_id': 'dbc68575-daaa-4bbd-8ac7-2b6737b982c1', 'chunk_index': 0, 'text_length': 223, 'start_char_idx': 0, 'end_char_idx': 223, 'triplet_source_id': 'dbc68575-daaa-4bbd-8ac7-2b6737b982c1'}, 'name': '新しいスタイル作成', 'id': '新しいスタイル作成'}, {'label': 'HelpDocument', 'embedding': None, 'properties': {'document_id': 'C:\\Users\\akiro\\workfolder\\imabari3dcad\\evoship\\EVOSHIP_HELP_FILES\\about_annotation_styles_list_dialog.html', 'source_path': 'C:\\Users\\akiro\\workfolder\\imabari3dcad\\evoship\\EVOSHIP_HELP_FILES\\about_annotation_styles_list_dialog.html', 'title': '注記・寸法スタイル設定', 'headings': ['注記・寸法スタイル設定', '注記スタイルの管理', '注記スタイルの作成', '適用ずみスタイルの更新'], 'section_count': 4, 'last_modified': '2025-07-08T01:02:52+00:00', 'extracted_at': '2025-11-04T06:45:24+00:00', 'data_source': 'EVOSHIP_HELP_FILES', 'triplet_source_id': 'cba0f053-1cd6-41ea-9f31-18cd047f3901'}, 'name': 'C:\\Users\\akiro\\workfolder\\imabari3dcad\\evoship\\EVOSHIP_HELP_FILES\\about_annotation_styles_list_dialog.html', 'id': 'C:\\Users\\akiro\\workfolder\\imabari3dcad\\evoship\\EVOSHIP_HELP_FILES\\about_annotation_styles_list_dialog.html'}, {'label': 'HelpSection', 'embedding': None, 'properties': {'section_id': '20282e22440d39595fb32550c039519844363c95', 'document_id': 'C:\\Users\\akiro\\workfolder\\imabari3dcad\\evoship\\EVOSHIP_HELP_FILES\\about_annotation_styles_list_dialog.html', 'source_path': 'C:\\Users\\akiro\\workfolder\\imabari3dcad\\evoship\\EVOSHIP_HELP_FILES\\about_annotation_styles_list_dialog.html', 'title': '注記・寸法スタイル設定', 'section_heading': '適用ずみスタイルの更新', 'section_level': 3, 'section_index': 3, 'last_modified': '2025-07-08T01:02:52+00:00', 'extracted_at': '2025-11-04T06:45:24+00:00', 'data_source': 'EVOSHIP_HELP_FILES', 'triplet_source_id': 'cba0f053-1cd6-41ea-9f31-18cd047f3901'}, 'name': '20282e22440d39595fb32550c039519844363c95', 'id': '20282e22440d39595fb32550c039519844363c95'}, {'label': 'entity', 'embedding': None, 'properties': {'document_id': 'C:\\Users\\akiro\\workfolder\\imabari3dcad\\evoship\\EVOSHIP_HELP_FILES\\about_annotation_styles_list_dialog.html', 'source_path': 'C:\\Users\\akiro\\workfolder\\imabari3dcad\\evoship\\EVOSHIP_HELP_FILES\\about_annotation_styles_list_dialog.html', 'section_id': '20282e22440d39595fb32550c039519844363c95', 'title': '注記・寸法スタイル設定', 'section_heading': '適用ずみスタイルの更新', 'section_level': 3, 'section_index': 3, 'last_modified': '2025-07-08T01:02:52+00:00', 'extracted_at': '2025-11-04T06:45:24+00:00', 'data_source': 'EVOSHIP_HELP_FILES', 'chunk_id': 'cba0f053-1cd6-41ea-9f31-18cd047f3901', 'chunk_index': 0, 'text_length': 250, 'start_char_idx': 0, 'end_char_idx': 250, 'triplet_source_id': 'cba0f053-1cd6-41ea-9f31-18cd047f3901'}, 'name': 'Model update button', 'id': 'Model update button'}, {'label': 'entity', 'embedding': None, 'properties': {'document_id': 'C:\\Users\\akiro\\workfolder\\imabari3dcad\\evoship\\EVOSHIP_HELP_FILES\\about_annotation_styles_list_dialog.html', 'source_path': 'C:\\Users\\akiro\\workfolder\\imabari3dcad\\evoship\\EVOSHIP_HELP_FILES\\about_annotation_styles_list_dialog.html', 'section_id': '20282e22440d39595fb32550c039519844363c95', 'title': '注記・寸法スタイル設定', 'section_heading': '適用ずみスタイルの更新', 'section_level': 3, 'section_index': 3, 'last_modified': '2025-07-08T01:02:52+00:00', 'extracted_at': '2025-11-04T06:45:24+00:00', 'data_source': 'EVOSHIP_HELP_FILES', 'chunk_id': 'cba0f053-1cd6-41ea-9f31-18cd047f3901', 'chunk_index': 0, 'text_length': 250, 'start_char_idx': 0, 'end_char_idx': 250, 'triplet_source_id': 'cba0f053-1cd6-41ea-9f31-18cd047f3901'}, 'name': 'Overwrite applied styles with system settings', 'id': 'Overwrite applied styles with system settings'}, {'label': 'entity', 'embedding': None, 'properties': {'document_id': 'C:\\Users\\akiro\\workfolder\\imabari3dcad\\evoship\\EVOSHIP_HELP_FILES\\about_annotation_styles_list_dialog.html', 'source_path': 'C:\\Users\\akiro\\workfolder\\imabari3dcad\\evoship\\EVOSHIP_HELP_FILES\\about_annotation_styles_list_dialog.html', 'section_id': '20282e22440d39595fb32550c039519844363c95', 'title': '注記・寸法スタイル設定', 'section_heading': '適用ずみスタイルの更新', 'section_level': 3, 'section_index': 3, 'last_modified': '2025-07-08T01:02:52+00:00', 'extracted_at': '2025-11-04T06:45:24+00:00', 'data_source': 'EVOSHIP_HELP_FILES', 'chunk_id': 'cba0f053-1cd6-41ea-9f31-18cd047f3901', 'chunk_index': 0, 'text_length': 250, 'start_char_idx': 0, 'end_char_idx': 250, 'triplet_source_id': 'cba0f053-1cd6-41ea-9f31-18cd047f3901'}, 'name': 'Note & dimension style settings window', 'id': 'Note & dimension style settings window'}, {'label': 'entity', 'embedding': None, 'properties': {'document_id': 'C:\\Users\\akiro\\workfolder\\imabari3dcad\\evoship\\EVOSHIP_HELP_FILES\\about_annotation_styles_list_dialog.html', 'source_path': 'C:\\Users\\akiro\\workfolder\\imabari3dcad\\evoship\\EVOSHIP_HELP_FILES\\about_annotation_styles_list_dialog.html', 'section_id': '20282e22440d39595fb32550c039519844363c95', 'title': '注記・寸法スタイル設定', 'section_heading': '適用ずみスタイルの更新', 'section_level': 3, 'section_index': 3, 'last_modified': '2025-07-08T01:02:52+00:00', 'extracted_at': '2025-11-04T06:45:24+00:00', 'data_source': 'EVOSHIP_HELP_FILES', 'chunk_id': 'cba0f053-1cd6-41ea-9f31-18cd047f3901', 'chunk_index': 0, 'text_length': 250, 'start_char_idx': 0, 'end_char_idx': 250, 'triplet_source_id': 'cba0f053-1cd6-41ea-9f31-18cd047f3901'}, 'name': 'Styles saved as system settings', 'id': 'Styles saved as system settings'}, {'label': 'entity', 'embedding': None, 'properties': {'document_id': 'C:\\Users\\akiro\\workfolder\\imabari3dcad\\evoship\\EVOSHIP_HELP_FILES\\about_annotation_styles_list_dialog.html', 'source_path': 'C:\\Users\\akiro\\workfolder\\imabari3dcad\\evoship\\EVOSHIP_HELP_FILES\\about_annotation_styles_list_dialog.html', 'section_id': '20282e22440d39595fb32550c039519844363c95', 'title': '注記・寸法スタイル設定', 'section_heading': '適用ずみスタイルの更新', 'section_level': 3, 'section_index': 3, 'last_modified': '2025-07-08T01:02:52+00:00', 'extracted_at': '2025-11-04T06:45:24+00:00', 'data_source': 'EVOSHIP_HELP_FILES', 'chunk_id': 'cba0f053-1cd6-41ea-9f31-18cd047f3901', 'chunk_index': 0, 'text_length': 250, 'start_char_idx': 0, 'end_char_idx': 250, 'triplet_source_id': 'cba0f053-1cd6-41ea-9f31-18cd047f3901'}, 'name': 'Same-name style in sketch or drawing', 'id': 'Same-name style in sketch or drawing'}, {'label': 'entity', 'embedding': None, 'properties': {'document_id': 'C:\\Users\\akiro\\workfolder\\imabari3dcad\\evoship\\EVOSHIP_HELP_FILES\\about_annotation_styles_list_dialog.html', 'source_path': 'C:\\Users\\akiro\\workfolder\\imabari3dcad\\evoship\\EVOSHIP_HELP_FILES\\about_annotation_styles_list_dialog.html', 'section_id': '20282e22440d39595fb32550c039519844363c95', 'title': '注記・寸法スタイル設定', 'section_heading': '適用ずみスタイルの更新', 'section_level': 3, 'section_index': 3, 'last_modified': '2025-07-08T01:02:52+00:00', 'extracted_at': '2025-11-04T06:45:24+00:00', 'data_source': 'EVOSHIP_HELP_FILES', 'chunk_id': 'cba0f053-1cd6-41ea-9f31-18cd047f3901', 'chunk_index': 0, 'text_length': 250, 'start_char_idx': 0, 'end_char_idx': 250, 'triplet_source_id': 'cba0f053-1cd6-41ea-9f31-18cd047f3901'}, 'name': 'System setting style', 'id': 'System setting style'}, {'label': 'entity', 'embedding': None, 'properties': {'document_id': 'C:\\Users\\akiro\\workfolder\\imabari3dcad\\evoship\\EVOSHIP_HELP_FILES\\about_annotation_styles_list_dialog.html', 'source_path': 'C:\\Users\\akiro\\workfolder\\imabari3dcad\\evoship\\EVOSHIP_HELP_FILES\\about_annotation_styles_list_dialog.html', 'section_id': '20282e22440d39595fb32550c039519844363c95', 'title': '注記・寸法スタイル設定', 'section_heading': '適用ずみスタイルの更新', 'section_level': 3, 'section_index': 3, 'last_modified': '2025-07-08T01:02:52+00:00', 'extracted_at': '2025-11-04T06:45:24+00:00', 'data_source': 'EVOSHIP_HELP_FILES', 'chunk_id': 'cba0f053-1cd6-41ea-9f31-18cd047f3901', 'chunk_index': 0, 'text_length': 250, 'start_char_idx': 0, 'end_char_idx': 250, 'triplet_source_id': 'cba0f053-1cd6-41ea-9f31-18cd047f3901'}, 'name': 'Multiple same-name styles in style list', 'id': 'Multiple same-name styles in style list'}, {'label': 'entity', 'embedding': None, 'properties': {'document_id': 'C:\\Users\\akiro\\workfolder\\imabari3dcad\\evoship\\EVOSHIP_HELP_FILES\\about_annotation_styles_list_dialog.html', 'source_path': 'C:\\Users\\akiro\\workfolder\\imabari3dcad\\evoship\\EVOSHIP_HELP_FILES\\about_annotation_styles_list_dialog.html', 'section_id': '20282e22440d39595fb32550c039519844363c95', 'title': '注記・寸法スタイル設定', 'section_heading': '適用ずみスタイルの更新', 'section_level': 3, 'section_index': 3, 'last_modified': '2025-07-08T01:02:52+00:00', 'extracted_at': '2025-11-04T06:45:24+00:00', 'data_source': 'EVOSHIP_HELP_FILES', 'chunk_id': 'cba0f053-1cd6-41ea-9f31-18cd047f3901', 'chunk_index': 0, 'text_length': 250, 'start_char_idx': 0, 'end_char_idx': 250, 'triplet_source_id': 'cba0f053-1cd6-41ea-9f31-18cd047f3901'}, 'name': 'Only one overwritten', 'id': 'Only one overwritten'}, {'label': 'HelpDocument', 'embedding': None, 'properties': {'document_id': 'C:\\Users\\akiro\\workfolder\\imabari3dcad\\evoship\\EVOSHIP_HELP_FILES\\about_body.html', 'source_path': 'C:\\Users\\akiro\\workfolder\\imabari3dcad\\evoship\\EVOSHIP_HELP_FILES\\about_body.html', 'title': 'ボディ', 'headings': ['ボディ'], 'section_count': 1, 'last_modified': '2025-07-08T01:02:52+00:00', 'extracted_at': '2025-11-04T06:45:24+00:00', 'data_source': 'EVOSHIP_HELP_FILES', 'triplet_source_id': '2b36d62a-b64f-44ec-bdb4-c54485cde2eb'}, 'name': 'C:\\Users\\akiro\\workfolder\\imabari3dcad\\evoship\\EVOSHIP_HELP_FILES\\about_body.html', 'id': 'C:\\Users\\akiro\\workfolder\\imabari3dcad\\evoship\\EVOSHIP_HELP_FILES\\about_body.html'}, {'label': 'HelpSection', 'embedding': None, 'properties': {'section_id': '4478152f881537f1e6b3bb012fe2a0bf3725bf2e', 'document_id': 'C:\\Users\\akiro\\workfolder\\imabari3dcad\\evoship\\EVOSHIP_HELP_FILES\\about_body.html', 'source_path': 'C:\\Users\\akiro\\workfolder\\imabari3dcad\\evoship\\EVOSHIP_HELP_FILES\\about_body.html', 'title': 'ボディ', 'section_heading': 'ボディ', 'section_level': 2, 'section_index': 0, 'last_modified': '2025-07-08T01:02:52+00:00', 'extracted_at': '2025-11-04T06:45:24+00:00', 'data_source': 'EVOSHIP_HELP_FILES', 'triplet_source_id': '2b36d62a-b64f-44ec-bdb4-c54485cde2eb'}, 'name': '4478152f881537f1e6b3bb012fe2a0bf3725bf2e', 'id': '4478152f881537f1e6b3bb012fe2a0bf3725bf2e'}, {'label': 'entity', 'embedding': None, 'properties': {'document_id': 'C:\\Users\\akiro\\workfolder\\imabari3dcad\\evoship\\EVOSHIP_HELP_FILES\\about_body.html', 'source_path': 'C:\\Users\\akiro\\workfolder\\imabari3dcad\\evoship\\EVOSHIP_HELP_FILES\\about_body.html', 'section_id': '4478152f881537f1e6b3bb012fe2a0bf3725bf2e', 'title': 'ボディ', 'section_heading': 'ボディ', 'section_level': 2, 'section_index': 0, 'last_modified': '2025-07-08T01:02:52+00:00', 'extracted_at': '2025-11-04T06:45:24+00:00', 'data_source': 'EVOSHIP_HELP_FILES', 'chunk_id': '2b36d62a-b64f-44ec-bdb4-c54485cde2eb', 'chunk_index': 0, 'text_length': 250, 'start_char_idx': 0, 'end_char_idx': 250, 'triplet_source_id': '2b36d62a-b64f-44ec-bdb4-c54485cde2eb'}, 'name': 'Body', 'id': 'Body'}, {'label': 'entity', 'embedding': None, 'properties': {'document_id': 'C:\\Users\\akiro\\workfolder\\imabari3dcad\\evoship\\EVOSHIP_HELP_FILES\\about_body.html', 'source_path': 'C:\\Users\\akiro\\workfolder\\imabari3dcad\\evoship\\EVOSHIP_HELP_FILES\\about_body.html', 'section_id': '4478152f881537f1e6b3bb012fe2a0bf3725bf2e', 'title': 'ボディ', 'section_heading': 'ボディ', 'section_level': 2, 'section_index': 0, 'last_modified': '2025-07-08T01:02:52+00:00', 'extracted_at': '2025-11-04T06:45:24+00:00', 'data_source': 'EVOSHIP_HELP_FILES', 'chunk_id': '2b36d62a-b64f-44ec-bdb4-c54485cde2eb', 'chunk_index': 0, 'text_length': 250, 'start_char_idx': 0, 'end_char_idx': 250, 'triplet_source_id': '2b36d62a-b64f-44ec-bdb4-c54485cde2eb'}, 'name': 'Solid body', 'id': 'Solid body'}, {'label': 'entity', 'embedding': None, 'properties': {'document_id': 'C:\\Users\\akiro\\workfolder\\imabari3dcad\\evoship\\EVOSHIP_HELP_FILES\\about_body.html', 'source_path': 'C:\\Users\\akiro\\workfolder\\imabari3dcad\\evoship\\EVOSHIP_HELP_FILES\\about_body.html', 'section_id': '4478152f881537f1e6b3bb012fe2a0bf3725bf2e', 'title': 'ボディ', 'section_heading': 'ボディ', 'section_level': 2, 'section_index': 0, 'last_modified': '2025-07-08T01:02:52+00:00', 'extracted_at': '2025-11-04T06:45:24+00:00', 'data_source': 'EVOSHIP_HELP_FILES', 'chunk_id': '2b36d62a-b64f-44ec-bdb4-c54485cde2eb', 'chunk_index': 0, 'text_length': 250, 'start_char_idx': 0, 'end_char_idx': 250, 'triplet_source_id': '2b36d62a-b64f-44ec-bdb4-c54485cde2eb'}, 'name': 'Body', 'id': 'Body'}, {'label': 'entity', 'embedding': None, 'properties': {'document_id': 'C:\\Users\\akiro\\workfolder\\imabari3dcad\\evoship\\EVOSHIP_HELP_FILES\\about_body.html', 'source_path': 'C:\\Users\\akiro\\workfolder\\imabari3dcad\\evoship\\EVOSHIP_HELP_FILES\\about_body.html', 'section_id': '4478152f881537f1e6b3bb012fe2a0bf3725bf2e', 'title': 'ボディ', 'section_heading': 'ボディ', 'section_level': 2, 'section_index': 0, 'last_modified': '2025-07-08T01:02:52+00:00', 'extracted_at': '2025-11-04T06:45:24+00:00', 'data_source': 'EVOSHIP_HELP_FILES', 'chunk_id': '2b36d62a-b64f-44ec-bdb4-c54485cde2eb', 'chunk_index': 0, 'text_length': 250, 'start_char_idx': 0, 'end_char_idx': 250, 'triplet_source_id': '2b36d62a-b64f-44ec-bdb4-c54485cde2eb'}, 'name': 'Sheet body', 'id': 'Sheet body'}, {'label': 'entity', 'embedding': None, 'properties': {'document_id': 'C:\\Users\\akiro\\workfolder\\imabari3dcad\\evoship\\EVOSHIP_HELP_FILES\\about_body.html', 'source_path': 'C:\\Users\\akiro\\workfolder\\imabari3dcad\\evoship\\EVOSHIP_HELP_FILES\\about_body.html', 'section_id': '4478152f881537f1e6b3bb012fe2a0bf3725bf2e', 'title': 'ボディ', 'section_heading': 'ボディ', 'section_level': 2, 'section_index': 0, 'last_modified': '2025-07-08T01:02:52+00:00', 'extracted_at': '2025-11-04T06:45:24+00:00', 'data_source': 'EVOSHIP_HELP_FILES', 'chunk_id': '2b36d62a-b64f-44ec-bdb4-c54485cde2eb', 'chunk_index': 0, 'text_length': 250, 'start_char_idx': 0, 'end_char_idx': 250, 'triplet_source_id': '2b36d62a-b64f-44ec-bdb4-c54485cde2eb'}, 'name': 'Body', 'id': 'Body'}, {'label': 'entity', 'embedding': None, 'properties': {'document_id': 'C:\\Users\\akiro\\workfolder\\imabari3dcad\\evoship\\EVOSHIP_HELP_FILES\\about_body.html', 'source_path': 'C:\\Users\\akiro\\workfolder\\imabari3dcad\\evoship\\EVOSHIP_HELP_FILES\\about_body.html', 'section_id': '4478152f881537f1e6b3bb012fe2a0bf3725bf2e', 'title': 'ボディ', 'section_heading': 'ボディ', 'section_level': 2, 'section_index': 0, 'last_modified': '2025-07-08T01:02:52+00:00', 'extracted_at': '2025-11-04T06:45:24+00:00', 'data_source': 'EVOSHIP_HELP_FILES', 'chunk_id': '2b36d62a-b64f-44ec-bdb4-c54485cde2eb', 'chunk_index': 0, 'text_length': 250, 'start_char_idx': 0, 'end_char_idx': 250, 'triplet_source_id': '2b36d62a-b64f-44ec-bdb4-c54485cde2eb'}, 'name': 'Feature', 'id': 'Feature'}, {'label': 'entity', 'embedding': None, 'properties': {'document_id': 'C:\\Users\\akiro\\workfolder\\imabari3dcad\\evoship\\EVOSHIP_HELP_FILES\\about_body.html', 'source_path': 'C:\\Users\\akiro\\workfolder\\imabari3dcad\\evoship\\EVOSHIP_HELP_FILES\\about_body.html', 'section_id': '4478152f881537f1e6b3bb012fe2a0bf3725bf2e', 'title': 'ボディ', 'section_heading': 'ボディ', 'section_level': 2, 'section_index': 0, 'last_modified': '2025-07-08T01:02:52+00:00', 'extracted_at': '2025-11-04T06:45:24+00:00', 'data_source': 'EVOSHIP_HELP_FILES', 'chunk_id': '2b36d62a-b64f-44ec-bdb4-c54485cde2eb', 'chunk_index': 0, 'text_length': 250, 'start_char_idx': 0, 'end_char_idx': 250, 'triplet_source_id': '2b36d62a-b64f-44ec-bdb4-c54485cde2eb'}, 'name': 'Body', 'id': 'Body'}, {'label': 'entity', 'embedding': None, 'properties': {'document_id': 'C:\\Users\\akiro\\workfolder\\imabari3dcad\\evoship\\EVOSHIP_HELP_FILES\\about_body.html', 'source_path': 'C:\\Users\\akiro\\workfolder\\imabari3dcad\\evoship\\EVOSHIP_HELP_FILES\\about_body.html', 'section_id': '4478152f881537f1e6b3bb012fe2a0bf3725bf2e', 'title': 'ボディ', 'section_heading': 'ボディ', 'section_level': 2, 'section_index': 0, 'last_modified': '2025-07-08T01:02:52+00:00', 'extracted_at': '2025-11-04T06:45:24+00:00', 'data_source': 'EVOSHIP_HELP_FILES', 'chunk_id': '2b36d62a-b64f-44ec-bdb4-c54485cde2eb', 'chunk_index': 0, 'text_length': 250, 'start_char_idx': 0, 'end_char_idx': 250, 'triplet_source_id': '2b36d62a-b64f-44ec-bdb4-c54485cde2eb'}, 'name': '3d model', 'id': '3d model'}, {'label': 'entity', 'embedding': None, 'properties': {'document_id': 'C:\\Users\\akiro\\workfolder\\imabari3dcad\\evoship\\EVOSHIP_HELP_FILES\\about_body.html', 'source_path': 'C:\\Users\\akiro\\workfolder\\imabari3dcad\\evoship\\EVOSHIP_HELP_FILES\\about_body.html', 'section_id': '4478152f881537f1e6b3bb012fe2a0bf3725bf2e', 'title': 'ボディ', 'section_heading': 'ボディ', 'section_level': 2, 'section_index': 0, 'last_modified': '2025-07-08T01:02:52+00:00', 'extracted_at': '2025-11-04T06:45:24+00:00', 'data_source': 'EVOSHIP_HELP_FILES', 'chunk_id': '2b36d62a-b64f-44ec-bdb4-c54485cde2eb', 'chunk_index': 0, 'text_length': 250, 'start_char_idx': 0, 'end_char_idx': 250, 'triplet_source_id': '2b36d62a-b64f-44ec-bdb4-c54485cde2eb'}, 'name': 'Body', 'id': 'Body'}, {'label': 'entity', 'embedding': None, 'properties': {'document_id': 'C:\\Users\\akiro\\workfolder\\imabari3dcad\\evoship\\EVOSHIP_HELP_FILES\\about_body.html', 'source_path': 'C:\\Users\\akiro\\workfolder\\imabari3dcad\\evoship\\EVOSHIP_HELP_FILES\\about_body.html', 'section_id': '4478152f881537f1e6b3bb012fe2a0bf3725bf2e', 'title': 'ボディ', 'section_heading': 'ボディ', 'section_level': 2, 'section_index': 0, 'last_modified': '2025-07-08T01:02:52+00:00', 'extracted_at': '2025-11-04T06:45:24+00:00', 'data_source': 'EVOSHIP_HELP_FILES', 'chunk_id': '2b36d62a-b64f-44ec-bdb4-c54485cde2eb', 'chunk_index': 0, 'text_length': 250, 'start_char_idx': 0, 'end_char_idx': 250, 'triplet_source_id': '2b36d62a-b64f-44ec-bdb4-c54485cde2eb'}, 'name': 'Drawing documents', 'id': 'Drawing documents'}, {'label': 'entity', 'embedding': None, 'properties': {'document_id': 'C:\\Users\\akiro\\workfolder\\imabari3dcad\\evoship\\EVOSHIP_HELP_FILES\\about_body.html', 'source_path': 'C:\\Users\\akiro\\workfolder\\imabari3dcad\\evoship\\EVOSHIP_HELP_FILES\\about_body.html', 'section_id': '4478152f881537f1e6b3bb012fe2a0bf3725bf2e', 'title': 'ボディ', 'section_heading': 'ボディ', 'section_level': 2, 'section_index': 0, 'last_modified': '2025-07-08T01:02:52+00:00', 'extracted_at': '2025-11-04T06:45:24+00:00', 'data_source': 'EVOSHIP_HELP_FILES', 'chunk_id': '2b36d62a-b64f-44ec-bdb4-c54485cde2eb', 'chunk_index': 0, 'text_length': 250, 'start_char_idx': 0, 'end_char_idx': 250, 'triplet_source_id': '2b36d62a-b64f-44ec-bdb4-c54485cde2eb'}, 'name': 'Body', 'id': 'Body'}, {'label': 'entity', 'embedding': None, 'properties': {'document_id': 'C:\\Users\\akiro\\workfolder\\imabari3dcad\\evoship\\EVOSHIP_HELP_FILES\\about_body.html', 'source_path': 'C:\\Users\\akiro\\workfolder\\imabari3dcad\\evoship\\EVOSHIP_HELP_FILES\\about_body.html', 'section_id': '4478152f881537f1e6b3bb012fe2a0bf3725bf2e', 'title': 'ボディ', 'section_heading': 'ボディ', 'section_level': 2, 'section_index': 0, 'last_modified': '2025-07-08T01:02:52+00:00', 'extracted_at': '2025-11-04T06:45:24+00:00', 'data_source': 'EVOSHIP_HELP_FILES', 'chunk_id': '2b36d62a-b64f-44ec-bdb4-c54485cde2eb', 'chunk_index': 0, 'text_length': 250, 'start_char_idx': 0, 'end_char_idx': 250, 'triplet_source_id': '2b36d62a-b64f-44ec-bdb4-c54485cde2eb'}, 'name': 'Work body', 'id': 'Work body'}, {'label': 'entity', 'embedding': None, 'properties': {'document_id': 'C:\\Users\\akiro\\workfolder\\imabari3dcad\\evoship\\EVOSHIP_HELP_FILES\\about_body.html', 'source_path': 'C:\\Users\\akiro\\workfolder\\imabari3dcad\\evoship\\EVOSHIP_HELP_FILES\\about_body.html', 'section_id': '4478152f881537f1e6b3bb012fe2a0bf3725bf2e', 'title': 'ボディ', 'section_heading': 'ボディ', 'section_level': 2, 'section_index': 0, 'last_modified': '2025-07-08T01:02:52+00:00', 'extracted_at': '2025-11-04T06:45:24+00:00', 'data_source': 'EVOSHIP_HELP_FILES', 'chunk_id': '2b36d62a-b64f-44ec-bdb4-c54485cde2eb', 'chunk_index': 0, 'text_length': 250, 'start_char_idx': 0, 'end_char_idx': 250, 'triplet_source_id': '2b36d62a-b64f-44ec-bdb4-c54485cde2eb'}, 'name': 'Feature', 'id': 'Feature'}, {'label': 'entity', 'embedding': None, 'properties': {'document_id': 'C:\\Users\\akiro\\workfolder\\imabari3dcad\\evoship\\EVOSHIP_HELP_FILES\\about_body.html', 'source_path': 'C:\\Users\\akiro\\workfolder\\imabari3dcad\\evoship\\EVOSHIP_HELP_FILES\\about_body.html', 'section_id': '4478152f881537f1e6b3bb012fe2a0bf3725bf2e', 'title': 'ボディ', 'section_heading': 'ボディ', 'section_level': 2, 'section_index': 0, 'last_modified': '2025-07-08T01:02:52+00:00', 'extracted_at': '2025-11-04T06:45:24+00:00', 'data_source': 'EVOSHIP_HELP_FILES', 'chunk_id': '2b36d62a-b64f-44ec-bdb4-c54485cde2eb', 'chunk_index': 0, 'text_length': 250, 'start_char_idx': 0, 'end_char_idx': 250, 'triplet_source_id': '2b36d62a-b64f-44ec-bdb4-c54485cde2eb'}, 'name': 'Work body', 'id': 'Work body'}, {'label': 'entity', 'embedding': None, 'properties': {'document_id': 'C:\\Users\\akiro\\workfolder\\imabari3dcad\\evoship\\EVOSHIP_HELP_FILES\\about_body.html', 'source_path': 'C:\\Users\\akiro\\workfolder\\imabari3dcad\\evoship\\EVOSHIP_HELP_FILES\\about_body.html', 'section_id': '4478152f881537f1e6b3bb012fe2a0bf3725bf2e', 'title': 'ボディ', 'section_heading': 'ボディ', 'section_level': 2, 'section_index': 0, 'last_modified': '2025-07-08T01:02:52+00:00', 'extracted_at': '2025-11-04T06:45:24+00:00', 'data_source': 'EVOSHIP_HELP_FILES', 'chunk_id': '2b36d62a-b64f-44ec-bdb4-c54485cde2eb', 'chunk_index': 0, 'text_length': 250, 'start_char_idx': 0, 'end_char_idx': 250, 'triplet_source_id': '2b36d62a-b64f-44ec-bdb4-c54485cde2eb'}, 'name': 'Solid body', 'id': 'Solid body'}, {'label': 'entity', 'embedding': None, 'properties': {'document_id': 'C:\\Users\\akiro\\workfolder\\imabari3dcad\\evoship\\EVOSHIP_HELP_FILES\\about_body.html', 'source_path': 'C:\\Users\\akiro\\workfolder\\imabari3dcad\\evoship\\EVOSHIP_HELP_FILES\\about_body.html', 'section_id': '4478152f881537f1e6b3bb012fe2a0bf3725bf2e', 'title': 'ボディ', 'section_heading': 'ボディ', 'section_level': 2, 'section_index': 0, 'last_modified': '2025-07-08T01:02:52+00:00', 'extracted_at': '2025-11-04T06:45:24+00:00', 'data_source': 'EVOSHIP_HELP_FILES', 'chunk_id': '2b36d62a-b64f-44ec-bdb4-c54485cde2eb', 'chunk_index': 0, 'text_length': 250, 'start_char_idx': 0, 'end_char_idx': 250, 'triplet_source_id': '2b36d62a-b64f-44ec-bdb4-c54485cde2eb'}, 'name': 'Material', 'id': 'Material'}, {'label': 'entity', 'embedding': None, 'properties': {'document_id': 'C:\\Users\\akiro\\workfolder\\imabari3dcad\\evoship\\EVOSHIP_HELP_FILES\\about_body.html', 'source_path': 'C:\\Users\\akiro\\workfolder\\imabari3dcad\\evoship\\EVOSHIP_HELP_FILES\\about_body.html', 'section_id': '4478152f881537f1e6b3bb012fe2a0bf3725bf2e', 'title': 'ボディ', 'section_heading': 'ボディ', 'section_level': 2, 'section_index': 0, 'last_modified': '2025-07-08T01:02:52+00:00', 'extracted_at': '2025-11-04T06:45:24+00:00', 'data_source': 'EVOSHIP_HELP_FILES', 'chunk_id': '2b36d62a-b64f-44ec-bdb4-c54485cde2eb', 'chunk_index': 0, 'text_length': 250, 'start_char_idx': 0, 'end_char_idx': 250, 'triplet_source_id': '2b36d62a-b64f-44ec-bdb4-c54485cde2eb'}, 'name': 'Material', 'id': 'Material'}, {'label': 'entity', 'embedding': None, 'properties': {'document_id': 'C:\\Users\\akiro\\workfolder\\imabari3dcad\\evoship\\EVOSHIP_HELP_FILES\\about_body.html', 'source_path': 'C:\\Users\\akiro\\workfolder\\imabari3dcad\\evoship\\EVOSHIP_HELP_FILES\\about_body.html', 'section_id': '4478152f881537f1e6b3bb012fe2a0bf3725bf2e', 'title': 'ボディ', 'section_heading': 'ボディ', 'section_level': 2, 'section_index': 0, 'last_modified': '2025-07-08T01:02:52+00:00', 'extracted_at': '2025-11-04T06:45:24+00:00', 'data_source': 'EVOSHIP_HELP_FILES', 'chunk_id': '2b36d62a-b64f-44ec-bdb4-c54485cde2eb', 'chunk_index': 0, 'text_length': 250, 'start_char_idx': 0, 'end_char_idx': 250, 'triplet_source_id': '2b36d62a-b64f-44ec-bdb4-c54485cde2eb'}, 'name': 'Mass properties commands', 'id': 'Mass properties commands'}, {'label': 'entity', 'embedding': None, 'properties': {'document_id': 'C:\\Users\\akiro\\workfolder\\imabari3dcad\\evoship\\EVOSHIP_HELP_FILES\\about_body.html', 'source_path': 'C:\\Users\\akiro\\workfolder\\imabari3dcad\\evoship\\EVOSHIP_HELP_FILES\\about_body.html', 'section_id': '4478152f881537f1e6b3bb012fe2a0bf3725bf2e', 'title': 'ボディ', 'section_heading': 'ボディ', 'section_level': 2, 'section_index': 0, 'last_modified': '2025-07-08T01:02:52+00:00', 'extracted_at': '2025-11-04T06:45:24+00:00', 'data_source': 'EVOSHIP_HELP_FILES', 'chunk_id': '2b36d62a-b64f-44ec-bdb4-c54485cde2eb', 'chunk_index': 0, 'text_length': 250, 'start_char_idx': 0, 'end_char_idx': 250, 'triplet_source_id': '2b36d62a-b64f-44ec-bdb4-c54485cde2eb'}, 'name': 'Sheet body', 'id': 'Sheet body'}, {'label': 'entity', 'embedding': None, 'properties': {'document_id': 'C:\\Users\\akiro\\workfolder\\imabari3dcad\\evoship\\EVOSHIP_HELP_FILES\\about_body.html', 'source_path': 'C:\\Users\\akiro\\workfolder\\imabari3dcad\\evoship\\EVOSHIP_HELP_FILES\\about_body.html', 'section_id': '4478152f881537f1e6b3bb012fe2a0bf3725bf2e', 'title': 'ボディ', 'section_heading': 'ボディ', 'section_level': 2, 'section_index': 0, 'last_modified': '2025-07-08T01:02:52+00:00', 'extracted_at': '2025-11-04T06:45:24+00:00', 'data_source': 'EVOSHIP_HELP_FILES', 'chunk_id': '2b36d62a-b64f-44ec-bdb4-c54485cde2eb', 'chunk_index': 0, 'text_length': 250, 'start_char_idx': 0, 'end_char_idx': 250, 'triplet_source_id': '2b36d62a-b64f-44ec-bdb4-c54485cde2eb'}, 'name': 'Plane', 'id': 'Plane'}]} {}
2025-11-04 15:47:17,485 DEBUG neo4j.io: [#FC07]  C: PULL {'n': 1000}
2025-11-04 15:47:17,489 DEBUG neo4j.io: [#FC07]  S: SUCCESS {}
2025-11-04 15:47:17,489 DEBUG neo4j.io: [#FC07]  _: <CONNECTION> server state: READY > TX_READY_OR_TX_STREAMING
2025-11-04 15:47:17,904 DEBUG neo4j.io: [#FC07]  S: SUCCESS {'t_first': 415, 'fields': [], 'qid': 0}
2025-11-04 15:47:17,905 DEBUG neo4j.io: [#FC07]  S: SUCCESS {'stats': {'contains-updates': True, 'labels-added': 156, 'relationships-created': 84, 'nodes-created': 78, 'properties-set': 1762}, 'statuses': [{'gql_status': '00001', 'status_description': 'note: successful completion - omitted result'}], 'type': 'w', 't_last': 0, 'db': 'neo4j'}
2025-11-04 15:47:17,905 DEBUG neo4j.io: [#FC07]  C: COMMIT
2025-11-04 15:47:17,905 DEBUG neo4j.io: [#FC07]  _: <CONNECTION> client state: TX_READY_OR_TX_STREAMING > READY
2025-11-04 15:47:17,951 DEBUG neo4j.io: [#FC07]  S: SUCCESS {'bookmark': 'FB:kcwQKAEtB9jYQr+aRTiIhKLSIckC9pA='}
2025-11-04 15:47:17,951 DEBUG neo4j.io: [#FC07]  _: <CONNECTION> server state: TX_READY_OR_TX_STREAMING > READY
2025-11-04 15:47:17,951 DEBUG neo4j.pool: [#FC07]  _: <POOL> released bolt-178
2025-11-04 15:47:17,952 DEBUG neo4j: [#0000]  _: <WORKSPACE> routing towards fixed database: neo4j
2025-11-04 15:47:17,952 DEBUG neo4j: [#0000]  _: <WORKSPACE> pinning database: 'neo4j'
2025-11-04 15:47:17,952 DEBUG neo4j.pool: [#0000]  _: <POOL> acquire direct connection, access_mode='WRITE', database=AcquisitionDatabase(name='neo4j', guessed=False)
2025-11-04 15:47:17,952 DEBUG neo4j.pool: [#FC07]  _: <POOL> picked existing connection bolt-178
2025-11-04 15:47:17,952 DEBUG neo4j.pool: [#FC07]  _: <POOL> checked re_auth auth=None updated=False force=False
2025-11-04 15:47:17,952 DEBUG neo4j.pool: [#FC07]  _: <POOL> handing out existing connection
2025-11-04 15:47:17,952 DEBUG neo4j.io: [#FC07]  C: BEGIN {'db': 'neo4j', 'bookmarks': ['FB:kcwQKAEtB9jYQr+aRTiIhKLSIckC9pA=']}
2025-11-04 15:47:17,952 DEBUG neo4j.io: [#FC07]  _: <CONNECTION> client state: READY > TX_READY_OR_TX_STREAMING
2025-11-04 15:47:17,953 DEBUG neo4j.io: [#FC07]  C: RUN '\n                UNWIND $data AS row\n                MERGE (source: __Node__ {id: row.source_id})\n                ON CREATE SET source:Chunk\n                MERGE (target: __Node__ {id: row.target_id})\n                ON CREATE SET target:Chunk\n                WITH source, target, row\n                CALL apoc.merge.relationship(source, row.label, {}, row.properties, target) YIELD rel\n                RETURN count(*)\n                ' {'data': [{'label': 'HAS_SECTION', 'source_id': 'C:\\Users\\akiro\\workfolder\\imabari3dcad\\evoship\\EVOSHIP_HELP_FILES\\about_annotation.html', 'target_id': 'f7092eea43d2f61e7b46b5293ec05b46917e46b8', 'properties': {'data_source': 'EVOSHIP_HELP_FILES', 'triplet_source_id': '04243d63-8154-4447-970f-19e0df58b545'}}, {'label': 'HAS_CHUNK', 'source_id': 'C:\\Users\\akiro\\workfolder\\imabari3dcad\\evoship\\EVOSHIP_HELP_FILES\\about_annotation.html', 'target_id': '04243d63-8154-4447-970f-19e0df58b545', 'properties': {'data_source': 'EVOSHIP_HELP_FILES', 'section_id': 'f7092eea43d2f61e7b46b5293ec05b46917e46b8', 'chunk_index': 0, 'triplet_source_id': '04243d63-8154-4447-970f-19e0df58b545'}}, {'label': 'HAS_CHUNK', 'source_id': 'f7092eea43d2f61e7b46b5293ec05b46917e46b8', 'target_id': '04243d63-8154-4447-970f-19e0df58b545', 'properties': {'data_source': 'EVOSHIP_HELP_FILES', 'chunk_index': 0, 'triplet_source_id': '04243d63-8154-4447-970f-19e0df58b545'}}, {'label': 'Can_attach_to', 'source_id': 'Annotation', 'target_id': '3d_positions', 'properties': {'document_id': 'C:\\Users\\akiro\\workfolder\\imabari3dcad\\evoship\\EVOSHIP_HELP_FILES\\about_annotation.html', 'source_path': 'C:\\Users\\akiro\\workfolder\\imabari3dcad\\evoship\\EVOSHIP_HELP_FILES\\about_annotation.html', 'section_id': 'f7092eea43d2f61e7b46b5293ec05b46917e46b8', 'title': 'アノーテーション', 'section_heading': 'アノーテーション', 'section_level': 2, 'section_index': 0, 'last_modified': '2025-07-08T01:02:52+00:00', 'extracted_at': '2025-11-04T06:45:24+00:00', 'data_source': 'EVOSHIP_HELP_FILES', 'chunk_id': '04243d63-8154-4447-970f-19e0df58b545', 'chunk_index': 0, 'text_length': 36, 'start_char_idx': 0, 'end_char_idx': 36, 'triplet_source_id': '04243d63-8154-4447-970f-19e0df58b545'}}, {'label': 'Can_attach_to', 'source_id': 'Annotation', 'target_id': 'Elements', 'properties': {'document_id': 'C:\\Users\\akiro\\workfolder\\imabari3dcad\\evoship\\EVOSHIP_HELP_FILES\\about_annotation.html', 'source_path': 'C:\\Users\\akiro\\workfolder\\imabari3dcad\\evoship\\EVOSHIP_HELP_FILES\\about_annotation.html', 'section_id': 'f7092eea43d2f61e7b46b5293ec05b46917e46b8', 'title': 'アノーテーション', 'section_heading': 'アノーテーション', 'section_level': 2, 'section_index': 0, 'last_modified': '2025-07-08T01:02:52+00:00', 'extracted_at': '2025-11-04T06:45:24+00:00', 'data_source': 'EVOSHIP_HELP_FILES', 'chunk_id': '04243d63-8154-4447-970f-19e0df58b545', 'chunk_index': 0, 'text_length': 36, 'start_char_idx': 0, 'end_char_idx': 36, 'triplet_source_id': '04243d63-8154-4447-970f-19e0df58b545'}}, {'label': 'SOURCE', 'source_id': '04243d63-8154-4447-970f-19e0df58b545', 'target_id': 'f7092eea43d2f61e7b46b5293ec05b46917e46b8', 'properties': {'document_id': 'C:\\Users\\akiro\\workfolder\\imabari3dcad\\evoship\\EVOSHIP_HELP_FILES\\about_annotation.html', 'source_path': 'C:\\Users\\akiro\\workfolder\\imabari3dcad\\evoship\\EVOSHIP_HELP_FILES\\about_annotation.html', 'section_id': 'f7092eea43d2f61e7b46b5293ec05b46917e46b8', 'title': 'アノーテーション', 'section_heading': 'アノーテーション', 'section_level': 2, 'section_index': 0, 'last_modified': '2025-07-08T01:02:52+00:00', 'extracted_at': '2025-11-04T06:45:24+00:00', 'data_source': 'EVOSHIP_HELP_FILES', 'chunk_id': '04243d63-8154-4447-970f-19e0df58b545', 'chunk_index': 0, 'text_length': 36, 'start_char_idx': 0, 'end_char_idx': 36, 'triplet_source_id': '04243d63-8154-4447-970f-19e0df58b545'}}, {'label': 'HAS_SECTION', 'source_id': 'C:\\Users\\akiro\\workfolder\\imabari3dcad\\evoship\\EVOSHIP_HELP_FILES\\about_annotation_styles_list_dialog.html', 'target_id': '786c297220afb12a8df819d022353fa285b84116', 'properties': {'data_source': 'EVOSHIP_HELP_FILES', 'triplet_source_id': 'b6f65681-3396-4c2c-8527-a9a204f00150'}}, {'label': 'HAS_CHUNK', 'source_id': 'C:\\Users\\akiro\\workfolder\\imabari3dcad\\evoship\\EVOSHIP_HELP_FILES\\about_annotation_styles_list_dialog.html', 'target_id': 'b6f65681-3396-4c2c-8527-a9a204f00150', 'properties': {'data_source': 'EVOSHIP_HELP_FILES', 'section_id': '786c297220afb12a8df819d022353fa285b84116', 'chunk_index': 0, 'triplet_source_id': 'b6f65681-3396-4c2c-8527-a9a204f00150'}}, {'label': 'HAS_CHUNK', 'source_id': '786c297220afb12a8df819d022353fa285b84116', 'target_id': 'b6f65681-3396-4c2c-8527-a9a204f00150', 'properties': {'data_source': 'EVOSHIP_HELP_FILES', 'chunk_index': 0, 'triplet_source_id': 'b6f65681-3396-4c2c-8527-a9a204f00150'}}, {'label': 'Enables', 'source_id': 'Note/dimension style settings', 'target_id': 'Per-element parameter setting', 'properties': {'document_id': 'C:\\Users\\akiro\\workfolder\\imabari3dcad\\evoship\\EVOSHIP_HELP_FILES\\about_annotation_styles_list_dialog.html', 'source_path': 'C:\\Users\\akiro\\workfolder\\imabari3dcad\\evoship\\EVOSHIP_HELP_FILES\\about_annotation_styles_list_dialog.html', 'section_id': '786c297220afb12a8df819d022353fa285b84116', 'title': '注記・寸法スタイル設定', 'section_heading': '注記・寸法スタイル設定', 'section_level': 2, 'section_index': 0, 'last_modified': '2025-07-08T01:02:52+00:00', 'extracted_at': '2025-11-04T06:45:24+00:00', 'data_source': 'EVOSHIP_HELP_FILES', 'chunk_id': 'b6f65681-3396-4c2c-8527-a9a204f00150', 'chunk_index': 0, 'text_length': 570, 'start_char_idx': 0, 'end_char_idx': 570, 'triplet_source_id': 'b6f65681-3396-4c2c-8527-a9a204f00150'}}, {'label': 'Enables', 'source_id': 'Note/dimension style settings', 'target_id': 'Collective parameter setting in sketches-drawings', 'properties': {'document_id': 'C:\\Users\\akiro\\workfolder\\imabari3dcad\\evoship\\EVOSHIP_HELP_FILES\\about_annotation_styles_list_dialog.html', 'source_path': 'C:\\Users\\akiro\\workfolder\\imabari3dcad\\evoship\\EVOSHIP_HELP_FILES\\about_annotation_styles_list_dialog.html', 'section_id': '786c297220afb12a8df819d022353fa285b84116', 'title': '注記・寸法スタイル設定', 'section_heading': '注記・寸法スタイル設定', 'section_level': 2, 'section_index': 0, 'last_modified': '2025-07-08T01:02:52+00:00', 'extracted_at': '2025-11-04T06:45:24+00:00', 'data_source': 'EVOSHIP_HELP_FILES', 'chunk_id': 'b6f65681-3396-4c2c-8527-a9a204f00150', 'chunk_index': 0, 'text_length': 570, 'start_char_idx': 0, 'end_char_idx': 570, 'triplet_source_id': 'b6f65681-3396-4c2c-8527-a9a204f00150'}}, {'label': 'Called', 'source_id': 'Grouped parameters', 'target_id': 'Annotation style', 'properties': {'document_id': 'C:\\Users\\akiro\\workfolder\\imabari3dcad\\evoship\\EVOSHIP_HELP_FILES\\about_annotation_styles_list_dialog.html', 'source_path': 'C:\\Users\\akiro\\workfolder\\imabari3dcad\\evoship\\EVOSHIP_HELP_FILES\\about_annotation_styles_list_dialog.html', 'section_id': '786c297220afb12a8df819d022353fa285b84116', 'title': '注記・寸法スタイル設定', 'section_heading': '注記・寸法スタイル設定', 'section_level': 2, 'section_index': 0, 'last_modified': '2025-07-08T01:02:52+00:00', 'extracted_at': '2025-11-04T06:45:24+00:00', 'data_source': 'EVOSHIP_HELP_FILES', 'chunk_id': 'b6f65681-3396-4c2c-8527-a9a204f00150', 'chunk_index': 0, 'text_length': 570, 'start_char_idx': 0, 'end_char_idx': 570, 'triplet_source_id': 'b6f65681-3396-4c2c-8527-a9a204f00150'}}, {'label': 'Saved as', 'source_id': 'Annotation styles', 'target_id': 'System settings', 'properties': {'document_id': 'C:\\Users\\akiro\\workfolder\\imabari3dcad\\evoship\\EVOSHIP_HELP_FILES\\about_annotation_styles_list_dialog.html', 'source_path': 'C:\\Users\\akiro\\workfolder\\imabari3dcad\\evoship\\EVOSHIP_HELP_FILES\\about_annotation_styles_list_dialog.html', 'section_id': '786c297220afb12a8df819d022353fa285b84116', 'title': '注記・寸法スタイル設定', 'section_heading': '注記・寸法スタイル設定', 'section_level': 2, 'section_index': 0, 'last_modified': '2025-07-08T01:02:52+00:00', 'extracted_at': '2025-11-04T06:45:24+00:00', 'data_source': 'EVOSHIP_HELP_FILES', 'chunk_id': 'b6f65681-3396-4c2c-8527-a9a204f00150', 'chunk_index': 0, 'text_length': 570, 'start_char_idx': 0, 'end_char_idx': 570, 'triplet_source_id': 'b6f65681-3396-4c2c-8527-a9a204f00150'}}, {'label': 'Causes', 'source_id': 'Applying annotation style', 'target_id': 'Sketch hold copy of style', 'properties': {'document_id': 'C:\\Users\\akiro\\workfolder\\imabari3dcad\\evoship\\EVOSHIP_HELP_FILES\\about_annotation_styles_list_dialog.html', 'source_path': 'C:\\Users\\akiro\\workfolder\\imabari3dcad\\evoship\\EVOSHIP_HELP_FILES\\about_annotation_styles_list_dialog.html', 'section_id': '786c297220afb12a8df819d022353fa285b84116', 'title': '注記・寸法スタイル設定', 'section_heading': '注記・寸法スタイル設定', 'section_level': 2, 'section_index': 0, 'last_modified': '2025-07-08T01:02:52+00:00', 'extracted_at': '2025-11-04T06:45:24+00:00', 'data_source': 'EVOSHIP_HELP_FILES', 'chunk_id': 'b6f65681-3396-4c2c-8527-a9a204f00150', 'chunk_index': 0, 'text_length': 570, 'start_char_idx': 0, 'end_char_idx': 570, 'triplet_source_id': 'b6f65681-3396-4c2c-8527-a9a204f00150'}}, {'label': 'Holds', 'source_id': 'Sketch', 'target_id': 'Copy of style', 'properties': {'document_id': 'C:\\Users\\akiro\\workfolder\\imabari3dcad\\evoship\\EVOSHIP_HELP_FILES\\about_annotation_styles_list_dialog.html', 'source_path': 'C:\\Users\\akiro\\workfolder\\imabari3dcad\\evoship\\EVOSHIP_HELP_FILES\\about_annotation_styles_list_dialog.html', 'section_id': '786c297220afb12a8df819d022353fa285b84116', 'title': '注記・寸法スタイル設定', 'section_heading': '注記・寸法スタイル設定', 'section_level': 2, 'section_index': 0, 'last_modified': '2025-07-08T01:02:52+00:00', 'extracted_at': '2025-11-04T06:45:24+00:00', 'data_source': 'EVOSHIP_HELP_FILES', 'chunk_id': 'b6f65681-3396-4c2c-8527-a9a204f00150', 'chunk_index': 0, 'text_length': 570, 'start_char_idx': 0, 'end_char_idx': 570, 'triplet_source_id': 'b6f65681-3396-4c2c-8527-a9a204f00150'}}, {'label': 'Displays', 'source_id': 'Left panel', 'target_id': 'Style list', 'properties': {'document_id': 'C:\\Users\\akiro\\workfolder\\imabari3dcad\\evoship\\EVOSHIP_HELP_FILES\\about_annotation_styles_list_dialog.html', 'source_path': 'C:\\Users\\akiro\\workfolder\\imabari3dcad\\evoship\\EVOSHIP_HELP_FILES\\about_annotation_styles_list_dialog.html', 'section_id': '786c297220afb12a8df819d022353fa285b84116', 'title': '注記・寸法スタイル設定', 'section_heading': '注記・寸法スタイル設定', 'section_level': 2, 'section_index': 0, 'last_modified': '2025-07-08T01:02:52+00:00', 'extracted_at': '2025-11-04T06:45:24+00:00', 'data_source': 'EVOSHIP_HELP_FILES', 'chunk_id': 'b6f65681-3396-4c2c-8527-a9a204f00150', 'chunk_index': 0, 'text_length': 570, 'start_char_idx': 0, 'end_char_idx': 570, 'triplet_source_id': 'b6f65681-3396-4c2c-8527-a9a204f00150'}}, {'label': 'Triggers', 'source_id': 'Context menu', 'target_id': 'Add style setting', 'properties': {'document_id': 'C:\\Users\\akiro\\workfolder\\imabari3dcad\\evoship\\EVOSHIP_HELP_FILES\\about_annotation_styles_list_dialog.html', 'source_path': 'C:\\Users\\akiro\\workfolder\\imabari3dcad\\evoship\\EVOSHIP_HELP_FILES\\about_annotation_styles_list_dialog.html', 'section_id': '786c297220afb12a8df819d022353fa285b84116', 'title': '注記・寸法スタイル設定', 'section_heading': '注記・寸法スタイル設定', 'section_level': 2, 'section_index': 0, 'last_modified': '2025-07-08T01:02:52+00:00', 'extracted_at': '2025-11-04T06:45:24+00:00', 'data_source': 'EVOSHIP_HELP_FILES', 'chunk_id': 'b6f65681-3396-4c2c-8527-a9a204f00150', 'chunk_index': 0, 'text_length': 570, 'start_char_idx': 0, 'end_char_idx': 570, 'triplet_source_id': 'b6f65681-3396-4c2c-8527-a9a204f00150'}}, {'label': 'Adds', 'source_id': 'Add model style setting', 'target_id': 'Annotation styles from model', 'properties': {'document_id': 'C:\\Users\\akiro\\workfolder\\imabari3dcad\\evoship\\EVOSHIP_HELP_FILES\\about_annotation_styles_list_dialog.html', 'source_path': 'C:\\Users\\akiro\\workfolder\\imabari3dcad\\evoship\\EVOSHIP_HELP_FILES\\about_annotation_styles_list_dialog.html', 'section_id': '786c297220afb12a8df819d022353fa285b84116', 'title': '注記・寸法スタイル設定', 'section_heading': '注記・寸法スタイル設定', 'section_level': 2, 'section_index': 0, 'last_modified': '2025-07-08T01:02:52+00:00', 'extracted_at': '2025-11-04T06:45:24+00:00', 'data_source': 'EVOSHIP_HELP_FILES', 'chunk_id': 'b6f65681-3396-4c2c-8527-a9a204f00150', 'chunk_index': 0, 'text_length': 570, 'start_char_idx': 0, 'end_char_idx': 570, 'triplet_source_id': 'b6f65681-3396-4c2c-8527-a9a204f00150'}}, {'label': 'SOURCE', 'source_id': 'b6f65681-3396-4c2c-8527-a9a204f00150', 'target_id': '786c297220afb12a8df819d022353fa285b84116', 'properties': {'document_id': 'C:\\Users\\akiro\\workfolder\\imabari3dcad\\evoship\\EVOSHIP_HELP_FILES\\about_annotation_styles_list_dialog.html', 'source_path': 'C:\\Users\\akiro\\workfolder\\imabari3dcad\\evoship\\EVOSHIP_HELP_FILES\\about_annotation_styles_list_dialog.html', 'section_id': '786c297220afb12a8df819d022353fa285b84116', 'title': '注記・寸法スタイル設定', 'section_heading': '注記・寸法スタイル設定', 'section_level': 2, 'section_index': 0, 'last_modified': '2025-07-08T01:02:52+00:00', 'extracted_at': '2025-11-04T06:45:24+00:00', 'data_source': 'EVOSHIP_HELP_FILES', 'chunk_id': 'b6f65681-3396-4c2c-8527-a9a204f00150', 'chunk_index': 0, 'text_length': 570, 'start_char_idx': 0, 'end_char_idx': 570, 'triplet_source_id': 'b6f65681-3396-4c2c-8527-a9a204f00150'}}, {'label': 'NEXT', 'source_id': 'b6f65681-3396-4c2c-8527-a9a204f00150', 'target_id': 'c4a59b58-2edd-4fb2-8583-a63b8a93e397', 'properties': {'document_id': 'C:\\Users\\akiro\\workfolder\\imabari3dcad\\evoship\\EVOSHIP_HELP_FILES\\about_annotation_styles_list_dialog.html', 'source_path': 'C:\\Users\\akiro\\workfolder\\imabari3dcad\\evoship\\EVOSHIP_HELP_FILES\\about_annotation_styles_list_dialog.html', 'section_id': '786c297220afb12a8df819d022353fa285b84116', 'title': '注記・寸法スタイル設定', 'section_heading': '注記・寸法スタイル設定', 'section_level': 2, 'section_index': 0, 'last_modified': '2025-07-08T01:02:52+00:00', 'extracted_at': '2025-11-04T06:45:24+00:00', 'data_source': 'EVOSHIP_HELP_FILES', 'chunk_id': 'b6f65681-3396-4c2c-8527-a9a204f00150', 'chunk_index': 0, 'text_length': 570, 'start_char_idx': 0, 'end_char_idx': 570, 'triplet_source_id': 'b6f65681-3396-4c2c-8527-a9a204f00150'}}, {'label': 'HAS_SECTION', 'source_id': 'C:\\Users\\akiro\\workfolder\\imabari3dcad\\evoship\\EVOSHIP_HELP_FILES\\about_annotation_styles_list_dialog.html', 'target_id': '786c297220afb12a8df819d022353fa285b84116', 'properties': {'data_source': 'EVOSHIP_HELP_FILES', 'triplet_source_id': 'c4a59b58-2edd-4fb2-8583-a63b8a93e397'}}, {'label': 'HAS_CHUNK', 'source_id': 'C:\\Users\\akiro\\workfolder\\imabari3dcad\\evoship\\EVOSHIP_HELP_FILES\\about_annotation_styles_list_dialog.html', 'target_id': 'c4a59b58-2edd-4fb2-8583-a63b8a93e397', 'properties': {'data_source': 'EVOSHIP_HELP_FILES', 'section_id': '786c297220afb12a8df819d022353fa285b84116', 'chunk_index': 1, 'triplet_source_id': 'c4a59b58-2edd-4fb2-8583-a63b8a93e397'}}, {'label': 'HAS_CHUNK', 'source_id': '786c297220afb12a8df819d022353fa285b84116', 'target_id': 'c4a59b58-2edd-4fb2-8583-a63b8a93e397', 'properties': {'data_source': 'EVOSHIP_HELP_FILES', 'chunk_index': 1, 'triplet_source_id': 'c4a59b58-2edd-4fb2-8583-a63b8a93e397'}}, {'label': 'Based_on', 'source_id': 'Newstyle', 'target_id': 'Existingstyle', 'properties': {'document_id': 'C:\\Users\\akiro\\workfolder\\imabari3dcad\\evoship\\EVOSHIP_HELP_FILES\\about_annotation_styles_list_dialog.html', 'source_path': 'C:\\Users\\akiro\\workfolder\\imabari3dcad\\evoship\\EVOSHIP_HELP_FILES\\about_annotation_styles_list_dialog.html', 'section_id': '786c297220afb12a8df819d022353fa285b84116', 'title': '注記・寸法スタイル設定', 'section_heading': '注記・寸法スタイル設定', 'section_level': 2, 'section_index': 0, 'last_modified': '2025-07-08T01:02:52+00:00', 'extracted_at': '2025-11-04T06:45:24+00:00', 'data_source': 'EVOSHIP_HELP_FILES', 'chunk_id': 'c4a59b58-2edd-4fb2-8583-a63b8a93e397', 'chunk_index': 1, 'text_length': 330, 'start_char_idx': 490, 'end_char_idx': 820, 'triplet_source_id': 'c4a59b58-2edd-4fb2-8583-a63b8a93e397'}}, {'label': 'Triggered_by', 'source_id': 'Contextmenu_displayed_after', 'target_id': 'Styleselected', 'properties': {'document_id': 'C:\\Users\\akiro\\workfolder\\imabari3dcad\\evoship\\EVOSHIP_HELP_FILES\\about_annotation_styles_list_dialog.html', 'source_path': 'C:\\Users\\akiro\\workfolder\\imabari3dcad\\evoship\\EVOSHIP_HELP_FILES\\about_annotation_styles_list_dialog.html', 'section_id': '786c297220afb12a8df819d022353fa285b84116', 'title': '注記・寸法スタイル設定', 'section_heading': '注記・寸法スタイル設定', 'section_level': 2, 'section_index': 0, 'last_modified': '2025-07-08T01:02:52+00:00', 'extracted_at': '2025-11-04T06:45:24+00:00', 'data_source': 'EVOSHIP_HELP_FILES', 'chunk_id': 'c4a59b58-2edd-4fb2-8583-a63b8a93e397', 'chunk_index': 1, 'text_length': 330, 'start_char_idx': 490, 'end_char_idx': 820, 'triplet_source_id': 'c4a59b58-2edd-4fb2-8583-a63b8a93e397'}}, {'label': 'Triggered_by', 'source_id': 'Add_style_setting_copy', 'target_id': 'Click', 'properties': {'document_id': 'C:\\Users\\akiro\\workfolder\\imabari3dcad\\evoship\\EVOSHIP_HELP_FILES\\about_annotation_styles_list_dialog.html', 'source_path': 'C:\\Users\\akiro\\workfolder\\imabari3dcad\\evoship\\EVOSHIP_HELP_FILES\\about_annotation_styles_list_dialog.html', 'section_id': '786c297220afb12a8df819d022353fa285b84116', 'title': '注記・寸法スタイル設定', 'section_heading': '注記・寸法スタイル設定', 'section_level': 2, 'section_index': 0, 'last_modified': '2025-07-08T01:02:52+00:00', 'extracted_at': '2025-11-04T06:45:24+00:00', 'data_source': 'EVOSHIP_HELP_FILES', 'chunk_id': 'c4a59b58-2edd-4fb2-8583-a63b8a93e397', 'chunk_index': 1, 'text_length': 330, 'start_char_idx': 490, 'end_char_idx': 820, 'triplet_source_id': 'c4a59b58-2edd-4fb2-8583-a63b8a93e397'}}, {'label': 'Triggers', 'source_id': 'Model_update_button', 'target_id': 'Overwrite_applied_styles', 'properties': {'document_id': 'C:\\Users\\akiro\\workfolder\\imabari3dcad\\evoship\\EVOSHIP_HELP_FILES\\about_annotation_styles_list_dialog.html', 'source_path': 'C:\\Users\\akiro\\workfolder\\imabari3dcad\\evoship\\EVOSHIP_HELP_FILES\\about_annotation_styles_list_dialog.html', 'section_id': '786c297220afb12a8df819d022353fa285b84116', 'title': '注記・寸法スタイル設定', 'section_heading': '注記・寸法スタイル設定', 'section_level': 2, 'section_index': 0, 'last_modified': '2025-07-08T01:02:52+00:00', 'extracted_at': '2025-11-04T06:45:24+00:00', 'data_source': 'EVOSHIP_HELP_FILES', 'chunk_id': 'c4a59b58-2edd-4fb2-8583-a63b8a93e397', 'chunk_index': 1, 'text_length': 330, 'start_char_idx': 490, 'end_char_idx': 820, 'triplet_source_id': 'c4a59b58-2edd-4fb2-8583-a63b8a93e397'}}, {'label': 'Overwritten_by', 'source_id': 'Appliedstyle', 'target_id': 'Systemsettingstyle_with_same_name', 'properties': {'document_id': 'C:\\Users\\akiro\\workfolder\\imabari3dcad\\evoship\\EVOSHIP_HELP_FILES\\about_annotation_styles_list_dialog.html', 'source_path': 'C:\\Users\\akiro\\workfolder\\imabari3dcad\\evoship\\EVOSHIP_HELP_FILES\\about_annotation_styles_list_dialog.html', 'section_id': '786c297220afb12a8df819d022353fa285b84116', 'title': '注記・寸法スタイル設定', 'section_heading': '注記・寸法スタイル設定', 'section_level': 2, 'section_index': 0, 'last_modified': '2025-07-08T01:02:52+00:00', 'extracted_at': '2025-11-04T06:45:24+00:00', 'data_source': 'EVOSHIP_HELP_FILES', 'chunk_id': 'c4a59b58-2edd-4fb2-8583-a63b8a93e397', 'chunk_index': 1, 'text_length': 330, 'start_char_idx': 490, 'end_char_idx': 820, 'triplet_source_id': 'c4a59b58-2edd-4fb2-8583-a63b8a93e397'}}, {'label': 'Contains', 'source_id': 'Stylelist', 'target_id': 'Samenamedstyles', 'properties': {'document_id': 'C:\\Users\\akiro\\workfolder\\imabari3dcad\\evoship\\EVOSHIP_HELP_FILES\\about_annotation_styles_list_dialog.html', 'source_path': 'C:\\Users\\akiro\\workfolder\\imabari3dcad\\evoship\\EVOSHIP_HELP_FILES\\about_annotation_styles_list_dialog.html', 'section_id': '786c297220afb12a8df819d022353fa285b84116', 'title': '注記・寸法スタイル設定', 'section_heading': '注記・寸法スタイル設定', 'section_level': 2, 'section_index': 0, 'last_modified': '2025-07-08T01:02:52+00:00', 'extracted_at': '2025-11-04T06:45:24+00:00', 'data_source': 'EVOSHIP_HELP_FILES', 'chunk_id': 'c4a59b58-2edd-4fb2-8583-a63b8a93e397', 'chunk_index': 1, 'text_length': 330, 'start_char_idx': 490, 'end_char_idx': 820, 'triplet_source_id': 'c4a59b58-2edd-4fb2-8583-a63b8a93e397'}}, {'label': 'Result', 'source_id': 'Samenamedstyles', 'target_id': 'Only_one_used_for_overwrite', 'properties': {'document_id': 'C:\\Users\\akiro\\workfolder\\imabari3dcad\\evoship\\EVOSHIP_HELP_FILES\\about_annotation_styles_list_dialog.html', 'source_path': 'C:\\Users\\akiro\\workfolder\\imabari3dcad\\evoship\\EVOSHIP_HELP_FILES\\about_annotation_styles_list_dialog.html', 'section_id': '786c297220afb12a8df819d022353fa285b84116', 'title': '注記・寸法スタイル設定', 'section_heading': '注記・寸法スタイル設定', 'section_level': 2, 'section_index': 0, 'last_modified': '2025-07-08T01:02:52+00:00', 'extracted_at': '2025-11-04T06:45:24+00:00', 'data_source': 'EVOSHIP_HELP_FILES', 'chunk_id': 'c4a59b58-2edd-4fb2-8583-a63b8a93e397', 'chunk_index': 1, 'text_length': 330, 'start_char_idx': 490, 'end_char_idx': 820, 'triplet_source_id': 'c4a59b58-2edd-4fb2-8583-a63b8a93e397'}}, {'label': 'Result', 'source_id': 'Remaining_samenamedstyles', 'target_id': 'Ignored', 'properties': {'document_id': 'C:\\Users\\akiro\\workfolder\\imabari3dcad\\evoship\\EVOSHIP_HELP_FILES\\about_annotation_styles_list_dialog.html', 'source_path': 'C:\\Users\\akiro\\workfolder\\imabari3dcad\\evoship\\EVOSHIP_HELP_FILES\\about_annotation_styles_list_dialog.html', 'section_id': '786c297220afb12a8df819d022353fa285b84116', 'title': '注記・寸法スタイル設定', 'section_heading': '注記・寸法スタイル設定', 'section_level': 2, 'section_index': 0, 'last_modified': '2025-07-08T01:02:52+00:00', 'extracted_at': '2025-11-04T06:45:24+00:00', 'data_source': 'EVOSHIP_HELP_FILES', 'chunk_id': 'c4a59b58-2edd-4fb2-8583-a63b8a93e397', 'chunk_index': 1, 'text_length': 330, 'start_char_idx': 490, 'end_char_idx': 820, 'triplet_source_id': 'c4a59b58-2edd-4fb2-8583-a63b8a93e397'}}, {'label': 'Should_avoid', 'source_id': 'Users', 'target_id': 'Creating_same_named_styles', 'properties': {'document_id': 'C:\\Users\\akiro\\workfolder\\imabari3dcad\\evoship\\EVOSHIP_HELP_FILES\\about_annotation_styles_list_dialog.html', 'source_path': 'C:\\Users\\akiro\\workfolder\\imabari3dcad\\evoship\\EVOSHIP_HELP_FILES\\about_annotation_styles_list_dialog.html', 'section_id': '786c297220afb12a8df819d022353fa285b84116', 'title': '注記・寸法スタイル設定', 'section_heading': '注記・寸法スタイル設定', 'section_level': 2, 'section_index': 0, 'last_modified': '2025-07-08T01:02:52+00:00', 'extracted_at': '2025-11-04T06:45:24+00:00', 'data_source': 'EVOSHIP_HELP_FILES', 'chunk_id': 'c4a59b58-2edd-4fb2-8583-a63b8a93e397', 'chunk_index': 1, 'text_length': 330, 'start_char_idx': 490, 'end_char_idx': 820, 'triplet_source_id': 'c4a59b58-2edd-4fb2-8583-a63b8a93e397'}}, {'label': 'SOURCE', 'source_id': 'c4a59b58-2edd-4fb2-8583-a63b8a93e397', 'target_id': '786c297220afb12a8df819d022353fa285b84116', 'properties': {'document_id': 'C:\\Users\\akiro\\workfolder\\imabari3dcad\\evoship\\EVOSHIP_HELP_FILES\\about_annotation_styles_list_dialog.html', 'source_path': 'C:\\Users\\akiro\\workfolder\\imabari3dcad\\evoship\\EVOSHIP_HELP_FILES\\about_annotation_styles_list_dialog.html', 'section_id': '786c297220afb12a8df819d022353fa285b84116', 'title': '注記・寸法スタイル設定', 'section_heading': '注記・寸法スタイル設定', 'section_level': 2, 'section_index': 0, 'last_modified': '2025-07-08T01:02:52+00:00', 'extracted_at': '2025-11-04T06:45:24+00:00', 'data_source': 'EVOSHIP_HELP_FILES', 'chunk_id': 'c4a59b58-2edd-4fb2-8583-a63b8a93e397', 'chunk_index': 1, 'text_length': 330, 'start_char_idx': 490, 'end_char_idx': 820, 'triplet_source_id': 'c4a59b58-2edd-4fb2-8583-a63b8a93e397'}}, {'label': 'PREVIOUS', 'source_id': 'c4a59b58-2edd-4fb2-8583-a63b8a93e397', 'target_id': 'b6f65681-3396-4c2c-8527-a9a204f00150', 'properties': {'document_id': 'C:\\Users\\akiro\\workfolder\\imabari3dcad\\evoship\\EVOSHIP_HELP_FILES\\about_annotation_styles_list_dialog.html', 'source_path': 'C:\\Users\\akiro\\workfolder\\imabari3dcad\\evoship\\EVOSHIP_HELP_FILES\\about_annotation_styles_list_dialog.html', 'section_id': '786c297220afb12a8df819d022353fa285b84116', 'title': '注記・寸法スタイル設定', 'section_heading': '注記・寸法スタイル設定', 'section_level': 2, 'section_index': 0, 'last_modified': '2025-07-08T01:02:52+00:00', 'extracted_at': '2025-11-04T06:45:24+00:00', 'data_source': 'EVOSHIP_HELP_FILES', 'chunk_id': 'c4a59b58-2edd-4fb2-8583-a63b8a93e397', 'chunk_index': 1, 'text_length': 330, 'start_char_idx': 490, 'end_char_idx': 820, 'triplet_source_id': 'c4a59b58-2edd-4fb2-8583-a63b8a93e397'}}, {'label': 'HAS_SECTION', 'source_id': 'C:\\Users\\akiro\\workfolder\\imabari3dcad\\evoship\\EVOSHIP_HELP_FILES\\about_annotation_styles_list_dialog.html', 'target_id': '479fc241bbf40f983b5b190f3f96c13829c67842', 'properties': {'data_source': 'EVOSHIP_HELP_FILES', 'triplet_source_id': '30d11b13-7169-4b6c-8593-22d9005077b7'}}, {'label': 'HAS_CHUNK', 'source_id': 'C:\\Users\\akiro\\workfolder\\imabari3dcad\\evoship\\EVOSHIP_HELP_FILES\\about_annotation_styles_list_dialog.html', 'target_id': '30d11b13-7169-4b6c-8593-22d9005077b7', 'properties': {'data_source': 'EVOSHIP_HELP_FILES', 'section_id': '479fc241bbf40f983b5b190f3f96c13829c67842', 'chunk_index': 0, 'triplet_source_id': '30d11b13-7169-4b6c-8593-22d9005077b7'}}, {'label': 'HAS_CHUNK', 'source_id': '479fc241bbf40f983b5b190f3f96c13829c67842', 'target_id': '30d11b13-7169-4b6c-8593-22d9005077b7', 'properties': {'data_source': 'EVOSHIP_HELP_FILES', 'chunk_index': 0, 'triplet_source_id': '30d11b13-7169-4b6c-8593-22d9005077b7'}}, {'label': '保存', 'source_id': '注記スタイル', 'target_id': 'システム設定', 'properties': {'document_id': 'C:\\Users\\akiro\\workfolder\\imabari3dcad\\evoship\\EVOSHIP_HELP_FILES\\about_annotation_styles_list_dialog.html', 'source_path': 'C:\\Users\\akiro\\workfolder\\imabari3dcad\\evoship\\EVOSHIP_HELP_FILES\\about_annotation_styles_list_dialog.html', 'section_id': '479fc241bbf40f983b5b190f3f96c13829c67842', 'title': '注記・寸法スタイル設定', 'section_heading': '注記スタイルの管理', 'section_level': 3, 'section_index': 1, 'last_modified': '2025-07-08T01:02:52+00:00', 'extracted_at': '2025-11-04T06:45:24+00:00', 'data_source': 'EVOSHIP_HELP_FILES', 'chunk_id': '30d11b13-7169-4b6c-8593-22d9005077b7', 'chunk_index': 0, 'text_length': 191, 'start_char_idx': 0, 'end_char_idx': 191, 'triplet_source_id': '30d11b13-7169-4b6c-8593-22d9005077b7'}}, {'label': '適用', 'source_id': '注記スタイル', 'target_id': 'スケッチ', 'properties': {'document_id': 'C:\\Users\\akiro\\workfolder\\imabari3dcad\\evoship\\EVOSHIP_HELP_FILES\\about_annotation_styles_list_dialog.html', 'source_path': 'C:\\Users\\akiro\\workfolder\\imabari3dcad\\evoship\\EVOSHIP_HELP_FILES\\about_annotation_styles_list_dialog.html', 'section_id': '479fc241bbf40f983b5b190f3f96c13829c67842', 'title': '注記・寸法スタイル設定', 'section_heading': '注記スタイルの管理', 'section_level': 3, 'section_index': 1, 'last_modified': '2025-07-08T01:02:52+00:00', 'extracted_at': '2025-11-04T06:45:24+00:00', 'data_source': 'EVOSHIP_HELP_FILES', 'chunk_id': '30d11b13-7169-4b6c-8593-22d9005077b7', 'chunk_index': 0, 'text_length': 191, 'start_char_idx': 0, 'end_char_idx': 191, 'triplet_source_id': '30d11b13-7169-4b6c-8593-22d9005077b7'}}, {'label': '適用', 'source_id': '注記スタイル', 'target_id': '図面', 'properties': {'document_id': 'C:\\Users\\akiro\\workfolder\\imabari3dcad\\evoship\\EVOSHIP_HELP_FILES\\about_annotation_styles_list_dialog.html', 'source_path': 'C:\\Users\\akiro\\workfolder\\imabari3dcad\\evoship\\EVOSHIP_HELP_FILES\\about_annotation_styles_list_dialog.html', 'section_id': '479fc241bbf40f983b5b190f3f96c13829c67842', 'title': '注記・寸法スタイル設定', 'section_heading': '注記スタイルの管理', 'section_level': 3, 'section_index': 1, 'last_modified': '2025-07-08T01:02:52+00:00', 'extracted_at': '2025-11-04T06:45:24+00:00', 'data_source': 'EVOSHIP_HELP_FILES', 'chunk_id': '30d11b13-7169-4b6c-8593-22d9005077b7', 'chunk_index': 0, 'text_length': 191, 'start_char_idx': 0, 'end_char_idx': 191, 'triplet_source_id': '30d11b13-7169-4b6c-8593-22d9005077b7'}}, {'label': 'コピー保持', 'source_id': 'スケッチ', 'target_id': '注記スタイルのコピー', 'properties': {'document_id': 'C:\\Users\\akiro\\workfolder\\imabari3dcad\\evoship\\EVOSHIP_HELP_FILES\\about_annotation_styles_list_dialog.html', 'source_path': 'C:\\Users\\akiro\\workfolder\\imabari3dcad\\evoship\\EVOSHIP_HELP_FILES\\about_annotation_styles_list_dialog.html', 'section_id': '479fc241bbf40f983b5b190f3f96c13829c67842', 'title': '注記・寸法スタイル設定', 'section_heading': '注記スタイルの管理', 'section_level': 3, 'section_index': 1, 'last_modified': '2025-07-08T01:02:52+00:00', 'extracted_at': '2025-11-04T06:45:24+00:00', 'data_source': 'EVOSHIP_HELP_FILES', 'chunk_id': '30d11b13-7169-4b6c-8593-22d9005077b7', 'chunk_index': 0, 'text_length': 191, 'start_char_idx': 0, 'end_char_idx': 191, 'triplet_source_id': '30d11b13-7169-4b6c-8593-22d9005077b7'}}, {'label': 'コピー保持', 'source_id': '図面', 'target_id': '注記スタイルのコピー', 'properties': {'document_id': 'C:\\Users\\akiro\\workfolder\\imabari3dcad\\evoship\\EVOSHIP_HELP_FILES\\about_annotation_styles_list_dialog.html', 'source_path': 'C:\\Users\\akiro\\workfolder\\imabari3dcad\\evoship\\EVOSHIP_HELP_FILES\\about_annotation_styles_list_dialog.html', 'section_id': '479fc241bbf40f983b5b190f3f96c13829c67842', 'title': '注記・寸法スタイル設定', 'section_heading': '注記スタイルの管理', 'section_level': 3, 'section_index': 1, 'last_modified': '2025-07-08T01:02:52+00:00', 'extracted_at': '2025-11-04T06:45:24+00:00', 'data_source': 'EVOSHIP_HELP_FILES', 'chunk_id': '30d11b13-7169-4b6c-8593-22d9005077b7', 'chunk_index': 0, 'text_length': 191, 'start_char_idx': 0, 'end_char_idx': 191, 'triplet_source_id': '30d11b13-7169-4b6c-8593-22d9005077b7'}}, {'label': '変更されない', 'source_id': 'コピーされたスタイル', 'target_id': 'スケッチと図面', 'properties': {'document_id': 'C:\\Users\\akiro\\workfolder\\imabari3dcad\\evoship\\EVOSHIP_HELP_FILES\\about_annotation_styles_list_dialog.html', 'source_path': 'C:\\Users\\akiro\\workfolder\\imabari3dcad\\evoship\\EVOSHIP_HELP_FILES\\about_annotation_styles_list_dialog.html', 'section_id': '479fc241bbf40f983b5b190f3f96c13829c67842', 'title': '注記・寸法スタイル設定', 'section_heading': '注記スタイルの管理', 'section_level': 3, 'section_index': 1, 'last_modified': '2025-07-08T01:02:52+00:00', 'extracted_at': '2025-11-04T06:45:24+00:00', 'data_source': 'EVOSHIP_HELP_FILES', 'chunk_id': '30d11b13-7169-4b6c-8593-22d9005077b7', 'chunk_index': 0, 'text_length': 191, 'start_char_idx': 0, 'end_char_idx': 191, 'triplet_source_id': '30d11b13-7169-4b6c-8593-22d9005077b7'}}, {'label': 'SOURCE', 'source_id': '30d11b13-7169-4b6c-8593-22d9005077b7', 'target_id': '479fc241bbf40f983b5b190f3f96c13829c67842', 'properties': {'document_id': 'C:\\Users\\akiro\\workfolder\\imabari3dcad\\evoship\\EVOSHIP_HELP_FILES\\about_annotation_styles_list_dialog.html', 'source_path': 'C:\\Users\\akiro\\workfolder\\imabari3dcad\\evoship\\EVOSHIP_HELP_FILES\\about_annotation_styles_list_dialog.html', 'section_id': '479fc241bbf40f983b5b190f3f96c13829c67842', 'title': '注記・寸法スタイル設定', 'section_heading': '注記スタイルの管理', 'section_level': 3, 'section_index': 1, 'last_modified': '2025-07-08T01:02:52+00:00', 'extracted_at': '2025-11-04T06:45:24+00:00', 'data_source': 'EVOSHIP_HELP_FILES', 'chunk_id': '30d11b13-7169-4b6c-8593-22d9005077b7', 'chunk_index': 0, 'text_length': 191, 'start_char_idx': 0, 'end_char_idx': 191, 'triplet_source_id': '30d11b13-7169-4b6c-8593-22d9005077b7'}}, {'label': 'HAS_SECTION', 'source_id': 'C:\\Users\\akiro\\workfolder\\imabari3dcad\\evoship\\EVOSHIP_HELP_FILES\\about_annotation_styles_list_dialog.html', 'target_id': '948fca157e8e5cee99d571163057daa7a31b2157', 'properties': {'data_source': 'EVOSHIP_HELP_FILES', 'triplet_source_id': 'dbc68575-daaa-4bbd-8ac7-2b6737b982c1'}}, {'label': 'HAS_CHUNK', 'source_id': 'C:\\Users\\akiro\\workfolder\\imabari3dcad\\evoship\\EVOSHIP_HELP_FILES\\about_annotation_styles_list_dialog.html', 'target_id': 'dbc68575-daaa-4bbd-8ac7-2b6737b982c1', 'properties': {'data_source': 'EVOSHIP_HELP_FILES', 'section_id': '948fca157e8e5cee99d571163057daa7a31b2157', 'chunk_index': 0, 'triplet_source_id': 'dbc68575-daaa-4bbd-8ac7-2b6737b982c1'}}, {'label': 'HAS_CHUNK', 'source_id': '948fca157e8e5cee99d571163057daa7a31b2157', 'target_id': 'dbc68575-daaa-4bbd-8ac7-2b6737b982c1', 'properties': {'data_source': 'EVOSHIP_HELP_FILES', 'chunk_index': 0, 'triplet_source_id': 'dbc68575-daaa-4bbd-8ac7-2b6737b982c1'}}, {'label': '表示', 'source_id': '左側スタイル一覧欄', 'target_id': 'コンテキストメニュー', 'properties': {'document_id': 'C:\\Users\\akiro\\workfolder\\imabari3dcad\\evoship\\EVOSHIP_HELP_FILES\\about_annotation_styles_list_dialog.html', 'source_path': 'C:\\Users\\akiro\\workfolder\\imabari3dcad\\evoship\\EVOSHIP_HELP_FILES\\about_annotation_styles_list_dialog.html', 'section_id': '948fca157e8e5cee99d571163057daa7a31b2157', 'title': '注記・寸法スタイル設定', 'section_heading': '注記スタイルの作成', 'section_level': 3, 'section_index': 2, 'last_modified': '2025-07-08T01:02:52+00:00', 'extracted_at': '2025-11-04T06:45:24+00:00', 'data_source': 'EVOSHIP_HELP_FILES', 'chunk_id': 'dbc68575-daaa-4bbd-8ac7-2b6737b982c1', 'chunk_index': 0, 'text_length': 223, 'start_char_idx': 0, 'end_char_idx': 223, 'triplet_source_id': 'dbc68575-daaa-4bbd-8ac7-2b6737b982c1'}}, {'label': 'クリック', 'source_id': 'コンテキストメニュー', 'target_id': 'スタイル設定の追加', 'properties': {'document_id': 'C:\\Users\\akiro\\workfolder\\imabari3dcad\\evoship\\EVOSHIP_HELP_FILES\\about_annotation_styles_list_dialog.html', 'source_path': 'C:\\Users\\akiro\\workfolder\\imabari3dcad\\evoship\\EVOSHIP_HELP_FILES\\about_annotation_styles_list_dialog.html', 'section_id': '948fca157e8e5cee99d571163057daa7a31b2157', 'title': '注記・寸法スタイル設定', 'section_heading': '注記スタイルの作成', 'section_level': 3, 'section_index': 2, 'last_modified': '2025-07-08T01:02:52+00:00', 'extracted_at': '2025-11-04T06:45:24+00:00', 'data_source': 'EVOSHIP_HELP_FILES', 'chunk_id': 'dbc68575-daaa-4bbd-8ac7-2b6737b982c1', 'chunk_index': 0, 'text_length': 223, 'start_char_idx': 0, 'end_char_idx': 223, 'triplet_source_id': 'dbc68575-daaa-4bbd-8ac7-2b6737b982c1'}}, {'label': '追加される', 'source_id': 'モデル内スケッチ図面保持注記スタイル', 'target_id': 'スタイル一覧', 'properties': {'document_id': 'C:\\Users\\akiro\\workfolder\\imabari3dcad\\evoship\\EVOSHIP_HELP_FILES\\about_annotation_styles_list_dialog.html', 'source_path': 'C:\\Users\\akiro\\workfolder\\imabari3dcad\\evoship\\EVOSHIP_HELP_FILES\\about_annotation_styles_list_dialog.html', 'section_id': '948fca157e8e5cee99d571163057daa7a31b2157', 'title': '注記・寸法スタイル設定', 'section_heading': '注記スタイルの作成', 'section_level': 3, 'section_index': 2, 'last_modified': '2025-07-08T01:02:52+00:00', 'extracted_at': '2025-11-04T06:45:24+00:00', 'data_source': 'EVOSHIP_HELP_FILES', 'chunk_id': 'dbc68575-daaa-4bbd-8ac7-2b6737b982c1', 'chunk_index': 0, 'text_length': 223, 'start_char_idx': 0, 'end_char_idx': 223, 'triplet_source_id': 'dbc68575-daaa-4bbd-8ac7-2b6737b982c1'}}, {'label': '追加', 'source_id': '注記スタイル', 'target_id': 'スタイル一覧', 'properties': {'document_id': 'C:\\Users\\akiro\\workfolder\\imabari3dcad\\evoship\\EVOSHIP_HELP_FILES\\about_annotation_styles_list_dialog.html', 'source_path': 'C:\\Users\\akiro\\workfolder\\imabari3dcad\\evoship\\EVOSHIP_HELP_FILES\\about_annotation_styles_list_dialog.html', 'section_id': '948fca157e8e5cee99d571163057daa7a31b2157', 'title': '注記・寸法スタイル設定', 'section_heading': '注記スタイルの作成', 'section_level': 3, 'section_index': 2, 'last_modified': '2025-07-08T01:02:52+00:00', 'extracted_at': '2025-11-04T06:45:24+00:00', 'data_source': 'EVOSHIP_HELP_FILES', 'chunk_id': 'dbc68575-daaa-4bbd-8ac7-2b6737b982c1', 'chunk_index': 0, 'text_length': 223, 'start_char_idx': 0, 'end_char_idx': 223, 'triplet_source_id': 'dbc68575-daaa-4bbd-8ac7-2b6737b982c1'}}, {'label': 'クリック', 'source_id': 'スタイル設定（コピー）追加', 'target_id': '新しいスタイル作成', 'properties': {'document_id': 'C:\\Users\\akiro\\workfolder\\imabari3dcad\\evoship\\EVOSHIP_HELP_FILES\\about_annotation_styles_list_dialog.html', 'source_path': 'C:\\Users\\akiro\\workfolder\\imabari3dcad\\evoship\\EVOSHIP_HELP_FILES\\about_annotation_styles_list_dialog.html', 'section_id': '948fca157e8e5cee99d571163057daa7a31b2157', 'title': '注記・寸法スタイル設定', 'section_heading': '注記スタイルの作成', 'section_level': 3, 'section_index': 2, 'last_modified': '2025-07-08T01:02:52+00:00', 'extracted_at': '2025-11-04T06:45:24+00:00', 'data_source': 'EVOSHIP_HELP_FILES', 'chunk_id': 'dbc68575-daaa-4bbd-8ac7-2b6737b982c1', 'chunk_index': 0, 'text_length': 223, 'start_char_idx': 0, 'end_char_idx': 223, 'triplet_source_id': 'dbc68575-daaa-4bbd-8ac7-2b6737b982c1'}}, {'label': 'SOURCE', 'source_id': 'dbc68575-daaa-4bbd-8ac7-2b6737b982c1', 'target_id': '948fca157e8e5cee99d571163057daa7a31b2157', 'properties': {'document_id': 'C:\\Users\\akiro\\workfolder\\imabari3dcad\\evoship\\EVOSHIP_HELP_FILES\\about_annotation_styles_list_dialog.html', 'source_path': 'C:\\Users\\akiro\\workfolder\\imabari3dcad\\evoship\\EVOSHIP_HELP_FILES\\about_annotation_styles_list_dialog.html', 'section_id': '948fca157e8e5cee99d571163057daa7a31b2157', 'title': '注記・寸法スタイル設定', 'section_heading': '注記スタイルの作成', 'section_level': 3, 'section_index': 2, 'last_modified': '2025-07-08T01:02:52+00:00', 'extracted_at': '2025-11-04T06:45:24+00:00', 'data_source': 'EVOSHIP_HELP_FILES', 'chunk_id': 'dbc68575-daaa-4bbd-8ac7-2b6737b982c1', 'chunk_index': 0, 'text_length': 223, 'start_char_idx': 0, 'end_char_idx': 223, 'triplet_source_id': 'dbc68575-daaa-4bbd-8ac7-2b6737b982c1'}}, {'label': 'HAS_SECTION', 'source_id': 'C:\\Users\\akiro\\workfolder\\imabari3dcad\\evoship\\EVOSHIP_HELP_FILES\\about_annotation_styles_list_dialog.html', 'target_id': '20282e22440d39595fb32550c039519844363c95', 'properties': {'data_source': 'EVOSHIP_HELP_FILES', 'triplet_source_id': 'cba0f053-1cd6-41ea-9f31-18cd047f3901'}}, {'label': 'HAS_CHUNK', 'source_id': 'C:\\Users\\akiro\\workfolder\\imabari3dcad\\evoship\\EVOSHIP_HELP_FILES\\about_annotation_styles_list_dialog.html', 'target_id': 'cba0f053-1cd6-41ea-9f31-18cd047f3901', 'properties': {'data_source': 'EVOSHIP_HELP_FILES', 'section_id': '20282e22440d39595fb32550c039519844363c95', 'chunk_index': 0, 'triplet_source_id': 'cba0f053-1cd6-41ea-9f31-18cd047f3901'}}, {'label': 'HAS_CHUNK', 'source_id': '20282e22440d39595fb32550c039519844363c95', 'target_id': 'cba0f053-1cd6-41ea-9f31-18cd047f3901', 'properties': {'data_source': 'EVOSHIP_HELP_FILES', 'chunk_index': 0, 'triplet_source_id': 'cba0f053-1cd6-41ea-9f31-18cd047f3901'}}, {'label': 'Triggers', 'source_id': 'Model update button', 'target_id': 'Overwrite applied styles with system settings', 'properties': {'document_id': 'C:\\Users\\akiro\\workfolder\\imabari3dcad\\evoship\\EVOSHIP_HELP_FILES\\about_annotation_styles_list_dialog.html', 'source_path': 'C:\\Users\\akiro\\workfolder\\imabari3dcad\\evoship\\EVOSHIP_HELP_FILES\\about_annotation_styles_list_dialog.html', 'section_id': '20282e22440d39595fb32550c039519844363c95', 'title': '注記・寸法スタイル設定', 'section_heading': '適用ずみスタイルの更新', 'section_level': 3, 'section_index': 3, 'last_modified': '2025-07-08T01:02:52+00:00', 'extracted_at': '2025-11-04T06:45:24+00:00', 'data_source': 'EVOSHIP_HELP_FILES', 'chunk_id': 'cba0f053-1cd6-41ea-9f31-18cd047f3901', 'chunk_index': 0, 'text_length': 250, 'start_char_idx': 0, 'end_char_idx': 250, 'triplet_source_id': 'cba0f053-1cd6-41ea-9f31-18cd047f3901'}}, {'label': 'Manages', 'source_id': 'Note & dimension style settings window', 'target_id': 'Styles saved as system settings', 'properties': {'document_id': 'C:\\Users\\akiro\\workfolder\\imabari3dcad\\evoship\\EVOSHIP_HELP_FILES\\about_annotation_styles_list_dialog.html', 'source_path': 'C:\\Users\\akiro\\workfolder\\imabari3dcad\\evoship\\EVOSHIP_HELP_FILES\\about_annotation_styles_list_dialog.html', 'section_id': '20282e22440d39595fb32550c039519844363c95', 'title': '注記・寸法スタイル設定', 'section_heading': '適用ずみスタイルの更新', 'section_level': 3, 'section_index': 3, 'last_modified': '2025-07-08T01:02:52+00:00', 'extracted_at': '2025-11-04T06:45:24+00:00', 'data_source': 'EVOSHIP_HELP_FILES', 'chunk_id': 'cba0f053-1cd6-41ea-9f31-18cd047f3901', 'chunk_index': 0, 'text_length': 250, 'start_char_idx': 0, 'end_char_idx': 250, 'triplet_source_id': 'cba0f053-1cd6-41ea-9f31-18cd047f3901'}}, {'label': 'Overwritten by', 'source_id': 'Same-name style in sketch or drawing', 'target_id': 'System setting style', 'properties': {'document_id': 'C:\\Users\\akiro\\workfolder\\imabari3dcad\\evoship\\EVOSHIP_HELP_FILES\\about_annotation_styles_list_dialog.html', 'source_path': 'C:\\Users\\akiro\\workfolder\\imabari3dcad\\evoship\\EVOSHIP_HELP_FILES\\about_annotation_styles_list_dialog.html', 'section_id': '20282e22440d39595fb32550c039519844363c95', 'title': '注記・寸法スタイル設定', 'section_heading': '適用ずみスタイルの更新', 'section_level': 3, 'section_index': 3, 'last_modified': '2025-07-08T01:02:52+00:00', 'extracted_at': '2025-11-04T06:45:24+00:00', 'data_source': 'EVOSHIP_HELP_FILES', 'chunk_id': 'cba0f053-1cd6-41ea-9f31-18cd047f3901', 'chunk_index': 0, 'text_length': 250, 'start_char_idx': 0, 'end_char_idx': 250, 'triplet_source_id': 'cba0f053-1cd6-41ea-9f31-18cd047f3901'}}, {'label': 'Result in', 'source_id': 'Multiple same-name styles in style list', 'target_id': 'Only one overwritten', 'properties': {'document_id': 'C:\\Users\\akiro\\workfolder\\imabari3dcad\\evoship\\EVOSHIP_HELP_FILES\\about_annotation_styles_list_dialog.html', 'source_path': 'C:\\Users\\akiro\\workfolder\\imabari3dcad\\evoship\\EVOSHIP_HELP_FILES\\about_annotation_styles_list_dialog.html', 'section_id': '20282e22440d39595fb32550c039519844363c95', 'title': '注記・寸法スタイル設定', 'section_heading': '適用ずみスタイルの更新', 'section_level': 3, 'section_index': 3, 'last_modified': '2025-07-08T01:02:52+00:00', 'extracted_at': '2025-11-04T06:45:24+00:00', 'data_source': 'EVOSHIP_HELP_FILES', 'chunk_id': 'cba0f053-1cd6-41ea-9f31-18cd047f3901', 'chunk_index': 0, 'text_length': 250, 'start_char_idx': 0, 'end_char_idx': 250, 'triplet_source_id': 'cba0f053-1cd6-41ea-9f31-18cd047f3901'}}, {'label': 'SOURCE', 'source_id': 'cba0f053-1cd6-41ea-9f31-18cd047f3901', 'target_id': '20282e22440d39595fb32550c039519844363c95', 'properties': {'document_id': 'C:\\Users\\akiro\\workfolder\\imabari3dcad\\evoship\\EVOSHIP_HELP_FILES\\about_annotation_styles_list_dialog.html', 'source_path': 'C:\\Users\\akiro\\workfolder\\imabari3dcad\\evoship\\EVOSHIP_HELP_FILES\\about_annotation_styles_list_dialog.html', 'section_id': '20282e22440d39595fb32550c039519844363c95', 'title': '注記・寸法スタイル設定', 'section_heading': '適用ずみスタイルの更新', 'section_level': 3, 'section_index': 3, 'last_modified': '2025-07-08T01:02:52+00:00', 'extracted_at': '2025-11-04T06:45:24+00:00', 'data_source': 'EVOSHIP_HELP_FILES', 'chunk_id': 'cba0f053-1cd6-41ea-9f31-18cd047f3901', 'chunk_index': 0, 'text_length': 250, 'start_char_idx': 0, 'end_char_idx': 250, 'triplet_source_id': 'cba0f053-1cd6-41ea-9f31-18cd047f3901'}}, {'label': 'HAS_SECTION', 'source_id': 'C:\\Users\\akiro\\workfolder\\imabari3dcad\\evoship\\EVOSHIP_HELP_FILES\\about_body.html', 'target_id': '4478152f881537f1e6b3bb012fe2a0bf3725bf2e', 'properties': {'data_source': 'EVOSHIP_HELP_FILES', 'triplet_source_id': '2b36d62a-b64f-44ec-bdb4-c54485cde2eb'}}, {'label': 'HAS_CHUNK', 'source_id': 'C:\\Users\\akiro\\workfolder\\imabari3dcad\\evoship\\EVOSHIP_HELP_FILES\\about_body.html', 'target_id': '2b36d62a-b64f-44ec-bdb4-c54485cde2eb', 'properties': {'data_source': 'EVOSHIP_HELP_FILES', 'section_id': '4478152f881537f1e6b3bb012fe2a0bf3725bf2e', 'chunk_index': 0, 'triplet_source_id': '2b36d62a-b64f-44ec-bdb4-c54485cde2eb'}}, {'label': 'HAS_CHUNK', 'source_id': '4478152f881537f1e6b3bb012fe2a0bf3725bf2e', 'target_id': '2b36d62a-b64f-44ec-bdb4-c54485cde2eb', 'properties': {'data_source': 'EVOSHIP_HELP_FILES', 'chunk_index': 0, 'triplet_source_id': '2b36d62a-b64f-44ec-bdb4-c54485cde2eb'}}, {'label': 'Consists of', 'source_id': 'Body', 'target_id': 'Solid body', 'properties': {'document_id': 'C:\\Users\\akiro\\workfolder\\imabari3dcad\\evoship\\EVOSHIP_HELP_FILES\\about_body.html', 'source_path': 'C:\\Users\\akiro\\workfolder\\imabari3dcad\\evoship\\EVOSHIP_HELP_FILES\\about_body.html', 'section_id': '4478152f881537f1e6b3bb012fe2a0bf3725bf2e', 'title': 'ボディ', 'section_heading': 'ボディ', 'section_level': 2, 'section_index': 0, 'last_modified': '2025-07-08T01:02:52+00:00', 'extracted_at': '2025-11-04T06:45:24+00:00', 'data_source': 'EVOSHIP_HELP_FILES', 'chunk_id': '2b36d62a-b64f-44ec-bdb4-c54485cde2eb', 'chunk_index': 0, 'text_length': 250, 'start_char_idx': 0, 'end_char_idx': 250, 'triplet_source_id': '2b36d62a-b64f-44ec-bdb4-c54485cde2eb'}}, {'label': 'Consists of', 'source_id': 'Body', 'target_id': 'Sheet body', 'properties': {'document_id': 'C:\\Users\\akiro\\workfolder\\imabari3dcad\\evoship\\EVOSHIP_HELP_FILES\\about_body.html', 'source_path': 'C:\\Users\\akiro\\workfolder\\imabari3dcad\\evoship\\EVOSHIP_HELP_FILES\\about_body.html', 'section_id': '4478152f881537f1e6b3bb012fe2a0bf3725bf2e', 'title': 'ボディ', 'section_heading': 'ボディ', 'section_level': 2, 'section_index': 0, 'last_modified': '2025-07-08T01:02:52+00:00', 'extracted_at': '2025-11-04T06:45:24+00:00', 'data_source': 'EVOSHIP_HELP_FILES', 'chunk_id': '2b36d62a-b64f-44ec-bdb4-c54485cde2eb', 'chunk_index': 0, 'text_length': 250, 'start_char_idx': 0, 'end_char_idx': 250, 'triplet_source_id': '2b36d62a-b64f-44ec-bdb4-c54485cde2eb'}}, {'label': 'Composed of', 'source_id': 'Body', 'target_id': 'Feature', 'properties': {'document_id': 'C:\\Users\\akiro\\workfolder\\imabari3dcad\\evoship\\EVOSHIP_HELP_FILES\\about_body.html', 'source_path': 'C:\\Users\\akiro\\workfolder\\imabari3dcad\\evoship\\EVOSHIP_HELP_FILES\\about_body.html', 'section_id': '4478152f881537f1e6b3bb012fe2a0bf3725bf2e', 'title': 'ボディ', 'section_heading': 'ボディ', 'section_level': 2, 'section_index': 0, 'last_modified': '2025-07-08T01:02:52+00:00', 'extracted_at': '2025-11-04T06:45:24+00:00', 'data_source': 'EVOSHIP_HELP_FILES', 'chunk_id': '2b36d62a-b64f-44ec-bdb4-c54485cde2eb', 'chunk_index': 0, 'text_length': 250, 'start_char_idx': 0, 'end_char_idx': 250, 'triplet_source_id': '2b36d62a-b64f-44ec-bdb4-c54485cde2eb'}}, {'label': 'Is element of', 'source_id': 'Body', 'target_id': '3d model', 'properties': {'document_id': 'C:\\Users\\akiro\\workfolder\\imabari3dcad\\evoship\\EVOSHIP_HELP_FILES\\about_body.html', 'source_path': 'C:\\Users\\akiro\\workfolder\\imabari3dcad\\evoship\\EVOSHIP_HELP_FILES\\about_body.html', 'section_id': '4478152f881537f1e6b3bb012fe2a0bf3725bf2e', 'title': 'ボディ', 'section_heading': 'ボディ', 'section_level': 2, 'section_index': 0, 'last_modified': '2025-07-08T01:02:52+00:00', 'extracted_at': '2025-11-04T06:45:24+00:00', 'data_source': 'EVOSHIP_HELP_FILES', 'chunk_id': '2b36d62a-b64f-44ec-bdb4-c54485cde2eb', 'chunk_index': 0, 'text_length': 250, 'start_char_idx': 0, 'end_char_idx': 250, 'triplet_source_id': '2b36d62a-b64f-44ec-bdb4-c54485cde2eb'}}, {'label': 'Not present in', 'source_id': 'Body', 'target_id': 'Drawing documents', 'properties': {'document_id': 'C:\\Users\\akiro\\workfolder\\imabari3dcad\\evoship\\EVOSHIP_HELP_FILES\\about_body.html', 'source_path': 'C:\\Users\\akiro\\workfolder\\imabari3dcad\\evoship\\EVOSHIP_HELP_FILES\\about_body.html', 'section_id': '4478152f881537f1e6b3bb012fe2a0bf3725bf2e', 'title': 'ボディ', 'section_heading': 'ボディ', 'section_level': 2, 'section_index': 0, 'last_modified': '2025-07-08T01:02:52+00:00', 'extracted_at': '2025-11-04T06:45:24+00:00', 'data_source': 'EVOSHIP_HELP_FILES', 'chunk_id': '2b36d62a-b64f-44ec-bdb4-c54485cde2eb', 'chunk_index': 0, 'text_length': 250, 'start_char_idx': 0, 'end_char_idx': 250, 'triplet_source_id': '2b36d62a-b64f-44ec-bdb4-c54485cde2eb'}}, {'label': 'Can be set as', 'source_id': 'Body', 'target_id': 'Work body', 'properties': {'document_id': 'C:\\Users\\akiro\\workfolder\\imabari3dcad\\evoship\\EVOSHIP_HELP_FILES\\about_body.html', 'source_path': 'C:\\Users\\akiro\\workfolder\\imabari3dcad\\evoship\\EVOSHIP_HELP_FILES\\about_body.html', 'section_id': '4478152f881537f1e6b3bb012fe2a0bf3725bf2e', 'title': 'ボディ', 'section_heading': 'ボディ', 'section_level': 2, 'section_index': 0, 'last_modified': '2025-07-08T01:02:52+00:00', 'extracted_at': '2025-11-04T06:45:24+00:00', 'data_source': 'EVOSHIP_HELP_FILES', 'chunk_id': '2b36d62a-b64f-44ec-bdb4-c54485cde2eb', 'chunk_index': 0, 'text_length': 250, 'start_char_idx': 0, 'end_char_idx': 250, 'triplet_source_id': '2b36d62a-b64f-44ec-bdb4-c54485cde2eb'}}, {'label': 'Created on', 'source_id': 'Feature', 'target_id': 'Work body', 'properties': {'document_id': 'C:\\Users\\akiro\\workfolder\\imabari3dcad\\evoship\\EVOSHIP_HELP_FILES\\about_body.html', 'source_path': 'C:\\Users\\akiro\\workfolder\\imabari3dcad\\evoship\\EVOSHIP_HELP_FILES\\about_body.html', 'section_id': '4478152f881537f1e6b3bb012fe2a0bf3725bf2e', 'title': 'ボディ', 'section_heading': 'ボディ', 'section_level': 2, 'section_index': 0, 'last_modified': '2025-07-08T01:02:52+00:00', 'extracted_at': '2025-11-04T06:45:24+00:00', 'data_source': 'EVOSHIP_HELP_FILES', 'chunk_id': '2b36d62a-b64f-44ec-bdb4-c54485cde2eb', 'chunk_index': 0, 'text_length': 250, 'start_char_idx': 0, 'end_char_idx': 250, 'triplet_source_id': '2b36d62a-b64f-44ec-bdb4-c54485cde2eb'}}, {'label': 'Can set', 'source_id': 'Solid body', 'target_id': 'Material', 'properties': {'document_id': 'C:\\Users\\akiro\\workfolder\\imabari3dcad\\evoship\\EVOSHIP_HELP_FILES\\about_body.html', 'source_path': 'C:\\Users\\akiro\\workfolder\\imabari3dcad\\evoship\\EVOSHIP_HELP_FILES\\about_body.html', 'section_id': '4478152f881537f1e6b3bb012fe2a0bf3725bf2e', 'title': 'ボディ', 'section_heading': 'ボディ', 'section_level': 2, 'section_index': 0, 'last_modified': '2025-07-08T01:02:52+00:00', 'extracted_at': '2025-11-04T06:45:24+00:00', 'data_source': 'EVOSHIP_HELP_FILES', 'chunk_id': '2b36d62a-b64f-44ec-bdb4-c54485cde2eb', 'chunk_index': 0, 'text_length': 250, 'start_char_idx': 0, 'end_char_idx': 250, 'triplet_source_id': '2b36d62a-b64f-44ec-bdb4-c54485cde2eb'}}, {'label': 'Used by', 'source_id': 'Material', 'target_id': 'Mass properties commands', 'properties': {'document_id': 'C:\\Users\\akiro\\workfolder\\imabari3dcad\\evoship\\EVOSHIP_HELP_FILES\\about_body.html', 'source_path': 'C:\\Users\\akiro\\workfolder\\imabari3dcad\\evoship\\EVOSHIP_HELP_FILES\\about_body.html', 'section_id': '4478152f881537f1e6b3bb012fe2a0bf3725bf2e', 'title': 'ボディ', 'section_heading': 'ボディ', 'section_level': 2, 'section_index': 0, 'last_modified': '2025-07-08T01:02:52+00:00', 'extracted_at': '2025-11-04T06:45:24+00:00', 'data_source': 'EVOSHIP_HELP_FILES', 'chunk_id': '2b36d62a-b64f-44ec-bdb4-c54485cde2eb', 'chunk_index': 0, 'text_length': 250, 'start_char_idx': 0, 'end_char_idx': 250, 'triplet_source_id': '2b36d62a-b64f-44ec-bdb4-c54485cde2eb'}}, {'label': 'Uses', 'source_id': 'Sheet body', 'target_id': 'Plane', 'properties': {'document_id': 'C:\\Users\\akiro\\workfolder\\imabari3dcad\\evoship\\EVOSHIP_HELP_FILES\\about_body.html', 'source_path': 'C:\\Users\\akiro\\workfolder\\imabari3dcad\\evoship\\EVOSHIP_HELP_FILES\\about_body.html', 'section_id': '4478152f881537f1e6b3bb012fe2a0bf3725bf2e', 'title': 'ボディ', 'section_heading': 'ボディ', 'section_level': 2, 'section_index': 0, 'last_modified': '2025-07-08T01:02:52+00:00', 'extracted_at': '2025-11-04T06:45:24+00:00', 'data_source': 'EVOSHIP_HELP_FILES', 'chunk_id': '2b36d62a-b64f-44ec-bdb4-c54485cde2eb', 'chunk_index': 0, 'text_length': 250, 'start_char_idx': 0, 'end_char_idx': 250, 'triplet_source_id': '2b36d62a-b64f-44ec-bdb4-c54485cde2eb'}}, {'label': 'SOURCE', 'source_id': '2b36d62a-b64f-44ec-bdb4-c54485cde2eb', 'target_id': '4478152f881537f1e6b3bb012fe2a0bf3725bf2e', 'properties': {'document_id': 'C:\\Users\\akiro\\workfolder\\imabari3dcad\\evoship\\EVOSHIP_HELP_FILES\\about_body.html', 'source_path': 'C:\\Users\\akiro\\workfolder\\imabari3dcad\\evoship\\EVOSHIP_HELP_FILES\\about_body.html', 'section_id': '4478152f881537f1e6b3bb012fe2a0bf3725bf2e', 'title': 'ボディ', 'section_heading': 'ボディ', 'section_level': 2, 'section_index': 0, 'last_modified': '2025-07-08T01:02:52+00:00', 'extracted_at': '2025-11-04T06:45:24+00:00', 'data_source': 'EVOSHIP_HELP_FILES', 'chunk_id': '2b36d62a-b64f-44ec-bdb4-c54485cde2eb', 'chunk_index': 0, 'text_length': 250, 'start_char_idx': 0, 'end_char_idx': 250, 'triplet_source_id': '2b36d62a-b64f-44ec-bdb4-c54485cde2eb'}}]} {}
2025-11-04 15:47:17,957 DEBUG neo4j.io: [#FC07]  C: PULL {'n': 1000}
2025-11-04 15:47:17,958 DEBUG neo4j.io: [#FC07]  S: SUCCESS {}
2025-11-04 15:47:17,958 DEBUG neo4j.io: [#FC07]  _: <CONNECTION> server state: READY > TX_READY_OR_TX_STREAMING
2025-11-04 15:47:18,048 DEBUG neo4j.io: [#FC07]  S: SUCCESS {'t_first': 75, 'fields': ['count(*)'], 'qid': 0}
2025-11-04 15:47:19,953 DEBUG neo4j.io: [#FC07]  S: RECORD * 1
2025-11-04 15:47:19,954 DEBUG neo4j.io: [#FC07]  S: SUCCESS {'statuses': [{'gql_status': '00000', 'status_description': 'note: successful completion'}], 'type': 'rw', 't_last': 1905, 'db': 'neo4j'}
2025-11-04 15:47:19,954 DEBUG neo4j.io: [#FC07]  C: COMMIT
2025-11-04 15:47:19,954 DEBUG neo4j.io: [#FC07]  _: <CONNECTION> client state: TX_READY_OR_TX_STREAMING > READY
2025-11-04 15:47:19,972 DEBUG neo4j.io: [#FC07]  S: SUCCESS {'bookmark': 'FB:kcwQKAEtB9jYQr+aRTiIhKLSIckDH5A='}
2025-11-04 15:47:19,972 DEBUG neo4j.io: [#FC07]  _: <CONNECTION> server state: TX_READY_OR_TX_STREAMING > READY
2025-11-04 15:47:19,972 DEBUG neo4j.pool: [#FC07]  _: <POOL> released bolt-178
2025-11-04 15:47:19,972 DEBUG neo4j: [#0000]  _: <WORKSPACE> routing towards fixed database: neo4j
2025-11-04 15:47:19,972 DEBUG neo4j: [#0000]  _: <WORKSPACE> pinning database: 'neo4j'
2025-11-04 15:47:19,972 DEBUG neo4j.pool: [#0000]  _: <POOL> acquire direct connection, access_mode='WRITE', database=AcquisitionDatabase(name='neo4j', guessed=False)
2025-11-04 15:47:19,972 DEBUG neo4j.pool: [#FC07]  _: <POOL> picked existing connection bolt-178
2025-11-04 15:47:19,973 DEBUG neo4j.pool: [#FC07]  _: <POOL> checked re_auth auth=None updated=False force=False
2025-11-04 15:47:19,973 DEBUG neo4j.pool: [#FC07]  _: <POOL> handing out existing connection
2025-11-04 15:47:19,973 DEBUG neo4j.io: [#FC07]  C: BEGIN {'db': 'neo4j', 'bookmarks': ['FB:kcwQKAEtB9jYQr+aRTiIhKLSIckDH5A=']}
2025-11-04 15:47:19,973 DEBUG neo4j.io: [#FC07]  _: <CONNECTION> client state: READY > TX_READY_OR_TX_STREAMING
2025-11-04 15:47:19,973 DEBUG neo4j.io: [#FC07]  C: RUN '\nCALL apoc.meta.data()\nYIELD label, other, elementType, type, property\nWHERE NOT type = "RELATIONSHIP" AND elementType = "node"\n  AND NOT label IN $EXCLUDED_LABELS\nWITH label AS nodeLabels, collect({property:property, type:type}) AS properties\nRETURN {labels: nodeLabels, properties: properties} AS output\n\n' {'EXCLUDED_LABELS': ['_Bloom_Perspective_', '_Bloom_Scene_', '__Entity__', '__Node__']} {}
2025-11-04 15:47:19,973 DEBUG neo4j.io: [#FC07]  C: PULL {'n': 1000}
2025-11-04 15:47:19,974 DEBUG neo4j.io: [#FC07]  S: SUCCESS {}
2025-11-04 15:47:19,974 DEBUG neo4j.io: [#FC07]  _: <CONNECTION> server state: READY > TX_READY_OR_TX_STREAMING
2025-11-04 15:47:19,977 DEBUG neo4j.io: [#FC07]  S: SUCCESS {'t_first': 2, 'fields': ['output'], 'qid': 0}
2025-11-04 15:47:20,012 DEBUG neo4j.io: [#FC07]  S: RECORD * 1
2025-11-04 15:47:20,012 DEBUG neo4j.io: [#FC07]  S: RECORD * 1
2025-11-04 15:47:20,012 DEBUG neo4j.io: [#FC07]  S: RECORD * 1
2025-11-04 15:47:20,012 DEBUG neo4j.io: [#FC07]  S: RECORD * 1
2025-11-04 15:47:20,012 DEBUG neo4j.io: [#FC07]  S: RECORD * 1
2025-11-04 15:47:20,012 DEBUG neo4j.io: [#FC07]  S: RECORD * 1
2025-11-04 15:47:20,013 DEBUG neo4j.io: [#FC07]  S: RECORD * 1
2025-11-04 15:47:20,013 DEBUG neo4j.io: [#FC07]  S: RECORD * 1
2025-11-04 15:47:20,013 DEBUG neo4j.io: [#FC07]  S: RECORD * 1
2025-11-04 15:47:20,013 DEBUG neo4j.io: [#FC07]  S: SUCCESS {'statuses': [{'gql_status': '00000', 'status_description': 'note: successful completion'}], 'type': 'r', 't_last': 33, 'db': 'neo4j'}
2025-11-04 15:47:20,013 DEBUG neo4j.io: [#FC07]  C: COMMIT
2025-11-04 15:47:20,013 DEBUG neo4j.io: [#FC07]  _: <CONNECTION> client state: TX_READY_OR_TX_STREAMING > READY
2025-11-04 15:47:20,014 DEBUG neo4j.io: [#FC07]  S: SUCCESS {'bookmark': 'FB:kcwQKAEtB9jYQr+aRTiIhKLSIckDH5A='}
2025-11-04 15:47:20,014 DEBUG neo4j.io: [#FC07]  _: <CONNECTION> server state: TX_READY_OR_TX_STREAMING > READY
2025-11-04 15:47:20,014 DEBUG neo4j.pool: [#FC07]  _: <POOL> released bolt-178
2025-11-04 15:47:20,014 DEBUG neo4j: [#0000]  _: <WORKSPACE> routing towards fixed database: neo4j
2025-11-04 15:47:20,014 DEBUG neo4j: [#0000]  _: <WORKSPACE> pinning database: 'neo4j'
2025-11-04 15:47:20,014 DEBUG neo4j.pool: [#0000]  _: <POOL> acquire direct connection, access_mode='WRITE', database=AcquisitionDatabase(name='neo4j', guessed=False)
2025-11-04 15:47:20,015 DEBUG neo4j.pool: [#FC07]  _: <POOL> picked existing connection bolt-178
2025-11-04 15:47:20,015 DEBUG neo4j.pool: [#FC07]  _: <POOL> checked re_auth auth=None updated=False force=False
2025-11-04 15:47:20,015 DEBUG neo4j.pool: [#FC07]  _: <POOL> handing out existing connection
2025-11-04 15:47:20,015 DEBUG neo4j.io: [#FC07]  C: BEGIN {'db': 'neo4j', 'bookmarks': ['FB:kcwQKAEtB9jYQr+aRTiIhKLSIckDH5A=']}
2025-11-04 15:47:20,015 DEBUG neo4j.io: [#FC07]  _: <CONNECTION> client state: READY > TX_READY_OR_TX_STREAMING
2025-11-04 15:47:20,015 DEBUG neo4j.io: [#FC07]  C: RUN '\nCALL apoc.meta.data()\nYIELD label, other, elementType, type, property\nWHERE NOT type = "RELATIONSHIP" AND elementType = "relationship"\n      AND NOT label in $EXCLUDED_LABELS\nWITH label AS nodeLabels, collect({property:property, type:type}) AS properties\nRETURN {type: nodeLabels, properties: properties} AS output\n' {'EXCLUDED_LABELS': ['_Bloom_HAS_SCENE_']} {}
2025-11-04 15:47:20,015 DEBUG neo4j.io: [#FC07]  C: PULL {'n': 1000}
2025-11-04 15:47:20,016 DEBUG neo4j.io: [#FC07]  S: SUCCESS {}
2025-11-04 15:47:20,016 DEBUG neo4j.io: [#FC07]  _: <CONNECTION> server state: READY > TX_READY_OR_TX_STREAMING
2025-11-04 15:47:20,017 DEBUG neo4j.io: [#FC07]  S: SUCCESS {'t_first': 1, 'fields': ['output'], 'qid': 0}
2025-11-04 15:47:20,041 DEBUG neo4j.io: [#FC07]  S: RECORD * 1
2025-11-04 15:47:20,041 DEBUG neo4j.io: [#FC07]  S: RECORD * 1
2025-11-04 15:47:20,042 DEBUG neo4j.io: [#FC07]  S: RECORD * 1
2025-11-04 15:47:20,042 DEBUG neo4j.io: [#FC07]  S: RECORD * 1
2025-11-04 15:47:20,042 DEBUG neo4j.io: [#FC07]  S: RECORD * 1
2025-11-04 15:47:20,042 DEBUG neo4j.io: [#FC07]  S: RECORD * 1
2025-11-04 15:47:20,042 DEBUG neo4j.io: [#FC07]  S: RECORD * 1
2025-11-04 15:47:20,042 DEBUG neo4j.io: [#FC07]  S: RECORD * 1
2025-11-04 15:47:20,042 DEBUG neo4j.io: [#FC07]  S: RECORD * 1
2025-11-04 15:47:20,043 DEBUG neo4j.io: [#FC07]  S: RECORD * 1
2025-11-04 15:47:20,043 DEBUG neo4j.io: [#FC07]  S: RECORD * 1
2025-11-04 15:47:20,043 DEBUG neo4j.io: [#FC07]  S: RECORD * 1
2025-11-04 15:47:20,043 DEBUG neo4j.io: [#FC07]  S: RECORD * 1
2025-11-04 15:47:20,043 DEBUG neo4j.io: [#FC07]  S: RECORD * 1
2025-11-04 15:47:20,043 DEBUG neo4j.io: [#FC07]  S: RECORD * 1
2025-11-04 15:47:20,044 DEBUG neo4j.io: [#FC07]  S: RECORD * 1
2025-11-04 15:47:20,044 DEBUG neo4j.io: [#FC07]  S: RECORD * 1
2025-11-04 15:47:20,044 DEBUG neo4j.io: [#FC07]  S: RECORD * 1
2025-11-04 15:47:20,044 DEBUG neo4j.io: [#FC07]  S: RECORD * 1
2025-11-04 15:47:20,044 DEBUG neo4j.io: [#FC07]  S: RECORD * 1
2025-11-04 15:47:20,044 DEBUG neo4j.io: [#FC07]  S: RECORD * 1
2025-11-04 15:47:20,045 DEBUG neo4j.io: [#FC07]  S: RECORD * 1
2025-11-04 15:47:20,045 DEBUG neo4j.io: [#FC07]  S: RECORD * 1
2025-11-04 15:47:20,045 DEBUG neo4j.io: [#FC07]  S: RECORD * 1
2025-11-04 15:47:20,045 DEBUG neo4j.io: [#FC07]  S: RECORD * 1
2025-11-04 15:47:20,045 DEBUG neo4j.io: [#FC07]  S: RECORD * 1
2025-11-04 15:47:20,045 DEBUG neo4j.io: [#FC07]  S: RECORD * 1
2025-11-04 15:47:20,046 DEBUG neo4j.io: [#FC07]  S: RECORD * 1
2025-11-04 15:47:20,046 DEBUG neo4j.io: [#FC07]  S: RECORD * 1
2025-11-04 15:47:20,046 DEBUG neo4j.io: [#FC07]  S: RECORD * 1
2025-11-04 15:47:20,046 DEBUG neo4j.io: [#FC07]  S: RECORD * 1
2025-11-04 15:47:20,046 DEBUG neo4j.io: [#FC07]  S: RECORD * 1
2025-11-04 15:47:20,046 DEBUG neo4j.io: [#FC07]  S: RECORD * 1
2025-11-04 15:47:20,046 DEBUG neo4j.io: [#FC07]  S: RECORD * 1
2025-11-04 15:47:20,046 DEBUG neo4j.io: [#FC07]  S: RECORD * 1
2025-11-04 15:47:20,047 DEBUG neo4j.io: [#FC07]  S: RECORD * 1
2025-11-04 15:47:20,047 DEBUG neo4j.io: [#FC07]  S: RECORD * 1
2025-11-04 15:47:20,047 DEBUG neo4j.io: [#FC07]  S: RECORD * 1
2025-11-04 15:47:20,047 DEBUG neo4j.io: [#FC07]  S: RECORD * 1
2025-11-04 15:47:20,047 DEBUG neo4j.io: [#FC07]  S: RECORD * 1
2025-11-04 15:47:20,047 DEBUG neo4j.io: [#FC07]  S: SUCCESS {'statuses': [{'gql_status': '00000', 'status_description': 'note: successful completion'}], 'type': 'r', 't_last': 26, 'db': 'neo4j'}
2025-11-04 15:47:20,047 DEBUG neo4j.io: [#FC07]  C: COMMIT
2025-11-04 15:47:20,047 DEBUG neo4j.io: [#FC07]  _: <CONNECTION> client state: TX_READY_OR_TX_STREAMING > READY
2025-11-04 15:47:20,048 DEBUG neo4j.io: [#FC07]  S: SUCCESS {'bookmark': 'FB:kcwQKAEtB9jYQr+aRTiIhKLSIckDH5A='}
2025-11-04 15:47:20,048 DEBUG neo4j.io: [#FC07]  _: <CONNECTION> server state: TX_READY_OR_TX_STREAMING > READY
2025-11-04 15:47:20,048 DEBUG neo4j.pool: [#FC07]  _: <POOL> released bolt-178
2025-11-04 15:47:20,052 DEBUG neo4j: [#0000]  _: <WORKSPACE> routing towards fixed database: neo4j
2025-11-04 15:47:20,052 DEBUG neo4j: [#0000]  _: <WORKSPACE> pinning database: 'neo4j'
2025-11-04 15:47:20,052 DEBUG neo4j.pool: [#0000]  _: <POOL> acquire direct connection, access_mode='WRITE', database=AcquisitionDatabase(name='neo4j', guessed=False)
2025-11-04 15:47:20,052 DEBUG neo4j.pool: [#FC07]  _: <POOL> picked existing connection bolt-178
2025-11-04 15:47:20,052 DEBUG neo4j.pool: [#FC07]  _: <POOL> checked re_auth auth=None updated=False force=False
2025-11-04 15:47:20,052 DEBUG neo4j.pool: [#FC07]  _: <POOL> handing out existing connection
2025-11-04 15:47:20,052 DEBUG neo4j.io: [#FC07]  C: BEGIN {'db': 'neo4j', 'bookmarks': ['FB:kcwQKAEtB9jYQr+aRTiIhKLSIckDH5A=']}
2025-11-04 15:47:20,052 DEBUG neo4j.io: [#FC07]  _: <CONNECTION> client state: READY > TX_READY_OR_TX_STREAMING
2025-11-04 15:47:20,052 DEBUG neo4j.io: [#FC07]  C: RUN '\nCALL apoc.meta.data()\nYIELD label, other, elementType, type, property\nWHERE type = "RELATIONSHIP" AND elementType = "node"\nUNWIND other AS other_node\nWITH * WHERE NOT label IN $EXCLUDED_LABELS\n    AND NOT other_node IN $EXCLUDED_LABELS\nRETURN {start: label, type: property, end: toString(other_node)} AS output\n' {'EXCLUDED_LABELS': ['_Bloom_Perspective_', '_Bloom_Scene_', '__Entity__', '__Node__']} {}
2025-11-04 15:47:20,052 DEBUG neo4j.io: [#FC07]  C: PULL {'n': 1000}
2025-11-04 15:47:20,054 DEBUG neo4j.io: [#FC07]  S: SUCCESS {}
2025-11-04 15:47:20,054 DEBUG neo4j.io: [#FC07]  _: <CONNECTION> server state: READY > TX_READY_OR_TX_STREAMING
2025-11-04 15:47:20,055 DEBUG neo4j.io: [#FC07]  S: SUCCESS {'t_first': 1, 'fields': ['output'], 'qid': 0}
2025-11-04 15:47:20,071 DEBUG neo4j.io: [#FC07]  S: RECORD * 1
2025-11-04 15:47:20,072 DEBUG neo4j.io: [#FC07]  S: RECORD * 1
2025-11-04 15:47:20,072 DEBUG neo4j.io: [#FC07]  S: RECORD * 1
2025-11-04 15:47:20,072 DEBUG neo4j.io: [#FC07]  S: RECORD * 1
2025-11-04 15:47:20,072 DEBUG neo4j.io: [#FC07]  S: RECORD * 1
2025-11-04 15:47:20,072 DEBUG neo4j.io: [#FC07]  S: RECORD * 1
2025-11-04 15:47:20,072 DEBUG neo4j.io: [#FC07]  S: RECORD * 1
2025-11-04 15:47:20,072 DEBUG neo4j.io: [#FC07]  S: RECORD * 1
2025-11-04 15:47:20,072 DEBUG neo4j.io: [#FC07]  S: RECORD * 1
2025-11-04 15:47:20,072 DEBUG neo4j.io: [#FC07]  S: RECORD * 1
2025-11-04 15:47:20,072 DEBUG neo4j.io: [#FC07]  S: RECORD * 1
2025-11-04 15:47:20,072 DEBUG neo4j.io: [#FC07]  S: RECORD * 1
2025-11-04 15:47:20,072 DEBUG neo4j.io: [#FC07]  S: RECORD * 1
2025-11-04 15:47:20,072 DEBUG neo4j.io: [#FC07]  S: RECORD * 1
2025-11-04 15:47:20,072 DEBUG neo4j.io: [#FC07]  S: RECORD * 1
2025-11-04 15:47:20,073 DEBUG neo4j.io: [#FC07]  S: RECORD * 1
2025-11-04 15:47:20,073 DEBUG neo4j.io: [#FC07]  S: RECORD * 1
2025-11-04 15:47:20,073 DEBUG neo4j.io: [#FC07]  S: RECORD * 1
2025-11-04 15:47:20,073 DEBUG neo4j.io: [#FC07]  S: RECORD * 1
2025-11-04 15:47:20,073 DEBUG neo4j.io: [#FC07]  S: RECORD * 1
2025-11-04 15:47:20,073 DEBUG neo4j.io: [#FC07]  S: RECORD * 1
2025-11-04 15:47:20,073 DEBUG neo4j.io: [#FC07]  S: RECORD * 1
2025-11-04 15:47:20,073 DEBUG neo4j.io: [#FC07]  S: RECORD * 1
2025-11-04 15:47:20,073 DEBUG neo4j.io: [#FC07]  S: RECORD * 1
2025-11-04 15:47:20,073 DEBUG neo4j.io: [#FC07]  S: RECORD * 1
2025-11-04 15:47:20,073 DEBUG neo4j.io: [#FC07]  S: RECORD * 1
2025-11-04 15:47:20,073 DEBUG neo4j.io: [#FC07]  S: RECORD * 1
2025-11-04 15:47:20,073 DEBUG neo4j.io: [#FC07]  S: RECORD * 1
2025-11-04 15:47:20,073 DEBUG neo4j.io: [#FC07]  S: RECORD * 1
2025-11-04 15:47:20,073 DEBUG neo4j.io: [#FC07]  S: RECORD * 1
2025-11-04 15:47:20,073 DEBUG neo4j.io: [#FC07]  S: RECORD * 1
2025-11-04 15:47:20,073 DEBUG neo4j.io: [#FC07]  S: RECORD * 1
2025-11-04 15:47:20,073 DEBUG neo4j.io: [#FC07]  S: RECORD * 1
2025-11-04 15:47:20,073 DEBUG neo4j.io: [#FC07]  S: RECORD * 1
2025-11-04 15:47:20,073 DEBUG neo4j.io: [#FC07]  S: RECORD * 1
2025-11-04 15:47:20,074 DEBUG neo4j.io: [#FC07]  S: RECORD * 1
2025-11-04 15:47:20,074 DEBUG neo4j.io: [#FC07]  S: RECORD * 1
2025-11-04 15:47:20,074 DEBUG neo4j.io: [#FC07]  S: RECORD * 1
2025-11-04 15:47:20,074 DEBUG neo4j.io: [#FC07]  S: RECORD * 1
2025-11-04 15:47:20,074 DEBUG neo4j.io: [#FC07]  S: RECORD * 1
2025-11-04 15:47:20,074 DEBUG neo4j.io: [#FC07]  S: RECORD * 1
2025-11-04 15:47:20,074 DEBUG neo4j.io: [#FC07]  S: RECORD * 1
2025-11-04 15:47:20,074 DEBUG neo4j.io: [#FC07]  S: RECORD * 1
2025-11-04 15:47:20,074 DEBUG neo4j.io: [#FC07]  S: RECORD * 1
2025-11-04 15:47:20,074 DEBUG neo4j.io: [#FC07]  S: RECORD * 1
2025-11-04 15:47:20,074 DEBUG neo4j.io: [#FC07]  S: RECORD * 1
2025-11-04 15:47:20,074 DEBUG neo4j.io: [#FC07]  S: SUCCESS {'statuses': [{'gql_status': '00000', 'status_description': 'note: successful completion'}], 'type': 'r', 't_last': 15, 'db': 'neo4j'}
2025-11-04 15:47:20,074 DEBUG neo4j.io: [#FC07]  C: COMMIT
2025-11-04 15:47:20,074 DEBUG neo4j.io: [#FC07]  _: <CONNECTION> client state: TX_READY_OR_TX_STREAMING > READY
2025-11-04 15:47:20,076 DEBUG neo4j.io: [#FC07]  S: SUCCESS {'bookmark': 'FB:kcwQKAEtB9jYQr+aRTiIhKLSIckDH5A='}
2025-11-04 15:47:20,076 DEBUG neo4j.io: [#FC07]  _: <CONNECTION> server state: TX_READY_OR_TX_STREAMING > READY
2025-11-04 15:47:20,076 DEBUG neo4j.pool: [#FC07]  _: <POOL> released bolt-178
2025-11-04 15:47:20,076 DEBUG neo4j: [#0000]  _: <WORKSPACE> routing towards fixed database: neo4j
2025-11-04 15:47:20,076 DEBUG neo4j: [#0000]  _: <WORKSPACE> pinning database: 'neo4j'
2025-11-04 15:47:20,076 DEBUG neo4j.pool: [#0000]  _: <POOL> acquire direct connection, access_mode='WRITE', database=AcquisitionDatabase(name='neo4j', guessed=False)
2025-11-04 15:47:20,076 DEBUG neo4j.pool: [#FC07]  _: <POOL> picked existing connection bolt-178
2025-11-04 15:47:20,076 DEBUG neo4j.pool: [#FC07]  _: <POOL> checked re_auth auth=None updated=False force=False
2025-11-04 15:47:20,076 DEBUG neo4j.pool: [#FC07]  _: <POOL> handing out existing connection
2025-11-04 15:47:20,076 DEBUG neo4j.io: [#FC07]  C: BEGIN {'db': 'neo4j', 'bookmarks': ['FB:kcwQKAEtB9jYQr+aRTiIhKLSIckDH5A=']}
2025-11-04 15:47:20,076 DEBUG neo4j.io: [#FC07]  _: <CONNECTION> client state: READY > TX_READY_OR_TX_STREAMING
2025-11-04 15:47:20,076 DEBUG neo4j.io: [#FC07]  C: RUN 'SHOW CONSTRAINTS' {} {}
2025-11-04 15:47:20,076 DEBUG neo4j.io: [#FC07]  C: PULL {'n': 1000}
2025-11-04 15:47:20,077 DEBUG neo4j.io: [#FC07]  S: SUCCESS {}
2025-11-04 15:47:20,077 DEBUG neo4j.io: [#FC07]  _: <CONNECTION> server state: READY > TX_READY_OR_TX_STREAMING
2025-11-04 15:47:20,079 DEBUG neo4j.io: [#FC07]  S: SUCCESS {'t_first': 1, 'fields': ['id', 'name', 'type', 'entityType', 'labelsOrTypes', 'properties', 'ownedIndex', 'propertyType'], 'qid': 0}
2025-11-04 15:47:20,080 DEBUG neo4j.io: [#FC07]  S: RECORD * 1
2025-11-04 15:47:20,080 DEBUG neo4j.io: [#FC07]  S: RECORD * 1
2025-11-04 15:47:20,080 DEBUG neo4j.io: [#FC07]  S: SUCCESS {'statuses': [{'gql_status': '00000', 'status_description': 'note: successful completion'}], 'type': 'r', 't_last': 1, 'db': 'neo4j'}
2025-11-04 15:47:20,080 DEBUG neo4j.io: [#FC07]  C: COMMIT
2025-11-04 15:47:20,080 DEBUG neo4j.io: [#FC07]  _: <CONNECTION> client state: TX_READY_OR_TX_STREAMING > READY
2025-11-04 15:47:20,081 DEBUG neo4j.io: [#FC07]  S: SUCCESS {'bookmark': 'FB:kcwQKAEtB9jYQr+aRTiIhKLSIckDH5A='}
2025-11-04 15:47:20,081 DEBUG neo4j.io: [#FC07]  _: <CONNECTION> server state: TX_READY_OR_TX_STREAMING > READY
2025-11-04 15:47:20,081 DEBUG neo4j.pool: [#FC07]  _: <POOL> released bolt-178
2025-11-04 15:47:20,081 DEBUG neo4j: [#0000]  _: <WORKSPACE> routing towards fixed database: neo4j
2025-11-04 15:47:20,081 DEBUG neo4j: [#0000]  _: <WORKSPACE> pinning database: 'neo4j'
2025-11-04 15:47:20,081 DEBUG neo4j.pool: [#0000]  _: <POOL> acquire direct connection, access_mode='WRITE', database=AcquisitionDatabase(name='neo4j', guessed=False)
2025-11-04 15:47:20,082 DEBUG neo4j.pool: [#FC07]  _: <POOL> picked existing connection bolt-178
2025-11-04 15:47:20,082 DEBUG neo4j.pool: [#FC07]  _: <POOL> checked re_auth auth=None updated=False force=False
2025-11-04 15:47:20,082 DEBUG neo4j.pool: [#FC07]  _: <POOL> handing out existing connection
2025-11-04 15:47:20,082 DEBUG neo4j.io: [#FC07]  C: BEGIN {'db': 'neo4j', 'bookmarks': ['FB:kcwQKAEtB9jYQr+aRTiIhKLSIckDH5A=']}
2025-11-04 15:47:20,082 DEBUG neo4j.io: [#FC07]  _: <CONNECTION> client state: READY > TX_READY_OR_TX_STREAMING
2025-11-04 15:47:20,082 DEBUG neo4j.io: [#FC07]  C: RUN "CALL apoc.schema.nodes() YIELD label, properties, type, size, valuesSelectivity WHERE type = 'RANGE' RETURN *, size * valuesSelectivity as distinctValues" {} {}
2025-11-04 15:47:20,082 DEBUG neo4j.io: [#FC07]  C: PULL {'n': 1000}
2025-11-04 15:47:20,083 DEBUG neo4j.io: [#FC07]  S: SUCCESS {}
2025-11-04 15:47:20,083 DEBUG neo4j.io: [#FC07]  _: <CONNECTION> server state: READY > TX_READY_OR_TX_STREAMING
2025-11-04 15:47:20,085 DEBUG neo4j.io: [#FC07]  S: SUCCESS {'t_first': 2, 'fields': ['label', 'properties', 'size', 'type', 'valuesSelectivity', 'distinctValues'], 'qid': 0}
2025-11-04 15:47:20,087 DEBUG neo4j.io: [#FC07]  S: RECORD * 1
2025-11-04 15:47:20,087 DEBUG neo4j.io: [#FC07]  S: RECORD * 1
2025-11-04 15:47:20,087 DEBUG neo4j.io: [#FC07]  S: SUCCESS {'statuses': [{'gql_status': '00000', 'status_description': 'note: successful completion'}], 'type': 'rw', 't_last': 2, 'db': 'neo4j'}
2025-11-04 15:47:20,087 DEBUG neo4j.io: [#FC07]  C: COMMIT
2025-11-04 15:47:20,087 DEBUG neo4j.io: [#FC07]  _: <CONNECTION> client state: TX_READY_OR_TX_STREAMING > READY
2025-11-04 15:47:20,088 DEBUG neo4j.io: [#FC07]  S: SUCCESS {'bookmark': 'FB:kcwQKAEtB9jYQr+aRTiIhKLSIckDH5A='}
2025-11-04 15:47:20,088 DEBUG neo4j.io: [#FC07]  _: <CONNECTION> server state: TX_READY_OR_TX_STREAMING > READY
2025-11-04 15:47:20,088 DEBUG neo4j.pool: [#FC07]  _: <POOL> released bolt-178
2025-11-04 15:47:20,089 DEBUG neo4j: [#0000]  _: <WORKSPACE> routing towards fixed database: neo4j
2025-11-04 15:47:20,089 DEBUG neo4j: [#0000]  _: <WORKSPACE> pinning database: 'neo4j'
2025-11-04 15:47:20,089 DEBUG neo4j.pool: [#0000]  _: <POOL> acquire direct connection, access_mode='WRITE', database=AcquisitionDatabase(name='neo4j', guessed=False)
2025-11-04 15:47:20,089 DEBUG neo4j.pool: [#FC07]  _: <POOL> picked existing connection bolt-178
2025-11-04 15:47:20,089 DEBUG neo4j.pool: [#FC07]  _: <POOL> checked re_auth auth=None updated=False force=False
2025-11-04 15:47:20,089 DEBUG neo4j.pool: [#FC07]  _: <POOL> handing out existing connection
2025-11-04 15:47:20,089 DEBUG neo4j.io: [#FC07]  C: BEGIN {'db': 'neo4j', 'bookmarks': ['FB:kcwQKAEtB9jYQr+aRTiIhKLSIckDH5A=']}
2025-11-04 15:47:20,089 DEBUG neo4j.io: [#FC07]  _: <CONNECTION> client state: READY > TX_READY_OR_TX_STREAMING
2025-11-04 15:47:20,089 DEBUG neo4j.io: [#FC07]  C: RUN "CALL apoc.meta.subGraph({}) YIELD nodes, relationships RETURN nodes, [rel in relationships | {name:apoc.any.property(rel, 'type'), count: apoc.any.property(rel, 'count')}] AS relationships" {} {}
2025-11-04 15:47:20,089 DEBUG neo4j.io: [#FC07]  C: PULL {'n': 1000}
2025-11-04 15:47:20,090 DEBUG neo4j.io: [#FC07]  S: SUCCESS {}
2025-11-04 15:47:20,090 DEBUG neo4j.io: [#FC07]  _: <CONNECTION> server state: READY > TX_READY_OR_TX_STREAMING
2025-11-04 15:47:20,091 DEBUG neo4j.io: [#FC07]  S: SUCCESS {'t_first': 1, 'fields': ['nodes', 'relationships'], 'qid': 0}
2025-11-04 15:47:20,187 DEBUG neo4j.io: [#FC07]  S: RECORD * 1
2025-11-04 15:47:20,187 DEBUG neo4j.io: [#FC07]  S: SUCCESS {'statuses': [{'gql_status': '00000', 'status_description': 'note: successful completion'}], 'type': 'r', 't_last': 94, 'db': 'neo4j'}
2025-11-04 15:47:20,187 DEBUG neo4j.io: [#FC07]  C: COMMIT
2025-11-04 15:47:20,187 DEBUG neo4j.io: [#FC07]  _: <CONNECTION> client state: TX_READY_OR_TX_STREAMING > READY
2025-11-04 15:47:20,188 DEBUG neo4j.io: [#FC07]  S: SUCCESS {'bookmark': 'FB:kcwQKAEtB9jYQr+aRTiIhKLSIckDH5A='}
2025-11-04 15:47:20,188 DEBUG neo4j.io: [#FC07]  _: <CONNECTION> server state: TX_READY_OR_TX_STREAMING > READY
2025-11-04 15:47:20,188 DEBUG neo4j.pool: [#FC07]  _: <POOL> released bolt-178
2025-11-04 15:47:20,189 DEBUG neo4j: [#0000]  _: <WORKSPACE> routing towards fixed database: neo4j
2025-11-04 15:47:20,189 DEBUG neo4j: [#0000]  _: <WORKSPACE> pinning database: 'neo4j'
2025-11-04 15:47:20,189 DEBUG neo4j.pool: [#0000]  _: <POOL> acquire direct connection, access_mode='WRITE', database=AcquisitionDatabase(name='neo4j', guessed=False)
2025-11-04 15:47:20,189 DEBUG neo4j.pool: [#FC07]  _: <POOL> picked existing connection bolt-178
2025-11-04 15:47:20,189 DEBUG neo4j.pool: [#FC07]  _: <POOL> checked re_auth auth=None updated=False force=False
2025-11-04 15:47:20,189 DEBUG neo4j.pool: [#FC07]  _: <POOL> handing out existing connection
2025-11-04 15:47:20,189 DEBUG neo4j.io: [#FC07]  C: BEGIN {'db': 'neo4j', 'bookmarks': ['FB:kcwQKAEtB9jYQr+aRTiIhKLSIckDH5A=']}
2025-11-04 15:47:20,189 DEBUG neo4j.io: [#FC07]  _: <CONNECTION> client state: READY > TX_READY_OR_TX_STREAMING
2025-11-04 15:47:20,190 DEBUG neo4j.io: [#FC07]  C: RUN "MATCH (n:`Attribute`)\nWITH collect(distinct substring(toString(coalesce(n.`name`, '')), 0, 52)) AS `name_values`,\n     collect(distinct substring(toString(coalesce(n.`description`, '')), 0, 52)) AS `description_values`,\n     collect(distinct substring(toString(coalesce(n.`id`, '')), 0, 52)) AS `id_values`\nRETURN {`name`: {values:`name_values`[..10], distinct_count: size(`name_values`)}, `description`: {values:`description_values`[..10], distinct_count: size(`description_values`)}, `id`: {values:`id_values`[..10], distinct_count: size(`id_values`)}} AS output" {} {}
2025-11-04 15:47:20,190 DEBUG neo4j.io: [#FC07]  C: PULL {'n': 1000}
2025-11-04 15:47:20,191 DEBUG neo4j.io: [#FC07]  S: SUCCESS {}
2025-11-04 15:47:20,191 DEBUG neo4j.io: [#FC07]  _: <CONNECTION> server state: READY > TX_READY_OR_TX_STREAMING
2025-11-04 15:47:20,192 DEBUG neo4j.io: [#FC07]  S: SUCCESS {'t_first': 1, 'fields': ['output'], 'qid': 0}
2025-11-04 15:47:20,195 DEBUG neo4j.io: [#FC07]  S: RECORD * 1
2025-11-04 15:47:20,195 DEBUG neo4j.io: [#FC07]  S: SUCCESS {'statuses': [{'gql_status': '00000', 'status_description': 'note: successful completion'}], 'type': 'r', 't_last': 2, 'db': 'neo4j'}
2025-11-04 15:47:20,195 DEBUG neo4j.io: [#FC07]  C: COMMIT
2025-11-04 15:47:20,195 DEBUG neo4j.io: [#FC07]  _: <CONNECTION> client state: TX_READY_OR_TX_STREAMING > READY
2025-11-04 15:47:20,196 DEBUG neo4j.io: [#FC07]  S: SUCCESS {'bookmark': 'FB:kcwQKAEtB9jYQr+aRTiIhKLSIckDH5A='}
2025-11-04 15:47:20,196 DEBUG neo4j.io: [#FC07]  _: <CONNECTION> server state: TX_READY_OR_TX_STREAMING > READY
2025-11-04 15:47:20,196 DEBUG neo4j.pool: [#FC07]  _: <POOL> released bolt-178
2025-11-04 15:47:20,196 DEBUG neo4j: [#0000]  _: <WORKSPACE> routing towards fixed database: neo4j
2025-11-04 15:47:20,196 DEBUG neo4j: [#0000]  _: <WORKSPACE> pinning database: 'neo4j'
2025-11-04 15:47:20,196 DEBUG neo4j.pool: [#0000]  _: <POOL> acquire direct connection, access_mode='WRITE', database=AcquisitionDatabase(name='neo4j', guessed=False)
2025-11-04 15:47:20,196 DEBUG neo4j.pool: [#FC07]  _: <POOL> picked existing connection bolt-178
2025-11-04 15:47:20,196 DEBUG neo4j.pool: [#FC07]  _: <POOL> checked re_auth auth=None updated=False force=False
2025-11-04 15:47:20,196 DEBUG neo4j.pool: [#FC07]  _: <POOL> handing out existing connection
2025-11-04 15:47:20,196 DEBUG neo4j.io: [#FC07]  C: BEGIN {'db': 'neo4j', 'bookmarks': ['FB:kcwQKAEtB9jYQr+aRTiIhKLSIckDH5A=']}
2025-11-04 15:47:20,196 DEBUG neo4j.io: [#FC07]  _: <CONNECTION> client state: READY > TX_READY_OR_TX_STREAMING
2025-11-04 15:47:20,196 DEBUG neo4j.io: [#FC07]  C: RUN "MATCH (n:`Chunk`)\nWITH collect(distinct substring(toString(coalesce(n.`id`, '')), 0, 52)) AS `id_values`,\n     collect(distinct substring(toString(coalesce(n.`text`, '')), 0, 52)) AS `text_values`,\n     min(n.`chunk_index`) AS `chunk_index_min`,\n     max(n.`chunk_index`) AS `chunk_index_max`,\n     count(distinct n.`chunk_index`) AS `chunk_index_distinct`,\n     min(n.`section_level`) AS `section_level_min`,\n     max(n.`section_level`) AS `section_level_max`,\n     count(distinct n.`section_level`) AS `section_level_distinct`,\n     collect(distinct substring(toString(coalesce(n.`ref_doc_id`, '')), 0, 52)) AS `ref_doc_id_values`,\n     collect(distinct substring(toString(coalesce(n.`extracted_at`, '')), 0, 52)) AS `extracted_at_values`,\n     collect(distinct substring(toString(coalesce(n.`document_id`, '')), 0, 52)) AS `document_id_values`,\n     collect(distinct substring(toString(coalesce(n.`title`, '')), 0, 52)) AS `title_values`,\n     min(n.`text_length`) AS `text_length_min`,\n     max(n.`text_length`) AS `text_length_max`,\n     count(distinct n.`text_length`) AS `text_length_distinct`,\n     collect(distinct substring(toString(coalesce(n.`doc_id`, '')), 0, 52)) AS `doc_id_values`,\n     collect(distinct substring(toString(coalesce(n.`data_source`, '')), 0, 52)) AS `data_source_values`,\n     collect(distinct substring(toString(coalesce(n.`chunk_id`, '')), 0, 52)) AS `chunk_id_values`,\n     collect(distinct substring(toString(coalesce(n.`_node_content`, '')), 0, 52)) AS `_node_content_values`,\n     collect(distinct substring(toString(coalesce(n.`section_id`, '')), 0, 52)) AS `section_id_values`,\n     collect(distinct substring(toString(coalesce(n.`section_heading`, '')), 0, 52)) AS `section_heading_values`,\n     min(n.`start_char_idx`) AS `start_char_idx_min`,\n     max(n.`start_char_idx`) AS `start_char_idx_max`,\n     count(distinct n.`start_char_idx`) AS `start_char_idx_distinct`,\n     collect(distinct substring(toString(coalesce(n.`source_path`, '')), 0, 52)) AS `source_path_values`,\n     min(n.`section_index`) AS `section_index_min`,\n     max(n.`section_index`) AS `section_index_max`,\n     count(distinct n.`section_index`) AS `section_index_distinct`,\n     collect(distinct substring(toString(coalesce(n.`last_modified`, '')), 0, 52)) AS `last_modified_values`,\n     collect(distinct substring(toString(coalesce(n.`_node_type`, '')), 0, 52)) AS `_node_type_values`,\n     min(n.`end_char_idx`) AS `end_char_idx_min`,\n     max(n.`end_char_idx`) AS `end_char_idx_max`,\n     count(distinct n.`end_char_idx`) AS `end_char_idx_distinct`,\n     collect(distinct substring(toString(coalesce(n.`triplet_source_id`, '')), 0, 52)) AS `triplet_source_id_values`\nRETURN {`id`: {values:`id_values`[..10], distinct_count: size(`id_values`)}, `text`: {values:`text_values`[..10], distinct_count: size(`text_values`)}, `chunk_index`: {min: toString(`chunk_index_min`), max: toString(`chunk_index_max`), distinct_count: `chunk_index_distinct`}, `section_level`: {min: toString(`section_level_min`), max: toString(`section_level_max`), distinct_count: `section_level_distinct`}, `ref_doc_id`: {values:`ref_doc_id_values`[..10], distinct_count: size(`ref_doc_id_values`)}, `extracted_at`: {values:`extracted_at_values`[..10], distinct_count: size(`extracted_at_values`)}, `document_id`: {values:`document_id_values`[..10], distinct_count: size(`document_id_values`)}, `title`: {values:`title_values`[..10], distinct_count: size(`title_values`)}, `text_length`: {min: toString(`text_length_min`), max: toString(`text_length_max`), distinct_count: `text_length_distinct`}, `doc_id`: {values:`doc_id_values`[..10], distinct_count: size(`doc_id_values`)}, `data_source`: {values:`data_source_values`[..10], distinct_count: size(`data_source_values`)}, `chunk_id`: {values:`chunk_id_values`[..10], distinct_count: size(`chunk_id_values`)}, `_node_content`: {values:`_node_content_values`[..10], distinct_count: size(`_node_content_values`)}, `section_id`: {values:`section_id_values`[..10], distinct_count: size(`section_id_values`)}, `section_heading`: {values:`section_heading_values`[..10], distinct_count: size(`section_heading_values`)}, `start_char_idx`: {min: toString(`start_char_idx_min`), max: toString(`start_char_idx_max`), distinct_count: `start_char_idx_distinct`}, `source_path`: {values:`source_path_values`[..10], distinct_count: size(`source_path_values`)}, `section_index`: {min: toString(`section_index_min`), max: toString(`section_index_max`), distinct_count: `section_index_distinct`}, `last_modified`: {values:`last_modified_values`[..10], distinct_count: size(`last_modified_values`)}, `_node_type`: {values:`_node_type_values`[..10], distinct_count: size(`_node_type_values`)}, `end_char_idx`: {min: toString(`end_char_idx_min`), max: toString(`end_char_idx_max`), distinct_count: `end_char_idx_distinct`}, `triplet_source_id`: {values:`triplet_source_id_values`[..10], distinct_count: size(`triplet_source_id_values`)}} AS output" {} {}
2025-11-04 15:47:20,196 DEBUG neo4j.io: [#FC07]  C: PULL {'n': 1000}
2025-11-04 15:47:20,197 DEBUG neo4j.io: [#FC07]  S: SUCCESS {}
2025-11-04 15:47:20,197 DEBUG neo4j.io: [#FC07]  _: <CONNECTION> server state: READY > TX_READY_OR_TX_STREAMING
2025-11-04 15:47:20,373 DEBUG neo4j.io: [#FC07]  S: SUCCESS {'t_first': 176, 'fields': ['output'], 'qid': 0}
2025-11-04 15:47:20,377 DEBUG neo4j.io: [#FC07]  S: RECORD * 1
2025-11-04 15:47:20,377 DEBUG neo4j.io: [#FC07]  S: SUCCESS {'statuses': [{'gql_status': '00000', 'status_description': 'note: successful completion'}], 'type': 'r', 't_last': 2, 'db': 'neo4j'}
2025-11-04 15:47:20,377 DEBUG neo4j.io: [#FC07]  C: COMMIT
2025-11-04 15:47:20,377 DEBUG neo4j.io: [#FC07]  _: <CONNECTION> client state: TX_READY_OR_TX_STREAMING > READY
2025-11-04 15:47:20,378 DEBUG neo4j.io: [#FC07]  S: SUCCESS {'bookmark': 'FB:kcwQKAEtB9jYQr+aRTiIhKLSIckDH5A='}
2025-11-04 15:47:20,379 DEBUG neo4j.io: [#FC07]  _: <CONNECTION> server state: TX_READY_OR_TX_STREAMING > READY
2025-11-04 15:47:20,379 DEBUG neo4j.pool: [#FC07]  _: <POOL> released bolt-178
2025-11-04 15:47:20,379 DEBUG neo4j: [#0000]  _: <WORKSPACE> routing towards fixed database: neo4j
2025-11-04 15:47:20,379 DEBUG neo4j: [#0000]  _: <WORKSPACE> pinning database: 'neo4j'
2025-11-04 15:47:20,379 DEBUG neo4j.pool: [#0000]  _: <POOL> acquire direct connection, access_mode='WRITE', database=AcquisitionDatabase(name='neo4j', guessed=False)
2025-11-04 15:47:20,379 DEBUG neo4j.pool: [#FC07]  _: <POOL> picked existing connection bolt-178
2025-11-04 15:47:20,379 DEBUG neo4j.pool: [#FC07]  _: <POOL> checked re_auth auth=None updated=False force=False
2025-11-04 15:47:20,379 DEBUG neo4j.pool: [#FC07]  _: <POOL> handing out existing connection
2025-11-04 15:47:20,379 DEBUG neo4j.io: [#FC07]  C: BEGIN {'db': 'neo4j', 'bookmarks': ['FB:kcwQKAEtB9jYQr+aRTiIhKLSIckDH5A=']}
2025-11-04 15:47:20,380 DEBUG neo4j.io: [#FC07]  _: <CONNECTION> client state: READY > TX_READY_OR_TX_STREAMING
2025-11-04 15:47:20,380 DEBUG neo4j.io: [#FC07]  C: RUN "MATCH (n:`DataType`)\nWITH collect(distinct substring(toString(coalesce(n.`name`, '')), 0, 52)) AS `name_values`,\n     collect(distinct substring(toString(coalesce(n.`description`, '')), 0, 52)) AS `description_values`,\n     collect(distinct substring(toString(coalesce(n.`id`, '')), 0, 52)) AS `id_values`\nRETURN {`name`: {values:`name_values`[..10], distinct_count: size(`name_values`)}, `description`: {values:`description_values`[..10], distinct_count: size(`description_values`)}, `id`: {values:`id_values`[..10], distinct_count: size(`id_values`)}} AS output" {} {}
2025-11-04 15:47:20,380 DEBUG neo4j.io: [#FC07]  C: PULL {'n': 1000}
2025-11-04 15:47:20,381 DEBUG neo4j.io: [#FC07]  S: SUCCESS {}
2025-11-04 15:47:20,381 DEBUG neo4j.io: [#FC07]  _: <CONNECTION> server state: READY > TX_READY_OR_TX_STREAMING
2025-11-04 15:47:20,384 DEBUG neo4j.io: [#FC07]  S: SUCCESS {'t_first': 1, 'fields': ['output'], 'qid': 0}
2025-11-04 15:47:20,385 DEBUG neo4j.io: [#FC07]  S: RECORD * 1
2025-11-04 15:47:20,385 DEBUG neo4j.io: [#FC07]  S: SUCCESS {'statuses': [{'gql_status': '00000', 'status_description': 'note: successful completion'}], 'type': 'r', 't_last': 1, 'db': 'neo4j'}
2025-11-04 15:47:20,385 DEBUG neo4j.io: [#FC07]  C: COMMIT
2025-11-04 15:47:20,385 DEBUG neo4j.io: [#FC07]  _: <CONNECTION> client state: TX_READY_OR_TX_STREAMING > READY
2025-11-04 15:47:20,386 DEBUG neo4j.io: [#FC07]  S: SUCCESS {'bookmark': 'FB:kcwQKAEtB9jYQr+aRTiIhKLSIckDH5A='}
2025-11-04 15:47:20,386 DEBUG neo4j.io: [#FC07]  _: <CONNECTION> server state: TX_READY_OR_TX_STREAMING > READY
2025-11-04 15:47:20,386 DEBUG neo4j.pool: [#FC07]  _: <POOL> released bolt-178
2025-11-04 15:47:20,386 DEBUG neo4j: [#0000]  _: <WORKSPACE> routing towards fixed database: neo4j
2025-11-04 15:47:20,386 DEBUG neo4j: [#0000]  _: <WORKSPACE> pinning database: 'neo4j'
2025-11-04 15:47:20,386 DEBUG neo4j.pool: [#0000]  _: <POOL> acquire direct connection, access_mode='WRITE', database=AcquisitionDatabase(name='neo4j', guessed=False)
2025-11-04 15:47:20,387 DEBUG neo4j.pool: [#FC07]  _: <POOL> picked existing connection bolt-178
2025-11-04 15:47:20,387 DEBUG neo4j.pool: [#FC07]  _: <POOL> checked re_auth auth=None updated=False force=False
2025-11-04 15:47:20,387 DEBUG neo4j.pool: [#FC07]  _: <POOL> handing out existing connection
2025-11-04 15:47:20,387 DEBUG neo4j.io: [#FC07]  C: BEGIN {'db': 'neo4j', 'bookmarks': ['FB:kcwQKAEtB9jYQr+aRTiIhKLSIckDH5A=']}
2025-11-04 15:47:20,387 DEBUG neo4j.io: [#FC07]  _: <CONNECTION> client state: READY > TX_READY_OR_TX_STREAMING
2025-11-04 15:47:20,387 DEBUG neo4j.io: [#FC07]  C: RUN "MATCH (n:`HelpDocument`)\nWITH collect(distinct substring(toString(coalesce(n.`name`, '')), 0, 52)) AS `name_values`,\n     collect(distinct substring(toString(coalesce(n.`id`, '')), 0, 52)) AS `id_values`,\n     collect(distinct substring(toString(coalesce(n.`extracted_at`, '')), 0, 52)) AS `extracted_at_values`,\n     collect(distinct substring(toString(coalesce(n.`document_id`, '')), 0, 52)) AS `document_id_values`,\n     collect(distinct substring(toString(coalesce(n.`title`, '')), 0, 52)) AS `title_values`,\n     collect(distinct substring(toString(coalesce(n.`data_source`, '')), 0, 52)) AS `data_source_values`,\n     collect(distinct substring(toString(coalesce(n.`source_path`, '')), 0, 52)) AS `source_path_values`,\n     collect(distinct substring(toString(coalesce(n.`last_modified`, '')), 0, 52)) AS `last_modified_values`,\n     collect(distinct substring(toString(coalesce(n.`triplet_source_id`, '')), 0, 52)) AS `triplet_source_id_values`,\n     min(size(coalesce(n.`headings`, []))) AS `headings_size_min`, max(size(coalesce(n.`headings`, []))) AS `headings_size_max`, collect(n.`headings`)[0][..3] AS `headings_values`,\n     min(n.`section_count`) AS `section_count_min`,\n     max(n.`section_count`) AS `section_count_max`,\n     count(distinct n.`section_count`) AS `section_count_distinct`\nRETURN {`name`: {values:`name_values`[..10], distinct_count: size(`name_values`)}, `id`: {values:`id_values`[..10], distinct_count: size(`id_values`)}, `extracted_at`: {values:`extracted_at_values`[..10], distinct_count: size(`extracted_at_values`)}, `document_id`: {values:`document_id_values`[..10], distinct_count: size(`document_id_values`)}, `title`: {values:`title_values`[..10], distinct_count: size(`title_values`)}, `data_source`: {values:`data_source_values`[..10], distinct_count: size(`data_source_values`)}, `source_path`: {values:`source_path_values`[..10], distinct_count: size(`source_path_values`)}, `last_modified`: {values:`last_modified_values`[..10], distinct_count: size(`last_modified_values`)}, `triplet_source_id`: {values:`triplet_source_id_values`[..10], distinct_count: size(`triplet_source_id_values`)}, `headings`: {min_size: `headings_size_min`, max_size: `headings_size_max`, values:`headings_values`}, `section_count`: {min: toString(`section_count_min`), max: toString(`section_count_max`), distinct_count: `section_count_distinct`}} AS output" {} {}
2025-11-04 15:47:20,387 DEBUG neo4j.io: [#FC07]  C: PULL {'n': 1000}
2025-11-04 15:47:20,388 DEBUG neo4j.io: [#FC07]  S: SUCCESS {}
2025-11-04 15:47:20,388 DEBUG neo4j.io: [#FC07]  _: <CONNECTION> server state: READY > TX_READY_OR_TX_STREAMING
2025-11-04 15:47:20,565 DEBUG neo4j.io: [#FC07]  S: SUCCESS {'t_first': 177, 'fields': ['output'], 'qid': 0}
2025-11-04 15:47:20,568 DEBUG neo4j.io: [#FC07]  S: RECORD * 1
2025-11-04 15:47:20,568 DEBUG neo4j.io: [#FC07]  S: SUCCESS {'statuses': [{'gql_status': '00000', 'status_description': 'note: successful completion'}], 'type': 'r', 't_last': 2, 'db': 'neo4j'}
2025-11-04 15:47:20,568 DEBUG neo4j.io: [#FC07]  C: COMMIT
2025-11-04 15:47:20,568 DEBUG neo4j.io: [#FC07]  _: <CONNECTION> client state: TX_READY_OR_TX_STREAMING > READY
2025-11-04 15:47:20,569 DEBUG neo4j.io: [#FC07]  S: SUCCESS {'bookmark': 'FB:kcwQKAEtB9jYQr+aRTiIhKLSIckDH5A='}
2025-11-04 15:47:20,569 DEBUG neo4j.io: [#FC07]  _: <CONNECTION> server state: TX_READY_OR_TX_STREAMING > READY
2025-11-04 15:47:20,569 DEBUG neo4j.pool: [#FC07]  _: <POOL> released bolt-178
2025-11-04 15:47:20,570 DEBUG neo4j: [#0000]  _: <WORKSPACE> routing towards fixed database: neo4j
2025-11-04 15:47:20,570 DEBUG neo4j: [#0000]  _: <WORKSPACE> pinning database: 'neo4j'
2025-11-04 15:47:20,570 DEBUG neo4j.pool: [#0000]  _: <POOL> acquire direct connection, access_mode='WRITE', database=AcquisitionDatabase(name='neo4j', guessed=False)
2025-11-04 15:47:20,570 DEBUG neo4j.pool: [#FC07]  _: <POOL> picked existing connection bolt-178
2025-11-04 15:47:20,570 DEBUG neo4j.pool: [#FC07]  _: <POOL> checked re_auth auth=None updated=False force=False
2025-11-04 15:47:20,570 DEBUG neo4j.pool: [#FC07]  _: <POOL> handing out existing connection
2025-11-04 15:47:20,570 DEBUG neo4j.io: [#FC07]  C: BEGIN {'db': 'neo4j', 'bookmarks': ['FB:kcwQKAEtB9jYQr+aRTiIhKLSIckDH5A=']}
2025-11-04 15:47:20,570 DEBUG neo4j.io: [#FC07]  _: <CONNECTION> client state: READY > TX_READY_OR_TX_STREAMING
2025-11-04 15:47:20,570 DEBUG neo4j.io: [#FC07]  C: RUN "MATCH (n:`HelpSection`)\nWITH collect(distinct substring(toString(coalesce(n.`name`, '')), 0, 52)) AS `name_values`,\n     collect(distinct substring(toString(coalesce(n.`id`, '')), 0, 52)) AS `id_values`,\n     min(n.`section_level`) AS `section_level_min`,\n     max(n.`section_level`) AS `section_level_max`,\n     count(distinct n.`section_level`) AS `section_level_distinct`,\n     collect(distinct substring(toString(coalesce(n.`extracted_at`, '')), 0, 52)) AS `extracted_at_values`,\n     collect(distinct substring(toString(coalesce(n.`document_id`, '')), 0, 52)) AS `document_id_values`,\n     collect(distinct substring(toString(coalesce(n.`title`, '')), 0, 52)) AS `title_values`,\n     collect(distinct substring(toString(coalesce(n.`data_source`, '')), 0, 52)) AS `data_source_values`,\n     collect(distinct substring(toString(coalesce(n.`section_id`, '')), 0, 52)) AS `section_id_values`,\n     collect(distinct substring(toString(coalesce(n.`section_heading`, '')), 0, 52)) AS `section_heading_values`,\n     collect(distinct substring(toString(coalesce(n.`source_path`, '')), 0, 52)) AS `source_path_values`,\n     min(n.`section_index`) AS `section_index_min`,\n     max(n.`section_index`) AS `section_index_max`,\n     count(distinct n.`section_index`) AS `section_index_distinct`,\n     collect(distinct substring(toString(coalesce(n.`last_modified`, '')), 0, 52)) AS `last_modified_values`,\n     collect(distinct substring(toString(coalesce(n.`triplet_source_id`, '')), 0, 52)) AS `triplet_source_id_values`\nRETURN {`name`: {values:`name_values`[..10], distinct_count: size(`name_values`)}, `id`: {values:`id_values`[..10], distinct_count: size(`id_values`)}, `section_level`: {min: toString(`section_level_min`), max: toString(`section_level_max`), distinct_count: `section_level_distinct`}, `extracted_at`: {values:`extracted_at_values`[..10], distinct_count: size(`extracted_at_values`)}, `document_id`: {values:`document_id_values`[..10], distinct_count: size(`document_id_values`)}, `title`: {values:`title_values`[..10], distinct_count: size(`title_values`)}, `data_source`: {values:`data_source_values`[..10], distinct_count: size(`data_source_values`)}, `section_id`: {values:`section_id_values`[..10], distinct_count: size(`section_id_values`)}, `section_heading`: {values:`section_heading_values`[..10], distinct_count: size(`section_heading_values`)}, `source_path`: {values:`source_path_values`[..10], distinct_count: size(`source_path_values`)}, `section_index`: {min: toString(`section_index_min`), max: toString(`section_index_max`), distinct_count: `section_index_distinct`}, `last_modified`: {values:`last_modified_values`[..10], distinct_count: size(`last_modified_values`)}, `triplet_source_id`: {values:`triplet_source_id_values`[..10], distinct_count: size(`triplet_source_id_values`)}} AS output" {} {}
2025-11-04 15:47:20,570 DEBUG neo4j.io: [#FC07]  C: PULL {'n': 1000}
2025-11-04 15:47:20,571 DEBUG neo4j.io: [#FC07]  S: SUCCESS {}
2025-11-04 15:47:20,571 DEBUG neo4j.io: [#FC07]  _: <CONNECTION> server state: READY > TX_READY_OR_TX_STREAMING
2025-11-04 15:47:20,669 DEBUG neo4j.io: [#FC07]  S: SUCCESS {'t_first': 97, 'fields': ['output'], 'qid': 0}
2025-11-04 15:47:20,671 DEBUG neo4j.io: [#FC07]  S: RECORD * 1
2025-11-04 15:47:20,671 DEBUG neo4j.io: [#FC07]  S: SUCCESS {'statuses': [{'gql_status': '00000', 'status_description': 'note: successful completion'}], 'type': 'r', 't_last': 1, 'db': 'neo4j'}
2025-11-04 15:47:20,671 DEBUG neo4j.io: [#FC07]  C: COMMIT
2025-11-04 15:47:20,671 DEBUG neo4j.io: [#FC07]  _: <CONNECTION> client state: TX_READY_OR_TX_STREAMING > READY
2025-11-04 15:47:20,672 DEBUG neo4j.io: [#FC07]  S: SUCCESS {'bookmark': 'FB:kcwQKAEtB9jYQr+aRTiIhKLSIckDH5A='}
2025-11-04 15:47:20,672 DEBUG neo4j.io: [#FC07]  _: <CONNECTION> server state: TX_READY_OR_TX_STREAMING > READY
2025-11-04 15:47:20,672 DEBUG neo4j.pool: [#FC07]  _: <POOL> released bolt-178
2025-11-04 15:47:20,673 DEBUG neo4j: [#0000]  _: <WORKSPACE> routing towards fixed database: neo4j
2025-11-04 15:47:20,673 DEBUG neo4j: [#0000]  _: <WORKSPACE> pinning database: 'neo4j'
2025-11-04 15:47:20,673 DEBUG neo4j.pool: [#0000]  _: <POOL> acquire direct connection, access_mode='WRITE', database=AcquisitionDatabase(name='neo4j', guessed=False)
2025-11-04 15:47:20,673 DEBUG neo4j.pool: [#FC07]  _: <POOL> picked existing connection bolt-178
2025-11-04 15:47:20,673 DEBUG neo4j.pool: [#FC07]  _: <POOL> checked re_auth auth=None updated=False force=False
2025-11-04 15:47:20,673 DEBUG neo4j.pool: [#FC07]  _: <POOL> handing out existing connection
2025-11-04 15:47:20,673 DEBUG neo4j.io: [#FC07]  C: BEGIN {'db': 'neo4j', 'bookmarks': ['FB:kcwQKAEtB9jYQr+aRTiIhKLSIckDH5A=']}
2025-11-04 15:47:20,673 DEBUG neo4j.io: [#FC07]  _: <CONNECTION> client state: READY > TX_READY_OR_TX_STREAMING
2025-11-04 15:47:20,673 DEBUG neo4j.io: [#FC07]  C: RUN "MATCH (n:`Method`)\nWITH collect(distinct substring(toString(coalesce(n.`name`, '')), 0, 52)) AS `name_values`,\n     collect(distinct substring(toString(coalesce(n.`description`, '')), 0, 52)) AS `description_values`,\n     collect(distinct substring(toString(coalesce(n.`id`, '')), 0, 52)) AS `id_values`\nRETURN {`name`: {values:`name_values`[..10], distinct_count: size(`name_values`)}, `description`: {values:`description_values`[..10], distinct_count: size(`description_values`)}, `id`: {values:`id_values`[..10], distinct_count: size(`id_values`)}} AS output" {} {}
2025-11-04 15:47:20,673 DEBUG neo4j.io: [#FC07]  C: PULL {'n': 1000}
2025-11-04 15:47:20,675 DEBUG neo4j.io: [#FC07]  S: SUCCESS {}
2025-11-04 15:47:20,675 DEBUG neo4j.io: [#FC07]  _: <CONNECTION> server state: READY > TX_READY_OR_TX_STREAMING
2025-11-04 15:47:20,676 DEBUG neo4j.io: [#FC07]  S: SUCCESS {'t_first': 1, 'fields': ['output'], 'qid': 0}
2025-11-04 15:47:20,679 DEBUG neo4j.io: [#FC07]  S: RECORD * 1
2025-11-04 15:47:20,680 DEBUG neo4j.io: [#FC07]  S: SUCCESS {'statuses': [{'gql_status': '00000', 'status_description': 'note: successful completion'}], 'type': 'r', 't_last': 3, 'db': 'neo4j'}
2025-11-04 15:47:20,680 DEBUG neo4j.io: [#FC07]  C: COMMIT
2025-11-04 15:47:20,680 DEBUG neo4j.io: [#FC07]  _: <CONNECTION> client state: TX_READY_OR_TX_STREAMING > READY
2025-11-04 15:47:20,682 DEBUG neo4j.io: [#FC07]  S: SUCCESS {'bookmark': 'FB:kcwQKAEtB9jYQr+aRTiIhKLSIckDH5A='}
2025-11-04 15:47:20,682 DEBUG neo4j.io: [#FC07]  _: <CONNECTION> server state: TX_READY_OR_TX_STREAMING > READY
2025-11-04 15:47:20,682 DEBUG neo4j.pool: [#FC07]  _: <POOL> released bolt-178
2025-11-04 15:47:20,682 DEBUG neo4j: [#0000]  _: <WORKSPACE> routing towards fixed database: neo4j
2025-11-04 15:47:20,682 DEBUG neo4j: [#0000]  _: <WORKSPACE> pinning database: 'neo4j'
2025-11-04 15:47:20,682 DEBUG neo4j.pool: [#0000]  _: <POOL> acquire direct connection, access_mode='WRITE', database=AcquisitionDatabase(name='neo4j', guessed=False)
2025-11-04 15:47:20,682 DEBUG neo4j.pool: [#FC07]  _: <POOL> picked existing connection bolt-178
2025-11-04 15:47:20,682 DEBUG neo4j.pool: [#FC07]  _: <POOL> checked re_auth auth=None updated=False force=False
2025-11-04 15:47:20,682 DEBUG neo4j.pool: [#FC07]  _: <POOL> handing out existing connection
2025-11-04 15:47:20,682 DEBUG neo4j.io: [#FC07]  C: BEGIN {'db': 'neo4j', 'bookmarks': ['FB:kcwQKAEtB9jYQr+aRTiIhKLSIckDH5A=']}
2025-11-04 15:47:20,682 DEBUG neo4j.io: [#FC07]  _: <CONNECTION> client state: READY > TX_READY_OR_TX_STREAMING
2025-11-04 15:47:20,682 DEBUG neo4j.io: [#FC07]  C: RUN "MATCH (n:`Object`)\nWITH collect(distinct substring(toString(coalesce(n.`name`, '')), 0, 52)) AS `name_values`,\n     collect(distinct substring(toString(coalesce(n.`id`, '')), 0, 52)) AS `id_values`\nRETURN {`name`: {values:`name_values`[..10], distinct_count: size(`name_values`)}, `id`: {values:`id_values`[..10], distinct_count: size(`id_values`)}} AS output" {} {}
2025-11-04 15:47:20,682 DEBUG neo4j.io: [#FC07]  C: PULL {'n': 1000}
2025-11-04 15:47:20,684 DEBUG neo4j.io: [#FC07]  S: SUCCESS {}
2025-11-04 15:47:20,684 DEBUG neo4j.io: [#FC07]  _: <CONNECTION> server state: READY > TX_READY_OR_TX_STREAMING
2025-11-04 15:47:20,685 DEBUG neo4j.io: [#FC07]  S: SUCCESS {'t_first': 1, 'fields': ['output'], 'qid': 0}
2025-11-04 15:47:20,687 DEBUG neo4j.io: [#FC07]  S: RECORD * 1
2025-11-04 15:47:20,687 DEBUG neo4j.io: [#FC07]  S: SUCCESS {'statuses': [{'gql_status': '00000', 'status_description': 'note: successful completion'}], 'type': 'r', 't_last': 1, 'db': 'neo4j'}
2025-11-04 15:47:20,687 DEBUG neo4j.io: [#FC07]  C: COMMIT
2025-11-04 15:47:20,687 DEBUG neo4j.io: [#FC07]  _: <CONNECTION> client state: TX_READY_OR_TX_STREAMING > READY
2025-11-04 15:47:20,688 DEBUG neo4j.io: [#FC07]  S: SUCCESS {'bookmark': 'FB:kcwQKAEtB9jYQr+aRTiIhKLSIckDH5A='}
2025-11-04 15:47:20,688 DEBUG neo4j.io: [#FC07]  _: <CONNECTION> server state: TX_READY_OR_TX_STREAMING > READY
2025-11-04 15:47:20,688 DEBUG neo4j.pool: [#FC07]  _: <POOL> released bolt-178
2025-11-04 15:47:20,688 DEBUG neo4j: [#0000]  _: <WORKSPACE> routing towards fixed database: neo4j
2025-11-04 15:47:20,688 DEBUG neo4j: [#0000]  _: <WORKSPACE> pinning database: 'neo4j'
2025-11-04 15:47:20,688 DEBUG neo4j.pool: [#0000]  _: <POOL> acquire direct connection, access_mode='WRITE', database=AcquisitionDatabase(name='neo4j', guessed=False)
2025-11-04 15:47:20,688 DEBUG neo4j.pool: [#FC07]  _: <POOL> picked existing connection bolt-178
2025-11-04 15:47:20,688 DEBUG neo4j.pool: [#FC07]  _: <POOL> checked re_auth auth=None updated=False force=False
2025-11-04 15:47:20,688 DEBUG neo4j.pool: [#FC07]  _: <POOL> handing out existing connection
2025-11-04 15:47:20,688 DEBUG neo4j.io: [#FC07]  C: BEGIN {'db': 'neo4j', 'bookmarks': ['FB:kcwQKAEtB9jYQr+aRTiIhKLSIckDH5A=']}
2025-11-04 15:47:20,688 DEBUG neo4j.io: [#FC07]  _: <CONNECTION> client state: READY > TX_READY_OR_TX_STREAMING
2025-11-04 15:47:20,688 DEBUG neo4j.io: [#FC07]  C: RUN "MATCH (n:`ReturnValue`)\nWITH collect(distinct substring(toString(coalesce(n.`description`, '')), 0, 52)) AS `description_values`,\n     collect(distinct substring(toString(coalesce(n.`id`, '')), 0, 52)) AS `id_values`\nRETURN {`description`: {values:`description_values`[..10], distinct_count: size(`description_values`)}, `id`: {values:`id_values`[..10], distinct_count: size(`id_values`)}} AS output" {} {}
2025-11-04 15:47:20,688 DEBUG neo4j.io: [#FC07]  C: PULL {'n': 1000}
2025-11-04 15:47:20,690 DEBUG neo4j.io: [#FC07]  S: SUCCESS {}
2025-11-04 15:47:20,690 DEBUG neo4j.io: [#FC07]  _: <CONNECTION> server state: READY > TX_READY_OR_TX_STREAMING
2025-11-04 15:47:20,691 DEBUG neo4j.io: [#FC07]  S: SUCCESS {'t_first': 1, 'fields': ['output'], 'qid': 0}
2025-11-04 15:47:20,693 DEBUG neo4j.io: [#FC07]  S: RECORD * 1
2025-11-04 15:47:20,693 DEBUG neo4j.io: [#FC07]  S: SUCCESS {'statuses': [{'gql_status': '00000', 'status_description': 'note: successful completion'}], 'type': 'r', 't_last': 1, 'db': 'neo4j'}
2025-11-04 15:47:20,693 DEBUG neo4j.io: [#FC07]  C: COMMIT
2025-11-04 15:47:20,693 DEBUG neo4j.io: [#FC07]  _: <CONNECTION> client state: TX_READY_OR_TX_STREAMING > READY
2025-11-04 15:47:20,694 DEBUG neo4j.io: [#FC07]  S: SUCCESS {'bookmark': 'FB:kcwQKAEtB9jYQr+aRTiIhKLSIckDH5A='}
2025-11-04 15:47:20,694 DEBUG neo4j.io: [#FC07]  _: <CONNECTION> server state: TX_READY_OR_TX_STREAMING > READY
2025-11-04 15:47:20,694 DEBUG neo4j.pool: [#FC07]  _: <POOL> released bolt-178
2025-11-04 15:47:20,694 DEBUG neo4j: [#0000]  _: <WORKSPACE> routing towards fixed database: neo4j
2025-11-04 15:47:20,694 DEBUG neo4j: [#0000]  _: <WORKSPACE> pinning database: 'neo4j'
2025-11-04 15:47:20,694 DEBUG neo4j.pool: [#0000]  _: <POOL> acquire direct connection, access_mode='WRITE', database=AcquisitionDatabase(name='neo4j', guessed=False)
2025-11-04 15:47:20,694 DEBUG neo4j.pool: [#FC07]  _: <POOL> picked existing connection bolt-178
2025-11-04 15:47:20,694 DEBUG neo4j.pool: [#FC07]  _: <POOL> checked re_auth auth=None updated=False force=False
2025-11-04 15:47:20,694 DEBUG neo4j.pool: [#FC07]  _: <POOL> handing out existing connection
2025-11-04 15:47:20,694 DEBUG neo4j.io: [#FC07]  C: BEGIN {'db': 'neo4j', 'bookmarks': ['FB:kcwQKAEtB9jYQr+aRTiIhKLSIckDH5A=']}
2025-11-04 15:47:20,695 DEBUG neo4j.io: [#FC07]  _: <CONNECTION> client state: READY > TX_READY_OR_TX_STREAMING
2025-11-04 15:47:20,695 DEBUG neo4j.io: [#FC07]  C: RUN "MATCH (n:`entity`)\nWITH collect(distinct substring(toString(coalesce(n.`name`, '')), 0, 52)) AS `name_values`,\n     collect(distinct substring(toString(coalesce(n.`id`, '')), 0, 52)) AS `id_values`,\n     min(n.`chunk_index`) AS `chunk_index_min`,\n     max(n.`chunk_index`) AS `chunk_index_max`,\n     count(distinct n.`chunk_index`) AS `chunk_index_distinct`,\n     min(n.`section_level`) AS `section_level_min`,\n     max(n.`section_level`) AS `section_level_max`,\n     count(distinct n.`section_level`) AS `section_level_distinct`,\n     collect(distinct substring(toString(coalesce(n.`extracted_at`, '')), 0, 52)) AS `extracted_at_values`,\n     collect(distinct substring(toString(coalesce(n.`document_id`, '')), 0, 52)) AS `document_id_values`,\n     collect(distinct substring(toString(coalesce(n.`title`, '')), 0, 52)) AS `title_values`,\n     min(n.`text_length`) AS `text_length_min`,\n     max(n.`text_length`) AS `text_length_max`,\n     count(distinct n.`text_length`) AS `text_length_distinct`,\n     collect(distinct substring(toString(coalesce(n.`data_source`, '')), 0, 52)) AS `data_source_values`,\n     collect(distinct substring(toString(coalesce(n.`chunk_id`, '')), 0, 52)) AS `chunk_id_values`,\n     collect(distinct substring(toString(coalesce(n.`section_id`, '')), 0, 52)) AS `section_id_values`,\n     collect(distinct substring(toString(coalesce(n.`section_heading`, '')), 0, 52)) AS `section_heading_values`,\n     min(n.`start_char_idx`) AS `start_char_idx_min`,\n     max(n.`start_char_idx`) AS `start_char_idx_max`,\n     count(distinct n.`start_char_idx`) AS `start_char_idx_distinct`,\n     collect(distinct substring(toString(coalesce(n.`source_path`, '')), 0, 52)) AS `source_path_values`,\n     min(n.`section_index`) AS `section_index_min`,\n     max(n.`section_index`) AS `section_index_max`,\n     count(distinct n.`section_index`) AS `section_index_distinct`,\n     collect(distinct substring(toString(coalesce(n.`last_modified`, '')), 0, 52)) AS `last_modified_values`,\n     min(n.`end_char_idx`) AS `end_char_idx_min`,\n     max(n.`end_char_idx`) AS `end_char_idx_max`,\n     count(distinct n.`end_char_idx`) AS `end_char_idx_distinct`,\n     collect(distinct substring(toString(coalesce(n.`triplet_source_id`, '')), 0, 52)) AS `triplet_source_id_values`\nRETURN {`name`: {values:`name_values`[..10], distinct_count: size(`name_values`)}, `id`: {values:`id_values`[..10], distinct_count: size(`id_values`)}, `chunk_index`: {min: toString(`chunk_index_min`), max: toString(`chunk_index_max`), distinct_count: `chunk_index_distinct`}, `section_level`: {min: toString(`section_level_min`), max: toString(`section_level_max`), distinct_count: `section_level_distinct`}, `extracted_at`: {values:`extracted_at_values`[..10], distinct_count: size(`extracted_at_values`)}, `document_id`: {values:`document_id_values`[..10], distinct_count: size(`document_id_values`)}, `title`: {values:`title_values`[..10], distinct_count: size(`title_values`)}, `text_length`: {min: toString(`text_length_min`), max: toString(`text_length_max`), distinct_count: `text_length_distinct`}, `data_source`: {values:`data_source_values`[..10], distinct_count: size(`data_source_values`)}, `chunk_id`: {values:`chunk_id_values`[..10], distinct_count: size(`chunk_id_values`)}, `section_id`: {values:`section_id_values`[..10], distinct_count: size(`section_id_values`)}, `section_heading`: {values:`section_heading_values`[..10], distinct_count: size(`section_heading_values`)}, `start_char_idx`: {min: toString(`start_char_idx_min`), max: toString(`start_char_idx_max`), distinct_count: `start_char_idx_distinct`}, `source_path`: {values:`source_path_values`[..10], distinct_count: size(`source_path_values`)}, `section_index`: {min: toString(`section_index_min`), max: toString(`section_index_max`), distinct_count: `section_index_distinct`}, `last_modified`: {values:`last_modified_values`[..10], distinct_count: size(`last_modified_values`)}, `end_char_idx`: {min: toString(`end_char_idx_min`), max: toString(`end_char_idx_max`), distinct_count: `end_char_idx_distinct`}, `triplet_source_id`: {values:`triplet_source_id_values`[..10], distinct_count: size(`triplet_source_id_values`)}} AS output" {} {}
2025-11-04 15:47:20,695 DEBUG neo4j.io: [#FC07]  C: PULL {'n': 1000}
2025-11-04 15:47:20,696 DEBUG neo4j.io: [#FC07]  S: SUCCESS {}
2025-11-04 15:47:20,696 DEBUG neo4j.io: [#FC07]  _: <CONNECTION> server state: READY > TX_READY_OR_TX_STREAMING
2025-11-04 15:47:20,829 DEBUG neo4j.io: [#FC07]  S: SUCCESS {'t_first': 132, 'fields': ['output'], 'qid': 0}
2025-11-04 15:47:20,834 DEBUG neo4j.io: [#FC07]  S: RECORD * 1
2025-11-04 15:47:20,834 DEBUG neo4j.io: [#FC07]  S: SUCCESS {'statuses': [{'gql_status': '00000', 'status_description': 'note: successful completion'}], 'type': 'r', 't_last': 5, 'db': 'neo4j'}
2025-11-04 15:47:20,835 DEBUG neo4j.io: [#FC07]  C: COMMIT
2025-11-04 15:47:20,835 DEBUG neo4j.io: [#FC07]  _: <CONNECTION> client state: TX_READY_OR_TX_STREAMING > READY
2025-11-04 15:47:20,835 DEBUG neo4j.io: [#FC07]  S: SUCCESS {'bookmark': 'FB:kcwQKAEtB9jYQr+aRTiIhKLSIckDH5A='}
2025-11-04 15:47:20,836 DEBUG neo4j.io: [#FC07]  _: <CONNECTION> server state: TX_READY_OR_TX_STREAMING > READY
2025-11-04 15:47:20,836 DEBUG neo4j.pool: [#FC07]  _: <POOL> released bolt-178
2025-11-04 15:47:20,836 DEBUG neo4j.pool: [#0000]  _: <POOL> close
2025-11-04 15:47:20,836 DEBUG neo4j.io: [#FC07]  C: GOODBYE
2025-11-04 15:47:20,836 DEBUG neo4j.io: [#FC07]  C: <CLOSE>
2025-11-04 15:47:20,836 INFO root: 処理が完了しました: 3 documents, 6 sections, 7 chunks
