2025-11-04 16:53:17,175 DEBUG llama_index.core.node_parser.node_utils: > Adding chunk: アノーテーション

３次元位置や要素上に 注記 をつけることができます。
2025-11-04 16:53:18,371 DEBUG llama_index.core.node_parser.node_utils: > Adding chunk: 注記・寸法スタイル設定

注記や寸法の各種パラメータは、要素ひとつひとつに設定することもできま...
2025-11-04 16:53:18,371 DEBUG llama_index.core.node_parser.node_utils: > Adding chunk: また、既存のスタイルを元にして新しくスタイルを作りたい場合は、スタイルを選択してコンテキストメ...
2025-11-04 16:53:18,371 DEBUG llama_index.core.node_parser.node_utils: > Adding chunk: 注記スタイルの管理

「注記・寸法スタイル設定」ウィンドウで作成した注記スタイルは、システム設...
2025-11-04 16:53:18,371 DEBUG llama_index.core.node_parser.node_utils: > Adding chunk: 注記スタイルの作成

左側のスタイル一覧が表示されている欄でコンテキストメニューを表示し、「ス...
2025-11-04 16:53:18,372 DEBUG llama_index.core.node_parser.node_utils: > Adding chunk: 適用ずみスタイルの更新

ウィンドウ右下の「モデルの更新」ボタンをクリックすると、「注記・寸法...
2025-11-04 16:53:18,372 DEBUG llama_index.core.node_parser.node_utils: > Adding chunk: ボディ

ボディにはソリッドボディとシートボディ(複合面)があり、 フィーチャー という基本形...
2025-11-04 16:53:18,373 INFO root: LlamaIndexでチャンク化完了: 3 documents, 6 sections, 7 chunks (chunk_size=800, overlap=120)
2025-11-04 16:53:18,374 DEBUG neo4j.pool: [#0000]  _: <POOL> created, direct address IPv4Address(('127.0.0.1', 7687))
2025-11-04 16:53:18,375 DEBUG neo4j.pool: [#0000]  _: <POOL> created, direct address IPv4Address(('127.0.0.1', 7687))
2025-11-04 16:53:18,375 DEBUG neo4j: [#0000]  _: <WORKSPACE> routing towards fixed database: helpfile
2025-11-04 16:53:18,375 DEBUG neo4j: [#0000]  _: <WORKSPACE> pinning database: 'helpfile'
2025-11-04 16:53:18,375 DEBUG neo4j.pool: [#0000]  _: <POOL> acquire direct connection, access_mode='WRITE', database=AcquisitionDatabase(name='helpfile', guessed=False)
2025-11-04 16:53:18,375 DEBUG neo4j.pool: [#0000]  _: <POOL> trying to hand out new connection
2025-11-04 16:53:18,375 DEBUG neo4j.io: [#0000]  _: <RESOLVE> in: 127.0.0.1:7687
2025-11-04 16:53:18,375 DEBUG neo4j.io: [#0000]  _: <RESOLVE> dns resolver out: 127.0.0.1:7687
2025-11-04 16:53:18,375 DEBUG neo4j.io: [#0000]  C: <OPEN> 127.0.0.1:7687
2025-11-04 16:53:18,376 DEBUG neo4j.io: [#C1C5]  C: <MAGIC> 0x6060B017
2025-11-04 16:53:18,376 DEBUG neo4j.io: [#C1C5]  C: <HANDSHAKE> 0x000001FF 0x00080805 0x00020404 0x00000003
2025-11-04 16:53:18,376 DEBUG neo4j.io: [#C1C5]  S: <HANDSHAKE> 0x000001FF [4] 0x00040404 0x00040405 0x00020805 0x00000006 0x00
2025-11-04 16:53:18,376 DEBUG neo4j.io: [#C1C5]  C: <HANDSHAKE> 0x00000805 0x00
2025-11-04 16:53:18,377 DEBUG neo4j.io: [#C1C5]  C: HELLO {'user_agent': 'neo4j-python/5.28.2 Python/3.10.11-final-0 (win32)', 'notifications_minimum_severity': 'OFF', 'bolt_agent': {'product': 'neo4j-python/5.28.2', 'platform': 'Windows 10; AMD64', 'language': 'Python/3.10.11-final-0', 'language_details': 'CPython; 3.10.11-final-0 (tags/v3.10.11:7d4cc5a, Apr  5 2023 00:38:17) [MSC v.1929 64 bit (AMD64)]'}}
2025-11-04 16:53:18,377 DEBUG neo4j.io: [#C1C5]  _: <CONNECTION> client state: CONNECTED > AUTHENTICATION
2025-11-04 16:53:18,377 DEBUG neo4j.io: [#C1C5]  C: LOGON {'scheme': 'basic', 'principal': 'neo4j', 'credentials': '*******'}
2025-11-04 16:53:18,377 DEBUG neo4j.io: [#C1C5]  _: <CONNECTION> client state: AUTHENTICATION > READY
2025-11-04 16:53:18,378 DEBUG neo4j.io: [#C1C5]  S: SUCCESS {'server': 'Neo4j/2025.07.0', 'protocol_version': '5.8', 'connection_id': 'bolt-223', 'hints': {'connection.recv_timeout_seconds': 120, 'ssr.enabled': True}}
2025-11-04 16:53:18,378 DEBUG neo4j.io: [#C1C5]  _: <CONNECTION> server state: CONNECTED > AUTHENTICATION
2025-11-04 16:53:18,378 DEBUG neo4j.io: [#C1C5]  S: SUCCESS {'advertised_address': 'localhost:7687'}
2025-11-04 16:53:18,378 DEBUG neo4j.io: [#C1C5]  _: <CONNECTION> server state: AUTHENTICATION > READY
2025-11-04 16:53:18,378 DEBUG neo4j.io: [#C1C5]  C: BEGIN {'db': 'helpfile'}
2025-11-04 16:53:18,378 DEBUG neo4j.io: [#C1C5]  _: <CONNECTION> client state: READY > TX_READY_OR_TX_STREAMING
2025-11-04 16:53:18,378 DEBUG neo4j.io: [#C1C5]  C: RUN '\nCALL apoc.meta.data()\nYIELD label, other, elementType, type, property\nWHERE NOT type = "RELATIONSHIP" AND elementType = "node"\n  AND NOT label IN $EXCLUDED_LABELS\nWITH label AS nodeLabels, collect({property:property, type:type}) AS properties\nRETURN {labels: nodeLabels, properties: properties} AS output\n\n' {'EXCLUDED_LABELS': ['_Bloom_Perspective_', '_Bloom_Scene_', '__Entity__', '__Node__']} {}
2025-11-04 16:53:18,379 DEBUG neo4j.io: [#C1C5]  C: PULL {'n': 1000}
2025-11-04 16:53:18,379 DEBUG neo4j.io: [#C1C5]  S: SUCCESS {}
2025-11-04 16:53:18,379 DEBUG neo4j.io: [#C1C5]  _: <CONNECTION> server state: READY > TX_READY_OR_TX_STREAMING
2025-11-04 16:53:18,380 DEBUG neo4j.io: [#C1C5]  S: SUCCESS {'t_first': 1, 'fields': ['output'], 'qid': 0}
2025-11-04 16:53:18,386 DEBUG neo4j.io: [#C1C5]  S: RECORD * 1
2025-11-04 16:53:18,386 DEBUG neo4j.io: [#C1C5]  S: RECORD * 1
2025-11-04 16:53:18,386 DEBUG neo4j.io: [#C1C5]  S: RECORD * 1
2025-11-04 16:53:18,386 DEBUG neo4j.io: [#C1C5]  S: RECORD * 1
2025-11-04 16:53:18,386 DEBUG neo4j.io: [#C1C5]  S: SUCCESS {'statuses': [{'gql_status': '00000', 'status_description': 'note: successful completion'}], 'type': 'r', 't_last': 5, 'db': 'helpfile'}
2025-11-04 16:53:18,386 DEBUG neo4j.io: [#C1C5]  C: COMMIT
2025-11-04 16:53:18,386 DEBUG neo4j.io: [#C1C5]  _: <CONNECTION> client state: TX_READY_OR_TX_STREAMING > READY
2025-11-04 16:53:18,387 DEBUG neo4j.io: [#C1C5]  S: SUCCESS {'bookmark': 'FB:kcwQH1sua9IsT4W6N0kQKFDZyF6Q'}
2025-11-04 16:53:18,387 DEBUG neo4j.io: [#C1C5]  _: <CONNECTION> server state: TX_READY_OR_TX_STREAMING > READY
2025-11-04 16:53:18,387 DEBUG neo4j.pool: [#C1C5]  _: <POOL> released bolt-223
2025-11-04 16:53:18,387 DEBUG neo4j: [#0000]  _: <WORKSPACE> routing towards fixed database: helpfile
2025-11-04 16:53:18,387 DEBUG neo4j: [#0000]  _: <WORKSPACE> pinning database: 'helpfile'
2025-11-04 16:53:18,387 DEBUG neo4j.pool: [#0000]  _: <POOL> acquire direct connection, access_mode='WRITE', database=AcquisitionDatabase(name='helpfile', guessed=False)
2025-11-04 16:53:18,387 DEBUG neo4j.pool: [#C1C5]  _: <POOL> picked existing connection bolt-223
2025-11-04 16:53:18,388 DEBUG neo4j.pool: [#C1C5]  _: <POOL> checked re_auth auth=None updated=False force=False
2025-11-04 16:53:18,388 DEBUG neo4j.pool: [#C1C5]  _: <POOL> handing out existing connection
2025-11-04 16:53:18,388 DEBUG neo4j.io: [#C1C5]  C: BEGIN {'db': 'helpfile', 'bookmarks': ['FB:kcwQH1sua9IsT4W6N0kQKFDZyF6Q']}
2025-11-04 16:53:18,388 DEBUG neo4j.io: [#C1C5]  _: <CONNECTION> client state: READY > TX_READY_OR_TX_STREAMING
2025-11-04 16:53:18,388 DEBUG neo4j.io: [#C1C5]  C: RUN '\nCALL apoc.meta.data()\nYIELD label, other, elementType, type, property\nWHERE NOT type = "RELATIONSHIP" AND elementType = "relationship"\n      AND NOT label in $EXCLUDED_LABELS\nWITH label AS nodeLabels, collect({property:property, type:type}) AS properties\nRETURN {type: nodeLabels, properties: properties} AS output\n' {'EXCLUDED_LABELS': ['_Bloom_HAS_SCENE_']} {}
2025-11-04 16:53:18,388 DEBUG neo4j.io: [#C1C5]  C: PULL {'n': 1000}
2025-11-04 16:53:18,389 DEBUG neo4j.io: [#C1C5]  S: SUCCESS {}
2025-11-04 16:53:18,389 DEBUG neo4j.io: [#C1C5]  _: <CONNECTION> server state: READY > TX_READY_OR_TX_STREAMING
2025-11-04 16:53:18,389 DEBUG neo4j.io: [#C1C5]  S: SUCCESS {'t_first': 0, 'fields': ['output'], 'qid': 0}
2025-11-04 16:53:18,398 DEBUG neo4j.io: [#C1C5]  S: RECORD * 1
2025-11-04 16:53:18,398 DEBUG neo4j.io: [#C1C5]  S: RECORD * 1
2025-11-04 16:53:18,398 DEBUG neo4j.io: [#C1C5]  S: RECORD * 1
2025-11-04 16:53:18,398 DEBUG neo4j.io: [#C1C5]  S: RECORD * 1
2025-11-04 16:53:18,400 DEBUG neo4j.io: [#C1C5]  S: RECORD * 1
2025-11-04 16:53:18,400 DEBUG neo4j.io: [#C1C5]  S: RECORD * 1
2025-11-04 16:53:18,400 DEBUG neo4j.io: [#C1C5]  S: RECORD * 1
2025-11-04 16:53:18,400 DEBUG neo4j.io: [#C1C5]  S: RECORD * 1
2025-11-04 16:53:18,401 DEBUG neo4j.io: [#C1C5]  S: RECORD * 1
2025-11-04 16:53:18,401 DEBUG neo4j.io: [#C1C5]  S: RECORD * 1
2025-11-04 16:53:18,401 DEBUG neo4j.io: [#C1C5]  S: RECORD * 1
2025-11-04 16:53:18,401 DEBUG neo4j.io: [#C1C5]  S: RECORD * 1
2025-11-04 16:53:18,401 DEBUG neo4j.io: [#C1C5]  S: RECORD * 1
2025-11-04 16:53:18,401 DEBUG neo4j.io: [#C1C5]  S: RECORD * 1
2025-11-04 16:53:18,401 DEBUG neo4j.io: [#C1C5]  S: RECORD * 1
2025-11-04 16:53:18,402 DEBUG neo4j.io: [#C1C5]  S: RECORD * 1
2025-11-04 16:53:18,402 DEBUG neo4j.io: [#C1C5]  S: RECORD * 1
2025-11-04 16:53:18,402 DEBUG neo4j.io: [#C1C5]  S: RECORD * 1
2025-11-04 16:53:18,402 DEBUG neo4j.io: [#C1C5]  S: RECORD * 1
2025-11-04 16:53:18,402 DEBUG neo4j.io: [#C1C5]  S: RECORD * 1
2025-11-04 16:53:18,402 DEBUG neo4j.io: [#C1C5]  S: RECORD * 1
2025-11-04 16:53:18,402 DEBUG neo4j.io: [#C1C5]  S: RECORD * 1
2025-11-04 16:53:18,403 DEBUG neo4j.io: [#C1C5]  S: RECORD * 1
2025-11-04 16:53:18,403 DEBUG neo4j.io: [#C1C5]  S: RECORD * 1
2025-11-04 16:53:18,403 DEBUG neo4j.io: [#C1C5]  S: RECORD * 1
2025-11-04 16:53:18,403 DEBUG neo4j.io: [#C1C5]  S: RECORD * 1
2025-11-04 16:53:18,403 DEBUG neo4j.io: [#C1C5]  S: RECORD * 1
2025-11-04 16:53:18,404 DEBUG neo4j.io: [#C1C5]  S: RECORD * 1
2025-11-04 16:53:18,404 DEBUG neo4j.io: [#C1C5]  S: RECORD * 1
2025-11-04 16:53:18,404 DEBUG neo4j.io: [#C1C5]  S: RECORD * 1
2025-11-04 16:53:18,405 DEBUG neo4j.io: [#C1C5]  S: RECORD * 1
2025-11-04 16:53:18,405 DEBUG neo4j.io: [#C1C5]  S: RECORD * 1
2025-11-04 16:53:18,405 DEBUG neo4j.io: [#C1C5]  S: RECORD * 1
2025-11-04 16:53:18,405 DEBUG neo4j.io: [#C1C5]  S: RECORD * 1
2025-11-04 16:53:18,405 DEBUG neo4j.io: [#C1C5]  S: RECORD * 1
2025-11-04 16:53:18,405 DEBUG neo4j.io: [#C1C5]  S: RECORD * 1
2025-11-04 16:53:18,406 DEBUG neo4j.io: [#C1C5]  S: RECORD * 1
2025-11-04 16:53:18,406 DEBUG neo4j.io: [#C1C5]  S: RECORD * 1
2025-11-04 16:53:18,406 DEBUG neo4j.io: [#C1C5]  S: RECORD * 1
2025-11-04 16:53:18,406 DEBUG neo4j.io: [#C1C5]  S: RECORD * 1
2025-11-04 16:53:18,406 DEBUG neo4j.io: [#C1C5]  S: RECORD * 1
2025-11-04 16:53:18,406 DEBUG neo4j.io: [#C1C5]  S: RECORD * 1
2025-11-04 16:53:18,406 DEBUG neo4j.io: [#C1C5]  S: RECORD * 1
2025-11-04 16:53:18,407 DEBUG neo4j.io: [#C1C5]  S: SUCCESS {'statuses': [{'gql_status': '00000', 'status_description': 'note: successful completion'}], 'type': 'r', 't_last': 9, 'db': 'helpfile'}
2025-11-04 16:53:18,407 DEBUG neo4j.io: [#C1C5]  C: COMMIT
2025-11-04 16:53:18,407 DEBUG neo4j.io: [#C1C5]  _: <CONNECTION> client state: TX_READY_OR_TX_STREAMING > READY
2025-11-04 16:53:18,408 DEBUG neo4j.io: [#C1C5]  S: SUCCESS {'bookmark': 'FB:kcwQH1sua9IsT4W6N0kQKFDZyF6Q'}
2025-11-04 16:53:18,408 DEBUG neo4j.io: [#C1C5]  _: <CONNECTION> server state: TX_READY_OR_TX_STREAMING > READY
2025-11-04 16:53:18,408 DEBUG neo4j.pool: [#C1C5]  _: <POOL> released bolt-223
2025-11-04 16:53:18,410 DEBUG neo4j: [#0000]  _: <WORKSPACE> routing towards fixed database: helpfile
2025-11-04 16:53:18,410 DEBUG neo4j: [#0000]  _: <WORKSPACE> pinning database: 'helpfile'
2025-11-04 16:53:18,410 DEBUG neo4j.pool: [#0000]  _: <POOL> acquire direct connection, access_mode='WRITE', database=AcquisitionDatabase(name='helpfile', guessed=False)
2025-11-04 16:53:18,410 DEBUG neo4j.pool: [#C1C5]  _: <POOL> picked existing connection bolt-223
2025-11-04 16:53:18,410 DEBUG neo4j.pool: [#C1C5]  _: <POOL> checked re_auth auth=None updated=False force=False
2025-11-04 16:53:18,410 DEBUG neo4j.pool: [#C1C5]  _: <POOL> handing out existing connection
2025-11-04 16:53:18,411 DEBUG neo4j.io: [#C1C5]  C: BEGIN {'db': 'helpfile', 'bookmarks': ['FB:kcwQH1sua9IsT4W6N0kQKFDZyF6Q']}
2025-11-04 16:53:18,411 DEBUG neo4j.io: [#C1C5]  _: <CONNECTION> client state: READY > TX_READY_OR_TX_STREAMING
2025-11-04 16:53:18,411 DEBUG neo4j.io: [#C1C5]  C: RUN '\nCALL apoc.meta.data()\nYIELD label, other, elementType, type, property\nWHERE type = "RELATIONSHIP" AND elementType = "node"\nUNWIND other AS other_node\nWITH * WHERE NOT label IN $EXCLUDED_LABELS\n    AND NOT other_node IN $EXCLUDED_LABELS\nRETURN {start: label, type: property, end: toString(other_node)} AS output\n' {'EXCLUDED_LABELS': ['_Bloom_Perspective_', '_Bloom_Scene_', '__Entity__', '__Node__']} {}
2025-11-04 16:53:18,411 DEBUG neo4j.io: [#C1C5]  C: PULL {'n': 1000}
2025-11-04 16:53:18,412 DEBUG neo4j.io: [#C1C5]  S: SUCCESS {}
2025-11-04 16:53:18,412 DEBUG neo4j.io: [#C1C5]  _: <CONNECTION> server state: READY > TX_READY_OR_TX_STREAMING
2025-11-04 16:53:18,412 DEBUG neo4j.io: [#C1C5]  S: SUCCESS {'t_first': 1, 'fields': ['output'], 'qid': 0}
2025-11-04 16:53:18,418 DEBUG neo4j.io: [#C1C5]  S: RECORD * 1
2025-11-04 16:53:18,418 DEBUG neo4j.io: [#C1C5]  S: RECORD * 1
2025-11-04 16:53:18,418 DEBUG neo4j.io: [#C1C5]  S: RECORD * 1
2025-11-04 16:53:18,419 DEBUG neo4j.io: [#C1C5]  S: RECORD * 1
2025-11-04 16:53:18,419 DEBUG neo4j.io: [#C1C5]  S: RECORD * 1
2025-11-04 16:53:18,419 DEBUG neo4j.io: [#C1C5]  S: RECORD * 1
2025-11-04 16:53:18,419 DEBUG neo4j.io: [#C1C5]  S: RECORD * 1
2025-11-04 16:53:18,419 DEBUG neo4j.io: [#C1C5]  S: RECORD * 1
2025-11-04 16:53:18,419 DEBUG neo4j.io: [#C1C5]  S: RECORD * 1
2025-11-04 16:53:18,419 DEBUG neo4j.io: [#C1C5]  S: RECORD * 1
2025-11-04 16:53:18,419 DEBUG neo4j.io: [#C1C5]  S: RECORD * 1
2025-11-04 16:53:18,419 DEBUG neo4j.io: [#C1C5]  S: RECORD * 1
2025-11-04 16:53:18,420 DEBUG neo4j.io: [#C1C5]  S: RECORD * 1
2025-11-04 16:53:18,420 DEBUG neo4j.io: [#C1C5]  S: RECORD * 1
2025-11-04 16:53:18,420 DEBUG neo4j.io: [#C1C5]  S: RECORD * 1
2025-11-04 16:53:18,420 DEBUG neo4j.io: [#C1C5]  S: RECORD * 1
2025-11-04 16:53:18,420 DEBUG neo4j.io: [#C1C5]  S: RECORD * 1
2025-11-04 16:53:18,420 DEBUG neo4j.io: [#C1C5]  S: RECORD * 1
2025-11-04 16:53:18,420 DEBUG neo4j.io: [#C1C5]  S: RECORD * 1
2025-11-04 16:53:18,420 DEBUG neo4j.io: [#C1C5]  S: RECORD * 1
2025-11-04 16:53:18,420 DEBUG neo4j.io: [#C1C5]  S: RECORD * 1
2025-11-04 16:53:18,420 DEBUG neo4j.io: [#C1C5]  S: RECORD * 1
2025-11-04 16:53:18,420 DEBUG neo4j.io: [#C1C5]  S: RECORD * 1
2025-11-04 16:53:18,420 DEBUG neo4j.io: [#C1C5]  S: RECORD * 1
2025-11-04 16:53:18,420 DEBUG neo4j.io: [#C1C5]  S: RECORD * 1
2025-11-04 16:53:18,420 DEBUG neo4j.io: [#C1C5]  S: RECORD * 1
2025-11-04 16:53:18,420 DEBUG neo4j.io: [#C1C5]  S: RECORD * 1
2025-11-04 16:53:18,420 DEBUG neo4j.io: [#C1C5]  S: RECORD * 1
2025-11-04 16:53:18,420 DEBUG neo4j.io: [#C1C5]  S: RECORD * 1
2025-11-04 16:53:18,420 DEBUG neo4j.io: [#C1C5]  S: RECORD * 1
2025-11-04 16:53:18,420 DEBUG neo4j.io: [#C1C5]  S: RECORD * 1
2025-11-04 16:53:18,420 DEBUG neo4j.io: [#C1C5]  S: RECORD * 1
2025-11-04 16:53:18,420 DEBUG neo4j.io: [#C1C5]  S: RECORD * 1
2025-11-04 16:53:18,421 DEBUG neo4j.io: [#C1C5]  S: RECORD * 1
2025-11-04 16:53:18,421 DEBUG neo4j.io: [#C1C5]  S: RECORD * 1
2025-11-04 16:53:18,421 DEBUG neo4j.io: [#C1C5]  S: RECORD * 1
2025-11-04 16:53:18,421 DEBUG neo4j.io: [#C1C5]  S: RECORD * 1
2025-11-04 16:53:18,421 DEBUG neo4j.io: [#C1C5]  S: RECORD * 1
2025-11-04 16:53:18,421 DEBUG neo4j.io: [#C1C5]  S: RECORD * 1
2025-11-04 16:53:18,421 DEBUG neo4j.io: [#C1C5]  S: RECORD * 1
2025-11-04 16:53:18,421 DEBUG neo4j.io: [#C1C5]  S: RECORD * 1
2025-11-04 16:53:18,421 DEBUG neo4j.io: [#C1C5]  S: RECORD * 1
2025-11-04 16:53:18,421 DEBUG neo4j.io: [#C1C5]  S: RECORD * 1
2025-11-04 16:53:18,421 DEBUG neo4j.io: [#C1C5]  S: RECORD * 1
2025-11-04 16:53:18,421 DEBUG neo4j.io: [#C1C5]  S: RECORD * 1
2025-11-04 16:53:18,421 DEBUG neo4j.io: [#C1C5]  S: RECORD * 1
2025-11-04 16:53:18,421 DEBUG neo4j.io: [#C1C5]  S: RECORD * 1
2025-11-04 16:53:18,421 DEBUG neo4j.io: [#C1C5]  S: SUCCESS {'statuses': [{'gql_status': '00000', 'status_description': 'note: successful completion'}], 'type': 'r', 't_last': 6, 'db': 'helpfile'}
2025-11-04 16:53:18,421 DEBUG neo4j.io: [#C1C5]  C: COMMIT
2025-11-04 16:53:18,421 DEBUG neo4j.io: [#C1C5]  _: <CONNECTION> client state: TX_READY_OR_TX_STREAMING > READY
2025-11-04 16:53:18,422 DEBUG neo4j.io: [#C1C5]  S: SUCCESS {'bookmark': 'FB:kcwQH1sua9IsT4W6N0kQKFDZyF6Q'}
2025-11-04 16:53:18,422 DEBUG neo4j.io: [#C1C5]  _: <CONNECTION> server state: TX_READY_OR_TX_STREAMING > READY
2025-11-04 16:53:18,422 DEBUG neo4j.pool: [#C1C5]  _: <POOL> released bolt-223
2025-11-04 16:53:18,422 DEBUG neo4j: [#0000]  _: <WORKSPACE> routing towards fixed database: helpfile
2025-11-04 16:53:18,422 DEBUG neo4j: [#0000]  _: <WORKSPACE> pinning database: 'helpfile'
2025-11-04 16:53:18,422 DEBUG neo4j.pool: [#0000]  _: <POOL> acquire direct connection, access_mode='WRITE', database=AcquisitionDatabase(name='helpfile', guessed=False)
2025-11-04 16:53:18,422 DEBUG neo4j.pool: [#C1C5]  _: <POOL> picked existing connection bolt-223
2025-11-04 16:53:18,422 DEBUG neo4j.pool: [#C1C5]  _: <POOL> checked re_auth auth=None updated=False force=False
2025-11-04 16:53:18,422 DEBUG neo4j.pool: [#C1C5]  _: <POOL> handing out existing connection
2025-11-04 16:53:18,422 DEBUG neo4j.io: [#C1C5]  C: BEGIN {'db': 'helpfile', 'bookmarks': ['FB:kcwQH1sua9IsT4W6N0kQKFDZyF6Q']}
2025-11-04 16:53:18,422 DEBUG neo4j.io: [#C1C5]  _: <CONNECTION> client state: READY > TX_READY_OR_TX_STREAMING
2025-11-04 16:53:18,423 DEBUG neo4j.io: [#C1C5]  C: RUN 'SHOW CONSTRAINTS' {} {}
2025-11-04 16:53:18,423 DEBUG neo4j.io: [#C1C5]  C: PULL {'n': 1000}
2025-11-04 16:53:18,423 DEBUG neo4j.io: [#C1C5]  S: SUCCESS {}
2025-11-04 16:53:18,423 DEBUG neo4j.io: [#C1C5]  _: <CONNECTION> server state: READY > TX_READY_OR_TX_STREAMING
2025-11-04 16:53:18,425 DEBUG neo4j.io: [#C1C5]  S: SUCCESS {'t_first': 0, 'fields': ['id', 'name', 'type', 'entityType', 'labelsOrTypes', 'properties', 'ownedIndex', 'propertyType'], 'qid': 0}
2025-11-04 16:53:18,425 DEBUG neo4j.io: [#C1C5]  S: RECORD * 1
2025-11-04 16:53:18,425 DEBUG neo4j.io: [#C1C5]  S: RECORD * 1
2025-11-04 16:53:18,425 DEBUG neo4j.io: [#C1C5]  S: SUCCESS {'statuses': [{'gql_status': '00000', 'status_description': 'note: successful completion'}], 'type': 'r', 't_last': 0, 'db': 'helpfile'}
2025-11-04 16:53:18,425 DEBUG neo4j.io: [#C1C5]  C: COMMIT
2025-11-04 16:53:18,425 DEBUG neo4j.io: [#C1C5]  _: <CONNECTION> client state: TX_READY_OR_TX_STREAMING > READY
2025-11-04 16:53:18,426 DEBUG neo4j.io: [#C1C5]  S: SUCCESS {'bookmark': 'FB:kcwQH1sua9IsT4W6N0kQKFDZyF6Q'}
2025-11-04 16:53:18,426 DEBUG neo4j.io: [#C1C5]  _: <CONNECTION> server state: TX_READY_OR_TX_STREAMING > READY
2025-11-04 16:53:18,426 DEBUG neo4j.pool: [#C1C5]  _: <POOL> released bolt-223
2025-11-04 16:53:18,426 DEBUG neo4j: [#0000]  _: <WORKSPACE> routing towards fixed database: helpfile
2025-11-04 16:53:18,426 DEBUG neo4j: [#0000]  _: <WORKSPACE> pinning database: 'helpfile'
2025-11-04 16:53:18,426 DEBUG neo4j.pool: [#0000]  _: <POOL> acquire direct connection, access_mode='WRITE', database=AcquisitionDatabase(name='helpfile', guessed=False)
2025-11-04 16:53:18,426 DEBUG neo4j.pool: [#C1C5]  _: <POOL> picked existing connection bolt-223
2025-11-04 16:53:18,426 DEBUG neo4j.pool: [#C1C5]  _: <POOL> checked re_auth auth=None updated=False force=False
2025-11-04 16:53:18,426 DEBUG neo4j.pool: [#C1C5]  _: <POOL> handing out existing connection
2025-11-04 16:53:18,426 DEBUG neo4j.io: [#C1C5]  C: BEGIN {'db': 'helpfile', 'bookmarks': ['FB:kcwQH1sua9IsT4W6N0kQKFDZyF6Q']}
2025-11-04 16:53:18,426 DEBUG neo4j.io: [#C1C5]  _: <CONNECTION> client state: READY > TX_READY_OR_TX_STREAMING
2025-11-04 16:53:18,426 DEBUG neo4j.io: [#C1C5]  C: RUN "CALL apoc.schema.nodes() YIELD label, properties, type, size, valuesSelectivity WHERE type = 'RANGE' RETURN *, size * valuesSelectivity as distinctValues" {} {}
2025-11-04 16:53:18,426 DEBUG neo4j.io: [#C1C5]  C: PULL {'n': 1000}
2025-11-04 16:53:18,427 DEBUG neo4j.io: [#C1C5]  S: SUCCESS {}
2025-11-04 16:53:18,427 DEBUG neo4j.io: [#C1C5]  _: <CONNECTION> server state: READY > TX_READY_OR_TX_STREAMING
2025-11-04 16:53:18,427 DEBUG neo4j.io: [#C1C5]  S: SUCCESS {'t_first': 0, 'fields': ['label', 'properties', 'size', 'type', 'valuesSelectivity', 'distinctValues'], 'qid': 0}
2025-11-04 16:53:18,428 DEBUG neo4j.io: [#C1C5]  S: RECORD * 1
2025-11-04 16:53:18,428 DEBUG neo4j.io: [#C1C5]  S: RECORD * 1
2025-11-04 16:53:18,428 DEBUG neo4j.io: [#C1C5]  S: SUCCESS {'statuses': [{'gql_status': '00000', 'status_description': 'note: successful completion'}], 'type': 'rw', 't_last': 1, 'db': 'helpfile'}
2025-11-04 16:53:18,429 DEBUG neo4j.io: [#C1C5]  C: COMMIT
2025-11-04 16:53:18,429 DEBUG neo4j.io: [#C1C5]  _: <CONNECTION> client state: TX_READY_OR_TX_STREAMING > READY
2025-11-04 16:53:18,429 DEBUG neo4j.io: [#C1C5]  S: SUCCESS {'bookmark': 'FB:kcwQH1sua9IsT4W6N0kQKFDZyF6Q'}
2025-11-04 16:53:18,429 DEBUG neo4j.io: [#C1C5]  _: <CONNECTION> server state: TX_READY_OR_TX_STREAMING > READY
2025-11-04 16:53:18,429 DEBUG neo4j.pool: [#C1C5]  _: <POOL> released bolt-223
2025-11-04 16:53:18,429 DEBUG neo4j: [#0000]  _: <WORKSPACE> routing towards fixed database: helpfile
2025-11-04 16:53:18,429 DEBUG neo4j: [#0000]  _: <WORKSPACE> pinning database: 'helpfile'
2025-11-04 16:53:18,429 DEBUG neo4j.pool: [#0000]  _: <POOL> acquire direct connection, access_mode='WRITE', database=AcquisitionDatabase(name='helpfile', guessed=False)
2025-11-04 16:53:18,429 DEBUG neo4j.pool: [#C1C5]  _: <POOL> picked existing connection bolt-223
2025-11-04 16:53:18,429 DEBUG neo4j.pool: [#C1C5]  _: <POOL> checked re_auth auth=None updated=False force=False
2025-11-04 16:53:18,429 DEBUG neo4j.pool: [#C1C5]  _: <POOL> handing out existing connection
2025-11-04 16:53:18,429 DEBUG neo4j.io: [#C1C5]  C: BEGIN {'db': 'helpfile', 'bookmarks': ['FB:kcwQH1sua9IsT4W6N0kQKFDZyF6Q']}
2025-11-04 16:53:18,429 DEBUG neo4j.io: [#C1C5]  _: <CONNECTION> client state: READY > TX_READY_OR_TX_STREAMING
2025-11-04 16:53:18,429 DEBUG neo4j.io: [#C1C5]  C: RUN "CALL apoc.meta.subGraph({}) YIELD nodes, relationships RETURN nodes, [rel in relationships | {name:apoc.any.property(rel, 'type'), count: apoc.any.property(rel, 'count')}] AS relationships" {} {}
2025-11-04 16:53:18,430 DEBUG neo4j.io: [#C1C5]  C: PULL {'n': 1000}
2025-11-04 16:53:18,430 DEBUG neo4j.io: [#C1C5]  S: SUCCESS {}
2025-11-04 16:53:18,430 DEBUG neo4j.io: [#C1C5]  _: <CONNECTION> server state: READY > TX_READY_OR_TX_STREAMING
2025-11-04 16:53:18,430 DEBUG neo4j.io: [#C1C5]  S: SUCCESS {'t_first': 0, 'fields': ['nodes', 'relationships'], 'qid': 0}
2025-11-04 16:53:18,445 DEBUG neo4j.io: [#C1C5]  S: RECORD * 1
2025-11-04 16:53:18,446 DEBUG neo4j.io: [#C1C5]  S: SUCCESS {'statuses': [{'gql_status': '00000', 'status_description': 'note: successful completion'}], 'type': 'r', 't_last': 13, 'db': 'helpfile'}
2025-11-04 16:53:18,446 DEBUG neo4j.io: [#C1C5]  C: COMMIT
2025-11-04 16:53:18,446 DEBUG neo4j.io: [#C1C5]  _: <CONNECTION> client state: TX_READY_OR_TX_STREAMING > READY
2025-11-04 16:53:18,446 DEBUG neo4j.io: [#C1C5]  S: SUCCESS {'bookmark': 'FB:kcwQH1sua9IsT4W6N0kQKFDZyF6Q'}
2025-11-04 16:53:18,446 DEBUG neo4j.io: [#C1C5]  _: <CONNECTION> server state: TX_READY_OR_TX_STREAMING > READY
2025-11-04 16:53:18,447 DEBUG neo4j.pool: [#C1C5]  _: <POOL> released bolt-223
2025-11-04 16:53:18,448 DEBUG neo4j: [#0000]  _: <WORKSPACE> routing towards fixed database: helpfile
2025-11-04 16:53:18,448 DEBUG neo4j: [#0000]  _: <WORKSPACE> pinning database: 'helpfile'
2025-11-04 16:53:18,448 DEBUG neo4j.pool: [#0000]  _: <POOL> acquire direct connection, access_mode='WRITE', database=AcquisitionDatabase(name='helpfile', guessed=False)
2025-11-04 16:53:18,448 DEBUG neo4j.pool: [#C1C5]  _: <POOL> picked existing connection bolt-223
2025-11-04 16:53:18,448 DEBUG neo4j.pool: [#C1C5]  _: <POOL> checked re_auth auth=None updated=False force=False
2025-11-04 16:53:18,448 DEBUG neo4j.pool: [#C1C5]  _: <POOL> handing out existing connection
2025-11-04 16:53:18,448 DEBUG neo4j.io: [#C1C5]  C: BEGIN {'db': 'helpfile', 'bookmarks': ['FB:kcwQH1sua9IsT4W6N0kQKFDZyF6Q']}
2025-11-04 16:53:18,448 DEBUG neo4j.io: [#C1C5]  _: <CONNECTION> client state: READY > TX_READY_OR_TX_STREAMING
2025-11-04 16:53:18,448 DEBUG neo4j.io: [#C1C5]  C: RUN "MATCH (n:`Chunk`)\nWITH collect(distinct substring(toString(coalesce(n.`id`, '')), 0, 52)) AS `id_values`,\n     collect(distinct substring(toString(coalesce(n.`text`, '')), 0, 52)) AS `text_values`,\n     min(n.`chunk_index`) AS `chunk_index_min`,\n     max(n.`chunk_index`) AS `chunk_index_max`,\n     count(distinct n.`chunk_index`) AS `chunk_index_distinct`,\n     min(n.`section_level`) AS `section_level_min`,\n     max(n.`section_level`) AS `section_level_max`,\n     count(distinct n.`section_level`) AS `section_level_distinct`,\n     collect(distinct substring(toString(coalesce(n.`ref_doc_id`, '')), 0, 52)) AS `ref_doc_id_values`,\n     collect(distinct substring(toString(coalesce(n.`extracted_at`, '')), 0, 52)) AS `extracted_at_values`,\n     collect(distinct substring(toString(coalesce(n.`document_id`, '')), 0, 52)) AS `document_id_values`,\n     collect(distinct substring(toString(coalesce(n.`title`, '')), 0, 52)) AS `title_values`,\n     min(n.`text_length`) AS `text_length_min`,\n     max(n.`text_length`) AS `text_length_max`,\n     count(distinct n.`text_length`) AS `text_length_distinct`,\n     collect(distinct substring(toString(coalesce(n.`doc_id`, '')), 0, 52)) AS `doc_id_values`,\n     collect(distinct substring(toString(coalesce(n.`data_source`, '')), 0, 52)) AS `data_source_values`,\n     collect(distinct substring(toString(coalesce(n.`chunk_id`, '')), 0, 52)) AS `chunk_id_values`,\n     collect(distinct substring(toString(coalesce(n.`_node_content`, '')), 0, 52)) AS `_node_content_values`,\n     collect(distinct substring(toString(coalesce(n.`section_id`, '')), 0, 52)) AS `section_id_values`,\n     collect(distinct substring(toString(coalesce(n.`section_heading`, '')), 0, 52)) AS `section_heading_values`,\n     min(n.`start_char_idx`) AS `start_char_idx_min`,\n     max(n.`start_char_idx`) AS `start_char_idx_max`,\n     count(distinct n.`start_char_idx`) AS `start_char_idx_distinct`,\n     collect(distinct substring(toString(coalesce(n.`source_path`, '')), 0, 52)) AS `source_path_values`,\n     min(n.`section_index`) AS `section_index_min`,\n     max(n.`section_index`) AS `section_index_max`,\n     count(distinct n.`section_index`) AS `section_index_distinct`,\n     collect(distinct substring(toString(coalesce(n.`last_modified`, '')), 0, 52)) AS `last_modified_values`,\n     collect(distinct substring(toString(coalesce(n.`_node_type`, '')), 0, 52)) AS `_node_type_values`,\n     min(n.`end_char_idx`) AS `end_char_idx_min`,\n     max(n.`end_char_idx`) AS `end_char_idx_max`,\n     count(distinct n.`end_char_idx`) AS `end_char_idx_distinct`,\n     collect(distinct substring(toString(coalesce(n.`triplet_source_id`, '')), 0, 52)) AS `triplet_source_id_values`\nRETURN {`id`: {values:`id_values`[..10], distinct_count: size(`id_values`)}, `text`: {values:`text_values`[..10], distinct_count: size(`text_values`)}, `chunk_index`: {min: toString(`chunk_index_min`), max: toString(`chunk_index_max`), distinct_count: `chunk_index_distinct`}, `section_level`: {min: toString(`section_level_min`), max: toString(`section_level_max`), distinct_count: `section_level_distinct`}, `ref_doc_id`: {values:`ref_doc_id_values`[..10], distinct_count: size(`ref_doc_id_values`)}, `extracted_at`: {values:`extracted_at_values`[..10], distinct_count: size(`extracted_at_values`)}, `document_id`: {values:`document_id_values`[..10], distinct_count: size(`document_id_values`)}, `title`: {values:`title_values`[..10], distinct_count: size(`title_values`)}, `text_length`: {min: toString(`text_length_min`), max: toString(`text_length_max`), distinct_count: `text_length_distinct`}, `doc_id`: {values:`doc_id_values`[..10], distinct_count: size(`doc_id_values`)}, `data_source`: {values:`data_source_values`[..10], distinct_count: size(`data_source_values`)}, `chunk_id`: {values:`chunk_id_values`[..10], distinct_count: size(`chunk_id_values`)}, `_node_content`: {values:`_node_content_values`[..10], distinct_count: size(`_node_content_values`)}, `section_id`: {values:`section_id_values`[..10], distinct_count: size(`section_id_values`)}, `section_heading`: {values:`section_heading_values`[..10], distinct_count: size(`section_heading_values`)}, `start_char_idx`: {min: toString(`start_char_idx_min`), max: toString(`start_char_idx_max`), distinct_count: `start_char_idx_distinct`}, `source_path`: {values:`source_path_values`[..10], distinct_count: size(`source_path_values`)}, `section_index`: {min: toString(`section_index_min`), max: toString(`section_index_max`), distinct_count: `section_index_distinct`}, `last_modified`: {values:`last_modified_values`[..10], distinct_count: size(`last_modified_values`)}, `_node_type`: {values:`_node_type_values`[..10], distinct_count: size(`_node_type_values`)}, `end_char_idx`: {min: toString(`end_char_idx_min`), max: toString(`end_char_idx_max`), distinct_count: `end_char_idx_distinct`}, `triplet_source_id`: {values:`triplet_source_id_values`[..10], distinct_count: size(`triplet_source_id_values`)}} AS output" {} {}
2025-11-04 16:53:18,448 DEBUG neo4j.io: [#C1C5]  C: PULL {'n': 1000}
2025-11-04 16:53:18,449 DEBUG neo4j.io: [#C1C5]  S: SUCCESS {}
2025-11-04 16:53:18,449 DEBUG neo4j.io: [#C1C5]  _: <CONNECTION> server state: READY > TX_READY_OR_TX_STREAMING
2025-11-04 16:53:18,450 DEBUG neo4j.io: [#C1C5]  S: SUCCESS {'t_first': 1, 'fields': ['output'], 'qid': 0}
2025-11-04 16:53:18,452 DEBUG neo4j.io: [#C1C5]  S: RECORD * 1
2025-11-04 16:53:18,452 DEBUG neo4j.io: [#C1C5]  S: SUCCESS {'statuses': [{'gql_status': '00000', 'status_description': 'note: successful completion'}], 'type': 'r', 't_last': 1, 'db': 'helpfile'}
2025-11-04 16:53:18,452 DEBUG neo4j.io: [#C1C5]  C: COMMIT
2025-11-04 16:53:18,452 DEBUG neo4j.io: [#C1C5]  _: <CONNECTION> client state: TX_READY_OR_TX_STREAMING > READY
2025-11-04 16:53:18,454 DEBUG neo4j.io: [#C1C5]  S: SUCCESS {'bookmark': 'FB:kcwQH1sua9IsT4W6N0kQKFDZyF6Q'}
2025-11-04 16:53:18,454 DEBUG neo4j.io: [#C1C5]  _: <CONNECTION> server state: TX_READY_OR_TX_STREAMING > READY
2025-11-04 16:53:18,454 DEBUG neo4j.pool: [#C1C5]  _: <POOL> released bolt-223
2025-11-04 16:53:18,454 DEBUG neo4j: [#0000]  _: <WORKSPACE> routing towards fixed database: helpfile
2025-11-04 16:53:18,454 DEBUG neo4j: [#0000]  _: <WORKSPACE> pinning database: 'helpfile'
2025-11-04 16:53:18,454 DEBUG neo4j.pool: [#0000]  _: <POOL> acquire direct connection, access_mode='WRITE', database=AcquisitionDatabase(name='helpfile', guessed=False)
2025-11-04 16:53:18,454 DEBUG neo4j.pool: [#C1C5]  _: <POOL> picked existing connection bolt-223
2025-11-04 16:53:18,454 DEBUG neo4j.pool: [#C1C5]  _: <POOL> checked re_auth auth=None updated=False force=False
2025-11-04 16:53:18,454 DEBUG neo4j.pool: [#C1C5]  _: <POOL> handing out existing connection
2025-11-04 16:53:18,454 DEBUG neo4j.io: [#C1C5]  C: BEGIN {'db': 'helpfile', 'bookmarks': ['FB:kcwQH1sua9IsT4W6N0kQKFDZyF6Q']}
2025-11-04 16:53:18,454 DEBUG neo4j.io: [#C1C5]  _: <CONNECTION> client state: READY > TX_READY_OR_TX_STREAMING
2025-11-04 16:53:18,454 DEBUG neo4j.io: [#C1C5]  C: RUN "MATCH (n:`HelpDocument`)\nWITH collect(distinct substring(toString(coalesce(n.`id`, '')), 0, 52)) AS `id_values`,\n     collect(distinct substring(toString(coalesce(n.`name`, '')), 0, 52)) AS `name_values`,\n     collect(distinct substring(toString(coalesce(n.`extracted_at`, '')), 0, 52)) AS `extracted_at_values`,\n     collect(distinct substring(toString(coalesce(n.`document_id`, '')), 0, 52)) AS `document_id_values`,\n     collect(distinct substring(toString(coalesce(n.`title`, '')), 0, 52)) AS `title_values`,\n     collect(distinct substring(toString(coalesce(n.`data_source`, '')), 0, 52)) AS `data_source_values`,\n     collect(distinct substring(toString(coalesce(n.`source_path`, '')), 0, 52)) AS `source_path_values`,\n     collect(distinct substring(toString(coalesce(n.`last_modified`, '')), 0, 52)) AS `last_modified_values`,\n     collect(distinct substring(toString(coalesce(n.`triplet_source_id`, '')), 0, 52)) AS `triplet_source_id_values`,\n     min(size(coalesce(n.`headings`, []))) AS `headings_size_min`, max(size(coalesce(n.`headings`, []))) AS `headings_size_max`, collect(n.`headings`)[0][..3] AS `headings_values`,\n     min(n.`section_count`) AS `section_count_min`,\n     max(n.`section_count`) AS `section_count_max`,\n     count(distinct n.`section_count`) AS `section_count_distinct`\nRETURN {`id`: {values:`id_values`[..10], distinct_count: size(`id_values`)}, `name`: {values:`name_values`[..10], distinct_count: size(`name_values`)}, `extracted_at`: {values:`extracted_at_values`[..10], distinct_count: size(`extracted_at_values`)}, `document_id`: {values:`document_id_values`[..10], distinct_count: size(`document_id_values`)}, `title`: {values:`title_values`[..10], distinct_count: size(`title_values`)}, `data_source`: {values:`data_source_values`[..10], distinct_count: size(`data_source_values`)}, `source_path`: {values:`source_path_values`[..10], distinct_count: size(`source_path_values`)}, `last_modified`: {values:`last_modified_values`[..10], distinct_count: size(`last_modified_values`)}, `triplet_source_id`: {values:`triplet_source_id_values`[..10], distinct_count: size(`triplet_source_id_values`)}, `headings`: {min_size: `headings_size_min`, max_size: `headings_size_max`, values:`headings_values`}, `section_count`: {min: toString(`section_count_min`), max: toString(`section_count_max`), distinct_count: `section_count_distinct`}} AS output" {} {}
2025-11-04 16:53:18,455 DEBUG neo4j.io: [#C1C5]  C: PULL {'n': 1000}
2025-11-04 16:53:18,455 DEBUG neo4j.io: [#C1C5]  S: SUCCESS {}
2025-11-04 16:53:18,455 DEBUG neo4j.io: [#C1C5]  _: <CONNECTION> server state: READY > TX_READY_OR_TX_STREAMING
2025-11-04 16:53:18,456 DEBUG neo4j.io: [#C1C5]  S: SUCCESS {'t_first': 1, 'fields': ['output'], 'qid': 0}
2025-11-04 16:53:18,457 DEBUG neo4j.io: [#C1C5]  S: RECORD * 1
2025-11-04 16:53:18,457 DEBUG neo4j.io: [#C1C5]  S: SUCCESS {'statuses': [{'gql_status': '00000', 'status_description': 'note: successful completion'}], 'type': 'r', 't_last': 1, 'db': 'helpfile'}
2025-11-04 16:53:18,457 DEBUG neo4j.io: [#C1C5]  C: COMMIT
2025-11-04 16:53:18,457 DEBUG neo4j.io: [#C1C5]  _: <CONNECTION> client state: TX_READY_OR_TX_STREAMING > READY
2025-11-04 16:53:18,458 DEBUG neo4j.io: [#C1C5]  S: SUCCESS {'bookmark': 'FB:kcwQH1sua9IsT4W6N0kQKFDZyF6Q'}
2025-11-04 16:53:18,458 DEBUG neo4j.io: [#C1C5]  _: <CONNECTION> server state: TX_READY_OR_TX_STREAMING > READY
2025-11-04 16:53:18,458 DEBUG neo4j.pool: [#C1C5]  _: <POOL> released bolt-223
2025-11-04 16:53:18,458 DEBUG neo4j: [#0000]  _: <WORKSPACE> routing towards fixed database: helpfile
2025-11-04 16:53:18,458 DEBUG neo4j: [#0000]  _: <WORKSPACE> pinning database: 'helpfile'
2025-11-04 16:53:18,458 DEBUG neo4j.pool: [#0000]  _: <POOL> acquire direct connection, access_mode='WRITE', database=AcquisitionDatabase(name='helpfile', guessed=False)
2025-11-04 16:53:18,458 DEBUG neo4j.pool: [#C1C5]  _: <POOL> picked existing connection bolt-223
2025-11-04 16:53:18,458 DEBUG neo4j.pool: [#C1C5]  _: <POOL> checked re_auth auth=None updated=False force=False
2025-11-04 16:53:18,458 DEBUG neo4j.pool: [#C1C5]  _: <POOL> handing out existing connection
2025-11-04 16:53:18,458 DEBUG neo4j.io: [#C1C5]  C: BEGIN {'db': 'helpfile', 'bookmarks': ['FB:kcwQH1sua9IsT4W6N0kQKFDZyF6Q']}
2025-11-04 16:53:18,458 DEBUG neo4j.io: [#C1C5]  _: <CONNECTION> client state: READY > TX_READY_OR_TX_STREAMING
2025-11-04 16:53:18,458 DEBUG neo4j.io: [#C1C5]  C: RUN "MATCH (n:`HelpSection`)\nWITH collect(distinct substring(toString(coalesce(n.`id`, '')), 0, 52)) AS `id_values`,\n     collect(distinct substring(toString(coalesce(n.`name`, '')), 0, 52)) AS `name_values`,\n     min(n.`section_level`) AS `section_level_min`,\n     max(n.`section_level`) AS `section_level_max`,\n     count(distinct n.`section_level`) AS `section_level_distinct`,\n     collect(distinct substring(toString(coalesce(n.`extracted_at`, '')), 0, 52)) AS `extracted_at_values`,\n     collect(distinct substring(toString(coalesce(n.`document_id`, '')), 0, 52)) AS `document_id_values`,\n     collect(distinct substring(toString(coalesce(n.`title`, '')), 0, 52)) AS `title_values`,\n     collect(distinct substring(toString(coalesce(n.`data_source`, '')), 0, 52)) AS `data_source_values`,\n     collect(distinct substring(toString(coalesce(n.`section_id`, '')), 0, 52)) AS `section_id_values`,\n     collect(distinct substring(toString(coalesce(n.`section_heading`, '')), 0, 52)) AS `section_heading_values`,\n     collect(distinct substring(toString(coalesce(n.`source_path`, '')), 0, 52)) AS `source_path_values`,\n     min(n.`section_index`) AS `section_index_min`,\n     max(n.`section_index`) AS `section_index_max`,\n     count(distinct n.`section_index`) AS `section_index_distinct`,\n     collect(distinct substring(toString(coalesce(n.`last_modified`, '')), 0, 52)) AS `last_modified_values`,\n     collect(distinct substring(toString(coalesce(n.`triplet_source_id`, '')), 0, 52)) AS `triplet_source_id_values`\nRETURN {`id`: {values:`id_values`[..10], distinct_count: size(`id_values`)}, `name`: {values:`name_values`[..10], distinct_count: size(`name_values`)}, `section_level`: {min: toString(`section_level_min`), max: toString(`section_level_max`), distinct_count: `section_level_distinct`}, `extracted_at`: {values:`extracted_at_values`[..10], distinct_count: size(`extracted_at_values`)}, `document_id`: {values:`document_id_values`[..10], distinct_count: size(`document_id_values`)}, `title`: {values:`title_values`[..10], distinct_count: size(`title_values`)}, `data_source`: {values:`data_source_values`[..10], distinct_count: size(`data_source_values`)}, `section_id`: {values:`section_id_values`[..10], distinct_count: size(`section_id_values`)}, `section_heading`: {values:`section_heading_values`[..10], distinct_count: size(`section_heading_values`)}, `source_path`: {values:`source_path_values`[..10], distinct_count: size(`source_path_values`)}, `section_index`: {min: toString(`section_index_min`), max: toString(`section_index_max`), distinct_count: `section_index_distinct`}, `last_modified`: {values:`last_modified_values`[..10], distinct_count: size(`last_modified_values`)}, `triplet_source_id`: {values:`triplet_source_id_values`[..10], distinct_count: size(`triplet_source_id_values`)}} AS output" {} {}
2025-11-04 16:53:18,458 DEBUG neo4j.io: [#C1C5]  C: PULL {'n': 1000}
2025-11-04 16:53:18,459 DEBUG neo4j.io: [#C1C5]  S: SUCCESS {}
2025-11-04 16:53:18,459 DEBUG neo4j.io: [#C1C5]  _: <CONNECTION> server state: READY > TX_READY_OR_TX_STREAMING
2025-11-04 16:53:18,460 DEBUG neo4j.io: [#C1C5]  S: SUCCESS {'t_first': 0, 'fields': ['output'], 'qid': 0}
2025-11-04 16:53:18,460 DEBUG neo4j.io: [#C1C5]  S: RECORD * 1
2025-11-04 16:53:18,461 DEBUG neo4j.io: [#C1C5]  S: SUCCESS {'statuses': [{'gql_status': '00000', 'status_description': 'note: successful completion'}], 'type': 'r', 't_last': 0, 'db': 'helpfile'}
2025-11-04 16:53:18,461 DEBUG neo4j.io: [#C1C5]  C: COMMIT
2025-11-04 16:53:18,461 DEBUG neo4j.io: [#C1C5]  _: <CONNECTION> client state: TX_READY_OR_TX_STREAMING > READY
2025-11-04 16:53:18,462 DEBUG neo4j.io: [#C1C5]  S: SUCCESS {'bookmark': 'FB:kcwQH1sua9IsT4W6N0kQKFDZyF6Q'}
2025-11-04 16:53:18,462 DEBUG neo4j.io: [#C1C5]  _: <CONNECTION> server state: TX_READY_OR_TX_STREAMING > READY
2025-11-04 16:53:18,462 DEBUG neo4j.pool: [#C1C5]  _: <POOL> released bolt-223
2025-11-04 16:53:18,462 DEBUG neo4j: [#0000]  _: <WORKSPACE> routing towards fixed database: helpfile
2025-11-04 16:53:18,462 DEBUG neo4j: [#0000]  _: <WORKSPACE> pinning database: 'helpfile'
2025-11-04 16:53:18,462 DEBUG neo4j.pool: [#0000]  _: <POOL> acquire direct connection, access_mode='WRITE', database=AcquisitionDatabase(name='helpfile', guessed=False)
2025-11-04 16:53:18,462 DEBUG neo4j.pool: [#C1C5]  _: <POOL> picked existing connection bolt-223
2025-11-04 16:53:18,462 DEBUG neo4j.pool: [#C1C5]  _: <POOL> checked re_auth auth=None updated=False force=False
2025-11-04 16:53:18,462 DEBUG neo4j.pool: [#C1C5]  _: <POOL> handing out existing connection
2025-11-04 16:53:18,462 DEBUG neo4j.io: [#C1C5]  C: BEGIN {'db': 'helpfile', 'bookmarks': ['FB:kcwQH1sua9IsT4W6N0kQKFDZyF6Q']}
2025-11-04 16:53:18,462 DEBUG neo4j.io: [#C1C5]  _: <CONNECTION> client state: READY > TX_READY_OR_TX_STREAMING
2025-11-04 16:53:18,462 DEBUG neo4j.io: [#C1C5]  C: RUN "MATCH (n:`entity`)\nWITH collect(distinct substring(toString(coalesce(n.`id`, '')), 0, 52)) AS `id_values`,\n     collect(distinct substring(toString(coalesce(n.`name`, '')), 0, 52)) AS `name_values`,\n     min(n.`chunk_index`) AS `chunk_index_min`,\n     max(n.`chunk_index`) AS `chunk_index_max`,\n     count(distinct n.`chunk_index`) AS `chunk_index_distinct`,\n     min(n.`section_level`) AS `section_level_min`,\n     max(n.`section_level`) AS `section_level_max`,\n     count(distinct n.`section_level`) AS `section_level_distinct`,\n     collect(distinct substring(toString(coalesce(n.`extracted_at`, '')), 0, 52)) AS `extracted_at_values`,\n     collect(distinct substring(toString(coalesce(n.`document_id`, '')), 0, 52)) AS `document_id_values`,\n     collect(distinct substring(toString(coalesce(n.`title`, '')), 0, 52)) AS `title_values`,\n     min(n.`text_length`) AS `text_length_min`,\n     max(n.`text_length`) AS `text_length_max`,\n     count(distinct n.`text_length`) AS `text_length_distinct`,\n     collect(distinct substring(toString(coalesce(n.`data_source`, '')), 0, 52)) AS `data_source_values`,\n     collect(distinct substring(toString(coalesce(n.`chunk_id`, '')), 0, 52)) AS `chunk_id_values`,\n     collect(distinct substring(toString(coalesce(n.`section_id`, '')), 0, 52)) AS `section_id_values`,\n     collect(distinct substring(toString(coalesce(n.`section_heading`, '')), 0, 52)) AS `section_heading_values`,\n     min(n.`start_char_idx`) AS `start_char_idx_min`,\n     max(n.`start_char_idx`) AS `start_char_idx_max`,\n     count(distinct n.`start_char_idx`) AS `start_char_idx_distinct`,\n     collect(distinct substring(toString(coalesce(n.`source_path`, '')), 0, 52)) AS `source_path_values`,\n     min(n.`section_index`) AS `section_index_min`,\n     max(n.`section_index`) AS `section_index_max`,\n     count(distinct n.`section_index`) AS `section_index_distinct`,\n     collect(distinct substring(toString(coalesce(n.`last_modified`, '')), 0, 52)) AS `last_modified_values`,\n     min(n.`end_char_idx`) AS `end_char_idx_min`,\n     max(n.`end_char_idx`) AS `end_char_idx_max`,\n     count(distinct n.`end_char_idx`) AS `end_char_idx_distinct`,\n     collect(distinct substring(toString(coalesce(n.`triplet_source_id`, '')), 0, 52)) AS `triplet_source_id_values`\nRETURN {`id`: {values:`id_values`[..10], distinct_count: size(`id_values`)}, `name`: {values:`name_values`[..10], distinct_count: size(`name_values`)}, `chunk_index`: {min: toString(`chunk_index_min`), max: toString(`chunk_index_max`), distinct_count: `chunk_index_distinct`}, `section_level`: {min: toString(`section_level_min`), max: toString(`section_level_max`), distinct_count: `section_level_distinct`}, `extracted_at`: {values:`extracted_at_values`[..10], distinct_count: size(`extracted_at_values`)}, `document_id`: {values:`document_id_values`[..10], distinct_count: size(`document_id_values`)}, `title`: {values:`title_values`[..10], distinct_count: size(`title_values`)}, `text_length`: {min: toString(`text_length_min`), max: toString(`text_length_max`), distinct_count: `text_length_distinct`}, `data_source`: {values:`data_source_values`[..10], distinct_count: size(`data_source_values`)}, `chunk_id`: {values:`chunk_id_values`[..10], distinct_count: size(`chunk_id_values`)}, `section_id`: {values:`section_id_values`[..10], distinct_count: size(`section_id_values`)}, `section_heading`: {values:`section_heading_values`[..10], distinct_count: size(`section_heading_values`)}, `start_char_idx`: {min: toString(`start_char_idx_min`), max: toString(`start_char_idx_max`), distinct_count: `start_char_idx_distinct`}, `source_path`: {values:`source_path_values`[..10], distinct_count: size(`source_path_values`)}, `section_index`: {min: toString(`section_index_min`), max: toString(`section_index_max`), distinct_count: `section_index_distinct`}, `last_modified`: {values:`last_modified_values`[..10], distinct_count: size(`last_modified_values`)}, `end_char_idx`: {min: toString(`end_char_idx_min`), max: toString(`end_char_idx_max`), distinct_count: `end_char_idx_distinct`}, `triplet_source_id`: {values:`triplet_source_id_values`[..10], distinct_count: size(`triplet_source_id_values`)}} AS output" {} {}
2025-11-04 16:53:18,462 DEBUG neo4j.io: [#C1C5]  C: PULL {'n': 1000}
2025-11-04 16:53:18,463 DEBUG neo4j.io: [#C1C5]  S: SUCCESS {}
2025-11-04 16:53:18,464 DEBUG neo4j.io: [#C1C5]  _: <CONNECTION> server state: READY > TX_READY_OR_TX_STREAMING
2025-11-04 16:53:18,464 DEBUG neo4j.io: [#C1C5]  S: SUCCESS {'t_first': 1, 'fields': ['output'], 'qid': 0}
2025-11-04 16:53:18,466 DEBUG neo4j.io: [#C1C5]  S: RECORD * 1
2025-11-04 16:53:18,466 DEBUG neo4j.io: [#C1C5]  S: SUCCESS {'statuses': [{'gql_status': '00000', 'status_description': 'note: successful completion'}], 'type': 'r', 't_last': 1, 'db': 'helpfile'}
2025-11-04 16:53:18,466 DEBUG neo4j.io: [#C1C5]  C: COMMIT
2025-11-04 16:53:18,466 DEBUG neo4j.io: [#C1C5]  _: <CONNECTION> client state: TX_READY_OR_TX_STREAMING > READY
2025-11-04 16:53:18,467 DEBUG neo4j.io: [#C1C5]  S: SUCCESS {'bookmark': 'FB:kcwQH1sua9IsT4W6N0kQKFDZyF6Q'}
2025-11-04 16:53:18,467 DEBUG neo4j.io: [#C1C5]  _: <CONNECTION> server state: TX_READY_OR_TX_STREAMING > READY
2025-11-04 16:53:18,467 DEBUG neo4j.pool: [#C1C5]  _: <POOL> released bolt-223
2025-11-04 16:53:18,467 DEBUG neo4j: [#0000]  _: <WORKSPACE> routing towards fixed database: helpfile
2025-11-04 16:53:18,467 DEBUG neo4j: [#0000]  _: <WORKSPACE> pinning database: 'helpfile'
2025-11-04 16:53:18,467 DEBUG neo4j.pool: [#0000]  _: <POOL> acquire direct connection, access_mode='WRITE', database=AcquisitionDatabase(name='helpfile', guessed=False)
2025-11-04 16:53:18,467 DEBUG neo4j.pool: [#C1C5]  _: <POOL> picked existing connection bolt-223
2025-11-04 16:53:18,467 DEBUG neo4j.pool: [#C1C5]  _: <POOL> checked re_auth auth=None updated=False force=False
2025-11-04 16:53:18,467 DEBUG neo4j.pool: [#C1C5]  _: <POOL> handing out existing connection
2025-11-04 16:53:18,467 DEBUG neo4j.io: [#C1C5]  C: BEGIN {'db': 'helpfile', 'bookmarks': ['FB:kcwQH1sua9IsT4W6N0kQKFDZyF6Q']}
2025-11-04 16:53:18,467 DEBUG neo4j.io: [#C1C5]  _: <CONNECTION> client state: READY > TX_READY_OR_TX_STREAMING
2025-11-04 16:53:18,467 DEBUG neo4j.io: [#C1C5]  C: RUN 'CALL dbms.components()' {} {}
2025-11-04 16:53:18,467 DEBUG neo4j.io: [#C1C5]  C: PULL {'n': 1000}
2025-11-04 16:53:18,468 DEBUG neo4j.io: [#C1C5]  S: SUCCESS {}
2025-11-04 16:53:18,468 DEBUG neo4j.io: [#C1C5]  _: <CONNECTION> server state: READY > TX_READY_OR_TX_STREAMING
2025-11-04 16:53:18,480 DEBUG neo4j.io: [#C1C5]  S: SUCCESS {'t_first': 11, 'fields': ['name', 'versions', 'edition'], 'qid': 0}
2025-11-04 16:53:18,481 DEBUG neo4j.io: [#C1C5]  S: RECORD * 1
2025-11-04 16:53:18,481 DEBUG neo4j.io: [#C1C5]  S: RECORD * 1
2025-11-04 16:53:18,481 DEBUG neo4j.io: [#C1C5]  S: SUCCESS {'statuses': [{'gql_status': '00000', 'status_description': 'note: successful completion'}], 'type': 's', 't_last': 0, 'db': 'helpfile'}
2025-11-04 16:53:18,481 DEBUG neo4j.io: [#C1C5]  C: COMMIT
2025-11-04 16:53:18,481 DEBUG neo4j.io: [#C1C5]  _: <CONNECTION> client state: TX_READY_OR_TX_STREAMING > READY
2025-11-04 16:53:18,481 DEBUG neo4j.io: [#C1C5]  S: SUCCESS {'bookmark': 'FB:kcwQH1sua9IsT4W6N0kQKFDZyF6Q'}
2025-11-04 16:53:18,481 DEBUG neo4j.io: [#C1C5]  _: <CONNECTION> server state: TX_READY_OR_TX_STREAMING > READY
2025-11-04 16:53:18,481 DEBUG neo4j.pool: [#C1C5]  _: <POOL> released bolt-223
2025-11-04 16:53:18,482 DEBUG neo4j: [#0000]  _: <WORKSPACE> routing towards fixed database: helpfile
2025-11-04 16:53:18,482 DEBUG neo4j: [#0000]  _: <WORKSPACE> pinning database: 'helpfile'
2025-11-04 16:53:18,482 DEBUG neo4j.pool: [#0000]  _: <POOL> acquire direct connection, access_mode='WRITE', database=AcquisitionDatabase(name='helpfile', guessed=False)
2025-11-04 16:53:18,482 DEBUG neo4j.pool: [#C1C5]  _: <POOL> picked existing connection bolt-223
2025-11-04 16:53:18,482 DEBUG neo4j.pool: [#C1C5]  _: <POOL> checked re_auth auth=None updated=False force=False
2025-11-04 16:53:18,482 DEBUG neo4j.pool: [#C1C5]  _: <POOL> handing out existing connection
2025-11-04 16:53:18,482 DEBUG neo4j.io: [#C1C5]  C: BEGIN {'db': 'helpfile', 'bookmarks': ['FB:kcwQH1sua9IsT4W6N0kQKFDZyF6Q']}
2025-11-04 16:53:18,482 DEBUG neo4j.io: [#C1C5]  _: <CONNECTION> client state: READY > TX_READY_OR_TX_STREAMING
2025-11-04 16:53:18,482 DEBUG neo4j.io: [#C1C5]  C: RUN 'CREATE CONSTRAINT IF NOT EXISTS FOR (n:`__Node__`)\n                REQUIRE n.id IS UNIQUE;' {} {}
2025-11-04 16:53:18,482 DEBUG neo4j.io: [#C1C5]  C: PULL {'n': 1000}
2025-11-04 16:53:18,483 DEBUG neo4j.io: [#C1C5]  S: SUCCESS {}
2025-11-04 16:53:18,483 DEBUG neo4j.io: [#C1C5]  _: <CONNECTION> server state: READY > TX_READY_OR_TX_STREAMING
2025-11-04 16:53:18,488 DEBUG neo4j.io: [#C1C5]  S: SUCCESS {'t_first': 5, 'fields': [], 'qid': 0}
2025-11-04 16:53:18,489 DEBUG neo4j.io: [#C1C5]  S: SUCCESS {'statuses': [{'gql_status': '00001', 'status_description': 'note: successful completion - omitted result'}], 'type': 's', 't_last': 0, 'db': 'helpfile'}
2025-11-04 16:53:18,489 DEBUG neo4j.io: [#C1C5]  C: COMMIT
2025-11-04 16:53:18,490 DEBUG neo4j.io: [#C1C5]  _: <CONNECTION> client state: TX_READY_OR_TX_STREAMING > READY
2025-11-04 16:53:18,490 DEBUG neo4j.io: [#C1C5]  S: SUCCESS {'bookmark': 'FB:kcwQH1sua9IsT4W6N0kQKFDZyF6Q'}
2025-11-04 16:53:18,490 DEBUG neo4j.io: [#C1C5]  _: <CONNECTION> server state: TX_READY_OR_TX_STREAMING > READY
2025-11-04 16:53:18,490 DEBUG neo4j.pool: [#C1C5]  _: <POOL> released bolt-223
2025-11-04 16:53:18,490 DEBUG neo4j: [#0000]  _: <WORKSPACE> routing towards fixed database: helpfile
2025-11-04 16:53:18,490 DEBUG neo4j: [#0000]  _: <WORKSPACE> pinning database: 'helpfile'
2025-11-04 16:53:18,490 DEBUG neo4j.pool: [#0000]  _: <POOL> acquire direct connection, access_mode='WRITE', database=AcquisitionDatabase(name='helpfile', guessed=False)
2025-11-04 16:53:18,490 DEBUG neo4j.pool: [#C1C5]  _: <POOL> picked existing connection bolt-223
2025-11-04 16:53:18,490 DEBUG neo4j.pool: [#C1C5]  _: <POOL> checked re_auth auth=None updated=False force=False
2025-11-04 16:53:18,491 DEBUG neo4j.pool: [#C1C5]  _: <POOL> handing out existing connection
2025-11-04 16:53:18,491 DEBUG neo4j.io: [#C1C5]  C: BEGIN {'db': 'helpfile', 'bookmarks': ['FB:kcwQH1sua9IsT4W6N0kQKFDZyF6Q']}
2025-11-04 16:53:18,491 DEBUG neo4j.io: [#C1C5]  _: <CONNECTION> client state: READY > TX_READY_OR_TX_STREAMING
2025-11-04 16:53:18,491 DEBUG neo4j.io: [#C1C5]  C: RUN 'CREATE CONSTRAINT IF NOT EXISTS FOR (n:`__Entity__`)\n                REQUIRE n.id IS UNIQUE;' {} {}
2025-11-04 16:53:18,491 DEBUG neo4j.io: [#C1C5]  C: PULL {'n': 1000}
2025-11-04 16:53:18,491 DEBUG neo4j.io: [#C1C5]  S: SUCCESS {}
2025-11-04 16:53:18,492 DEBUG neo4j.io: [#C1C5]  _: <CONNECTION> server state: READY > TX_READY_OR_TX_STREAMING
2025-11-04 16:53:18,493 DEBUG neo4j.io: [#C1C5]  S: SUCCESS {'t_first': 2, 'fields': [], 'qid': 0}
2025-11-04 16:53:18,495 DEBUG neo4j.io: [#C1C5]  S: SUCCESS {'statuses': [{'gql_status': '00001', 'status_description': 'note: successful completion - omitted result'}], 'type': 's', 't_last': 0, 'db': 'helpfile'}
2025-11-04 16:53:18,495 DEBUG neo4j.io: [#C1C5]  C: COMMIT
2025-11-04 16:53:18,495 DEBUG neo4j.io: [#C1C5]  _: <CONNECTION> client state: TX_READY_OR_TX_STREAMING > READY
2025-11-04 16:53:18,495 DEBUG neo4j.io: [#C1C5]  S: SUCCESS {'bookmark': 'FB:kcwQH1sua9IsT4W6N0kQKFDZyF6Q'}
2025-11-04 16:53:18,495 DEBUG neo4j.io: [#C1C5]  _: <CONNECTION> server state: TX_READY_OR_TX_STREAMING > READY
2025-11-04 16:53:18,495 DEBUG neo4j.pool: [#C1C5]  _: <POOL> released bolt-223
2025-11-04 16:53:18,495 DEBUG neo4j: [#0000]  _: <WORKSPACE> routing towards fixed database: helpfile
2025-11-04 16:53:18,496 DEBUG neo4j: [#0000]  _: <WORKSPACE> pinning database: 'helpfile'
2025-11-04 16:53:18,496 DEBUG neo4j.pool: [#0000]  _: <POOL> acquire direct connection, access_mode='WRITE', database=AcquisitionDatabase(name='helpfile', guessed=False)
2025-11-04 16:53:18,496 DEBUG neo4j.pool: [#C1C5]  _: <POOL> picked existing connection bolt-223
2025-11-04 16:53:18,496 DEBUG neo4j.pool: [#C1C5]  _: <POOL> checked re_auth auth=None updated=False force=False
2025-11-04 16:53:18,496 DEBUG neo4j.pool: [#C1C5]  _: <POOL> handing out existing connection
2025-11-04 16:53:18,496 DEBUG neo4j.io: [#C1C5]  C: BEGIN {'db': 'helpfile', 'bookmarks': ['FB:kcwQH1sua9IsT4W6N0kQKFDZyF6Q']}
2025-11-04 16:53:18,496 DEBUG neo4j.io: [#C1C5]  _: <CONNECTION> client state: READY > TX_READY_OR_TX_STREAMING
2025-11-04 16:53:18,496 DEBUG neo4j.io: [#C1C5]  C: RUN 'CREATE VECTOR INDEX entity IF NOT EXISTS FOR (m:__Entity__) ON m.embedding' {} {}
2025-11-04 16:53:18,496 DEBUG neo4j.io: [#C1C5]  C: PULL {'n': 1000}
2025-11-04 16:53:18,497 DEBUG neo4j.io: [#C1C5]  S: SUCCESS {}
2025-11-04 16:53:18,497 DEBUG neo4j.io: [#C1C5]  _: <CONNECTION> server state: READY > TX_READY_OR_TX_STREAMING
2025-11-04 16:53:18,504 DEBUG neo4j.io: [#C1C5]  S: SUCCESS {'t_first': 6, 'fields': [], 'qid': 0}
2025-11-04 16:53:18,504 DEBUG neo4j.io: [#C1C5]  S: SUCCESS {'statuses': [{'gql_status': '00001', 'status_description': 'note: successful completion - omitted result'}], 'type': 's', 't_last': 0, 'db': 'helpfile'}
2025-11-04 16:53:18,504 DEBUG neo4j.io: [#C1C5]  C: COMMIT
2025-11-04 16:53:18,505 DEBUG neo4j.io: [#C1C5]  _: <CONNECTION> client state: TX_READY_OR_TX_STREAMING > READY
2025-11-04 16:53:18,505 DEBUG neo4j.io: [#C1C5]  S: SUCCESS {'bookmark': 'FB:kcwQH1sua9IsT4W6N0kQKFDZyF6Q'}
2025-11-04 16:53:18,505 DEBUG neo4j.io: [#C1C5]  _: <CONNECTION> server state: TX_READY_OR_TX_STREAMING > READY
2025-11-04 16:53:18,505 DEBUG neo4j.pool: [#C1C5]  _: <POOL> released bolt-223
2025-11-04 16:53:18,505 INFO root: 既存のヘルプグラフを削除します。
2025-11-04 16:53:18,505 DEBUG neo4j: [#0000]  _: <WORKSPACE> routing towards fixed database: helpfile
2025-11-04 16:53:18,505 DEBUG neo4j: [#0000]  _: <WORKSPACE> pinning database: 'helpfile'
2025-11-04 16:53:18,505 DEBUG neo4j.pool: [#0000]  _: <POOL> acquire direct connection, access_mode='WRITE', database=AcquisitionDatabase(name='helpfile', guessed=False)
2025-11-04 16:53:18,505 DEBUG neo4j.pool: [#C1C5]  _: <POOL> picked existing connection bolt-223
2025-11-04 16:53:18,506 DEBUG neo4j.pool: [#C1C5]  _: <POOL> checked re_auth auth=None updated=False force=False
2025-11-04 16:53:18,506 DEBUG neo4j.pool: [#C1C5]  _: <POOL> handing out existing connection
2025-11-04 16:53:18,506 DEBUG neo4j.io: [#C1C5]  C: BEGIN {'db': 'helpfile', 'bookmarks': ['FB:kcwQH1sua9IsT4W6N0kQKFDZyF6Q']}
2025-11-04 16:53:18,506 DEBUG neo4j.io: [#C1C5]  _: <CONNECTION> client state: READY > TX_READY_OR_TX_STREAMING
2025-11-04 16:53:18,506 DEBUG neo4j.io: [#C1C5]  C: RUN 'MATCH (n) WHERE n.data_source = $source DETACH DELETE n' {'source': 'EVOSHIP_HELP_FILES'} {}
2025-11-04 16:53:18,506 DEBUG neo4j.io: [#C1C5]  C: PULL {'n': 1000}
2025-11-04 16:53:18,507 DEBUG neo4j.io: [#C1C5]  S: SUCCESS {}
2025-11-04 16:53:18,507 DEBUG neo4j.io: [#C1C5]  _: <CONNECTION> server state: READY > TX_READY_OR_TX_STREAMING
2025-11-04 16:53:18,546 DEBUG neo4j.io: [#C1C5]  S: SUCCESS {'t_first': 40, 'fields': [], 'qid': 0}
2025-11-04 16:53:18,546 DEBUG neo4j.io: [#C1C5]  S: SUCCESS {'stats': {'contains-updates': True, 'nodes-deleted': 85, 'relationships-deleted': 168}, 'statuses': [{'gql_status': '00001', 'status_description': 'note: successful completion - omitted result'}], 'type': 'w', 't_last': 0, 'db': 'helpfile'}
2025-11-04 16:53:18,546 DEBUG neo4j.io: [#C1C5]  C: COMMIT
2025-11-04 16:53:18,547 DEBUG neo4j.io: [#C1C5]  _: <CONNECTION> client state: TX_READY_OR_TX_STREAMING > READY
2025-11-04 16:53:18,573 DEBUG neo4j.io: [#C1C5]  S: SUCCESS {'bookmark': 'FB:kcwQH1sua9IsT4W6N0kQKFDZyF+Q'}
2025-11-04 16:53:18,573 DEBUG neo4j.io: [#C1C5]  _: <CONNECTION> server state: TX_READY_OR_TX_STREAMING > READY
2025-11-04 16:53:18,573 DEBUG neo4j.pool: [#C1C5]  _: <POOL> released bolt-223
2025-11-04 16:53:19,090 DEBUG asyncio: Using proactor: IocpProactor
2025-11-04 16:53:19,360 DEBUG openai._base_client: Request options: {'method': 'post', 'url': '/chat/completions', 'files': None, 'idempotency_key': 'stainless-python-retry-cc339976-4313-4936-b44c-bcde4d2690d1', 'json_data': {'messages': [{'role': 'user', 'content': "Some text is provided below. Given the text, extract up to 10 knowledge triplets in the form of (subject, predicate, object). Avoid stopwords.\n---------------------\nExample:Text: Alice is Bob's mother.Triplets:\n(Alice, is mother of, Bob)\nText: Philz is a coffee shop founded in Berkeley in 1982.\nTriplets:\n(Philz, is, coffee shop)\n(Philz, founded in, Berkeley)\n(Philz, founded in, 1982)\n---------------------\nText: document_id: C:\\Users\\akiro\\workfolder\\imabari3dcad\\evoship\\EVOSHIP_HELP_FILES\\about_annotation_styles_list_dialog.html\nsource_path: C:\\Users\\akiro\\workfolder\\imabari3dcad\\evoship\\EVOSHIP_HELP_FILES\\about_annotation_styles_list_dialog.html\nsection_id: 786c297220afb12a8df819d022353fa285b84116\ntitle: 注記・寸法スタイル設定\nsection_heading: 注記・寸法スタイル設定\nsection_level: 2\nsection_index: 0\nlast_modified: 2025-07-08T01:02:52+00:00\nextracted_at: 2025-11-04T07:53:17+00:00\ndata_source: EVOSHIP_HELP_FILES\nchunk_id: 0fda72e2-604b-4f1a-8669-b5773fe755e7\nchunk_index: 0\ntext_length: 570\nstart_char_idx: 0\nend_char_idx: 570\nnodes: [EntityNode(label='HelpDocument', embedding=None, properties={'document_id': 'C:\\\\Users\\\\akiro\\\\workfolder\\\\imabari3dcad\\\\evoship\\\\EVOSHIP_HELP_FILES\\\\about_annotation_styles_list_dialog.html', 'source_path': 'C:\\\\Users\\\\akiro\\\\workfolder\\\\imabari3dcad\\\\evoship\\\\EVOSHIP_HELP_FILES\\\\about_annotation_styles_list_dialog.html', 'title': '注記・寸法スタイル設定', 'headings': ['注記・寸法スタイル設定', '注記スタイルの管理', '注記スタイルの作成', '適用ずみスタイルの更新'], 'section_count': 4, 'last_modified': '2025-07-08T01:02:52+00:00', 'extracted_at': '2025-11-04T07:53:17+00:00', 'data_source': 'EVOSHIP_HELP_FILES'}, name='C:\\\\Users\\\\akiro\\\\workfolder\\\\imabari3dcad\\\\evoship\\\\EVOSHIP_HELP_FILES\\\\about_annotation_styles_list_dialog.html'), EntityNode(label='HelpSection', embedding=None, properties={'section_id': '786c297220afb12a8df819d022353fa285b84116', 'document_id': 'C:\\\\Users\\\\akiro\\\\workfolder\\\\imabari3dcad\\\\evoship\\\\EVOSHIP_HELP_FILES\\\\about_annotation_styles_list_dialog.html', 'source_path': 'C:\\\\Users\\\\akiro\\\\workfolder\\\\imabari3dcad\\\\evoship\\\\EVOSHIP_HELP_FILES\\\\about_annotation_styles_list_dialog.html', 'title': '注記・寸法スタイル設定', 'section_heading': '注記・寸法スタイル設定', 'section_level': 2, 'section_index': 0, 'last_modified': '2025-07-08T01:02:52+00:00', 'extracted_at': '2025-11-04T07:53:17+00:00', 'data_source': 'EVOSHIP_HELP_FILES'}, name='786c297220afb12a8df819d022353fa285b84116'), ChunkNode(label='HelpChunk', embedding=None, properties={'chunk_id': '0fda72e2-604b-4f1a-8669-b5773fe755e7', 'document_id': 'C:\\\\Users\\\\akiro\\\\workfolder\\\\imabari3dcad\\\\evoship\\\\EVOSHIP_HELP_FILES\\\\about_annotation_styles_list_dialog.html', 'section_id': '786c297220afb12a8df819d022353fa285b84116', 'source_path': 'C:\\\\Users\\\\akiro\\\\workfolder\\\\imabari3dcad\\\\evoship\\\\EVOSHIP_HELP_FILES\\\\about_annotation_styles_list_dialog.html', 'title': '注記・寸法スタイル設定', 'section_heading': '注記・寸法スタイル設定', 'section_level': 2, 'section_index': 0, 'last_modified': '2025-07-08T01:02:52+00:00', 'extracted_at': '2025-11-04T07:53:17+00:00', 'chunk_index': 0, 'text_length': 570, 'start_char_idx': 0, 'end_char_idx': 570, 'data_source': 'EVOSHIP_HELP_FILES'}, text='注記・寸法スタイル設定\\n\\n注記や寸法の各種パラメータは、要素ひとつひとつに設定することもできますし、スケッチや図面にまとめてパラメータを設定しておいて、注記や寸法はみずからが属するスケッチに設定しておいたパラメータを参照するようにもできます。この「まとめて設定しておくパラメータ」のことを注記スタイルといいます。 注記スタイルの管理 「注記・寸法スタイル設定」ウィンドウで作成した注記スタイルは、システム設定として保存されます。注記スタイルをスケッチや図面に適用すると、スケッチや図面はそのスタイルのコピーを保持します。スケッチや図面にスタイルを適用してから、「注記・寸法スタイル設定」ウィンドウでそのスタイルを編集しても、スケッチや図面が保持している「コピーされた」スタイルは変更されません。 注記スタイルの作成 左側のスタイル一覧が表示されている欄でコンテキストメニューを表示し、「スタイル設定の追加」をクリックします。また、「モデルのスタイル設定を追加」をクリックすると、いま開いているモデル内のスケッチや図面が保持している注記スタイルがすべてスタイル一覧に追加されます。 また、既存のスタイルを元にして新しくスタイルを作りたい場合は、スタイルを選択してコンテキストメニューを表示し、「スタイル設定（コピー）の追加」をクリックします。', id_='0fda72e2-604b-4f1a-8669-b5773fe755e7')]\nrelations: [Relation(label='HAS_SECTION', source_id='C:\\\\Users\\\\akiro\\\\workfolder\\\\imabari3dcad\\\\evoship\\\\EVOSHIP_HELP_FILES\\\\about_annotation_styles_list_dialog.html', target_id='786c297220afb12a8df819d022353fa285b84116', properties={'data_source': 'EVOSHIP_HELP_FILES'}), Relation(label='HAS_CHUNK', source_id='C:\\\\Users\\\\akiro\\\\workfolder\\\\imabari3dcad\\\\evoship\\\\EVOSHIP_HELP_FILES\\\\about_annotation_styles_list_dialog.html', target_id='0fda72e2-604b-4f1a-8669-b5773fe755e7', properties={'data_source': 'EVOSHIP_HELP_FILES', 'section_id': '786c297220afb12a8df819d022353fa285b84116', 'chunk_index': 0}), Relation(label='HAS_CHUNK', source_id='786c297220afb12a8df819d022353fa285b84116', target_id='0fda72e2-604b-4f1a-8669-b5773fe755e7', properties={'data_source': 'EVOSHIP_HELP_FILES', 'chunk_index': 0})]\n\n注記・寸法スタイル設定\n\n注記や寸法の各種パラメータは、要素ひとつひとつに設定することもできますし、スケッチや図面にまとめてパラメータを設定しておいて、注記や寸法はみずからが属するスケッチに設定しておいたパラメータを参照するようにもできます。この「まとめて設定しておくパラメータ」のことを注記スタイルといいます。 注記スタイルの管理 「注記・寸法スタイル設定」ウィンドウで作成した注記スタイルは、システム設定として保存されます。注記スタイルをスケッチや図面に適用すると、スケッチや図面はそのスタイルのコピーを保持します。スケッチや図面にスタイルを適用してから、「注記・寸法スタイル設定」ウィンドウでそのスタイルを編集しても、スケッチや図面が保持している「コピーされた」スタイルは変更されません。 注記スタイルの作成 左側のスタイル一覧が表示されている欄でコンテキストメニューを表示し、「スタイル設定の追加」をクリックします。また、「モデルのスタイル設定を追加」をクリックすると、いま開いているモデル内のスケッチや図面が保持している注記スタイルがすべてスタイル一覧に追加されます。 また、既存のスタイルを元にして新しくスタイルを作りたい場合は、スタイルを選択してコンテキストメニューを表示し、「スタイル設定（コピー）の追加」をクリックします。\nTriplets:\n"}], 'model': 'gpt-5-nano', 'stream': False, 'temperature': 1.0}}
2025-11-04 16:53:19,361 DEBUG openai._base_client: Sending HTTP Request: POST https://api.openai.com/v1/chat/completions
2025-11-04 16:53:19,365 DEBUG httpcore.connection: connect_tcp.started host='api.openai.com' port=443 local_address=None timeout=60.0 socket_options=None
2025-11-04 16:53:19,365 DEBUG openai._base_client: Request options: {'method': 'post', 'url': '/chat/completions', 'files': None, 'idempotency_key': 'stainless-python-retry-d0ea5ac6-75a9-43e3-823c-6128b170b40e', 'json_data': {'messages': [{'role': 'user', 'content': "Some text is provided below. Given the text, extract up to 10 knowledge triplets in the form of (subject, predicate, object). Avoid stopwords.\n---------------------\nExample:Text: Alice is Bob's mother.Triplets:\n(Alice, is mother of, Bob)\nText: Philz is a coffee shop founded in Berkeley in 1982.\nTriplets:\n(Philz, is, coffee shop)\n(Philz, founded in, Berkeley)\n(Philz, founded in, 1982)\n---------------------\nText: document_id: C:\\Users\\akiro\\workfolder\\imabari3dcad\\evoship\\EVOSHIP_HELP_FILES\\about_annotation_styles_list_dialog.html\nsource_path: C:\\Users\\akiro\\workfolder\\imabari3dcad\\evoship\\EVOSHIP_HELP_FILES\\about_annotation_styles_list_dialog.html\nsection_id: 786c297220afb12a8df819d022353fa285b84116\ntitle: 注記・寸法スタイル設定\nsection_heading: 注記・寸法スタイル設定\nsection_level: 2\nsection_index: 0\nlast_modified: 2025-07-08T01:02:52+00:00\nextracted_at: 2025-11-04T07:53:17+00:00\ndata_source: EVOSHIP_HELP_FILES\nchunk_id: ee59ad76-80e3-4c8e-99dc-9dc9e6b4e5ff\nchunk_index: 1\ntext_length: 330\nstart_char_idx: 490\nend_char_idx: 820\nnodes: [EntityNode(label='HelpDocument', embedding=None, properties={'document_id': 'C:\\\\Users\\\\akiro\\\\workfolder\\\\imabari3dcad\\\\evoship\\\\EVOSHIP_HELP_FILES\\\\about_annotation_styles_list_dialog.html', 'source_path': 'C:\\\\Users\\\\akiro\\\\workfolder\\\\imabari3dcad\\\\evoship\\\\EVOSHIP_HELP_FILES\\\\about_annotation_styles_list_dialog.html', 'title': '注記・寸法スタイル設定', 'headings': ['注記・寸法スタイル設定', '注記スタイルの管理', '注記スタイルの作成', '適用ずみスタイルの更新'], 'section_count': 4, 'last_modified': '2025-07-08T01:02:52+00:00', 'extracted_at': '2025-11-04T07:53:17+00:00', 'data_source': 'EVOSHIP_HELP_FILES'}, name='C:\\\\Users\\\\akiro\\\\workfolder\\\\imabari3dcad\\\\evoship\\\\EVOSHIP_HELP_FILES\\\\about_annotation_styles_list_dialog.html'), EntityNode(label='HelpSection', embedding=None, properties={'section_id': '786c297220afb12a8df819d022353fa285b84116', 'document_id': 'C:\\\\Users\\\\akiro\\\\workfolder\\\\imabari3dcad\\\\evoship\\\\EVOSHIP_HELP_FILES\\\\about_annotation_styles_list_dialog.html', 'source_path': 'C:\\\\Users\\\\akiro\\\\workfolder\\\\imabari3dcad\\\\evoship\\\\EVOSHIP_HELP_FILES\\\\about_annotation_styles_list_dialog.html', 'title': '注記・寸法スタイル設定', 'section_heading': '注記・寸法スタイル設定', 'section_level': 2, 'section_index': 0, 'last_modified': '2025-07-08T01:02:52+00:00', 'extracted_at': '2025-11-04T07:53:17+00:00', 'data_source': 'EVOSHIP_HELP_FILES'}, name='786c297220afb12a8df819d022353fa285b84116'), ChunkNode(label='HelpChunk', embedding=None, properties={'chunk_id': 'ee59ad76-80e3-4c8e-99dc-9dc9e6b4e5ff', 'document_id': 'C:\\\\Users\\\\akiro\\\\workfolder\\\\imabari3dcad\\\\evoship\\\\EVOSHIP_HELP_FILES\\\\about_annotation_styles_list_dialog.html', 'section_id': '786c297220afb12a8df819d022353fa285b84116', 'source_path': 'C:\\\\Users\\\\akiro\\\\workfolder\\\\imabari3dcad\\\\evoship\\\\EVOSHIP_HELP_FILES\\\\about_annotation_styles_list_dialog.html', 'title': '注記・寸法スタイル設定', 'section_heading': '注記・寸法スタイル設定', 'section_level': 2, 'section_index': 0, 'last_modified': '2025-07-08T01:02:52+00:00', 'extracted_at': '2025-11-04T07:53:17+00:00', 'chunk_index': 1, 'text_length': 330, 'start_char_idx': 490, 'end_char_idx': 820, 'data_source': 'EVOSHIP_HELP_FILES'}, text='また、既存のスタイルを元にして新しくスタイルを作りたい場合は、スタイルを選択してコンテキストメニューを表示し、「スタイル設定（コピー）の追加」をクリックします。 適用ずみスタイルの更新 ウィンドウ右下の「モデルの更新」ボタンをクリックすると、「注記・寸法スタイル設定」ウィンドウで管理している（システム設定として保存されている）各スタイルについて、スケッチや図面に適用ずみのスタイルで同名のものがあると、その適用ずみスタイルをシステム設定のスタイルで上書きします。 スタイル一覧に同名のスタイルが複数存在すると、それらのうちひとつだけが適用ずみスタイルの上書きに使われて、残りは無視されてしまいます。同名のスタイルを作るのはできるだけ避けるようにしてください。', id_='ee59ad76-80e3-4c8e-99dc-9dc9e6b4e5ff')]\nrelations: [Relation(label='HAS_SECTION', source_id='C:\\\\Users\\\\akiro\\\\workfolder\\\\imabari3dcad\\\\evoship\\\\EVOSHIP_HELP_FILES\\\\about_annotation_styles_list_dialog.html', target_id='786c297220afb12a8df819d022353fa285b84116', properties={'data_source': 'EVOSHIP_HELP_FILES'}), Relation(label='HAS_CHUNK', source_id='C:\\\\Users\\\\akiro\\\\workfolder\\\\imabari3dcad\\\\evoship\\\\EVOSHIP_HELP_FILES\\\\about_annotation_styles_list_dialog.html', target_id='ee59ad76-80e3-4c8e-99dc-9dc9e6b4e5ff', properties={'data_source': 'EVOSHIP_HELP_FILES', 'section_id': '786c297220afb12a8df819d022353fa285b84116', 'chunk_index': 1}), Relation(label='HAS_CHUNK', source_id='786c297220afb12a8df819d022353fa285b84116', target_id='ee59ad76-80e3-4c8e-99dc-9dc9e6b4e5ff', properties={'data_source': 'EVOSHIP_HELP_FILES', 'chunk_index': 1})]\n\nまた、既存のスタイルを元にして新しくスタイルを作りたい場合は、スタイルを選択してコンテキストメニューを表示し、「スタイル設定（コピー）の追加」をクリックします。 適用ずみスタイルの更新 ウィンドウ右下の「モデルの更新」ボタンをクリックすると、「注記・寸法スタイル設定」ウィンドウで管理している（システム設定として保存されている）各スタイルについて、スケッチや図面に適用ずみのスタイルで同名のものがあると、その適用ずみスタイルをシステム設定のスタイルで上書きします。 スタイル一覧に同名のスタイルが複数存在すると、それらのうちひとつだけが適用ずみスタイルの上書きに使われて、残りは無視されてしまいます。同名のスタイルを作るのはできるだけ避けるようにしてください。\nTriplets:\n"}], 'model': 'gpt-5-nano', 'stream': False, 'temperature': 1.0}}
2025-11-04 16:53:19,366 DEBUG openai._base_client: Sending HTTP Request: POST https://api.openai.com/v1/chat/completions
2025-11-04 16:53:19,366 DEBUG openai._base_client: Request options: {'method': 'post', 'url': '/chat/completions', 'files': None, 'idempotency_key': 'stainless-python-retry-7fc6b0da-e48e-4c67-900d-61763a5fd7d9', 'json_data': {'messages': [{'role': 'user', 'content': "Some text is provided below. Given the text, extract up to 10 knowledge triplets in the form of (subject, predicate, object). Avoid stopwords.\n---------------------\nExample:Text: Alice is Bob's mother.Triplets:\n(Alice, is mother of, Bob)\nText: Philz is a coffee shop founded in Berkeley in 1982.\nTriplets:\n(Philz, is, coffee shop)\n(Philz, founded in, Berkeley)\n(Philz, founded in, 1982)\n---------------------\nText: document_id: C:\\Users\\akiro\\workfolder\\imabari3dcad\\evoship\\EVOSHIP_HELP_FILES\\about_annotation.html\nsource_path: C:\\Users\\akiro\\workfolder\\imabari3dcad\\evoship\\EVOSHIP_HELP_FILES\\about_annotation.html\nsection_id: f7092eea43d2f61e7b46b5293ec05b46917e46b8\ntitle: アノーテーション\nsection_heading: アノーテーション\nsection_level: 2\nsection_index: 0\nlast_modified: 2025-07-08T01:02:52+00:00\nextracted_at: 2025-11-04T07:53:17+00:00\ndata_source: EVOSHIP_HELP_FILES\nchunk_id: 680dd135-c32f-4f97-af9c-a6a647d2bc05\nchunk_index: 0\ntext_length: 36\nstart_char_idx: 0\nend_char_idx: 36\nnodes: [EntityNode(label='HelpDocument', embedding=None, properties={'document_id': 'C:\\\\Users\\\\akiro\\\\workfolder\\\\imabari3dcad\\\\evoship\\\\EVOSHIP_HELP_FILES\\\\about_annotation.html', 'source_path': 'C:\\\\Users\\\\akiro\\\\workfolder\\\\imabari3dcad\\\\evoship\\\\EVOSHIP_HELP_FILES\\\\about_annotation.html', 'title': 'アノーテーション', 'headings': ['アノーテーション'], 'section_count': 1, 'last_modified': '2025-07-08T01:02:52+00:00', 'extracted_at': '2025-11-04T07:53:17+00:00', 'data_source': 'EVOSHIP_HELP_FILES'}, name='C:\\\\Users\\\\akiro\\\\workfolder\\\\imabari3dcad\\\\evoship\\\\EVOSHIP_HELP_FILES\\\\about_annotation.html'), EntityNode(label='HelpSection', embedding=None, properties={'section_id': 'f7092eea43d2f61e7b46b5293ec05b46917e46b8', 'document_id': 'C:\\\\Users\\\\akiro\\\\workfolder\\\\imabari3dcad\\\\evoship\\\\EVOSHIP_HELP_FILES\\\\about_annotation.html', 'source_path': 'C:\\\\Users\\\\akiro\\\\workfolder\\\\imabari3dcad\\\\evoship\\\\EVOSHIP_HELP_FILES\\\\about_annotation.html', 'title': 'アノーテーション', 'section_heading': 'アノーテーション', 'section_level': 2, 'section_index': 0, 'last_modified': '2025-07-08T01:02:52+00:00', 'extracted_at': '2025-11-04T07:53:17+00:00', 'data_source': 'EVOSHIP_HELP_FILES'}, name='f7092eea43d2f61e7b46b5293ec05b46917e46b8'), ChunkNode(label='HelpChunk', embedding=None, properties={'chunk_id': '680dd135-c32f-4f97-af9c-a6a647d2bc05', 'document_id': 'C:\\\\Users\\\\akiro\\\\workfolder\\\\imabari3dcad\\\\evoship\\\\EVOSHIP_HELP_FILES\\\\about_annotation.html', 'section_id': 'f7092eea43d2f61e7b46b5293ec05b46917e46b8', 'source_path': 'C:\\\\Users\\\\akiro\\\\workfolder\\\\imabari3dcad\\\\evoship\\\\EVOSHIP_HELP_FILES\\\\about_annotation.html', 'title': 'アノーテーション', 'section_heading': 'アノーテーション', 'section_level': 2, 'section_index': 0, 'last_modified': '2025-07-08T01:02:52+00:00', 'extracted_at': '2025-11-04T07:53:17+00:00', 'chunk_index': 0, 'text_length': 36, 'start_char_idx': 0, 'end_char_idx': 36, 'data_source': 'EVOSHIP_HELP_FILES'}, text='アノーテーション\\n\\n３次元位置や要素上に 注記 をつけることができます。', id_='680dd135-c32f-4f97-af9c-a6a647d2bc05')]\nrelations: [Relation(label='HAS_SECTION', source_id='C:\\\\Users\\\\akiro\\\\workfolder\\\\imabari3dcad\\\\evoship\\\\EVOSHIP_HELP_FILES\\\\about_annotation.html', target_id='f7092eea43d2f61e7b46b5293ec05b46917e46b8', properties={'data_source': 'EVOSHIP_HELP_FILES'}), Relation(label='HAS_CHUNK', source_id='C:\\\\Users\\\\akiro\\\\workfolder\\\\imabari3dcad\\\\evoship\\\\EVOSHIP_HELP_FILES\\\\about_annotation.html', target_id='680dd135-c32f-4f97-af9c-a6a647d2bc05', properties={'data_source': 'EVOSHIP_HELP_FILES', 'section_id': 'f7092eea43d2f61e7b46b5293ec05b46917e46b8', 'chunk_index': 0}), Relation(label='HAS_CHUNK', source_id='f7092eea43d2f61e7b46b5293ec05b46917e46b8', target_id='680dd135-c32f-4f97-af9c-a6a647d2bc05', properties={'data_source': 'EVOSHIP_HELP_FILES', 'chunk_index': 0})]\n\nアノーテーション\n\n３次元位置や要素上に 注記 をつけることができます。\nTriplets:\n"}], 'model': 'gpt-5-nano', 'stream': False, 'temperature': 1.0}}
2025-11-04 16:53:19,366 DEBUG openai._base_client: Sending HTTP Request: POST https://api.openai.com/v1/chat/completions
2025-11-04 16:53:19,366 DEBUG openai._base_client: Request options: {'method': 'post', 'url': '/chat/completions', 'files': None, 'idempotency_key': 'stainless-python-retry-047b6c84-c429-4629-8f5a-5d7dec3c0531', 'json_data': {'messages': [{'role': 'user', 'content': "Some text is provided below. Given the text, extract up to 10 knowledge triplets in the form of (subject, predicate, object). Avoid stopwords.\n---------------------\nExample:Text: Alice is Bob's mother.Triplets:\n(Alice, is mother of, Bob)\nText: Philz is a coffee shop founded in Berkeley in 1982.\nTriplets:\n(Philz, is, coffee shop)\n(Philz, founded in, Berkeley)\n(Philz, founded in, 1982)\n---------------------\nText: document_id: C:\\Users\\akiro\\workfolder\\imabari3dcad\\evoship\\EVOSHIP_HELP_FILES\\about_annotation_styles_list_dialog.html\nsource_path: C:\\Users\\akiro\\workfolder\\imabari3dcad\\evoship\\EVOSHIP_HELP_FILES\\about_annotation_styles_list_dialog.html\nsection_id: 479fc241bbf40f983b5b190f3f96c13829c67842\ntitle: 注記・寸法スタイル設定\nsection_heading: 注記スタイルの管理\nsection_level: 3\nsection_index: 1\nlast_modified: 2025-07-08T01:02:52+00:00\nextracted_at: 2025-11-04T07:53:17+00:00\ndata_source: EVOSHIP_HELP_FILES\nchunk_id: 1f1c1a29-9a6c-4c2a-8a0d-ab58a2fc546c\nchunk_index: 0\ntext_length: 191\nstart_char_idx: 0\nend_char_idx: 191\nnodes: [EntityNode(label='HelpDocument', embedding=None, properties={'document_id': 'C:\\\\Users\\\\akiro\\\\workfolder\\\\imabari3dcad\\\\evoship\\\\EVOSHIP_HELP_FILES\\\\about_annotation_styles_list_dialog.html', 'source_path': 'C:\\\\Users\\\\akiro\\\\workfolder\\\\imabari3dcad\\\\evoship\\\\EVOSHIP_HELP_FILES\\\\about_annotation_styles_list_dialog.html', 'title': '注記・寸法スタイル設定', 'headings': ['注記・寸法スタイル設定', '注記スタイルの管理', '注記スタイルの作成', '適用ずみスタイルの更新'], 'section_count': 4, 'last_modified': '2025-07-08T01:02:52+00:00', 'extracted_at': '2025-11-04T07:53:17+00:00', 'data_source': 'EVOSHIP_HELP_FILES'}, name='C:\\\\Users\\\\akiro\\\\workfolder\\\\imabari3dcad\\\\evoship\\\\EVOSHIP_HELP_FILES\\\\about_annotation_styles_list_dialog.html'), EntityNode(label='HelpSection', embedding=None, properties={'section_id': '479fc241bbf40f983b5b190f3f96c13829c67842', 'document_id': 'C:\\\\Users\\\\akiro\\\\workfolder\\\\imabari3dcad\\\\evoship\\\\EVOSHIP_HELP_FILES\\\\about_annotation_styles_list_dialog.html', 'source_path': 'C:\\\\Users\\\\akiro\\\\workfolder\\\\imabari3dcad\\\\evoship\\\\EVOSHIP_HELP_FILES\\\\about_annotation_styles_list_dialog.html', 'title': '注記・寸法スタイル設定', 'section_heading': '注記スタイルの管理', 'section_level': 3, 'section_index': 1, 'last_modified': '2025-07-08T01:02:52+00:00', 'extracted_at': '2025-11-04T07:53:17+00:00', 'data_source': 'EVOSHIP_HELP_FILES'}, name='479fc241bbf40f983b5b190f3f96c13829c67842'), ChunkNode(label='HelpChunk', embedding=None, properties={'chunk_id': '1f1c1a29-9a6c-4c2a-8a0d-ab58a2fc546c', 'document_id': 'C:\\\\Users\\\\akiro\\\\workfolder\\\\imabari3dcad\\\\evoship\\\\EVOSHIP_HELP_FILES\\\\about_annotation_styles_list_dialog.html', 'section_id': '479fc241bbf40f983b5b190f3f96c13829c67842', 'source_path': 'C:\\\\Users\\\\akiro\\\\workfolder\\\\imabari3dcad\\\\evoship\\\\EVOSHIP_HELP_FILES\\\\about_annotation_styles_list_dialog.html', 'title': '注記・寸法スタイル設定', 'section_heading': '注記スタイルの管理', 'section_level': 3, 'section_index': 1, 'last_modified': '2025-07-08T01:02:52+00:00', 'extracted_at': '2025-11-04T07:53:17+00:00', 'chunk_index': 0, 'text_length': 191, 'start_char_idx': 0, 'end_char_idx': 191, 'data_source': 'EVOSHIP_HELP_FILES'}, text='注記スタイルの管理\\n\\n「注記・寸法スタイル設定」ウィンドウで作成した注記スタイルは、システム設定として保存されます。注記スタイルをスケッチや図面に適用すると、スケッチや図面はそのスタイルのコピーを保持します。スケッチや図面にスタイルを適用してから、「注記・寸法スタイル設定」ウィンドウでそのスタイルを編集しても、スケッチや図面が保持している「コピーされた」スタイルは変更されません。', id_='1f1c1a29-9a6c-4c2a-8a0d-ab58a2fc546c')]\nrelations: [Relation(label='HAS_SECTION', source_id='C:\\\\Users\\\\akiro\\\\workfolder\\\\imabari3dcad\\\\evoship\\\\EVOSHIP_HELP_FILES\\\\about_annotation_styles_list_dialog.html', target_id='479fc241bbf40f983b5b190f3f96c13829c67842', properties={'data_source': 'EVOSHIP_HELP_FILES'}), Relation(label='HAS_CHUNK', source_id='C:\\\\Users\\\\akiro\\\\workfolder\\\\imabari3dcad\\\\evoship\\\\EVOSHIP_HELP_FILES\\\\about_annotation_styles_list_dialog.html', target_id='1f1c1a29-9a6c-4c2a-8a0d-ab58a2fc546c', properties={'data_source': 'EVOSHIP_HELP_FILES', 'section_id': '479fc241bbf40f983b5b190f3f96c13829c67842', 'chunk_index': 0}), Relation(label='HAS_CHUNK', source_id='479fc241bbf40f983b5b190f3f96c13829c67842', target_id='1f1c1a29-9a6c-4c2a-8a0d-ab58a2fc546c', properties={'data_source': 'EVOSHIP_HELP_FILES', 'chunk_index': 0})]\n\n注記スタイルの管理\n\n「注記・寸法スタイル設定」ウィンドウで作成した注記スタイルは、システム設定として保存されます。注記スタイルをスケッチや図面に適用すると、スケッチや図面はそのスタイルのコピーを保持します。スケッチや図面にスタイルを適用してから、「注記・寸法スタイル設定」ウィンドウでそのスタイルを編集しても、スケッチや図面が保持している「コピーされた」スタイルは変更されません。\nTriplets:\n"}], 'model': 'gpt-5-nano', 'stream': False, 'temperature': 1.0}}
2025-11-04 16:53:19,367 DEBUG openai._base_client: Sending HTTP Request: POST https://api.openai.com/v1/chat/completions
2025-11-04 16:53:19,367 DEBUG httpcore.connection: connect_tcp.started host='api.openai.com' port=443 local_address=None timeout=60.0 socket_options=None
2025-11-04 16:53:19,367 DEBUG httpcore.connection: connect_tcp.started host='api.openai.com' port=443 local_address=None timeout=60.0 socket_options=None
2025-11-04 16:53:19,367 DEBUG httpcore.connection: connect_tcp.started host='api.openai.com' port=443 local_address=None timeout=60.0 socket_options=None
2025-11-04 16:53:19,427 DEBUG httpcore.connection: connect_tcp.complete return_value=<httpcore._backends.anyio.AnyIOStream object at 0x000001A1C095C880>
2025-11-04 16:53:19,427 DEBUG httpcore.connection: start_tls.started ssl_context=<ssl.SSLContext object at 0x000001A1C03DCEC0> server_hostname='api.openai.com' timeout=60.0
2025-11-04 16:53:19,438 DEBUG httpcore.connection: connect_tcp.complete return_value=<httpcore._backends.anyio.AnyIOStream object at 0x000001A1C095F190>
2025-11-04 16:53:19,438 DEBUG httpcore.connection: start_tls.started ssl_context=<ssl.SSLContext object at 0x000001A1C03DCEC0> server_hostname='api.openai.com' timeout=60.0
2025-11-04 16:53:19,439 DEBUG httpcore.connection: connect_tcp.complete return_value=<httpcore._backends.anyio.AnyIOStream object at 0x000001A1C09AC940>
2025-11-04 16:53:19,439 DEBUG httpcore.connection: start_tls.started ssl_context=<ssl.SSLContext object at 0x000001A1C03DCEC0> server_hostname='api.openai.com' timeout=60.0
2025-11-04 16:53:19,440 DEBUG httpcore.connection: connect_tcp.complete return_value=<httpcore._backends.anyio.AnyIOStream object at 0x000001A1C09AC4C0>
2025-11-04 16:53:19,440 DEBUG httpcore.connection: start_tls.started ssl_context=<ssl.SSLContext object at 0x000001A1C03DCEC0> server_hostname='api.openai.com' timeout=60.0
2025-11-04 16:53:19,455 DEBUG httpcore.connection: start_tls.complete return_value=<httpcore._backends.anyio.AnyIOStream object at 0x000001A1C0933790>
2025-11-04 16:53:19,455 DEBUG httpcore.http11: send_request_headers.started request=<Request [b'POST']>
2025-11-04 16:53:19,459 DEBUG httpcore.http11: send_request_headers.complete
2025-11-04 16:53:19,459 DEBUG httpcore.http11: send_request_body.started request=<Request [b'POST']>
2025-11-04 16:53:19,459 DEBUG httpcore.connection: start_tls.complete return_value=<httpcore._backends.anyio.AnyIOStream object at 0x000001A1C09AD7E0>
2025-11-04 16:53:19,459 DEBUG httpcore.connection: start_tls.complete return_value=<httpcore._backends.anyio.AnyIOStream object at 0x000001A1C09ACE50>
2025-11-04 16:53:19,459 DEBUG httpcore.connection: start_tls.complete return_value=<httpcore._backends.anyio.AnyIOStream object at 0x000001A1C0933C40>
2025-11-04 16:53:19,459 DEBUG httpcore.http11: send_request_body.complete
2025-11-04 16:53:19,459 DEBUG httpcore.http11: receive_response_headers.started request=<Request [b'POST']>
2025-11-04 16:53:19,460 DEBUG httpcore.http11: send_request_headers.started request=<Request [b'POST']>
2025-11-04 16:53:19,460 DEBUG httpcore.http11: send_request_headers.started request=<Request [b'POST']>
2025-11-04 16:53:19,460 DEBUG httpcore.http11: send_request_headers.started request=<Request [b'POST']>
2025-11-04 16:53:19,460 DEBUG httpcore.http11: send_request_headers.complete
2025-11-04 16:53:19,460 DEBUG httpcore.http11: send_request_body.started request=<Request [b'POST']>
2025-11-04 16:53:19,460 DEBUG httpcore.http11: send_request_headers.complete
2025-11-04 16:53:19,460 DEBUG httpcore.http11: send_request_body.started request=<Request [b'POST']>
2025-11-04 16:53:19,460 DEBUG httpcore.http11: send_request_headers.complete
2025-11-04 16:53:19,460 DEBUG httpcore.http11: send_request_body.started request=<Request [b'POST']>
2025-11-04 16:53:19,460 DEBUG httpcore.http11: send_request_body.complete
2025-11-04 16:53:19,460 DEBUG httpcore.http11: receive_response_headers.started request=<Request [b'POST']>
2025-11-04 16:53:19,461 DEBUG httpcore.http11: send_request_body.complete
2025-11-04 16:53:19,461 DEBUG httpcore.http11: receive_response_headers.started request=<Request [b'POST']>
2025-11-04 16:53:19,461 DEBUG httpcore.http11: send_request_body.complete
2025-11-04 16:53:19,461 DEBUG httpcore.http11: receive_response_headers.started request=<Request [b'POST']>
2025-11-04 16:53:44,410 DEBUG httpcore.http11: receive_response_headers.complete return_value=(b'HTTP/1.1', 200, b'OK', [(b'Date', b'Tue, 04 Nov 2025 07:53:42 GMT'), (b'Content-Type', b'application/json'), (b'Transfer-Encoding', b'chunked'), (b'Connection', b'keep-alive'), (b'access-control-expose-headers', b'X-Request-ID'), (b'openai-organization', b'ehime-university-computer-science-lab'), (b'openai-processing-ms', b'24231'), (b'openai-project', b'proj_J2ozYACnCAyF9swBaMOIo4Ft'), (b'openai-version', b'2020-10-01'), (b'x-envoy-upstream-service-time', b'24433'), (b'x-ratelimit-limit-requests', b'10000'), (b'x-ratelimit-limit-tokens', b'10000000'), (b'x-ratelimit-remaining-requests', b'9999'), (b'x-ratelimit-remaining-tokens', b'9998988'), (b'x-ratelimit-reset-requests', b'6ms'), (b'x-ratelimit-reset-tokens', b'6ms'), (b'x-request-id', b'req_25a1a54f0c8b4a3fbb390342ffafd471'), (b'x-openai-proxy-wasm', b'v0.1'), (b'cf-cache-status', b'DYNAMIC'), (b'Set-Cookie', b'__cf_bm=d_lj911eDKR6A2R6wqcYsGRd11UZ4CX3tkpytpIiC0Y-1762242822-1.0.1.1-iTZVy91z.i0AmUX5C3xfOlwAmgVUVCaR4neLazlffvfS75nHGcoGoeLDtbDa6JcB323fA_o0j1DBF4aqn6dDWP2RhBcG.pyut_4x4mrKAtA; path=/; expires=Tue, 04-Nov-25 08:23:42 GMT; domain=.api.openai.com; HttpOnly; Secure; SameSite=None'), (b'Strict-Transport-Security', b'max-age=31536000; includeSubDomains; preload'), (b'X-Content-Type-Options', b'nosniff'), (b'Set-Cookie', b'_cfuvid=iLSjqxYWehwilw46UBVvma9mjVLfxSHhX4moUjyxuAk-1762242822769-0.0.1.1-604800000; path=/; domain=.api.openai.com; HttpOnly; Secure; SameSite=None'), (b'Server', b'cloudflare'), (b'CF-RAY', b'9992896e781f9625-KIX'), (b'Content-Encoding', b'gzip'), (b'alt-svc', b'h3=":443"; ma=86400')])
2025-11-04 16:53:44,412 INFO httpx: HTTP Request: POST https://api.openai.com/v1/chat/completions "HTTP/1.1 200 OK"
2025-11-04 16:53:44,414 DEBUG httpcore.http11: receive_response_body.started request=<Request [b'POST']>
2025-11-04 16:53:44,415 DEBUG httpcore.http11: receive_response_body.complete
2025-11-04 16:53:44,415 DEBUG httpcore.http11: response_closed.started
2025-11-04 16:53:44,415 DEBUG httpcore.http11: response_closed.complete
2025-11-04 16:53:44,416 DEBUG openai._base_client: HTTP Response: POST https://api.openai.com/v1/chat/completions "200 OK" Headers([('date', 'Tue, 04 Nov 2025 07:53:42 GMT'), ('content-type', 'application/json'), ('transfer-encoding', 'chunked'), ('connection', 'keep-alive'), ('access-control-expose-headers', 'X-Request-ID'), ('openai-organization', 'ehime-university-computer-science-lab'), ('openai-processing-ms', '24231'), ('openai-project', 'proj_J2ozYACnCAyF9swBaMOIo4Ft'), ('openai-version', '2020-10-01'), ('x-envoy-upstream-service-time', '24433'), ('x-ratelimit-limit-requests', '10000'), ('x-ratelimit-limit-tokens', '10000000'), ('x-ratelimit-remaining-requests', '9999'), ('x-ratelimit-remaining-tokens', '9998988'), ('x-ratelimit-reset-requests', '6ms'), ('x-ratelimit-reset-tokens', '6ms'), ('x-request-id', 'req_25a1a54f0c8b4a3fbb390342ffafd471'), ('x-openai-proxy-wasm', 'v0.1'), ('cf-cache-status', 'DYNAMIC'), ('set-cookie', '__cf_bm=d_lj911eDKR6A2R6wqcYsGRd11UZ4CX3tkpytpIiC0Y-1762242822-1.0.1.1-iTZVy91z.i0AmUX5C3xfOlwAmgVUVCaR4neLazlffvfS75nHGcoGoeLDtbDa6JcB323fA_o0j1DBF4aqn6dDWP2RhBcG.pyut_4x4mrKAtA; path=/; expires=Tue, 04-Nov-25 08:23:42 GMT; domain=.api.openai.com; HttpOnly; Secure; SameSite=None'), ('strict-transport-security', 'max-age=31536000; includeSubDomains; preload'), ('x-content-type-options', 'nosniff'), ('set-cookie', '_cfuvid=iLSjqxYWehwilw46UBVvma9mjVLfxSHhX4moUjyxuAk-1762242822769-0.0.1.1-604800000; path=/; domain=.api.openai.com; HttpOnly; Secure; SameSite=None'), ('server', 'cloudflare'), ('cf-ray', '9992896e781f9625-KIX'), ('content-encoding', 'gzip'), ('alt-svc', 'h3=":443"; ma=86400')])
2025-11-04 16:53:44,416 DEBUG openai._base_client: request_id: req_25a1a54f0c8b4a3fbb390342ffafd471
2025-11-04 16:53:44,427 DEBUG openai._base_client: Request options: {'method': 'post', 'url': '/chat/completions', 'files': None, 'idempotency_key': 'stainless-python-retry-b72de189-8c87-40d9-b275-688dd6e1e309', 'json_data': {'messages': [{'role': 'user', 'content': "Some text is provided below. Given the text, extract up to 10 knowledge triplets in the form of (subject, predicate, object). Avoid stopwords.\n---------------------\nExample:Text: Alice is Bob's mother.Triplets:\n(Alice, is mother of, Bob)\nText: Philz is a coffee shop founded in Berkeley in 1982.\nTriplets:\n(Philz, is, coffee shop)\n(Philz, founded in, Berkeley)\n(Philz, founded in, 1982)\n---------------------\nText: document_id: C:\\Users\\akiro\\workfolder\\imabari3dcad\\evoship\\EVOSHIP_HELP_FILES\\about_annotation_styles_list_dialog.html\nsource_path: C:\\Users\\akiro\\workfolder\\imabari3dcad\\evoship\\EVOSHIP_HELP_FILES\\about_annotation_styles_list_dialog.html\nsection_id: 948fca157e8e5cee99d571163057daa7a31b2157\ntitle: 注記・寸法スタイル設定\nsection_heading: 注記スタイルの作成\nsection_level: 3\nsection_index: 2\nlast_modified: 2025-07-08T01:02:52+00:00\nextracted_at: 2025-11-04T07:53:17+00:00\ndata_source: EVOSHIP_HELP_FILES\nchunk_id: b0ce3c93-3a19-4b78-aed8-08c5044d3120\nchunk_index: 0\ntext_length: 223\nstart_char_idx: 0\nend_char_idx: 223\nnodes: [EntityNode(label='HelpDocument', embedding=None, properties={'document_id': 'C:\\\\Users\\\\akiro\\\\workfolder\\\\imabari3dcad\\\\evoship\\\\EVOSHIP_HELP_FILES\\\\about_annotation_styles_list_dialog.html', 'source_path': 'C:\\\\Users\\\\akiro\\\\workfolder\\\\imabari3dcad\\\\evoship\\\\EVOSHIP_HELP_FILES\\\\about_annotation_styles_list_dialog.html', 'title': '注記・寸法スタイル設定', 'headings': ['注記・寸法スタイル設定', '注記スタイルの管理', '注記スタイルの作成', '適用ずみスタイルの更新'], 'section_count': 4, 'last_modified': '2025-07-08T01:02:52+00:00', 'extracted_at': '2025-11-04T07:53:17+00:00', 'data_source': 'EVOSHIP_HELP_FILES'}, name='C:\\\\Users\\\\akiro\\\\workfolder\\\\imabari3dcad\\\\evoship\\\\EVOSHIP_HELP_FILES\\\\about_annotation_styles_list_dialog.html'), EntityNode(label='HelpSection', embedding=None, properties={'section_id': '948fca157e8e5cee99d571163057daa7a31b2157', 'document_id': 'C:\\\\Users\\\\akiro\\\\workfolder\\\\imabari3dcad\\\\evoship\\\\EVOSHIP_HELP_FILES\\\\about_annotation_styles_list_dialog.html', 'source_path': 'C:\\\\Users\\\\akiro\\\\workfolder\\\\imabari3dcad\\\\evoship\\\\EVOSHIP_HELP_FILES\\\\about_annotation_styles_list_dialog.html', 'title': '注記・寸法スタイル設定', 'section_heading': '注記スタイルの作成', 'section_level': 3, 'section_index': 2, 'last_modified': '2025-07-08T01:02:52+00:00', 'extracted_at': '2025-11-04T07:53:17+00:00', 'data_source': 'EVOSHIP_HELP_FILES'}, name='948fca157e8e5cee99d571163057daa7a31b2157'), ChunkNode(label='HelpChunk', embedding=None, properties={'chunk_id': 'b0ce3c93-3a19-4b78-aed8-08c5044d3120', 'document_id': 'C:\\\\Users\\\\akiro\\\\workfolder\\\\imabari3dcad\\\\evoship\\\\EVOSHIP_HELP_FILES\\\\about_annotation_styles_list_dialog.html', 'section_id': '948fca157e8e5cee99d571163057daa7a31b2157', 'source_path': 'C:\\\\Users\\\\akiro\\\\workfolder\\\\imabari3dcad\\\\evoship\\\\EVOSHIP_HELP_FILES\\\\about_annotation_styles_list_dialog.html', 'title': '注記・寸法スタイル設定', 'section_heading': '注記スタイルの作成', 'section_level': 3, 'section_index': 2, 'last_modified': '2025-07-08T01:02:52+00:00', 'extracted_at': '2025-11-04T07:53:17+00:00', 'chunk_index': 0, 'text_length': 223, 'start_char_idx': 0, 'end_char_idx': 223, 'data_source': 'EVOSHIP_HELP_FILES'}, text='注記スタイルの作成\\n\\n左側のスタイル一覧が表示されている欄でコンテキストメニューを表示し、「スタイル設定の追加」をクリックします。また、「モデルのスタイル設定を追加」をクリックすると、いま開いているモデル内のスケッチや図面が保持している注記スタイルがすべてスタイル一覧に追加されます。\\nまた、既存のスタイルを元にして新しくスタイルを作りたい場合は、スタイルを選択してコンテキストメニューを表示し、「スタイル設定（コピー）の追加」をクリックします。', id_='b0ce3c93-3a19-4b78-aed8-08c5044d3120')]\nrelations: [Relation(label='HAS_SECTION', source_id='C:\\\\Users\\\\akiro\\\\workfolder\\\\imabari3dcad\\\\evoship\\\\EVOSHIP_HELP_FILES\\\\about_annotation_styles_list_dialog.html', target_id='948fca157e8e5cee99d571163057daa7a31b2157', properties={'data_source': 'EVOSHIP_HELP_FILES'}), Relation(label='HAS_CHUNK', source_id='C:\\\\Users\\\\akiro\\\\workfolder\\\\imabari3dcad\\\\evoship\\\\EVOSHIP_HELP_FILES\\\\about_annotation_styles_list_dialog.html', target_id='b0ce3c93-3a19-4b78-aed8-08c5044d3120', properties={'data_source': 'EVOSHIP_HELP_FILES', 'section_id': '948fca157e8e5cee99d571163057daa7a31b2157', 'chunk_index': 0}), Relation(label='HAS_CHUNK', source_id='948fca157e8e5cee99d571163057daa7a31b2157', target_id='b0ce3c93-3a19-4b78-aed8-08c5044d3120', properties={'data_source': 'EVOSHIP_HELP_FILES', 'chunk_index': 0})]\n\n注記スタイルの作成\n\n左側のスタイル一覧が表示されている欄でコンテキストメニューを表示し、「スタイル設定の追加」をクリックします。また、「モデルのスタイル設定を追加」をクリックすると、いま開いているモデル内のスケッチや図面が保持している注記スタイルがすべてスタイル一覧に追加されます。\nまた、既存のスタイルを元にして新しくスタイルを作りたい場合は、スタイルを選択してコンテキストメニューを表示し、「スタイル設定（コピー）の追加」をクリックします。\nTriplets:\n"}], 'model': 'gpt-5-nano', 'stream': False, 'temperature': 1.0}}
2025-11-04 16:53:44,427 DEBUG openai._base_client: Sending HTTP Request: POST https://api.openai.com/v1/chat/completions
2025-11-04 16:53:44,428 DEBUG httpcore.http11: send_request_headers.started request=<Request [b'POST']>
2025-11-04 16:53:44,428 DEBUG httpcore.http11: send_request_headers.complete
2025-11-04 16:53:44,428 DEBUG httpcore.http11: send_request_body.started request=<Request [b'POST']>
2025-11-04 16:53:44,428 DEBUG httpcore.http11: send_request_body.complete
2025-11-04 16:53:44,428 DEBUG httpcore.http11: receive_response_headers.started request=<Request [b'POST']>
2025-11-04 16:53:44,710 DEBUG httpcore.http11: receive_response_headers.complete return_value=(b'HTTP/1.1', 200, b'OK', [(b'Date', b'Tue, 04 Nov 2025 07:53:43 GMT'), (b'Content-Type', b'application/json'), (b'Transfer-Encoding', b'chunked'), (b'Connection', b'keep-alive'), (b'access-control-expose-headers', b'X-Request-ID'), (b'openai-organization', b'ehime-university-computer-science-lab'), (b'openai-processing-ms', b'24667'), (b'openai-project', b'proj_J2ozYACnCAyF9swBaMOIo4Ft'), (b'openai-version', b'2020-10-01'), (b'x-envoy-upstream-service-time', b'24800'), (b'x-ratelimit-limit-requests', b'10000'), (b'x-ratelimit-limit-tokens', b'10000000'), (b'x-ratelimit-remaining-requests', b'9999'), (b'x-ratelimit-remaining-tokens', b'9998662'), (b'x-ratelimit-reset-requests', b'6ms'), (b'x-ratelimit-reset-tokens', b'8ms'), (b'x-request-id', b'req_8e42aa4efc694dafabd9eacbde0f567e'), (b'x-openai-proxy-wasm', b'v0.1'), (b'cf-cache-status', b'DYNAMIC'), (b'Set-Cookie', b'__cf_bm=kkRuxJB2mN8OCRpqeH7uaQuU3TnaAbj6pDLRStHNLR0-1762242823-1.0.1.1-nffOj3rAniA2UchYdkgxsjAIha4CL1CuL3jdcwISQyMeo32g.6K6QH81fSYXLCmrOapwDX6.G_HN.xTvl8QMrgsvMusAVVTjrfBEiI_HDaU; path=/; expires=Tue, 04-Nov-25 08:23:43 GMT; domain=.api.openai.com; HttpOnly; Secure; SameSite=None'), (b'Strict-Transport-Security', b'max-age=31536000; includeSubDomains; preload'), (b'X-Content-Type-Options', b'nosniff'), (b'Set-Cookie', b'_cfuvid=Xj2MoTEtF0OPM3FtsbWRMCxvu7I2dRlF1hSBkQf.Xok-1762242823068-0.0.1.1-604800000; path=/; domain=.api.openai.com; HttpOnly; Secure; SameSite=None'), (b'Server', b'cloudflare'), (b'CF-RAY', b'9992896e7aa6965f-KIX'), (b'Content-Encoding', b'gzip'), (b'alt-svc', b'h3=":443"; ma=86400')])
2025-11-04 16:53:44,711 INFO httpx: HTTP Request: POST https://api.openai.com/v1/chat/completions "HTTP/1.1 200 OK"
2025-11-04 16:53:44,711 DEBUG httpcore.http11: receive_response_body.started request=<Request [b'POST']>
2025-11-04 16:53:44,712 DEBUG httpcore.http11: receive_response_body.complete
2025-11-04 16:53:44,712 DEBUG httpcore.http11: response_closed.started
2025-11-04 16:53:44,713 DEBUG httpcore.http11: response_closed.complete
2025-11-04 16:53:44,713 DEBUG openai._base_client: HTTP Response: POST https://api.openai.com/v1/chat/completions "200 OK" Headers([('date', 'Tue, 04 Nov 2025 07:53:43 GMT'), ('content-type', 'application/json'), ('transfer-encoding', 'chunked'), ('connection', 'keep-alive'), ('access-control-expose-headers', 'X-Request-ID'), ('openai-organization', 'ehime-university-computer-science-lab'), ('openai-processing-ms', '24667'), ('openai-project', 'proj_J2ozYACnCAyF9swBaMOIo4Ft'), ('openai-version', '2020-10-01'), ('x-envoy-upstream-service-time', '24800'), ('x-ratelimit-limit-requests', '10000'), ('x-ratelimit-limit-tokens', '10000000'), ('x-ratelimit-remaining-requests', '9999'), ('x-ratelimit-remaining-tokens', '9998662'), ('x-ratelimit-reset-requests', '6ms'), ('x-ratelimit-reset-tokens', '8ms'), ('x-request-id', 'req_8e42aa4efc694dafabd9eacbde0f567e'), ('x-openai-proxy-wasm', 'v0.1'), ('cf-cache-status', 'DYNAMIC'), ('set-cookie', '__cf_bm=kkRuxJB2mN8OCRpqeH7uaQuU3TnaAbj6pDLRStHNLR0-1762242823-1.0.1.1-nffOj3rAniA2UchYdkgxsjAIha4CL1CuL3jdcwISQyMeo32g.6K6QH81fSYXLCmrOapwDX6.G_HN.xTvl8QMrgsvMusAVVTjrfBEiI_HDaU; path=/; expires=Tue, 04-Nov-25 08:23:43 GMT; domain=.api.openai.com; HttpOnly; Secure; SameSite=None'), ('strict-transport-security', 'max-age=31536000; includeSubDomains; preload'), ('x-content-type-options', 'nosniff'), ('set-cookie', '_cfuvid=Xj2MoTEtF0OPM3FtsbWRMCxvu7I2dRlF1hSBkQf.Xok-1762242823068-0.0.1.1-604800000; path=/; domain=.api.openai.com; HttpOnly; Secure; SameSite=None'), ('server', 'cloudflare'), ('cf-ray', '9992896e7aa6965f-KIX'), ('content-encoding', 'gzip'), ('alt-svc', 'h3=":443"; ma=86400')])
2025-11-04 16:53:44,713 DEBUG openai._base_client: request_id: req_8e42aa4efc694dafabd9eacbde0f567e
2025-11-04 16:53:44,715 DEBUG openai._base_client: Request options: {'method': 'post', 'url': '/chat/completions', 'files': None, 'idempotency_key': 'stainless-python-retry-fcec0fb0-ed6d-4446-b284-94f022267a47', 'json_data': {'messages': [{'role': 'user', 'content': "Some text is provided below. Given the text, extract up to 10 knowledge triplets in the form of (subject, predicate, object). Avoid stopwords.\n---------------------\nExample:Text: Alice is Bob's mother.Triplets:\n(Alice, is mother of, Bob)\nText: Philz is a coffee shop founded in Berkeley in 1982.\nTriplets:\n(Philz, is, coffee shop)\n(Philz, founded in, Berkeley)\n(Philz, founded in, 1982)\n---------------------\nText: document_id: C:\\Users\\akiro\\workfolder\\imabari3dcad\\evoship\\EVOSHIP_HELP_FILES\\about_annotation_styles_list_dialog.html\nsource_path: C:\\Users\\akiro\\workfolder\\imabari3dcad\\evoship\\EVOSHIP_HELP_FILES\\about_annotation_styles_list_dialog.html\nsection_id: 20282e22440d39595fb32550c039519844363c95\ntitle: 注記・寸法スタイル設定\nsection_heading: 適用ずみスタイルの更新\nsection_level: 3\nsection_index: 3\nlast_modified: 2025-07-08T01:02:52+00:00\nextracted_at: 2025-11-04T07:53:17+00:00\ndata_source: EVOSHIP_HELP_FILES\nchunk_id: 5e8083f4-7d49-4be1-9e3e-c5f82eb8f49c\nchunk_index: 0\ntext_length: 250\nstart_char_idx: 0\nend_char_idx: 250\nnodes: [EntityNode(label='HelpDocument', embedding=None, properties={'document_id': 'C:\\\\Users\\\\akiro\\\\workfolder\\\\imabari3dcad\\\\evoship\\\\EVOSHIP_HELP_FILES\\\\about_annotation_styles_list_dialog.html', 'source_path': 'C:\\\\Users\\\\akiro\\\\workfolder\\\\imabari3dcad\\\\evoship\\\\EVOSHIP_HELP_FILES\\\\about_annotation_styles_list_dialog.html', 'title': '注記・寸法スタイル設定', 'headings': ['注記・寸法スタイル設定', '注記スタイルの管理', '注記スタイルの作成', '適用ずみスタイルの更新'], 'section_count': 4, 'last_modified': '2025-07-08T01:02:52+00:00', 'extracted_at': '2025-11-04T07:53:17+00:00', 'data_source': 'EVOSHIP_HELP_FILES'}, name='C:\\\\Users\\\\akiro\\\\workfolder\\\\imabari3dcad\\\\evoship\\\\EVOSHIP_HELP_FILES\\\\about_annotation_styles_list_dialog.html'), EntityNode(label='HelpSection', embedding=None, properties={'section_id': '20282e22440d39595fb32550c039519844363c95', 'document_id': 'C:\\\\Users\\\\akiro\\\\workfolder\\\\imabari3dcad\\\\evoship\\\\EVOSHIP_HELP_FILES\\\\about_annotation_styles_list_dialog.html', 'source_path': 'C:\\\\Users\\\\akiro\\\\workfolder\\\\imabari3dcad\\\\evoship\\\\EVOSHIP_HELP_FILES\\\\about_annotation_styles_list_dialog.html', 'title': '注記・寸法スタイル設定', 'section_heading': '適用ずみスタイルの更新', 'section_level': 3, 'section_index': 3, 'last_modified': '2025-07-08T01:02:52+00:00', 'extracted_at': '2025-11-04T07:53:17+00:00', 'data_source': 'EVOSHIP_HELP_FILES'}, name='20282e22440d39595fb32550c039519844363c95'), ChunkNode(label='HelpChunk', embedding=None, properties={'chunk_id': '5e8083f4-7d49-4be1-9e3e-c5f82eb8f49c', 'document_id': 'C:\\\\Users\\\\akiro\\\\workfolder\\\\imabari3dcad\\\\evoship\\\\EVOSHIP_HELP_FILES\\\\about_annotation_styles_list_dialog.html', 'section_id': '20282e22440d39595fb32550c039519844363c95', 'source_path': 'C:\\\\Users\\\\akiro\\\\workfolder\\\\imabari3dcad\\\\evoship\\\\EVOSHIP_HELP_FILES\\\\about_annotation_styles_list_dialog.html', 'title': '注記・寸法スタイル設定', 'section_heading': '適用ずみスタイルの更新', 'section_level': 3, 'section_index': 3, 'last_modified': '2025-07-08T01:02:52+00:00', 'extracted_at': '2025-11-04T07:53:17+00:00', 'chunk_index': 0, 'text_length': 250, 'start_char_idx': 0, 'end_char_idx': 250, 'data_source': 'EVOSHIP_HELP_FILES'}, text='適用ずみスタイルの更新\\n\\nウィンドウ右下の「モデルの更新」ボタンをクリックすると、「注記・寸法スタイル設定」ウィンドウで管理している（システム設定として保存されている）各スタイルについて、スケッチや図面に適用ずみのスタイルで同名のものがあると、その適用ずみスタイルをシステム設定のスタイルで上書きします。\\nスタイル一覧に同名のスタイルが複数存在すると、それらのうちひとつだけが適用ずみスタイルの上書きに使われて、残りは無視されてしまいます。同名のスタイルを作るのはできるだけ避けるようにしてください。', id_='5e8083f4-7d49-4be1-9e3e-c5f82eb8f49c')]\nrelations: [Relation(label='HAS_SECTION', source_id='C:\\\\Users\\\\akiro\\\\workfolder\\\\imabari3dcad\\\\evoship\\\\EVOSHIP_HELP_FILES\\\\about_annotation_styles_list_dialog.html', target_id='20282e22440d39595fb32550c039519844363c95', properties={'data_source': 'EVOSHIP_HELP_FILES'}), Relation(label='HAS_CHUNK', source_id='C:\\\\Users\\\\akiro\\\\workfolder\\\\imabari3dcad\\\\evoship\\\\EVOSHIP_HELP_FILES\\\\about_annotation_styles_list_dialog.html', target_id='5e8083f4-7d49-4be1-9e3e-c5f82eb8f49c', properties={'data_source': 'EVOSHIP_HELP_FILES', 'section_id': '20282e22440d39595fb32550c039519844363c95', 'chunk_index': 0}), Relation(label='HAS_CHUNK', source_id='20282e22440d39595fb32550c039519844363c95', target_id='5e8083f4-7d49-4be1-9e3e-c5f82eb8f49c', properties={'data_source': 'EVOSHIP_HELP_FILES', 'chunk_index': 0})]\n\n適用ずみスタイルの更新\n\nウィンドウ右下の「モデルの更新」ボタンをクリックすると、「注記・寸法スタイル設定」ウィンドウで管理している（システム設定として保存されている）各スタイルについて、スケッチや図面に適用ずみのスタイルで同名のものがあると、その適用ずみスタイルをシステム設定のスタイルで上書きします。\nスタイル一覧に同名のスタイルが複数存在すると、それらのうちひとつだけが適用ずみスタイルの上書きに使われて、残りは無視されてしまいます。同名のスタイルを作るのはできるだけ避けるようにしてください。\nTriplets:\n"}], 'model': 'gpt-5-nano', 'stream': False, 'temperature': 1.0}}
2025-11-04 16:53:44,716 DEBUG openai._base_client: Sending HTTP Request: POST https://api.openai.com/v1/chat/completions
2025-11-04 16:53:44,716 DEBUG httpcore.http11: send_request_headers.started request=<Request [b'POST']>
2025-11-04 16:53:44,717 DEBUG httpcore.http11: send_request_headers.complete
2025-11-04 16:53:44,717 DEBUG httpcore.http11: send_request_body.started request=<Request [b'POST']>
2025-11-04 16:53:44,717 DEBUG httpcore.http11: send_request_body.complete
2025-11-04 16:53:44,717 DEBUG httpcore.http11: receive_response_headers.started request=<Request [b'POST']>
2025-11-04 16:53:52,511 DEBUG httpcore.http11: receive_response_headers.complete return_value=(b'HTTP/1.1', 200, b'OK', [(b'Date', b'Tue, 04 Nov 2025 07:53:50 GMT'), (b'Content-Type', b'application/json'), (b'Transfer-Encoding', b'chunked'), (b'Connection', b'keep-alive'), (b'access-control-expose-headers', b'X-Request-ID'), (b'openai-organization', b'ehime-university-computer-science-lab'), (b'openai-processing-ms', b'32399'), (b'openai-project', b'proj_J2ozYACnCAyF9swBaMOIo4Ft'), (b'openai-version', b'2020-10-01'), (b'x-envoy-upstream-service-time', b'32562'), (b'x-ratelimit-limit-requests', b'10000'), (b'x-ratelimit-limit-tokens', b'10000000'), (b'x-ratelimit-remaining-requests', b'9999'), (b'x-ratelimit-remaining-tokens', b'9998094'), (b'x-ratelimit-reset-requests', b'6ms'), (b'x-ratelimit-reset-tokens', b'11ms'), (b'x-request-id', b'req_4be2b5a1ed4f45c789124a8a7ee27534'), (b'x-openai-proxy-wasm', b'v0.1'), (b'cf-cache-status', b'DYNAMIC'), (b'Set-Cookie', b'__cf_bm=QWkkgyaNmjLRsIAZJZf10dnXDv30sh8F9z98.DgTgHU-1762242830-1.0.1.1-b3Rs0.s3NdQqyT5vFknQg8PxiDBR8oc6KZzzb9c5.M3p1KkEync4qhFn_IPHcxLh8u8sQvFvto4i5bX8oq9.pkJ8AUxjQqWN1m0YZp.gNZs; path=/; expires=Tue, 04-Nov-25 08:23:50 GMT; domain=.api.openai.com; HttpOnly; Secure; SameSite=None'), (b'Strict-Transport-Security', b'max-age=31536000; includeSubDomains; preload'), (b'X-Content-Type-Options', b'nosniff'), (b'Set-Cookie', b'_cfuvid=97j1GW1E7PHfZw76M617S6fdnK4VQErQJwD8ok2on.M-1762242830871-0.0.1.1-604800000; path=/; domain=.api.openai.com; HttpOnly; Secure; SameSite=None'), (b'Server', b'cloudflare'), (b'CF-RAY', b'9992896e7e15d1c6-KIX'), (b'Content-Encoding', b'gzip'), (b'alt-svc', b'h3=":443"; ma=86400')])
2025-11-04 16:53:52,512 INFO httpx: HTTP Request: POST https://api.openai.com/v1/chat/completions "HTTP/1.1 200 OK"
2025-11-04 16:53:52,512 DEBUG httpcore.http11: receive_response_body.started request=<Request [b'POST']>
2025-11-04 16:53:52,512 DEBUG httpcore.http11: receive_response_body.complete
2025-11-04 16:53:52,512 DEBUG httpcore.http11: response_closed.started
2025-11-04 16:53:52,512 DEBUG httpcore.http11: response_closed.complete
2025-11-04 16:53:52,512 DEBUG openai._base_client: HTTP Response: POST https://api.openai.com/v1/chat/completions "200 OK" Headers([('date', 'Tue, 04 Nov 2025 07:53:50 GMT'), ('content-type', 'application/json'), ('transfer-encoding', 'chunked'), ('connection', 'keep-alive'), ('access-control-expose-headers', 'X-Request-ID'), ('openai-organization', 'ehime-university-computer-science-lab'), ('openai-processing-ms', '32399'), ('openai-project', 'proj_J2ozYACnCAyF9swBaMOIo4Ft'), ('openai-version', '2020-10-01'), ('x-envoy-upstream-service-time', '32562'), ('x-ratelimit-limit-requests', '10000'), ('x-ratelimit-limit-tokens', '10000000'), ('x-ratelimit-remaining-requests', '9999'), ('x-ratelimit-remaining-tokens', '9998094'), ('x-ratelimit-reset-requests', '6ms'), ('x-ratelimit-reset-tokens', '11ms'), ('x-request-id', 'req_4be2b5a1ed4f45c789124a8a7ee27534'), ('x-openai-proxy-wasm', 'v0.1'), ('cf-cache-status', 'DYNAMIC'), ('set-cookie', '__cf_bm=QWkkgyaNmjLRsIAZJZf10dnXDv30sh8F9z98.DgTgHU-1762242830-1.0.1.1-b3Rs0.s3NdQqyT5vFknQg8PxiDBR8oc6KZzzb9c5.M3p1KkEync4qhFn_IPHcxLh8u8sQvFvto4i5bX8oq9.pkJ8AUxjQqWN1m0YZp.gNZs; path=/; expires=Tue, 04-Nov-25 08:23:50 GMT; domain=.api.openai.com; HttpOnly; Secure; SameSite=None'), ('strict-transport-security', 'max-age=31536000; includeSubDomains; preload'), ('x-content-type-options', 'nosniff'), ('set-cookie', '_cfuvid=97j1GW1E7PHfZw76M617S6fdnK4VQErQJwD8ok2on.M-1762242830871-0.0.1.1-604800000; path=/; domain=.api.openai.com; HttpOnly; Secure; SameSite=None'), ('server', 'cloudflare'), ('cf-ray', '9992896e7e15d1c6-KIX'), ('content-encoding', 'gzip'), ('alt-svc', 'h3=":443"; ma=86400')])
2025-11-04 16:53:52,512 DEBUG openai._base_client: request_id: req_4be2b5a1ed4f45c789124a8a7ee27534
2025-11-04 16:53:52,514 DEBUG openai._base_client: Request options: {'method': 'post', 'url': '/chat/completions', 'files': None, 'idempotency_key': 'stainless-python-retry-348d3d55-7c9a-44ef-98d4-809e5c819a1f', 'json_data': {'messages': [{'role': 'user', 'content': "Some text is provided below. Given the text, extract up to 10 knowledge triplets in the form of (subject, predicate, object). Avoid stopwords.\n---------------------\nExample:Text: Alice is Bob's mother.Triplets:\n(Alice, is mother of, Bob)\nText: Philz is a coffee shop founded in Berkeley in 1982.\nTriplets:\n(Philz, is, coffee shop)\n(Philz, founded in, Berkeley)\n(Philz, founded in, 1982)\n---------------------\nText: document_id: C:\\Users\\akiro\\workfolder\\imabari3dcad\\evoship\\EVOSHIP_HELP_FILES\\about_body.html\nsource_path: C:\\Users\\akiro\\workfolder\\imabari3dcad\\evoship\\EVOSHIP_HELP_FILES\\about_body.html\nsection_id: 4478152f881537f1e6b3bb012fe2a0bf3725bf2e\ntitle: ボディ\nsection_heading: ボディ\nsection_level: 2\nsection_index: 0\nlast_modified: 2025-07-08T01:02:52+00:00\nextracted_at: 2025-11-04T07:53:17+00:00\ndata_source: EVOSHIP_HELP_FILES\nchunk_id: eaa8f7aa-50c7-4ddb-8502-3634456ed6e7\nchunk_index: 0\ntext_length: 250\nstart_char_idx: 0\nend_char_idx: 250\nnodes: [EntityNode(label='HelpDocument', embedding=None, properties={'document_id': 'C:\\\\Users\\\\akiro\\\\workfolder\\\\imabari3dcad\\\\evoship\\\\EVOSHIP_HELP_FILES\\\\about_body.html', 'source_path': 'C:\\\\Users\\\\akiro\\\\workfolder\\\\imabari3dcad\\\\evoship\\\\EVOSHIP_HELP_FILES\\\\about_body.html', 'title': 'ボディ', 'headings': ['ボディ'], 'section_count': 1, 'last_modified': '2025-07-08T01:02:52+00:00', 'extracted_at': '2025-11-04T07:53:17+00:00', 'data_source': 'EVOSHIP_HELP_FILES'}, name='C:\\\\Users\\\\akiro\\\\workfolder\\\\imabari3dcad\\\\evoship\\\\EVOSHIP_HELP_FILES\\\\about_body.html'), EntityNode(label='HelpSection', embedding=None, properties={'section_id': '4478152f881537f1e6b3bb012fe2a0bf3725bf2e', 'document_id': 'C:\\\\Users\\\\akiro\\\\workfolder\\\\imabari3dcad\\\\evoship\\\\EVOSHIP_HELP_FILES\\\\about_body.html', 'source_path': 'C:\\\\Users\\\\akiro\\\\workfolder\\\\imabari3dcad\\\\evoship\\\\EVOSHIP_HELP_FILES\\\\about_body.html', 'title': 'ボディ', 'section_heading': 'ボディ', 'section_level': 2, 'section_index': 0, 'last_modified': '2025-07-08T01:02:52+00:00', 'extracted_at': '2025-11-04T07:53:17+00:00', 'data_source': 'EVOSHIP_HELP_FILES'}, name='4478152f881537f1e6b3bb012fe2a0bf3725bf2e'), ChunkNode(label='HelpChunk', embedding=None, properties={'chunk_id': 'eaa8f7aa-50c7-4ddb-8502-3634456ed6e7', 'document_id': 'C:\\\\Users\\\\akiro\\\\workfolder\\\\imabari3dcad\\\\evoship\\\\EVOSHIP_HELP_FILES\\\\about_body.html', 'section_id': '4478152f881537f1e6b3bb012fe2a0bf3725bf2e', 'source_path': 'C:\\\\Users\\\\akiro\\\\workfolder\\\\imabari3dcad\\\\evoship\\\\EVOSHIP_HELP_FILES\\\\about_body.html', 'title': 'ボディ', 'section_heading': 'ボディ', 'section_level': 2, 'section_index': 0, 'last_modified': '2025-07-08T01:02:52+00:00', 'extracted_at': '2025-11-04T07:53:17+00:00', 'chunk_index': 0, 'text_length': 250, 'start_char_idx': 0, 'end_char_idx': 250, 'data_source': 'EVOSHIP_HELP_FILES'}, text='ボディ\\n\\nボディにはソリッドボディとシートボディ(複合面)があり、 フィーチャー という基本形状（基本操作)によって構成されます。 ３Ｄモデルの要素で、図面ドキュメントには存在しません。 いづれか一つのボディをワークボディに設定することができ、フィーチャーはワークボディに対して作成されます。 ワークボディの設定 ソリッドボディ ソリッドボディには 材料 を設定できます。( 質量特性 コマンド等で利用します。) ソリッドボディの作成 シートボディ 平面 オフセット 押し出し 回転 スイープ ロフト', id_='eaa8f7aa-50c7-4ddb-8502-3634456ed6e7')]\nrelations: [Relation(label='HAS_SECTION', source_id='C:\\\\Users\\\\akiro\\\\workfolder\\\\imabari3dcad\\\\evoship\\\\EVOSHIP_HELP_FILES\\\\about_body.html', target_id='4478152f881537f1e6b3bb012fe2a0bf3725bf2e', properties={'data_source': 'EVOSHIP_HELP_FILES'}), Relation(label='HAS_CHUNK', source_id='C:\\\\Users\\\\akiro\\\\workfolder\\\\imabari3dcad\\\\evoship\\\\EVOSHIP_HELP_FILES\\\\about_body.html', target_id='eaa8f7aa-50c7-4ddb-8502-3634456ed6e7', properties={'data_source': 'EVOSHIP_HELP_FILES', 'section_id': '4478152f881537f1e6b3bb012fe2a0bf3725bf2e', 'chunk_index': 0}), Relation(label='HAS_CHUNK', source_id='4478152f881537f1e6b3bb012fe2a0bf3725bf2e', target_id='eaa8f7aa-50c7-4ddb-8502-3634456ed6e7', properties={'data_source': 'EVOSHIP_HELP_FILES', 'chunk_index': 0})]\n\nボディ\n\nボディにはソリッドボディとシートボディ(複合面)があり、 フィーチャー という基本形状（基本操作)によって構成されます。 ３Ｄモデルの要素で、図面ドキュメントには存在しません。 いづれか一つのボディをワークボディに設定することができ、フィーチャーはワークボディに対して作成されます。 ワークボディの設定 ソリッドボディ ソリッドボディには 材料 を設定できます。( 質量特性 コマンド等で利用します。) ソリッドボディの作成 シートボディ 平面 オフセット 押し出し 回転 スイープ ロフト\nTriplets:\n"}], 'model': 'gpt-5-nano', 'stream': False, 'temperature': 1.0}}
2025-11-04 16:53:52,514 DEBUG openai._base_client: Sending HTTP Request: POST https://api.openai.com/v1/chat/completions
2025-11-04 16:53:52,514 DEBUG httpcore.http11: send_request_headers.started request=<Request [b'POST']>
2025-11-04 16:53:52,515 DEBUG httpcore.http11: send_request_headers.complete
2025-11-04 16:53:52,515 DEBUG httpcore.http11: send_request_body.started request=<Request [b'POST']>
2025-11-04 16:53:52,515 DEBUG httpcore.http11: send_request_body.complete
2025-11-04 16:53:52,515 DEBUG httpcore.http11: receive_response_headers.started request=<Request [b'POST']>
2025-11-04 16:53:53,342 DEBUG httpcore.http11: receive_response_headers.complete return_value=(b'HTTP/1.1', 200, b'OK', [(b'Date', b'Tue, 04 Nov 2025 07:53:51 GMT'), (b'Content-Type', b'application/json'), (b'Transfer-Encoding', b'chunked'), (b'Connection', b'keep-alive'), (b'access-control-expose-headers', b'X-Request-ID'), (b'openai-organization', b'ehime-university-computer-science-lab'), (b'openai-processing-ms', b'33138'), (b'openai-project', b'proj_J2ozYACnCAyF9swBaMOIo4Ft'), (b'openai-version', b'2020-10-01'), (b'x-envoy-upstream-service-time', b'33307'), (b'x-ratelimit-limit-requests', b'10000'), (b'x-ratelimit-limit-tokens', b'10000000'), (b'x-ratelimit-remaining-requests', b'9999'), (b'x-ratelimit-remaining-tokens', b'9998449'), (b'x-ratelimit-reset-requests', b'6ms'), (b'x-ratelimit-reset-tokens', b'9ms'), (b'x-request-id', b'req_d01021c7e4e14528acf46654783dd955'), (b'x-openai-proxy-wasm', b'v0.1'), (b'cf-cache-status', b'DYNAMIC'), (b'Set-Cookie', b'__cf_bm=pRvsQ1QXFUe4T_li7O8cuvm.0pQQmjrumtE7KV8apWo-1762242831-1.0.1.1-63M0DIQ31dWrpBMu4442AFXzUTdmhl2UuFt0ob8hLJ_gw2wfcpxs9Y5uSP9g28werfdMtad9yV1Bxq1DO9vWcwS6DBT9BBjTcDm4FC1AuS4; path=/; expires=Tue, 04-Nov-25 08:23:51 GMT; domain=.api.openai.com; HttpOnly; Secure; SameSite=None'), (b'Strict-Transport-Security', b'max-age=31536000; includeSubDomains; preload'), (b'X-Content-Type-Options', b'nosniff'), (b'Set-Cookie', b'_cfuvid=uzVTLRf5Deaqr8pIamXxwJ.i1f8URuofuzIT33G6tOU-1762242831705-0.0.1.1-604800000; path=/; domain=.api.openai.com; HttpOnly; Secure; SameSite=None'), (b'Server', b'cloudflare'), (b'CF-RAY', b'9992896e7b151a0a-KIX'), (b'Content-Encoding', b'gzip'), (b'alt-svc', b'h3=":443"; ma=86400')])
2025-11-04 16:53:53,343 INFO httpx: HTTP Request: POST https://api.openai.com/v1/chat/completions "HTTP/1.1 200 OK"
2025-11-04 16:53:53,343 DEBUG httpcore.http11: receive_response_body.started request=<Request [b'POST']>
2025-11-04 16:53:53,343 DEBUG httpcore.http11: receive_response_body.complete
2025-11-04 16:53:53,343 DEBUG httpcore.http11: response_closed.started
2025-11-04 16:53:53,343 DEBUG httpcore.http11: response_closed.complete
2025-11-04 16:53:53,344 DEBUG openai._base_client: HTTP Response: POST https://api.openai.com/v1/chat/completions "200 OK" Headers([('date', 'Tue, 04 Nov 2025 07:53:51 GMT'), ('content-type', 'application/json'), ('transfer-encoding', 'chunked'), ('connection', 'keep-alive'), ('access-control-expose-headers', 'X-Request-ID'), ('openai-organization', 'ehime-university-computer-science-lab'), ('openai-processing-ms', '33138'), ('openai-project', 'proj_J2ozYACnCAyF9swBaMOIo4Ft'), ('openai-version', '2020-10-01'), ('x-envoy-upstream-service-time', '33307'), ('x-ratelimit-limit-requests', '10000'), ('x-ratelimit-limit-tokens', '10000000'), ('x-ratelimit-remaining-requests', '9999'), ('x-ratelimit-remaining-tokens', '9998449'), ('x-ratelimit-reset-requests', '6ms'), ('x-ratelimit-reset-tokens', '9ms'), ('x-request-id', 'req_d01021c7e4e14528acf46654783dd955'), ('x-openai-proxy-wasm', 'v0.1'), ('cf-cache-status', 'DYNAMIC'), ('set-cookie', '__cf_bm=pRvsQ1QXFUe4T_li7O8cuvm.0pQQmjrumtE7KV8apWo-1762242831-1.0.1.1-63M0DIQ31dWrpBMu4442AFXzUTdmhl2UuFt0ob8hLJ_gw2wfcpxs9Y5uSP9g28werfdMtad9yV1Bxq1DO9vWcwS6DBT9BBjTcDm4FC1AuS4; path=/; expires=Tue, 04-Nov-25 08:23:51 GMT; domain=.api.openai.com; HttpOnly; Secure; SameSite=None'), ('strict-transport-security', 'max-age=31536000; includeSubDomains; preload'), ('x-content-type-options', 'nosniff'), ('set-cookie', '_cfuvid=uzVTLRf5Deaqr8pIamXxwJ.i1f8URuofuzIT33G6tOU-1762242831705-0.0.1.1-604800000; path=/; domain=.api.openai.com; HttpOnly; Secure; SameSite=None'), ('server', 'cloudflare'), ('cf-ray', '9992896e7b151a0a-KIX'), ('content-encoding', 'gzip'), ('alt-svc', 'h3=":443"; ma=86400')])
2025-11-04 16:53:53,344 DEBUG openai._base_client: request_id: req_d01021c7e4e14528acf46654783dd955
2025-11-04 16:54:14,784 DEBUG httpcore.http11: receive_response_headers.complete return_value=(b'HTTP/1.1', 200, b'OK', [(b'Date', b'Tue, 04 Nov 2025 07:54:13 GMT'), (b'Content-Type', b'application/json'), (b'Transfer-Encoding', b'chunked'), (b'Connection', b'keep-alive'), (b'access-control-expose-headers', b'X-Request-ID'), (b'openai-organization', b'ehime-university-computer-science-lab'), (b'openai-processing-ms', b'29778'), (b'openai-project', b'proj_J2ozYACnCAyF9swBaMOIo4Ft'), (b'openai-version', b'2020-10-01'), (b'x-envoy-upstream-service-time', b'29800'), (b'x-ratelimit-limit-requests', b'10000'), (b'x-ratelimit-limit-tokens', b'10000000'), (b'x-ratelimit-remaining-requests', b'9999'), (b'x-ratelimit-remaining-tokens', b'9998570'), (b'x-ratelimit-reset-requests', b'6ms'), (b'x-ratelimit-reset-tokens', b'8ms'), (b'x-request-id', b'req_d758a507666e42b69fd1073dfc4b83cf'), (b'x-openai-proxy-wasm', b'v0.1'), (b'cf-cache-status', b'DYNAMIC'), (b'Strict-Transport-Security', b'max-age=31536000; includeSubDomains; preload'), (b'X-Content-Type-Options', b'nosniff'), (b'Server', b'cloudflare'), (b'CF-RAY', b'99928a0c5db6965f-KIX'), (b'Content-Encoding', b'gzip'), (b'alt-svc', b'h3=":443"; ma=86400')])
2025-11-04 16:54:14,785 INFO httpx: HTTP Request: POST https://api.openai.com/v1/chat/completions "HTTP/1.1 200 OK"
2025-11-04 16:54:14,786 DEBUG httpcore.http11: receive_response_body.started request=<Request [b'POST']>
2025-11-04 16:54:14,787 DEBUG httpcore.http11: receive_response_body.complete
2025-11-04 16:54:14,787 DEBUG httpcore.http11: response_closed.started
2025-11-04 16:54:14,787 DEBUG httpcore.http11: response_closed.complete
2025-11-04 16:54:14,788 DEBUG httpcore.connection: close.started
2025-11-04 16:54:14,788 DEBUG httpcore.connection: close.complete
2025-11-04 16:54:14,788 DEBUG openai._base_client: HTTP Response: POST https://api.openai.com/v1/chat/completions "200 OK" Headers({'date': 'Tue, 04 Nov 2025 07:54:13 GMT', 'content-type': 'application/json', 'transfer-encoding': 'chunked', 'connection': 'keep-alive', 'access-control-expose-headers': 'X-Request-ID', 'openai-organization': 'ehime-university-computer-science-lab', 'openai-processing-ms': '29778', 'openai-project': 'proj_J2ozYACnCAyF9swBaMOIo4Ft', 'openai-version': '2020-10-01', 'x-envoy-upstream-service-time': '29800', 'x-ratelimit-limit-requests': '10000', 'x-ratelimit-limit-tokens': '10000000', 'x-ratelimit-remaining-requests': '9999', 'x-ratelimit-remaining-tokens': '9998570', 'x-ratelimit-reset-requests': '6ms', 'x-ratelimit-reset-tokens': '8ms', 'x-request-id': 'req_d758a507666e42b69fd1073dfc4b83cf', 'x-openai-proxy-wasm': 'v0.1', 'cf-cache-status': 'DYNAMIC', 'strict-transport-security': 'max-age=31536000; includeSubDomains; preload', 'x-content-type-options': 'nosniff', 'server': 'cloudflare', 'cf-ray': '99928a0c5db6965f-KIX', 'content-encoding': 'gzip', 'alt-svc': 'h3=":443"; ma=86400'})
2025-11-04 16:54:14,788 DEBUG openai._base_client: request_id: req_d758a507666e42b69fd1073dfc4b83cf
2025-11-04 16:54:24,258 DEBUG httpcore.http11: receive_response_headers.complete return_value=(b'HTTP/1.1', 200, b'OK', [(b'Date', b'Tue, 04 Nov 2025 07:54:22 GMT'), (b'Content-Type', b'application/json'), (b'Transfer-Encoding', b'chunked'), (b'Connection', b'keep-alive'), (b'access-control-expose-headers', b'X-Request-ID'), (b'openai-organization', b'ehime-university-computer-science-lab'), (b'openai-processing-ms', b'39087'), (b'openai-project', b'proj_J2ozYACnCAyF9swBaMOIo4Ft'), (b'openai-version', b'2020-10-01'), (b'x-envoy-upstream-service-time', b'39257'), (b'x-ratelimit-limit-requests', b'10000'), (b'x-ratelimit-limit-tokens', b'10000000'), (b'x-ratelimit-remaining-requests', b'9999'), (b'x-ratelimit-remaining-tokens', b'9998615'), (b'x-ratelimit-reset-requests', b'6ms'), (b'x-ratelimit-reset-tokens', b'8ms'), (b'x-request-id', b'req_5ff52eebdaca4b5080cad2849db518fd'), (b'x-openai-proxy-wasm', b'v0.1'), (b'cf-cache-status', b'DYNAMIC'), (b'Strict-Transport-Security', b'max-age=31536000; includeSubDomains; preload'), (b'X-Content-Type-Options', b'nosniff'), (b'Server', b'cloudflare'), (b'CF-RAY', b'99928a0a9b109625-KIX'), (b'Content-Encoding', b'gzip'), (b'alt-svc', b'h3=":443"; ma=86400')])
2025-11-04 16:54:24,259 INFO httpx: HTTP Request: POST https://api.openai.com/v1/chat/completions "HTTP/1.1 200 OK"
2025-11-04 16:54:24,260 DEBUG httpcore.http11: receive_response_body.started request=<Request [b'POST']>
2025-11-04 16:54:24,260 DEBUG httpcore.http11: receive_response_body.complete
2025-11-04 16:54:24,261 DEBUG httpcore.http11: response_closed.started
2025-11-04 16:54:24,261 DEBUG httpcore.http11: response_closed.complete
2025-11-04 16:54:24,261 DEBUG httpcore.connection: close.started
2025-11-04 16:54:24,262 DEBUG httpcore.connection: close.complete
2025-11-04 16:54:24,262 DEBUG openai._base_client: HTTP Response: POST https://api.openai.com/v1/chat/completions "200 OK" Headers({'date': 'Tue, 04 Nov 2025 07:54:22 GMT', 'content-type': 'application/json', 'transfer-encoding': 'chunked', 'connection': 'keep-alive', 'access-control-expose-headers': 'X-Request-ID', 'openai-organization': 'ehime-university-computer-science-lab', 'openai-processing-ms': '39087', 'openai-project': 'proj_J2ozYACnCAyF9swBaMOIo4Ft', 'openai-version': '2020-10-01', 'x-envoy-upstream-service-time': '39257', 'x-ratelimit-limit-requests': '10000', 'x-ratelimit-limit-tokens': '10000000', 'x-ratelimit-remaining-requests': '9999', 'x-ratelimit-remaining-tokens': '9998615', 'x-ratelimit-reset-requests': '6ms', 'x-ratelimit-reset-tokens': '8ms', 'x-request-id': 'req_5ff52eebdaca4b5080cad2849db518fd', 'x-openai-proxy-wasm': 'v0.1', 'cf-cache-status': 'DYNAMIC', 'strict-transport-security': 'max-age=31536000; includeSubDomains; preload', 'x-content-type-options': 'nosniff', 'server': 'cloudflare', 'cf-ray': '99928a0a9b109625-KIX', 'content-encoding': 'gzip', 'alt-svc': 'h3=":443"; ma=86400'})
2025-11-04 16:54:24,262 DEBUG openai._base_client: request_id: req_5ff52eebdaca4b5080cad2849db518fd
2025-11-04 16:54:29,769 DEBUG httpcore.http11: receive_response_headers.complete return_value=(b'HTTP/1.1', 200, b'OK', [(b'Date', b'Tue, 04 Nov 2025 07:54:28 GMT'), (b'Content-Type', b'application/json'), (b'Transfer-Encoding', b'chunked'), (b'Connection', b'keep-alive'), (b'access-control-expose-headers', b'X-Request-ID'), (b'openai-organization', b'ehime-university-computer-science-lab'), (b'openai-processing-ms', b'36370'), (b'openai-project', b'proj_J2ozYACnCAyF9swBaMOIo4Ft'), (b'openai-version', b'2020-10-01'), (b'x-envoy-upstream-service-time', b'36570'), (b'x-ratelimit-limit-requests', b'10000'), (b'x-ratelimit-limit-tokens', b'10000000'), (b'x-ratelimit-remaining-requests', b'9999'), (b'x-ratelimit-remaining-tokens', b'9998734'), (b'x-ratelimit-reset-requests', b'6ms'), (b'x-ratelimit-reset-tokens', b'7ms'), (b'x-request-id', b'req_2981bc584ce14492ba649f6f8406b5e8'), (b'x-openai-proxy-wasm', b'v0.1'), (b'cf-cache-status', b'DYNAMIC'), (b'Strict-Transport-Security', b'max-age=31536000; includeSubDomains; preload'), (b'X-Content-Type-Options', b'nosniff'), (b'Server', b'cloudflare'), (b'CF-RAY', b'99928a3d182ed1c6-KIX'), (b'Content-Encoding', b'gzip'), (b'alt-svc', b'h3=":443"; ma=86400')])
2025-11-04 16:54:29,771 INFO httpx: HTTP Request: POST https://api.openai.com/v1/chat/completions "HTTP/1.1 200 OK"
2025-11-04 16:54:29,772 DEBUG httpcore.http11: receive_response_body.started request=<Request [b'POST']>
2025-11-04 16:54:29,773 DEBUG httpcore.http11: receive_response_body.complete
2025-11-04 16:54:29,773 DEBUG httpcore.http11: response_closed.started
2025-11-04 16:54:29,773 DEBUG httpcore.http11: response_closed.complete
2025-11-04 16:54:29,774 DEBUG httpcore.connection: close.started
2025-11-04 16:54:29,774 DEBUG httpcore.connection: close.complete
2025-11-04 16:54:29,774 DEBUG openai._base_client: HTTP Response: POST https://api.openai.com/v1/chat/completions "200 OK" Headers({'date': 'Tue, 04 Nov 2025 07:54:28 GMT', 'content-type': 'application/json', 'transfer-encoding': 'chunked', 'connection': 'keep-alive', 'access-control-expose-headers': 'X-Request-ID', 'openai-organization': 'ehime-university-computer-science-lab', 'openai-processing-ms': '36370', 'openai-project': 'proj_J2ozYACnCAyF9swBaMOIo4Ft', 'openai-version': '2020-10-01', 'x-envoy-upstream-service-time': '36570', 'x-ratelimit-limit-requests': '10000', 'x-ratelimit-limit-tokens': '10000000', 'x-ratelimit-remaining-requests': '9999', 'x-ratelimit-remaining-tokens': '9998734', 'x-ratelimit-reset-requests': '6ms', 'x-ratelimit-reset-tokens': '7ms', 'x-request-id': 'req_2981bc584ce14492ba649f6f8406b5e8', 'x-openai-proxy-wasm': 'v0.1', 'cf-cache-status': 'DYNAMIC', 'strict-transport-security': 'max-age=31536000; includeSubDomains; preload', 'x-content-type-options': 'nosniff', 'server': 'cloudflare', 'cf-ray': '99928a3d182ed1c6-KIX', 'content-encoding': 'gzip', 'alt-svc': 'h3=":443"; ma=86400'})
2025-11-04 16:54:29,774 DEBUG openai._base_client: request_id: req_2981bc584ce14492ba649f6f8406b5e8
2025-11-04 16:54:29,779 DEBUG neo4j: [#0000]  _: <WORKSPACE> routing towards fixed database: helpfile
2025-11-04 16:54:29,779 DEBUG neo4j: [#0000]  _: <WORKSPACE> pinning database: 'helpfile'
2025-11-04 16:54:29,780 DEBUG neo4j.pool: [#0000]  _: <POOL> acquire direct connection, access_mode='WRITE', database=AcquisitionDatabase(name='helpfile', guessed=False)
2025-11-04 16:54:29,780 DEBUG neo4j.pool: [#C1C5]  _: <POOL> picked existing connection bolt-223
2025-11-04 16:54:29,780 DEBUG neo4j.pool: [#C1C5]  _: <POOL> checked re_auth auth=None updated=False force=False
2025-11-04 16:54:29,780 DEBUG neo4j.pool: [#C1C5]  _: <POOL> handing out existing connection
2025-11-04 16:54:29,780 DEBUG neo4j.io: [#C1C5]  C: BEGIN {'db': 'helpfile', 'bookmarks': ['FB:kcwQH1sua9IsT4W6N0kQKFDZyF+Q']}
2025-11-04 16:54:29,780 DEBUG neo4j.io: [#C1C5]  _: <CONNECTION> client state: READY > TX_READY_OR_TX_STREAMING
2025-11-04 16:54:29,780 DEBUG neo4j.io: [#C1C5]  C: RUN "MATCH (e: __Node__) WHERE e.id IS NOT NULL AND e.id in $ids \n        WITH e\n        RETURN e.id AS name,\n               [l in labels(e) WHERE l <> '__Entity__' | l][0] AS type,\n               e{.* , embedding: Null, id: Null} AS properties\n        " {'ids': ['680dd135-c32f-4f97-af9c-a6a647d2bc05', 'C:\\Users\\akiro\\workfolder\\imabari3dcad\\evoship\\EVOSHIP_HELP_FILES\\about_annotation.html', 'アノーテーション', 'Note style', 'Add style setting', '3dモデル', '適用ずみスタイル', 'アノーテーション ３次元位置や要素上に 注記 をつけることができます。', '0fda72e2-604b-4f1a-8669-b5773fe755e7', 'スタイル一覧', 'スタイル設定（コピー）の追加', 'f7092eea43d2f61e7b46b5293ec05b46917e46b8', 'スケッチ', '1f1c1a29-9a6c-4c2a-8a0d-ab58a2fc546c', 'C:\\Users\\akiro\\workfolder\\imabari3dcad\\evoship\\EVOSHIP_HELP_FILES\\about_body.html', '上書き対象外', 'Sketch/drawing copies', 'Annotation', 'スタイル一覧に追加される', 'Group of parameters stored together', '注記スタイルのコピー', '3d positions', '推奨', '注記・寸法スタイル設定ウィンドウ', 'C:\\Users\\akiro\\workfolder\\imabari3dcad\\evoship\\EVOSHIP_HELP_FILES\\about_annotation_styles_list_dialog.html', 'ボディ', '5e8083f4-7d49-4be1-9e3e-c5f82eb8f49c', 'ソリッドボディ', 'Note and dimension parameters', 'Note styles as system settings', 'Elements', '既存のスタイル', 'b0ce3c93-3a19-4b78-aed8-08c5044d3120', '適用ずみスタイルの上書きに使われる', 'コンテキストメニューを表示', 'ワークボディ', '残りスタイル', '適用ずみスタイルを上書き', 'Editing style in window', '押し出し', '20282e22440d39595fb32550c039519844363c95', 'Context menu', 'モデルの更新ボタン', '注記スタイルがスタイル一覧に追加される', 'Copy-style addition', 'フィーチャー', 'Annotation and dimension style settings window', 'システム設定のスタイル', 'eaa8f7aa-50c7-4ddb-8502-3634456ed6e7', 'Helpchunk', '786c297220afb12a8df819d022353fa285b84116', '同名スタイル作成', 'システム設定', 'ee59ad76-80e3-4c8e-99dc-9dc9e6b4e5ff', '材料', 'New style from existing', 'ひとつだけ', 'Helpsection', '注記スタイル', '行為', 'Applying note style', '948fca157e8e5cee99d571163057daa7a31b2157', '実行', 'スケッチや図面', '図面', '残り同名スタイル', 'Model styles addition', 'オフセット', 'Sketch/drawing holding copy of style', 'Helpdocument', '同名スタイル', '479fc241bbf40f983b5b190f3f96c13829c67842', '適用ずみスタイルをシステム設定のスタイルで上書き', '既存スタイルを元に新規スタイル作成', 'スタイル設定の追加', 'シートボディ', '平面', '複数同名スタイル', 'スタイル', '現在開いているモデル内のスケッチや図面', 'Left-side style list', '図面ドキュメント', '同名のスタイルを作る', '新しいスタイル', 'All note styles in open model to style list', 'Annotation and dimension style settings', '4478152f881537f1e6b3bb012fe2a0bf3725bf2e']} {}
2025-11-04 16:54:29,780 DEBUG neo4j.io: [#C1C5]  C: PULL {'n': 1000}
2025-11-04 16:54:29,782 DEBUG neo4j.io: [#C1C5]  S: SUCCESS {}
2025-11-04 16:54:29,782 DEBUG neo4j.io: [#C1C5]  _: <CONNECTION> server state: READY > TX_READY_OR_TX_STREAMING
2025-11-04 16:54:29,784 DEBUG neo4j.io: [#C1C5]  S: SUCCESS {'t_first': 2, 'fields': ['name', 'type', 'properties'], 'qid': 0}
2025-11-04 16:54:29,785 DEBUG neo4j.io: [#C1C5]  S: SUCCESS {'statuses': [{'gql_status': '02000', 'status_description': 'note: no data'}], 'type': 'r', 't_last': 1, 'db': 'helpfile'}
2025-11-04 16:54:29,785 DEBUG neo4j.io: [#C1C5]  C: COMMIT
2025-11-04 16:54:29,786 DEBUG neo4j.io: [#C1C5]  _: <CONNECTION> client state: TX_READY_OR_TX_STREAMING > READY
2025-11-04 16:54:29,786 DEBUG neo4j.io: [#C1C5]  S: SUCCESS {'bookmark': 'FB:kcwQH1sua9IsT4W6N0kQKFDZyF+Q'}
2025-11-04 16:54:29,786 DEBUG neo4j.io: [#C1C5]  _: <CONNECTION> server state: TX_READY_OR_TX_STREAMING > READY
2025-11-04 16:54:29,786 DEBUG neo4j.pool: [#C1C5]  _: <POOL> released bolt-223
2025-11-04 16:54:29,786 DEBUG neo4j: [#0000]  _: <WORKSPACE> routing towards fixed database: helpfile
2025-11-04 16:54:29,786 DEBUG neo4j: [#0000]  _: <WORKSPACE> pinning database: 'helpfile'
2025-11-04 16:54:29,787 DEBUG neo4j.pool: [#0000]  _: <POOL> acquire direct connection, access_mode='WRITE', database=AcquisitionDatabase(name='helpfile', guessed=False)
2025-11-04 16:54:29,787 DEBUG neo4j.pool: [#C1C5]  _: <POOL> picked existing connection bolt-223
2025-11-04 16:54:29,787 DEBUG neo4j.pool: [#C1C5]  _: <POOL> checked re_auth auth=None updated=False force=False
2025-11-04 16:54:29,787 DEBUG neo4j.pool: [#C1C5]  _: <POOL> handing out existing connection
2025-11-04 16:54:29,787 DEBUG neo4j.io: [#C1C5]  C: BEGIN {'db': 'helpfile', 'bookmarks': ['FB:kcwQH1sua9IsT4W6N0kQKFDZyF+Q']}
2025-11-04 16:54:29,787 DEBUG neo4j.io: [#C1C5]  _: <CONNECTION> client state: READY > TX_READY_OR_TX_STREAMING
2025-11-04 16:54:29,787 DEBUG neo4j.io: [#C1C5]  C: RUN "MATCH (e: __Node__) WHERE e.id IS NOT NULL AND e.id in $ids \n        WITH e\n        RETURN e.id AS name,\n               [l in labels(e) WHERE l <> '__Entity__' | l][0] AS type,\n               e{.* , embedding: Null, id: Null} AS properties\n        " {'ids': ['680dd135-c32f-4f97-af9c-a6a647d2bc05', '0fda72e2-604b-4f1a-8669-b5773fe755e7', 'ee59ad76-80e3-4c8e-99dc-9dc9e6b4e5ff', '1f1c1a29-9a6c-4c2a-8a0d-ab58a2fc546c', 'b0ce3c93-3a19-4b78-aed8-08c5044d3120', '5e8083f4-7d49-4be1-9e3e-c5f82eb8f49c', 'eaa8f7aa-50c7-4ddb-8502-3634456ed6e7']} {}
2025-11-04 16:54:29,787 DEBUG neo4j.io: [#C1C5]  C: PULL {'n': 1000}
2025-11-04 16:54:29,788 DEBUG neo4j.io: [#C1C5]  S: SUCCESS {}
2025-11-04 16:54:29,788 DEBUG neo4j.io: [#C1C5]  _: <CONNECTION> server state: READY > TX_READY_OR_TX_STREAMING
2025-11-04 16:54:29,788 DEBUG neo4j.io: [#C1C5]  S: SUCCESS {'t_first': 0, 'fields': ['name', 'type', 'properties'], 'qid': 0}
2025-11-04 16:54:29,789 DEBUG neo4j.io: [#C1C5]  S: SUCCESS {'statuses': [{'gql_status': '02000', 'status_description': 'note: no data'}], 'type': 'r', 't_last': 1, 'db': 'helpfile'}
2025-11-04 16:54:29,789 DEBUG neo4j.io: [#C1C5]  C: COMMIT
2025-11-04 16:54:29,789 DEBUG neo4j.io: [#C1C5]  _: <CONNECTION> client state: TX_READY_OR_TX_STREAMING > READY
2025-11-04 16:54:29,789 DEBUG neo4j.io: [#C1C5]  S: SUCCESS {'bookmark': 'FB:kcwQH1sua9IsT4W6N0kQKFDZyF+Q'}
2025-11-04 16:54:29,789 DEBUG neo4j.io: [#C1C5]  _: <CONNECTION> server state: TX_READY_OR_TX_STREAMING > READY
2025-11-04 16:54:29,789 DEBUG neo4j.pool: [#C1C5]  _: <POOL> released bolt-223
2025-11-04 16:54:29,790 DEBUG neo4j: [#0000]  _: <WORKSPACE> routing towards fixed database: helpfile
2025-11-04 16:54:29,790 DEBUG neo4j: [#0000]  _: <WORKSPACE> pinning database: 'helpfile'
2025-11-04 16:54:29,791 DEBUG neo4j.pool: [#0000]  _: <POOL> acquire direct connection, access_mode='WRITE', database=AcquisitionDatabase(name='helpfile', guessed=False)
2025-11-04 16:54:29,791 DEBUG neo4j.pool: [#C1C5]  _: <POOL> picked existing connection bolt-223
2025-11-04 16:54:29,791 DEBUG neo4j.pool: [#C1C5]  _: <POOL> checked re_auth auth=None updated=False force=False
2025-11-04 16:54:29,791 DEBUG neo4j.pool: [#C1C5]  _: <POOL> handing out existing connection
2025-11-04 16:54:29,791 DEBUG neo4j.io: [#C1C5]  C: BEGIN {'db': 'helpfile', 'bookmarks': ['FB:kcwQH1sua9IsT4W6N0kQKFDZyF+Q']}
2025-11-04 16:54:29,791 DEBUG neo4j.io: [#C1C5]  _: <CONNECTION> client state: READY > TX_READY_OR_TX_STREAMING
2025-11-04 16:54:29,791 DEBUG neo4j.io: [#C1C5]  C: RUN "\n                    UNWIND $data AS row\n                    MERGE (c:__Node__ {id: row.id})\n                    SET c.text = row.text, c:Chunk\n                    WITH c, row\n                    SET c += row.properties\n                    WITH c, row.embedding AS embedding\n                    WHERE embedding IS NOT NULL\n                    CALL db.create.setNodeVectorProperty(c, 'embedding', embedding)\n                    RETURN count(*)\n                    " {'data': [{'label': 'text_chunk', 'embedding': None, 'properties': {'document_id': 'f7092eea43d2f61e7b46b5293ec05b46917e46b8', 'source_path': 'C:\\Users\\akiro\\workfolder\\imabari3dcad\\evoship\\EVOSHIP_HELP_FILES\\about_annotation.html', 'section_id': 'f7092eea43d2f61e7b46b5293ec05b46917e46b8', 'title': 'アノーテーション', 'section_heading': 'アノーテーション', 'section_level': 2, 'section_index': 0, 'last_modified': '2025-07-08T01:02:52+00:00', 'extracted_at': '2025-11-04T07:53:17+00:00', 'data_source': 'EVOSHIP_HELP_FILES', 'chunk_id': '680dd135-c32f-4f97-af9c-a6a647d2bc05', 'chunk_index': 0, 'text_length': 36, 'start_char_idx': 0, 'end_char_idx': 36, '_node_content': '{"id_": "680dd135-c32f-4f97-af9c-a6a647d2bc05", "embedding": null, "metadata": {"document_id": "C:\\\\Users\\\\akiro\\\\workfolder\\\\imabari3dcad\\\\evoship\\\\EVOSHIP_HELP_FILES\\\\about_annotation.html", "source_path": "C:\\\\Users\\\\akiro\\\\workfolder\\\\imabari3dcad\\\\evoship\\\\EVOSHIP_HELP_FILES\\\\about_annotation.html", "section_id": "f7092eea43d2f61e7b46b5293ec05b46917e46b8", "title": "\\u30a2\\u30ce\\u30fc\\u30c6\\u30fc\\u30b7\\u30e7\\u30f3", "section_heading": "\\u30a2\\u30ce\\u30fc\\u30c6\\u30fc\\u30b7\\u30e7\\u30f3", "section_level": 2, "section_index": 0, "last_modified": "2025-07-08T01:02:52+00:00", "extracted_at": "2025-11-04T07:53:17+00:00", "data_source": "EVOSHIP_HELP_FILES", "chunk_id": "680dd135-c32f-4f97-af9c-a6a647d2bc05", "chunk_index": 0, "text_length": 36, "start_char_idx": 0, "end_char_idx": 36}, "excluded_embed_metadata_keys": [], "excluded_llm_metadata_keys": [], "relationships": {"1": {"node_id": "f7092eea43d2f61e7b46b5293ec05b46917e46b8", "node_type": "4", "metadata": {"document_id": "C:\\\\Users\\\\akiro\\\\workfolder\\\\imabari3dcad\\\\evoship\\\\EVOSHIP_HELP_FILES\\\\about_annotation.html", "source_path": "C:\\\\Users\\\\akiro\\\\workfolder\\\\imabari3dcad\\\\evoship\\\\EVOSHIP_HELP_FILES\\\\about_annotation.html", "section_id": "f7092eea43d2f61e7b46b5293ec05b46917e46b8", "title": "\\u30a2\\u30ce\\u30fc\\u30c6\\u30fc\\u30b7\\u30e7\\u30f3", "section_heading": "\\u30a2\\u30ce\\u30fc\\u30c6\\u30fc\\u30b7\\u30e7\\u30f3", "section_level": 2, "section_index": 0, "last_modified": "2025-07-08T01:02:52+00:00", "extracted_at": "2025-11-04T07:53:17+00:00", "data_source": "EVOSHIP_HELP_FILES"}, "hash": "36ca326f1ff23487fa98adb7091a7f503141283c5d227114e231c205fb3694da", "class_name": "RelatedNodeInfo"}}, "metadata_template": "{key}: {value}", "metadata_separator": "\\n", "text": "", "mimetype": "text/plain", "start_char_idx": 0, "end_char_idx": 36, "metadata_seperator": "\\n", "text_template": "{metadata_str}\\n\\n{content}", "class_name": "TextNode"}', '_node_type': 'TextNode', 'doc_id': 'f7092eea43d2f61e7b46b5293ec05b46917e46b8', 'ref_doc_id': 'f7092eea43d2f61e7b46b5293ec05b46917e46b8'}, 'text': 'アノーテーション\n\n３次元位置や要素上に 注記 をつけることができます。', 'id_': '680dd135-c32f-4f97-af9c-a6a647d2bc05', 'id': '680dd135-c32f-4f97-af9c-a6a647d2bc05'}, {'label': 'text_chunk', 'embedding': None, 'properties': {'document_id': '786c297220afb12a8df819d022353fa285b84116', 'source_path': 'C:\\Users\\akiro\\workfolder\\imabari3dcad\\evoship\\EVOSHIP_HELP_FILES\\about_annotation_styles_list_dialog.html', 'section_id': '786c297220afb12a8df819d022353fa285b84116', 'title': '注記・寸法スタイル設定', 'section_heading': '注記・寸法スタイル設定', 'section_level': 2, 'section_index': 0, 'last_modified': '2025-07-08T01:02:52+00:00', 'extracted_at': '2025-11-04T07:53:17+00:00', 'data_source': 'EVOSHIP_HELP_FILES', 'chunk_id': '0fda72e2-604b-4f1a-8669-b5773fe755e7', 'chunk_index': 0, 'text_length': 570, 'start_char_idx': 0, 'end_char_idx': 570, '_node_content': '{"id_": "0fda72e2-604b-4f1a-8669-b5773fe755e7", "embedding": null, "metadata": {"document_id": "C:\\\\Users\\\\akiro\\\\workfolder\\\\imabari3dcad\\\\evoship\\\\EVOSHIP_HELP_FILES\\\\about_annotation_styles_list_dialog.html", "source_path": "C:\\\\Users\\\\akiro\\\\workfolder\\\\imabari3dcad\\\\evoship\\\\EVOSHIP_HELP_FILES\\\\about_annotation_styles_list_dialog.html", "section_id": "786c297220afb12a8df819d022353fa285b84116", "title": "\\u6ce8\\u8a18\\u30fb\\u5bf8\\u6cd5\\u30b9\\u30bf\\u30a4\\u30eb\\u8a2d\\u5b9a", "section_heading": "\\u6ce8\\u8a18\\u30fb\\u5bf8\\u6cd5\\u30b9\\u30bf\\u30a4\\u30eb\\u8a2d\\u5b9a", "section_level": 2, "section_index": 0, "last_modified": "2025-07-08T01:02:52+00:00", "extracted_at": "2025-11-04T07:53:17+00:00", "data_source": "EVOSHIP_HELP_FILES", "chunk_id": "0fda72e2-604b-4f1a-8669-b5773fe755e7", "chunk_index": 0, "text_length": 570, "start_char_idx": 0, "end_char_idx": 570}, "excluded_embed_metadata_keys": [], "excluded_llm_metadata_keys": [], "relationships": {"1": {"node_id": "786c297220afb12a8df819d022353fa285b84116", "node_type": "4", "metadata": {"document_id": "C:\\\\Users\\\\akiro\\\\workfolder\\\\imabari3dcad\\\\evoship\\\\EVOSHIP_HELP_FILES\\\\about_annotation_styles_list_dialog.html", "source_path": "C:\\\\Users\\\\akiro\\\\workfolder\\\\imabari3dcad\\\\evoship\\\\EVOSHIP_HELP_FILES\\\\about_annotation_styles_list_dialog.html", "section_id": "786c297220afb12a8df819d022353fa285b84116", "title": "\\u6ce8\\u8a18\\u30fb\\u5bf8\\u6cd5\\u30b9\\u30bf\\u30a4\\u30eb\\u8a2d\\u5b9a", "section_heading": "\\u6ce8\\u8a18\\u30fb\\u5bf8\\u6cd5\\u30b9\\u30bf\\u30a4\\u30eb\\u8a2d\\u5b9a", "section_level": 2, "section_index": 0, "last_modified": "2025-07-08T01:02:52+00:00", "extracted_at": "2025-11-04T07:53:17+00:00", "data_source": "EVOSHIP_HELP_FILES"}, "hash": "0ae5dab18fdb7ae8cabdc79e8e782c06217c09ec6e66c6f023d300e7ac71b329", "class_name": "RelatedNodeInfo"}, "3": {"node_id": "ee59ad76-80e3-4c8e-99dc-9dc9e6b4e5ff", "node_type": "1", "metadata": {}, "hash": "9895f5665309910f419db534ea61893b9da807365acc1f97c2b7101ab3347255", "class_name": "RelatedNodeInfo"}}, "metadata_template": "{key}: {value}", "metadata_separator": "\\n", "text": "", "mimetype": "text/plain", "start_char_idx": 0, "end_char_idx": 570, "metadata_seperator": "\\n", "text_template": "{metadata_str}\\n\\n{content}", "class_name": "TextNode"}', '_node_type': 'TextNode', 'doc_id': '786c297220afb12a8df819d022353fa285b84116', 'ref_doc_id': '786c297220afb12a8df819d022353fa285b84116'}, 'text': '注記・寸法スタイル設定\n\n注記や寸法の各種パラメータは、要素ひとつひとつに設定することもできますし、スケッチや図面にまとめてパラメータを設定しておいて、注記や寸法はみずからが属するスケッチに設定しておいたパラメータを参照するようにもできます。この「まとめて設定しておくパラメータ」のことを注記スタイルといいます。 注記スタイルの管理 「注記・寸法スタイル設定」ウィンドウで作成した注記スタイルは、システム設定として保存されます。注記スタイルをスケッチや図面に適用すると、スケッチや図面はそのスタイルのコピーを保持します。スケッチや図面にスタイルを適用してから、「注記・寸法スタイル設定」ウィンドウでそのスタイルを編集しても、スケッチや図面が保持している「コピーされた」スタイルは変更されません。 注記スタイルの作成 左側のスタイル一覧が表示されている欄でコンテキストメニューを表示し、「スタイル設定の追加」をクリックします。また、「モデルのスタイル設定を追加」をクリックすると、いま開いているモデル内のスケッチや図面が保持している注記スタイルがすべてスタイル一覧に追加されます。 また、既存のスタイルを元にして新しくスタイルを作りたい場合は、スタイルを選択してコンテキストメニューを表示し、「スタイル設定（コピー）の追加」をクリックします。', 'id_': '0fda72e2-604b-4f1a-8669-b5773fe755e7', 'id': '0fda72e2-604b-4f1a-8669-b5773fe755e7'}, {'label': 'text_chunk', 'embedding': None, 'properties': {'document_id': '786c297220afb12a8df819d022353fa285b84116', 'source_path': 'C:\\Users\\akiro\\workfolder\\imabari3dcad\\evoship\\EVOSHIP_HELP_FILES\\about_annotation_styles_list_dialog.html', 'section_id': '786c297220afb12a8df819d022353fa285b84116', 'title': '注記・寸法スタイル設定', 'section_heading': '注記・寸法スタイル設定', 'section_level': 2, 'section_index': 0, 'last_modified': '2025-07-08T01:02:52+00:00', 'extracted_at': '2025-11-04T07:53:17+00:00', 'data_source': 'EVOSHIP_HELP_FILES', 'chunk_id': 'ee59ad76-80e3-4c8e-99dc-9dc9e6b4e5ff', 'chunk_index': 1, 'text_length': 330, 'start_char_idx': 490, 'end_char_idx': 820, '_node_content': '{"id_": "ee59ad76-80e3-4c8e-99dc-9dc9e6b4e5ff", "embedding": null, "metadata": {"document_id": "C:\\\\Users\\\\akiro\\\\workfolder\\\\imabari3dcad\\\\evoship\\\\EVOSHIP_HELP_FILES\\\\about_annotation_styles_list_dialog.html", "source_path": "C:\\\\Users\\\\akiro\\\\workfolder\\\\imabari3dcad\\\\evoship\\\\EVOSHIP_HELP_FILES\\\\about_annotation_styles_list_dialog.html", "section_id": "786c297220afb12a8df819d022353fa285b84116", "title": "\\u6ce8\\u8a18\\u30fb\\u5bf8\\u6cd5\\u30b9\\u30bf\\u30a4\\u30eb\\u8a2d\\u5b9a", "section_heading": "\\u6ce8\\u8a18\\u30fb\\u5bf8\\u6cd5\\u30b9\\u30bf\\u30a4\\u30eb\\u8a2d\\u5b9a", "section_level": 2, "section_index": 0, "last_modified": "2025-07-08T01:02:52+00:00", "extracted_at": "2025-11-04T07:53:17+00:00", "data_source": "EVOSHIP_HELP_FILES", "chunk_id": "ee59ad76-80e3-4c8e-99dc-9dc9e6b4e5ff", "chunk_index": 1, "text_length": 330, "start_char_idx": 490, "end_char_idx": 820}, "excluded_embed_metadata_keys": [], "excluded_llm_metadata_keys": [], "relationships": {"1": {"node_id": "786c297220afb12a8df819d022353fa285b84116", "node_type": "4", "metadata": {"document_id": "C:\\\\Users\\\\akiro\\\\workfolder\\\\imabari3dcad\\\\evoship\\\\EVOSHIP_HELP_FILES\\\\about_annotation_styles_list_dialog.html", "source_path": "C:\\\\Users\\\\akiro\\\\workfolder\\\\imabari3dcad\\\\evoship\\\\EVOSHIP_HELP_FILES\\\\about_annotation_styles_list_dialog.html", "section_id": "786c297220afb12a8df819d022353fa285b84116", "title": "\\u6ce8\\u8a18\\u30fb\\u5bf8\\u6cd5\\u30b9\\u30bf\\u30a4\\u30eb\\u8a2d\\u5b9a", "section_heading": "\\u6ce8\\u8a18\\u30fb\\u5bf8\\u6cd5\\u30b9\\u30bf\\u30a4\\u30eb\\u8a2d\\u5b9a", "section_level": 2, "section_index": 0, "last_modified": "2025-07-08T01:02:52+00:00", "extracted_at": "2025-11-04T07:53:17+00:00", "data_source": "EVOSHIP_HELP_FILES"}, "hash": "0ae5dab18fdb7ae8cabdc79e8e782c06217c09ec6e66c6f023d300e7ac71b329", "class_name": "RelatedNodeInfo"}, "2": {"node_id": "0fda72e2-604b-4f1a-8669-b5773fe755e7", "node_type": "1", "metadata": {"document_id": "C:\\\\Users\\\\akiro\\\\workfolder\\\\imabari3dcad\\\\evoship\\\\EVOSHIP_HELP_FILES\\\\about_annotation_styles_list_dialog.html", "source_path": "C:\\\\Users\\\\akiro\\\\workfolder\\\\imabari3dcad\\\\evoship\\\\EVOSHIP_HELP_FILES\\\\about_annotation_styles_list_dialog.html", "section_id": "786c297220afb12a8df819d022353fa285b84116", "title": "\\u6ce8\\u8a18\\u30fb\\u5bf8\\u6cd5\\u30b9\\u30bf\\u30a4\\u30eb\\u8a2d\\u5b9a", "section_heading": "\\u6ce8\\u8a18\\u30fb\\u5bf8\\u6cd5\\u30b9\\u30bf\\u30a4\\u30eb\\u8a2d\\u5b9a", "section_level": 2, "section_index": 0, "last_modified": "2025-07-08T01:02:52+00:00", "extracted_at": "2025-11-04T07:53:17+00:00", "data_source": "EVOSHIP_HELP_FILES"}, "hash": "0f4078166c11ce06bc57fdf046a6e9d8ff6a7f808e0ffb7d7e97ff89baee8dea", "class_name": "RelatedNodeInfo"}}, "metadata_template": "{key}: {value}", "metadata_separator": "\\n", "text": "", "mimetype": "text/plain", "start_char_idx": 490, "end_char_idx": 820, "metadata_seperator": "\\n", "text_template": "{metadata_str}\\n\\n{content}", "class_name": "TextNode"}', '_node_type': 'TextNode', 'doc_id': '786c297220afb12a8df819d022353fa285b84116', 'ref_doc_id': '786c297220afb12a8df819d022353fa285b84116'}, 'text': 'また、既存のスタイルを元にして新しくスタイルを作りたい場合は、スタイルを選択してコンテキストメニューを表示し、「スタイル設定（コピー）の追加」をクリックします。 適用ずみスタイルの更新 ウィンドウ右下の「モデルの更新」ボタンをクリックすると、「注記・寸法スタイル設定」ウィンドウで管理している（システム設定として保存されている）各スタイルについて、スケッチや図面に適用ずみのスタイルで同名のものがあると、その適用ずみスタイルをシステム設定のスタイルで上書きします。 スタイル一覧に同名のスタイルが複数存在すると、それらのうちひとつだけが適用ずみスタイルの上書きに使われて、残りは無視されてしまいます。同名のスタイルを作るのはできるだけ避けるようにしてください。', 'id_': 'ee59ad76-80e3-4c8e-99dc-9dc9e6b4e5ff', 'id': 'ee59ad76-80e3-4c8e-99dc-9dc9e6b4e5ff'}, {'label': 'text_chunk', 'embedding': None, 'properties': {'document_id': '479fc241bbf40f983b5b190f3f96c13829c67842', 'source_path': 'C:\\Users\\akiro\\workfolder\\imabari3dcad\\evoship\\EVOSHIP_HELP_FILES\\about_annotation_styles_list_dialog.html', 'section_id': '479fc241bbf40f983b5b190f3f96c13829c67842', 'title': '注記・寸法スタイル設定', 'section_heading': '注記スタイルの管理', 'section_level': 3, 'section_index': 1, 'last_modified': '2025-07-08T01:02:52+00:00', 'extracted_at': '2025-11-04T07:53:17+00:00', 'data_source': 'EVOSHIP_HELP_FILES', 'chunk_id': '1f1c1a29-9a6c-4c2a-8a0d-ab58a2fc546c', 'chunk_index': 0, 'text_length': 191, 'start_char_idx': 0, 'end_char_idx': 191, '_node_content': '{"id_": "1f1c1a29-9a6c-4c2a-8a0d-ab58a2fc546c", "embedding": null, "metadata": {"document_id": "C:\\\\Users\\\\akiro\\\\workfolder\\\\imabari3dcad\\\\evoship\\\\EVOSHIP_HELP_FILES\\\\about_annotation_styles_list_dialog.html", "source_path": "C:\\\\Users\\\\akiro\\\\workfolder\\\\imabari3dcad\\\\evoship\\\\EVOSHIP_HELP_FILES\\\\about_annotation_styles_list_dialog.html", "section_id": "479fc241bbf40f983b5b190f3f96c13829c67842", "title": "\\u6ce8\\u8a18\\u30fb\\u5bf8\\u6cd5\\u30b9\\u30bf\\u30a4\\u30eb\\u8a2d\\u5b9a", "section_heading": "\\u6ce8\\u8a18\\u30b9\\u30bf\\u30a4\\u30eb\\u306e\\u7ba1\\u7406", "section_level": 3, "section_index": 1, "last_modified": "2025-07-08T01:02:52+00:00", "extracted_at": "2025-11-04T07:53:17+00:00", "data_source": "EVOSHIP_HELP_FILES", "chunk_id": "1f1c1a29-9a6c-4c2a-8a0d-ab58a2fc546c", "chunk_index": 0, "text_length": 191, "start_char_idx": 0, "end_char_idx": 191}, "excluded_embed_metadata_keys": [], "excluded_llm_metadata_keys": [], "relationships": {"1": {"node_id": "479fc241bbf40f983b5b190f3f96c13829c67842", "node_type": "4", "metadata": {"document_id": "C:\\\\Users\\\\akiro\\\\workfolder\\\\imabari3dcad\\\\evoship\\\\EVOSHIP_HELP_FILES\\\\about_annotation_styles_list_dialog.html", "source_path": "C:\\\\Users\\\\akiro\\\\workfolder\\\\imabari3dcad\\\\evoship\\\\EVOSHIP_HELP_FILES\\\\about_annotation_styles_list_dialog.html", "section_id": "479fc241bbf40f983b5b190f3f96c13829c67842", "title": "\\u6ce8\\u8a18\\u30fb\\u5bf8\\u6cd5\\u30b9\\u30bf\\u30a4\\u30eb\\u8a2d\\u5b9a", "section_heading": "\\u6ce8\\u8a18\\u30b9\\u30bf\\u30a4\\u30eb\\u306e\\u7ba1\\u7406", "section_level": 3, "section_index": 1, "last_modified": "2025-07-08T01:02:52+00:00", "extracted_at": "2025-11-04T07:53:17+00:00", "data_source": "EVOSHIP_HELP_FILES"}, "hash": "9e4232a7962396cff0f1d0fb244750fc8db8072d1f14c6e31b009b2c7d002867", "class_name": "RelatedNodeInfo"}}, "metadata_template": "{key}: {value}", "metadata_separator": "\\n", "text": "", "mimetype": "text/plain", "start_char_idx": 0, "end_char_idx": 191, "metadata_seperator": "\\n", "text_template": "{metadata_str}\\n\\n{content}", "class_name": "TextNode"}', '_node_type': 'TextNode', 'doc_id': '479fc241bbf40f983b5b190f3f96c13829c67842', 'ref_doc_id': '479fc241bbf40f983b5b190f3f96c13829c67842'}, 'text': '注記スタイルの管理\n\n「注記・寸法スタイル設定」ウィンドウで作成した注記スタイルは、システム設定として保存されます。注記スタイルをスケッチや図面に適用すると、スケッチや図面はそのスタイルのコピーを保持します。スケッチや図面にスタイルを適用してから、「注記・寸法スタイル設定」ウィンドウでそのスタイルを編集しても、スケッチや図面が保持している「コピーされた」スタイルは変更されません。', 'id_': '1f1c1a29-9a6c-4c2a-8a0d-ab58a2fc546c', 'id': '1f1c1a29-9a6c-4c2a-8a0d-ab58a2fc546c'}, {'label': 'text_chunk', 'embedding': None, 'properties': {'document_id': '948fca157e8e5cee99d571163057daa7a31b2157', 'source_path': 'C:\\Users\\akiro\\workfolder\\imabari3dcad\\evoship\\EVOSHIP_HELP_FILES\\about_annotation_styles_list_dialog.html', 'section_id': '948fca157e8e5cee99d571163057daa7a31b2157', 'title': '注記・寸法スタイル設定', 'section_heading': '注記スタイルの作成', 'section_level': 3, 'section_index': 2, 'last_modified': '2025-07-08T01:02:52+00:00', 'extracted_at': '2025-11-04T07:53:17+00:00', 'data_source': 'EVOSHIP_HELP_FILES', 'chunk_id': 'b0ce3c93-3a19-4b78-aed8-08c5044d3120', 'chunk_index': 0, 'text_length': 223, 'start_char_idx': 0, 'end_char_idx': 223, '_node_content': '{"id_": "b0ce3c93-3a19-4b78-aed8-08c5044d3120", "embedding": null, "metadata": {"document_id": "C:\\\\Users\\\\akiro\\\\workfolder\\\\imabari3dcad\\\\evoship\\\\EVOSHIP_HELP_FILES\\\\about_annotation_styles_list_dialog.html", "source_path": "C:\\\\Users\\\\akiro\\\\workfolder\\\\imabari3dcad\\\\evoship\\\\EVOSHIP_HELP_FILES\\\\about_annotation_styles_list_dialog.html", "section_id": "948fca157e8e5cee99d571163057daa7a31b2157", "title": "\\u6ce8\\u8a18\\u30fb\\u5bf8\\u6cd5\\u30b9\\u30bf\\u30a4\\u30eb\\u8a2d\\u5b9a", "section_heading": "\\u6ce8\\u8a18\\u30b9\\u30bf\\u30a4\\u30eb\\u306e\\u4f5c\\u6210", "section_level": 3, "section_index": 2, "last_modified": "2025-07-08T01:02:52+00:00", "extracted_at": "2025-11-04T07:53:17+00:00", "data_source": "EVOSHIP_HELP_FILES", "chunk_id": "b0ce3c93-3a19-4b78-aed8-08c5044d3120", "chunk_index": 0, "text_length": 223, "start_char_idx": 0, "end_char_idx": 223}, "excluded_embed_metadata_keys": [], "excluded_llm_metadata_keys": [], "relationships": {"1": {"node_id": "948fca157e8e5cee99d571163057daa7a31b2157", "node_type": "4", "metadata": {"document_id": "C:\\\\Users\\\\akiro\\\\workfolder\\\\imabari3dcad\\\\evoship\\\\EVOSHIP_HELP_FILES\\\\about_annotation_styles_list_dialog.html", "source_path": "C:\\\\Users\\\\akiro\\\\workfolder\\\\imabari3dcad\\\\evoship\\\\EVOSHIP_HELP_FILES\\\\about_annotation_styles_list_dialog.html", "section_id": "948fca157e8e5cee99d571163057daa7a31b2157", "title": "\\u6ce8\\u8a18\\u30fb\\u5bf8\\u6cd5\\u30b9\\u30bf\\u30a4\\u30eb\\u8a2d\\u5b9a", "section_heading": "\\u6ce8\\u8a18\\u30b9\\u30bf\\u30a4\\u30eb\\u306e\\u4f5c\\u6210", "section_level": 3, "section_index": 2, "last_modified": "2025-07-08T01:02:52+00:00", "extracted_at": "2025-11-04T07:53:17+00:00", "data_source": "EVOSHIP_HELP_FILES"}, "hash": "13fb73e251df2e2aa89d6827bd1220f54a9964c197dba1d88a97a5c568aca840", "class_name": "RelatedNodeInfo"}}, "metadata_template": "{key}: {value}", "metadata_separator": "\\n", "text": "", "mimetype": "text/plain", "start_char_idx": 0, "end_char_idx": 223, "metadata_seperator": "\\n", "text_template": "{metadata_str}\\n\\n{content}", "class_name": "TextNode"}', '_node_type': 'TextNode', 'doc_id': '948fca157e8e5cee99d571163057daa7a31b2157', 'ref_doc_id': '948fca157e8e5cee99d571163057daa7a31b2157'}, 'text': '注記スタイルの作成\n\n左側のスタイル一覧が表示されている欄でコンテキストメニューを表示し、「スタイル設定の追加」をクリックします。また、「モデルのスタイル設定を追加」をクリックすると、いま開いているモデル内のスケッチや図面が保持している注記スタイルがすべてスタイル一覧に追加されます。\nまた、既存のスタイルを元にして新しくスタイルを作りたい場合は、スタイルを選択してコンテキストメニューを表示し、「スタイル設定（コピー）の追加」をクリックします。', 'id_': 'b0ce3c93-3a19-4b78-aed8-08c5044d3120', 'id': 'b0ce3c93-3a19-4b78-aed8-08c5044d3120'}, {'label': 'text_chunk', 'embedding': None, 'properties': {'document_id': '20282e22440d39595fb32550c039519844363c95', 'source_path': 'C:\\Users\\akiro\\workfolder\\imabari3dcad\\evoship\\EVOSHIP_HELP_FILES\\about_annotation_styles_list_dialog.html', 'section_id': '20282e22440d39595fb32550c039519844363c95', 'title': '注記・寸法スタイル設定', 'section_heading': '適用ずみスタイルの更新', 'section_level': 3, 'section_index': 3, 'last_modified': '2025-07-08T01:02:52+00:00', 'extracted_at': '2025-11-04T07:53:17+00:00', 'data_source': 'EVOSHIP_HELP_FILES', 'chunk_id': '5e8083f4-7d49-4be1-9e3e-c5f82eb8f49c', 'chunk_index': 0, 'text_length': 250, 'start_char_idx': 0, 'end_char_idx': 250, '_node_content': '{"id_": "5e8083f4-7d49-4be1-9e3e-c5f82eb8f49c", "embedding": null, "metadata": {"document_id": "C:\\\\Users\\\\akiro\\\\workfolder\\\\imabari3dcad\\\\evoship\\\\EVOSHIP_HELP_FILES\\\\about_annotation_styles_list_dialog.html", "source_path": "C:\\\\Users\\\\akiro\\\\workfolder\\\\imabari3dcad\\\\evoship\\\\EVOSHIP_HELP_FILES\\\\about_annotation_styles_list_dialog.html", "section_id": "20282e22440d39595fb32550c039519844363c95", "title": "\\u6ce8\\u8a18\\u30fb\\u5bf8\\u6cd5\\u30b9\\u30bf\\u30a4\\u30eb\\u8a2d\\u5b9a", "section_heading": "\\u9069\\u7528\\u305a\\u307f\\u30b9\\u30bf\\u30a4\\u30eb\\u306e\\u66f4\\u65b0", "section_level": 3, "section_index": 3, "last_modified": "2025-07-08T01:02:52+00:00", "extracted_at": "2025-11-04T07:53:17+00:00", "data_source": "EVOSHIP_HELP_FILES", "chunk_id": "5e8083f4-7d49-4be1-9e3e-c5f82eb8f49c", "chunk_index": 0, "text_length": 250, "start_char_idx": 0, "end_char_idx": 250}, "excluded_embed_metadata_keys": [], "excluded_llm_metadata_keys": [], "relationships": {"1": {"node_id": "20282e22440d39595fb32550c039519844363c95", "node_type": "4", "metadata": {"document_id": "C:\\\\Users\\\\akiro\\\\workfolder\\\\imabari3dcad\\\\evoship\\\\EVOSHIP_HELP_FILES\\\\about_annotation_styles_list_dialog.html", "source_path": "C:\\\\Users\\\\akiro\\\\workfolder\\\\imabari3dcad\\\\evoship\\\\EVOSHIP_HELP_FILES\\\\about_annotation_styles_list_dialog.html", "section_id": "20282e22440d39595fb32550c039519844363c95", "title": "\\u6ce8\\u8a18\\u30fb\\u5bf8\\u6cd5\\u30b9\\u30bf\\u30a4\\u30eb\\u8a2d\\u5b9a", "section_heading": "\\u9069\\u7528\\u305a\\u307f\\u30b9\\u30bf\\u30a4\\u30eb\\u306e\\u66f4\\u65b0", "section_level": 3, "section_index": 3, "last_modified": "2025-07-08T01:02:52+00:00", "extracted_at": "2025-11-04T07:53:17+00:00", "data_source": "EVOSHIP_HELP_FILES"}, "hash": "d3dcd0fa4092555c1d26e7ae47ece7724cc3bd34031e38fcc0bac35e4c53b050", "class_name": "RelatedNodeInfo"}}, "metadata_template": "{key}: {value}", "metadata_separator": "\\n", "text": "", "mimetype": "text/plain", "start_char_idx": 0, "end_char_idx": 250, "metadata_seperator": "\\n", "text_template": "{metadata_str}\\n\\n{content}", "class_name": "TextNode"}', '_node_type': 'TextNode', 'doc_id': '20282e22440d39595fb32550c039519844363c95', 'ref_doc_id': '20282e22440d39595fb32550c039519844363c95'}, 'text': '適用ずみスタイルの更新\n\nウィンドウ右下の「モデルの更新」ボタンをクリックすると、「注記・寸法スタイル設定」ウィンドウで管理している（システム設定として保存されている）各スタイルについて、スケッチや図面に適用ずみのスタイルで同名のものがあると、その適用ずみスタイルをシステム設定のスタイルで上書きします。\nスタイル一覧に同名のスタイルが複数存在すると、それらのうちひとつだけが適用ずみスタイルの上書きに使われて、残りは無視されてしまいます。同名のスタイルを作るのはできるだけ避けるようにしてください。', 'id_': '5e8083f4-7d49-4be1-9e3e-c5f82eb8f49c', 'id': '5e8083f4-7d49-4be1-9e3e-c5f82eb8f49c'}, {'label': 'text_chunk', 'embedding': None, 'properties': {'document_id': '4478152f881537f1e6b3bb012fe2a0bf3725bf2e', 'source_path': 'C:\\Users\\akiro\\workfolder\\imabari3dcad\\evoship\\EVOSHIP_HELP_FILES\\about_body.html', 'section_id': '4478152f881537f1e6b3bb012fe2a0bf3725bf2e', 'title': 'ボディ', 'section_heading': 'ボディ', 'section_level': 2, 'section_index': 0, 'last_modified': '2025-07-08T01:02:52+00:00', 'extracted_at': '2025-11-04T07:53:17+00:00', 'data_source': 'EVOSHIP_HELP_FILES', 'chunk_id': 'eaa8f7aa-50c7-4ddb-8502-3634456ed6e7', 'chunk_index': 0, 'text_length': 250, 'start_char_idx': 0, 'end_char_idx': 250, '_node_content': '{"id_": "eaa8f7aa-50c7-4ddb-8502-3634456ed6e7", "embedding": null, "metadata": {"document_id": "C:\\\\Users\\\\akiro\\\\workfolder\\\\imabari3dcad\\\\evoship\\\\EVOSHIP_HELP_FILES\\\\about_body.html", "source_path": "C:\\\\Users\\\\akiro\\\\workfolder\\\\imabari3dcad\\\\evoship\\\\EVOSHIP_HELP_FILES\\\\about_body.html", "section_id": "4478152f881537f1e6b3bb012fe2a0bf3725bf2e", "title": "\\u30dc\\u30c7\\u30a3", "section_heading": "\\u30dc\\u30c7\\u30a3", "section_level": 2, "section_index": 0, "last_modified": "2025-07-08T01:02:52+00:00", "extracted_at": "2025-11-04T07:53:17+00:00", "data_source": "EVOSHIP_HELP_FILES", "chunk_id": "eaa8f7aa-50c7-4ddb-8502-3634456ed6e7", "chunk_index": 0, "text_length": 250, "start_char_idx": 0, "end_char_idx": 250}, "excluded_embed_metadata_keys": [], "excluded_llm_metadata_keys": [], "relationships": {"1": {"node_id": "4478152f881537f1e6b3bb012fe2a0bf3725bf2e", "node_type": "4", "metadata": {"document_id": "C:\\\\Users\\\\akiro\\\\workfolder\\\\imabari3dcad\\\\evoship\\\\EVOSHIP_HELP_FILES\\\\about_body.html", "source_path": "C:\\\\Users\\\\akiro\\\\workfolder\\\\imabari3dcad\\\\evoship\\\\EVOSHIP_HELP_FILES\\\\about_body.html", "section_id": "4478152f881537f1e6b3bb012fe2a0bf3725bf2e", "title": "\\u30dc\\u30c7\\u30a3", "section_heading": "\\u30dc\\u30c7\\u30a3", "section_level": 2, "section_index": 0, "last_modified": "2025-07-08T01:02:52+00:00", "extracted_at": "2025-11-04T07:53:17+00:00", "data_source": "EVOSHIP_HELP_FILES"}, "hash": "07e66bdbea498864cf224f21b9cd34ddabf8b6a2633e1a8121aa9e548308f197", "class_name": "RelatedNodeInfo"}}, "metadata_template": "{key}: {value}", "metadata_separator": "\\n", "text": "", "mimetype": "text/plain", "start_char_idx": 0, "end_char_idx": 250, "metadata_seperator": "\\n", "text_template": "{metadata_str}\\n\\n{content}", "class_name": "TextNode"}', '_node_type': 'TextNode', 'doc_id': '4478152f881537f1e6b3bb012fe2a0bf3725bf2e', 'ref_doc_id': '4478152f881537f1e6b3bb012fe2a0bf3725bf2e'}, 'text': 'ボディ\n\nボディにはソリッドボディとシートボディ(複合面)があり、 フィーチャー という基本形状（基本操作)によって構成されます。 ３Ｄモデルの要素で、図面ドキュメントには存在しません。 いづれか一つのボディをワークボディに設定することができ、フィーチャーはワークボディに対して作成されます。 ワークボディの設定 ソリッドボディ ソリッドボディには 材料 を設定できます。( 質量特性 コマンド等で利用します。) ソリッドボディの作成 シートボディ 平面 オフセット 押し出し 回転 スイープ ロフト', 'id_': 'eaa8f7aa-50c7-4ddb-8502-3634456ed6e7', 'id': 'eaa8f7aa-50c7-4ddb-8502-3634456ed6e7'}]} {}
2025-11-04 16:54:29,791 DEBUG neo4j.io: [#C1C5]  C: PULL {'n': 1000}
2025-11-04 16:54:29,792 DEBUG neo4j.io: [#C1C5]  S: SUCCESS {}
2025-11-04 16:54:29,792 DEBUG neo4j.io: [#C1C5]  _: <CONNECTION> server state: READY > TX_READY_OR_TX_STREAMING
2025-11-04 16:54:29,792 DEBUG neo4j.io: [#C1C5]  S: SUCCESS {'t_first': 0, 'fields': ['count(*)'], 'qid': 0}
2025-11-04 16:54:29,795 DEBUG neo4j.io: [#C1C5]  S: RECORD * 1
2025-11-04 16:54:29,795 DEBUG neo4j.io: [#C1C5]  S: SUCCESS {'stats': {'contains-updates': True, 'labels-added': 14, 'nodes-created': 7, 'properties-set': 147}, 'statuses': [{'gql_status': '00000', 'status_description': 'note: successful completion'}], 'type': 'rw', 't_last': 3, 'db': 'helpfile'}
2025-11-04 16:54:29,795 DEBUG neo4j.io: [#C1C5]  C: COMMIT
2025-11-04 16:54:29,795 DEBUG neo4j.io: [#C1C5]  _: <CONNECTION> client state: TX_READY_OR_TX_STREAMING > READY
2025-11-04 16:54:29,802 DEBUG neo4j.io: [#C1C5]  S: SUCCESS {'bookmark': 'FB:kcwQH1sua9IsT4W6N0kQKFDZyGCQ'}
2025-11-04 16:54:29,802 DEBUG neo4j.io: [#C1C5]  _: <CONNECTION> server state: TX_READY_OR_TX_STREAMING > READY
2025-11-04 16:54:29,802 DEBUG neo4j.pool: [#C1C5]  _: <POOL> released bolt-223
2025-11-04 16:54:29,803 DEBUG neo4j: [#0000]  _: <WORKSPACE> routing towards fixed database: helpfile
2025-11-04 16:54:29,803 DEBUG neo4j: [#0000]  _: <WORKSPACE> pinning database: 'helpfile'
2025-11-04 16:54:29,803 DEBUG neo4j.pool: [#0000]  _: <POOL> acquire direct connection, access_mode='WRITE', database=AcquisitionDatabase(name='helpfile', guessed=False)
2025-11-04 16:54:29,803 DEBUG neo4j.pool: [#C1C5]  _: <POOL> picked existing connection bolt-223
2025-11-04 16:54:29,803 DEBUG neo4j.pool: [#C1C5]  _: <POOL> checked re_auth auth=None updated=False force=False
2025-11-04 16:54:29,803 DEBUG neo4j.pool: [#C1C5]  _: <POOL> handing out existing connection
2025-11-04 16:54:29,803 DEBUG neo4j.io: [#C1C5]  C: BEGIN {'db': 'helpfile', 'bookmarks': ['FB:kcwQH1sua9IsT4W6N0kQKFDZyGCQ']}
2025-11-04 16:54:29,803 DEBUG neo4j.io: [#C1C5]  _: <CONNECTION> client state: READY > TX_READY_OR_TX_STREAMING
2025-11-04 16:54:29,805 DEBUG neo4j.io: [#C1C5]  C: RUN "\n                    UNWIND $data AS row\n                    MERGE (c:__Node__ {id: row.id})\n                    SET c.text = row.text, c:Chunk\n                    WITH c, row\n                    SET c += row.properties\n                    WITH c, row.embedding AS embedding\n                    WHERE embedding IS NOT NULL\n                    CALL db.create.setNodeVectorProperty(c, 'embedding', embedding)\n                    RETURN count(*)\n                    " {'data': [{'label': 'HelpChunk', 'embedding': None, 'properties': {'chunk_id': '680dd135-c32f-4f97-af9c-a6a647d2bc05', 'document_id': 'C:\\Users\\akiro\\workfolder\\imabari3dcad\\evoship\\EVOSHIP_HELP_FILES\\about_annotation.html', 'section_id': 'f7092eea43d2f61e7b46b5293ec05b46917e46b8', 'source_path': 'C:\\Users\\akiro\\workfolder\\imabari3dcad\\evoship\\EVOSHIP_HELP_FILES\\about_annotation.html', 'title': 'アノーテーション', 'section_heading': 'アノーテーション', 'section_level': 2, 'section_index': 0, 'last_modified': '2025-07-08T01:02:52+00:00', 'extracted_at': '2025-11-04T07:53:17+00:00', 'chunk_index': 0, 'text_length': 36, 'start_char_idx': 0, 'end_char_idx': 36, 'data_source': 'EVOSHIP_HELP_FILES', 'triplet_source_id': '680dd135-c32f-4f97-af9c-a6a647d2bc05'}, 'text': 'アノーテーション\n\n３次元位置や要素上に 注記 をつけることができます。', 'id_': '680dd135-c32f-4f97-af9c-a6a647d2bc05', 'id': '680dd135-c32f-4f97-af9c-a6a647d2bc05'}, {'label': 'HelpChunk', 'embedding': None, 'properties': {'chunk_id': '0fda72e2-604b-4f1a-8669-b5773fe755e7', 'document_id': 'C:\\Users\\akiro\\workfolder\\imabari3dcad\\evoship\\EVOSHIP_HELP_FILES\\about_annotation_styles_list_dialog.html', 'section_id': '786c297220afb12a8df819d022353fa285b84116', 'source_path': 'C:\\Users\\akiro\\workfolder\\imabari3dcad\\evoship\\EVOSHIP_HELP_FILES\\about_annotation_styles_list_dialog.html', 'title': '注記・寸法スタイル設定', 'section_heading': '注記・寸法スタイル設定', 'section_level': 2, 'section_index': 0, 'last_modified': '2025-07-08T01:02:52+00:00', 'extracted_at': '2025-11-04T07:53:17+00:00', 'chunk_index': 0, 'text_length': 570, 'start_char_idx': 0, 'end_char_idx': 570, 'data_source': 'EVOSHIP_HELP_FILES', 'triplet_source_id': '0fda72e2-604b-4f1a-8669-b5773fe755e7'}, 'text': '注記・寸法スタイル設定\n\n注記や寸法の各種パラメータは、要素ひとつひとつに設定することもできますし、スケッチや図面にまとめてパラメータを設定しておいて、注記や寸法はみずからが属するスケッチに設定しておいたパラメータを参照するようにもできます。この「まとめて設定しておくパラメータ」のことを注記スタイルといいます。 注記スタイルの管理 「注記・寸法スタイル設定」ウィンドウで作成した注記スタイルは、システム設定として保存されます。注記スタイルをスケッチや図面に適用すると、スケッチや図面はそのスタイルのコピーを保持します。スケッチや図面にスタイルを適用してから、「注記・寸法スタイル設定」ウィンドウでそのスタイルを編集しても、スケッチや図面が保持している「コピーされた」スタイルは変更されません。 注記スタイルの作成 左側のスタイル一覧が表示されている欄でコンテキストメニューを表示し、「スタイル設定の追加」をクリックします。また、「モデルのスタイル設定を追加」をクリックすると、いま開いているモデル内のスケッチや図面が保持している注記スタイルがすべてスタイル一覧に追加されます。 また、既存のスタイルを元にして新しくスタイルを作りたい場合は、スタイルを選択してコンテキストメニューを表示し、「スタイル設定（コピー）の追加」をクリックします。', 'id_': '0fda72e2-604b-4f1a-8669-b5773fe755e7', 'id': '0fda72e2-604b-4f1a-8669-b5773fe755e7'}, {'label': 'HelpChunk', 'embedding': None, 'properties': {'chunk_id': 'ee59ad76-80e3-4c8e-99dc-9dc9e6b4e5ff', 'document_id': 'C:\\Users\\akiro\\workfolder\\imabari3dcad\\evoship\\EVOSHIP_HELP_FILES\\about_annotation_styles_list_dialog.html', 'section_id': '786c297220afb12a8df819d022353fa285b84116', 'source_path': 'C:\\Users\\akiro\\workfolder\\imabari3dcad\\evoship\\EVOSHIP_HELP_FILES\\about_annotation_styles_list_dialog.html', 'title': '注記・寸法スタイル設定', 'section_heading': '注記・寸法スタイル設定', 'section_level': 2, 'section_index': 0, 'last_modified': '2025-07-08T01:02:52+00:00', 'extracted_at': '2025-11-04T07:53:17+00:00', 'chunk_index': 1, 'text_length': 330, 'start_char_idx': 490, 'end_char_idx': 820, 'data_source': 'EVOSHIP_HELP_FILES', 'triplet_source_id': 'ee59ad76-80e3-4c8e-99dc-9dc9e6b4e5ff'}, 'text': 'また、既存のスタイルを元にして新しくスタイルを作りたい場合は、スタイルを選択してコンテキストメニューを表示し、「スタイル設定（コピー）の追加」をクリックします。 適用ずみスタイルの更新 ウィンドウ右下の「モデルの更新」ボタンをクリックすると、「注記・寸法スタイル設定」ウィンドウで管理している（システム設定として保存されている）各スタイルについて、スケッチや図面に適用ずみのスタイルで同名のものがあると、その適用ずみスタイルをシステム設定のスタイルで上書きします。 スタイル一覧に同名のスタイルが複数存在すると、それらのうちひとつだけが適用ずみスタイルの上書きに使われて、残りは無視されてしまいます。同名のスタイルを作るのはできるだけ避けるようにしてください。', 'id_': 'ee59ad76-80e3-4c8e-99dc-9dc9e6b4e5ff', 'id': 'ee59ad76-80e3-4c8e-99dc-9dc9e6b4e5ff'}, {'label': 'HelpChunk', 'embedding': None, 'properties': {'chunk_id': '1f1c1a29-9a6c-4c2a-8a0d-ab58a2fc546c', 'document_id': 'C:\\Users\\akiro\\workfolder\\imabari3dcad\\evoship\\EVOSHIP_HELP_FILES\\about_annotation_styles_list_dialog.html', 'section_id': '479fc241bbf40f983b5b190f3f96c13829c67842', 'source_path': 'C:\\Users\\akiro\\workfolder\\imabari3dcad\\evoship\\EVOSHIP_HELP_FILES\\about_annotation_styles_list_dialog.html', 'title': '注記・寸法スタイル設定', 'section_heading': '注記スタイルの管理', 'section_level': 3, 'section_index': 1, 'last_modified': '2025-07-08T01:02:52+00:00', 'extracted_at': '2025-11-04T07:53:17+00:00', 'chunk_index': 0, 'text_length': 191, 'start_char_idx': 0, 'end_char_idx': 191, 'data_source': 'EVOSHIP_HELP_FILES', 'triplet_source_id': '1f1c1a29-9a6c-4c2a-8a0d-ab58a2fc546c'}, 'text': '注記スタイルの管理\n\n「注記・寸法スタイル設定」ウィンドウで作成した注記スタイルは、システム設定として保存されます。注記スタイルをスケッチや図面に適用すると、スケッチや図面はそのスタイルのコピーを保持します。スケッチや図面にスタイルを適用してから、「注記・寸法スタイル設定」ウィンドウでそのスタイルを編集しても、スケッチや図面が保持している「コピーされた」スタイルは変更されません。', 'id_': '1f1c1a29-9a6c-4c2a-8a0d-ab58a2fc546c', 'id': '1f1c1a29-9a6c-4c2a-8a0d-ab58a2fc546c'}, {'label': 'HelpChunk', 'embedding': None, 'properties': {'chunk_id': 'b0ce3c93-3a19-4b78-aed8-08c5044d3120', 'document_id': 'C:\\Users\\akiro\\workfolder\\imabari3dcad\\evoship\\EVOSHIP_HELP_FILES\\about_annotation_styles_list_dialog.html', 'section_id': '948fca157e8e5cee99d571163057daa7a31b2157', 'source_path': 'C:\\Users\\akiro\\workfolder\\imabari3dcad\\evoship\\EVOSHIP_HELP_FILES\\about_annotation_styles_list_dialog.html', 'title': '注記・寸法スタイル設定', 'section_heading': '注記スタイルの作成', 'section_level': 3, 'section_index': 2, 'last_modified': '2025-07-08T01:02:52+00:00', 'extracted_at': '2025-11-04T07:53:17+00:00', 'chunk_index': 0, 'text_length': 223, 'start_char_idx': 0, 'end_char_idx': 223, 'data_source': 'EVOSHIP_HELP_FILES', 'triplet_source_id': 'b0ce3c93-3a19-4b78-aed8-08c5044d3120'}, 'text': '注記スタイルの作成\n\n左側のスタイル一覧が表示されている欄でコンテキストメニューを表示し、「スタイル設定の追加」をクリックします。また、「モデルのスタイル設定を追加」をクリックすると、いま開いているモデル内のスケッチや図面が保持している注記スタイルがすべてスタイル一覧に追加されます。\nまた、既存のスタイルを元にして新しくスタイルを作りたい場合は、スタイルを選択してコンテキストメニューを表示し、「スタイル設定（コピー）の追加」をクリックします。', 'id_': 'b0ce3c93-3a19-4b78-aed8-08c5044d3120', 'id': 'b0ce3c93-3a19-4b78-aed8-08c5044d3120'}, {'label': 'HelpChunk', 'embedding': None, 'properties': {'chunk_id': '5e8083f4-7d49-4be1-9e3e-c5f82eb8f49c', 'document_id': 'C:\\Users\\akiro\\workfolder\\imabari3dcad\\evoship\\EVOSHIP_HELP_FILES\\about_annotation_styles_list_dialog.html', 'section_id': '20282e22440d39595fb32550c039519844363c95', 'source_path': 'C:\\Users\\akiro\\workfolder\\imabari3dcad\\evoship\\EVOSHIP_HELP_FILES\\about_annotation_styles_list_dialog.html', 'title': '注記・寸法スタイル設定', 'section_heading': '適用ずみスタイルの更新', 'section_level': 3, 'section_index': 3, 'last_modified': '2025-07-08T01:02:52+00:00', 'extracted_at': '2025-11-04T07:53:17+00:00', 'chunk_index': 0, 'text_length': 250, 'start_char_idx': 0, 'end_char_idx': 250, 'data_source': 'EVOSHIP_HELP_FILES', 'triplet_source_id': '5e8083f4-7d49-4be1-9e3e-c5f82eb8f49c'}, 'text': '適用ずみスタイルの更新\n\nウィンドウ右下の「モデルの更新」ボタンをクリックすると、「注記・寸法スタイル設定」ウィンドウで管理している（システム設定として保存されている）各スタイルについて、スケッチや図面に適用ずみのスタイルで同名のものがあると、その適用ずみスタイルをシステム設定のスタイルで上書きします。\nスタイル一覧に同名のスタイルが複数存在すると、それらのうちひとつだけが適用ずみスタイルの上書きに使われて、残りは無視されてしまいます。同名のスタイルを作るのはできるだけ避けるようにしてください。', 'id_': '5e8083f4-7d49-4be1-9e3e-c5f82eb8f49c', 'id': '5e8083f4-7d49-4be1-9e3e-c5f82eb8f49c'}, {'label': 'HelpChunk', 'embedding': None, 'properties': {'chunk_id': 'eaa8f7aa-50c7-4ddb-8502-3634456ed6e7', 'document_id': 'C:\\Users\\akiro\\workfolder\\imabari3dcad\\evoship\\EVOSHIP_HELP_FILES\\about_body.html', 'section_id': '4478152f881537f1e6b3bb012fe2a0bf3725bf2e', 'source_path': 'C:\\Users\\akiro\\workfolder\\imabari3dcad\\evoship\\EVOSHIP_HELP_FILES\\about_body.html', 'title': 'ボディ', 'section_heading': 'ボディ', 'section_level': 2, 'section_index': 0, 'last_modified': '2025-07-08T01:02:52+00:00', 'extracted_at': '2025-11-04T07:53:17+00:00', 'chunk_index': 0, 'text_length': 250, 'start_char_idx': 0, 'end_char_idx': 250, 'data_source': 'EVOSHIP_HELP_FILES', 'triplet_source_id': 'eaa8f7aa-50c7-4ddb-8502-3634456ed6e7'}, 'text': 'ボディ\n\nボディにはソリッドボディとシートボディ(複合面)があり、 フィーチャー という基本形状（基本操作)によって構成されます。 ３Ｄモデルの要素で、図面ドキュメントには存在しません。 いづれか一つのボディをワークボディに設定することができ、フィーチャーはワークボディに対して作成されます。 ワークボディの設定 ソリッドボディ ソリッドボディには 材料 を設定できます。( 質量特性 コマンド等で利用します。) ソリッドボディの作成 シートボディ 平面 オフセット 押し出し 回転 スイープ ロフト', 'id_': 'eaa8f7aa-50c7-4ddb-8502-3634456ed6e7', 'id': 'eaa8f7aa-50c7-4ddb-8502-3634456ed6e7'}]} {}
2025-11-04 16:54:29,805 DEBUG neo4j.io: [#C1C5]  C: PULL {'n': 1000}
2025-11-04 16:54:29,806 DEBUG neo4j.io: [#C1C5]  S: SUCCESS {}
2025-11-04 16:54:29,806 DEBUG neo4j.io: [#C1C5]  _: <CONNECTION> server state: READY > TX_READY_OR_TX_STREAMING
2025-11-04 16:54:29,806 DEBUG neo4j.io: [#C1C5]  S: SUCCESS {'t_first': 0, 'fields': ['count(*)'], 'qid': 0}
2025-11-04 16:54:29,808 DEBUG neo4j.io: [#C1C5]  S: RECORD * 1
2025-11-04 16:54:29,808 DEBUG neo4j.io: [#C1C5]  S: SUCCESS {'stats': {'contains-updates': True, 'properties-set': 119}, 'statuses': [{'gql_status': '00000', 'status_description': 'note: successful completion'}], 'type': 'rw', 't_last': 2, 'db': 'helpfile'}
2025-11-04 16:54:29,808 DEBUG neo4j.io: [#C1C5]  C: COMMIT
2025-11-04 16:54:29,808 DEBUG neo4j.io: [#C1C5]  _: <CONNECTION> client state: TX_READY_OR_TX_STREAMING > READY
2025-11-04 16:54:29,813 DEBUG neo4j.io: [#C1C5]  S: SUCCESS {'bookmark': 'FB:kcwQH1sua9IsT4W6N0kQKFDZyGGQ'}
2025-11-04 16:54:29,813 DEBUG neo4j.io: [#C1C5]  _: <CONNECTION> server state: TX_READY_OR_TX_STREAMING > READY
2025-11-04 16:54:29,813 DEBUG neo4j.pool: [#C1C5]  _: <POOL> released bolt-223
2025-11-04 16:54:29,813 DEBUG neo4j: [#0000]  _: <WORKSPACE> routing towards fixed database: helpfile
2025-11-04 16:54:29,813 DEBUG neo4j: [#0000]  _: <WORKSPACE> pinning database: 'helpfile'
2025-11-04 16:54:29,813 DEBUG neo4j.pool: [#0000]  _: <POOL> acquire direct connection, access_mode='WRITE', database=AcquisitionDatabase(name='helpfile', guessed=False)
2025-11-04 16:54:29,813 DEBUG neo4j.pool: [#C1C5]  _: <POOL> picked existing connection bolt-223
2025-11-04 16:54:29,813 DEBUG neo4j.pool: [#C1C5]  _: <POOL> checked re_auth auth=None updated=False force=False
2025-11-04 16:54:29,813 DEBUG neo4j.pool: [#C1C5]  _: <POOL> handing out existing connection
2025-11-04 16:54:29,813 DEBUG neo4j.io: [#C1C5]  C: BEGIN {'db': 'helpfile', 'bookmarks': ['FB:kcwQH1sua9IsT4W6N0kQKFDZyGGQ']}
2025-11-04 16:54:29,813 DEBUG neo4j.io: [#C1C5]  _: <CONNECTION> client state: READY > TX_READY_OR_TX_STREAMING
2025-11-04 16:54:29,814 DEBUG neo4j.io: [#C1C5]  C: RUN "\n                    UNWIND $data AS row\n                    MERGE (e:__Node__ {id: row.id})\n                    SET e += apoc.map.clean(row.properties, [], [])\n                    SET e.name = row.name, e:`__Entity__`\n                    WITH e, row\n                    CALL apoc.create.addLabels(e, [row.label])\n                    YIELD node\n                    WITH e, row\n                    CALL (e, row) {\n                        WITH e, row\n                        WHERE row.embedding IS NOT NULL\n                        CALL db.create.setNodeVectorProperty(e, 'embedding', row.embedding)\n                        RETURN count(*) AS count\n                    }\n                    WITH e, row WHERE row.properties.triplet_source_id IS NOT NULL\n                    MERGE (c:__Node__ {id: row.properties.triplet_source_id})\n                    MERGE (e)<-[:MENTIONS]-(c)\n                    " {'data': [{'label': 'HelpDocument', 'embedding': None, 'properties': {'document_id': 'C:\\Users\\akiro\\workfolder\\imabari3dcad\\evoship\\EVOSHIP_HELP_FILES\\about_annotation.html', 'source_path': 'C:\\Users\\akiro\\workfolder\\imabari3dcad\\evoship\\EVOSHIP_HELP_FILES\\about_annotation.html', 'title': 'アノーテーション', 'headings': ['アノーテーション'], 'section_count': 1, 'last_modified': '2025-07-08T01:02:52+00:00', 'extracted_at': '2025-11-04T07:53:17+00:00', 'data_source': 'EVOSHIP_HELP_FILES', 'triplet_source_id': '680dd135-c32f-4f97-af9c-a6a647d2bc05'}, 'name': 'C:\\Users\\akiro\\workfolder\\imabari3dcad\\evoship\\EVOSHIP_HELP_FILES\\about_annotation.html', 'id': 'C:\\Users\\akiro\\workfolder\\imabari3dcad\\evoship\\EVOSHIP_HELP_FILES\\about_annotation.html'}, {'label': 'HelpSection', 'embedding': None, 'properties': {'section_id': 'f7092eea43d2f61e7b46b5293ec05b46917e46b8', 'document_id': 'C:\\Users\\akiro\\workfolder\\imabari3dcad\\evoship\\EVOSHIP_HELP_FILES\\about_annotation.html', 'source_path': 'C:\\Users\\akiro\\workfolder\\imabari3dcad\\evoship\\EVOSHIP_HELP_FILES\\about_annotation.html', 'title': 'アノーテーション', 'section_heading': 'アノーテーション', 'section_level': 2, 'section_index': 0, 'last_modified': '2025-07-08T01:02:52+00:00', 'extracted_at': '2025-11-04T07:53:17+00:00', 'data_source': 'EVOSHIP_HELP_FILES', 'triplet_source_id': '680dd135-c32f-4f97-af9c-a6a647d2bc05'}, 'name': 'f7092eea43d2f61e7b46b5293ec05b46917e46b8', 'id': 'f7092eea43d2f61e7b46b5293ec05b46917e46b8'}, {'label': 'entity', 'embedding': None, 'properties': {'document_id': 'C:\\Users\\akiro\\workfolder\\imabari3dcad\\evoship\\EVOSHIP_HELP_FILES\\about_annotation.html', 'source_path': 'C:\\Users\\akiro\\workfolder\\imabari3dcad\\evoship\\EVOSHIP_HELP_FILES\\about_annotation.html', 'section_id': 'f7092eea43d2f61e7b46b5293ec05b46917e46b8', 'title': 'アノーテーション', 'section_heading': 'アノーテーション', 'section_level': 2, 'section_index': 0, 'last_modified': '2025-07-08T01:02:52+00:00', 'extracted_at': '2025-11-04T07:53:17+00:00', 'data_source': 'EVOSHIP_HELP_FILES', 'chunk_id': '680dd135-c32f-4f97-af9c-a6a647d2bc05', 'chunk_index': 0, 'text_length': 36, 'start_char_idx': 0, 'end_char_idx': 36, 'triplet_source_id': '680dd135-c32f-4f97-af9c-a6a647d2bc05'}, 'name': 'Annotation', 'id': 'Annotation'}, {'label': 'entity', 'embedding': None, 'properties': {'document_id': 'C:\\Users\\akiro\\workfolder\\imabari3dcad\\evoship\\EVOSHIP_HELP_FILES\\about_annotation.html', 'source_path': 'C:\\Users\\akiro\\workfolder\\imabari3dcad\\evoship\\EVOSHIP_HELP_FILES\\about_annotation.html', 'section_id': 'f7092eea43d2f61e7b46b5293ec05b46917e46b8', 'title': 'アノーテーション', 'section_heading': 'アノーテーション', 'section_level': 2, 'section_index': 0, 'last_modified': '2025-07-08T01:02:52+00:00', 'extracted_at': '2025-11-04T07:53:17+00:00', 'data_source': 'EVOSHIP_HELP_FILES', 'chunk_id': '680dd135-c32f-4f97-af9c-a6a647d2bc05', 'chunk_index': 0, 'text_length': 36, 'start_char_idx': 0, 'end_char_idx': 36, 'triplet_source_id': '680dd135-c32f-4f97-af9c-a6a647d2bc05'}, 'name': '3d positions', 'id': '3d positions'}, {'label': 'entity', 'embedding': None, 'properties': {'document_id': 'C:\\Users\\akiro\\workfolder\\imabari3dcad\\evoship\\EVOSHIP_HELP_FILES\\about_annotation.html', 'source_path': 'C:\\Users\\akiro\\workfolder\\imabari3dcad\\evoship\\EVOSHIP_HELP_FILES\\about_annotation.html', 'section_id': 'f7092eea43d2f61e7b46b5293ec05b46917e46b8', 'title': 'アノーテーション', 'section_heading': 'アノーテーション', 'section_level': 2, 'section_index': 0, 'last_modified': '2025-07-08T01:02:52+00:00', 'extracted_at': '2025-11-04T07:53:17+00:00', 'data_source': 'EVOSHIP_HELP_FILES', 'chunk_id': '680dd135-c32f-4f97-af9c-a6a647d2bc05', 'chunk_index': 0, 'text_length': 36, 'start_char_idx': 0, 'end_char_idx': 36, 'triplet_source_id': '680dd135-c32f-4f97-af9c-a6a647d2bc05'}, 'name': 'Annotation', 'id': 'Annotation'}, {'label': 'entity', 'embedding': None, 'properties': {'document_id': 'C:\\Users\\akiro\\workfolder\\imabari3dcad\\evoship\\EVOSHIP_HELP_FILES\\about_annotation.html', 'source_path': 'C:\\Users\\akiro\\workfolder\\imabari3dcad\\evoship\\EVOSHIP_HELP_FILES\\about_annotation.html', 'section_id': 'f7092eea43d2f61e7b46b5293ec05b46917e46b8', 'title': 'アノーテーション', 'section_heading': 'アノーテーション', 'section_level': 2, 'section_index': 0, 'last_modified': '2025-07-08T01:02:52+00:00', 'extracted_at': '2025-11-04T07:53:17+00:00', 'data_source': 'EVOSHIP_HELP_FILES', 'chunk_id': '680dd135-c32f-4f97-af9c-a6a647d2bc05', 'chunk_index': 0, 'text_length': 36, 'start_char_idx': 0, 'end_char_idx': 36, 'triplet_source_id': '680dd135-c32f-4f97-af9c-a6a647d2bc05'}, 'name': 'Elements', 'id': 'Elements'}, {'label': 'entity', 'embedding': None, 'properties': {'document_id': 'C:\\Users\\akiro\\workfolder\\imabari3dcad\\evoship\\EVOSHIP_HELP_FILES\\about_annotation.html', 'source_path': 'C:\\Users\\akiro\\workfolder\\imabari3dcad\\evoship\\EVOSHIP_HELP_FILES\\about_annotation.html', 'section_id': 'f7092eea43d2f61e7b46b5293ec05b46917e46b8', 'title': 'アノーテーション', 'section_heading': 'アノーテーション', 'section_level': 2, 'section_index': 0, 'last_modified': '2025-07-08T01:02:52+00:00', 'extracted_at': '2025-11-04T07:53:17+00:00', 'data_source': 'EVOSHIP_HELP_FILES', 'chunk_id': '680dd135-c32f-4f97-af9c-a6a647d2bc05', 'chunk_index': 0, 'text_length': 36, 'start_char_idx': 0, 'end_char_idx': 36, 'triplet_source_id': '680dd135-c32f-4f97-af9c-a6a647d2bc05'}, 'name': 'Helpdocument', 'id': 'Helpdocument'}, {'label': 'entity', 'embedding': None, 'properties': {'document_id': 'C:\\Users\\akiro\\workfolder\\imabari3dcad\\evoship\\EVOSHIP_HELP_FILES\\about_annotation.html', 'source_path': 'C:\\Users\\akiro\\workfolder\\imabari3dcad\\evoship\\EVOSHIP_HELP_FILES\\about_annotation.html', 'section_id': 'f7092eea43d2f61e7b46b5293ec05b46917e46b8', 'title': 'アノーテーション', 'section_heading': 'アノーテーション', 'section_level': 2, 'section_index': 0, 'last_modified': '2025-07-08T01:02:52+00:00', 'extracted_at': '2025-11-04T07:53:17+00:00', 'data_source': 'EVOSHIP_HELP_FILES', 'chunk_id': '680dd135-c32f-4f97-af9c-a6a647d2bc05', 'chunk_index': 0, 'text_length': 36, 'start_char_idx': 0, 'end_char_idx': 36, 'triplet_source_id': '680dd135-c32f-4f97-af9c-a6a647d2bc05'}, 'name': 'アノーテーション', 'id': 'アノーテーション'}, {'label': 'entity', 'embedding': None, 'properties': {'document_id': 'C:\\Users\\akiro\\workfolder\\imabari3dcad\\evoship\\EVOSHIP_HELP_FILES\\about_annotation.html', 'source_path': 'C:\\Users\\akiro\\workfolder\\imabari3dcad\\evoship\\EVOSHIP_HELP_FILES\\about_annotation.html', 'section_id': 'f7092eea43d2f61e7b46b5293ec05b46917e46b8', 'title': 'アノーテーション', 'section_heading': 'アノーテーション', 'section_level': 2, 'section_index': 0, 'last_modified': '2025-07-08T01:02:52+00:00', 'extracted_at': '2025-11-04T07:53:17+00:00', 'data_source': 'EVOSHIP_HELP_FILES', 'chunk_id': '680dd135-c32f-4f97-af9c-a6a647d2bc05', 'chunk_index': 0, 'text_length': 36, 'start_char_idx': 0, 'end_char_idx': 36, 'triplet_source_id': '680dd135-c32f-4f97-af9c-a6a647d2bc05'}, 'name': 'Helpsection', 'id': 'Helpsection'}, {'label': 'entity', 'embedding': None, 'properties': {'document_id': 'C:\\Users\\akiro\\workfolder\\imabari3dcad\\evoship\\EVOSHIP_HELP_FILES\\about_annotation.html', 'source_path': 'C:\\Users\\akiro\\workfolder\\imabari3dcad\\evoship\\EVOSHIP_HELP_FILES\\about_annotation.html', 'section_id': 'f7092eea43d2f61e7b46b5293ec05b46917e46b8', 'title': 'アノーテーション', 'section_heading': 'アノーテーション', 'section_level': 2, 'section_index': 0, 'last_modified': '2025-07-08T01:02:52+00:00', 'extracted_at': '2025-11-04T07:53:17+00:00', 'data_source': 'EVOSHIP_HELP_FILES', 'chunk_id': '680dd135-c32f-4f97-af9c-a6a647d2bc05', 'chunk_index': 0, 'text_length': 36, 'start_char_idx': 0, 'end_char_idx': 36, 'triplet_source_id': '680dd135-c32f-4f97-af9c-a6a647d2bc05'}, 'name': 'アノーテーション', 'id': 'アノーテーション'}, {'label': 'entity', 'embedding': None, 'properties': {'document_id': 'C:\\Users\\akiro\\workfolder\\imabari3dcad\\evoship\\EVOSHIP_HELP_FILES\\about_annotation.html', 'source_path': 'C:\\Users\\akiro\\workfolder\\imabari3dcad\\evoship\\EVOSHIP_HELP_FILES\\about_annotation.html', 'section_id': 'f7092eea43d2f61e7b46b5293ec05b46917e46b8', 'title': 'アノーテーション', 'section_heading': 'アノーテーション', 'section_level': 2, 'section_index': 0, 'last_modified': '2025-07-08T01:02:52+00:00', 'extracted_at': '2025-11-04T07:53:17+00:00', 'data_source': 'EVOSHIP_HELP_FILES', 'chunk_id': '680dd135-c32f-4f97-af9c-a6a647d2bc05', 'chunk_index': 0, 'text_length': 36, 'start_char_idx': 0, 'end_char_idx': 36, 'triplet_source_id': '680dd135-c32f-4f97-af9c-a6a647d2bc05'}, 'name': 'Helpchunk', 'id': 'Helpchunk'}, {'label': 'entity', 'embedding': None, 'properties': {'document_id': 'C:\\Users\\akiro\\workfolder\\imabari3dcad\\evoship\\EVOSHIP_HELP_FILES\\about_annotation.html', 'source_path': 'C:\\Users\\akiro\\workfolder\\imabari3dcad\\evoship\\EVOSHIP_HELP_FILES\\about_annotation.html', 'section_id': 'f7092eea43d2f61e7b46b5293ec05b46917e46b8', 'title': 'アノーテーション', 'section_heading': 'アノーテーション', 'section_level': 2, 'section_index': 0, 'last_modified': '2025-07-08T01:02:52+00:00', 'extracted_at': '2025-11-04T07:53:17+00:00', 'data_source': 'EVOSHIP_HELP_FILES', 'chunk_id': '680dd135-c32f-4f97-af9c-a6a647d2bc05', 'chunk_index': 0, 'text_length': 36, 'start_char_idx': 0, 'end_char_idx': 36, 'triplet_source_id': '680dd135-c32f-4f97-af9c-a6a647d2bc05'}, 'name': 'アノーテーション ３次元位置や要素上に 注記 をつけることができます。', 'id': 'アノーテーション ３次元位置や要素上に 注記 をつけることができます。'}, {'label': 'HelpDocument', 'embedding': None, 'properties': {'document_id': 'C:\\Users\\akiro\\workfolder\\imabari3dcad\\evoship\\EVOSHIP_HELP_FILES\\about_annotation_styles_list_dialog.html', 'source_path': 'C:\\Users\\akiro\\workfolder\\imabari3dcad\\evoship\\EVOSHIP_HELP_FILES\\about_annotation_styles_list_dialog.html', 'title': '注記・寸法スタイル設定', 'headings': ['注記・寸法スタイル設定', '注記スタイルの管理', '注記スタイルの作成', '適用ずみスタイルの更新'], 'section_count': 4, 'last_modified': '2025-07-08T01:02:52+00:00', 'extracted_at': '2025-11-04T07:53:17+00:00', 'data_source': 'EVOSHIP_HELP_FILES', 'triplet_source_id': '0fda72e2-604b-4f1a-8669-b5773fe755e7'}, 'name': 'C:\\Users\\akiro\\workfolder\\imabari3dcad\\evoship\\EVOSHIP_HELP_FILES\\about_annotation_styles_list_dialog.html', 'id': 'C:\\Users\\akiro\\workfolder\\imabari3dcad\\evoship\\EVOSHIP_HELP_FILES\\about_annotation_styles_list_dialog.html'}, {'label': 'HelpSection', 'embedding': None, 'properties': {'section_id': '786c297220afb12a8df819d022353fa285b84116', 'document_id': 'C:\\Users\\akiro\\workfolder\\imabari3dcad\\evoship\\EVOSHIP_HELP_FILES\\about_annotation_styles_list_dialog.html', 'source_path': 'C:\\Users\\akiro\\workfolder\\imabari3dcad\\evoship\\EVOSHIP_HELP_FILES\\about_annotation_styles_list_dialog.html', 'title': '注記・寸法スタイル設定', 'section_heading': '注記・寸法スタイル設定', 'section_level': 2, 'section_index': 0, 'last_modified': '2025-07-08T01:02:52+00:00', 'extracted_at': '2025-11-04T07:53:17+00:00', 'data_source': 'EVOSHIP_HELP_FILES', 'triplet_source_id': '0fda72e2-604b-4f1a-8669-b5773fe755e7'}, 'name': '786c297220afb12a8df819d022353fa285b84116', 'id': '786c297220afb12a8df819d022353fa285b84116'}, {'label': 'entity', 'embedding': None, 'properties': {'document_id': 'C:\\Users\\akiro\\workfolder\\imabari3dcad\\evoship\\EVOSHIP_HELP_FILES\\about_annotation_styles_list_dialog.html', 'source_path': 'C:\\Users\\akiro\\workfolder\\imabari3dcad\\evoship\\EVOSHIP_HELP_FILES\\about_annotation_styles_list_dialog.html', 'section_id': '786c297220afb12a8df819d022353fa285b84116', 'title': '注記・寸法スタイル設定', 'section_heading': '注記・寸法スタイル設定', 'section_level': 2, 'section_index': 0, 'last_modified': '2025-07-08T01:02:52+00:00', 'extracted_at': '2025-11-04T07:53:17+00:00', 'data_source': 'EVOSHIP_HELP_FILES', 'chunk_id': '0fda72e2-604b-4f1a-8669-b5773fe755e7', 'chunk_index': 0, 'text_length': 570, 'start_char_idx': 0, 'end_char_idx': 570, 'triplet_source_id': '0fda72e2-604b-4f1a-8669-b5773fe755e7'}, 'name': 'Annotation and dimension style settings', 'id': 'Annotation and dimension style settings'}, {'label': 'entity', 'embedding': None, 'properties': {'document_id': 'C:\\Users\\akiro\\workfolder\\imabari3dcad\\evoship\\EVOSHIP_HELP_FILES\\about_annotation_styles_list_dialog.html', 'source_path': 'C:\\Users\\akiro\\workfolder\\imabari3dcad\\evoship\\EVOSHIP_HELP_FILES\\about_annotation_styles_list_dialog.html', 'section_id': '786c297220afb12a8df819d022353fa285b84116', 'title': '注記・寸法スタイル設定', 'section_heading': '注記・寸法スタイル設定', 'section_level': 2, 'section_index': 0, 'last_modified': '2025-07-08T01:02:52+00:00', 'extracted_at': '2025-11-04T07:53:17+00:00', 'data_source': 'EVOSHIP_HELP_FILES', 'chunk_id': '0fda72e2-604b-4f1a-8669-b5773fe755e7', 'chunk_index': 0, 'text_length': 570, 'start_char_idx': 0, 'end_char_idx': 570, 'triplet_source_id': '0fda72e2-604b-4f1a-8669-b5773fe755e7'}, 'name': 'Note and dimension parameters', 'id': 'Note and dimension parameters'}, {'label': 'entity', 'embedding': None, 'properties': {'document_id': 'C:\\Users\\akiro\\workfolder\\imabari3dcad\\evoship\\EVOSHIP_HELP_FILES\\about_annotation_styles_list_dialog.html', 'source_path': 'C:\\Users\\akiro\\workfolder\\imabari3dcad\\evoship\\EVOSHIP_HELP_FILES\\about_annotation_styles_list_dialog.html', 'section_id': '786c297220afb12a8df819d022353fa285b84116', 'title': '注記・寸法スタイル設定', 'section_heading': '注記・寸法スタイル設定', 'section_level': 2, 'section_index': 0, 'last_modified': '2025-07-08T01:02:52+00:00', 'extracted_at': '2025-11-04T07:53:17+00:00', 'data_source': 'EVOSHIP_HELP_FILES', 'chunk_id': '0fda72e2-604b-4f1a-8669-b5773fe755e7', 'chunk_index': 0, 'text_length': 570, 'start_char_idx': 0, 'end_char_idx': 570, 'triplet_source_id': '0fda72e2-604b-4f1a-8669-b5773fe755e7'}, 'name': 'Note style', 'id': 'Note style'}, {'label': 'entity', 'embedding': None, 'properties': {'document_id': 'C:\\Users\\akiro\\workfolder\\imabari3dcad\\evoship\\EVOSHIP_HELP_FILES\\about_annotation_styles_list_dialog.html', 'source_path': 'C:\\Users\\akiro\\workfolder\\imabari3dcad\\evoship\\EVOSHIP_HELP_FILES\\about_annotation_styles_list_dialog.html', 'section_id': '786c297220afb12a8df819d022353fa285b84116', 'title': '注記・寸法スタイル設定', 'section_heading': '注記・寸法スタイル設定', 'section_level': 2, 'section_index': 0, 'last_modified': '2025-07-08T01:02:52+00:00', 'extracted_at': '2025-11-04T07:53:17+00:00', 'data_source': 'EVOSHIP_HELP_FILES', 'chunk_id': '0fda72e2-604b-4f1a-8669-b5773fe755e7', 'chunk_index': 0, 'text_length': 570, 'start_char_idx': 0, 'end_char_idx': 570, 'triplet_source_id': '0fda72e2-604b-4f1a-8669-b5773fe755e7'}, 'name': 'Group of parameters stored together', 'id': 'Group of parameters stored together'}, {'label': 'entity', 'embedding': None, 'properties': {'document_id': 'C:\\Users\\akiro\\workfolder\\imabari3dcad\\evoship\\EVOSHIP_HELP_FILES\\about_annotation_styles_list_dialog.html', 'source_path': 'C:\\Users\\akiro\\workfolder\\imabari3dcad\\evoship\\EVOSHIP_HELP_FILES\\about_annotation_styles_list_dialog.html', 'section_id': '786c297220afb12a8df819d022353fa285b84116', 'title': '注記・寸法スタイル設定', 'section_heading': '注記・寸法スタイル設定', 'section_level': 2, 'section_index': 0, 'last_modified': '2025-07-08T01:02:52+00:00', 'extracted_at': '2025-11-04T07:53:17+00:00', 'data_source': 'EVOSHIP_HELP_FILES', 'chunk_id': '0fda72e2-604b-4f1a-8669-b5773fe755e7', 'chunk_index': 0, 'text_length': 570, 'start_char_idx': 0, 'end_char_idx': 570, 'triplet_source_id': '0fda72e2-604b-4f1a-8669-b5773fe755e7'}, 'name': 'Annotation and dimension style settings window', 'id': 'Annotation and dimension style settings window'}, {'label': 'entity', 'embedding': None, 'properties': {'document_id': 'C:\\Users\\akiro\\workfolder\\imabari3dcad\\evoship\\EVOSHIP_HELP_FILES\\about_annotation_styles_list_dialog.html', 'source_path': 'C:\\Users\\akiro\\workfolder\\imabari3dcad\\evoship\\EVOSHIP_HELP_FILES\\about_annotation_styles_list_dialog.html', 'section_id': '786c297220afb12a8df819d022353fa285b84116', 'title': '注記・寸法スタイル設定', 'section_heading': '注記・寸法スタイル設定', 'section_level': 2, 'section_index': 0, 'last_modified': '2025-07-08T01:02:52+00:00', 'extracted_at': '2025-11-04T07:53:17+00:00', 'data_source': 'EVOSHIP_HELP_FILES', 'chunk_id': '0fda72e2-604b-4f1a-8669-b5773fe755e7', 'chunk_index': 0, 'text_length': 570, 'start_char_idx': 0, 'end_char_idx': 570, 'triplet_source_id': '0fda72e2-604b-4f1a-8669-b5773fe755e7'}, 'name': 'Note styles as system settings', 'id': 'Note styles as system settings'}, {'label': 'entity', 'embedding': None, 'properties': {'document_id': 'C:\\Users\\akiro\\workfolder\\imabari3dcad\\evoship\\EVOSHIP_HELP_FILES\\about_annotation_styles_list_dialog.html', 'source_path': 'C:\\Users\\akiro\\workfolder\\imabari3dcad\\evoship\\EVOSHIP_HELP_FILES\\about_annotation_styles_list_dialog.html', 'section_id': '786c297220afb12a8df819d022353fa285b84116', 'title': '注記・寸法スタイル設定', 'section_heading': '注記・寸法スタイル設定', 'section_level': 2, 'section_index': 0, 'last_modified': '2025-07-08T01:02:52+00:00', 'extracted_at': '2025-11-04T07:53:17+00:00', 'data_source': 'EVOSHIP_HELP_FILES', 'chunk_id': '0fda72e2-604b-4f1a-8669-b5773fe755e7', 'chunk_index': 0, 'text_length': 570, 'start_char_idx': 0, 'end_char_idx': 570, 'triplet_source_id': '0fda72e2-604b-4f1a-8669-b5773fe755e7'}, 'name': 'Applying note style', 'id': 'Applying note style'}, {'label': 'entity', 'embedding': None, 'properties': {'document_id': 'C:\\Users\\akiro\\workfolder\\imabari3dcad\\evoship\\EVOSHIP_HELP_FILES\\about_annotation_styles_list_dialog.html', 'source_path': 'C:\\Users\\akiro\\workfolder\\imabari3dcad\\evoship\\EVOSHIP_HELP_FILES\\about_annotation_styles_list_dialog.html', 'section_id': '786c297220afb12a8df819d022353fa285b84116', 'title': '注記・寸法スタイル設定', 'section_heading': '注記・寸法スタイル設定', 'section_level': 2, 'section_index': 0, 'last_modified': '2025-07-08T01:02:52+00:00', 'extracted_at': '2025-11-04T07:53:17+00:00', 'data_source': 'EVOSHIP_HELP_FILES', 'chunk_id': '0fda72e2-604b-4f1a-8669-b5773fe755e7', 'chunk_index': 0, 'text_length': 570, 'start_char_idx': 0, 'end_char_idx': 570, 'triplet_source_id': '0fda72e2-604b-4f1a-8669-b5773fe755e7'}, 'name': 'Sketch/drawing holding copy of style', 'id': 'Sketch/drawing holding copy of style'}, {'label': 'entity', 'embedding': None, 'properties': {'document_id': 'C:\\Users\\akiro\\workfolder\\imabari3dcad\\evoship\\EVOSHIP_HELP_FILES\\about_annotation_styles_list_dialog.html', 'source_path': 'C:\\Users\\akiro\\workfolder\\imabari3dcad\\evoship\\EVOSHIP_HELP_FILES\\about_annotation_styles_list_dialog.html', 'section_id': '786c297220afb12a8df819d022353fa285b84116', 'title': '注記・寸法スタイル設定', 'section_heading': '注記・寸法スタイル設定', 'section_level': 2, 'section_index': 0, 'last_modified': '2025-07-08T01:02:52+00:00', 'extracted_at': '2025-11-04T07:53:17+00:00', 'data_source': 'EVOSHIP_HELP_FILES', 'chunk_id': '0fda72e2-604b-4f1a-8669-b5773fe755e7', 'chunk_index': 0, 'text_length': 570, 'start_char_idx': 0, 'end_char_idx': 570, 'triplet_source_id': '0fda72e2-604b-4f1a-8669-b5773fe755e7'}, 'name': 'Editing style in window', 'id': 'Editing style in window'}, {'label': 'entity', 'embedding': None, 'properties': {'document_id': 'C:\\Users\\akiro\\workfolder\\imabari3dcad\\evoship\\EVOSHIP_HELP_FILES\\about_annotation_styles_list_dialog.html', 'source_path': 'C:\\Users\\akiro\\workfolder\\imabari3dcad\\evoship\\EVOSHIP_HELP_FILES\\about_annotation_styles_list_dialog.html', 'section_id': '786c297220afb12a8df819d022353fa285b84116', 'title': '注記・寸法スタイル設定', 'section_heading': '注記・寸法スタイル設定', 'section_level': 2, 'section_index': 0, 'last_modified': '2025-07-08T01:02:52+00:00', 'extracted_at': '2025-11-04T07:53:17+00:00', 'data_source': 'EVOSHIP_HELP_FILES', 'chunk_id': '0fda72e2-604b-4f1a-8669-b5773fe755e7', 'chunk_index': 0, 'text_length': 570, 'start_char_idx': 0, 'end_char_idx': 570, 'triplet_source_id': '0fda72e2-604b-4f1a-8669-b5773fe755e7'}, 'name': 'Sketch/drawing copies', 'id': 'Sketch/drawing copies'}, {'label': 'entity', 'embedding': None, 'properties': {'document_id': 'C:\\Users\\akiro\\workfolder\\imabari3dcad\\evoship\\EVOSHIP_HELP_FILES\\about_annotation_styles_list_dialog.html', 'source_path': 'C:\\Users\\akiro\\workfolder\\imabari3dcad\\evoship\\EVOSHIP_HELP_FILES\\about_annotation_styles_list_dialog.html', 'section_id': '786c297220afb12a8df819d022353fa285b84116', 'title': '注記・寸法スタイル設定', 'section_heading': '注記・寸法スタイル設定', 'section_level': 2, 'section_index': 0, 'last_modified': '2025-07-08T01:02:52+00:00', 'extracted_at': '2025-11-04T07:53:17+00:00', 'data_source': 'EVOSHIP_HELP_FILES', 'chunk_id': '0fda72e2-604b-4f1a-8669-b5773fe755e7', 'chunk_index': 0, 'text_length': 570, 'start_char_idx': 0, 'end_char_idx': 570, 'triplet_source_id': '0fda72e2-604b-4f1a-8669-b5773fe755e7'}, 'name': 'Left-side style list', 'id': 'Left-side style list'}, {'label': 'entity', 'embedding': None, 'properties': {'document_id': 'C:\\Users\\akiro\\workfolder\\imabari3dcad\\evoship\\EVOSHIP_HELP_FILES\\about_annotation_styles_list_dialog.html', 'source_path': 'C:\\Users\\akiro\\workfolder\\imabari3dcad\\evoship\\EVOSHIP_HELP_FILES\\about_annotation_styles_list_dialog.html', 'section_id': '786c297220afb12a8df819d022353fa285b84116', 'title': '注記・寸法スタイル設定', 'section_heading': '注記・寸法スタイル設定', 'section_level': 2, 'section_index': 0, 'last_modified': '2025-07-08T01:02:52+00:00', 'extracted_at': '2025-11-04T07:53:17+00:00', 'data_source': 'EVOSHIP_HELP_FILES', 'chunk_id': '0fda72e2-604b-4f1a-8669-b5773fe755e7', 'chunk_index': 0, 'text_length': 570, 'start_char_idx': 0, 'end_char_idx': 570, 'triplet_source_id': '0fda72e2-604b-4f1a-8669-b5773fe755e7'}, 'name': 'Context menu', 'id': 'Context menu'}, {'label': 'entity', 'embedding': None, 'properties': {'document_id': 'C:\\Users\\akiro\\workfolder\\imabari3dcad\\evoship\\EVOSHIP_HELP_FILES\\about_annotation_styles_list_dialog.html', 'source_path': 'C:\\Users\\akiro\\workfolder\\imabari3dcad\\evoship\\EVOSHIP_HELP_FILES\\about_annotation_styles_list_dialog.html', 'section_id': '786c297220afb12a8df819d022353fa285b84116', 'title': '注記・寸法スタイル設定', 'section_heading': '注記・寸法スタイル設定', 'section_level': 2, 'section_index': 0, 'last_modified': '2025-07-08T01:02:52+00:00', 'extracted_at': '2025-11-04T07:53:17+00:00', 'data_source': 'EVOSHIP_HELP_FILES', 'chunk_id': '0fda72e2-604b-4f1a-8669-b5773fe755e7', 'chunk_index': 0, 'text_length': 570, 'start_char_idx': 0, 'end_char_idx': 570, 'triplet_source_id': '0fda72e2-604b-4f1a-8669-b5773fe755e7'}, 'name': 'Context menu', 'id': 'Context menu'}, {'label': 'entity', 'embedding': None, 'properties': {'document_id': 'C:\\Users\\akiro\\workfolder\\imabari3dcad\\evoship\\EVOSHIP_HELP_FILES\\about_annotation_styles_list_dialog.html', 'source_path': 'C:\\Users\\akiro\\workfolder\\imabari3dcad\\evoship\\EVOSHIP_HELP_FILES\\about_annotation_styles_list_dialog.html', 'section_id': '786c297220afb12a8df819d022353fa285b84116', 'title': '注記・寸法スタイル設定', 'section_heading': '注記・寸法スタイル設定', 'section_level': 2, 'section_index': 0, 'last_modified': '2025-07-08T01:02:52+00:00', 'extracted_at': '2025-11-04T07:53:17+00:00', 'data_source': 'EVOSHIP_HELP_FILES', 'chunk_id': '0fda72e2-604b-4f1a-8669-b5773fe755e7', 'chunk_index': 0, 'text_length': 570, 'start_char_idx': 0, 'end_char_idx': 570, 'triplet_source_id': '0fda72e2-604b-4f1a-8669-b5773fe755e7'}, 'name': 'Add style setting', 'id': 'Add style setting'}, {'label': 'entity', 'embedding': None, 'properties': {'document_id': 'C:\\Users\\akiro\\workfolder\\imabari3dcad\\evoship\\EVOSHIP_HELP_FILES\\about_annotation_styles_list_dialog.html', 'source_path': 'C:\\Users\\akiro\\workfolder\\imabari3dcad\\evoship\\EVOSHIP_HELP_FILES\\about_annotation_styles_list_dialog.html', 'section_id': '786c297220afb12a8df819d022353fa285b84116', 'title': '注記・寸法スタイル設定', 'section_heading': '注記・寸法スタイル設定', 'section_level': 2, 'section_index': 0, 'last_modified': '2025-07-08T01:02:52+00:00', 'extracted_at': '2025-11-04T07:53:17+00:00', 'data_source': 'EVOSHIP_HELP_FILES', 'chunk_id': '0fda72e2-604b-4f1a-8669-b5773fe755e7', 'chunk_index': 0, 'text_length': 570, 'start_char_idx': 0, 'end_char_idx': 570, 'triplet_source_id': '0fda72e2-604b-4f1a-8669-b5773fe755e7'}, 'name': 'Model styles addition', 'id': 'Model styles addition'}, {'label': 'entity', 'embedding': None, 'properties': {'document_id': 'C:\\Users\\akiro\\workfolder\\imabari3dcad\\evoship\\EVOSHIP_HELP_FILES\\about_annotation_styles_list_dialog.html', 'source_path': 'C:\\Users\\akiro\\workfolder\\imabari3dcad\\evoship\\EVOSHIP_HELP_FILES\\about_annotation_styles_list_dialog.html', 'section_id': '786c297220afb12a8df819d022353fa285b84116', 'title': '注記・寸法スタイル設定', 'section_heading': '注記・寸法スタイル設定', 'section_level': 2, 'section_index': 0, 'last_modified': '2025-07-08T01:02:52+00:00', 'extracted_at': '2025-11-04T07:53:17+00:00', 'data_source': 'EVOSHIP_HELP_FILES', 'chunk_id': '0fda72e2-604b-4f1a-8669-b5773fe755e7', 'chunk_index': 0, 'text_length': 570, 'start_char_idx': 0, 'end_char_idx': 570, 'triplet_source_id': '0fda72e2-604b-4f1a-8669-b5773fe755e7'}, 'name': 'All note styles in open model to style list', 'id': 'All note styles in open model to style list'}, {'label': 'entity', 'embedding': None, 'properties': {'document_id': 'C:\\Users\\akiro\\workfolder\\imabari3dcad\\evoship\\EVOSHIP_HELP_FILES\\about_annotation_styles_list_dialog.html', 'source_path': 'C:\\Users\\akiro\\workfolder\\imabari3dcad\\evoship\\EVOSHIP_HELP_FILES\\about_annotation_styles_list_dialog.html', 'section_id': '786c297220afb12a8df819d022353fa285b84116', 'title': '注記・寸法スタイル設定', 'section_heading': '注記・寸法スタイル設定', 'section_level': 2, 'section_index': 0, 'last_modified': '2025-07-08T01:02:52+00:00', 'extracted_at': '2025-11-04T07:53:17+00:00', 'data_source': 'EVOSHIP_HELP_FILES', 'chunk_id': '0fda72e2-604b-4f1a-8669-b5773fe755e7', 'chunk_index': 0, 'text_length': 570, 'start_char_idx': 0, 'end_char_idx': 570, 'triplet_source_id': '0fda72e2-604b-4f1a-8669-b5773fe755e7'}, 'name': 'Copy-style addition', 'id': 'Copy-style addition'}, {'label': 'entity', 'embedding': None, 'properties': {'document_id': 'C:\\Users\\akiro\\workfolder\\imabari3dcad\\evoship\\EVOSHIP_HELP_FILES\\about_annotation_styles_list_dialog.html', 'source_path': 'C:\\Users\\akiro\\workfolder\\imabari3dcad\\evoship\\EVOSHIP_HELP_FILES\\about_annotation_styles_list_dialog.html', 'section_id': '786c297220afb12a8df819d022353fa285b84116', 'title': '注記・寸法スタイル設定', 'section_heading': '注記・寸法スタイル設定', 'section_level': 2, 'section_index': 0, 'last_modified': '2025-07-08T01:02:52+00:00', 'extracted_at': '2025-11-04T07:53:17+00:00', 'data_source': 'EVOSHIP_HELP_FILES', 'chunk_id': '0fda72e2-604b-4f1a-8669-b5773fe755e7', 'chunk_index': 0, 'text_length': 570, 'start_char_idx': 0, 'end_char_idx': 570, 'triplet_source_id': '0fda72e2-604b-4f1a-8669-b5773fe755e7'}, 'name': 'New style from existing', 'id': 'New style from existing'}, {'label': 'HelpDocument', 'embedding': None, 'properties': {'document_id': 'C:\\Users\\akiro\\workfolder\\imabari3dcad\\evoship\\EVOSHIP_HELP_FILES\\about_annotation_styles_list_dialog.html', 'source_path': 'C:\\Users\\akiro\\workfolder\\imabari3dcad\\evoship\\EVOSHIP_HELP_FILES\\about_annotation_styles_list_dialog.html', 'title': '注記・寸法スタイル設定', 'headings': ['注記・寸法スタイル設定', '注記スタイルの管理', '注記スタイルの作成', '適用ずみスタイルの更新'], 'section_count': 4, 'last_modified': '2025-07-08T01:02:52+00:00', 'extracted_at': '2025-11-04T07:53:17+00:00', 'data_source': 'EVOSHIP_HELP_FILES', 'triplet_source_id': 'ee59ad76-80e3-4c8e-99dc-9dc9e6b4e5ff'}, 'name': 'C:\\Users\\akiro\\workfolder\\imabari3dcad\\evoship\\EVOSHIP_HELP_FILES\\about_annotation_styles_list_dialog.html', 'id': 'C:\\Users\\akiro\\workfolder\\imabari3dcad\\evoship\\EVOSHIP_HELP_FILES\\about_annotation_styles_list_dialog.html'}, {'label': 'HelpSection', 'embedding': None, 'properties': {'section_id': '786c297220afb12a8df819d022353fa285b84116', 'document_id': 'C:\\Users\\akiro\\workfolder\\imabari3dcad\\evoship\\EVOSHIP_HELP_FILES\\about_annotation_styles_list_dialog.html', 'source_path': 'C:\\Users\\akiro\\workfolder\\imabari3dcad\\evoship\\EVOSHIP_HELP_FILES\\about_annotation_styles_list_dialog.html', 'title': '注記・寸法スタイル設定', 'section_heading': '注記・寸法スタイル設定', 'section_level': 2, 'section_index': 0, 'last_modified': '2025-07-08T01:02:52+00:00', 'extracted_at': '2025-11-04T07:53:17+00:00', 'data_source': 'EVOSHIP_HELP_FILES', 'triplet_source_id': 'ee59ad76-80e3-4c8e-99dc-9dc9e6b4e5ff'}, 'name': '786c297220afb12a8df819d022353fa285b84116', 'id': '786c297220afb12a8df819d022353fa285b84116'}, {'label': 'entity', 'embedding': None, 'properties': {'document_id': 'C:\\Users\\akiro\\workfolder\\imabari3dcad\\evoship\\EVOSHIP_HELP_FILES\\about_annotation_styles_list_dialog.html', 'source_path': 'C:\\Users\\akiro\\workfolder\\imabari3dcad\\evoship\\EVOSHIP_HELP_FILES\\about_annotation_styles_list_dialog.html', 'section_id': '786c297220afb12a8df819d022353fa285b84116', 'title': '注記・寸法スタイル設定', 'section_heading': '注記・寸法スタイル設定', 'section_level': 2, 'section_index': 0, 'last_modified': '2025-07-08T01:02:52+00:00', 'extracted_at': '2025-11-04T07:53:17+00:00', 'data_source': 'EVOSHIP_HELP_FILES', 'chunk_id': 'ee59ad76-80e3-4c8e-99dc-9dc9e6b4e5ff', 'chunk_index': 1, 'text_length': 330, 'start_char_idx': 490, 'end_char_idx': 820, 'triplet_source_id': 'ee59ad76-80e3-4c8e-99dc-9dc9e6b4e5ff'}, 'name': '既存のスタイル', 'id': '既存のスタイル'}, {'label': 'entity', 'embedding': None, 'properties': {'document_id': 'C:\\Users\\akiro\\workfolder\\imabari3dcad\\evoship\\EVOSHIP_HELP_FILES\\about_annotation_styles_list_dialog.html', 'source_path': 'C:\\Users\\akiro\\workfolder\\imabari3dcad\\evoship\\EVOSHIP_HELP_FILES\\about_annotation_styles_list_dialog.html', 'section_id': '786c297220afb12a8df819d022353fa285b84116', 'title': '注記・寸法スタイル設定', 'section_heading': '注記・寸法スタイル設定', 'section_level': 2, 'section_index': 0, 'last_modified': '2025-07-08T01:02:52+00:00', 'extracted_at': '2025-11-04T07:53:17+00:00', 'data_source': 'EVOSHIP_HELP_FILES', 'chunk_id': 'ee59ad76-80e3-4c8e-99dc-9dc9e6b4e5ff', 'chunk_index': 1, 'text_length': 330, 'start_char_idx': 490, 'end_char_idx': 820, 'triplet_source_id': 'ee59ad76-80e3-4c8e-99dc-9dc9e6b4e5ff'}, 'name': '新しいスタイル', 'id': '新しいスタイル'}, {'label': 'entity', 'embedding': None, 'properties': {'document_id': 'C:\\Users\\akiro\\workfolder\\imabari3dcad\\evoship\\EVOSHIP_HELP_FILES\\about_annotation_styles_list_dialog.html', 'source_path': 'C:\\Users\\akiro\\workfolder\\imabari3dcad\\evoship\\EVOSHIP_HELP_FILES\\about_annotation_styles_list_dialog.html', 'section_id': '786c297220afb12a8df819d022353fa285b84116', 'title': '注記・寸法スタイル設定', 'section_heading': '注記・寸法スタイル設定', 'section_level': 2, 'section_index': 0, 'last_modified': '2025-07-08T01:02:52+00:00', 'extracted_at': '2025-11-04T07:53:17+00:00', 'data_source': 'EVOSHIP_HELP_FILES', 'chunk_id': 'ee59ad76-80e3-4c8e-99dc-9dc9e6b4e5ff', 'chunk_index': 1, 'text_length': 330, 'start_char_idx': 490, 'end_char_idx': 820, 'triplet_source_id': 'ee59ad76-80e3-4c8e-99dc-9dc9e6b4e5ff'}, 'name': 'スタイル', 'id': 'スタイル'}, {'label': 'entity', 'embedding': None, 'properties': {'document_id': 'C:\\Users\\akiro\\workfolder\\imabari3dcad\\evoship\\EVOSHIP_HELP_FILES\\about_annotation_styles_list_dialog.html', 'source_path': 'C:\\Users\\akiro\\workfolder\\imabari3dcad\\evoship\\EVOSHIP_HELP_FILES\\about_annotation_styles_list_dialog.html', 'section_id': '786c297220afb12a8df819d022353fa285b84116', 'title': '注記・寸法スタイル設定', 'section_heading': '注記・寸法スタイル設定', 'section_level': 2, 'section_index': 0, 'last_modified': '2025-07-08T01:02:52+00:00', 'extracted_at': '2025-11-04T07:53:17+00:00', 'data_source': 'EVOSHIP_HELP_FILES', 'chunk_id': 'ee59ad76-80e3-4c8e-99dc-9dc9e6b4e5ff', 'chunk_index': 1, 'text_length': 330, 'start_char_idx': 490, 'end_char_idx': 820, 'triplet_source_id': 'ee59ad76-80e3-4c8e-99dc-9dc9e6b4e5ff'}, 'name': 'コンテキストメニューを表示', 'id': 'コンテキストメニューを表示'}, {'label': 'entity', 'embedding': None, 'properties': {'document_id': 'C:\\Users\\akiro\\workfolder\\imabari3dcad\\evoship\\EVOSHIP_HELP_FILES\\about_annotation_styles_list_dialog.html', 'source_path': 'C:\\Users\\akiro\\workfolder\\imabari3dcad\\evoship\\EVOSHIP_HELP_FILES\\about_annotation_styles_list_dialog.html', 'section_id': '786c297220afb12a8df819d022353fa285b84116', 'title': '注記・寸法スタイル設定', 'section_heading': '注記・寸法スタイル設定', 'section_level': 2, 'section_index': 0, 'last_modified': '2025-07-08T01:02:52+00:00', 'extracted_at': '2025-11-04T07:53:17+00:00', 'data_source': 'EVOSHIP_HELP_FILES', 'chunk_id': 'ee59ad76-80e3-4c8e-99dc-9dc9e6b4e5ff', 'chunk_index': 1, 'text_length': 330, 'start_char_idx': 490, 'end_char_idx': 820, 'triplet_source_id': 'ee59ad76-80e3-4c8e-99dc-9dc9e6b4e5ff'}, 'name': 'スタイル設定（コピー）の追加', 'id': 'スタイル設定（コピー）の追加'}, {'label': 'entity', 'embedding': None, 'properties': {'document_id': 'C:\\Users\\akiro\\workfolder\\imabari3dcad\\evoship\\EVOSHIP_HELP_FILES\\about_annotation_styles_list_dialog.html', 'source_path': 'C:\\Users\\akiro\\workfolder\\imabari3dcad\\evoship\\EVOSHIP_HELP_FILES\\about_annotation_styles_list_dialog.html', 'section_id': '786c297220afb12a8df819d022353fa285b84116', 'title': '注記・寸法スタイル設定', 'section_heading': '注記・寸法スタイル設定', 'section_level': 2, 'section_index': 0, 'last_modified': '2025-07-08T01:02:52+00:00', 'extracted_at': '2025-11-04T07:53:17+00:00', 'data_source': 'EVOSHIP_HELP_FILES', 'chunk_id': 'ee59ad76-80e3-4c8e-99dc-9dc9e6b4e5ff', 'chunk_index': 1, 'text_length': 330, 'start_char_idx': 490, 'end_char_idx': 820, 'triplet_source_id': 'ee59ad76-80e3-4c8e-99dc-9dc9e6b4e5ff'}, 'name': '実行', 'id': '実行'}, {'label': 'entity', 'embedding': None, 'properties': {'document_id': 'C:\\Users\\akiro\\workfolder\\imabari3dcad\\evoship\\EVOSHIP_HELP_FILES\\about_annotation_styles_list_dialog.html', 'source_path': 'C:\\Users\\akiro\\workfolder\\imabari3dcad\\evoship\\EVOSHIP_HELP_FILES\\about_annotation_styles_list_dialog.html', 'section_id': '786c297220afb12a8df819d022353fa285b84116', 'title': '注記・寸法スタイル設定', 'section_heading': '注記・寸法スタイル設定', 'section_level': 2, 'section_index': 0, 'last_modified': '2025-07-08T01:02:52+00:00', 'extracted_at': '2025-11-04T07:53:17+00:00', 'data_source': 'EVOSHIP_HELP_FILES', 'chunk_id': 'ee59ad76-80e3-4c8e-99dc-9dc9e6b4e5ff', 'chunk_index': 1, 'text_length': 330, 'start_char_idx': 490, 'end_char_idx': 820, 'triplet_source_id': 'ee59ad76-80e3-4c8e-99dc-9dc9e6b4e5ff'}, 'name': 'モデルの更新ボタン', 'id': 'モデルの更新ボタン'}, {'label': 'entity', 'embedding': None, 'properties': {'document_id': 'C:\\Users\\akiro\\workfolder\\imabari3dcad\\evoship\\EVOSHIP_HELP_FILES\\about_annotation_styles_list_dialog.html', 'source_path': 'C:\\Users\\akiro\\workfolder\\imabari3dcad\\evoship\\EVOSHIP_HELP_FILES\\about_annotation_styles_list_dialog.html', 'section_id': '786c297220afb12a8df819d022353fa285b84116', 'title': '注記・寸法スタイル設定', 'section_heading': '注記・寸法スタイル設定', 'section_level': 2, 'section_index': 0, 'last_modified': '2025-07-08T01:02:52+00:00', 'extracted_at': '2025-11-04T07:53:17+00:00', 'data_source': 'EVOSHIP_HELP_FILES', 'chunk_id': 'ee59ad76-80e3-4c8e-99dc-9dc9e6b4e5ff', 'chunk_index': 1, 'text_length': 330, 'start_char_idx': 490, 'end_char_idx': 820, 'triplet_source_id': 'ee59ad76-80e3-4c8e-99dc-9dc9e6b4e5ff'}, 'name': '適用ずみスタイルを上書き', 'id': '適用ずみスタイルを上書き'}, {'label': 'entity', 'embedding': None, 'properties': {'document_id': 'C:\\Users\\akiro\\workfolder\\imabari3dcad\\evoship\\EVOSHIP_HELP_FILES\\about_annotation_styles_list_dialog.html', 'source_path': 'C:\\Users\\akiro\\workfolder\\imabari3dcad\\evoship\\EVOSHIP_HELP_FILES\\about_annotation_styles_list_dialog.html', 'section_id': '786c297220afb12a8df819d022353fa285b84116', 'title': '注記・寸法スタイル設定', 'section_heading': '注記・寸法スタイル設定', 'section_level': 2, 'section_index': 0, 'last_modified': '2025-07-08T01:02:52+00:00', 'extracted_at': '2025-11-04T07:53:17+00:00', 'data_source': 'EVOSHIP_HELP_FILES', 'chunk_id': 'ee59ad76-80e3-4c8e-99dc-9dc9e6b4e5ff', 'chunk_index': 1, 'text_length': 330, 'start_char_idx': 490, 'end_char_idx': 820, 'triplet_source_id': 'ee59ad76-80e3-4c8e-99dc-9dc9e6b4e5ff'}, 'name': '適用ずみスタイル', 'id': '適用ずみスタイル'}, {'label': 'entity', 'embedding': None, 'properties': {'document_id': 'C:\\Users\\akiro\\workfolder\\imabari3dcad\\evoship\\EVOSHIP_HELP_FILES\\about_annotation_styles_list_dialog.html', 'source_path': 'C:\\Users\\akiro\\workfolder\\imabari3dcad\\evoship\\EVOSHIP_HELP_FILES\\about_annotation_styles_list_dialog.html', 'section_id': '786c297220afb12a8df819d022353fa285b84116', 'title': '注記・寸法スタイル設定', 'section_heading': '注記・寸法スタイル設定', 'section_level': 2, 'section_index': 0, 'last_modified': '2025-07-08T01:02:52+00:00', 'extracted_at': '2025-11-04T07:53:17+00:00', 'data_source': 'EVOSHIP_HELP_FILES', 'chunk_id': 'ee59ad76-80e3-4c8e-99dc-9dc9e6b4e5ff', 'chunk_index': 1, 'text_length': 330, 'start_char_idx': 490, 'end_char_idx': 820, 'triplet_source_id': 'ee59ad76-80e3-4c8e-99dc-9dc9e6b4e5ff'}, 'name': 'システム設定のスタイル', 'id': 'システム設定のスタイル'}, {'label': 'entity', 'embedding': None, 'properties': {'document_id': 'C:\\Users\\akiro\\workfolder\\imabari3dcad\\evoship\\EVOSHIP_HELP_FILES\\about_annotation_styles_list_dialog.html', 'source_path': 'C:\\Users\\akiro\\workfolder\\imabari3dcad\\evoship\\EVOSHIP_HELP_FILES\\about_annotation_styles_list_dialog.html', 'section_id': '786c297220afb12a8df819d022353fa285b84116', 'title': '注記・寸法スタイル設定', 'section_heading': '注記・寸法スタイル設定', 'section_level': 2, 'section_index': 0, 'last_modified': '2025-07-08T01:02:52+00:00', 'extracted_at': '2025-11-04T07:53:17+00:00', 'data_source': 'EVOSHIP_HELP_FILES', 'chunk_id': 'ee59ad76-80e3-4c8e-99dc-9dc9e6b4e5ff', 'chunk_index': 1, 'text_length': 330, 'start_char_idx': 490, 'end_char_idx': 820, 'triplet_source_id': 'ee59ad76-80e3-4c8e-99dc-9dc9e6b4e5ff'}, 'name': 'スタイル一覧', 'id': 'スタイル一覧'}, {'label': 'entity', 'embedding': None, 'properties': {'document_id': 'C:\\Users\\akiro\\workfolder\\imabari3dcad\\evoship\\EVOSHIP_HELP_FILES\\about_annotation_styles_list_dialog.html', 'source_path': 'C:\\Users\\akiro\\workfolder\\imabari3dcad\\evoship\\EVOSHIP_HELP_FILES\\about_annotation_styles_list_dialog.html', 'section_id': '786c297220afb12a8df819d022353fa285b84116', 'title': '注記・寸法スタイル設定', 'section_heading': '注記・寸法スタイル設定', 'section_level': 2, 'section_index': 0, 'last_modified': '2025-07-08T01:02:52+00:00', 'extracted_at': '2025-11-04T07:53:17+00:00', 'data_source': 'EVOSHIP_HELP_FILES', 'chunk_id': 'ee59ad76-80e3-4c8e-99dc-9dc9e6b4e5ff', 'chunk_index': 1, 'text_length': 330, 'start_char_idx': 490, 'end_char_idx': 820, 'triplet_source_id': 'ee59ad76-80e3-4c8e-99dc-9dc9e6b4e5ff'}, 'name': '同名スタイル', 'id': '同名スタイル'}, {'label': 'entity', 'embedding': None, 'properties': {'document_id': 'C:\\Users\\akiro\\workfolder\\imabari3dcad\\evoship\\EVOSHIP_HELP_FILES\\about_annotation_styles_list_dialog.html', 'source_path': 'C:\\Users\\akiro\\workfolder\\imabari3dcad\\evoship\\EVOSHIP_HELP_FILES\\about_annotation_styles_list_dialog.html', 'section_id': '786c297220afb12a8df819d022353fa285b84116', 'title': '注記・寸法スタイル設定', 'section_heading': '注記・寸法スタイル設定', 'section_level': 2, 'section_index': 0, 'last_modified': '2025-07-08T01:02:52+00:00', 'extracted_at': '2025-11-04T07:53:17+00:00', 'data_source': 'EVOSHIP_HELP_FILES', 'chunk_id': 'ee59ad76-80e3-4c8e-99dc-9dc9e6b4e5ff', 'chunk_index': 1, 'text_length': 330, 'start_char_idx': 490, 'end_char_idx': 820, 'triplet_source_id': 'ee59ad76-80e3-4c8e-99dc-9dc9e6b4e5ff'}, 'name': '同名スタイル', 'id': '同名スタイル'}, {'label': 'entity', 'embedding': None, 'properties': {'document_id': 'C:\\Users\\akiro\\workfolder\\imabari3dcad\\evoship\\EVOSHIP_HELP_FILES\\about_annotation_styles_list_dialog.html', 'source_path': 'C:\\Users\\akiro\\workfolder\\imabari3dcad\\evoship\\EVOSHIP_HELP_FILES\\about_annotation_styles_list_dialog.html', 'section_id': '786c297220afb12a8df819d022353fa285b84116', 'title': '注記・寸法スタイル設定', 'section_heading': '注記・寸法スタイル設定', 'section_level': 2, 'section_index': 0, 'last_modified': '2025-07-08T01:02:52+00:00', 'extracted_at': '2025-11-04T07:53:17+00:00', 'data_source': 'EVOSHIP_HELP_FILES', 'chunk_id': 'ee59ad76-80e3-4c8e-99dc-9dc9e6b4e5ff', 'chunk_index': 1, 'text_length': 330, 'start_char_idx': 490, 'end_char_idx': 820, 'triplet_source_id': 'ee59ad76-80e3-4c8e-99dc-9dc9e6b4e5ff'}, 'name': 'ひとつだけ', 'id': 'ひとつだけ'}, {'label': 'entity', 'embedding': None, 'properties': {'document_id': 'C:\\Users\\akiro\\workfolder\\imabari3dcad\\evoship\\EVOSHIP_HELP_FILES\\about_annotation_styles_list_dialog.html', 'source_path': 'C:\\Users\\akiro\\workfolder\\imabari3dcad\\evoship\\EVOSHIP_HELP_FILES\\about_annotation_styles_list_dialog.html', 'section_id': '786c297220afb12a8df819d022353fa285b84116', 'title': '注記・寸法スタイル設定', 'section_heading': '注記・寸法スタイル設定', 'section_level': 2, 'section_index': 0, 'last_modified': '2025-07-08T01:02:52+00:00', 'extracted_at': '2025-11-04T07:53:17+00:00', 'data_source': 'EVOSHIP_HELP_FILES', 'chunk_id': 'ee59ad76-80e3-4c8e-99dc-9dc9e6b4e5ff', 'chunk_index': 1, 'text_length': 330, 'start_char_idx': 490, 'end_char_idx': 820, 'triplet_source_id': 'ee59ad76-80e3-4c8e-99dc-9dc9e6b4e5ff'}, 'name': '残りスタイル', 'id': '残りスタイル'}, {'label': 'entity', 'embedding': None, 'properties': {'document_id': 'C:\\Users\\akiro\\workfolder\\imabari3dcad\\evoship\\EVOSHIP_HELP_FILES\\about_annotation_styles_list_dialog.html', 'source_path': 'C:\\Users\\akiro\\workfolder\\imabari3dcad\\evoship\\EVOSHIP_HELP_FILES\\about_annotation_styles_list_dialog.html', 'section_id': '786c297220afb12a8df819d022353fa285b84116', 'title': '注記・寸法スタイル設定', 'section_heading': '注記・寸法スタイル設定', 'section_level': 2, 'section_index': 0, 'last_modified': '2025-07-08T01:02:52+00:00', 'extracted_at': '2025-11-04T07:53:17+00:00', 'data_source': 'EVOSHIP_HELP_FILES', 'chunk_id': 'ee59ad76-80e3-4c8e-99dc-9dc9e6b4e5ff', 'chunk_index': 1, 'text_length': 330, 'start_char_idx': 490, 'end_char_idx': 820, 'triplet_source_id': 'ee59ad76-80e3-4c8e-99dc-9dc9e6b4e5ff'}, 'name': '同名スタイル', 'id': '同名スタイル'}, {'label': 'entity', 'embedding': None, 'properties': {'document_id': 'C:\\Users\\akiro\\workfolder\\imabari3dcad\\evoship\\EVOSHIP_HELP_FILES\\about_annotation_styles_list_dialog.html', 'source_path': 'C:\\Users\\akiro\\workfolder\\imabari3dcad\\evoship\\EVOSHIP_HELP_FILES\\about_annotation_styles_list_dialog.html', 'section_id': '786c297220afb12a8df819d022353fa285b84116', 'title': '注記・寸法スタイル設定', 'section_heading': '注記・寸法スタイル設定', 'section_level': 2, 'section_index': 0, 'last_modified': '2025-07-08T01:02:52+00:00', 'extracted_at': '2025-11-04T07:53:17+00:00', 'data_source': 'EVOSHIP_HELP_FILES', 'chunk_id': 'ee59ad76-80e3-4c8e-99dc-9dc9e6b4e5ff', 'chunk_index': 1, 'text_length': 330, 'start_char_idx': 490, 'end_char_idx': 820, 'triplet_source_id': 'ee59ad76-80e3-4c8e-99dc-9dc9e6b4e5ff'}, 'name': '同名のスタイルを作る', 'id': '同名のスタイルを作る'}, {'label': 'entity', 'embedding': None, 'properties': {'document_id': 'C:\\Users\\akiro\\workfolder\\imabari3dcad\\evoship\\EVOSHIP_HELP_FILES\\about_annotation_styles_list_dialog.html', 'source_path': 'C:\\Users\\akiro\\workfolder\\imabari3dcad\\evoship\\EVOSHIP_HELP_FILES\\about_annotation_styles_list_dialog.html', 'section_id': '786c297220afb12a8df819d022353fa285b84116', 'title': '注記・寸法スタイル設定', 'section_heading': '注記・寸法スタイル設定', 'section_level': 2, 'section_index': 0, 'last_modified': '2025-07-08T01:02:52+00:00', 'extracted_at': '2025-11-04T07:53:17+00:00', 'data_source': 'EVOSHIP_HELP_FILES', 'chunk_id': 'ee59ad76-80e3-4c8e-99dc-9dc9e6b4e5ff', 'chunk_index': 1, 'text_length': 330, 'start_char_idx': 490, 'end_char_idx': 820, 'triplet_source_id': 'ee59ad76-80e3-4c8e-99dc-9dc9e6b4e5ff'}, 'name': '推奨', 'id': '推奨'}, {'label': 'HelpDocument', 'embedding': None, 'properties': {'document_id': 'C:\\Users\\akiro\\workfolder\\imabari3dcad\\evoship\\EVOSHIP_HELP_FILES\\about_annotation_styles_list_dialog.html', 'source_path': 'C:\\Users\\akiro\\workfolder\\imabari3dcad\\evoship\\EVOSHIP_HELP_FILES\\about_annotation_styles_list_dialog.html', 'title': '注記・寸法スタイル設定', 'headings': ['注記・寸法スタイル設定', '注記スタイルの管理', '注記スタイルの作成', '適用ずみスタイルの更新'], 'section_count': 4, 'last_modified': '2025-07-08T01:02:52+00:00', 'extracted_at': '2025-11-04T07:53:17+00:00', 'data_source': 'EVOSHIP_HELP_FILES', 'triplet_source_id': '1f1c1a29-9a6c-4c2a-8a0d-ab58a2fc546c'}, 'name': 'C:\\Users\\akiro\\workfolder\\imabari3dcad\\evoship\\EVOSHIP_HELP_FILES\\about_annotation_styles_list_dialog.html', 'id': 'C:\\Users\\akiro\\workfolder\\imabari3dcad\\evoship\\EVOSHIP_HELP_FILES\\about_annotation_styles_list_dialog.html'}, {'label': 'HelpSection', 'embedding': None, 'properties': {'section_id': '479fc241bbf40f983b5b190f3f96c13829c67842', 'document_id': 'C:\\Users\\akiro\\workfolder\\imabari3dcad\\evoship\\EVOSHIP_HELP_FILES\\about_annotation_styles_list_dialog.html', 'source_path': 'C:\\Users\\akiro\\workfolder\\imabari3dcad\\evoship\\EVOSHIP_HELP_FILES\\about_annotation_styles_list_dialog.html', 'title': '注記・寸法スタイル設定', 'section_heading': '注記スタイルの管理', 'section_level': 3, 'section_index': 1, 'last_modified': '2025-07-08T01:02:52+00:00', 'extracted_at': '2025-11-04T07:53:17+00:00', 'data_source': 'EVOSHIP_HELP_FILES', 'triplet_source_id': '1f1c1a29-9a6c-4c2a-8a0d-ab58a2fc546c'}, 'name': '479fc241bbf40f983b5b190f3f96c13829c67842', 'id': '479fc241bbf40f983b5b190f3f96c13829c67842'}, {'label': 'entity', 'embedding': None, 'properties': {'document_id': 'C:\\Users\\akiro\\workfolder\\imabari3dcad\\evoship\\EVOSHIP_HELP_FILES\\about_annotation_styles_list_dialog.html', 'source_path': 'C:\\Users\\akiro\\workfolder\\imabari3dcad\\evoship\\EVOSHIP_HELP_FILES\\about_annotation_styles_list_dialog.html', 'section_id': '479fc241bbf40f983b5b190f3f96c13829c67842', 'title': '注記・寸法スタイル設定', 'section_heading': '注記スタイルの管理', 'section_level': 3, 'section_index': 1, 'last_modified': '2025-07-08T01:02:52+00:00', 'extracted_at': '2025-11-04T07:53:17+00:00', 'data_source': 'EVOSHIP_HELP_FILES', 'chunk_id': '1f1c1a29-9a6c-4c2a-8a0d-ab58a2fc546c', 'chunk_index': 0, 'text_length': 191, 'start_char_idx': 0, 'end_char_idx': 191, 'triplet_source_id': '1f1c1a29-9a6c-4c2a-8a0d-ab58a2fc546c'}, 'name': '注記スタイル', 'id': '注記スタイル'}, {'label': 'entity', 'embedding': None, 'properties': {'document_id': 'C:\\Users\\akiro\\workfolder\\imabari3dcad\\evoship\\EVOSHIP_HELP_FILES\\about_annotation_styles_list_dialog.html', 'source_path': 'C:\\Users\\akiro\\workfolder\\imabari3dcad\\evoship\\EVOSHIP_HELP_FILES\\about_annotation_styles_list_dialog.html', 'section_id': '479fc241bbf40f983b5b190f3f96c13829c67842', 'title': '注記・寸法スタイル設定', 'section_heading': '注記スタイルの管理', 'section_level': 3, 'section_index': 1, 'last_modified': '2025-07-08T01:02:52+00:00', 'extracted_at': '2025-11-04T07:53:17+00:00', 'data_source': 'EVOSHIP_HELP_FILES', 'chunk_id': '1f1c1a29-9a6c-4c2a-8a0d-ab58a2fc546c', 'chunk_index': 0, 'text_length': 191, 'start_char_idx': 0, 'end_char_idx': 191, 'triplet_source_id': '1f1c1a29-9a6c-4c2a-8a0d-ab58a2fc546c'}, 'name': 'システム設定', 'id': 'システム設定'}, {'label': 'entity', 'embedding': None, 'properties': {'document_id': 'C:\\Users\\akiro\\workfolder\\imabari3dcad\\evoship\\EVOSHIP_HELP_FILES\\about_annotation_styles_list_dialog.html', 'source_path': 'C:\\Users\\akiro\\workfolder\\imabari3dcad\\evoship\\EVOSHIP_HELP_FILES\\about_annotation_styles_list_dialog.html', 'section_id': '479fc241bbf40f983b5b190f3f96c13829c67842', 'title': '注記・寸法スタイル設定', 'section_heading': '注記スタイルの管理', 'section_level': 3, 'section_index': 1, 'last_modified': '2025-07-08T01:02:52+00:00', 'extracted_at': '2025-11-04T07:53:17+00:00', 'data_source': 'EVOSHIP_HELP_FILES', 'chunk_id': '1f1c1a29-9a6c-4c2a-8a0d-ab58a2fc546c', 'chunk_index': 0, 'text_length': 191, 'start_char_idx': 0, 'end_char_idx': 191, 'triplet_source_id': '1f1c1a29-9a6c-4c2a-8a0d-ab58a2fc546c'}, 'name': '注記スタイル', 'id': '注記スタイル'}, {'label': 'entity', 'embedding': None, 'properties': {'document_id': 'C:\\Users\\akiro\\workfolder\\imabari3dcad\\evoship\\EVOSHIP_HELP_FILES\\about_annotation_styles_list_dialog.html', 'source_path': 'C:\\Users\\akiro\\workfolder\\imabari3dcad\\evoship\\EVOSHIP_HELP_FILES\\about_annotation_styles_list_dialog.html', 'section_id': '479fc241bbf40f983b5b190f3f96c13829c67842', 'title': '注記・寸法スタイル設定', 'section_heading': '注記スタイルの管理', 'section_level': 3, 'section_index': 1, 'last_modified': '2025-07-08T01:02:52+00:00', 'extracted_at': '2025-11-04T07:53:17+00:00', 'data_source': 'EVOSHIP_HELP_FILES', 'chunk_id': '1f1c1a29-9a6c-4c2a-8a0d-ab58a2fc546c', 'chunk_index': 0, 'text_length': 191, 'start_char_idx': 0, 'end_char_idx': 191, 'triplet_source_id': '1f1c1a29-9a6c-4c2a-8a0d-ab58a2fc546c'}, 'name': 'スケッチ', 'id': 'スケッチ'}, {'label': 'entity', 'embedding': None, 'properties': {'document_id': 'C:\\Users\\akiro\\workfolder\\imabari3dcad\\evoship\\EVOSHIP_HELP_FILES\\about_annotation_styles_list_dialog.html', 'source_path': 'C:\\Users\\akiro\\workfolder\\imabari3dcad\\evoship\\EVOSHIP_HELP_FILES\\about_annotation_styles_list_dialog.html', 'section_id': '479fc241bbf40f983b5b190f3f96c13829c67842', 'title': '注記・寸法スタイル設定', 'section_heading': '注記スタイルの管理', 'section_level': 3, 'section_index': 1, 'last_modified': '2025-07-08T01:02:52+00:00', 'extracted_at': '2025-11-04T07:53:17+00:00', 'data_source': 'EVOSHIP_HELP_FILES', 'chunk_id': '1f1c1a29-9a6c-4c2a-8a0d-ab58a2fc546c', 'chunk_index': 0, 'text_length': 191, 'start_char_idx': 0, 'end_char_idx': 191, 'triplet_source_id': '1f1c1a29-9a6c-4c2a-8a0d-ab58a2fc546c'}, 'name': '注記スタイル', 'id': '注記スタイル'}, {'label': 'entity', 'embedding': None, 'properties': {'document_id': 'C:\\Users\\akiro\\workfolder\\imabari3dcad\\evoship\\EVOSHIP_HELP_FILES\\about_annotation_styles_list_dialog.html', 'source_path': 'C:\\Users\\akiro\\workfolder\\imabari3dcad\\evoship\\EVOSHIP_HELP_FILES\\about_annotation_styles_list_dialog.html', 'section_id': '479fc241bbf40f983b5b190f3f96c13829c67842', 'title': '注記・寸法スタイル設定', 'section_heading': '注記スタイルの管理', 'section_level': 3, 'section_index': 1, 'last_modified': '2025-07-08T01:02:52+00:00', 'extracted_at': '2025-11-04T07:53:17+00:00', 'data_source': 'EVOSHIP_HELP_FILES', 'chunk_id': '1f1c1a29-9a6c-4c2a-8a0d-ab58a2fc546c', 'chunk_index': 0, 'text_length': 191, 'start_char_idx': 0, 'end_char_idx': 191, 'triplet_source_id': '1f1c1a29-9a6c-4c2a-8a0d-ab58a2fc546c'}, 'name': '図面', 'id': '図面'}, {'label': 'entity', 'embedding': None, 'properties': {'document_id': 'C:\\Users\\akiro\\workfolder\\imabari3dcad\\evoship\\EVOSHIP_HELP_FILES\\about_annotation_styles_list_dialog.html', 'source_path': 'C:\\Users\\akiro\\workfolder\\imabari3dcad\\evoship\\EVOSHIP_HELP_FILES\\about_annotation_styles_list_dialog.html', 'section_id': '479fc241bbf40f983b5b190f3f96c13829c67842', 'title': '注記・寸法スタイル設定', 'section_heading': '注記スタイルの管理', 'section_level': 3, 'section_index': 1, 'last_modified': '2025-07-08T01:02:52+00:00', 'extracted_at': '2025-11-04T07:53:17+00:00', 'data_source': 'EVOSHIP_HELP_FILES', 'chunk_id': '1f1c1a29-9a6c-4c2a-8a0d-ab58a2fc546c', 'chunk_index': 0, 'text_length': 191, 'start_char_idx': 0, 'end_char_idx': 191, 'triplet_source_id': '1f1c1a29-9a6c-4c2a-8a0d-ab58a2fc546c'}, 'name': 'スケッチ', 'id': 'スケッチ'}, {'label': 'entity', 'embedding': None, 'properties': {'document_id': 'C:\\Users\\akiro\\workfolder\\imabari3dcad\\evoship\\EVOSHIP_HELP_FILES\\about_annotation_styles_list_dialog.html', 'source_path': 'C:\\Users\\akiro\\workfolder\\imabari3dcad\\evoship\\EVOSHIP_HELP_FILES\\about_annotation_styles_list_dialog.html', 'section_id': '479fc241bbf40f983b5b190f3f96c13829c67842', 'title': '注記・寸法スタイル設定', 'section_heading': '注記スタイルの管理', 'section_level': 3, 'section_index': 1, 'last_modified': '2025-07-08T01:02:52+00:00', 'extracted_at': '2025-11-04T07:53:17+00:00', 'data_source': 'EVOSHIP_HELP_FILES', 'chunk_id': '1f1c1a29-9a6c-4c2a-8a0d-ab58a2fc546c', 'chunk_index': 0, 'text_length': 191, 'start_char_idx': 0, 'end_char_idx': 191, 'triplet_source_id': '1f1c1a29-9a6c-4c2a-8a0d-ab58a2fc546c'}, 'name': '注記スタイルのコピー', 'id': '注記スタイルのコピー'}, {'label': 'entity', 'embedding': None, 'properties': {'document_id': 'C:\\Users\\akiro\\workfolder\\imabari3dcad\\evoship\\EVOSHIP_HELP_FILES\\about_annotation_styles_list_dialog.html', 'source_path': 'C:\\Users\\akiro\\workfolder\\imabari3dcad\\evoship\\EVOSHIP_HELP_FILES\\about_annotation_styles_list_dialog.html', 'section_id': '479fc241bbf40f983b5b190f3f96c13829c67842', 'title': '注記・寸法スタイル設定', 'section_heading': '注記スタイルの管理', 'section_level': 3, 'section_index': 1, 'last_modified': '2025-07-08T01:02:52+00:00', 'extracted_at': '2025-11-04T07:53:17+00:00', 'data_source': 'EVOSHIP_HELP_FILES', 'chunk_id': '1f1c1a29-9a6c-4c2a-8a0d-ab58a2fc546c', 'chunk_index': 0, 'text_length': 191, 'start_char_idx': 0, 'end_char_idx': 191, 'triplet_source_id': '1f1c1a29-9a6c-4c2a-8a0d-ab58a2fc546c'}, 'name': '図面', 'id': '図面'}, {'label': 'entity', 'embedding': None, 'properties': {'document_id': 'C:\\Users\\akiro\\workfolder\\imabari3dcad\\evoship\\EVOSHIP_HELP_FILES\\about_annotation_styles_list_dialog.html', 'source_path': 'C:\\Users\\akiro\\workfolder\\imabari3dcad\\evoship\\EVOSHIP_HELP_FILES\\about_annotation_styles_list_dialog.html', 'section_id': '479fc241bbf40f983b5b190f3f96c13829c67842', 'title': '注記・寸法スタイル設定', 'section_heading': '注記スタイルの管理', 'section_level': 3, 'section_index': 1, 'last_modified': '2025-07-08T01:02:52+00:00', 'extracted_at': '2025-11-04T07:53:17+00:00', 'data_source': 'EVOSHIP_HELP_FILES', 'chunk_id': '1f1c1a29-9a6c-4c2a-8a0d-ab58a2fc546c', 'chunk_index': 0, 'text_length': 191, 'start_char_idx': 0, 'end_char_idx': 191, 'triplet_source_id': '1f1c1a29-9a6c-4c2a-8a0d-ab58a2fc546c'}, 'name': '注記スタイルのコピー', 'id': '注記スタイルのコピー'}, {'label': 'entity', 'embedding': None, 'properties': {'document_id': 'C:\\Users\\akiro\\workfolder\\imabari3dcad\\evoship\\EVOSHIP_HELP_FILES\\about_annotation_styles_list_dialog.html', 'source_path': 'C:\\Users\\akiro\\workfolder\\imabari3dcad\\evoship\\EVOSHIP_HELP_FILES\\about_annotation_styles_list_dialog.html', 'section_id': '479fc241bbf40f983b5b190f3f96c13829c67842', 'title': '注記・寸法スタイル設定', 'section_heading': '注記スタイルの管理', 'section_level': 3, 'section_index': 1, 'last_modified': '2025-07-08T01:02:52+00:00', 'extracted_at': '2025-11-04T07:53:17+00:00', 'data_source': 'EVOSHIP_HELP_FILES', 'chunk_id': '1f1c1a29-9a6c-4c2a-8a0d-ab58a2fc546c', 'chunk_index': 0, 'text_length': 191, 'start_char_idx': 0, 'end_char_idx': 191, 'triplet_source_id': '1f1c1a29-9a6c-4c2a-8a0d-ab58a2fc546c'}, 'name': '注記・寸法スタイル設定ウィンドウ', 'id': '注記・寸法スタイル設定ウィンドウ'}, {'label': 'entity', 'embedding': None, 'properties': {'document_id': 'C:\\Users\\akiro\\workfolder\\imabari3dcad\\evoship\\EVOSHIP_HELP_FILES\\about_annotation_styles_list_dialog.html', 'source_path': 'C:\\Users\\akiro\\workfolder\\imabari3dcad\\evoship\\EVOSHIP_HELP_FILES\\about_annotation_styles_list_dialog.html', 'section_id': '479fc241bbf40f983b5b190f3f96c13829c67842', 'title': '注記・寸法スタイル設定', 'section_heading': '注記スタイルの管理', 'section_level': 3, 'section_index': 1, 'last_modified': '2025-07-08T01:02:52+00:00', 'extracted_at': '2025-11-04T07:53:17+00:00', 'data_source': 'EVOSHIP_HELP_FILES', 'chunk_id': '1f1c1a29-9a6c-4c2a-8a0d-ab58a2fc546c', 'chunk_index': 0, 'text_length': 191, 'start_char_idx': 0, 'end_char_idx': 191, 'triplet_source_id': '1f1c1a29-9a6c-4c2a-8a0d-ab58a2fc546c'}, 'name': '注記スタイル', 'id': '注記スタイル'}, {'label': 'HelpDocument', 'embedding': None, 'properties': {'document_id': 'C:\\Users\\akiro\\workfolder\\imabari3dcad\\evoship\\EVOSHIP_HELP_FILES\\about_annotation_styles_list_dialog.html', 'source_path': 'C:\\Users\\akiro\\workfolder\\imabari3dcad\\evoship\\EVOSHIP_HELP_FILES\\about_annotation_styles_list_dialog.html', 'title': '注記・寸法スタイル設定', 'headings': ['注記・寸法スタイル設定', '注記スタイルの管理', '注記スタイルの作成', '適用ずみスタイルの更新'], 'section_count': 4, 'last_modified': '2025-07-08T01:02:52+00:00', 'extracted_at': '2025-11-04T07:53:17+00:00', 'data_source': 'EVOSHIP_HELP_FILES', 'triplet_source_id': 'b0ce3c93-3a19-4b78-aed8-08c5044d3120'}, 'name': 'C:\\Users\\akiro\\workfolder\\imabari3dcad\\evoship\\EVOSHIP_HELP_FILES\\about_annotation_styles_list_dialog.html', 'id': 'C:\\Users\\akiro\\workfolder\\imabari3dcad\\evoship\\EVOSHIP_HELP_FILES\\about_annotation_styles_list_dialog.html'}, {'label': 'HelpSection', 'embedding': None, 'properties': {'section_id': '948fca157e8e5cee99d571163057daa7a31b2157', 'document_id': 'C:\\Users\\akiro\\workfolder\\imabari3dcad\\evoship\\EVOSHIP_HELP_FILES\\about_annotation_styles_list_dialog.html', 'source_path': 'C:\\Users\\akiro\\workfolder\\imabari3dcad\\evoship\\EVOSHIP_HELP_FILES\\about_annotation_styles_list_dialog.html', 'title': '注記・寸法スタイル設定', 'section_heading': '注記スタイルの作成', 'section_level': 3, 'section_index': 2, 'last_modified': '2025-07-08T01:02:52+00:00', 'extracted_at': '2025-11-04T07:53:17+00:00', 'data_source': 'EVOSHIP_HELP_FILES', 'triplet_source_id': 'b0ce3c93-3a19-4b78-aed8-08c5044d3120'}, 'name': '948fca157e8e5cee99d571163057daa7a31b2157', 'id': '948fca157e8e5cee99d571163057daa7a31b2157'}, {'label': 'entity', 'embedding': None, 'properties': {'document_id': 'C:\\Users\\akiro\\workfolder\\imabari3dcad\\evoship\\EVOSHIP_HELP_FILES\\about_annotation_styles_list_dialog.html', 'source_path': 'C:\\Users\\akiro\\workfolder\\imabari3dcad\\evoship\\EVOSHIP_HELP_FILES\\about_annotation_styles_list_dialog.html', 'section_id': '948fca157e8e5cee99d571163057daa7a31b2157', 'title': '注記・寸法スタイル設定', 'section_heading': '注記スタイルの作成', 'section_level': 3, 'section_index': 2, 'last_modified': '2025-07-08T01:02:52+00:00', 'extracted_at': '2025-11-04T07:53:17+00:00', 'data_source': 'EVOSHIP_HELP_FILES', 'chunk_id': 'b0ce3c93-3a19-4b78-aed8-08c5044d3120', 'chunk_index': 0, 'text_length': 223, 'start_char_idx': 0, 'end_char_idx': 223, 'triplet_source_id': 'b0ce3c93-3a19-4b78-aed8-08c5044d3120'}, 'name': 'スタイル設定の追加', 'id': 'スタイル設定の追加'}, {'label': 'entity', 'embedding': None, 'properties': {'document_id': 'C:\\Users\\akiro\\workfolder\\imabari3dcad\\evoship\\EVOSHIP_HELP_FILES\\about_annotation_styles_list_dialog.html', 'source_path': 'C:\\Users\\akiro\\workfolder\\imabari3dcad\\evoship\\EVOSHIP_HELP_FILES\\about_annotation_styles_list_dialog.html', 'section_id': '948fca157e8e5cee99d571163057daa7a31b2157', 'title': '注記・寸法スタイル設定', 'section_heading': '注記スタイルの作成', 'section_level': 3, 'section_index': 2, 'last_modified': '2025-07-08T01:02:52+00:00', 'extracted_at': '2025-11-04T07:53:17+00:00', 'data_source': 'EVOSHIP_HELP_FILES', 'chunk_id': 'b0ce3c93-3a19-4b78-aed8-08c5044d3120', 'chunk_index': 0, 'text_length': 223, 'start_char_idx': 0, 'end_char_idx': 223, 'triplet_source_id': 'b0ce3c93-3a19-4b78-aed8-08c5044d3120'}, 'name': '注記スタイルがスタイル一覧に追加される', 'id': '注記スタイルがスタイル一覧に追加される'}, {'label': 'entity', 'embedding': None, 'properties': {'document_id': 'C:\\Users\\akiro\\workfolder\\imabari3dcad\\evoship\\EVOSHIP_HELP_FILES\\about_annotation_styles_list_dialog.html', 'source_path': 'C:\\Users\\akiro\\workfolder\\imabari3dcad\\evoship\\EVOSHIP_HELP_FILES\\about_annotation_styles_list_dialog.html', 'section_id': '948fca157e8e5cee99d571163057daa7a31b2157', 'title': '注記・寸法スタイル設定', 'section_heading': '注記スタイルの作成', 'section_level': 3, 'section_index': 2, 'last_modified': '2025-07-08T01:02:52+00:00', 'extracted_at': '2025-11-04T07:53:17+00:00', 'data_source': 'EVOSHIP_HELP_FILES', 'chunk_id': 'b0ce3c93-3a19-4b78-aed8-08c5044d3120', 'chunk_index': 0, 'text_length': 223, 'start_char_idx': 0, 'end_char_idx': 223, 'triplet_source_id': 'b0ce3c93-3a19-4b78-aed8-08c5044d3120'}, 'name': '現在開いているモデル内のスケッチや図面', 'id': '現在開いているモデル内のスケッチや図面'}, {'label': 'entity', 'embedding': None, 'properties': {'document_id': 'C:\\Users\\akiro\\workfolder\\imabari3dcad\\evoship\\EVOSHIP_HELP_FILES\\about_annotation_styles_list_dialog.html', 'source_path': 'C:\\Users\\akiro\\workfolder\\imabari3dcad\\evoship\\EVOSHIP_HELP_FILES\\about_annotation_styles_list_dialog.html', 'section_id': '948fca157e8e5cee99d571163057daa7a31b2157', 'title': '注記・寸法スタイル設定', 'section_heading': '注記スタイルの作成', 'section_level': 3, 'section_index': 2, 'last_modified': '2025-07-08T01:02:52+00:00', 'extracted_at': '2025-11-04T07:53:17+00:00', 'data_source': 'EVOSHIP_HELP_FILES', 'chunk_id': 'b0ce3c93-3a19-4b78-aed8-08c5044d3120', 'chunk_index': 0, 'text_length': 223, 'start_char_idx': 0, 'end_char_idx': 223, 'triplet_source_id': 'b0ce3c93-3a19-4b78-aed8-08c5044d3120'}, 'name': 'スタイル一覧に追加される', 'id': 'スタイル一覧に追加される'}, {'label': 'entity', 'embedding': None, 'properties': {'document_id': 'C:\\Users\\akiro\\workfolder\\imabari3dcad\\evoship\\EVOSHIP_HELP_FILES\\about_annotation_styles_list_dialog.html', 'source_path': 'C:\\Users\\akiro\\workfolder\\imabari3dcad\\evoship\\EVOSHIP_HELP_FILES\\about_annotation_styles_list_dialog.html', 'section_id': '948fca157e8e5cee99d571163057daa7a31b2157', 'title': '注記・寸法スタイル設定', 'section_heading': '注記スタイルの作成', 'section_level': 3, 'section_index': 2, 'last_modified': '2025-07-08T01:02:52+00:00', 'extracted_at': '2025-11-04T07:53:17+00:00', 'data_source': 'EVOSHIP_HELP_FILES', 'chunk_id': 'b0ce3c93-3a19-4b78-aed8-08c5044d3120', 'chunk_index': 0, 'text_length': 223, 'start_char_idx': 0, 'end_char_idx': 223, 'triplet_source_id': 'b0ce3c93-3a19-4b78-aed8-08c5044d3120'}, 'name': 'スタイル設定（コピー）の追加', 'id': 'スタイル設定（コピー）の追加'}, {'label': 'entity', 'embedding': None, 'properties': {'document_id': 'C:\\Users\\akiro\\workfolder\\imabari3dcad\\evoship\\EVOSHIP_HELP_FILES\\about_annotation_styles_list_dialog.html', 'source_path': 'C:\\Users\\akiro\\workfolder\\imabari3dcad\\evoship\\EVOSHIP_HELP_FILES\\about_annotation_styles_list_dialog.html', 'section_id': '948fca157e8e5cee99d571163057daa7a31b2157', 'title': '注記・寸法スタイル設定', 'section_heading': '注記スタイルの作成', 'section_level': 3, 'section_index': 2, 'last_modified': '2025-07-08T01:02:52+00:00', 'extracted_at': '2025-11-04T07:53:17+00:00', 'data_source': 'EVOSHIP_HELP_FILES', 'chunk_id': 'b0ce3c93-3a19-4b78-aed8-08c5044d3120', 'chunk_index': 0, 'text_length': 223, 'start_char_idx': 0, 'end_char_idx': 223, 'triplet_source_id': 'b0ce3c93-3a19-4b78-aed8-08c5044d3120'}, 'name': '既存スタイルを元に新規スタイル作成', 'id': '既存スタイルを元に新規スタイル作成'}, {'label': 'HelpDocument', 'embedding': None, 'properties': {'document_id': 'C:\\Users\\akiro\\workfolder\\imabari3dcad\\evoship\\EVOSHIP_HELP_FILES\\about_annotation_styles_list_dialog.html', 'source_path': 'C:\\Users\\akiro\\workfolder\\imabari3dcad\\evoship\\EVOSHIP_HELP_FILES\\about_annotation_styles_list_dialog.html', 'title': '注記・寸法スタイル設定', 'headings': ['注記・寸法スタイル設定', '注記スタイルの管理', '注記スタイルの作成', '適用ずみスタイルの更新'], 'section_count': 4, 'last_modified': '2025-07-08T01:02:52+00:00', 'extracted_at': '2025-11-04T07:53:17+00:00', 'data_source': 'EVOSHIP_HELP_FILES', 'triplet_source_id': '5e8083f4-7d49-4be1-9e3e-c5f82eb8f49c'}, 'name': 'C:\\Users\\akiro\\workfolder\\imabari3dcad\\evoship\\EVOSHIP_HELP_FILES\\about_annotation_styles_list_dialog.html', 'id': 'C:\\Users\\akiro\\workfolder\\imabari3dcad\\evoship\\EVOSHIP_HELP_FILES\\about_annotation_styles_list_dialog.html'}, {'label': 'HelpSection', 'embedding': None, 'properties': {'section_id': '20282e22440d39595fb32550c039519844363c95', 'document_id': 'C:\\Users\\akiro\\workfolder\\imabari3dcad\\evoship\\EVOSHIP_HELP_FILES\\about_annotation_styles_list_dialog.html', 'source_path': 'C:\\Users\\akiro\\workfolder\\imabari3dcad\\evoship\\EVOSHIP_HELP_FILES\\about_annotation_styles_list_dialog.html', 'title': '注記・寸法スタイル設定', 'section_heading': '適用ずみスタイルの更新', 'section_level': 3, 'section_index': 3, 'last_modified': '2025-07-08T01:02:52+00:00', 'extracted_at': '2025-11-04T07:53:17+00:00', 'data_source': 'EVOSHIP_HELP_FILES', 'triplet_source_id': '5e8083f4-7d49-4be1-9e3e-c5f82eb8f49c'}, 'name': '20282e22440d39595fb32550c039519844363c95', 'id': '20282e22440d39595fb32550c039519844363c95'}, {'label': 'entity', 'embedding': None, 'properties': {'document_id': 'C:\\Users\\akiro\\workfolder\\imabari3dcad\\evoship\\EVOSHIP_HELP_FILES\\about_annotation_styles_list_dialog.html', 'source_path': 'C:\\Users\\akiro\\workfolder\\imabari3dcad\\evoship\\EVOSHIP_HELP_FILES\\about_annotation_styles_list_dialog.html', 'section_id': '20282e22440d39595fb32550c039519844363c95', 'title': '注記・寸法スタイル設定', 'section_heading': '適用ずみスタイルの更新', 'section_level': 3, 'section_index': 3, 'last_modified': '2025-07-08T01:02:52+00:00', 'extracted_at': '2025-11-04T07:53:17+00:00', 'data_source': 'EVOSHIP_HELP_FILES', 'chunk_id': '5e8083f4-7d49-4be1-9e3e-c5f82eb8f49c', 'chunk_index': 0, 'text_length': 250, 'start_char_idx': 0, 'end_char_idx': 250, 'triplet_source_id': '5e8083f4-7d49-4be1-9e3e-c5f82eb8f49c'}, 'name': 'モデルの更新ボタン', 'id': 'モデルの更新ボタン'}, {'label': 'entity', 'embedding': None, 'properties': {'document_id': 'C:\\Users\\akiro\\workfolder\\imabari3dcad\\evoship\\EVOSHIP_HELP_FILES\\about_annotation_styles_list_dialog.html', 'source_path': 'C:\\Users\\akiro\\workfolder\\imabari3dcad\\evoship\\EVOSHIP_HELP_FILES\\about_annotation_styles_list_dialog.html', 'section_id': '20282e22440d39595fb32550c039519844363c95', 'title': '注記・寸法スタイル設定', 'section_heading': '適用ずみスタイルの更新', 'section_level': 3, 'section_index': 3, 'last_modified': '2025-07-08T01:02:52+00:00', 'extracted_at': '2025-11-04T07:53:17+00:00', 'data_source': 'EVOSHIP_HELP_FILES', 'chunk_id': '5e8083f4-7d49-4be1-9e3e-c5f82eb8f49c', 'chunk_index': 0, 'text_length': 250, 'start_char_idx': 0, 'end_char_idx': 250, 'triplet_source_id': '5e8083f4-7d49-4be1-9e3e-c5f82eb8f49c'}, 'name': '適用ずみスタイルをシステム設定のスタイルで上書き', 'id': '適用ずみスタイルをシステム設定のスタイルで上書き'}, {'label': 'entity', 'embedding': None, 'properties': {'document_id': 'C:\\Users\\akiro\\workfolder\\imabari3dcad\\evoship\\EVOSHIP_HELP_FILES\\about_annotation_styles_list_dialog.html', 'source_path': 'C:\\Users\\akiro\\workfolder\\imabari3dcad\\evoship\\EVOSHIP_HELP_FILES\\about_annotation_styles_list_dialog.html', 'section_id': '20282e22440d39595fb32550c039519844363c95', 'title': '注記・寸法スタイル設定', 'section_heading': '適用ずみスタイルの更新', 'section_level': 3, 'section_index': 3, 'last_modified': '2025-07-08T01:02:52+00:00', 'extracted_at': '2025-11-04T07:53:17+00:00', 'data_source': 'EVOSHIP_HELP_FILES', 'chunk_id': '5e8083f4-7d49-4be1-9e3e-c5f82eb8f49c', 'chunk_index': 0, 'text_length': 250, 'start_char_idx': 0, 'end_char_idx': 250, 'triplet_source_id': '5e8083f4-7d49-4be1-9e3e-c5f82eb8f49c'}, 'name': '適用ずみスタイル', 'id': '適用ずみスタイル'}, {'label': 'entity', 'embedding': None, 'properties': {'document_id': 'C:\\Users\\akiro\\workfolder\\imabari3dcad\\evoship\\EVOSHIP_HELP_FILES\\about_annotation_styles_list_dialog.html', 'source_path': 'C:\\Users\\akiro\\workfolder\\imabari3dcad\\evoship\\EVOSHIP_HELP_FILES\\about_annotation_styles_list_dialog.html', 'section_id': '20282e22440d39595fb32550c039519844363c95', 'title': '注記・寸法スタイル設定', 'section_heading': '適用ずみスタイルの更新', 'section_level': 3, 'section_index': 3, 'last_modified': '2025-07-08T01:02:52+00:00', 'extracted_at': '2025-11-04T07:53:17+00:00', 'data_source': 'EVOSHIP_HELP_FILES', 'chunk_id': '5e8083f4-7d49-4be1-9e3e-c5f82eb8f49c', 'chunk_index': 0, 'text_length': 250, 'start_char_idx': 0, 'end_char_idx': 250, 'triplet_source_id': '5e8083f4-7d49-4be1-9e3e-c5f82eb8f49c'}, 'name': 'スケッチや図面', 'id': 'スケッチや図面'}, {'label': 'entity', 'embedding': None, 'properties': {'document_id': 'C:\\Users\\akiro\\workfolder\\imabari3dcad\\evoship\\EVOSHIP_HELP_FILES\\about_annotation_styles_list_dialog.html', 'source_path': 'C:\\Users\\akiro\\workfolder\\imabari3dcad\\evoship\\EVOSHIP_HELP_FILES\\about_annotation_styles_list_dialog.html', 'section_id': '20282e22440d39595fb32550c039519844363c95', 'title': '注記・寸法スタイル設定', 'section_heading': '適用ずみスタイルの更新', 'section_level': 3, 'section_index': 3, 'last_modified': '2025-07-08T01:02:52+00:00', 'extracted_at': '2025-11-04T07:53:17+00:00', 'data_source': 'EVOSHIP_HELP_FILES', 'chunk_id': '5e8083f4-7d49-4be1-9e3e-c5f82eb8f49c', 'chunk_index': 0, 'text_length': 250, 'start_char_idx': 0, 'end_char_idx': 250, 'triplet_source_id': '5e8083f4-7d49-4be1-9e3e-c5f82eb8f49c'}, 'name': '同名スタイル', 'id': '同名スタイル'}, {'label': 'entity', 'embedding': None, 'properties': {'document_id': 'C:\\Users\\akiro\\workfolder\\imabari3dcad\\evoship\\EVOSHIP_HELP_FILES\\about_annotation_styles_list_dialog.html', 'source_path': 'C:\\Users\\akiro\\workfolder\\imabari3dcad\\evoship\\EVOSHIP_HELP_FILES\\about_annotation_styles_list_dialog.html', 'section_id': '20282e22440d39595fb32550c039519844363c95', 'title': '注記・寸法スタイル設定', 'section_heading': '適用ずみスタイルの更新', 'section_level': 3, 'section_index': 3, 'last_modified': '2025-07-08T01:02:52+00:00', 'extracted_at': '2025-11-04T07:53:17+00:00', 'data_source': 'EVOSHIP_HELP_FILES', 'chunk_id': '5e8083f4-7d49-4be1-9e3e-c5f82eb8f49c', 'chunk_index': 0, 'text_length': 250, 'start_char_idx': 0, 'end_char_idx': 250, 'triplet_source_id': '5e8083f4-7d49-4be1-9e3e-c5f82eb8f49c'}, 'name': 'スタイル一覧', 'id': 'スタイル一覧'}, {'label': 'entity', 'embedding': None, 'properties': {'document_id': 'C:\\Users\\akiro\\workfolder\\imabari3dcad\\evoship\\EVOSHIP_HELP_FILES\\about_annotation_styles_list_dialog.html', 'source_path': 'C:\\Users\\akiro\\workfolder\\imabari3dcad\\evoship\\EVOSHIP_HELP_FILES\\about_annotation_styles_list_dialog.html', 'section_id': '20282e22440d39595fb32550c039519844363c95', 'title': '注記・寸法スタイル設定', 'section_heading': '適用ずみスタイルの更新', 'section_level': 3, 'section_index': 3, 'last_modified': '2025-07-08T01:02:52+00:00', 'extracted_at': '2025-11-04T07:53:17+00:00', 'data_source': 'EVOSHIP_HELP_FILES', 'chunk_id': '5e8083f4-7d49-4be1-9e3e-c5f82eb8f49c', 'chunk_index': 0, 'text_length': 250, 'start_char_idx': 0, 'end_char_idx': 250, 'triplet_source_id': '5e8083f4-7d49-4be1-9e3e-c5f82eb8f49c'}, 'name': '複数同名スタイル', 'id': '複数同名スタイル'}, {'label': 'entity', 'embedding': None, 'properties': {'document_id': 'C:\\Users\\akiro\\workfolder\\imabari3dcad\\evoship\\EVOSHIP_HELP_FILES\\about_annotation_styles_list_dialog.html', 'source_path': 'C:\\Users\\akiro\\workfolder\\imabari3dcad\\evoship\\EVOSHIP_HELP_FILES\\about_annotation_styles_list_dialog.html', 'section_id': '20282e22440d39595fb32550c039519844363c95', 'title': '注記・寸法スタイル設定', 'section_heading': '適用ずみスタイルの更新', 'section_level': 3, 'section_index': 3, 'last_modified': '2025-07-08T01:02:52+00:00', 'extracted_at': '2025-11-04T07:53:17+00:00', 'data_source': 'EVOSHIP_HELP_FILES', 'chunk_id': '5e8083f4-7d49-4be1-9e3e-c5f82eb8f49c', 'chunk_index': 0, 'text_length': 250, 'start_char_idx': 0, 'end_char_idx': 250, 'triplet_source_id': '5e8083f4-7d49-4be1-9e3e-c5f82eb8f49c'}, 'name': '適用ずみスタイルの上書きに使われる', 'id': '適用ずみスタイルの上書きに使われる'}, {'label': 'entity', 'embedding': None, 'properties': {'document_id': 'C:\\Users\\akiro\\workfolder\\imabari3dcad\\evoship\\EVOSHIP_HELP_FILES\\about_annotation_styles_list_dialog.html', 'source_path': 'C:\\Users\\akiro\\workfolder\\imabari3dcad\\evoship\\EVOSHIP_HELP_FILES\\about_annotation_styles_list_dialog.html', 'section_id': '20282e22440d39595fb32550c039519844363c95', 'title': '注記・寸法スタイル設定', 'section_heading': '適用ずみスタイルの更新', 'section_level': 3, 'section_index': 3, 'last_modified': '2025-07-08T01:02:52+00:00', 'extracted_at': '2025-11-04T07:53:17+00:00', 'data_source': 'EVOSHIP_HELP_FILES', 'chunk_id': '5e8083f4-7d49-4be1-9e3e-c5f82eb8f49c', 'chunk_index': 0, 'text_length': 250, 'start_char_idx': 0, 'end_char_idx': 250, 'triplet_source_id': '5e8083f4-7d49-4be1-9e3e-c5f82eb8f49c'}, 'name': '残り同名スタイル', 'id': '残り同名スタイル'}, {'label': 'entity', 'embedding': None, 'properties': {'document_id': 'C:\\Users\\akiro\\workfolder\\imabari3dcad\\evoship\\EVOSHIP_HELP_FILES\\about_annotation_styles_list_dialog.html', 'source_path': 'C:\\Users\\akiro\\workfolder\\imabari3dcad\\evoship\\EVOSHIP_HELP_FILES\\about_annotation_styles_list_dialog.html', 'section_id': '20282e22440d39595fb32550c039519844363c95', 'title': '注記・寸法スタイル設定', 'section_heading': '適用ずみスタイルの更新', 'section_level': 3, 'section_index': 3, 'last_modified': '2025-07-08T01:02:52+00:00', 'extracted_at': '2025-11-04T07:53:17+00:00', 'data_source': 'EVOSHIP_HELP_FILES', 'chunk_id': '5e8083f4-7d49-4be1-9e3e-c5f82eb8f49c', 'chunk_index': 0, 'text_length': 250, 'start_char_idx': 0, 'end_char_idx': 250, 'triplet_source_id': '5e8083f4-7d49-4be1-9e3e-c5f82eb8f49c'}, 'name': '上書き対象外', 'id': '上書き対象外'}, {'label': 'entity', 'embedding': None, 'properties': {'document_id': 'C:\\Users\\akiro\\workfolder\\imabari3dcad\\evoship\\EVOSHIP_HELP_FILES\\about_annotation_styles_list_dialog.html', 'source_path': 'C:\\Users\\akiro\\workfolder\\imabari3dcad\\evoship\\EVOSHIP_HELP_FILES\\about_annotation_styles_list_dialog.html', 'section_id': '20282e22440d39595fb32550c039519844363c95', 'title': '注記・寸法スタイル設定', 'section_heading': '適用ずみスタイルの更新', 'section_level': 3, 'section_index': 3, 'last_modified': '2025-07-08T01:02:52+00:00', 'extracted_at': '2025-11-04T07:53:17+00:00', 'data_source': 'EVOSHIP_HELP_FILES', 'chunk_id': '5e8083f4-7d49-4be1-9e3e-c5f82eb8f49c', 'chunk_index': 0, 'text_length': 250, 'start_char_idx': 0, 'end_char_idx': 250, 'triplet_source_id': '5e8083f4-7d49-4be1-9e3e-c5f82eb8f49c'}, 'name': '同名スタイル作成', 'id': '同名スタイル作成'}, {'label': 'entity', 'embedding': None, 'properties': {'document_id': 'C:\\Users\\akiro\\workfolder\\imabari3dcad\\evoship\\EVOSHIP_HELP_FILES\\about_annotation_styles_list_dialog.html', 'source_path': 'C:\\Users\\akiro\\workfolder\\imabari3dcad\\evoship\\EVOSHIP_HELP_FILES\\about_annotation_styles_list_dialog.html', 'section_id': '20282e22440d39595fb32550c039519844363c95', 'title': '注記・寸法スタイル設定', 'section_heading': '適用ずみスタイルの更新', 'section_level': 3, 'section_index': 3, 'last_modified': '2025-07-08T01:02:52+00:00', 'extracted_at': '2025-11-04T07:53:17+00:00', 'data_source': 'EVOSHIP_HELP_FILES', 'chunk_id': '5e8083f4-7d49-4be1-9e3e-c5f82eb8f49c', 'chunk_index': 0, 'text_length': 250, 'start_char_idx': 0, 'end_char_idx': 250, 'triplet_source_id': '5e8083f4-7d49-4be1-9e3e-c5f82eb8f49c'}, 'name': '行為', 'id': '行為'}, {'label': 'HelpDocument', 'embedding': None, 'properties': {'document_id': 'C:\\Users\\akiro\\workfolder\\imabari3dcad\\evoship\\EVOSHIP_HELP_FILES\\about_body.html', 'source_path': 'C:\\Users\\akiro\\workfolder\\imabari3dcad\\evoship\\EVOSHIP_HELP_FILES\\about_body.html', 'title': 'ボディ', 'headings': ['ボディ'], 'section_count': 1, 'last_modified': '2025-07-08T01:02:52+00:00', 'extracted_at': '2025-11-04T07:53:17+00:00', 'data_source': 'EVOSHIP_HELP_FILES', 'triplet_source_id': 'eaa8f7aa-50c7-4ddb-8502-3634456ed6e7'}, 'name': 'C:\\Users\\akiro\\workfolder\\imabari3dcad\\evoship\\EVOSHIP_HELP_FILES\\about_body.html', 'id': 'C:\\Users\\akiro\\workfolder\\imabari3dcad\\evoship\\EVOSHIP_HELP_FILES\\about_body.html'}, {'label': 'HelpSection', 'embedding': None, 'properties': {'section_id': '4478152f881537f1e6b3bb012fe2a0bf3725bf2e', 'document_id': 'C:\\Users\\akiro\\workfolder\\imabari3dcad\\evoship\\EVOSHIP_HELP_FILES\\about_body.html', 'source_path': 'C:\\Users\\akiro\\workfolder\\imabari3dcad\\evoship\\EVOSHIP_HELP_FILES\\about_body.html', 'title': 'ボディ', 'section_heading': 'ボディ', 'section_level': 2, 'section_index': 0, 'last_modified': '2025-07-08T01:02:52+00:00', 'extracted_at': '2025-11-04T07:53:17+00:00', 'data_source': 'EVOSHIP_HELP_FILES', 'triplet_source_id': 'eaa8f7aa-50c7-4ddb-8502-3634456ed6e7'}, 'name': '4478152f881537f1e6b3bb012fe2a0bf3725bf2e', 'id': '4478152f881537f1e6b3bb012fe2a0bf3725bf2e'}, {'label': 'entity', 'embedding': None, 'properties': {'document_id': 'C:\\Users\\akiro\\workfolder\\imabari3dcad\\evoship\\EVOSHIP_HELP_FILES\\about_body.html', 'source_path': 'C:\\Users\\akiro\\workfolder\\imabari3dcad\\evoship\\EVOSHIP_HELP_FILES\\about_body.html', 'section_id': '4478152f881537f1e6b3bb012fe2a0bf3725bf2e', 'title': 'ボディ', 'section_heading': 'ボディ', 'section_level': 2, 'section_index': 0, 'last_modified': '2025-07-08T01:02:52+00:00', 'extracted_at': '2025-11-04T07:53:17+00:00', 'data_source': 'EVOSHIP_HELP_FILES', 'chunk_id': 'eaa8f7aa-50c7-4ddb-8502-3634456ed6e7', 'chunk_index': 0, 'text_length': 250, 'start_char_idx': 0, 'end_char_idx': 250, 'triplet_source_id': 'eaa8f7aa-50c7-4ddb-8502-3634456ed6e7'}, 'name': 'ボディ', 'id': 'ボディ'}, {'label': 'entity', 'embedding': None, 'properties': {'document_id': 'C:\\Users\\akiro\\workfolder\\imabari3dcad\\evoship\\EVOSHIP_HELP_FILES\\about_body.html', 'source_path': 'C:\\Users\\akiro\\workfolder\\imabari3dcad\\evoship\\EVOSHIP_HELP_FILES\\about_body.html', 'section_id': '4478152f881537f1e6b3bb012fe2a0bf3725bf2e', 'title': 'ボディ', 'section_heading': 'ボディ', 'section_level': 2, 'section_index': 0, 'last_modified': '2025-07-08T01:02:52+00:00', 'extracted_at': '2025-11-04T07:53:17+00:00', 'data_source': 'EVOSHIP_HELP_FILES', 'chunk_id': 'eaa8f7aa-50c7-4ddb-8502-3634456ed6e7', 'chunk_index': 0, 'text_length': 250, 'start_char_idx': 0, 'end_char_idx': 250, 'triplet_source_id': 'eaa8f7aa-50c7-4ddb-8502-3634456ed6e7'}, 'name': 'ソリッドボディ', 'id': 'ソリッドボディ'}, {'label': 'entity', 'embedding': None, 'properties': {'document_id': 'C:\\Users\\akiro\\workfolder\\imabari3dcad\\evoship\\EVOSHIP_HELP_FILES\\about_body.html', 'source_path': 'C:\\Users\\akiro\\workfolder\\imabari3dcad\\evoship\\EVOSHIP_HELP_FILES\\about_body.html', 'section_id': '4478152f881537f1e6b3bb012fe2a0bf3725bf2e', 'title': 'ボディ', 'section_heading': 'ボディ', 'section_level': 2, 'section_index': 0, 'last_modified': '2025-07-08T01:02:52+00:00', 'extracted_at': '2025-11-04T07:53:17+00:00', 'data_source': 'EVOSHIP_HELP_FILES', 'chunk_id': 'eaa8f7aa-50c7-4ddb-8502-3634456ed6e7', 'chunk_index': 0, 'text_length': 250, 'start_char_idx': 0, 'end_char_idx': 250, 'triplet_source_id': 'eaa8f7aa-50c7-4ddb-8502-3634456ed6e7'}, 'name': 'ボディ', 'id': 'ボディ'}, {'label': 'entity', 'embedding': None, 'properties': {'document_id': 'C:\\Users\\akiro\\workfolder\\imabari3dcad\\evoship\\EVOSHIP_HELP_FILES\\about_body.html', 'source_path': 'C:\\Users\\akiro\\workfolder\\imabari3dcad\\evoship\\EVOSHIP_HELP_FILES\\about_body.html', 'section_id': '4478152f881537f1e6b3bb012fe2a0bf3725bf2e', 'title': 'ボディ', 'section_heading': 'ボディ', 'section_level': 2, 'section_index': 0, 'last_modified': '2025-07-08T01:02:52+00:00', 'extracted_at': '2025-11-04T07:53:17+00:00', 'data_source': 'EVOSHIP_HELP_FILES', 'chunk_id': 'eaa8f7aa-50c7-4ddb-8502-3634456ed6e7', 'chunk_index': 0, 'text_length': 250, 'start_char_idx': 0, 'end_char_idx': 250, 'triplet_source_id': 'eaa8f7aa-50c7-4ddb-8502-3634456ed6e7'}, 'name': 'シートボディ', 'id': 'シートボディ'}, {'label': 'entity', 'embedding': None, 'properties': {'document_id': 'C:\\Users\\akiro\\workfolder\\imabari3dcad\\evoship\\EVOSHIP_HELP_FILES\\about_body.html', 'source_path': 'C:\\Users\\akiro\\workfolder\\imabari3dcad\\evoship\\EVOSHIP_HELP_FILES\\about_body.html', 'section_id': '4478152f881537f1e6b3bb012fe2a0bf3725bf2e', 'title': 'ボディ', 'section_heading': 'ボディ', 'section_level': 2, 'section_index': 0, 'last_modified': '2025-07-08T01:02:52+00:00', 'extracted_at': '2025-11-04T07:53:17+00:00', 'data_source': 'EVOSHIP_HELP_FILES', 'chunk_id': 'eaa8f7aa-50c7-4ddb-8502-3634456ed6e7', 'chunk_index': 0, 'text_length': 250, 'start_char_idx': 0, 'end_char_idx': 250, 'triplet_source_id': 'eaa8f7aa-50c7-4ddb-8502-3634456ed6e7'}, 'name': 'ボディ', 'id': 'ボディ'}, {'label': 'entity', 'embedding': None, 'properties': {'document_id': 'C:\\Users\\akiro\\workfolder\\imabari3dcad\\evoship\\EVOSHIP_HELP_FILES\\about_body.html', 'source_path': 'C:\\Users\\akiro\\workfolder\\imabari3dcad\\evoship\\EVOSHIP_HELP_FILES\\about_body.html', 'section_id': '4478152f881537f1e6b3bb012fe2a0bf3725bf2e', 'title': 'ボディ', 'section_heading': 'ボディ', 'section_level': 2, 'section_index': 0, 'last_modified': '2025-07-08T01:02:52+00:00', 'extracted_at': '2025-11-04T07:53:17+00:00', 'data_source': 'EVOSHIP_HELP_FILES', 'chunk_id': 'eaa8f7aa-50c7-4ddb-8502-3634456ed6e7', 'chunk_index': 0, 'text_length': 250, 'start_char_idx': 0, 'end_char_idx': 250, 'triplet_source_id': 'eaa8f7aa-50c7-4ddb-8502-3634456ed6e7'}, 'name': 'フィーチャー', 'id': 'フィーチャー'}, {'label': 'entity', 'embedding': None, 'properties': {'document_id': 'C:\\Users\\akiro\\workfolder\\imabari3dcad\\evoship\\EVOSHIP_HELP_FILES\\about_body.html', 'source_path': 'C:\\Users\\akiro\\workfolder\\imabari3dcad\\evoship\\EVOSHIP_HELP_FILES\\about_body.html', 'section_id': '4478152f881537f1e6b3bb012fe2a0bf3725bf2e', 'title': 'ボディ', 'section_heading': 'ボディ', 'section_level': 2, 'section_index': 0, 'last_modified': '2025-07-08T01:02:52+00:00', 'extracted_at': '2025-11-04T07:53:17+00:00', 'data_source': 'EVOSHIP_HELP_FILES', 'chunk_id': 'eaa8f7aa-50c7-4ddb-8502-3634456ed6e7', 'chunk_index': 0, 'text_length': 250, 'start_char_idx': 0, 'end_char_idx': 250, 'triplet_source_id': 'eaa8f7aa-50c7-4ddb-8502-3634456ed6e7'}, 'name': 'ボディ', 'id': 'ボディ'}, {'label': 'entity', 'embedding': None, 'properties': {'document_id': 'C:\\Users\\akiro\\workfolder\\imabari3dcad\\evoship\\EVOSHIP_HELP_FILES\\about_body.html', 'source_path': 'C:\\Users\\akiro\\workfolder\\imabari3dcad\\evoship\\EVOSHIP_HELP_FILES\\about_body.html', 'section_id': '4478152f881537f1e6b3bb012fe2a0bf3725bf2e', 'title': 'ボディ', 'section_heading': 'ボディ', 'section_level': 2, 'section_index': 0, 'last_modified': '2025-07-08T01:02:52+00:00', 'extracted_at': '2025-11-04T07:53:17+00:00', 'data_source': 'EVOSHIP_HELP_FILES', 'chunk_id': 'eaa8f7aa-50c7-4ddb-8502-3634456ed6e7', 'chunk_index': 0, 'text_length': 250, 'start_char_idx': 0, 'end_char_idx': 250, 'triplet_source_id': 'eaa8f7aa-50c7-4ddb-8502-3634456ed6e7'}, 'name': '図面ドキュメント', 'id': '図面ドキュメント'}, {'label': 'entity', 'embedding': None, 'properties': {'document_id': 'C:\\Users\\akiro\\workfolder\\imabari3dcad\\evoship\\EVOSHIP_HELP_FILES\\about_body.html', 'source_path': 'C:\\Users\\akiro\\workfolder\\imabari3dcad\\evoship\\EVOSHIP_HELP_FILES\\about_body.html', 'section_id': '4478152f881537f1e6b3bb012fe2a0bf3725bf2e', 'title': 'ボディ', 'section_heading': 'ボディ', 'section_level': 2, 'section_index': 0, 'last_modified': '2025-07-08T01:02:52+00:00', 'extracted_at': '2025-11-04T07:53:17+00:00', 'data_source': 'EVOSHIP_HELP_FILES', 'chunk_id': 'eaa8f7aa-50c7-4ddb-8502-3634456ed6e7', 'chunk_index': 0, 'text_length': 250, 'start_char_idx': 0, 'end_char_idx': 250, 'triplet_source_id': 'eaa8f7aa-50c7-4ddb-8502-3634456ed6e7'}, 'name': 'フィーチャー', 'id': 'フィーチャー'}, {'label': 'entity', 'embedding': None, 'properties': {'document_id': 'C:\\Users\\akiro\\workfolder\\imabari3dcad\\evoship\\EVOSHIP_HELP_FILES\\about_body.html', 'source_path': 'C:\\Users\\akiro\\workfolder\\imabari3dcad\\evoship\\EVOSHIP_HELP_FILES\\about_body.html', 'section_id': '4478152f881537f1e6b3bb012fe2a0bf3725bf2e', 'title': 'ボディ', 'section_heading': 'ボディ', 'section_level': 2, 'section_index': 0, 'last_modified': '2025-07-08T01:02:52+00:00', 'extracted_at': '2025-11-04T07:53:17+00:00', 'data_source': 'EVOSHIP_HELP_FILES', 'chunk_id': 'eaa8f7aa-50c7-4ddb-8502-3634456ed6e7', 'chunk_index': 0, 'text_length': 250, 'start_char_idx': 0, 'end_char_idx': 250, 'triplet_source_id': 'eaa8f7aa-50c7-4ddb-8502-3634456ed6e7'}, 'name': 'ワークボディ', 'id': 'ワークボディ'}, {'label': 'entity', 'embedding': None, 'properties': {'document_id': 'C:\\Users\\akiro\\workfolder\\imabari3dcad\\evoship\\EVOSHIP_HELP_FILES\\about_body.html', 'source_path': 'C:\\Users\\akiro\\workfolder\\imabari3dcad\\evoship\\EVOSHIP_HELP_FILES\\about_body.html', 'section_id': '4478152f881537f1e6b3bb012fe2a0bf3725bf2e', 'title': 'ボディ', 'section_heading': 'ボディ', 'section_level': 2, 'section_index': 0, 'last_modified': '2025-07-08T01:02:52+00:00', 'extracted_at': '2025-11-04T07:53:17+00:00', 'data_source': 'EVOSHIP_HELP_FILES', 'chunk_id': 'eaa8f7aa-50c7-4ddb-8502-3634456ed6e7', 'chunk_index': 0, 'text_length': 250, 'start_char_idx': 0, 'end_char_idx': 250, 'triplet_source_id': 'eaa8f7aa-50c7-4ddb-8502-3634456ed6e7'}, 'name': 'ソリッドボディ', 'id': 'ソリッドボディ'}, {'label': 'entity', 'embedding': None, 'properties': {'document_id': 'C:\\Users\\akiro\\workfolder\\imabari3dcad\\evoship\\EVOSHIP_HELP_FILES\\about_body.html', 'source_path': 'C:\\Users\\akiro\\workfolder\\imabari3dcad\\evoship\\EVOSHIP_HELP_FILES\\about_body.html', 'section_id': '4478152f881537f1e6b3bb012fe2a0bf3725bf2e', 'title': 'ボディ', 'section_heading': 'ボディ', 'section_level': 2, 'section_index': 0, 'last_modified': '2025-07-08T01:02:52+00:00', 'extracted_at': '2025-11-04T07:53:17+00:00', 'data_source': 'EVOSHIP_HELP_FILES', 'chunk_id': 'eaa8f7aa-50c7-4ddb-8502-3634456ed6e7', 'chunk_index': 0, 'text_length': 250, 'start_char_idx': 0, 'end_char_idx': 250, 'triplet_source_id': 'eaa8f7aa-50c7-4ddb-8502-3634456ed6e7'}, 'name': '材料', 'id': '材料'}, {'label': 'entity', 'embedding': None, 'properties': {'document_id': 'C:\\Users\\akiro\\workfolder\\imabari3dcad\\evoship\\EVOSHIP_HELP_FILES\\about_body.html', 'source_path': 'C:\\Users\\akiro\\workfolder\\imabari3dcad\\evoship\\EVOSHIP_HELP_FILES\\about_body.html', 'section_id': '4478152f881537f1e6b3bb012fe2a0bf3725bf2e', 'title': 'ボディ', 'section_heading': 'ボディ', 'section_level': 2, 'section_index': 0, 'last_modified': '2025-07-08T01:02:52+00:00', 'extracted_at': '2025-11-04T07:53:17+00:00', 'data_source': 'EVOSHIP_HELP_FILES', 'chunk_id': 'eaa8f7aa-50c7-4ddb-8502-3634456ed6e7', 'chunk_index': 0, 'text_length': 250, 'start_char_idx': 0, 'end_char_idx': 250, 'triplet_source_id': 'eaa8f7aa-50c7-4ddb-8502-3634456ed6e7'}, 'name': 'ソリッドボディ', 'id': 'ソリッドボディ'}, {'label': 'entity', 'embedding': None, 'properties': {'document_id': 'C:\\Users\\akiro\\workfolder\\imabari3dcad\\evoship\\EVOSHIP_HELP_FILES\\about_body.html', 'source_path': 'C:\\Users\\akiro\\workfolder\\imabari3dcad\\evoship\\EVOSHIP_HELP_FILES\\about_body.html', 'section_id': '4478152f881537f1e6b3bb012fe2a0bf3725bf2e', 'title': 'ボディ', 'section_heading': 'ボディ', 'section_level': 2, 'section_index': 0, 'last_modified': '2025-07-08T01:02:52+00:00', 'extracted_at': '2025-11-04T07:53:17+00:00', 'data_source': 'EVOSHIP_HELP_FILES', 'chunk_id': 'eaa8f7aa-50c7-4ddb-8502-3634456ed6e7', 'chunk_index': 0, 'text_length': 250, 'start_char_idx': 0, 'end_char_idx': 250, 'triplet_source_id': 'eaa8f7aa-50c7-4ddb-8502-3634456ed6e7'}, 'name': '3dモデル', 'id': '3dモデル'}, {'label': 'entity', 'embedding': None, 'properties': {'document_id': 'C:\\Users\\akiro\\workfolder\\imabari3dcad\\evoship\\EVOSHIP_HELP_FILES\\about_body.html', 'source_path': 'C:\\Users\\akiro\\workfolder\\imabari3dcad\\evoship\\EVOSHIP_HELP_FILES\\about_body.html', 'section_id': '4478152f881537f1e6b3bb012fe2a0bf3725bf2e', 'title': 'ボディ', 'section_heading': 'ボディ', 'section_level': 2, 'section_index': 0, 'last_modified': '2025-07-08T01:02:52+00:00', 'extracted_at': '2025-11-04T07:53:17+00:00', 'data_source': 'EVOSHIP_HELP_FILES', 'chunk_id': 'eaa8f7aa-50c7-4ddb-8502-3634456ed6e7', 'chunk_index': 0, 'text_length': 250, 'start_char_idx': 0, 'end_char_idx': 250, 'triplet_source_id': 'eaa8f7aa-50c7-4ddb-8502-3634456ed6e7'}, 'name': 'シートボディ', 'id': 'シートボディ'}, {'label': 'entity', 'embedding': None, 'properties': {'document_id': 'C:\\Users\\akiro\\workfolder\\imabari3dcad\\evoship\\EVOSHIP_HELP_FILES\\about_body.html', 'source_path': 'C:\\Users\\akiro\\workfolder\\imabari3dcad\\evoship\\EVOSHIP_HELP_FILES\\about_body.html', 'section_id': '4478152f881537f1e6b3bb012fe2a0bf3725bf2e', 'title': 'ボディ', 'section_heading': 'ボディ', 'section_level': 2, 'section_index': 0, 'last_modified': '2025-07-08T01:02:52+00:00', 'extracted_at': '2025-11-04T07:53:17+00:00', 'data_source': 'EVOSHIP_HELP_FILES', 'chunk_id': 'eaa8f7aa-50c7-4ddb-8502-3634456ed6e7', 'chunk_index': 0, 'text_length': 250, 'start_char_idx': 0, 'end_char_idx': 250, 'triplet_source_id': 'eaa8f7aa-50c7-4ddb-8502-3634456ed6e7'}, 'name': '平面', 'id': '平面'}, {'label': 'entity', 'embedding': None, 'properties': {'document_id': 'C:\\Users\\akiro\\workfolder\\imabari3dcad\\evoship\\EVOSHIP_HELP_FILES\\about_body.html', 'source_path': 'C:\\Users\\akiro\\workfolder\\imabari3dcad\\evoship\\EVOSHIP_HELP_FILES\\about_body.html', 'section_id': '4478152f881537f1e6b3bb012fe2a0bf3725bf2e', 'title': 'ボディ', 'section_heading': 'ボディ', 'section_level': 2, 'section_index': 0, 'last_modified': '2025-07-08T01:02:52+00:00', 'extracted_at': '2025-11-04T07:53:17+00:00', 'data_source': 'EVOSHIP_HELP_FILES', 'chunk_id': 'eaa8f7aa-50c7-4ddb-8502-3634456ed6e7', 'chunk_index': 0, 'text_length': 250, 'start_char_idx': 0, 'end_char_idx': 250, 'triplet_source_id': 'eaa8f7aa-50c7-4ddb-8502-3634456ed6e7'}, 'name': 'シートボディ', 'id': 'シートボディ'}, {'label': 'entity', 'embedding': None, 'properties': {'document_id': 'C:\\Users\\akiro\\workfolder\\imabari3dcad\\evoship\\EVOSHIP_HELP_FILES\\about_body.html', 'source_path': 'C:\\Users\\akiro\\workfolder\\imabari3dcad\\evoship\\EVOSHIP_HELP_FILES\\about_body.html', 'section_id': '4478152f881537f1e6b3bb012fe2a0bf3725bf2e', 'title': 'ボディ', 'section_heading': 'ボディ', 'section_level': 2, 'section_index': 0, 'last_modified': '2025-07-08T01:02:52+00:00', 'extracted_at': '2025-11-04T07:53:17+00:00', 'data_source': 'EVOSHIP_HELP_FILES', 'chunk_id': 'eaa8f7aa-50c7-4ddb-8502-3634456ed6e7', 'chunk_index': 0, 'text_length': 250, 'start_char_idx': 0, 'end_char_idx': 250, 'triplet_source_id': 'eaa8f7aa-50c7-4ddb-8502-3634456ed6e7'}, 'name': 'オフセット', 'id': 'オフセット'}, {'label': 'entity', 'embedding': None, 'properties': {'document_id': 'C:\\Users\\akiro\\workfolder\\imabari3dcad\\evoship\\EVOSHIP_HELP_FILES\\about_body.html', 'source_path': 'C:\\Users\\akiro\\workfolder\\imabari3dcad\\evoship\\EVOSHIP_HELP_FILES\\about_body.html', 'section_id': '4478152f881537f1e6b3bb012fe2a0bf3725bf2e', 'title': 'ボディ', 'section_heading': 'ボディ', 'section_level': 2, 'section_index': 0, 'last_modified': '2025-07-08T01:02:52+00:00', 'extracted_at': '2025-11-04T07:53:17+00:00', 'data_source': 'EVOSHIP_HELP_FILES', 'chunk_id': 'eaa8f7aa-50c7-4ddb-8502-3634456ed6e7', 'chunk_index': 0, 'text_length': 250, 'start_char_idx': 0, 'end_char_idx': 250, 'triplet_source_id': 'eaa8f7aa-50c7-4ddb-8502-3634456ed6e7'}, 'name': 'シートボディ', 'id': 'シートボディ'}, {'label': 'entity', 'embedding': None, 'properties': {'document_id': 'C:\\Users\\akiro\\workfolder\\imabari3dcad\\evoship\\EVOSHIP_HELP_FILES\\about_body.html', 'source_path': 'C:\\Users\\akiro\\workfolder\\imabari3dcad\\evoship\\EVOSHIP_HELP_FILES\\about_body.html', 'section_id': '4478152f881537f1e6b3bb012fe2a0bf3725bf2e', 'title': 'ボディ', 'section_heading': 'ボディ', 'section_level': 2, 'section_index': 0, 'last_modified': '2025-07-08T01:02:52+00:00', 'extracted_at': '2025-11-04T07:53:17+00:00', 'data_source': 'EVOSHIP_HELP_FILES', 'chunk_id': 'eaa8f7aa-50c7-4ddb-8502-3634456ed6e7', 'chunk_index': 0, 'text_length': 250, 'start_char_idx': 0, 'end_char_idx': 250, 'triplet_source_id': 'eaa8f7aa-50c7-4ddb-8502-3634456ed6e7'}, 'name': '押し出し', 'id': '押し出し'}]} {}
2025-11-04 16:54:29,819 DEBUG neo4j.io: [#C1C5]  C: PULL {'n': 1000}
2025-11-04 16:54:29,820 DEBUG neo4j.io: [#C1C5]  S: SUCCESS {}
2025-11-04 16:54:29,820 DEBUG neo4j.io: [#C1C5]  _: <CONNECTION> server state: READY > TX_READY_OR_TX_STREAMING
2025-11-04 16:54:29,848 DEBUG neo4j.io: [#C1C5]  S: SUCCESS {'t_first': 27, 'fields': [], 'qid': 0}
2025-11-04 16:54:29,848 DEBUG neo4j.io: [#C1C5]  S: SUCCESS {'stats': {'contains-updates': True, 'labels-added': 160, 'relationships-created': 90, 'nodes-created': 80, 'properties-set': 1866}, 'statuses': [{'gql_status': '00001', 'status_description': 'note: successful completion - omitted result'}], 'type': 'w', 't_last': 0, 'db': 'helpfile'}
2025-11-04 16:54:29,848 DEBUG neo4j.io: [#C1C5]  C: COMMIT
2025-11-04 16:54:29,848 DEBUG neo4j.io: [#C1C5]  _: <CONNECTION> client state: TX_READY_OR_TX_STREAMING > READY
2025-11-04 16:54:29,859 DEBUG neo4j.io: [#C1C5]  S: SUCCESS {'bookmark': 'FB:kcwQH1sua9IsT4W6N0kQKFDZyGKQ'}
2025-11-04 16:54:29,859 DEBUG neo4j.io: [#C1C5]  _: <CONNECTION> server state: TX_READY_OR_TX_STREAMING > READY
2025-11-04 16:54:29,859 DEBUG neo4j.pool: [#C1C5]  _: <POOL> released bolt-223
2025-11-04 16:54:29,860 DEBUG neo4j: [#0000]  _: <WORKSPACE> routing towards fixed database: helpfile
2025-11-04 16:54:29,861 DEBUG neo4j: [#0000]  _: <WORKSPACE> pinning database: 'helpfile'
2025-11-04 16:54:29,861 DEBUG neo4j.pool: [#0000]  _: <POOL> acquire direct connection, access_mode='WRITE', database=AcquisitionDatabase(name='helpfile', guessed=False)
2025-11-04 16:54:29,861 DEBUG neo4j.pool: [#C1C5]  _: <POOL> picked existing connection bolt-223
2025-11-04 16:54:29,861 DEBUG neo4j.pool: [#C1C5]  _: <POOL> checked re_auth auth=None updated=False force=False
2025-11-04 16:54:29,861 DEBUG neo4j.pool: [#C1C5]  _: <POOL> handing out existing connection
2025-11-04 16:54:29,861 DEBUG neo4j.io: [#C1C5]  C: BEGIN {'db': 'helpfile', 'bookmarks': ['FB:kcwQH1sua9IsT4W6N0kQKFDZyGKQ']}
2025-11-04 16:54:29,861 DEBUG neo4j.io: [#C1C5]  _: <CONNECTION> client state: READY > TX_READY_OR_TX_STREAMING
2025-11-04 16:54:29,862 DEBUG neo4j.io: [#C1C5]  C: RUN '\n                UNWIND $data AS row\n                MERGE (source: __Node__ {id: row.source_id})\n                ON CREATE SET source:Chunk\n                MERGE (target: __Node__ {id: row.target_id})\n                ON CREATE SET target:Chunk\n                WITH source, target, row\n                CALL apoc.merge.relationship(source, row.label, {}, row.properties, target) YIELD rel\n                RETURN count(*)\n                ' {'data': [{'label': 'HAS_SECTION', 'source_id': 'C:\\Users\\akiro\\workfolder\\imabari3dcad\\evoship\\EVOSHIP_HELP_FILES\\about_annotation.html', 'target_id': 'f7092eea43d2f61e7b46b5293ec05b46917e46b8', 'properties': {'data_source': 'EVOSHIP_HELP_FILES', 'triplet_source_id': '680dd135-c32f-4f97-af9c-a6a647d2bc05'}}, {'label': 'HAS_CHUNK', 'source_id': 'C:\\Users\\akiro\\workfolder\\imabari3dcad\\evoship\\EVOSHIP_HELP_FILES\\about_annotation.html', 'target_id': '680dd135-c32f-4f97-af9c-a6a647d2bc05', 'properties': {'data_source': 'EVOSHIP_HELP_FILES', 'section_id': 'f7092eea43d2f61e7b46b5293ec05b46917e46b8', 'chunk_index': 0, 'triplet_source_id': '680dd135-c32f-4f97-af9c-a6a647d2bc05'}}, {'label': 'HAS_CHUNK', 'source_id': 'f7092eea43d2f61e7b46b5293ec05b46917e46b8', 'target_id': '680dd135-c32f-4f97-af9c-a6a647d2bc05', 'properties': {'data_source': 'EVOSHIP_HELP_FILES', 'chunk_index': 0, 'triplet_source_id': '680dd135-c32f-4f97-af9c-a6a647d2bc05'}}, {'label': 'Attach', 'source_id': 'Annotation', 'target_id': '3d positions', 'properties': {'document_id': 'C:\\Users\\akiro\\workfolder\\imabari3dcad\\evoship\\EVOSHIP_HELP_FILES\\about_annotation.html', 'source_path': 'C:\\Users\\akiro\\workfolder\\imabari3dcad\\evoship\\EVOSHIP_HELP_FILES\\about_annotation.html', 'section_id': 'f7092eea43d2f61e7b46b5293ec05b46917e46b8', 'title': 'アノーテーション', 'section_heading': 'アノーテーション', 'section_level': 2, 'section_index': 0, 'last_modified': '2025-07-08T01:02:52+00:00', 'extracted_at': '2025-11-04T07:53:17+00:00', 'data_source': 'EVOSHIP_HELP_FILES', 'chunk_id': '680dd135-c32f-4f97-af9c-a6a647d2bc05', 'chunk_index': 0, 'text_length': 36, 'start_char_idx': 0, 'end_char_idx': 36, 'triplet_source_id': '680dd135-c32f-4f97-af9c-a6a647d2bc05'}}, {'label': 'Attach', 'source_id': 'Annotation', 'target_id': 'Elements', 'properties': {'document_id': 'C:\\Users\\akiro\\workfolder\\imabari3dcad\\evoship\\EVOSHIP_HELP_FILES\\about_annotation.html', 'source_path': 'C:\\Users\\akiro\\workfolder\\imabari3dcad\\evoship\\EVOSHIP_HELP_FILES\\about_annotation.html', 'section_id': 'f7092eea43d2f61e7b46b5293ec05b46917e46b8', 'title': 'アノーテーション', 'section_heading': 'アノーテーション', 'section_level': 2, 'section_index': 0, 'last_modified': '2025-07-08T01:02:52+00:00', 'extracted_at': '2025-11-04T07:53:17+00:00', 'data_source': 'EVOSHIP_HELP_FILES', 'chunk_id': '680dd135-c32f-4f97-af9c-a6a647d2bc05', 'chunk_index': 0, 'text_length': 36, 'start_char_idx': 0, 'end_char_idx': 36, 'triplet_source_id': '680dd135-c32f-4f97-af9c-a6a647d2bc05'}}, {'label': 'Title', 'source_id': 'Helpdocument', 'target_id': 'アノーテーション', 'properties': {'document_id': 'C:\\Users\\akiro\\workfolder\\imabari3dcad\\evoship\\EVOSHIP_HELP_FILES\\about_annotation.html', 'source_path': 'C:\\Users\\akiro\\workfolder\\imabari3dcad\\evoship\\EVOSHIP_HELP_FILES\\about_annotation.html', 'section_id': 'f7092eea43d2f61e7b46b5293ec05b46917e46b8', 'title': 'アノーテーション', 'section_heading': 'アノーテーション', 'section_level': 2, 'section_index': 0, 'last_modified': '2025-07-08T01:02:52+00:00', 'extracted_at': '2025-11-04T07:53:17+00:00', 'data_source': 'EVOSHIP_HELP_FILES', 'chunk_id': '680dd135-c32f-4f97-af9c-a6a647d2bc05', 'chunk_index': 0, 'text_length': 36, 'start_char_idx': 0, 'end_char_idx': 36, 'triplet_source_id': '680dd135-c32f-4f97-af9c-a6a647d2bc05'}}, {'label': 'Section_heading', 'source_id': 'Helpsection', 'target_id': 'アノーテーション', 'properties': {'document_id': 'C:\\Users\\akiro\\workfolder\\imabari3dcad\\evoship\\EVOSHIP_HELP_FILES\\about_annotation.html', 'source_path': 'C:\\Users\\akiro\\workfolder\\imabari3dcad\\evoship\\EVOSHIP_HELP_FILES\\about_annotation.html', 'section_id': 'f7092eea43d2f61e7b46b5293ec05b46917e46b8', 'title': 'アノーテーション', 'section_heading': 'アノーテーション', 'section_level': 2, 'section_index': 0, 'last_modified': '2025-07-08T01:02:52+00:00', 'extracted_at': '2025-11-04T07:53:17+00:00', 'data_source': 'EVOSHIP_HELP_FILES', 'chunk_id': '680dd135-c32f-4f97-af9c-a6a647d2bc05', 'chunk_index': 0, 'text_length': 36, 'start_char_idx': 0, 'end_char_idx': 36, 'triplet_source_id': '680dd135-c32f-4f97-af9c-a6a647d2bc05'}}, {'label': 'Text', 'source_id': 'Helpchunk', 'target_id': 'アノーテーション ３次元位置や要素上に 注記 をつけることができます。', 'properties': {'document_id': 'C:\\Users\\akiro\\workfolder\\imabari3dcad\\evoship\\EVOSHIP_HELP_FILES\\about_annotation.html', 'source_path': 'C:\\Users\\akiro\\workfolder\\imabari3dcad\\evoship\\EVOSHIP_HELP_FILES\\about_annotation.html', 'section_id': 'f7092eea43d2f61e7b46b5293ec05b46917e46b8', 'title': 'アノーテーション', 'section_heading': 'アノーテーション', 'section_level': 2, 'section_index': 0, 'last_modified': '2025-07-08T01:02:52+00:00', 'extracted_at': '2025-11-04T07:53:17+00:00', 'data_source': 'EVOSHIP_HELP_FILES', 'chunk_id': '680dd135-c32f-4f97-af9c-a6a647d2bc05', 'chunk_index': 0, 'text_length': 36, 'start_char_idx': 0, 'end_char_idx': 36, 'triplet_source_id': '680dd135-c32f-4f97-af9c-a6a647d2bc05'}}, {'label': 'SOURCE', 'source_id': '680dd135-c32f-4f97-af9c-a6a647d2bc05', 'target_id': 'f7092eea43d2f61e7b46b5293ec05b46917e46b8', 'properties': {'document_id': 'C:\\Users\\akiro\\workfolder\\imabari3dcad\\evoship\\EVOSHIP_HELP_FILES\\about_annotation.html', 'source_path': 'C:\\Users\\akiro\\workfolder\\imabari3dcad\\evoship\\EVOSHIP_HELP_FILES\\about_annotation.html', 'section_id': 'f7092eea43d2f61e7b46b5293ec05b46917e46b8', 'title': 'アノーテーション', 'section_heading': 'アノーテーション', 'section_level': 2, 'section_index': 0, 'last_modified': '2025-07-08T01:02:52+00:00', 'extracted_at': '2025-11-04T07:53:17+00:00', 'data_source': 'EVOSHIP_HELP_FILES', 'chunk_id': '680dd135-c32f-4f97-af9c-a6a647d2bc05', 'chunk_index': 0, 'text_length': 36, 'start_char_idx': 0, 'end_char_idx': 36, 'triplet_source_id': '680dd135-c32f-4f97-af9c-a6a647d2bc05'}}, {'label': 'HAS_SECTION', 'source_id': 'C:\\Users\\akiro\\workfolder\\imabari3dcad\\evoship\\EVOSHIP_HELP_FILES\\about_annotation_styles_list_dialog.html', 'target_id': '786c297220afb12a8df819d022353fa285b84116', 'properties': {'data_source': 'EVOSHIP_HELP_FILES', 'triplet_source_id': '0fda72e2-604b-4f1a-8669-b5773fe755e7'}}, {'label': 'HAS_CHUNK', 'source_id': 'C:\\Users\\akiro\\workfolder\\imabari3dcad\\evoship\\EVOSHIP_HELP_FILES\\about_annotation_styles_list_dialog.html', 'target_id': '0fda72e2-604b-4f1a-8669-b5773fe755e7', 'properties': {'data_source': 'EVOSHIP_HELP_FILES', 'section_id': '786c297220afb12a8df819d022353fa285b84116', 'chunk_index': 0, 'triplet_source_id': '0fda72e2-604b-4f1a-8669-b5773fe755e7'}}, {'label': 'HAS_CHUNK', 'source_id': '786c297220afb12a8df819d022353fa285b84116', 'target_id': '0fda72e2-604b-4f1a-8669-b5773fe755e7', 'properties': {'data_source': 'EVOSHIP_HELP_FILES', 'chunk_index': 0, 'triplet_source_id': '0fda72e2-604b-4f1a-8669-b5773fe755e7'}}, {'label': 'Manages', 'source_id': 'Annotation and dimension style settings', 'target_id': 'Note and dimension parameters', 'properties': {'document_id': 'C:\\Users\\akiro\\workfolder\\imabari3dcad\\evoship\\EVOSHIP_HELP_FILES\\about_annotation_styles_list_dialog.html', 'source_path': 'C:\\Users\\akiro\\workfolder\\imabari3dcad\\evoship\\EVOSHIP_HELP_FILES\\about_annotation_styles_list_dialog.html', 'section_id': '786c297220afb12a8df819d022353fa285b84116', 'title': '注記・寸法スタイル設定', 'section_heading': '注記・寸法スタイル設定', 'section_level': 2, 'section_index': 0, 'last_modified': '2025-07-08T01:02:52+00:00', 'extracted_at': '2025-11-04T07:53:17+00:00', 'data_source': 'EVOSHIP_HELP_FILES', 'chunk_id': '0fda72e2-604b-4f1a-8669-b5773fe755e7', 'chunk_index': 0, 'text_length': 570, 'start_char_idx': 0, 'end_char_idx': 570, 'triplet_source_id': '0fda72e2-604b-4f1a-8669-b5773fe755e7'}}, {'label': 'Is', 'source_id': 'Note style', 'target_id': 'Group of parameters stored together', 'properties': {'document_id': 'C:\\Users\\akiro\\workfolder\\imabari3dcad\\evoship\\EVOSHIP_HELP_FILES\\about_annotation_styles_list_dialog.html', 'source_path': 'C:\\Users\\akiro\\workfolder\\imabari3dcad\\evoship\\EVOSHIP_HELP_FILES\\about_annotation_styles_list_dialog.html', 'section_id': '786c297220afb12a8df819d022353fa285b84116', 'title': '注記・寸法スタイル設定', 'section_heading': '注記・寸法スタイル設定', 'section_level': 2, 'section_index': 0, 'last_modified': '2025-07-08T01:02:52+00:00', 'extracted_at': '2025-11-04T07:53:17+00:00', 'data_source': 'EVOSHIP_HELP_FILES', 'chunk_id': '0fda72e2-604b-4f1a-8669-b5773fe755e7', 'chunk_index': 0, 'text_length': 570, 'start_char_idx': 0, 'end_char_idx': 570, 'triplet_source_id': '0fda72e2-604b-4f1a-8669-b5773fe755e7'}}, {'label': 'Saves', 'source_id': 'Annotation and dimension style settings window', 'target_id': 'Note styles as system settings', 'properties': {'document_id': 'C:\\Users\\akiro\\workfolder\\imabari3dcad\\evoship\\EVOSHIP_HELP_FILES\\about_annotation_styles_list_dialog.html', 'source_path': 'C:\\Users\\akiro\\workfolder\\imabari3dcad\\evoship\\EVOSHIP_HELP_FILES\\about_annotation_styles_list_dialog.html', 'section_id': '786c297220afb12a8df819d022353fa285b84116', 'title': '注記・寸法スタイル設定', 'section_heading': '注記・寸法スタイル設定', 'section_level': 2, 'section_index': 0, 'last_modified': '2025-07-08T01:02:52+00:00', 'extracted_at': '2025-11-04T07:53:17+00:00', 'data_source': 'EVOSHIP_HELP_FILES', 'chunk_id': '0fda72e2-604b-4f1a-8669-b5773fe755e7', 'chunk_index': 0, 'text_length': 570, 'start_char_idx': 0, 'end_char_idx': 570, 'triplet_source_id': '0fda72e2-604b-4f1a-8669-b5773fe755e7'}}, {'label': 'Results in', 'source_id': 'Applying note style', 'target_id': 'Sketch/drawing holding copy of style', 'properties': {'document_id': 'C:\\Users\\akiro\\workfolder\\imabari3dcad\\evoship\\EVOSHIP_HELP_FILES\\about_annotation_styles_list_dialog.html', 'source_path': 'C:\\Users\\akiro\\workfolder\\imabari3dcad\\evoship\\EVOSHIP_HELP_FILES\\about_annotation_styles_list_dialog.html', 'section_id': '786c297220afb12a8df819d022353fa285b84116', 'title': '注記・寸法スタイル設定', 'section_heading': '注記・寸法スタイル設定', 'section_level': 2, 'section_index': 0, 'last_modified': '2025-07-08T01:02:52+00:00', 'extracted_at': '2025-11-04T07:53:17+00:00', 'data_source': 'EVOSHIP_HELP_FILES', 'chunk_id': '0fda72e2-604b-4f1a-8669-b5773fe755e7', 'chunk_index': 0, 'text_length': 570, 'start_char_idx': 0, 'end_char_idx': 570, 'triplet_source_id': '0fda72e2-604b-4f1a-8669-b5773fe755e7'}}, {'label': 'Does not change', 'source_id': 'Editing style in window', 'target_id': 'Sketch/drawing copies', 'properties': {'document_id': 'C:\\Users\\akiro\\workfolder\\imabari3dcad\\evoship\\EVOSHIP_HELP_FILES\\about_annotation_styles_list_dialog.html', 'source_path': 'C:\\Users\\akiro\\workfolder\\imabari3dcad\\evoship\\EVOSHIP_HELP_FILES\\about_annotation_styles_list_dialog.html', 'section_id': '786c297220afb12a8df819d022353fa285b84116', 'title': '注記・寸法スタイル設定', 'section_heading': '注記・寸法スタイル設定', 'section_level': 2, 'section_index': 0, 'last_modified': '2025-07-08T01:02:52+00:00', 'extracted_at': '2025-11-04T07:53:17+00:00', 'data_source': 'EVOSHIP_HELP_FILES', 'chunk_id': '0fda72e2-604b-4f1a-8669-b5773fe755e7', 'chunk_index': 0, 'text_length': 570, 'start_char_idx': 0, 'end_char_idx': 570, 'triplet_source_id': '0fda72e2-604b-4f1a-8669-b5773fe755e7'}}, {'label': 'Displays', 'source_id': 'Left-side style list', 'target_id': 'Context menu', 'properties': {'document_id': 'C:\\Users\\akiro\\workfolder\\imabari3dcad\\evoship\\EVOSHIP_HELP_FILES\\about_annotation_styles_list_dialog.html', 'source_path': 'C:\\Users\\akiro\\workfolder\\imabari3dcad\\evoship\\EVOSHIP_HELP_FILES\\about_annotation_styles_list_dialog.html', 'section_id': '786c297220afb12a8df819d022353fa285b84116', 'title': '注記・寸法スタイル設定', 'section_heading': '注記・寸法スタイル設定', 'section_level': 2, 'section_index': 0, 'last_modified': '2025-07-08T01:02:52+00:00', 'extracted_at': '2025-11-04T07:53:17+00:00', 'data_source': 'EVOSHIP_HELP_FILES', 'chunk_id': '0fda72e2-604b-4f1a-8669-b5773fe755e7', 'chunk_index': 0, 'text_length': 570, 'start_char_idx': 0, 'end_char_idx': 570, 'triplet_source_id': '0fda72e2-604b-4f1a-8669-b5773fe755e7'}}, {'label': 'Enables', 'source_id': 'Context menu', 'target_id': 'Add style setting', 'properties': {'document_id': 'C:\\Users\\akiro\\workfolder\\imabari3dcad\\evoship\\EVOSHIP_HELP_FILES\\about_annotation_styles_list_dialog.html', 'source_path': 'C:\\Users\\akiro\\workfolder\\imabari3dcad\\evoship\\EVOSHIP_HELP_FILES\\about_annotation_styles_list_dialog.html', 'section_id': '786c297220afb12a8df819d022353fa285b84116', 'title': '注記・寸法スタイル設定', 'section_heading': '注記・寸法スタイル設定', 'section_level': 2, 'section_index': 0, 'last_modified': '2025-07-08T01:02:52+00:00', 'extracted_at': '2025-11-04T07:53:17+00:00', 'data_source': 'EVOSHIP_HELP_FILES', 'chunk_id': '0fda72e2-604b-4f1a-8669-b5773fe755e7', 'chunk_index': 0, 'text_length': 570, 'start_char_idx': 0, 'end_char_idx': 570, 'triplet_source_id': '0fda72e2-604b-4f1a-8669-b5773fe755e7'}}, {'label': 'Adds', 'source_id': 'Model styles addition', 'target_id': 'All note styles in open model to style list', 'properties': {'document_id': 'C:\\Users\\akiro\\workfolder\\imabari3dcad\\evoship\\EVOSHIP_HELP_FILES\\about_annotation_styles_list_dialog.html', 'source_path': 'C:\\Users\\akiro\\workfolder\\imabari3dcad\\evoship\\EVOSHIP_HELP_FILES\\about_annotation_styles_list_dialog.html', 'section_id': '786c297220afb12a8df819d022353fa285b84116', 'title': '注記・寸法スタイル設定', 'section_heading': '注記・寸法スタイル設定', 'section_level': 2, 'section_index': 0, 'last_modified': '2025-07-08T01:02:52+00:00', 'extracted_at': '2025-11-04T07:53:17+00:00', 'data_source': 'EVOSHIP_HELP_FILES', 'chunk_id': '0fda72e2-604b-4f1a-8669-b5773fe755e7', 'chunk_index': 0, 'text_length': 570, 'start_char_idx': 0, 'end_char_idx': 570, 'triplet_source_id': '0fda72e2-604b-4f1a-8669-b5773fe755e7'}}, {'label': 'Creates', 'source_id': 'Copy-style addition', 'target_id': 'New style from existing', 'properties': {'document_id': 'C:\\Users\\akiro\\workfolder\\imabari3dcad\\evoship\\EVOSHIP_HELP_FILES\\about_annotation_styles_list_dialog.html', 'source_path': 'C:\\Users\\akiro\\workfolder\\imabari3dcad\\evoship\\EVOSHIP_HELP_FILES\\about_annotation_styles_list_dialog.html', 'section_id': '786c297220afb12a8df819d022353fa285b84116', 'title': '注記・寸法スタイル設定', 'section_heading': '注記・寸法スタイル設定', 'section_level': 2, 'section_index': 0, 'last_modified': '2025-07-08T01:02:52+00:00', 'extracted_at': '2025-11-04T07:53:17+00:00', 'data_source': 'EVOSHIP_HELP_FILES', 'chunk_id': '0fda72e2-604b-4f1a-8669-b5773fe755e7', 'chunk_index': 0, 'text_length': 570, 'start_char_idx': 0, 'end_char_idx': 570, 'triplet_source_id': '0fda72e2-604b-4f1a-8669-b5773fe755e7'}}, {'label': 'SOURCE', 'source_id': '0fda72e2-604b-4f1a-8669-b5773fe755e7', 'target_id': '786c297220afb12a8df819d022353fa285b84116', 'properties': {'document_id': 'C:\\Users\\akiro\\workfolder\\imabari3dcad\\evoship\\EVOSHIP_HELP_FILES\\about_annotation_styles_list_dialog.html', 'source_path': 'C:\\Users\\akiro\\workfolder\\imabari3dcad\\evoship\\EVOSHIP_HELP_FILES\\about_annotation_styles_list_dialog.html', 'section_id': '786c297220afb12a8df819d022353fa285b84116', 'title': '注記・寸法スタイル設定', 'section_heading': '注記・寸法スタイル設定', 'section_level': 2, 'section_index': 0, 'last_modified': '2025-07-08T01:02:52+00:00', 'extracted_at': '2025-11-04T07:53:17+00:00', 'data_source': 'EVOSHIP_HELP_FILES', 'chunk_id': '0fda72e2-604b-4f1a-8669-b5773fe755e7', 'chunk_index': 0, 'text_length': 570, 'start_char_idx': 0, 'end_char_idx': 570, 'triplet_source_id': '0fda72e2-604b-4f1a-8669-b5773fe755e7'}}, {'label': 'NEXT', 'source_id': '0fda72e2-604b-4f1a-8669-b5773fe755e7', 'target_id': 'ee59ad76-80e3-4c8e-99dc-9dc9e6b4e5ff', 'properties': {'document_id': 'C:\\Users\\akiro\\workfolder\\imabari3dcad\\evoship\\EVOSHIP_HELP_FILES\\about_annotation_styles_list_dialog.html', 'source_path': 'C:\\Users\\akiro\\workfolder\\imabari3dcad\\evoship\\EVOSHIP_HELP_FILES\\about_annotation_styles_list_dialog.html', 'section_id': '786c297220afb12a8df819d022353fa285b84116', 'title': '注記・寸法スタイル設定', 'section_heading': '注記・寸法スタイル設定', 'section_level': 2, 'section_index': 0, 'last_modified': '2025-07-08T01:02:52+00:00', 'extracted_at': '2025-11-04T07:53:17+00:00', 'data_source': 'EVOSHIP_HELP_FILES', 'chunk_id': '0fda72e2-604b-4f1a-8669-b5773fe755e7', 'chunk_index': 0, 'text_length': 570, 'start_char_idx': 0, 'end_char_idx': 570, 'triplet_source_id': '0fda72e2-604b-4f1a-8669-b5773fe755e7'}}, {'label': 'HAS_SECTION', 'source_id': 'C:\\Users\\akiro\\workfolder\\imabari3dcad\\evoship\\EVOSHIP_HELP_FILES\\about_annotation_styles_list_dialog.html', 'target_id': '786c297220afb12a8df819d022353fa285b84116', 'properties': {'data_source': 'EVOSHIP_HELP_FILES', 'triplet_source_id': 'ee59ad76-80e3-4c8e-99dc-9dc9e6b4e5ff'}}, {'label': 'HAS_CHUNK', 'source_id': 'C:\\Users\\akiro\\workfolder\\imabari3dcad\\evoship\\EVOSHIP_HELP_FILES\\about_annotation_styles_list_dialog.html', 'target_id': 'ee59ad76-80e3-4c8e-99dc-9dc9e6b4e5ff', 'properties': {'data_source': 'EVOSHIP_HELP_FILES', 'section_id': '786c297220afb12a8df819d022353fa285b84116', 'chunk_index': 1, 'triplet_source_id': 'ee59ad76-80e3-4c8e-99dc-9dc9e6b4e5ff'}}, {'label': 'HAS_CHUNK', 'source_id': '786c297220afb12a8df819d022353fa285b84116', 'target_id': 'ee59ad76-80e3-4c8e-99dc-9dc9e6b4e5ff', 'properties': {'data_source': 'EVOSHIP_HELP_FILES', 'chunk_index': 1, 'triplet_source_id': 'ee59ad76-80e3-4c8e-99dc-9dc9e6b4e5ff'}}, {'label': '基にして作成', 'source_id': '既存のスタイル', 'target_id': '新しいスタイル', 'properties': {'document_id': 'C:\\Users\\akiro\\workfolder\\imabari3dcad\\evoship\\EVOSHIP_HELP_FILES\\about_annotation_styles_list_dialog.html', 'source_path': 'C:\\Users\\akiro\\workfolder\\imabari3dcad\\evoship\\EVOSHIP_HELP_FILES\\about_annotation_styles_list_dialog.html', 'section_id': '786c297220afb12a8df819d022353fa285b84116', 'title': '注記・寸法スタイル設定', 'section_heading': '注記・寸法スタイル設定', 'section_level': 2, 'section_index': 0, 'last_modified': '2025-07-08T01:02:52+00:00', 'extracted_at': '2025-11-04T07:53:17+00:00', 'data_source': 'EVOSHIP_HELP_FILES', 'chunk_id': 'ee59ad76-80e3-4c8e-99dc-9dc9e6b4e5ff', 'chunk_index': 1, 'text_length': 330, 'start_char_idx': 490, 'end_char_idx': 820, 'triplet_source_id': 'ee59ad76-80e3-4c8e-99dc-9dc9e6b4e5ff'}}, {'label': '選択', 'source_id': 'スタイル', 'target_id': 'コンテキストメニューを表示', 'properties': {'document_id': 'C:\\Users\\akiro\\workfolder\\imabari3dcad\\evoship\\EVOSHIP_HELP_FILES\\about_annotation_styles_list_dialog.html', 'source_path': 'C:\\Users\\akiro\\workfolder\\imabari3dcad\\evoship\\EVOSHIP_HELP_FILES\\about_annotation_styles_list_dialog.html', 'section_id': '786c297220afb12a8df819d022353fa285b84116', 'title': '注記・寸法スタイル設定', 'section_heading': '注記・寸法スタイル設定', 'section_level': 2, 'section_index': 0, 'last_modified': '2025-07-08T01:02:52+00:00', 'extracted_at': '2025-11-04T07:53:17+00:00', 'data_source': 'EVOSHIP_HELP_FILES', 'chunk_id': 'ee59ad76-80e3-4c8e-99dc-9dc9e6b4e5ff', 'chunk_index': 1, 'text_length': 330, 'start_char_idx': 490, 'end_char_idx': 820, 'triplet_source_id': 'ee59ad76-80e3-4c8e-99dc-9dc9e6b4e5ff'}}, {'label': 'クリックする', 'source_id': 'スタイル設定（コピー）の追加', 'target_id': '実行', 'properties': {'document_id': 'C:\\Users\\akiro\\workfolder\\imabari3dcad\\evoship\\EVOSHIP_HELP_FILES\\about_annotation_styles_list_dialog.html', 'source_path': 'C:\\Users\\akiro\\workfolder\\imabari3dcad\\evoship\\EVOSHIP_HELP_FILES\\about_annotation_styles_list_dialog.html', 'section_id': '786c297220afb12a8df819d022353fa285b84116', 'title': '注記・寸法スタイル設定', 'section_heading': '注記・寸法スタイル設定', 'section_level': 2, 'section_index': 0, 'last_modified': '2025-07-08T01:02:52+00:00', 'extracted_at': '2025-11-04T07:53:17+00:00', 'data_source': 'EVOSHIP_HELP_FILES', 'chunk_id': 'ee59ad76-80e3-4c8e-99dc-9dc9e6b4e5ff', 'chunk_index': 1, 'text_length': 330, 'start_char_idx': 490, 'end_char_idx': 820, 'triplet_source_id': 'ee59ad76-80e3-4c8e-99dc-9dc9e6b4e5ff'}}, {'label': 'クリックすると', 'source_id': 'モデルの更新ボタン', 'target_id': '適用ずみスタイルを上書き', 'properties': {'document_id': 'C:\\Users\\akiro\\workfolder\\imabari3dcad\\evoship\\EVOSHIP_HELP_FILES\\about_annotation_styles_list_dialog.html', 'source_path': 'C:\\Users\\akiro\\workfolder\\imabari3dcad\\evoship\\EVOSHIP_HELP_FILES\\about_annotation_styles_list_dialog.html', 'section_id': '786c297220afb12a8df819d022353fa285b84116', 'title': '注記・寸法スタイル設定', 'section_heading': '注記・寸法スタイル設定', 'section_level': 2, 'section_index': 0, 'last_modified': '2025-07-08T01:02:52+00:00', 'extracted_at': '2025-11-04T07:53:17+00:00', 'data_source': 'EVOSHIP_HELP_FILES', 'chunk_id': 'ee59ad76-80e3-4c8e-99dc-9dc9e6b4e5ff', 'chunk_index': 1, 'text_length': 330, 'start_char_idx': 490, 'end_char_idx': 820, 'triplet_source_id': 'ee59ad76-80e3-4c8e-99dc-9dc9e6b4e5ff'}}, {'label': '上書きされる', 'source_id': '適用ずみスタイル', 'target_id': 'システム設定のスタイル', 'properties': {'document_id': 'C:\\Users\\akiro\\workfolder\\imabari3dcad\\evoship\\EVOSHIP_HELP_FILES\\about_annotation_styles_list_dialog.html', 'source_path': 'C:\\Users\\akiro\\workfolder\\imabari3dcad\\evoship\\EVOSHIP_HELP_FILES\\about_annotation_styles_list_dialog.html', 'section_id': '786c297220afb12a8df819d022353fa285b84116', 'title': '注記・寸法スタイル設定', 'section_heading': '注記・寸法スタイル設定', 'section_level': 2, 'section_index': 0, 'last_modified': '2025-07-08T01:02:52+00:00', 'extracted_at': '2025-11-04T07:53:17+00:00', 'data_source': 'EVOSHIP_HELP_FILES', 'chunk_id': 'ee59ad76-80e3-4c8e-99dc-9dc9e6b4e5ff', 'chunk_index': 1, 'text_length': 330, 'start_char_idx': 490, 'end_char_idx': 820, 'triplet_source_id': 'ee59ad76-80e3-4c8e-99dc-9dc9e6b4e5ff'}}, {'label': '複数存在する', 'source_id': 'スタイル一覧', 'target_id': '同名スタイル', 'properties': {'document_id': 'C:\\Users\\akiro\\workfolder\\imabari3dcad\\evoship\\EVOSHIP_HELP_FILES\\about_annotation_styles_list_dialog.html', 'source_path': 'C:\\Users\\akiro\\workfolder\\imabari3dcad\\evoship\\EVOSHIP_HELP_FILES\\about_annotation_styles_list_dialog.html', 'section_id': '786c297220afb12a8df819d022353fa285b84116', 'title': '注記・寸法スタイル設定', 'section_heading': '注記・寸法スタイル設定', 'section_level': 2, 'section_index': 0, 'last_modified': '2025-07-08T01:02:52+00:00', 'extracted_at': '2025-11-04T07:53:17+00:00', 'data_source': 'EVOSHIP_HELP_FILES', 'chunk_id': 'ee59ad76-80e3-4c8e-99dc-9dc9e6b4e5ff', 'chunk_index': 1, 'text_length': 330, 'start_char_idx': 490, 'end_char_idx': 820, 'triplet_source_id': 'ee59ad76-80e3-4c8e-99dc-9dc9e6b4e5ff'}}, {'label': '上書きに使われる', 'source_id': '同名スタイル', 'target_id': 'ひとつだけ', 'properties': {'document_id': 'C:\\Users\\akiro\\workfolder\\imabari3dcad\\evoship\\EVOSHIP_HELP_FILES\\about_annotation_styles_list_dialog.html', 'source_path': 'C:\\Users\\akiro\\workfolder\\imabari3dcad\\evoship\\EVOSHIP_HELP_FILES\\about_annotation_styles_list_dialog.html', 'section_id': '786c297220afb12a8df819d022353fa285b84116', 'title': '注記・寸法スタイル設定', 'section_heading': '注記・寸法スタイル設定', 'section_level': 2, 'section_index': 0, 'last_modified': '2025-07-08T01:02:52+00:00', 'extracted_at': '2025-11-04T07:53:17+00:00', 'data_source': 'EVOSHIP_HELP_FILES', 'chunk_id': 'ee59ad76-80e3-4c8e-99dc-9dc9e6b4e5ff', 'chunk_index': 1, 'text_length': 330, 'start_char_idx': 490, 'end_char_idx': 820, 'triplet_source_id': 'ee59ad76-80e3-4c8e-99dc-9dc9e6b4e5ff'}}, {'label': '無視される', 'source_id': '残りスタイル', 'target_id': '同名スタイル', 'properties': {'document_id': 'C:\\Users\\akiro\\workfolder\\imabari3dcad\\evoship\\EVOSHIP_HELP_FILES\\about_annotation_styles_list_dialog.html', 'source_path': 'C:\\Users\\akiro\\workfolder\\imabari3dcad\\evoship\\EVOSHIP_HELP_FILES\\about_annotation_styles_list_dialog.html', 'section_id': '786c297220afb12a8df819d022353fa285b84116', 'title': '注記・寸法スタイル設定', 'section_heading': '注記・寸法スタイル設定', 'section_level': 2, 'section_index': 0, 'last_modified': '2025-07-08T01:02:52+00:00', 'extracted_at': '2025-11-04T07:53:17+00:00', 'data_source': 'EVOSHIP_HELP_FILES', 'chunk_id': 'ee59ad76-80e3-4c8e-99dc-9dc9e6b4e5ff', 'chunk_index': 1, 'text_length': 330, 'start_char_idx': 490, 'end_char_idx': 820, 'triplet_source_id': 'ee59ad76-80e3-4c8e-99dc-9dc9e6b4e5ff'}}, {'label': '避けるべき', 'source_id': '同名のスタイルを作る', 'target_id': '推奨', 'properties': {'document_id': 'C:\\Users\\akiro\\workfolder\\imabari3dcad\\evoship\\EVOSHIP_HELP_FILES\\about_annotation_styles_list_dialog.html', 'source_path': 'C:\\Users\\akiro\\workfolder\\imabari3dcad\\evoship\\EVOSHIP_HELP_FILES\\about_annotation_styles_list_dialog.html', 'section_id': '786c297220afb12a8df819d022353fa285b84116', 'title': '注記・寸法スタイル設定', 'section_heading': '注記・寸法スタイル設定', 'section_level': 2, 'section_index': 0, 'last_modified': '2025-07-08T01:02:52+00:00', 'extracted_at': '2025-11-04T07:53:17+00:00', 'data_source': 'EVOSHIP_HELP_FILES', 'chunk_id': 'ee59ad76-80e3-4c8e-99dc-9dc9e6b4e5ff', 'chunk_index': 1, 'text_length': 330, 'start_char_idx': 490, 'end_char_idx': 820, 'triplet_source_id': 'ee59ad76-80e3-4c8e-99dc-9dc9e6b4e5ff'}}, {'label': 'SOURCE', 'source_id': 'ee59ad76-80e3-4c8e-99dc-9dc9e6b4e5ff', 'target_id': '786c297220afb12a8df819d022353fa285b84116', 'properties': {'document_id': 'C:\\Users\\akiro\\workfolder\\imabari3dcad\\evoship\\EVOSHIP_HELP_FILES\\about_annotation_styles_list_dialog.html', 'source_path': 'C:\\Users\\akiro\\workfolder\\imabari3dcad\\evoship\\EVOSHIP_HELP_FILES\\about_annotation_styles_list_dialog.html', 'section_id': '786c297220afb12a8df819d022353fa285b84116', 'title': '注記・寸法スタイル設定', 'section_heading': '注記・寸法スタイル設定', 'section_level': 2, 'section_index': 0, 'last_modified': '2025-07-08T01:02:52+00:00', 'extracted_at': '2025-11-04T07:53:17+00:00', 'data_source': 'EVOSHIP_HELP_FILES', 'chunk_id': 'ee59ad76-80e3-4c8e-99dc-9dc9e6b4e5ff', 'chunk_index': 1, 'text_length': 330, 'start_char_idx': 490, 'end_char_idx': 820, 'triplet_source_id': 'ee59ad76-80e3-4c8e-99dc-9dc9e6b4e5ff'}}, {'label': 'PREVIOUS', 'source_id': 'ee59ad76-80e3-4c8e-99dc-9dc9e6b4e5ff', 'target_id': '0fda72e2-604b-4f1a-8669-b5773fe755e7', 'properties': {'document_id': 'C:\\Users\\akiro\\workfolder\\imabari3dcad\\evoship\\EVOSHIP_HELP_FILES\\about_annotation_styles_list_dialog.html', 'source_path': 'C:\\Users\\akiro\\workfolder\\imabari3dcad\\evoship\\EVOSHIP_HELP_FILES\\about_annotation_styles_list_dialog.html', 'section_id': '786c297220afb12a8df819d022353fa285b84116', 'title': '注記・寸法スタイル設定', 'section_heading': '注記・寸法スタイル設定', 'section_level': 2, 'section_index': 0, 'last_modified': '2025-07-08T01:02:52+00:00', 'extracted_at': '2025-11-04T07:53:17+00:00', 'data_source': 'EVOSHIP_HELP_FILES', 'chunk_id': 'ee59ad76-80e3-4c8e-99dc-9dc9e6b4e5ff', 'chunk_index': 1, 'text_length': 330, 'start_char_idx': 490, 'end_char_idx': 820, 'triplet_source_id': 'ee59ad76-80e3-4c8e-99dc-9dc9e6b4e5ff'}}, {'label': 'HAS_SECTION', 'source_id': 'C:\\Users\\akiro\\workfolder\\imabari3dcad\\evoship\\EVOSHIP_HELP_FILES\\about_annotation_styles_list_dialog.html', 'target_id': '479fc241bbf40f983b5b190f3f96c13829c67842', 'properties': {'data_source': 'EVOSHIP_HELP_FILES', 'triplet_source_id': '1f1c1a29-9a6c-4c2a-8a0d-ab58a2fc546c'}}, {'label': 'HAS_CHUNK', 'source_id': 'C:\\Users\\akiro\\workfolder\\imabari3dcad\\evoship\\EVOSHIP_HELP_FILES\\about_annotation_styles_list_dialog.html', 'target_id': '1f1c1a29-9a6c-4c2a-8a0d-ab58a2fc546c', 'properties': {'data_source': 'EVOSHIP_HELP_FILES', 'section_id': '479fc241bbf40f983b5b190f3f96c13829c67842', 'chunk_index': 0, 'triplet_source_id': '1f1c1a29-9a6c-4c2a-8a0d-ab58a2fc546c'}}, {'label': 'HAS_CHUNK', 'source_id': '479fc241bbf40f983b5b190f3f96c13829c67842', 'target_id': '1f1c1a29-9a6c-4c2a-8a0d-ab58a2fc546c', 'properties': {'data_source': 'EVOSHIP_HELP_FILES', 'chunk_index': 0, 'triplet_source_id': '1f1c1a29-9a6c-4c2a-8a0d-ab58a2fc546c'}}, {'label': '保存される', 'source_id': '注記スタイル', 'target_id': 'システム設定', 'properties': {'document_id': 'C:\\Users\\akiro\\workfolder\\imabari3dcad\\evoship\\EVOSHIP_HELP_FILES\\about_annotation_styles_list_dialog.html', 'source_path': 'C:\\Users\\akiro\\workfolder\\imabari3dcad\\evoship\\EVOSHIP_HELP_FILES\\about_annotation_styles_list_dialog.html', 'section_id': '479fc241bbf40f983b5b190f3f96c13829c67842', 'title': '注記・寸法スタイル設定', 'section_heading': '注記スタイルの管理', 'section_level': 3, 'section_index': 1, 'last_modified': '2025-07-08T01:02:52+00:00', 'extracted_at': '2025-11-04T07:53:17+00:00', 'data_source': 'EVOSHIP_HELP_FILES', 'chunk_id': '1f1c1a29-9a6c-4c2a-8a0d-ab58a2fc546c', 'chunk_index': 0, 'text_length': 191, 'start_char_idx': 0, 'end_char_idx': 191, 'triplet_source_id': '1f1c1a29-9a6c-4c2a-8a0d-ab58a2fc546c'}}, {'label': '適用', 'source_id': '注記スタイル', 'target_id': 'スケッチ', 'properties': {'document_id': 'C:\\Users\\akiro\\workfolder\\imabari3dcad\\evoship\\EVOSHIP_HELP_FILES\\about_annotation_styles_list_dialog.html', 'source_path': 'C:\\Users\\akiro\\workfolder\\imabari3dcad\\evoship\\EVOSHIP_HELP_FILES\\about_annotation_styles_list_dialog.html', 'section_id': '479fc241bbf40f983b5b190f3f96c13829c67842', 'title': '注記・寸法スタイル設定', 'section_heading': '注記スタイルの管理', 'section_level': 3, 'section_index': 1, 'last_modified': '2025-07-08T01:02:52+00:00', 'extracted_at': '2025-11-04T07:53:17+00:00', 'data_source': 'EVOSHIP_HELP_FILES', 'chunk_id': '1f1c1a29-9a6c-4c2a-8a0d-ab58a2fc546c', 'chunk_index': 0, 'text_length': 191, 'start_char_idx': 0, 'end_char_idx': 191, 'triplet_source_id': '1f1c1a29-9a6c-4c2a-8a0d-ab58a2fc546c'}}, {'label': '適用', 'source_id': '注記スタイル', 'target_id': '図面', 'properties': {'document_id': 'C:\\Users\\akiro\\workfolder\\imabari3dcad\\evoship\\EVOSHIP_HELP_FILES\\about_annotation_styles_list_dialog.html', 'source_path': 'C:\\Users\\akiro\\workfolder\\imabari3dcad\\evoship\\EVOSHIP_HELP_FILES\\about_annotation_styles_list_dialog.html', 'section_id': '479fc241bbf40f983b5b190f3f96c13829c67842', 'title': '注記・寸法スタイル設定', 'section_heading': '注記スタイルの管理', 'section_level': 3, 'section_index': 1, 'last_modified': '2025-07-08T01:02:52+00:00', 'extracted_at': '2025-11-04T07:53:17+00:00', 'data_source': 'EVOSHIP_HELP_FILES', 'chunk_id': '1f1c1a29-9a6c-4c2a-8a0d-ab58a2fc546c', 'chunk_index': 0, 'text_length': 191, 'start_char_idx': 0, 'end_char_idx': 191, 'triplet_source_id': '1f1c1a29-9a6c-4c2a-8a0d-ab58a2fc546c'}}, {'label': 'コピー保持', 'source_id': 'スケッチ', 'target_id': '注記スタイルのコピー', 'properties': {'document_id': 'C:\\Users\\akiro\\workfolder\\imabari3dcad\\evoship\\EVOSHIP_HELP_FILES\\about_annotation_styles_list_dialog.html', 'source_path': 'C:\\Users\\akiro\\workfolder\\imabari3dcad\\evoship\\EVOSHIP_HELP_FILES\\about_annotation_styles_list_dialog.html', 'section_id': '479fc241bbf40f983b5b190f3f96c13829c67842', 'title': '注記・寸法スタイル設定', 'section_heading': '注記スタイルの管理', 'section_level': 3, 'section_index': 1, 'last_modified': '2025-07-08T01:02:52+00:00', 'extracted_at': '2025-11-04T07:53:17+00:00', 'data_source': 'EVOSHIP_HELP_FILES', 'chunk_id': '1f1c1a29-9a6c-4c2a-8a0d-ab58a2fc546c', 'chunk_index': 0, 'text_length': 191, 'start_char_idx': 0, 'end_char_idx': 191, 'triplet_source_id': '1f1c1a29-9a6c-4c2a-8a0d-ab58a2fc546c'}}, {'label': 'コピー保持', 'source_id': '図面', 'target_id': '注記スタイルのコピー', 'properties': {'document_id': 'C:\\Users\\akiro\\workfolder\\imabari3dcad\\evoship\\EVOSHIP_HELP_FILES\\about_annotation_styles_list_dialog.html', 'source_path': 'C:\\Users\\akiro\\workfolder\\imabari3dcad\\evoship\\EVOSHIP_HELP_FILES\\about_annotation_styles_list_dialog.html', 'section_id': '479fc241bbf40f983b5b190f3f96c13829c67842', 'title': '注記・寸法スタイル設定', 'section_heading': '注記スタイルの管理', 'section_level': 3, 'section_index': 1, 'last_modified': '2025-07-08T01:02:52+00:00', 'extracted_at': '2025-11-04T07:53:17+00:00', 'data_source': 'EVOSHIP_HELP_FILES', 'chunk_id': '1f1c1a29-9a6c-4c2a-8a0d-ab58a2fc546c', 'chunk_index': 0, 'text_length': 191, 'start_char_idx': 0, 'end_char_idx': 191, 'triplet_source_id': '1f1c1a29-9a6c-4c2a-8a0d-ab58a2fc546c'}}, {'label': '編集', 'source_id': '注記・寸法スタイル設定ウィンドウ', 'target_id': '注記スタイル', 'properties': {'document_id': 'C:\\Users\\akiro\\workfolder\\imabari3dcad\\evoship\\EVOSHIP_HELP_FILES\\about_annotation_styles_list_dialog.html', 'source_path': 'C:\\Users\\akiro\\workfolder\\imabari3dcad\\evoship\\EVOSHIP_HELP_FILES\\about_annotation_styles_list_dialog.html', 'section_id': '479fc241bbf40f983b5b190f3f96c13829c67842', 'title': '注記・寸法スタイル設定', 'section_heading': '注記スタイルの管理', 'section_level': 3, 'section_index': 1, 'last_modified': '2025-07-08T01:02:52+00:00', 'extracted_at': '2025-11-04T07:53:17+00:00', 'data_source': 'EVOSHIP_HELP_FILES', 'chunk_id': '1f1c1a29-9a6c-4c2a-8a0d-ab58a2fc546c', 'chunk_index': 0, 'text_length': 191, 'start_char_idx': 0, 'end_char_idx': 191, 'triplet_source_id': '1f1c1a29-9a6c-4c2a-8a0d-ab58a2fc546c'}}, {'label': 'SOURCE', 'source_id': '1f1c1a29-9a6c-4c2a-8a0d-ab58a2fc546c', 'target_id': '479fc241bbf40f983b5b190f3f96c13829c67842', 'properties': {'document_id': 'C:\\Users\\akiro\\workfolder\\imabari3dcad\\evoship\\EVOSHIP_HELP_FILES\\about_annotation_styles_list_dialog.html', 'source_path': 'C:\\Users\\akiro\\workfolder\\imabari3dcad\\evoship\\EVOSHIP_HELP_FILES\\about_annotation_styles_list_dialog.html', 'section_id': '479fc241bbf40f983b5b190f3f96c13829c67842', 'title': '注記・寸法スタイル設定', 'section_heading': '注記スタイルの管理', 'section_level': 3, 'section_index': 1, 'last_modified': '2025-07-08T01:02:52+00:00', 'extracted_at': '2025-11-04T07:53:17+00:00', 'data_source': 'EVOSHIP_HELP_FILES', 'chunk_id': '1f1c1a29-9a6c-4c2a-8a0d-ab58a2fc546c', 'chunk_index': 0, 'text_length': 191, 'start_char_idx': 0, 'end_char_idx': 191, 'triplet_source_id': '1f1c1a29-9a6c-4c2a-8a0d-ab58a2fc546c'}}, {'label': 'HAS_SECTION', 'source_id': 'C:\\Users\\akiro\\workfolder\\imabari3dcad\\evoship\\EVOSHIP_HELP_FILES\\about_annotation_styles_list_dialog.html', 'target_id': '948fca157e8e5cee99d571163057daa7a31b2157', 'properties': {'data_source': 'EVOSHIP_HELP_FILES', 'triplet_source_id': 'b0ce3c93-3a19-4b78-aed8-08c5044d3120'}}, {'label': 'HAS_CHUNK', 'source_id': 'C:\\Users\\akiro\\workfolder\\imabari3dcad\\evoship\\EVOSHIP_HELP_FILES\\about_annotation_styles_list_dialog.html', 'target_id': 'b0ce3c93-3a19-4b78-aed8-08c5044d3120', 'properties': {'data_source': 'EVOSHIP_HELP_FILES', 'section_id': '948fca157e8e5cee99d571163057daa7a31b2157', 'chunk_index': 0, 'triplet_source_id': 'b0ce3c93-3a19-4b78-aed8-08c5044d3120'}}, {'label': 'HAS_CHUNK', 'source_id': '948fca157e8e5cee99d571163057daa7a31b2157', 'target_id': 'b0ce3c93-3a19-4b78-aed8-08c5044d3120', 'properties': {'data_source': 'EVOSHIP_HELP_FILES', 'chunk_index': 0, 'triplet_source_id': 'b0ce3c93-3a19-4b78-aed8-08c5044d3120'}}, {'label': 'クリックすると', 'source_id': 'スタイル設定の追加', 'target_id': '注記スタイルがスタイル一覧に追加される', 'properties': {'document_id': 'C:\\Users\\akiro\\workfolder\\imabari3dcad\\evoship\\EVOSHIP_HELP_FILES\\about_annotation_styles_list_dialog.html', 'source_path': 'C:\\Users\\akiro\\workfolder\\imabari3dcad\\evoship\\EVOSHIP_HELP_FILES\\about_annotation_styles_list_dialog.html', 'section_id': '948fca157e8e5cee99d571163057daa7a31b2157', 'title': '注記・寸法スタイル設定', 'section_heading': '注記スタイルの作成', 'section_level': 3, 'section_index': 2, 'last_modified': '2025-07-08T01:02:52+00:00', 'extracted_at': '2025-11-04T07:53:17+00:00', 'data_source': 'EVOSHIP_HELP_FILES', 'chunk_id': 'b0ce3c93-3a19-4b78-aed8-08c5044d3120', 'chunk_index': 0, 'text_length': 223, 'start_char_idx': 0, 'end_char_idx': 223, 'triplet_source_id': 'b0ce3c93-3a19-4b78-aed8-08c5044d3120'}}, {'label': '保持する注記スタイル', 'source_id': '現在開いているモデル内のスケッチや図面', 'target_id': 'スタイル一覧に追加される', 'properties': {'document_id': 'C:\\Users\\akiro\\workfolder\\imabari3dcad\\evoship\\EVOSHIP_HELP_FILES\\about_annotation_styles_list_dialog.html', 'source_path': 'C:\\Users\\akiro\\workfolder\\imabari3dcad\\evoship\\EVOSHIP_HELP_FILES\\about_annotation_styles_list_dialog.html', 'section_id': '948fca157e8e5cee99d571163057daa7a31b2157', 'title': '注記・寸法スタイル設定', 'section_heading': '注記スタイルの作成', 'section_level': 3, 'section_index': 2, 'last_modified': '2025-07-08T01:02:52+00:00', 'extracted_at': '2025-11-04T07:53:17+00:00', 'data_source': 'EVOSHIP_HELP_FILES', 'chunk_id': 'b0ce3c93-3a19-4b78-aed8-08c5044d3120', 'chunk_index': 0, 'text_length': 223, 'start_char_idx': 0, 'end_char_idx': 223, 'triplet_source_id': 'b0ce3c93-3a19-4b78-aed8-08c5044d3120'}}, {'label': 'クリックすると', 'source_id': 'スタイル設定（コピー）の追加', 'target_id': '既存スタイルを元に新規スタイル作成', 'properties': {'document_id': 'C:\\Users\\akiro\\workfolder\\imabari3dcad\\evoship\\EVOSHIP_HELP_FILES\\about_annotation_styles_list_dialog.html', 'source_path': 'C:\\Users\\akiro\\workfolder\\imabari3dcad\\evoship\\EVOSHIP_HELP_FILES\\about_annotation_styles_list_dialog.html', 'section_id': '948fca157e8e5cee99d571163057daa7a31b2157', 'title': '注記・寸法スタイル設定', 'section_heading': '注記スタイルの作成', 'section_level': 3, 'section_index': 2, 'last_modified': '2025-07-08T01:02:52+00:00', 'extracted_at': '2025-11-04T07:53:17+00:00', 'data_source': 'EVOSHIP_HELP_FILES', 'chunk_id': 'b0ce3c93-3a19-4b78-aed8-08c5044d3120', 'chunk_index': 0, 'text_length': 223, 'start_char_idx': 0, 'end_char_idx': 223, 'triplet_source_id': 'b0ce3c93-3a19-4b78-aed8-08c5044d3120'}}, {'label': 'SOURCE', 'source_id': 'b0ce3c93-3a19-4b78-aed8-08c5044d3120', 'target_id': '948fca157e8e5cee99d571163057daa7a31b2157', 'properties': {'document_id': 'C:\\Users\\akiro\\workfolder\\imabari3dcad\\evoship\\EVOSHIP_HELP_FILES\\about_annotation_styles_list_dialog.html', 'source_path': 'C:\\Users\\akiro\\workfolder\\imabari3dcad\\evoship\\EVOSHIP_HELP_FILES\\about_annotation_styles_list_dialog.html', 'section_id': '948fca157e8e5cee99d571163057daa7a31b2157', 'title': '注記・寸法スタイル設定', 'section_heading': '注記スタイルの作成', 'section_level': 3, 'section_index': 2, 'last_modified': '2025-07-08T01:02:52+00:00', 'extracted_at': '2025-11-04T07:53:17+00:00', 'data_source': 'EVOSHIP_HELP_FILES', 'chunk_id': 'b0ce3c93-3a19-4b78-aed8-08c5044d3120', 'chunk_index': 0, 'text_length': 223, 'start_char_idx': 0, 'end_char_idx': 223, 'triplet_source_id': 'b0ce3c93-3a19-4b78-aed8-08c5044d3120'}}, {'label': 'HAS_SECTION', 'source_id': 'C:\\Users\\akiro\\workfolder\\imabari3dcad\\evoship\\EVOSHIP_HELP_FILES\\about_annotation_styles_list_dialog.html', 'target_id': '20282e22440d39595fb32550c039519844363c95', 'properties': {'data_source': 'EVOSHIP_HELP_FILES', 'triplet_source_id': '5e8083f4-7d49-4be1-9e3e-c5f82eb8f49c'}}, {'label': 'HAS_CHUNK', 'source_id': 'C:\\Users\\akiro\\workfolder\\imabari3dcad\\evoship\\EVOSHIP_HELP_FILES\\about_annotation_styles_list_dialog.html', 'target_id': '5e8083f4-7d49-4be1-9e3e-c5f82eb8f49c', 'properties': {'data_source': 'EVOSHIP_HELP_FILES', 'section_id': '20282e22440d39595fb32550c039519844363c95', 'chunk_index': 0, 'triplet_source_id': '5e8083f4-7d49-4be1-9e3e-c5f82eb8f49c'}}, {'label': 'HAS_CHUNK', 'source_id': '20282e22440d39595fb32550c039519844363c95', 'target_id': '5e8083f4-7d49-4be1-9e3e-c5f82eb8f49c', 'properties': {'data_source': 'EVOSHIP_HELP_FILES', 'chunk_index': 0, 'triplet_source_id': '5e8083f4-7d49-4be1-9e3e-c5f82eb8f49c'}}, {'label': 'クリックすると', 'source_id': 'モデルの更新ボタン', 'target_id': '適用ずみスタイルをシステム設定のスタイルで上書き', 'properties': {'document_id': 'C:\\Users\\akiro\\workfolder\\imabari3dcad\\evoship\\EVOSHIP_HELP_FILES\\about_annotation_styles_list_dialog.html', 'source_path': 'C:\\Users\\akiro\\workfolder\\imabari3dcad\\evoship\\EVOSHIP_HELP_FILES\\about_annotation_styles_list_dialog.html', 'section_id': '20282e22440d39595fb32550c039519844363c95', 'title': '注記・寸法スタイル設定', 'section_heading': '適用ずみスタイルの更新', 'section_level': 3, 'section_index': 3, 'last_modified': '2025-07-08T01:02:52+00:00', 'extracted_at': '2025-11-04T07:53:17+00:00', 'data_source': 'EVOSHIP_HELP_FILES', 'chunk_id': '5e8083f4-7d49-4be1-9e3e-c5f82eb8f49c', 'chunk_index': 0, 'text_length': 250, 'start_char_idx': 0, 'end_char_idx': 250, 'triplet_source_id': '5e8083f4-7d49-4be1-9e3e-c5f82eb8f49c'}}, {'label': '上書き対象', 'source_id': '適用ずみスタイル', 'target_id': 'スケッチや図面', 'properties': {'document_id': 'C:\\Users\\akiro\\workfolder\\imabari3dcad\\evoship\\EVOSHIP_HELP_FILES\\about_annotation_styles_list_dialog.html', 'source_path': 'C:\\Users\\akiro\\workfolder\\imabari3dcad\\evoship\\EVOSHIP_HELP_FILES\\about_annotation_styles_list_dialog.html', 'section_id': '20282e22440d39595fb32550c039519844363c95', 'title': '注記・寸法スタイル設定', 'section_heading': '適用ずみスタイルの更新', 'section_level': 3, 'section_index': 3, 'last_modified': '2025-07-08T01:02:52+00:00', 'extracted_at': '2025-11-04T07:53:17+00:00', 'data_source': 'EVOSHIP_HELP_FILES', 'chunk_id': '5e8083f4-7d49-4be1-9e3e-c5f82eb8f49c', 'chunk_index': 0, 'text_length': 250, 'start_char_idx': 0, 'end_char_idx': 250, 'triplet_source_id': '5e8083f4-7d49-4be1-9e3e-c5f82eb8f49c'}}, {'label': '複数存在', 'source_id': '同名スタイル', 'target_id': 'スタイル一覧', 'properties': {'document_id': 'C:\\Users\\akiro\\workfolder\\imabari3dcad\\evoship\\EVOSHIP_HELP_FILES\\about_annotation_styles_list_dialog.html', 'source_path': 'C:\\Users\\akiro\\workfolder\\imabari3dcad\\evoship\\EVOSHIP_HELP_FILES\\about_annotation_styles_list_dialog.html', 'section_id': '20282e22440d39595fb32550c039519844363c95', 'title': '注記・寸法スタイル設定', 'section_heading': '適用ずみスタイルの更新', 'section_level': 3, 'section_index': 3, 'last_modified': '2025-07-08T01:02:52+00:00', 'extracted_at': '2025-11-04T07:53:17+00:00', 'data_source': 'EVOSHIP_HELP_FILES', 'chunk_id': '5e8083f4-7d49-4be1-9e3e-c5f82eb8f49c', 'chunk_index': 0, 'text_length': 250, 'start_char_idx': 0, 'end_char_idx': 250, 'triplet_source_id': '5e8083f4-7d49-4be1-9e3e-c5f82eb8f49c'}}, {'label': '中の一つだけ', 'source_id': '複数同名スタイル', 'target_id': '適用ずみスタイルの上書きに使われる', 'properties': {'document_id': 'C:\\Users\\akiro\\workfolder\\imabari3dcad\\evoship\\EVOSHIP_HELP_FILES\\about_annotation_styles_list_dialog.html', 'source_path': 'C:\\Users\\akiro\\workfolder\\imabari3dcad\\evoship\\EVOSHIP_HELP_FILES\\about_annotation_styles_list_dialog.html', 'section_id': '20282e22440d39595fb32550c039519844363c95', 'title': '注記・寸法スタイル設定', 'section_heading': '適用ずみスタイルの更新', 'section_level': 3, 'section_index': 3, 'last_modified': '2025-07-08T01:02:52+00:00', 'extracted_at': '2025-11-04T07:53:17+00:00', 'data_source': 'EVOSHIP_HELP_FILES', 'chunk_id': '5e8083f4-7d49-4be1-9e3e-c5f82eb8f49c', 'chunk_index': 0, 'text_length': 250, 'start_char_idx': 0, 'end_char_idx': 250, 'triplet_source_id': '5e8083f4-7d49-4be1-9e3e-c5f82eb8f49c'}}, {'label': '無視される', 'source_id': '残り同名スタイル', 'target_id': '上書き対象外', 'properties': {'document_id': 'C:\\Users\\akiro\\workfolder\\imabari3dcad\\evoship\\EVOSHIP_HELP_FILES\\about_annotation_styles_list_dialog.html', 'source_path': 'C:\\Users\\akiro\\workfolder\\imabari3dcad\\evoship\\EVOSHIP_HELP_FILES\\about_annotation_styles_list_dialog.html', 'section_id': '20282e22440d39595fb32550c039519844363c95', 'title': '注記・寸法スタイル設定', 'section_heading': '適用ずみスタイルの更新', 'section_level': 3, 'section_index': 3, 'last_modified': '2025-07-08T01:02:52+00:00', 'extracted_at': '2025-11-04T07:53:17+00:00', 'data_source': 'EVOSHIP_HELP_FILES', 'chunk_id': '5e8083f4-7d49-4be1-9e3e-c5f82eb8f49c', 'chunk_index': 0, 'text_length': 250, 'start_char_idx': 0, 'end_char_idx': 250, 'triplet_source_id': '5e8083f4-7d49-4be1-9e3e-c5f82eb8f49c'}}, {'label': '避けるべき', 'source_id': '同名スタイル作成', 'target_id': '行為', 'properties': {'document_id': 'C:\\Users\\akiro\\workfolder\\imabari3dcad\\evoship\\EVOSHIP_HELP_FILES\\about_annotation_styles_list_dialog.html', 'source_path': 'C:\\Users\\akiro\\workfolder\\imabari3dcad\\evoship\\EVOSHIP_HELP_FILES\\about_annotation_styles_list_dialog.html', 'section_id': '20282e22440d39595fb32550c039519844363c95', 'title': '注記・寸法スタイル設定', 'section_heading': '適用ずみスタイルの更新', 'section_level': 3, 'section_index': 3, 'last_modified': '2025-07-08T01:02:52+00:00', 'extracted_at': '2025-11-04T07:53:17+00:00', 'data_source': 'EVOSHIP_HELP_FILES', 'chunk_id': '5e8083f4-7d49-4be1-9e3e-c5f82eb8f49c', 'chunk_index': 0, 'text_length': 250, 'start_char_idx': 0, 'end_char_idx': 250, 'triplet_source_id': '5e8083f4-7d49-4be1-9e3e-c5f82eb8f49c'}}, {'label': 'SOURCE', 'source_id': '5e8083f4-7d49-4be1-9e3e-c5f82eb8f49c', 'target_id': '20282e22440d39595fb32550c039519844363c95', 'properties': {'document_id': 'C:\\Users\\akiro\\workfolder\\imabari3dcad\\evoship\\EVOSHIP_HELP_FILES\\about_annotation_styles_list_dialog.html', 'source_path': 'C:\\Users\\akiro\\workfolder\\imabari3dcad\\evoship\\EVOSHIP_HELP_FILES\\about_annotation_styles_list_dialog.html', 'section_id': '20282e22440d39595fb32550c039519844363c95', 'title': '注記・寸法スタイル設定', 'section_heading': '適用ずみスタイルの更新', 'section_level': 3, 'section_index': 3, 'last_modified': '2025-07-08T01:02:52+00:00', 'extracted_at': '2025-11-04T07:53:17+00:00', 'data_source': 'EVOSHIP_HELP_FILES', 'chunk_id': '5e8083f4-7d49-4be1-9e3e-c5f82eb8f49c', 'chunk_index': 0, 'text_length': 250, 'start_char_idx': 0, 'end_char_idx': 250, 'triplet_source_id': '5e8083f4-7d49-4be1-9e3e-c5f82eb8f49c'}}, {'label': 'HAS_SECTION', 'source_id': 'C:\\Users\\akiro\\workfolder\\imabari3dcad\\evoship\\EVOSHIP_HELP_FILES\\about_body.html', 'target_id': '4478152f881537f1e6b3bb012fe2a0bf3725bf2e', 'properties': {'data_source': 'EVOSHIP_HELP_FILES', 'triplet_source_id': 'eaa8f7aa-50c7-4ddb-8502-3634456ed6e7'}}, {'label': 'HAS_CHUNK', 'source_id': 'C:\\Users\\akiro\\workfolder\\imabari3dcad\\evoship\\EVOSHIP_HELP_FILES\\about_body.html', 'target_id': 'eaa8f7aa-50c7-4ddb-8502-3634456ed6e7', 'properties': {'data_source': 'EVOSHIP_HELP_FILES', 'section_id': '4478152f881537f1e6b3bb012fe2a0bf3725bf2e', 'chunk_index': 0, 'triplet_source_id': 'eaa8f7aa-50c7-4ddb-8502-3634456ed6e7'}}, {'label': 'HAS_CHUNK', 'source_id': '4478152f881537f1e6b3bb012fe2a0bf3725bf2e', 'target_id': 'eaa8f7aa-50c7-4ddb-8502-3634456ed6e7', 'properties': {'data_source': 'EVOSHIP_HELP_FILES', 'chunk_index': 0, 'triplet_source_id': 'eaa8f7aa-50c7-4ddb-8502-3634456ed6e7'}}, {'label': 'Has', 'source_id': 'ボディ', 'target_id': 'ソリッドボディ', 'properties': {'document_id': 'C:\\Users\\akiro\\workfolder\\imabari3dcad\\evoship\\EVOSHIP_HELP_FILES\\about_body.html', 'source_path': 'C:\\Users\\akiro\\workfolder\\imabari3dcad\\evoship\\EVOSHIP_HELP_FILES\\about_body.html', 'section_id': '4478152f881537f1e6b3bb012fe2a0bf3725bf2e', 'title': 'ボディ', 'section_heading': 'ボディ', 'section_level': 2, 'section_index': 0, 'last_modified': '2025-07-08T01:02:52+00:00', 'extracted_at': '2025-11-04T07:53:17+00:00', 'data_source': 'EVOSHIP_HELP_FILES', 'chunk_id': 'eaa8f7aa-50c7-4ddb-8502-3634456ed6e7', 'chunk_index': 0, 'text_length': 250, 'start_char_idx': 0, 'end_char_idx': 250, 'triplet_source_id': 'eaa8f7aa-50c7-4ddb-8502-3634456ed6e7'}}, {'label': 'Has', 'source_id': 'ボディ', 'target_id': 'シートボディ', 'properties': {'document_id': 'C:\\Users\\akiro\\workfolder\\imabari3dcad\\evoship\\EVOSHIP_HELP_FILES\\about_body.html', 'source_path': 'C:\\Users\\akiro\\workfolder\\imabari3dcad\\evoship\\EVOSHIP_HELP_FILES\\about_body.html', 'section_id': '4478152f881537f1e6b3bb012fe2a0bf3725bf2e', 'title': 'ボディ', 'section_heading': 'ボディ', 'section_level': 2, 'section_index': 0, 'last_modified': '2025-07-08T01:02:52+00:00', 'extracted_at': '2025-11-04T07:53:17+00:00', 'data_source': 'EVOSHIP_HELP_FILES', 'chunk_id': 'eaa8f7aa-50c7-4ddb-8502-3634456ed6e7', 'chunk_index': 0, 'text_length': 250, 'start_char_idx': 0, 'end_char_idx': 250, 'triplet_source_id': 'eaa8f7aa-50c7-4ddb-8502-3634456ed6e7'}}, {'label': 'Composed_of', 'source_id': 'ボディ', 'target_id': 'フィーチャー', 'properties': {'document_id': 'C:\\Users\\akiro\\workfolder\\imabari3dcad\\evoship\\EVOSHIP_HELP_FILES\\about_body.html', 'source_path': 'C:\\Users\\akiro\\workfolder\\imabari3dcad\\evoship\\EVOSHIP_HELP_FILES\\about_body.html', 'section_id': '4478152f881537f1e6b3bb012fe2a0bf3725bf2e', 'title': 'ボディ', 'section_heading': 'ボディ', 'section_level': 2, 'section_index': 0, 'last_modified': '2025-07-08T01:02:52+00:00', 'extracted_at': '2025-11-04T07:53:17+00:00', 'data_source': 'EVOSHIP_HELP_FILES', 'chunk_id': 'eaa8f7aa-50c7-4ddb-8502-3634456ed6e7', 'chunk_index': 0, 'text_length': 250, 'start_char_idx': 0, 'end_char_idx': 250, 'triplet_source_id': 'eaa8f7aa-50c7-4ddb-8502-3634456ed6e7'}}, {'label': 'Not_present_in', 'source_id': 'ボディ', 'target_id': '図面ドキュメント', 'properties': {'document_id': 'C:\\Users\\akiro\\workfolder\\imabari3dcad\\evoship\\EVOSHIP_HELP_FILES\\about_body.html', 'source_path': 'C:\\Users\\akiro\\workfolder\\imabari3dcad\\evoship\\EVOSHIP_HELP_FILES\\about_body.html', 'section_id': '4478152f881537f1e6b3bb012fe2a0bf3725bf2e', 'title': 'ボディ', 'section_heading': 'ボディ', 'section_level': 2, 'section_index': 0, 'last_modified': '2025-07-08T01:02:52+00:00', 'extracted_at': '2025-11-04T07:53:17+00:00', 'data_source': 'EVOSHIP_HELP_FILES', 'chunk_id': 'eaa8f7aa-50c7-4ddb-8502-3634456ed6e7', 'chunk_index': 0, 'text_length': 250, 'start_char_idx': 0, 'end_char_idx': 250, 'triplet_source_id': 'eaa8f7aa-50c7-4ddb-8502-3634456ed6e7'}}, {'label': 'Created_against', 'source_id': 'フィーチャー', 'target_id': 'ワークボディ', 'properties': {'document_id': 'C:\\Users\\akiro\\workfolder\\imabari3dcad\\evoship\\EVOSHIP_HELP_FILES\\about_body.html', 'source_path': 'C:\\Users\\akiro\\workfolder\\imabari3dcad\\evoship\\EVOSHIP_HELP_FILES\\about_body.html', 'section_id': '4478152f881537f1e6b3bb012fe2a0bf3725bf2e', 'title': 'ボディ', 'section_heading': 'ボディ', 'section_level': 2, 'section_index': 0, 'last_modified': '2025-07-08T01:02:52+00:00', 'extracted_at': '2025-11-04T07:53:17+00:00', 'data_source': 'EVOSHIP_HELP_FILES', 'chunk_id': 'eaa8f7aa-50c7-4ddb-8502-3634456ed6e7', 'chunk_index': 0, 'text_length': 250, 'start_char_idx': 0, 'end_char_idx': 250, 'triplet_source_id': 'eaa8f7aa-50c7-4ddb-8502-3634456ed6e7'}}, {'label': 'Has', 'source_id': 'ソリッドボディ', 'target_id': '材料', 'properties': {'document_id': 'C:\\Users\\akiro\\workfolder\\imabari3dcad\\evoship\\EVOSHIP_HELP_FILES\\about_body.html', 'source_path': 'C:\\Users\\akiro\\workfolder\\imabari3dcad\\evoship\\EVOSHIP_HELP_FILES\\about_body.html', 'section_id': '4478152f881537f1e6b3bb012fe2a0bf3725bf2e', 'title': 'ボディ', 'section_heading': 'ボディ', 'section_level': 2, 'section_index': 0, 'last_modified': '2025-07-08T01:02:52+00:00', 'extracted_at': '2025-11-04T07:53:17+00:00', 'data_source': 'EVOSHIP_HELP_FILES', 'chunk_id': 'eaa8f7aa-50c7-4ddb-8502-3634456ed6e7', 'chunk_index': 0, 'text_length': 250, 'start_char_idx': 0, 'end_char_idx': 250, 'triplet_source_id': 'eaa8f7aa-50c7-4ddb-8502-3634456ed6e7'}}, {'label': 'Is_element_of', 'source_id': 'ソリッドボディ', 'target_id': '3dモデル', 'properties': {'document_id': 'C:\\Users\\akiro\\workfolder\\imabari3dcad\\evoship\\EVOSHIP_HELP_FILES\\about_body.html', 'source_path': 'C:\\Users\\akiro\\workfolder\\imabari3dcad\\evoship\\EVOSHIP_HELP_FILES\\about_body.html', 'section_id': '4478152f881537f1e6b3bb012fe2a0bf3725bf2e', 'title': 'ボディ', 'section_heading': 'ボディ', 'section_level': 2, 'section_index': 0, 'last_modified': '2025-07-08T01:02:52+00:00', 'extracted_at': '2025-11-04T07:53:17+00:00', 'data_source': 'EVOSHIP_HELP_FILES', 'chunk_id': 'eaa8f7aa-50c7-4ddb-8502-3634456ed6e7', 'chunk_index': 0, 'text_length': 250, 'start_char_idx': 0, 'end_char_idx': 250, 'triplet_source_id': 'eaa8f7aa-50c7-4ddb-8502-3634456ed6e7'}}, {'label': 'Created_by', 'source_id': 'シートボディ', 'target_id': '平面', 'properties': {'document_id': 'C:\\Users\\akiro\\workfolder\\imabari3dcad\\evoship\\EVOSHIP_HELP_FILES\\about_body.html', 'source_path': 'C:\\Users\\akiro\\workfolder\\imabari3dcad\\evoship\\EVOSHIP_HELP_FILES\\about_body.html', 'section_id': '4478152f881537f1e6b3bb012fe2a0bf3725bf2e', 'title': 'ボディ', 'section_heading': 'ボディ', 'section_level': 2, 'section_index': 0, 'last_modified': '2025-07-08T01:02:52+00:00', 'extracted_at': '2025-11-04T07:53:17+00:00', 'data_source': 'EVOSHIP_HELP_FILES', 'chunk_id': 'eaa8f7aa-50c7-4ddb-8502-3634456ed6e7', 'chunk_index': 0, 'text_length': 250, 'start_char_idx': 0, 'end_char_idx': 250, 'triplet_source_id': 'eaa8f7aa-50c7-4ddb-8502-3634456ed6e7'}}, {'label': 'Created_by', 'source_id': 'シートボディ', 'target_id': 'オフセット', 'properties': {'document_id': 'C:\\Users\\akiro\\workfolder\\imabari3dcad\\evoship\\EVOSHIP_HELP_FILES\\about_body.html', 'source_path': 'C:\\Users\\akiro\\workfolder\\imabari3dcad\\evoship\\EVOSHIP_HELP_FILES\\about_body.html', 'section_id': '4478152f881537f1e6b3bb012fe2a0bf3725bf2e', 'title': 'ボディ', 'section_heading': 'ボディ', 'section_level': 2, 'section_index': 0, 'last_modified': '2025-07-08T01:02:52+00:00', 'extracted_at': '2025-11-04T07:53:17+00:00', 'data_source': 'EVOSHIP_HELP_FILES', 'chunk_id': 'eaa8f7aa-50c7-4ddb-8502-3634456ed6e7', 'chunk_index': 0, 'text_length': 250, 'start_char_idx': 0, 'end_char_idx': 250, 'triplet_source_id': 'eaa8f7aa-50c7-4ddb-8502-3634456ed6e7'}}, {'label': 'Created_by', 'source_id': 'シートボディ', 'target_id': '押し出し', 'properties': {'document_id': 'C:\\Users\\akiro\\workfolder\\imabari3dcad\\evoship\\EVOSHIP_HELP_FILES\\about_body.html', 'source_path': 'C:\\Users\\akiro\\workfolder\\imabari3dcad\\evoship\\EVOSHIP_HELP_FILES\\about_body.html', 'section_id': '4478152f881537f1e6b3bb012fe2a0bf3725bf2e', 'title': 'ボディ', 'section_heading': 'ボディ', 'section_level': 2, 'section_index': 0, 'last_modified': '2025-07-08T01:02:52+00:00', 'extracted_at': '2025-11-04T07:53:17+00:00', 'data_source': 'EVOSHIP_HELP_FILES', 'chunk_id': 'eaa8f7aa-50c7-4ddb-8502-3634456ed6e7', 'chunk_index': 0, 'text_length': 250, 'start_char_idx': 0, 'end_char_idx': 250, 'triplet_source_id': 'eaa8f7aa-50c7-4ddb-8502-3634456ed6e7'}}, {'label': 'SOURCE', 'source_id': 'eaa8f7aa-50c7-4ddb-8502-3634456ed6e7', 'target_id': '4478152f881537f1e6b3bb012fe2a0bf3725bf2e', 'properties': {'document_id': 'C:\\Users\\akiro\\workfolder\\imabari3dcad\\evoship\\EVOSHIP_HELP_FILES\\about_body.html', 'source_path': 'C:\\Users\\akiro\\workfolder\\imabari3dcad\\evoship\\EVOSHIP_HELP_FILES\\about_body.html', 'section_id': '4478152f881537f1e6b3bb012fe2a0bf3725bf2e', 'title': 'ボディ', 'section_heading': 'ボディ', 'section_level': 2, 'section_index': 0, 'last_modified': '2025-07-08T01:02:52+00:00', 'extracted_at': '2025-11-04T07:53:17+00:00', 'data_source': 'EVOSHIP_HELP_FILES', 'chunk_id': 'eaa8f7aa-50c7-4ddb-8502-3634456ed6e7', 'chunk_index': 0, 'text_length': 250, 'start_char_idx': 0, 'end_char_idx': 250, 'triplet_source_id': 'eaa8f7aa-50c7-4ddb-8502-3634456ed6e7'}}]} {}
2025-11-04 16:54:29,865 DEBUG neo4j.io: [#C1C5]  C: PULL {'n': 1000}
2025-11-04 16:54:29,866 DEBUG neo4j.io: [#C1C5]  S: SUCCESS {}
2025-11-04 16:54:29,866 DEBUG neo4j.io: [#C1C5]  _: <CONNECTION> server state: READY > TX_READY_OR_TX_STREAMING
2025-11-04 16:54:29,867 DEBUG neo4j.io: [#C1C5]  S: SUCCESS {'t_first': 1, 'fields': ['count(*)'], 'qid': 0}
2025-11-04 16:54:30,585 DEBUG neo4j.io: [#C1C5]  S: RECORD * 1
2025-11-04 16:54:30,586 DEBUG neo4j.io: [#C1C5]  S: SUCCESS {'statuses': [{'gql_status': '00000', 'status_description': 'note: successful completion'}], 'type': 'rw', 't_last': 718, 'db': 'helpfile'}
2025-11-04 16:54:30,586 DEBUG neo4j.io: [#C1C5]  C: COMMIT
2025-11-04 16:54:30,586 DEBUG neo4j.io: [#C1C5]  _: <CONNECTION> client state: TX_READY_OR_TX_STREAMING > READY
2025-11-04 16:54:30,596 DEBUG neo4j.io: [#C1C5]  S: SUCCESS {'bookmark': 'FB:kcwQH1sua9IsT4W6N0kQKFDZyHyQ'}
2025-11-04 16:54:30,596 DEBUG neo4j.io: [#C1C5]  _: <CONNECTION> server state: TX_READY_OR_TX_STREAMING > READY
2025-11-04 16:54:30,596 DEBUG neo4j.pool: [#C1C5]  _: <POOL> released bolt-223
2025-11-04 16:54:30,596 DEBUG neo4j: [#0000]  _: <WORKSPACE> routing towards fixed database: helpfile
2025-11-04 16:54:30,596 DEBUG neo4j: [#0000]  _: <WORKSPACE> pinning database: 'helpfile'
2025-11-04 16:54:30,596 DEBUG neo4j.pool: [#0000]  _: <POOL> acquire direct connection, access_mode='WRITE', database=AcquisitionDatabase(name='helpfile', guessed=False)
2025-11-04 16:54:30,596 DEBUG neo4j.pool: [#C1C5]  _: <POOL> picked existing connection bolt-223
2025-11-04 16:54:30,596 DEBUG neo4j.pool: [#C1C5]  _: <POOL> checked re_auth auth=None updated=False force=False
2025-11-04 16:54:30,596 DEBUG neo4j.pool: [#C1C5]  _: <POOL> handing out existing connection
2025-11-04 16:54:30,596 DEBUG neo4j.io: [#C1C5]  C: BEGIN {'db': 'helpfile', 'bookmarks': ['FB:kcwQH1sua9IsT4W6N0kQKFDZyHyQ']}
2025-11-04 16:54:30,596 DEBUG neo4j.io: [#C1C5]  _: <CONNECTION> client state: READY > TX_READY_OR_TX_STREAMING
2025-11-04 16:54:30,596 DEBUG neo4j.io: [#C1C5]  C: RUN '\nCALL apoc.meta.data()\nYIELD label, other, elementType, type, property\nWHERE NOT type = "RELATIONSHIP" AND elementType = "node"\n  AND NOT label IN $EXCLUDED_LABELS\nWITH label AS nodeLabels, collect({property:property, type:type}) AS properties\nRETURN {labels: nodeLabels, properties: properties} AS output\n\n' {'EXCLUDED_LABELS': ['_Bloom_Perspective_', '_Bloom_Scene_', '__Entity__', '__Node__']} {}
2025-11-04 16:54:30,597 DEBUG neo4j.io: [#C1C5]  C: PULL {'n': 1000}
2025-11-04 16:54:30,597 DEBUG neo4j.io: [#C1C5]  S: SUCCESS {}
2025-11-04 16:54:30,597 DEBUG neo4j.io: [#C1C5]  _: <CONNECTION> server state: READY > TX_READY_OR_TX_STREAMING
2025-11-04 16:54:30,598 DEBUG neo4j.io: [#C1C5]  S: SUCCESS {'t_first': 1, 'fields': ['output'], 'qid': 0}
2025-11-04 16:54:30,605 DEBUG neo4j.io: [#C1C5]  S: RECORD * 1
2025-11-04 16:54:30,606 DEBUG neo4j.io: [#C1C5]  S: RECORD * 1
2025-11-04 16:54:30,606 DEBUG neo4j.io: [#C1C5]  S: RECORD * 1
2025-11-04 16:54:30,606 DEBUG neo4j.io: [#C1C5]  S: RECORD * 1
2025-11-04 16:54:30,606 DEBUG neo4j.io: [#C1C5]  S: SUCCESS {'statuses': [{'gql_status': '00000', 'status_description': 'note: successful completion'}], 'type': 'r', 't_last': 7, 'db': 'helpfile'}
2025-11-04 16:54:30,606 DEBUG neo4j.io: [#C1C5]  C: COMMIT
2025-11-04 16:54:30,606 DEBUG neo4j.io: [#C1C5]  _: <CONNECTION> client state: TX_READY_OR_TX_STREAMING > READY
2025-11-04 16:54:30,606 DEBUG neo4j.io: [#C1C5]  S: SUCCESS {'bookmark': 'FB:kcwQH1sua9IsT4W6N0kQKFDZyHyQ'}
2025-11-04 16:54:30,606 DEBUG neo4j.io: [#C1C5]  _: <CONNECTION> server state: TX_READY_OR_TX_STREAMING > READY
2025-11-04 16:54:30,606 DEBUG neo4j.pool: [#C1C5]  _: <POOL> released bolt-223
2025-11-04 16:54:30,607 DEBUG neo4j: [#0000]  _: <WORKSPACE> routing towards fixed database: helpfile
2025-11-04 16:54:30,607 DEBUG neo4j: [#0000]  _: <WORKSPACE> pinning database: 'helpfile'
2025-11-04 16:54:30,607 DEBUG neo4j.pool: [#0000]  _: <POOL> acquire direct connection, access_mode='WRITE', database=AcquisitionDatabase(name='helpfile', guessed=False)
2025-11-04 16:54:30,607 DEBUG neo4j.pool: [#C1C5]  _: <POOL> picked existing connection bolt-223
2025-11-04 16:54:30,607 DEBUG neo4j.pool: [#C1C5]  _: <POOL> checked re_auth auth=None updated=False force=False
2025-11-04 16:54:30,607 DEBUG neo4j.pool: [#C1C5]  _: <POOL> handing out existing connection
2025-11-04 16:54:30,607 DEBUG neo4j.io: [#C1C5]  C: BEGIN {'db': 'helpfile', 'bookmarks': ['FB:kcwQH1sua9IsT4W6N0kQKFDZyHyQ']}
2025-11-04 16:54:30,607 DEBUG neo4j.io: [#C1C5]  _: <CONNECTION> client state: READY > TX_READY_OR_TX_STREAMING
2025-11-04 16:54:30,607 DEBUG neo4j.io: [#C1C5]  C: RUN '\nCALL apoc.meta.data()\nYIELD label, other, elementType, type, property\nWHERE NOT type = "RELATIONSHIP" AND elementType = "relationship"\n      AND NOT label in $EXCLUDED_LABELS\nWITH label AS nodeLabels, collect({property:property, type:type}) AS properties\nRETURN {type: nodeLabels, properties: properties} AS output\n' {'EXCLUDED_LABELS': ['_Bloom_HAS_SCENE_']} {}
2025-11-04 16:54:30,607 DEBUG neo4j.io: [#C1C5]  C: PULL {'n': 1000}
2025-11-04 16:54:30,608 DEBUG neo4j.io: [#C1C5]  S: SUCCESS {}
2025-11-04 16:54:30,608 DEBUG neo4j.io: [#C1C5]  _: <CONNECTION> server state: READY > TX_READY_OR_TX_STREAMING
2025-11-04 16:54:30,609 DEBUG neo4j.io: [#C1C5]  S: SUCCESS {'t_first': 1, 'fields': ['output'], 'qid': 0}
2025-11-04 16:54:30,612 DEBUG neo4j.io: [#C1C5]  S: RECORD * 1
2025-11-04 16:54:30,613 DEBUG neo4j.io: [#C1C5]  S: RECORD * 1
2025-11-04 16:54:30,613 DEBUG neo4j.io: [#C1C5]  S: RECORD * 1
2025-11-04 16:54:30,613 DEBUG neo4j.io: [#C1C5]  S: RECORD * 1
2025-11-04 16:54:30,613 DEBUG neo4j.io: [#C1C5]  S: RECORD * 1
2025-11-04 16:54:30,613 DEBUG neo4j.io: [#C1C5]  S: RECORD * 1
2025-11-04 16:54:30,613 DEBUG neo4j.io: [#C1C5]  S: RECORD * 1
2025-11-04 16:54:30,613 DEBUG neo4j.io: [#C1C5]  S: RECORD * 1
2025-11-04 16:54:30,613 DEBUG neo4j.io: [#C1C5]  S: RECORD * 1
2025-11-04 16:54:30,614 DEBUG neo4j.io: [#C1C5]  S: RECORD * 1
2025-11-04 16:54:30,614 DEBUG neo4j.io: [#C1C5]  S: RECORD * 1
2025-11-04 16:54:30,614 DEBUG neo4j.io: [#C1C5]  S: RECORD * 1
2025-11-04 16:54:30,614 DEBUG neo4j.io: [#C1C5]  S: RECORD * 1
2025-11-04 16:54:30,614 DEBUG neo4j.io: [#C1C5]  S: RECORD * 1
2025-11-04 16:54:30,614 DEBUG neo4j.io: [#C1C5]  S: RECORD * 1
2025-11-04 16:54:30,614 DEBUG neo4j.io: [#C1C5]  S: RECORD * 1
2025-11-04 16:54:30,614 DEBUG neo4j.io: [#C1C5]  S: RECORD * 1
2025-11-04 16:54:30,615 DEBUG neo4j.io: [#C1C5]  S: RECORD * 1
2025-11-04 16:54:30,615 DEBUG neo4j.io: [#C1C5]  S: RECORD * 1
2025-11-04 16:54:30,615 DEBUG neo4j.io: [#C1C5]  S: RECORD * 1
2025-11-04 16:54:30,615 DEBUG neo4j.io: [#C1C5]  S: RECORD * 1
2025-11-04 16:54:30,615 DEBUG neo4j.io: [#C1C5]  S: RECORD * 1
2025-11-04 16:54:30,615 DEBUG neo4j.io: [#C1C5]  S: RECORD * 1
2025-11-04 16:54:30,615 DEBUG neo4j.io: [#C1C5]  S: RECORD * 1
2025-11-04 16:54:30,616 DEBUG neo4j.io: [#C1C5]  S: RECORD * 1
2025-11-04 16:54:30,616 DEBUG neo4j.io: [#C1C5]  S: RECORD * 1
2025-11-04 16:54:30,616 DEBUG neo4j.io: [#C1C5]  S: RECORD * 1
2025-11-04 16:54:30,616 DEBUG neo4j.io: [#C1C5]  S: RECORD * 1
2025-11-04 16:54:30,616 DEBUG neo4j.io: [#C1C5]  S: RECORD * 1
2025-11-04 16:54:30,616 DEBUG neo4j.io: [#C1C5]  S: RECORD * 1
2025-11-04 16:54:30,616 DEBUG neo4j.io: [#C1C5]  S: RECORD * 1
2025-11-04 16:54:30,616 DEBUG neo4j.io: [#C1C5]  S: RECORD * 1
2025-11-04 16:54:30,617 DEBUG neo4j.io: [#C1C5]  S: RECORD * 1
2025-11-04 16:54:30,617 DEBUG neo4j.io: [#C1C5]  S: RECORD * 1
2025-11-04 16:54:30,617 DEBUG neo4j.io: [#C1C5]  S: RECORD * 1
2025-11-04 16:54:30,617 DEBUG neo4j.io: [#C1C5]  S: RECORD * 1
2025-11-04 16:54:30,617 DEBUG neo4j.io: [#C1C5]  S: RECORD * 1
2025-11-04 16:54:30,617 DEBUG neo4j.io: [#C1C5]  S: RECORD * 1
2025-11-04 16:54:30,617 DEBUG neo4j.io: [#C1C5]  S: RECORD * 1
2025-11-04 16:54:30,617 DEBUG neo4j.io: [#C1C5]  S: RECORD * 1
2025-11-04 16:54:30,618 DEBUG neo4j.io: [#C1C5]  S: RECORD * 1
2025-11-04 16:54:30,618 DEBUG neo4j.io: [#C1C5]  S: SUCCESS {'statuses': [{'gql_status': '00000', 'status_description': 'note: successful completion'}], 'type': 'r', 't_last': 4, 'db': 'helpfile'}
2025-11-04 16:54:30,618 DEBUG neo4j.io: [#C1C5]  C: COMMIT
2025-11-04 16:54:30,618 DEBUG neo4j.io: [#C1C5]  _: <CONNECTION> client state: TX_READY_OR_TX_STREAMING > READY
2025-11-04 16:54:30,618 DEBUG neo4j.io: [#C1C5]  S: SUCCESS {'bookmark': 'FB:kcwQH1sua9IsT4W6N0kQKFDZyHyQ'}
2025-11-04 16:54:30,618 DEBUG neo4j.io: [#C1C5]  _: <CONNECTION> server state: TX_READY_OR_TX_STREAMING > READY
2025-11-04 16:54:30,618 DEBUG neo4j.pool: [#C1C5]  _: <POOL> released bolt-223
2025-11-04 16:54:30,620 DEBUG neo4j: [#0000]  _: <WORKSPACE> routing towards fixed database: helpfile
2025-11-04 16:54:30,621 DEBUG neo4j: [#0000]  _: <WORKSPACE> pinning database: 'helpfile'
2025-11-04 16:54:30,621 DEBUG neo4j.pool: [#0000]  _: <POOL> acquire direct connection, access_mode='WRITE', database=AcquisitionDatabase(name='helpfile', guessed=False)
2025-11-04 16:54:30,621 DEBUG neo4j.pool: [#C1C5]  _: <POOL> picked existing connection bolt-223
2025-11-04 16:54:30,621 DEBUG neo4j.pool: [#C1C5]  _: <POOL> checked re_auth auth=None updated=False force=False
2025-11-04 16:54:30,621 DEBUG neo4j.pool: [#C1C5]  _: <POOL> handing out existing connection
2025-11-04 16:54:30,621 DEBUG neo4j.io: [#C1C5]  C: BEGIN {'db': 'helpfile', 'bookmarks': ['FB:kcwQH1sua9IsT4W6N0kQKFDZyHyQ']}
2025-11-04 16:54:30,621 DEBUG neo4j.io: [#C1C5]  _: <CONNECTION> client state: READY > TX_READY_OR_TX_STREAMING
2025-11-04 16:54:30,621 DEBUG neo4j.io: [#C1C5]  C: RUN '\nCALL apoc.meta.data()\nYIELD label, other, elementType, type, property\nWHERE type = "RELATIONSHIP" AND elementType = "node"\nUNWIND other AS other_node\nWITH * WHERE NOT label IN $EXCLUDED_LABELS\n    AND NOT other_node IN $EXCLUDED_LABELS\nRETURN {start: label, type: property, end: toString(other_node)} AS output\n' {'EXCLUDED_LABELS': ['_Bloom_Perspective_', '_Bloom_Scene_', '__Entity__', '__Node__']} {}
2025-11-04 16:54:30,621 DEBUG neo4j.io: [#C1C5]  C: PULL {'n': 1000}
2025-11-04 16:54:30,622 DEBUG neo4j.io: [#C1C5]  S: SUCCESS {}
2025-11-04 16:54:30,622 DEBUG neo4j.io: [#C1C5]  _: <CONNECTION> server state: READY > TX_READY_OR_TX_STREAMING
2025-11-04 16:54:30,623 DEBUG neo4j.io: [#C1C5]  S: SUCCESS {'t_first': 1, 'fields': ['output'], 'qid': 0}
2025-11-04 16:54:30,628 DEBUG neo4j.io: [#C1C5]  S: RECORD * 1
2025-11-04 16:54:30,628 DEBUG neo4j.io: [#C1C5]  S: RECORD * 1
2025-11-04 16:54:30,628 DEBUG neo4j.io: [#C1C5]  S: RECORD * 1
2025-11-04 16:54:30,628 DEBUG neo4j.io: [#C1C5]  S: RECORD * 1
2025-11-04 16:54:30,628 DEBUG neo4j.io: [#C1C5]  S: RECORD * 1
2025-11-04 16:54:30,628 DEBUG neo4j.io: [#C1C5]  S: RECORD * 1
2025-11-04 16:54:30,628 DEBUG neo4j.io: [#C1C5]  S: RECORD * 1
2025-11-04 16:54:30,629 DEBUG neo4j.io: [#C1C5]  S: RECORD * 1
2025-11-04 16:54:30,629 DEBUG neo4j.io: [#C1C5]  S: RECORD * 1
2025-11-04 16:54:30,629 DEBUG neo4j.io: [#C1C5]  S: RECORD * 1
2025-11-04 16:54:30,629 DEBUG neo4j.io: [#C1C5]  S: RECORD * 1
2025-11-04 16:54:30,629 DEBUG neo4j.io: [#C1C5]  S: RECORD * 1
2025-11-04 16:54:30,629 DEBUG neo4j.io: [#C1C5]  S: RECORD * 1
2025-11-04 16:54:30,629 DEBUG neo4j.io: [#C1C5]  S: RECORD * 1
2025-11-04 16:54:30,629 DEBUG neo4j.io: [#C1C5]  S: RECORD * 1
2025-11-04 16:54:30,629 DEBUG neo4j.io: [#C1C5]  S: RECORD * 1
2025-11-04 16:54:30,629 DEBUG neo4j.io: [#C1C5]  S: RECORD * 1
2025-11-04 16:54:30,629 DEBUG neo4j.io: [#C1C5]  S: RECORD * 1
2025-11-04 16:54:30,629 DEBUG neo4j.io: [#C1C5]  S: RECORD * 1
2025-11-04 16:54:30,629 DEBUG neo4j.io: [#C1C5]  S: RECORD * 1
2025-11-04 16:54:30,629 DEBUG neo4j.io: [#C1C5]  S: RECORD * 1
2025-11-04 16:54:30,629 DEBUG neo4j.io: [#C1C5]  S: RECORD * 1
2025-11-04 16:54:30,629 DEBUG neo4j.io: [#C1C5]  S: RECORD * 1
2025-11-04 16:54:30,629 DEBUG neo4j.io: [#C1C5]  S: RECORD * 1
2025-11-04 16:54:30,629 DEBUG neo4j.io: [#C1C5]  S: RECORD * 1
2025-11-04 16:54:30,629 DEBUG neo4j.io: [#C1C5]  S: RECORD * 1
2025-11-04 16:54:30,629 DEBUG neo4j.io: [#C1C5]  S: RECORD * 1
2025-11-04 16:54:30,629 DEBUG neo4j.io: [#C1C5]  S: RECORD * 1
2025-11-04 16:54:30,629 DEBUG neo4j.io: [#C1C5]  S: RECORD * 1
2025-11-04 16:54:30,630 DEBUG neo4j.io: [#C1C5]  S: RECORD * 1
2025-11-04 16:54:30,630 DEBUG neo4j.io: [#C1C5]  S: RECORD * 1
2025-11-04 16:54:30,630 DEBUG neo4j.io: [#C1C5]  S: RECORD * 1
2025-11-04 16:54:30,630 DEBUG neo4j.io: [#C1C5]  S: RECORD * 1
2025-11-04 16:54:30,630 DEBUG neo4j.io: [#C1C5]  S: RECORD * 1
2025-11-04 16:54:30,630 DEBUG neo4j.io: [#C1C5]  S: RECORD * 1
2025-11-04 16:54:30,630 DEBUG neo4j.io: [#C1C5]  S: RECORD * 1
2025-11-04 16:54:30,630 DEBUG neo4j.io: [#C1C5]  S: RECORD * 1
2025-11-04 16:54:30,630 DEBUG neo4j.io: [#C1C5]  S: RECORD * 1
2025-11-04 16:54:30,630 DEBUG neo4j.io: [#C1C5]  S: RECORD * 1
2025-11-04 16:54:30,630 DEBUG neo4j.io: [#C1C5]  S: RECORD * 1
2025-11-04 16:54:30,630 DEBUG neo4j.io: [#C1C5]  S: RECORD * 1
2025-11-04 16:54:30,630 DEBUG neo4j.io: [#C1C5]  S: RECORD * 1
2025-11-04 16:54:30,630 DEBUG neo4j.io: [#C1C5]  S: RECORD * 1
2025-11-04 16:54:30,630 DEBUG neo4j.io: [#C1C5]  S: RECORD * 1
2025-11-04 16:54:30,630 DEBUG neo4j.io: [#C1C5]  S: RECORD * 1
2025-11-04 16:54:30,630 DEBUG neo4j.io: [#C1C5]  S: SUCCESS {'statuses': [{'gql_status': '00000', 'status_description': 'note: successful completion'}], 'type': 'r', 't_last': 5, 'db': 'helpfile'}
2025-11-04 16:54:30,630 DEBUG neo4j.io: [#C1C5]  C: COMMIT
2025-11-04 16:54:30,630 DEBUG neo4j.io: [#C1C5]  _: <CONNECTION> client state: TX_READY_OR_TX_STREAMING > READY
2025-11-04 16:54:30,631 DEBUG neo4j.io: [#C1C5]  S: SUCCESS {'bookmark': 'FB:kcwQH1sua9IsT4W6N0kQKFDZyHyQ'}
2025-11-04 16:54:30,631 DEBUG neo4j.io: [#C1C5]  _: <CONNECTION> server state: TX_READY_OR_TX_STREAMING > READY
2025-11-04 16:54:30,631 DEBUG neo4j.pool: [#C1C5]  _: <POOL> released bolt-223
2025-11-04 16:54:30,631 DEBUG neo4j: [#0000]  _: <WORKSPACE> routing towards fixed database: helpfile
2025-11-04 16:54:30,631 DEBUG neo4j: [#0000]  _: <WORKSPACE> pinning database: 'helpfile'
2025-11-04 16:54:30,631 DEBUG neo4j.pool: [#0000]  _: <POOL> acquire direct connection, access_mode='WRITE', database=AcquisitionDatabase(name='helpfile', guessed=False)
2025-11-04 16:54:30,631 DEBUG neo4j.pool: [#C1C5]  _: <POOL> picked existing connection bolt-223
2025-11-04 16:54:30,631 DEBUG neo4j.pool: [#C1C5]  _: <POOL> checked re_auth auth=None updated=False force=False
2025-11-04 16:54:30,631 DEBUG neo4j.pool: [#C1C5]  _: <POOL> handing out existing connection
2025-11-04 16:54:30,631 DEBUG neo4j.io: [#C1C5]  C: BEGIN {'db': 'helpfile', 'bookmarks': ['FB:kcwQH1sua9IsT4W6N0kQKFDZyHyQ']}
2025-11-04 16:54:30,632 DEBUG neo4j.io: [#C1C5]  _: <CONNECTION> client state: READY > TX_READY_OR_TX_STREAMING
2025-11-04 16:54:30,632 DEBUG neo4j.io: [#C1C5]  C: RUN 'SHOW CONSTRAINTS' {} {}
2025-11-04 16:54:30,632 DEBUG neo4j.io: [#C1C5]  C: PULL {'n': 1000}
2025-11-04 16:54:30,632 DEBUG neo4j.io: [#C1C5]  S: SUCCESS {}
2025-11-04 16:54:30,632 DEBUG neo4j.io: [#C1C5]  _: <CONNECTION> server state: READY > TX_READY_OR_TX_STREAMING
2025-11-04 16:54:30,633 DEBUG neo4j.io: [#C1C5]  S: SUCCESS {'t_first': 1, 'fields': ['id', 'name', 'type', 'entityType', 'labelsOrTypes', 'properties', 'ownedIndex', 'propertyType'], 'qid': 0}
2025-11-04 16:54:30,634 DEBUG neo4j.io: [#C1C5]  S: RECORD * 1
2025-11-04 16:54:30,634 DEBUG neo4j.io: [#C1C5]  S: RECORD * 1
2025-11-04 16:54:30,634 DEBUG neo4j.io: [#C1C5]  S: SUCCESS {'statuses': [{'gql_status': '00000', 'status_description': 'note: successful completion'}], 'type': 'r', 't_last': 1, 'db': 'helpfile'}
2025-11-04 16:54:30,634 DEBUG neo4j.io: [#C1C5]  C: COMMIT
2025-11-04 16:54:30,634 DEBUG neo4j.io: [#C1C5]  _: <CONNECTION> client state: TX_READY_OR_TX_STREAMING > READY
2025-11-04 16:54:30,635 DEBUG neo4j.io: [#C1C5]  S: SUCCESS {'bookmark': 'FB:kcwQH1sua9IsT4W6N0kQKFDZyHyQ'}
2025-11-04 16:54:30,635 DEBUG neo4j.io: [#C1C5]  _: <CONNECTION> server state: TX_READY_OR_TX_STREAMING > READY
2025-11-04 16:54:30,635 DEBUG neo4j.pool: [#C1C5]  _: <POOL> released bolt-223
2025-11-04 16:54:30,635 DEBUG neo4j: [#0000]  _: <WORKSPACE> routing towards fixed database: helpfile
2025-11-04 16:54:30,635 DEBUG neo4j: [#0000]  _: <WORKSPACE> pinning database: 'helpfile'
2025-11-04 16:54:30,635 DEBUG neo4j.pool: [#0000]  _: <POOL> acquire direct connection, access_mode='WRITE', database=AcquisitionDatabase(name='helpfile', guessed=False)
2025-11-04 16:54:30,635 DEBUG neo4j.pool: [#C1C5]  _: <POOL> picked existing connection bolt-223
2025-11-04 16:54:30,635 DEBUG neo4j.pool: [#C1C5]  _: <POOL> checked re_auth auth=None updated=False force=False
2025-11-04 16:54:30,635 DEBUG neo4j.pool: [#C1C5]  _: <POOL> handing out existing connection
2025-11-04 16:54:30,635 DEBUG neo4j.io: [#C1C5]  C: BEGIN {'db': 'helpfile', 'bookmarks': ['FB:kcwQH1sua9IsT4W6N0kQKFDZyHyQ']}
2025-11-04 16:54:30,635 DEBUG neo4j.io: [#C1C5]  _: <CONNECTION> client state: READY > TX_READY_OR_TX_STREAMING
2025-11-04 16:54:30,635 DEBUG neo4j.io: [#C1C5]  C: RUN "CALL apoc.schema.nodes() YIELD label, properties, type, size, valuesSelectivity WHERE type = 'RANGE' RETURN *, size * valuesSelectivity as distinctValues" {} {}
2025-11-04 16:54:30,635 DEBUG neo4j.io: [#C1C5]  C: PULL {'n': 1000}
2025-11-04 16:54:30,636 DEBUG neo4j.io: [#C1C5]  S: SUCCESS {}
2025-11-04 16:54:30,636 DEBUG neo4j.io: [#C1C5]  _: <CONNECTION> server state: READY > TX_READY_OR_TX_STREAMING
2025-11-04 16:54:30,636 DEBUG neo4j.io: [#C1C5]  S: SUCCESS {'t_first': 0, 'fields': ['label', 'properties', 'size', 'type', 'valuesSelectivity', 'distinctValues'], 'qid': 0}
2025-11-04 16:54:30,637 DEBUG neo4j.io: [#C1C5]  S: RECORD * 1
2025-11-04 16:54:30,638 DEBUG neo4j.io: [#C1C5]  S: RECORD * 1
2025-11-04 16:54:30,638 DEBUG neo4j.io: [#C1C5]  S: SUCCESS {'statuses': [{'gql_status': '00000', 'status_description': 'note: successful completion'}], 'type': 'rw', 't_last': 1, 'db': 'helpfile'}
2025-11-04 16:54:30,638 DEBUG neo4j.io: [#C1C5]  C: COMMIT
2025-11-04 16:54:30,638 DEBUG neo4j.io: [#C1C5]  _: <CONNECTION> client state: TX_READY_OR_TX_STREAMING > READY
2025-11-04 16:54:30,638 DEBUG neo4j.io: [#C1C5]  S: SUCCESS {'bookmark': 'FB:kcwQH1sua9IsT4W6N0kQKFDZyHyQ'}
2025-11-04 16:54:30,638 DEBUG neo4j.io: [#C1C5]  _: <CONNECTION> server state: TX_READY_OR_TX_STREAMING > READY
2025-11-04 16:54:30,638 DEBUG neo4j.pool: [#C1C5]  _: <POOL> released bolt-223
2025-11-04 16:54:30,638 DEBUG neo4j: [#0000]  _: <WORKSPACE> routing towards fixed database: helpfile
2025-11-04 16:54:30,638 DEBUG neo4j: [#0000]  _: <WORKSPACE> pinning database: 'helpfile'
2025-11-04 16:54:30,638 DEBUG neo4j.pool: [#0000]  _: <POOL> acquire direct connection, access_mode='WRITE', database=AcquisitionDatabase(name='helpfile', guessed=False)
2025-11-04 16:54:30,638 DEBUG neo4j.pool: [#C1C5]  _: <POOL> picked existing connection bolt-223
2025-11-04 16:54:30,638 DEBUG neo4j.pool: [#C1C5]  _: <POOL> checked re_auth auth=None updated=False force=False
2025-11-04 16:54:30,638 DEBUG neo4j.pool: [#C1C5]  _: <POOL> handing out existing connection
2025-11-04 16:54:30,639 DEBUG neo4j.io: [#C1C5]  C: BEGIN {'db': 'helpfile', 'bookmarks': ['FB:kcwQH1sua9IsT4W6N0kQKFDZyHyQ']}
2025-11-04 16:54:30,639 DEBUG neo4j.io: [#C1C5]  _: <CONNECTION> client state: READY > TX_READY_OR_TX_STREAMING
2025-11-04 16:54:30,639 DEBUG neo4j.io: [#C1C5]  C: RUN "CALL apoc.meta.subGraph({}) YIELD nodes, relationships RETURN nodes, [rel in relationships | {name:apoc.any.property(rel, 'type'), count: apoc.any.property(rel, 'count')}] AS relationships" {} {}
2025-11-04 16:54:30,639 DEBUG neo4j.io: [#C1C5]  C: PULL {'n': 1000}
2025-11-04 16:54:30,639 DEBUG neo4j.io: [#C1C5]  S: SUCCESS {}
2025-11-04 16:54:30,639 DEBUG neo4j.io: [#C1C5]  _: <CONNECTION> server state: READY > TX_READY_OR_TX_STREAMING
2025-11-04 16:54:30,640 DEBUG neo4j.io: [#C1C5]  S: SUCCESS {'t_first': 1, 'fields': ['nodes', 'relationships'], 'qid': 0}
2025-11-04 16:54:30,651 DEBUG neo4j.io: [#C1C5]  S: RECORD * 1
2025-11-04 16:54:30,651 DEBUG neo4j.io: [#C1C5]  S: SUCCESS {'statuses': [{'gql_status': '00000', 'status_description': 'note: successful completion'}], 'type': 'r', 't_last': 9, 'db': 'helpfile'}
2025-11-04 16:54:30,651 DEBUG neo4j.io: [#C1C5]  C: COMMIT
2025-11-04 16:54:30,651 DEBUG neo4j.io: [#C1C5]  _: <CONNECTION> client state: TX_READY_OR_TX_STREAMING > READY
2025-11-04 16:54:30,651 DEBUG neo4j.io: [#C1C5]  S: SUCCESS {'bookmark': 'FB:kcwQH1sua9IsT4W6N0kQKFDZyHyQ'}
2025-11-04 16:54:30,652 DEBUG neo4j.io: [#C1C5]  _: <CONNECTION> server state: TX_READY_OR_TX_STREAMING > READY
2025-11-04 16:54:30,652 DEBUG neo4j.pool: [#C1C5]  _: <POOL> released bolt-223
2025-11-04 16:54:30,653 DEBUG neo4j: [#0000]  _: <WORKSPACE> routing towards fixed database: helpfile
2025-11-04 16:54:30,653 DEBUG neo4j: [#0000]  _: <WORKSPACE> pinning database: 'helpfile'
2025-11-04 16:54:30,653 DEBUG neo4j.pool: [#0000]  _: <POOL> acquire direct connection, access_mode='WRITE', database=AcquisitionDatabase(name='helpfile', guessed=False)
2025-11-04 16:54:30,653 DEBUG neo4j.pool: [#C1C5]  _: <POOL> picked existing connection bolt-223
2025-11-04 16:54:30,653 DEBUG neo4j.pool: [#C1C5]  _: <POOL> checked re_auth auth=None updated=False force=False
2025-11-04 16:54:30,653 DEBUG neo4j.pool: [#C1C5]  _: <POOL> handing out existing connection
2025-11-04 16:54:30,653 DEBUG neo4j.io: [#C1C5]  C: BEGIN {'db': 'helpfile', 'bookmarks': ['FB:kcwQH1sua9IsT4W6N0kQKFDZyHyQ']}
2025-11-04 16:54:30,653 DEBUG neo4j.io: [#C1C5]  _: <CONNECTION> client state: READY > TX_READY_OR_TX_STREAMING
2025-11-04 16:54:30,653 DEBUG neo4j.io: [#C1C5]  C: RUN "MATCH (n:`Chunk`)\nWITH collect(distinct substring(toString(coalesce(n.`id`, '')), 0, 52)) AS `id_values`,\n     collect(distinct substring(toString(coalesce(n.`text`, '')), 0, 52)) AS `text_values`,\n     min(n.`chunk_index`) AS `chunk_index_min`,\n     max(n.`chunk_index`) AS `chunk_index_max`,\n     count(distinct n.`chunk_index`) AS `chunk_index_distinct`,\n     min(n.`section_level`) AS `section_level_min`,\n     max(n.`section_level`) AS `section_level_max`,\n     count(distinct n.`section_level`) AS `section_level_distinct`,\n     collect(distinct substring(toString(coalesce(n.`ref_doc_id`, '')), 0, 52)) AS `ref_doc_id_values`,\n     collect(distinct substring(toString(coalesce(n.`extracted_at`, '')), 0, 52)) AS `extracted_at_values`,\n     collect(distinct substring(toString(coalesce(n.`document_id`, '')), 0, 52)) AS `document_id_values`,\n     collect(distinct substring(toString(coalesce(n.`title`, '')), 0, 52)) AS `title_values`,\n     min(n.`text_length`) AS `text_length_min`,\n     max(n.`text_length`) AS `text_length_max`,\n     count(distinct n.`text_length`) AS `text_length_distinct`,\n     collect(distinct substring(toString(coalesce(n.`doc_id`, '')), 0, 52)) AS `doc_id_values`,\n     collect(distinct substring(toString(coalesce(n.`data_source`, '')), 0, 52)) AS `data_source_values`,\n     collect(distinct substring(toString(coalesce(n.`chunk_id`, '')), 0, 52)) AS `chunk_id_values`,\n     collect(distinct substring(toString(coalesce(n.`_node_content`, '')), 0, 52)) AS `_node_content_values`,\n     collect(distinct substring(toString(coalesce(n.`section_id`, '')), 0, 52)) AS `section_id_values`,\n     collect(distinct substring(toString(coalesce(n.`section_heading`, '')), 0, 52)) AS `section_heading_values`,\n     min(n.`start_char_idx`) AS `start_char_idx_min`,\n     max(n.`start_char_idx`) AS `start_char_idx_max`,\n     count(distinct n.`start_char_idx`) AS `start_char_idx_distinct`,\n     collect(distinct substring(toString(coalesce(n.`source_path`, '')), 0, 52)) AS `source_path_values`,\n     min(n.`section_index`) AS `section_index_min`,\n     max(n.`section_index`) AS `section_index_max`,\n     count(distinct n.`section_index`) AS `section_index_distinct`,\n     collect(distinct substring(toString(coalesce(n.`last_modified`, '')), 0, 52)) AS `last_modified_values`,\n     collect(distinct substring(toString(coalesce(n.`_node_type`, '')), 0, 52)) AS `_node_type_values`,\n     min(n.`end_char_idx`) AS `end_char_idx_min`,\n     max(n.`end_char_idx`) AS `end_char_idx_max`,\n     count(distinct n.`end_char_idx`) AS `end_char_idx_distinct`,\n     collect(distinct substring(toString(coalesce(n.`triplet_source_id`, '')), 0, 52)) AS `triplet_source_id_values`\nRETURN {`id`: {values:`id_values`[..10], distinct_count: size(`id_values`)}, `text`: {values:`text_values`[..10], distinct_count: size(`text_values`)}, `chunk_index`: {min: toString(`chunk_index_min`), max: toString(`chunk_index_max`), distinct_count: `chunk_index_distinct`}, `section_level`: {min: toString(`section_level_min`), max: toString(`section_level_max`), distinct_count: `section_level_distinct`}, `ref_doc_id`: {values:`ref_doc_id_values`[..10], distinct_count: size(`ref_doc_id_values`)}, `extracted_at`: {values:`extracted_at_values`[..10], distinct_count: size(`extracted_at_values`)}, `document_id`: {values:`document_id_values`[..10], distinct_count: size(`document_id_values`)}, `title`: {values:`title_values`[..10], distinct_count: size(`title_values`)}, `text_length`: {min: toString(`text_length_min`), max: toString(`text_length_max`), distinct_count: `text_length_distinct`}, `doc_id`: {values:`doc_id_values`[..10], distinct_count: size(`doc_id_values`)}, `data_source`: {values:`data_source_values`[..10], distinct_count: size(`data_source_values`)}, `chunk_id`: {values:`chunk_id_values`[..10], distinct_count: size(`chunk_id_values`)}, `_node_content`: {values:`_node_content_values`[..10], distinct_count: size(`_node_content_values`)}, `section_id`: {values:`section_id_values`[..10], distinct_count: size(`section_id_values`)}, `section_heading`: {values:`section_heading_values`[..10], distinct_count: size(`section_heading_values`)}, `start_char_idx`: {min: toString(`start_char_idx_min`), max: toString(`start_char_idx_max`), distinct_count: `start_char_idx_distinct`}, `source_path`: {values:`source_path_values`[..10], distinct_count: size(`source_path_values`)}, `section_index`: {min: toString(`section_index_min`), max: toString(`section_index_max`), distinct_count: `section_index_distinct`}, `last_modified`: {values:`last_modified_values`[..10], distinct_count: size(`last_modified_values`)}, `_node_type`: {values:`_node_type_values`[..10], distinct_count: size(`_node_type_values`)}, `end_char_idx`: {min: toString(`end_char_idx_min`), max: toString(`end_char_idx_max`), distinct_count: `end_char_idx_distinct`}, `triplet_source_id`: {values:`triplet_source_id_values`[..10], distinct_count: size(`triplet_source_id_values`)}} AS output" {} {}
2025-11-04 16:54:30,653 DEBUG neo4j.io: [#C1C5]  C: PULL {'n': 1000}
2025-11-04 16:54:30,654 DEBUG neo4j.io: [#C1C5]  S: SUCCESS {}
2025-11-04 16:54:30,654 DEBUG neo4j.io: [#C1C5]  _: <CONNECTION> server state: READY > TX_READY_OR_TX_STREAMING
2025-11-04 16:54:30,654 DEBUG neo4j.io: [#C1C5]  S: SUCCESS {'t_first': 0, 'fields': ['output'], 'qid': 0}
2025-11-04 16:54:30,655 DEBUG neo4j.io: [#C1C5]  S: RECORD * 1
2025-11-04 16:54:30,655 DEBUG neo4j.io: [#C1C5]  S: SUCCESS {'statuses': [{'gql_status': '00000', 'status_description': 'note: successful completion'}], 'type': 'r', 't_last': 1, 'db': 'helpfile'}
2025-11-04 16:54:30,656 DEBUG neo4j.io: [#C1C5]  C: COMMIT
2025-11-04 16:54:30,656 DEBUG neo4j.io: [#C1C5]  _: <CONNECTION> client state: TX_READY_OR_TX_STREAMING > READY
2025-11-04 16:54:30,656 DEBUG neo4j.io: [#C1C5]  S: SUCCESS {'bookmark': 'FB:kcwQH1sua9IsT4W6N0kQKFDZyHyQ'}
2025-11-04 16:54:30,656 DEBUG neo4j.io: [#C1C5]  _: <CONNECTION> server state: TX_READY_OR_TX_STREAMING > READY
2025-11-04 16:54:30,656 DEBUG neo4j.pool: [#C1C5]  _: <POOL> released bolt-223
2025-11-04 16:54:30,656 DEBUG neo4j: [#0000]  _: <WORKSPACE> routing towards fixed database: helpfile
2025-11-04 16:54:30,656 DEBUG neo4j: [#0000]  _: <WORKSPACE> pinning database: 'helpfile'
2025-11-04 16:54:30,656 DEBUG neo4j.pool: [#0000]  _: <POOL> acquire direct connection, access_mode='WRITE', database=AcquisitionDatabase(name='helpfile', guessed=False)
2025-11-04 16:54:30,656 DEBUG neo4j.pool: [#C1C5]  _: <POOL> picked existing connection bolt-223
2025-11-04 16:54:30,656 DEBUG neo4j.pool: [#C1C5]  _: <POOL> checked re_auth auth=None updated=False force=False
2025-11-04 16:54:30,656 DEBUG neo4j.pool: [#C1C5]  _: <POOL> handing out existing connection
2025-11-04 16:54:30,656 DEBUG neo4j.io: [#C1C5]  C: BEGIN {'db': 'helpfile', 'bookmarks': ['FB:kcwQH1sua9IsT4W6N0kQKFDZyHyQ']}
2025-11-04 16:54:30,656 DEBUG neo4j.io: [#C1C5]  _: <CONNECTION> client state: READY > TX_READY_OR_TX_STREAMING
2025-11-04 16:54:30,656 DEBUG neo4j.io: [#C1C5]  C: RUN "MATCH (n:`HelpDocument`)\nWITH collect(distinct substring(toString(coalesce(n.`id`, '')), 0, 52)) AS `id_values`,\n     collect(distinct substring(toString(coalesce(n.`name`, '')), 0, 52)) AS `name_values`,\n     collect(distinct substring(toString(coalesce(n.`extracted_at`, '')), 0, 52)) AS `extracted_at_values`,\n     collect(distinct substring(toString(coalesce(n.`document_id`, '')), 0, 52)) AS `document_id_values`,\n     collect(distinct substring(toString(coalesce(n.`title`, '')), 0, 52)) AS `title_values`,\n     collect(distinct substring(toString(coalesce(n.`data_source`, '')), 0, 52)) AS `data_source_values`,\n     collect(distinct substring(toString(coalesce(n.`source_path`, '')), 0, 52)) AS `source_path_values`,\n     collect(distinct substring(toString(coalesce(n.`last_modified`, '')), 0, 52)) AS `last_modified_values`,\n     collect(distinct substring(toString(coalesce(n.`triplet_source_id`, '')), 0, 52)) AS `triplet_source_id_values`,\n     min(size(coalesce(n.`headings`, []))) AS `headings_size_min`, max(size(coalesce(n.`headings`, []))) AS `headings_size_max`, collect(n.`headings`)[0][..3] AS `headings_values`,\n     min(n.`section_count`) AS `section_count_min`,\n     max(n.`section_count`) AS `section_count_max`,\n     count(distinct n.`section_count`) AS `section_count_distinct`\nRETURN {`id`: {values:`id_values`[..10], distinct_count: size(`id_values`)}, `name`: {values:`name_values`[..10], distinct_count: size(`name_values`)}, `extracted_at`: {values:`extracted_at_values`[..10], distinct_count: size(`extracted_at_values`)}, `document_id`: {values:`document_id_values`[..10], distinct_count: size(`document_id_values`)}, `title`: {values:`title_values`[..10], distinct_count: size(`title_values`)}, `data_source`: {values:`data_source_values`[..10], distinct_count: size(`data_source_values`)}, `source_path`: {values:`source_path_values`[..10], distinct_count: size(`source_path_values`)}, `last_modified`: {values:`last_modified_values`[..10], distinct_count: size(`last_modified_values`)}, `triplet_source_id`: {values:`triplet_source_id_values`[..10], distinct_count: size(`triplet_source_id_values`)}, `headings`: {min_size: `headings_size_min`, max_size: `headings_size_max`, values:`headings_values`}, `section_count`: {min: toString(`section_count_min`), max: toString(`section_count_max`), distinct_count: `section_count_distinct`}} AS output" {} {}
2025-11-04 16:54:30,656 DEBUG neo4j.io: [#C1C5]  C: PULL {'n': 1000}
2025-11-04 16:54:30,658 DEBUG neo4j.io: [#C1C5]  S: SUCCESS {}
2025-11-04 16:54:30,658 DEBUG neo4j.io: [#C1C5]  _: <CONNECTION> server state: READY > TX_READY_OR_TX_STREAMING
2025-11-04 16:54:30,658 DEBUG neo4j.io: [#C1C5]  S: SUCCESS {'t_first': 0, 'fields': ['output'], 'qid': 0}
2025-11-04 16:54:30,659 DEBUG neo4j.io: [#C1C5]  S: RECORD * 1
2025-11-04 16:54:30,659 DEBUG neo4j.io: [#C1C5]  S: SUCCESS {'statuses': [{'gql_status': '00000', 'status_description': 'note: successful completion'}], 'type': 'r', 't_last': 1, 'db': 'helpfile'}
2025-11-04 16:54:30,659 DEBUG neo4j.io: [#C1C5]  C: COMMIT
2025-11-04 16:54:30,659 DEBUG neo4j.io: [#C1C5]  _: <CONNECTION> client state: TX_READY_OR_TX_STREAMING > READY
2025-11-04 16:54:30,659 DEBUG neo4j.io: [#C1C5]  S: SUCCESS {'bookmark': 'FB:kcwQH1sua9IsT4W6N0kQKFDZyHyQ'}
2025-11-04 16:54:30,659 DEBUG neo4j.io: [#C1C5]  _: <CONNECTION> server state: TX_READY_OR_TX_STREAMING > READY
2025-11-04 16:54:30,659 DEBUG neo4j.pool: [#C1C5]  _: <POOL> released bolt-223
2025-11-04 16:54:30,660 DEBUG neo4j: [#0000]  _: <WORKSPACE> routing towards fixed database: helpfile
2025-11-04 16:54:30,660 DEBUG neo4j: [#0000]  _: <WORKSPACE> pinning database: 'helpfile'
2025-11-04 16:54:30,660 DEBUG neo4j.pool: [#0000]  _: <POOL> acquire direct connection, access_mode='WRITE', database=AcquisitionDatabase(name='helpfile', guessed=False)
2025-11-04 16:54:30,660 DEBUG neo4j.pool: [#C1C5]  _: <POOL> picked existing connection bolt-223
2025-11-04 16:54:30,660 DEBUG neo4j.pool: [#C1C5]  _: <POOL> checked re_auth auth=None updated=False force=False
2025-11-04 16:54:30,660 DEBUG neo4j.pool: [#C1C5]  _: <POOL> handing out existing connection
2025-11-04 16:54:30,660 DEBUG neo4j.io: [#C1C5]  C: BEGIN {'db': 'helpfile', 'bookmarks': ['FB:kcwQH1sua9IsT4W6N0kQKFDZyHyQ']}
2025-11-04 16:54:30,660 DEBUG neo4j.io: [#C1C5]  _: <CONNECTION> client state: READY > TX_READY_OR_TX_STREAMING
2025-11-04 16:54:30,660 DEBUG neo4j.io: [#C1C5]  C: RUN "MATCH (n:`HelpSection`)\nWITH collect(distinct substring(toString(coalesce(n.`id`, '')), 0, 52)) AS `id_values`,\n     collect(distinct substring(toString(coalesce(n.`name`, '')), 0, 52)) AS `name_values`,\n     min(n.`section_level`) AS `section_level_min`,\n     max(n.`section_level`) AS `section_level_max`,\n     count(distinct n.`section_level`) AS `section_level_distinct`,\n     collect(distinct substring(toString(coalesce(n.`extracted_at`, '')), 0, 52)) AS `extracted_at_values`,\n     collect(distinct substring(toString(coalesce(n.`document_id`, '')), 0, 52)) AS `document_id_values`,\n     collect(distinct substring(toString(coalesce(n.`title`, '')), 0, 52)) AS `title_values`,\n     collect(distinct substring(toString(coalesce(n.`data_source`, '')), 0, 52)) AS `data_source_values`,\n     collect(distinct substring(toString(coalesce(n.`section_id`, '')), 0, 52)) AS `section_id_values`,\n     collect(distinct substring(toString(coalesce(n.`section_heading`, '')), 0, 52)) AS `section_heading_values`,\n     collect(distinct substring(toString(coalesce(n.`source_path`, '')), 0, 52)) AS `source_path_values`,\n     min(n.`section_index`) AS `section_index_min`,\n     max(n.`section_index`) AS `section_index_max`,\n     count(distinct n.`section_index`) AS `section_index_distinct`,\n     collect(distinct substring(toString(coalesce(n.`last_modified`, '')), 0, 52)) AS `last_modified_values`,\n     collect(distinct substring(toString(coalesce(n.`triplet_source_id`, '')), 0, 52)) AS `triplet_source_id_values`\nRETURN {`id`: {values:`id_values`[..10], distinct_count: size(`id_values`)}, `name`: {values:`name_values`[..10], distinct_count: size(`name_values`)}, `section_level`: {min: toString(`section_level_min`), max: toString(`section_level_max`), distinct_count: `section_level_distinct`}, `extracted_at`: {values:`extracted_at_values`[..10], distinct_count: size(`extracted_at_values`)}, `document_id`: {values:`document_id_values`[..10], distinct_count: size(`document_id_values`)}, `title`: {values:`title_values`[..10], distinct_count: size(`title_values`)}, `data_source`: {values:`data_source_values`[..10], distinct_count: size(`data_source_values`)}, `section_id`: {values:`section_id_values`[..10], distinct_count: size(`section_id_values`)}, `section_heading`: {values:`section_heading_values`[..10], distinct_count: size(`section_heading_values`)}, `source_path`: {values:`source_path_values`[..10], distinct_count: size(`source_path_values`)}, `section_index`: {min: toString(`section_index_min`), max: toString(`section_index_max`), distinct_count: `section_index_distinct`}, `last_modified`: {values:`last_modified_values`[..10], distinct_count: size(`last_modified_values`)}, `triplet_source_id`: {values:`triplet_source_id_values`[..10], distinct_count: size(`triplet_source_id_values`)}} AS output" {} {}
2025-11-04 16:54:30,660 DEBUG neo4j.io: [#C1C5]  C: PULL {'n': 1000}
2025-11-04 16:54:30,661 DEBUG neo4j.io: [#C1C5]  S: SUCCESS {}
2025-11-04 16:54:30,661 DEBUG neo4j.io: [#C1C5]  _: <CONNECTION> server state: READY > TX_READY_OR_TX_STREAMING
2025-11-04 16:54:30,661 DEBUG neo4j.io: [#C1C5]  S: SUCCESS {'t_first': 0, 'fields': ['output'], 'qid': 0}
2025-11-04 16:54:30,662 DEBUG neo4j.io: [#C1C5]  S: RECORD * 1
2025-11-04 16:54:30,662 DEBUG neo4j.io: [#C1C5]  S: SUCCESS {'statuses': [{'gql_status': '00000', 'status_description': 'note: successful completion'}], 'type': 'r', 't_last': 1, 'db': 'helpfile'}
2025-11-04 16:54:30,662 DEBUG neo4j.io: [#C1C5]  C: COMMIT
2025-11-04 16:54:30,662 DEBUG neo4j.io: [#C1C5]  _: <CONNECTION> client state: TX_READY_OR_TX_STREAMING > READY
2025-11-04 16:54:30,662 DEBUG neo4j.io: [#C1C5]  S: SUCCESS {'bookmark': 'FB:kcwQH1sua9IsT4W6N0kQKFDZyHyQ'}
2025-11-04 16:54:30,662 DEBUG neo4j.io: [#C1C5]  _: <CONNECTION> server state: TX_READY_OR_TX_STREAMING > READY
2025-11-04 16:54:30,662 DEBUG neo4j.pool: [#C1C5]  _: <POOL> released bolt-223
2025-11-04 16:54:30,663 DEBUG neo4j: [#0000]  _: <WORKSPACE> routing towards fixed database: helpfile
2025-11-04 16:54:30,663 DEBUG neo4j: [#0000]  _: <WORKSPACE> pinning database: 'helpfile'
2025-11-04 16:54:30,663 DEBUG neo4j.pool: [#0000]  _: <POOL> acquire direct connection, access_mode='WRITE', database=AcquisitionDatabase(name='helpfile', guessed=False)
2025-11-04 16:54:30,663 DEBUG neo4j.pool: [#C1C5]  _: <POOL> picked existing connection bolt-223
2025-11-04 16:54:30,663 DEBUG neo4j.pool: [#C1C5]  _: <POOL> checked re_auth auth=None updated=False force=False
2025-11-04 16:54:30,663 DEBUG neo4j.pool: [#C1C5]  _: <POOL> handing out existing connection
2025-11-04 16:54:30,663 DEBUG neo4j.io: [#C1C5]  C: BEGIN {'db': 'helpfile', 'bookmarks': ['FB:kcwQH1sua9IsT4W6N0kQKFDZyHyQ']}
2025-11-04 16:54:30,663 DEBUG neo4j.io: [#C1C5]  _: <CONNECTION> client state: READY > TX_READY_OR_TX_STREAMING
2025-11-04 16:54:30,663 DEBUG neo4j.io: [#C1C5]  C: RUN "MATCH (n:`entity`)\nWITH collect(distinct substring(toString(coalesce(n.`id`, '')), 0, 52)) AS `id_values`,\n     collect(distinct substring(toString(coalesce(n.`name`, '')), 0, 52)) AS `name_values`,\n     min(n.`chunk_index`) AS `chunk_index_min`,\n     max(n.`chunk_index`) AS `chunk_index_max`,\n     count(distinct n.`chunk_index`) AS `chunk_index_distinct`,\n     min(n.`section_level`) AS `section_level_min`,\n     max(n.`section_level`) AS `section_level_max`,\n     count(distinct n.`section_level`) AS `section_level_distinct`,\n     collect(distinct substring(toString(coalesce(n.`extracted_at`, '')), 0, 52)) AS `extracted_at_values`,\n     collect(distinct substring(toString(coalesce(n.`document_id`, '')), 0, 52)) AS `document_id_values`,\n     collect(distinct substring(toString(coalesce(n.`title`, '')), 0, 52)) AS `title_values`,\n     min(n.`text_length`) AS `text_length_min`,\n     max(n.`text_length`) AS `text_length_max`,\n     count(distinct n.`text_length`) AS `text_length_distinct`,\n     collect(distinct substring(toString(coalesce(n.`data_source`, '')), 0, 52)) AS `data_source_values`,\n     collect(distinct substring(toString(coalesce(n.`chunk_id`, '')), 0, 52)) AS `chunk_id_values`,\n     collect(distinct substring(toString(coalesce(n.`section_id`, '')), 0, 52)) AS `section_id_values`,\n     collect(distinct substring(toString(coalesce(n.`section_heading`, '')), 0, 52)) AS `section_heading_values`,\n     min(n.`start_char_idx`) AS `start_char_idx_min`,\n     max(n.`start_char_idx`) AS `start_char_idx_max`,\n     count(distinct n.`start_char_idx`) AS `start_char_idx_distinct`,\n     collect(distinct substring(toString(coalesce(n.`source_path`, '')), 0, 52)) AS `source_path_values`,\n     min(n.`section_index`) AS `section_index_min`,\n     max(n.`section_index`) AS `section_index_max`,\n     count(distinct n.`section_index`) AS `section_index_distinct`,\n     collect(distinct substring(toString(coalesce(n.`last_modified`, '')), 0, 52)) AS `last_modified_values`,\n     min(n.`end_char_idx`) AS `end_char_idx_min`,\n     max(n.`end_char_idx`) AS `end_char_idx_max`,\n     count(distinct n.`end_char_idx`) AS `end_char_idx_distinct`,\n     collect(distinct substring(toString(coalesce(n.`triplet_source_id`, '')), 0, 52)) AS `triplet_source_id_values`\nRETURN {`id`: {values:`id_values`[..10], distinct_count: size(`id_values`)}, `name`: {values:`name_values`[..10], distinct_count: size(`name_values`)}, `chunk_index`: {min: toString(`chunk_index_min`), max: toString(`chunk_index_max`), distinct_count: `chunk_index_distinct`}, `section_level`: {min: toString(`section_level_min`), max: toString(`section_level_max`), distinct_count: `section_level_distinct`}, `extracted_at`: {values:`extracted_at_values`[..10], distinct_count: size(`extracted_at_values`)}, `document_id`: {values:`document_id_values`[..10], distinct_count: size(`document_id_values`)}, `title`: {values:`title_values`[..10], distinct_count: size(`title_values`)}, `text_length`: {min: toString(`text_length_min`), max: toString(`text_length_max`), distinct_count: `text_length_distinct`}, `data_source`: {values:`data_source_values`[..10], distinct_count: size(`data_source_values`)}, `chunk_id`: {values:`chunk_id_values`[..10], distinct_count: size(`chunk_id_values`)}, `section_id`: {values:`section_id_values`[..10], distinct_count: size(`section_id_values`)}, `section_heading`: {values:`section_heading_values`[..10], distinct_count: size(`section_heading_values`)}, `start_char_idx`: {min: toString(`start_char_idx_min`), max: toString(`start_char_idx_max`), distinct_count: `start_char_idx_distinct`}, `source_path`: {values:`source_path_values`[..10], distinct_count: size(`source_path_values`)}, `section_index`: {min: toString(`section_index_min`), max: toString(`section_index_max`), distinct_count: `section_index_distinct`}, `last_modified`: {values:`last_modified_values`[..10], distinct_count: size(`last_modified_values`)}, `end_char_idx`: {min: toString(`end_char_idx_min`), max: toString(`end_char_idx_max`), distinct_count: `end_char_idx_distinct`}, `triplet_source_id`: {values:`triplet_source_id_values`[..10], distinct_count: size(`triplet_source_id_values`)}} AS output" {} {}
2025-11-04 16:54:30,663 DEBUG neo4j.io: [#C1C5]  C: PULL {'n': 1000}
2025-11-04 16:54:30,663 DEBUG neo4j.io: [#C1C5]  S: SUCCESS {}
2025-11-04 16:54:30,664 DEBUG neo4j.io: [#C1C5]  _: <CONNECTION> server state: READY > TX_READY_OR_TX_STREAMING
2025-11-04 16:54:30,664 DEBUG neo4j.io: [#C1C5]  S: SUCCESS {'t_first': 1, 'fields': ['output'], 'qid': 0}
2025-11-04 16:54:30,665 DEBUG neo4j.io: [#C1C5]  S: RECORD * 1
2025-11-04 16:54:30,665 DEBUG neo4j.io: [#C1C5]  S: SUCCESS {'statuses': [{'gql_status': '00000', 'status_description': 'note: successful completion'}], 'type': 'r', 't_last': 1, 'db': 'helpfile'}
2025-11-04 16:54:30,666 DEBUG neo4j.io: [#C1C5]  C: COMMIT
2025-11-04 16:54:30,666 DEBUG neo4j.io: [#C1C5]  _: <CONNECTION> client state: TX_READY_OR_TX_STREAMING > READY
2025-11-04 16:54:30,666 DEBUG neo4j.io: [#C1C5]  S: SUCCESS {'bookmark': 'FB:kcwQH1sua9IsT4W6N0kQKFDZyHyQ'}
2025-11-04 16:54:30,666 DEBUG neo4j.io: [#C1C5]  _: <CONNECTION> server state: TX_READY_OR_TX_STREAMING > READY
2025-11-04 16:54:30,666 DEBUG neo4j.pool: [#C1C5]  _: <POOL> released bolt-223
2025-11-04 16:54:30,667 DEBUG neo4j: [#0000]  _: <WORKSPACE> routing towards fixed database: helpfile
2025-11-04 16:54:30,667 DEBUG neo4j: [#0000]  _: <WORKSPACE> pinning database: 'helpfile'
2025-11-04 16:54:30,667 DEBUG neo4j.pool: [#0000]  _: <POOL> acquire direct connection, access_mode='WRITE', database=AcquisitionDatabase(name='helpfile', guessed=False)
2025-11-04 16:54:30,667 DEBUG neo4j.pool: [#C1C5]  _: <POOL> picked existing connection bolt-223
2025-11-04 16:54:30,667 DEBUG neo4j.pool: [#C1C5]  _: <POOL> checked re_auth auth=None updated=False force=False
2025-11-04 16:54:30,667 DEBUG neo4j.pool: [#C1C5]  _: <POOL> handing out existing connection
2025-11-04 16:54:30,667 DEBUG neo4j.io: [#C1C5]  C: BEGIN {'db': 'helpfile', 'bookmarks': ['FB:kcwQH1sua9IsT4W6N0kQKFDZyHyQ']}
2025-11-04 16:54:30,667 DEBUG neo4j.io: [#C1C5]  _: <CONNECTION> client state: READY > TX_READY_OR_TX_STREAMING
2025-11-04 16:54:30,668 DEBUG neo4j.io: [#C1C5]  C: RUN 'MATCH (n) WHERE n.data_source = $source RETURN id(n) AS id, labels(n) AS labels, properties(n) AS properties' {'source': 'EVOSHIP_HELP_FILES'} {}
2025-11-04 16:54:30,668 DEBUG neo4j.io: [#C1C5]  C: PULL {'n': 1000}
2025-11-04 16:54:30,668 DEBUG neo4j.io: [#C1C5]  S: SUCCESS {}
2025-11-04 16:54:30,668 DEBUG neo4j.io: [#C1C5]  _: <CONNECTION> server state: READY > TX_READY_OR_TX_STREAMING
2025-11-04 16:54:30,686 DEBUG neo4j.io: [#C1C5]  S: SUCCESS {'t_first': 17, 'fields': ['id', 'labels', 'properties'], 'qid': 0}
2025-11-04 16:54:30,686 DEBUG neo4j.io: [#C1C5]  S: RECORD * 1
2025-11-04 16:54:30,687 DEBUG neo4j.io: [#C1C5]  S: RECORD * 1
2025-11-04 16:54:30,687 DEBUG neo4j.io: [#C1C5]  S: RECORD * 1
2025-11-04 16:54:30,687 DEBUG neo4j.io: [#C1C5]  S: RECORD * 1
2025-11-04 16:54:30,687 DEBUG neo4j.io: [#C1C5]  S: RECORD * 1
2025-11-04 16:54:30,687 DEBUG neo4j.io: [#C1C5]  S: RECORD * 1
2025-11-04 16:54:30,687 DEBUG neo4j.io: [#C1C5]  S: RECORD * 1
2025-11-04 16:54:30,687 DEBUG neo4j.io: [#C1C5]  S: RECORD * 1
2025-11-04 16:54:30,688 DEBUG neo4j.io: [#C1C5]  S: RECORD * 1
2025-11-04 16:54:30,688 DEBUG neo4j.io: [#C1C5]  S: RECORD * 1
2025-11-04 16:54:30,688 DEBUG neo4j.io: [#C1C5]  S: RECORD * 1
2025-11-04 16:54:30,688 DEBUG neo4j.io: [#C1C5]  S: RECORD * 1
2025-11-04 16:54:30,688 DEBUG neo4j.io: [#C1C5]  S: RECORD * 1
2025-11-04 16:54:30,688 DEBUG neo4j.io: [#C1C5]  S: RECORD * 1
2025-11-04 16:54:30,688 DEBUG neo4j.io: [#C1C5]  S: RECORD * 1
2025-11-04 16:54:30,688 DEBUG neo4j.io: [#C1C5]  S: RECORD * 1
2025-11-04 16:54:30,688 DEBUG neo4j.io: [#C1C5]  S: RECORD * 1
2025-11-04 16:54:30,688 DEBUG neo4j.io: [#C1C5]  S: RECORD * 1
2025-11-04 16:54:30,688 DEBUG neo4j.io: [#C1C5]  S: RECORD * 1
2025-11-04 16:54:30,689 DEBUG neo4j.io: [#C1C5]  S: RECORD * 1
2025-11-04 16:54:30,689 DEBUG neo4j.io: [#C1C5]  S: RECORD * 1
2025-11-04 16:54:30,689 DEBUG neo4j.io: [#C1C5]  S: RECORD * 1
2025-11-04 16:54:30,689 DEBUG neo4j.io: [#C1C5]  S: RECORD * 1
2025-11-04 16:54:30,689 DEBUG neo4j.io: [#C1C5]  S: RECORD * 1
2025-11-04 16:54:30,689 DEBUG neo4j.io: [#C1C5]  S: RECORD * 1
2025-11-04 16:54:30,689 DEBUG neo4j.io: [#C1C5]  S: RECORD * 1
2025-11-04 16:54:30,689 DEBUG neo4j.io: [#C1C5]  S: RECORD * 1
2025-11-04 16:54:30,689 DEBUG neo4j.io: [#C1C5]  S: RECORD * 1
2025-11-04 16:54:30,690 DEBUG neo4j.io: [#C1C5]  S: RECORD * 1
2025-11-04 16:54:30,690 DEBUG neo4j.io: [#C1C5]  S: RECORD * 1
2025-11-04 16:54:30,690 DEBUG neo4j.io: [#C1C5]  S: RECORD * 1
2025-11-04 16:54:30,690 DEBUG neo4j.io: [#C1C5]  S: RECORD * 1
2025-11-04 16:54:30,690 DEBUG neo4j.io: [#C1C5]  S: RECORD * 1
2025-11-04 16:54:30,690 DEBUG neo4j.io: [#C1C5]  S: RECORD * 1
2025-11-04 16:54:30,690 DEBUG neo4j.io: [#C1C5]  S: RECORD * 1
2025-11-04 16:54:30,690 DEBUG neo4j.io: [#C1C5]  S: RECORD * 1
2025-11-04 16:54:30,690 DEBUG neo4j.io: [#C1C5]  S: RECORD * 1
2025-11-04 16:54:30,690 DEBUG neo4j.io: [#C1C5]  S: RECORD * 1
2025-11-04 16:54:30,691 DEBUG neo4j.io: [#C1C5]  S: RECORD * 1
2025-11-04 16:54:30,691 DEBUG neo4j.io: [#C1C5]  S: RECORD * 1
2025-11-04 16:54:30,691 DEBUG neo4j.io: [#C1C5]  S: RECORD * 1
2025-11-04 16:54:30,691 DEBUG neo4j.io: [#C1C5]  S: RECORD * 1
2025-11-04 16:54:30,691 DEBUG neo4j.io: [#C1C5]  S: RECORD * 1
2025-11-04 16:54:30,691 DEBUG neo4j.io: [#C1C5]  S: RECORD * 1
2025-11-04 16:54:30,691 DEBUG neo4j.io: [#C1C5]  S: RECORD * 1
2025-11-04 16:54:30,691 DEBUG neo4j.io: [#C1C5]  S: RECORD * 1
2025-11-04 16:54:30,691 DEBUG neo4j.io: [#C1C5]  S: RECORD * 1
2025-11-04 16:54:30,691 DEBUG neo4j.io: [#C1C5]  S: RECORD * 1
2025-11-04 16:54:30,691 DEBUG neo4j.io: [#C1C5]  S: RECORD * 1
2025-11-04 16:54:30,691 DEBUG neo4j.io: [#C1C5]  S: RECORD * 1
2025-11-04 16:54:30,692 DEBUG neo4j.io: [#C1C5]  S: RECORD * 1
2025-11-04 16:54:30,692 DEBUG neo4j.io: [#C1C5]  S: RECORD * 1
2025-11-04 16:54:30,692 DEBUG neo4j.io: [#C1C5]  S: RECORD * 1
2025-11-04 16:54:30,692 DEBUG neo4j.io: [#C1C5]  S: RECORD * 1
2025-11-04 16:54:30,692 DEBUG neo4j.io: [#C1C5]  S: RECORD * 1
2025-11-04 16:54:30,692 DEBUG neo4j.io: [#C1C5]  S: RECORD * 1
2025-11-04 16:54:30,692 DEBUG neo4j.io: [#C1C5]  S: RECORD * 1
2025-11-04 16:54:30,692 DEBUG neo4j.io: [#C1C5]  S: RECORD * 1
2025-11-04 16:54:30,692 DEBUG neo4j.io: [#C1C5]  S: RECORD * 1
2025-11-04 16:54:30,692 DEBUG neo4j.io: [#C1C5]  S: RECORD * 1
2025-11-04 16:54:30,692 DEBUG neo4j.io: [#C1C5]  S: RECORD * 1
2025-11-04 16:54:30,692 DEBUG neo4j.io: [#C1C5]  S: RECORD * 1
2025-11-04 16:54:30,692 DEBUG neo4j.io: [#C1C5]  S: RECORD * 1
2025-11-04 16:54:30,692 DEBUG neo4j.io: [#C1C5]  S: RECORD * 1
2025-11-04 16:54:30,692 DEBUG neo4j.io: [#C1C5]  S: RECORD * 1
2025-11-04 16:54:30,693 DEBUG neo4j.io: [#C1C5]  S: RECORD * 1
2025-11-04 16:54:30,693 DEBUG neo4j.io: [#C1C5]  S: RECORD * 1
2025-11-04 16:54:30,693 DEBUG neo4j.io: [#C1C5]  S: RECORD * 1
2025-11-04 16:54:30,693 DEBUG neo4j.io: [#C1C5]  S: RECORD * 1
2025-11-04 16:54:30,693 DEBUG neo4j.io: [#C1C5]  S: RECORD * 1
2025-11-04 16:54:30,693 DEBUG neo4j.io: [#C1C5]  S: RECORD * 1
2025-11-04 16:54:30,693 DEBUG neo4j.io: [#C1C5]  S: RECORD * 1
2025-11-04 16:54:30,693 DEBUG neo4j.io: [#C1C5]  S: RECORD * 1
2025-11-04 16:54:30,693 DEBUG neo4j.io: [#C1C5]  S: RECORD * 1
2025-11-04 16:54:30,693 DEBUG neo4j.io: [#C1C5]  S: RECORD * 1
2025-11-04 16:54:30,693 DEBUG neo4j.io: [#C1C5]  S: RECORD * 1
2025-11-04 16:54:30,693 DEBUG neo4j.io: [#C1C5]  S: RECORD * 1
2025-11-04 16:54:30,694 DEBUG neo4j.io: [#C1C5]  S: RECORD * 1
2025-11-04 16:54:30,694 DEBUG neo4j.io: [#C1C5]  S: RECORD * 1
2025-11-04 16:54:30,694 DEBUG neo4j.io: [#C1C5]  S: RECORD * 1
2025-11-04 16:54:30,694 DEBUG neo4j.io: [#C1C5]  S: RECORD * 1
2025-11-04 16:54:30,694 DEBUG neo4j.io: [#C1C5]  S: RECORD * 1
2025-11-04 16:54:30,694 DEBUG neo4j.io: [#C1C5]  S: RECORD * 1
2025-11-04 16:54:30,694 DEBUG neo4j.io: [#C1C5]  S: RECORD * 1
2025-11-04 16:54:30,694 DEBUG neo4j.io: [#C1C5]  S: RECORD * 1
2025-11-04 16:54:30,694 DEBUG neo4j.io: [#C1C5]  S: RECORD * 1
2025-11-04 16:54:30,694 DEBUG neo4j.io: [#C1C5]  S: RECORD * 1
2025-11-04 16:54:30,694 DEBUG neo4j.io: [#C1C5]  S: SUCCESS {'statuses': [{'gql_status': '00000', 'status_description': 'note: successful completion'}], 'type': 'r', 't_last': 3, 'db': 'helpfile'}
2025-11-04 16:54:30,695 DEBUG neo4j.io: [#C1C5]  C: COMMIT
2025-11-04 16:54:30,695 DEBUG neo4j.io: [#C1C5]  _: <CONNECTION> client state: TX_READY_OR_TX_STREAMING > READY
2025-11-04 16:54:30,695 DEBUG neo4j.io: [#C1C5]  S: SUCCESS {'bookmark': 'FB:kcwQH1sua9IsT4W6N0kQKFDZyHyQ'}
2025-11-04 16:54:30,695 DEBUG neo4j.io: [#C1C5]  _: <CONNECTION> server state: TX_READY_OR_TX_STREAMING > READY
2025-11-04 16:54:30,695 DEBUG neo4j.pool: [#C1C5]  _: <POOL> released bolt-223
2025-11-04 16:54:30,697 DEBUG neo4j: [#0000]  _: <WORKSPACE> routing towards fixed database: helpfile
2025-11-04 16:54:30,697 DEBUG neo4j: [#0000]  _: <WORKSPACE> pinning database: 'helpfile'
2025-11-04 16:54:30,697 DEBUG neo4j.pool: [#0000]  _: <POOL> acquire direct connection, access_mode='WRITE', database=AcquisitionDatabase(name='helpfile', guessed=False)
2025-11-04 16:54:30,697 DEBUG neo4j.pool: [#C1C5]  _: <POOL> picked existing connection bolt-223
2025-11-04 16:54:30,697 DEBUG neo4j.pool: [#C1C5]  _: <POOL> checked re_auth auth=None updated=False force=False
2025-11-04 16:54:30,697 DEBUG neo4j.pool: [#C1C5]  _: <POOL> handing out existing connection
2025-11-04 16:54:30,698 DEBUG neo4j.io: [#C1C5]  C: BEGIN {'db': 'helpfile', 'bookmarks': ['FB:kcwQH1sua9IsT4W6N0kQKFDZyHyQ']}
2025-11-04 16:54:30,698 DEBUG neo4j.io: [#C1C5]  _: <CONNECTION> client state: READY > TX_READY_OR_TX_STREAMING
2025-11-04 16:54:30,698 DEBUG neo4j.io: [#C1C5]  C: RUN 'MATCH (a)-[r]->(b) WHERE r.data_source = $source RETURN id(r) AS id, type(r) AS type, id(a) AS start, id(b) AS end, properties(r) AS properties' {'source': 'EVOSHIP_HELP_FILES'} {}
2025-11-04 16:54:30,698 DEBUG neo4j.io: [#C1C5]  C: PULL {'n': 1000}
2025-11-04 16:54:30,698 DEBUG neo4j.io: [#C1C5]  S: SUCCESS {}
2025-11-04 16:54:30,698 DEBUG neo4j.io: [#C1C5]  _: <CONNECTION> server state: READY > TX_READY_OR_TX_STREAMING
2025-11-04 16:54:30,718 DEBUG neo4j.io: [#C1C5]  S: SUCCESS {'t_first': 20, 'fields': ['id', 'type', 'start', 'end', 'properties'], 'qid': 0}
2025-11-04 16:54:30,721 DEBUG neo4j.io: [#C1C5]  S: RECORD * 1
2025-11-04 16:54:30,721 DEBUG neo4j.io: [#C1C5]  S: RECORD * 1
2025-11-04 16:54:30,721 DEBUG neo4j.io: [#C1C5]  S: RECORD * 1
2025-11-04 16:54:30,721 DEBUG neo4j.io: [#C1C5]  S: RECORD * 1
2025-11-04 16:54:30,721 DEBUG neo4j.io: [#C1C5]  S: RECORD * 1
2025-11-04 16:54:30,721 DEBUG neo4j.io: [#C1C5]  S: RECORD * 1
2025-11-04 16:54:30,721 DEBUG neo4j.io: [#C1C5]  S: RECORD * 1
2025-11-04 16:54:30,722 DEBUG neo4j.io: [#C1C5]  S: RECORD * 1
2025-11-04 16:54:30,722 DEBUG neo4j.io: [#C1C5]  S: RECORD * 1
2025-11-04 16:54:30,722 DEBUG neo4j.io: [#C1C5]  S: RECORD * 1
2025-11-04 16:54:30,722 DEBUG neo4j.io: [#C1C5]  S: RECORD * 1
2025-11-04 16:54:30,722 DEBUG neo4j.io: [#C1C5]  S: RECORD * 1
2025-11-04 16:54:30,722 DEBUG neo4j.io: [#C1C5]  S: RECORD * 1
2025-11-04 16:54:30,722 DEBUG neo4j.io: [#C1C5]  S: RECORD * 1
2025-11-04 16:54:30,722 DEBUG neo4j.io: [#C1C5]  S: RECORD * 1
2025-11-04 16:54:30,722 DEBUG neo4j.io: [#C1C5]  S: RECORD * 1
2025-11-04 16:54:30,722 DEBUG neo4j.io: [#C1C5]  S: RECORD * 1
2025-11-04 16:54:30,722 DEBUG neo4j.io: [#C1C5]  S: RECORD * 1
2025-11-04 16:54:30,723 DEBUG neo4j.io: [#C1C5]  S: RECORD * 1
2025-11-04 16:54:30,723 DEBUG neo4j.io: [#C1C5]  S: RECORD * 1
2025-11-04 16:54:30,723 DEBUG neo4j.io: [#C1C5]  S: RECORD * 1
2025-11-04 16:54:30,723 DEBUG neo4j.io: [#C1C5]  S: RECORD * 1
2025-11-04 16:54:30,723 DEBUG neo4j.io: [#C1C5]  S: RECORD * 1
2025-11-04 16:54:30,723 DEBUG neo4j.io: [#C1C5]  S: RECORD * 1
2025-11-04 16:54:30,723 DEBUG neo4j.io: [#C1C5]  S: RECORD * 1
2025-11-04 16:54:30,723 DEBUG neo4j.io: [#C1C5]  S: RECORD * 1
2025-11-04 16:54:30,723 DEBUG neo4j.io: [#C1C5]  S: RECORD * 1
2025-11-04 16:54:30,723 DEBUG neo4j.io: [#C1C5]  S: RECORD * 1
2025-11-04 16:54:30,723 DEBUG neo4j.io: [#C1C5]  S: RECORD * 1
2025-11-04 16:54:30,723 DEBUG neo4j.io: [#C1C5]  S: RECORD * 1
2025-11-04 16:54:30,723 DEBUG neo4j.io: [#C1C5]  S: RECORD * 1
2025-11-04 16:54:30,724 DEBUG neo4j.io: [#C1C5]  S: RECORD * 1
2025-11-04 16:54:30,724 DEBUG neo4j.io: [#C1C5]  S: RECORD * 1
2025-11-04 16:54:30,724 DEBUG neo4j.io: [#C1C5]  S: RECORD * 1
2025-11-04 16:54:30,724 DEBUG neo4j.io: [#C1C5]  S: RECORD * 1
2025-11-04 16:54:30,724 DEBUG neo4j.io: [#C1C5]  S: RECORD * 1
2025-11-04 16:54:30,724 DEBUG neo4j.io: [#C1C5]  S: RECORD * 1
2025-11-04 16:54:30,724 DEBUG neo4j.io: [#C1C5]  S: RECORD * 1
2025-11-04 16:54:30,724 DEBUG neo4j.io: [#C1C5]  S: RECORD * 1
2025-11-04 16:54:30,724 DEBUG neo4j.io: [#C1C5]  S: RECORD * 1
2025-11-04 16:54:30,724 DEBUG neo4j.io: [#C1C5]  S: RECORD * 1
2025-11-04 16:54:30,724 DEBUG neo4j.io: [#C1C5]  S: RECORD * 1
2025-11-04 16:54:30,724 DEBUG neo4j.io: [#C1C5]  S: RECORD * 1
2025-11-04 16:54:30,725 DEBUG neo4j.io: [#C1C5]  S: RECORD * 1
2025-11-04 16:54:30,725 DEBUG neo4j.io: [#C1C5]  S: RECORD * 1
2025-11-04 16:54:30,725 DEBUG neo4j.io: [#C1C5]  S: RECORD * 1
2025-11-04 16:54:30,725 DEBUG neo4j.io: [#C1C5]  S: RECORD * 1
2025-11-04 16:54:30,725 DEBUG neo4j.io: [#C1C5]  S: RECORD * 1
2025-11-04 16:54:30,725 DEBUG neo4j.io: [#C1C5]  S: RECORD * 1
2025-11-04 16:54:30,725 DEBUG neo4j.io: [#C1C5]  S: RECORD * 1
2025-11-04 16:54:30,725 DEBUG neo4j.io: [#C1C5]  S: RECORD * 1
2025-11-04 16:54:30,725 DEBUG neo4j.io: [#C1C5]  S: RECORD * 1
2025-11-04 16:54:30,725 DEBUG neo4j.io: [#C1C5]  S: RECORD * 1
2025-11-04 16:54:30,725 DEBUG neo4j.io: [#C1C5]  S: RECORD * 1
2025-11-04 16:54:30,725 DEBUG neo4j.io: [#C1C5]  S: RECORD * 1
2025-11-04 16:54:30,725 DEBUG neo4j.io: [#C1C5]  S: RECORD * 1
2025-11-04 16:54:30,726 DEBUG neo4j.io: [#C1C5]  S: RECORD * 1
2025-11-04 16:54:30,726 DEBUG neo4j.io: [#C1C5]  S: RECORD * 1
2025-11-04 16:54:30,726 DEBUG neo4j.io: [#C1C5]  S: RECORD * 1
2025-11-04 16:54:30,726 DEBUG neo4j.io: [#C1C5]  S: RECORD * 1
2025-11-04 16:54:30,726 DEBUG neo4j.io: [#C1C5]  S: RECORD * 1
2025-11-04 16:54:30,726 DEBUG neo4j.io: [#C1C5]  S: RECORD * 1
2025-11-04 16:54:30,726 DEBUG neo4j.io: [#C1C5]  S: RECORD * 1
2025-11-04 16:54:30,726 DEBUG neo4j.io: [#C1C5]  S: RECORD * 1
2025-11-04 16:54:30,726 DEBUG neo4j.io: [#C1C5]  S: RECORD * 1
2025-11-04 16:54:30,726 DEBUG neo4j.io: [#C1C5]  S: RECORD * 1
2025-11-04 16:54:30,726 DEBUG neo4j.io: [#C1C5]  S: RECORD * 1
2025-11-04 16:54:30,726 DEBUG neo4j.io: [#C1C5]  S: RECORD * 1
2025-11-04 16:54:30,726 DEBUG neo4j.io: [#C1C5]  S: RECORD * 1
2025-11-04 16:54:30,726 DEBUG neo4j.io: [#C1C5]  S: RECORD * 1
2025-11-04 16:54:30,726 DEBUG neo4j.io: [#C1C5]  S: RECORD * 1
2025-11-04 16:54:30,727 DEBUG neo4j.io: [#C1C5]  S: RECORD * 1
2025-11-04 16:54:30,727 DEBUG neo4j.io: [#C1C5]  S: RECORD * 1
2025-11-04 16:54:30,727 DEBUG neo4j.io: [#C1C5]  S: RECORD * 1
2025-11-04 16:54:30,727 DEBUG neo4j.io: [#C1C5]  S: RECORD * 1
2025-11-04 16:54:30,727 DEBUG neo4j.io: [#C1C5]  S: RECORD * 1
2025-11-04 16:54:30,727 DEBUG neo4j.io: [#C1C5]  S: RECORD * 1
2025-11-04 16:54:30,727 DEBUG neo4j.io: [#C1C5]  S: SUCCESS {'statuses': [{'gql_status': '00000', 'status_description': 'note: successful completion'}], 'type': 'r', 't_last': 4, 'db': 'helpfile'}
2025-11-04 16:54:30,727 DEBUG neo4j.io: [#C1C5]  C: COMMIT
2025-11-04 16:54:30,727 DEBUG neo4j.io: [#C1C5]  _: <CONNECTION> client state: TX_READY_OR_TX_STREAMING > READY
2025-11-04 16:54:30,728 DEBUG neo4j.io: [#C1C5]  S: SUCCESS {'bookmark': 'FB:kcwQH1sua9IsT4W6N0kQKFDZyHyQ'}
2025-11-04 16:54:30,728 DEBUG neo4j.io: [#C1C5]  _: <CONNECTION> server state: TX_READY_OR_TX_STREAMING > READY
2025-11-04 16:54:30,728 DEBUG neo4j.pool: [#C1C5]  _: <POOL> released bolt-223
2025-11-04 16:54:30,732 INFO root: グラフをエクスポートしました: helpfile_parser\export
2025-11-04 16:54:30,732 DEBUG neo4j.pool: [#0000]  _: <POOL> close
2025-11-04 16:54:30,732 DEBUG neo4j.io: [#C1C5]  C: GOODBYE
2025-11-04 16:54:30,732 DEBUG neo4j.io: [#C1C5]  C: <CLOSE>
2025-11-04 16:54:30,732 INFO root: 処理が完了しました: 3 documents, 6 sections, 7 chunks
