2025-11-04 03:12:59,354 DEBUG llama_index.core.node_parser.node_utils: > Adding chunk: アノーテーション

３次元位置や要素上に 注記 をつけることができます。
2025-11-04 03:13:02,727 DEBUG llama_index.core.node_parser.node_utils: > Adding chunk: 注記・寸法スタイル設定

注記や寸法の各種パラメータは、要素ひとつひとつに設定することもできま...
2025-11-04 03:13:02,727 DEBUG llama_index.core.node_parser.node_utils: > Adding chunk: また、既存のスタイルを元にして新しくスタイルを作りたい場合は、スタイルを選択してコンテキストメ...
2025-11-04 03:13:02,728 DEBUG llama_index.core.node_parser.node_utils: > Adding chunk: 注記スタイルの管理

「注記・寸法スタイル設定」ウィンドウで作成した注記スタイルは、システム設...
2025-11-04 03:13:02,728 DEBUG llama_index.core.node_parser.node_utils: > Adding chunk: 注記スタイルの作成

左側のスタイル一覧が表示されている欄でコンテキストメニューを表示し、「ス...
2025-11-04 03:13:02,729 DEBUG llama_index.core.node_parser.node_utils: > Adding chunk: 適用ずみスタイルの更新

ウィンドウ右下の「モデルの更新」ボタンをクリックすると、「注記・寸法...
2025-11-04 03:13:02,729 DEBUG llama_index.core.node_parser.node_utils: > Adding chunk: ボディ

ボディにはソリッドボディとシートボディ(複合面)があり、 フィーチャー という基本形...
2025-11-04 03:13:02,729 DEBUG llama_index.core.node_parser.node_utils: > Adding chunk: コマンドの実行

Evo.Shipはコマンドを実行するのに ツールバー、メニュー 、 コンテキ...
2025-11-04 03:13:02,730 DEBUG llama_index.core.node_parser.node_utils: > Adding chunk: コマンドダイアログ

各項目のタイトル部分のクリックでダイアログを開閉することができます。 上...
2025-11-04 03:13:02,733 DEBUG llama_index.core.node_parser.node_utils: > Adding chunk: コンポーネント

コンポーネントは、Evo.Shipの要素を複数まとめてひとつの部品とし、再利...
2025-11-04 03:13:02,733 DEBUG llama_index.core.node_parser.node_utils: > Adding chunk: 配管機器 コンポーネントは、配管の一部として配置することができます。そうしたコンポーネントは「...
2025-11-04 03:13:02,733 DEBUG llama_index.core.node_parser.node_utils: > Adding chunk: さらに、注記テキストの内容をバリエーションによって変更することも可能です。 こうした仕組みを「...
2025-11-04 03:13:02,733 DEBUG llama_index.core.node_parser.node_utils: > Adding chunk: この選択肢のことを「表示状態」と呼びます。 例：2種類の表示状態（ここでは「簡易表示」「詳細表...
2025-11-04 03:13:02,733 DEBUG llama_index.core.node_parser.node_utils: > Adding chunk: 定義と参照

部品の再利用というと インポート コマンドが思い浮かぶかもしれませんが、次のよう...
2025-11-04 03:13:02,734 DEBUG llama_index.core.node_parser.node_utils: > Adding chunk: 移動と配置

コンポーネントは、画面上のマニピュレーターをドラッグすることで簡単に移動・回転で...
2025-11-04 03:13:02,734 DEBUG llama_index.core.node_parser.node_utils: > Adding chunk: 配管機器

コンポーネントは、配管の一部として配置することができます。そうしたコンポーネントは...
2025-11-04 03:13:02,734 DEBUG llama_index.core.node_parser.node_utils: > Adding chunk: コンフィグレーション

サイズ違いの複数の部品を定義する際、それぞれ別々のコンポーネントとして...
2025-11-04 03:13:02,735 DEBUG llama_index.core.node_parser.node_utils: > Adding chunk: コンフィグレーション・キャッシュ

コンポーネントを定義する際にコンフィグレーションを設定し、...
2025-11-04 03:13:02,735 DEBUG llama_index.core.node_parser.node_utils: > Adding chunk: 構成要素の選択的表示

コンポーネントを利用する際に、設計中は簡易な形状にしておいて表示を高速...
2025-11-04 03:13:02,735 DEBUG llama_index.core.node_parser.node_utils: > Adding chunk: コンテキストメニュー

Evo.Shipでは操作手順を簡略化するために多数のコンテキストメニュ...
2025-11-04 03:13:02,736 DEBUG llama_index.core.node_parser.node_utils: > Adding chunk: メインウィンドウ

ツールバーなどのウィンドウの表示On/Offができます。
2025-11-04 03:13:02,736 DEBUG llama_index.core.node_parser.node_utils: > Adding chunk: ドキュメントウィンドウ,モデル構成ウィンドウ

要素選択の状態や
スケッチモード
かどうかに応...
2025-11-04 03:13:02,737 DEBUG llama_index.core.node_parser.node_utils: > Adding chunk: 線の作成(スケッチ)

スケッチではスケッチ平面上をマウスでクリックして位置を選択して線を作図...
2025-11-04 03:13:02,737 DEBUG llama_index.core.node_parser.node_utils: > Adding chunk: カーブ

３次元空間上の線要素です。作成（定義)する単位で１要素としています。 (例） 投影線...
2025-11-04 03:13:02,738 DEBUG llama_index.core.node_parser.node_utils: > Adding chunk: データム

各要素の位置、方向などのの基準となる要素です。 ３Ｄモデルの要素で、図面ドキュメン...
2025-11-04 03:13:02,741 INFO root: LlamaIndexでチャンク化完了: 10 documents, 21 sections, 25 chunks (chunk_size=800, overlap=120)
2025-11-04 03:13:02,743 DEBUG neo4j.pool: [#0000]  _: <POOL> created, direct address IPv4Address(('127.0.0.1', 7687))
2025-11-04 03:13:02,744 DEBUG neo4j.pool: [#0000]  _: <POOL> created, direct address IPv4Address(('127.0.0.1', 7687))
2025-11-04 03:13:02,744 DEBUG neo4j: [#0000]  _: <WORKSPACE> routing towards fixed database: helpfile
2025-11-04 03:13:02,744 DEBUG neo4j: [#0000]  _: <WORKSPACE> pinning database: 'helpfile'
2025-11-04 03:13:02,744 DEBUG neo4j.pool: [#0000]  _: <POOL> acquire direct connection, access_mode='WRITE', database=AcquisitionDatabase(name='helpfile', guessed=False)
2025-11-04 03:13:02,744 DEBUG neo4j.pool: [#0000]  _: <POOL> trying to hand out new connection
2025-11-04 03:13:02,745 DEBUG neo4j.io: [#0000]  _: <RESOLVE> in: 127.0.0.1:7687
2025-11-04 03:13:02,745 DEBUG neo4j.io: [#0000]  _: <RESOLVE> dns resolver out: 127.0.0.1:7687
2025-11-04 03:13:02,745 DEBUG neo4j.io: [#0000]  C: <OPEN> 127.0.0.1:7687
2025-11-04 03:13:02,746 DEBUG neo4j.io: [#E3F0]  C: <MAGIC> 0x6060B017
2025-11-04 03:13:02,746 DEBUG neo4j.io: [#E3F0]  C: <HANDSHAKE> 0x000001FF 0x00080805 0x00020404 0x00000003
2025-11-04 03:13:02,752 DEBUG neo4j.io: [#E3F0]  S: <HANDSHAKE> 0x000001FF [3] 0x00040404 0x00040405 0x00020805 0x00
2025-11-04 03:13:02,752 DEBUG neo4j.io: [#E3F0]  C: <HANDSHAKE> 0x00000805 0x00
2025-11-04 03:13:02,752 DEBUG neo4j.io: [#E3F0]  C: HELLO {'user_agent': 'neo4j-python/5.28.2 Python/3.10.17-final-0 (win32)', 'notifications_minimum_severity': 'OFF', 'bolt_agent': {'product': 'neo4j-python/5.28.2', 'platform': 'Windows 10; AMD64', 'language': 'Python/3.10.17-final-0', 'language_details': 'CPython; 3.10.17-final-0 (main, Apr  9 2025 03:56:18) [MSC v.1943 64 bit (AMD64)]'}}
2025-11-04 03:13:02,753 DEBUG neo4j.io: [#E3F0]  _: <CONNECTION> client state: CONNECTED > AUTHENTICATION
2025-11-04 03:13:02,753 DEBUG neo4j.io: [#E3F0]  C: LOGON {'scheme': 'basic', 'principal': 'neo4j', 'credentials': '*******'}
2025-11-04 03:13:02,753 DEBUG neo4j.io: [#E3F0]  _: <CONNECTION> client state: AUTHENTICATION > READY
2025-11-04 03:13:02,757 DEBUG neo4j.io: [#E3F0]  S: SUCCESS {'server': 'Neo4j/2025.06.2', 'protocol_version': '5.8', 'connection_id': 'bolt-27', 'hints': {'connection.recv_timeout_seconds': 120, 'ssr.enabled': True}}
2025-11-04 03:13:02,758 DEBUG neo4j.io: [#E3F0]  _: <CONNECTION> server state: CONNECTED > AUTHENTICATION
2025-11-04 03:13:02,763 DEBUG neo4j.io: [#E3F0]  S: SUCCESS {'advertised_address': 'localhost:7687'}
2025-11-04 03:13:02,763 DEBUG neo4j.io: [#E3F0]  _: <CONNECTION> server state: AUTHENTICATION > READY
2025-11-04 03:13:02,763 DEBUG neo4j.io: [#E3F0]  C: BEGIN {'db': 'helpfile'}
2025-11-04 03:13:02,763 DEBUG neo4j.io: [#E3F0]  _: <CONNECTION> client state: READY > TX_READY_OR_TX_STREAMING
2025-11-04 03:13:02,764 DEBUG neo4j.io: [#E3F0]  C: RUN '\nCALL apoc.meta.data()\nYIELD label, other, elementType, type, property\nWHERE NOT type = "RELATIONSHIP" AND elementType = "node"\n  AND NOT label IN $EXCLUDED_LABELS\nWITH label AS nodeLabels, collect({property:property, type:type}) AS properties\nRETURN {labels: nodeLabels, properties: properties} AS output\n\n' {'EXCLUDED_LABELS': ['_Bloom_Perspective_', '_Bloom_Scene_', '__Entity__', '__Node__']} {}
2025-11-04 03:13:02,764 DEBUG neo4j.io: [#E3F0]  C: PULL {'n': 1000}
2025-11-04 03:13:02,769 DEBUG neo4j.io: [#E3F0]  S: SUCCESS {}
2025-11-04 03:13:02,769 DEBUG neo4j.io: [#E3F0]  _: <CONNECTION> server state: READY > TX_READY_OR_TX_STREAMING
2025-11-04 03:13:02,835 DEBUG neo4j.io: [#E3F0]  S: SUCCESS {'t_first': 65, 'fields': ['output'], 'qid': 0}
2025-11-04 03:13:03,194 DEBUG neo4j.io: [#E3F0]  S: RECORD * 1
2025-11-04 03:13:03,194 DEBUG neo4j.io: [#E3F0]  S: RECORD * 1
2025-11-04 03:13:03,194 DEBUG neo4j.io: [#E3F0]  S: RECORD * 1
2025-11-04 03:13:03,195 DEBUG neo4j.io: [#E3F0]  S: RECORD * 1
2025-11-04 03:13:03,195 DEBUG neo4j.io: [#E3F0]  S: SUCCESS {'statuses': [{'gql_status': '00000', 'status_description': 'note: successful completion'}], 'type': 'r', 't_last': 357, 'db': 'helpfile'}
2025-11-04 03:13:03,195 DEBUG neo4j.io: [#E3F0]  C: COMMIT
2025-11-04 03:13:03,195 DEBUG neo4j.io: [#E3F0]  _: <CONNECTION> client state: TX_READY_OR_TX_STREAMING > READY
2025-11-04 03:13:03,197 DEBUG neo4j.io: [#E3F0]  S: SUCCESS {'bookmark': 'FB:kcwQ8rwaENxyTdu2M21TLrZqzskGvZA='}
2025-11-04 03:13:03,197 DEBUG neo4j.io: [#E3F0]  _: <CONNECTION> server state: TX_READY_OR_TX_STREAMING > READY
2025-11-04 03:13:03,197 DEBUG neo4j.pool: [#E3F0]  _: <POOL> released bolt-27
2025-11-04 03:13:03,198 DEBUG neo4j: [#0000]  _: <WORKSPACE> routing towards fixed database: helpfile
2025-11-04 03:13:03,198 DEBUG neo4j: [#0000]  _: <WORKSPACE> pinning database: 'helpfile'
2025-11-04 03:13:03,198 DEBUG neo4j.pool: [#0000]  _: <POOL> acquire direct connection, access_mode='WRITE', database=AcquisitionDatabase(name='helpfile', guessed=False)
2025-11-04 03:13:03,198 DEBUG neo4j.pool: [#E3F0]  _: <POOL> picked existing connection bolt-27
2025-11-04 03:13:03,198 DEBUG neo4j.pool: [#E3F0]  _: <POOL> checked re_auth auth=None updated=False force=False
2025-11-04 03:13:03,198 DEBUG neo4j.pool: [#E3F0]  _: <POOL> handing out existing connection
2025-11-04 03:13:03,198 DEBUG neo4j.io: [#E3F0]  C: BEGIN {'db': 'helpfile', 'bookmarks': ['FB:kcwQ8rwaENxyTdu2M21TLrZqzskGvZA=']}
2025-11-04 03:13:03,198 DEBUG neo4j.io: [#E3F0]  _: <CONNECTION> client state: READY > TX_READY_OR_TX_STREAMING
2025-11-04 03:13:03,198 DEBUG neo4j.io: [#E3F0]  C: RUN '\nCALL apoc.meta.data()\nYIELD label, other, elementType, type, property\nWHERE NOT type = "RELATIONSHIP" AND elementType = "relationship"\n      AND NOT label in $EXCLUDED_LABELS\nWITH label AS nodeLabels, collect({property:property, type:type}) AS properties\nRETURN {type: nodeLabels, properties: properties} AS output\n' {'EXCLUDED_LABELS': ['_Bloom_HAS_SCENE_']} {}
2025-11-04 03:13:03,198 DEBUG neo4j.io: [#E3F0]  C: PULL {'n': 1000}
2025-11-04 03:13:03,200 DEBUG neo4j.io: [#E3F0]  S: SUCCESS {}
2025-11-04 03:13:03,200 DEBUG neo4j.io: [#E3F0]  _: <CONNECTION> server state: READY > TX_READY_OR_TX_STREAMING
2025-11-04 03:13:03,244 DEBUG neo4j.io: [#E3F0]  S: SUCCESS {'t_first': 44, 'fields': ['output'], 'qid': 0}
2025-11-04 03:13:03,508 DEBUG neo4j.io: [#E3F0]  S: RECORD * 1
2025-11-04 03:13:03,508 DEBUG neo4j.io: [#E3F0]  S: RECORD * 1
2025-11-04 03:13:03,509 DEBUG neo4j.io: [#E3F0]  S: RECORD * 1
2025-11-04 03:13:03,509 DEBUG neo4j.io: [#E3F0]  S: RECORD * 1
2025-11-04 03:13:03,509 DEBUG neo4j.io: [#E3F0]  S: RECORD * 1
2025-11-04 03:13:03,510 DEBUG neo4j.io: [#E3F0]  S: RECORD * 1
2025-11-04 03:13:03,510 DEBUG neo4j.io: [#E3F0]  S: RECORD * 1
2025-11-04 03:13:03,511 DEBUG neo4j.io: [#E3F0]  S: RECORD * 1
2025-11-04 03:13:03,511 DEBUG neo4j.io: [#E3F0]  S: RECORD * 1
2025-11-04 03:13:03,511 DEBUG neo4j.io: [#E3F0]  S: RECORD * 1
2025-11-04 03:13:03,511 DEBUG neo4j.io: [#E3F0]  S: RECORD * 1
2025-11-04 03:13:03,512 DEBUG neo4j.io: [#E3F0]  S: RECORD * 1
2025-11-04 03:13:03,512 DEBUG neo4j.io: [#E3F0]  S: RECORD * 1
2025-11-04 03:13:03,512 DEBUG neo4j.io: [#E3F0]  S: RECORD * 1
2025-11-04 03:13:03,513 DEBUG neo4j.io: [#E3F0]  S: RECORD * 1
2025-11-04 03:13:03,513 DEBUG neo4j.io: [#E3F0]  S: RECORD * 1
2025-11-04 03:13:03,514 DEBUG neo4j.io: [#E3F0]  S: RECORD * 1
2025-11-04 03:13:03,514 DEBUG neo4j.io: [#E3F0]  S: RECORD * 1
2025-11-04 03:13:03,514 DEBUG neo4j.io: [#E3F0]  S: RECORD * 1
2025-11-04 03:13:03,515 DEBUG neo4j.io: [#E3F0]  S: RECORD * 1
2025-11-04 03:13:03,515 DEBUG neo4j.io: [#E3F0]  S: RECORD * 1
2025-11-04 03:13:03,515 DEBUG neo4j.io: [#E3F0]  S: RECORD * 1
2025-11-04 03:13:03,516 DEBUG neo4j.io: [#E3F0]  S: RECORD * 1
2025-11-04 03:13:03,516 DEBUG neo4j.io: [#E3F0]  S: RECORD * 1
2025-11-04 03:13:03,517 DEBUG neo4j.io: [#E3F0]  S: RECORD * 1
2025-11-04 03:13:03,517 DEBUG neo4j.io: [#E3F0]  S: RECORD * 1
2025-11-04 03:13:03,517 DEBUG neo4j.io: [#E3F0]  S: RECORD * 1
2025-11-04 03:13:03,518 DEBUG neo4j.io: [#E3F0]  S: RECORD * 1
2025-11-04 03:13:03,518 DEBUG neo4j.io: [#E3F0]  S: RECORD * 1
2025-11-04 03:13:03,518 DEBUG neo4j.io: [#E3F0]  S: RECORD * 1
2025-11-04 03:13:03,519 DEBUG neo4j.io: [#E3F0]  S: RECORD * 1
2025-11-04 03:13:03,519 DEBUG neo4j.io: [#E3F0]  S: RECORD * 1
2025-11-04 03:13:03,519 DEBUG neo4j.io: [#E3F0]  S: RECORD * 1
2025-11-04 03:13:03,519 DEBUG neo4j.io: [#E3F0]  S: RECORD * 1
2025-11-04 03:13:03,519 DEBUG neo4j.io: [#E3F0]  S: RECORD * 1
2025-11-04 03:13:03,520 DEBUG neo4j.io: [#E3F0]  S: RECORD * 1
2025-11-04 03:13:03,520 DEBUG neo4j.io: [#E3F0]  S: RECORD * 1
2025-11-04 03:13:03,520 DEBUG neo4j.io: [#E3F0]  S: RECORD * 1
2025-11-04 03:13:03,521 DEBUG neo4j.io: [#E3F0]  S: RECORD * 1
2025-11-04 03:13:03,521 DEBUG neo4j.io: [#E3F0]  S: RECORD * 1
2025-11-04 03:13:03,521 DEBUG neo4j.io: [#E3F0]  S: RECORD * 1
2025-11-04 03:13:03,522 DEBUG neo4j.io: [#E3F0]  S: RECORD * 1
2025-11-04 03:13:03,522 DEBUG neo4j.io: [#E3F0]  S: RECORD * 1
2025-11-04 03:13:03,522 DEBUG neo4j.io: [#E3F0]  S: RECORD * 1
2025-11-04 03:13:03,523 DEBUG neo4j.io: [#E3F0]  S: RECORD * 1
2025-11-04 03:13:03,523 DEBUG neo4j.io: [#E3F0]  S: RECORD * 1
2025-11-04 03:13:03,523 DEBUG neo4j.io: [#E3F0]  S: RECORD * 1
2025-11-04 03:13:03,524 DEBUG neo4j.io: [#E3F0]  S: RECORD * 1
2025-11-04 03:13:03,524 DEBUG neo4j.io: [#E3F0]  S: RECORD * 1
2025-11-04 03:13:03,524 DEBUG neo4j.io: [#E3F0]  S: RECORD * 1
2025-11-04 03:13:03,525 DEBUG neo4j.io: [#E3F0]  S: RECORD * 1
2025-11-04 03:13:03,525 DEBUG neo4j.io: [#E3F0]  S: RECORD * 1
2025-11-04 03:13:03,525 DEBUG neo4j.io: [#E3F0]  S: RECORD * 1
2025-11-04 03:13:03,525 DEBUG neo4j.io: [#E3F0]  S: RECORD * 1
2025-11-04 03:13:03,526 DEBUG neo4j.io: [#E3F0]  S: RECORD * 1
2025-11-04 03:13:03,526 DEBUG neo4j.io: [#E3F0]  S: RECORD * 1
2025-11-04 03:13:03,526 DEBUG neo4j.io: [#E3F0]  S: RECORD * 1
2025-11-04 03:13:03,526 DEBUG neo4j.io: [#E3F0]  S: RECORD * 1
2025-11-04 03:13:03,527 DEBUG neo4j.io: [#E3F0]  S: RECORD * 1
2025-11-04 03:13:03,527 DEBUG neo4j.io: [#E3F0]  S: RECORD * 1
2025-11-04 03:13:03,527 DEBUG neo4j.io: [#E3F0]  S: RECORD * 1
2025-11-04 03:13:03,527 DEBUG neo4j.io: [#E3F0]  S: RECORD * 1
2025-11-04 03:13:03,527 DEBUG neo4j.io: [#E3F0]  S: RECORD * 1
2025-11-04 03:13:03,528 DEBUG neo4j.io: [#E3F0]  S: RECORD * 1
2025-11-04 03:13:03,528 DEBUG neo4j.io: [#E3F0]  S: RECORD * 1
2025-11-04 03:13:03,528 DEBUG neo4j.io: [#E3F0]  S: RECORD * 1
2025-11-04 03:13:03,528 DEBUG neo4j.io: [#E3F0]  S: RECORD * 1
2025-11-04 03:13:03,528 DEBUG neo4j.io: [#E3F0]  S: RECORD * 1
2025-11-04 03:13:03,528 DEBUG neo4j.io: [#E3F0]  S: RECORD * 1
2025-11-04 03:13:03,529 DEBUG neo4j.io: [#E3F0]  S: RECORD * 1
2025-11-04 03:13:03,529 DEBUG neo4j.io: [#E3F0]  S: RECORD * 1
2025-11-04 03:13:03,529 DEBUG neo4j.io: [#E3F0]  S: RECORD * 1
2025-11-04 03:13:03,529 DEBUG neo4j.io: [#E3F0]  S: RECORD * 1
2025-11-04 03:13:03,529 DEBUG neo4j.io: [#E3F0]  S: RECORD * 1
2025-11-04 03:13:03,530 DEBUG neo4j.io: [#E3F0]  S: RECORD * 1
2025-11-04 03:13:03,530 DEBUG neo4j.io: [#E3F0]  S: RECORD * 1
2025-11-04 03:13:03,530 DEBUG neo4j.io: [#E3F0]  S: RECORD * 1
2025-11-04 03:13:03,530 DEBUG neo4j.io: [#E3F0]  S: RECORD * 1
2025-11-04 03:13:03,530 DEBUG neo4j.io: [#E3F0]  S: RECORD * 1
2025-11-04 03:13:03,531 DEBUG neo4j.io: [#E3F0]  S: RECORD * 1
2025-11-04 03:13:03,531 DEBUG neo4j.io: [#E3F0]  S: RECORD * 1
2025-11-04 03:13:03,531 DEBUG neo4j.io: [#E3F0]  S: RECORD * 1
2025-11-04 03:13:03,531 DEBUG neo4j.io: [#E3F0]  S: RECORD * 1
2025-11-04 03:13:03,531 DEBUG neo4j.io: [#E3F0]  S: RECORD * 1
2025-11-04 03:13:03,532 DEBUG neo4j.io: [#E3F0]  S: RECORD * 1
2025-11-04 03:13:03,532 DEBUG neo4j.io: [#E3F0]  S: RECORD * 1
2025-11-04 03:13:03,532 DEBUG neo4j.io: [#E3F0]  S: RECORD * 1
2025-11-04 03:13:03,532 DEBUG neo4j.io: [#E3F0]  S: RECORD * 1
2025-11-04 03:13:03,532 DEBUG neo4j.io: [#E3F0]  S: RECORD * 1
2025-11-04 03:13:03,533 DEBUG neo4j.io: [#E3F0]  S: RECORD * 1
2025-11-04 03:13:03,533 DEBUG neo4j.io: [#E3F0]  S: RECORD * 1
2025-11-04 03:13:03,533 DEBUG neo4j.io: [#E3F0]  S: RECORD * 1
2025-11-04 03:13:03,533 DEBUG neo4j.io: [#E3F0]  S: RECORD * 1
2025-11-04 03:13:03,533 DEBUG neo4j.io: [#E3F0]  S: RECORD * 1
2025-11-04 03:13:03,533 DEBUG neo4j.io: [#E3F0]  S: RECORD * 1
2025-11-04 03:13:03,533 DEBUG neo4j.io: [#E3F0]  S: RECORD * 1
2025-11-04 03:13:03,534 DEBUG neo4j.io: [#E3F0]  S: RECORD * 1
2025-11-04 03:13:03,534 DEBUG neo4j.io: [#E3F0]  S: RECORD * 1
2025-11-04 03:13:03,534 DEBUG neo4j.io: [#E3F0]  S: RECORD * 1
2025-11-04 03:13:03,534 DEBUG neo4j.io: [#E3F0]  S: RECORD * 1
2025-11-04 03:13:03,534 DEBUG neo4j.io: [#E3F0]  S: RECORD * 1
2025-11-04 03:13:03,534 DEBUG neo4j.io: [#E3F0]  S: RECORD * 1
2025-11-04 03:13:03,535 DEBUG neo4j.io: [#E3F0]  S: RECORD * 1
2025-11-04 03:13:03,535 DEBUG neo4j.io: [#E3F0]  S: RECORD * 1
2025-11-04 03:13:03,535 DEBUG neo4j.io: [#E3F0]  S: RECORD * 1
2025-11-04 03:13:03,535 DEBUG neo4j.io: [#E3F0]  S: RECORD * 1
2025-11-04 03:13:03,535 DEBUG neo4j.io: [#E3F0]  S: RECORD * 1
2025-11-04 03:13:03,536 DEBUG neo4j.io: [#E3F0]  S: RECORD * 1
2025-11-04 03:13:03,536 DEBUG neo4j.io: [#E3F0]  S: RECORD * 1
2025-11-04 03:13:03,536 DEBUG neo4j.io: [#E3F0]  S: RECORD * 1
2025-11-04 03:13:03,536 DEBUG neo4j.io: [#E3F0]  S: RECORD * 1
2025-11-04 03:13:03,537 DEBUG neo4j.io: [#E3F0]  S: RECORD * 1
2025-11-04 03:13:03,537 DEBUG neo4j.io: [#E3F0]  S: RECORD * 1
2025-11-04 03:13:03,537 DEBUG neo4j.io: [#E3F0]  S: RECORD * 1
2025-11-04 03:13:03,537 DEBUG neo4j.io: [#E3F0]  S: RECORD * 1
2025-11-04 03:13:03,537 DEBUG neo4j.io: [#E3F0]  S: RECORD * 1
2025-11-04 03:13:03,537 DEBUG neo4j.io: [#E3F0]  S: RECORD * 1
2025-11-04 03:13:03,537 DEBUG neo4j.io: [#E3F0]  S: RECORD * 1
2025-11-04 03:13:03,537 DEBUG neo4j.io: [#E3F0]  S: RECORD * 1
2025-11-04 03:13:03,538 DEBUG neo4j.io: [#E3F0]  S: RECORD * 1
2025-11-04 03:13:03,538 DEBUG neo4j.io: [#E3F0]  S: RECORD * 1
2025-11-04 03:13:03,538 DEBUG neo4j.io: [#E3F0]  S: RECORD * 1
2025-11-04 03:13:03,538 DEBUG neo4j.io: [#E3F0]  S: RECORD * 1
2025-11-04 03:13:03,539 DEBUG neo4j.io: [#E3F0]  S: RECORD * 1
2025-11-04 03:13:03,539 DEBUG neo4j.io: [#E3F0]  S: RECORD * 1
2025-11-04 03:13:03,539 DEBUG neo4j.io: [#E3F0]  S: RECORD * 1
2025-11-04 03:13:03,539 DEBUG neo4j.io: [#E3F0]  S: RECORD * 1
2025-11-04 03:13:03,539 DEBUG neo4j.io: [#E3F0]  S: RECORD * 1
2025-11-04 03:13:03,540 DEBUG neo4j.io: [#E3F0]  S: RECORD * 1
2025-11-04 03:13:03,540 DEBUG neo4j.io: [#E3F0]  S: RECORD * 1
2025-11-04 03:13:03,540 DEBUG neo4j.io: [#E3F0]  S: RECORD * 1
2025-11-04 03:13:03,540 DEBUG neo4j.io: [#E3F0]  S: RECORD * 1
2025-11-04 03:13:03,541 DEBUG neo4j.io: [#E3F0]  S: RECORD * 1
2025-11-04 03:13:03,541 DEBUG neo4j.io: [#E3F0]  S: RECORD * 1
2025-11-04 03:13:03,541 DEBUG neo4j.io: [#E3F0]  S: RECORD * 1
2025-11-04 03:13:03,542 DEBUG neo4j.io: [#E3F0]  S: RECORD * 1
2025-11-04 03:13:03,542 DEBUG neo4j.io: [#E3F0]  S: RECORD * 1
2025-11-04 03:13:03,542 DEBUG neo4j.io: [#E3F0]  S: RECORD * 1
2025-11-04 03:13:03,542 DEBUG neo4j.io: [#E3F0]  S: RECORD * 1
2025-11-04 03:13:03,543 DEBUG neo4j.io: [#E3F0]  S: RECORD * 1
2025-11-04 03:13:03,543 DEBUG neo4j.io: [#E3F0]  S: RECORD * 1
2025-11-04 03:13:03,543 DEBUG neo4j.io: [#E3F0]  S: RECORD * 1
2025-11-04 03:13:03,543 DEBUG neo4j.io: [#E3F0]  S: RECORD * 1
2025-11-04 03:13:03,544 DEBUG neo4j.io: [#E3F0]  S: RECORD * 1
2025-11-04 03:13:03,544 DEBUG neo4j.io: [#E3F0]  S: RECORD * 1
2025-11-04 03:13:03,544 DEBUG neo4j.io: [#E3F0]  S: RECORD * 1
2025-11-04 03:13:03,544 DEBUG neo4j.io: [#E3F0]  S: RECORD * 1
2025-11-04 03:13:03,545 DEBUG neo4j.io: [#E3F0]  S: RECORD * 1
2025-11-04 03:13:03,545 DEBUG neo4j.io: [#E3F0]  S: RECORD * 1
2025-11-04 03:13:03,545 DEBUG neo4j.io: [#E3F0]  S: RECORD * 1
2025-11-04 03:13:03,546 DEBUG neo4j.io: [#E3F0]  S: RECORD * 1
2025-11-04 03:13:03,546 DEBUG neo4j.io: [#E3F0]  S: RECORD * 1
2025-11-04 03:13:03,546 DEBUG neo4j.io: [#E3F0]  S: RECORD * 1
2025-11-04 03:13:03,546 DEBUG neo4j.io: [#E3F0]  S: RECORD * 1
2025-11-04 03:13:03,546 DEBUG neo4j.io: [#E3F0]  S: RECORD * 1
2025-11-04 03:13:03,547 DEBUG neo4j.io: [#E3F0]  S: RECORD * 1
2025-11-04 03:13:03,547 DEBUG neo4j.io: [#E3F0]  S: RECORD * 1
2025-11-04 03:13:03,547 DEBUG neo4j.io: [#E3F0]  S: RECORD * 1
2025-11-04 03:13:03,547 DEBUG neo4j.io: [#E3F0]  S: RECORD * 1
2025-11-04 03:13:03,548 DEBUG neo4j.io: [#E3F0]  S: RECORD * 1
2025-11-04 03:13:03,549 DEBUG neo4j.io: [#E3F0]  S: RECORD * 1
2025-11-04 03:13:03,549 DEBUG neo4j.io: [#E3F0]  S: RECORD * 1
2025-11-04 03:13:03,549 DEBUG neo4j.io: [#E3F0]  S: RECORD * 1
2025-11-04 03:13:03,549 DEBUG neo4j.io: [#E3F0]  S: RECORD * 1
2025-11-04 03:13:03,550 DEBUG neo4j.io: [#E3F0]  S: RECORD * 1
2025-11-04 03:13:03,550 DEBUG neo4j.io: [#E3F0]  S: RECORD * 1
2025-11-04 03:13:03,550 DEBUG neo4j.io: [#E3F0]  S: RECORD * 1
2025-11-04 03:13:03,550 DEBUG neo4j.io: [#E3F0]  S: RECORD * 1
2025-11-04 03:13:03,550 DEBUG neo4j.io: [#E3F0]  S: RECORD * 1
2025-11-04 03:13:03,550 DEBUG neo4j.io: [#E3F0]  S: RECORD * 1
2025-11-04 03:13:03,551 DEBUG neo4j.io: [#E3F0]  S: RECORD * 1
2025-11-04 03:13:03,551 DEBUG neo4j.io: [#E3F0]  S: RECORD * 1
2025-11-04 03:13:03,551 DEBUG neo4j.io: [#E3F0]  S: RECORD * 1
2025-11-04 03:13:03,551 DEBUG neo4j.io: [#E3F0]  S: RECORD * 1
2025-11-04 03:13:03,551 DEBUG neo4j.io: [#E3F0]  S: RECORD * 1
2025-11-04 03:13:03,551 DEBUG neo4j.io: [#E3F0]  S: RECORD * 1
2025-11-04 03:13:03,552 DEBUG neo4j.io: [#E3F0]  S: RECORD * 1
2025-11-04 03:13:03,552 DEBUG neo4j.io: [#E3F0]  S: RECORD * 1
2025-11-04 03:13:03,552 DEBUG neo4j.io: [#E3F0]  S: RECORD * 1
2025-11-04 03:13:03,552 DEBUG neo4j.io: [#E3F0]  S: RECORD * 1
2025-11-04 03:13:03,552 DEBUG neo4j.io: [#E3F0]  S: RECORD * 1
2025-11-04 03:13:03,552 DEBUG neo4j.io: [#E3F0]  S: RECORD * 1
2025-11-04 03:13:03,554 DEBUG neo4j.io: [#E3F0]  S: RECORD * 1
2025-11-04 03:13:03,554 DEBUG neo4j.io: [#E3F0]  S: RECORD * 1
2025-11-04 03:13:03,554 DEBUG neo4j.io: [#E3F0]  S: RECORD * 1
2025-11-04 03:13:03,555 DEBUG neo4j.io: [#E3F0]  S: RECORD * 1
2025-11-04 03:13:03,555 DEBUG neo4j.io: [#E3F0]  S: RECORD * 1
2025-11-04 03:13:03,555 DEBUG neo4j.io: [#E3F0]  S: RECORD * 1
2025-11-04 03:13:03,555 DEBUG neo4j.io: [#E3F0]  S: RECORD * 1
2025-11-04 03:13:03,556 DEBUG neo4j.io: [#E3F0]  S: RECORD * 1
2025-11-04 03:13:03,556 DEBUG neo4j.io: [#E3F0]  S: RECORD * 1
2025-11-04 03:13:03,556 DEBUG neo4j.io: [#E3F0]  S: RECORD * 1
2025-11-04 03:13:03,557 DEBUG neo4j.io: [#E3F0]  S: RECORD * 1
2025-11-04 03:13:03,557 DEBUG neo4j.io: [#E3F0]  S: RECORD * 1
2025-11-04 03:13:03,558 DEBUG neo4j.io: [#E3F0]  S: RECORD * 1
2025-11-04 03:13:03,558 DEBUG neo4j.io: [#E3F0]  S: RECORD * 1
2025-11-04 03:13:03,558 DEBUG neo4j.io: [#E3F0]  S: RECORD * 1
2025-11-04 03:13:03,560 DEBUG neo4j.io: [#E3F0]  S: RECORD * 1
2025-11-04 03:13:03,560 DEBUG neo4j.io: [#E3F0]  S: RECORD * 1
2025-11-04 03:13:03,560 DEBUG neo4j.io: [#E3F0]  S: RECORD * 1
2025-11-04 03:13:03,561 DEBUG neo4j.io: [#E3F0]  S: RECORD * 1
2025-11-04 03:13:03,561 DEBUG neo4j.io: [#E3F0]  S: RECORD * 1
2025-11-04 03:13:03,561 DEBUG neo4j.io: [#E3F0]  S: RECORD * 1
2025-11-04 03:13:03,561 DEBUG neo4j.io: [#E3F0]  S: RECORD * 1
2025-11-04 03:13:03,561 DEBUG neo4j.io: [#E3F0]  S: RECORD * 1
2025-11-04 03:13:03,561 DEBUG neo4j.io: [#E3F0]  S: RECORD * 1
2025-11-04 03:13:03,561 DEBUG neo4j.io: [#E3F0]  S: RECORD * 1
2025-11-04 03:13:03,563 DEBUG neo4j.io: [#E3F0]  S: RECORD * 1
2025-11-04 03:13:03,563 DEBUG neo4j.io: [#E3F0]  S: RECORD * 1
2025-11-04 03:13:03,563 DEBUG neo4j.io: [#E3F0]  S: RECORD * 1
2025-11-04 03:13:03,563 DEBUG neo4j.io: [#E3F0]  S: RECORD * 1
2025-11-04 03:13:03,563 DEBUG neo4j.io: [#E3F0]  S: RECORD * 1
2025-11-04 03:13:03,563 DEBUG neo4j.io: [#E3F0]  S: RECORD * 1
2025-11-04 03:13:03,563 DEBUG neo4j.io: [#E3F0]  S: RECORD * 1
2025-11-04 03:13:03,563 DEBUG neo4j.io: [#E3F0]  S: RECORD * 1
2025-11-04 03:13:03,565 DEBUG neo4j.io: [#E3F0]  S: RECORD * 1
2025-11-04 03:13:03,565 DEBUG neo4j.io: [#E3F0]  S: RECORD * 1
2025-11-04 03:13:03,565 DEBUG neo4j.io: [#E3F0]  S: RECORD * 1
2025-11-04 03:13:03,566 DEBUG neo4j.io: [#E3F0]  S: RECORD * 1
2025-11-04 03:13:03,566 DEBUG neo4j.io: [#E3F0]  S: RECORD * 1
2025-11-04 03:13:03,567 DEBUG neo4j.io: [#E3F0]  S: RECORD * 1
2025-11-04 03:13:03,567 DEBUG neo4j.io: [#E3F0]  S: RECORD * 1
2025-11-04 03:13:03,567 DEBUG neo4j.io: [#E3F0]  S: RECORD * 1
2025-11-04 03:13:03,567 DEBUG neo4j.io: [#E3F0]  S: RECORD * 1
2025-11-04 03:13:03,567 DEBUG neo4j.io: [#E3F0]  S: RECORD * 1
2025-11-04 03:13:03,568 DEBUG neo4j.io: [#E3F0]  S: RECORD * 1
2025-11-04 03:13:03,568 DEBUG neo4j.io: [#E3F0]  S: RECORD * 1
2025-11-04 03:13:03,568 DEBUG neo4j.io: [#E3F0]  S: RECORD * 1
2025-11-04 03:13:03,569 DEBUG neo4j.io: [#E3F0]  S: RECORD * 1
2025-11-04 03:13:03,569 DEBUG neo4j.io: [#E3F0]  S: RECORD * 1
2025-11-04 03:13:03,569 DEBUG neo4j.io: [#E3F0]  S: RECORD * 1
2025-11-04 03:13:03,569 DEBUG neo4j.io: [#E3F0]  S: RECORD * 1
2025-11-04 03:13:03,570 DEBUG neo4j.io: [#E3F0]  S: RECORD * 1
2025-11-04 03:13:03,570 DEBUG neo4j.io: [#E3F0]  S: RECORD * 1
2025-11-04 03:13:03,570 DEBUG neo4j.io: [#E3F0]  S: RECORD * 1
2025-11-04 03:13:03,571 DEBUG neo4j.io: [#E3F0]  S: RECORD * 1
2025-11-04 03:13:03,571 DEBUG neo4j.io: [#E3F0]  S: RECORD * 1
2025-11-04 03:13:03,571 DEBUG neo4j.io: [#E3F0]  S: RECORD * 1
2025-11-04 03:13:03,571 DEBUG neo4j.io: [#E3F0]  S: RECORD * 1
2025-11-04 03:13:03,571 DEBUG neo4j.io: [#E3F0]  S: RECORD * 1
2025-11-04 03:13:03,572 DEBUG neo4j.io: [#E3F0]  S: RECORD * 1
2025-11-04 03:13:03,572 DEBUG neo4j.io: [#E3F0]  S: RECORD * 1
2025-11-04 03:13:03,572 DEBUG neo4j.io: [#E3F0]  S: RECORD * 1
2025-11-04 03:13:03,572 DEBUG neo4j.io: [#E3F0]  S: RECORD * 1
2025-11-04 03:13:03,573 DEBUG neo4j.io: [#E3F0]  S: RECORD * 1
2025-11-04 03:13:03,573 DEBUG neo4j.io: [#E3F0]  S: RECORD * 1
2025-11-04 03:13:03,573 DEBUG neo4j.io: [#E3F0]  S: RECORD * 1
2025-11-04 03:13:03,574 DEBUG neo4j.io: [#E3F0]  S: RECORD * 1
2025-11-04 03:13:03,574 DEBUG neo4j.io: [#E3F0]  S: RECORD * 1
2025-11-04 03:13:03,574 DEBUG neo4j.io: [#E3F0]  S: RECORD * 1
2025-11-04 03:13:03,575 DEBUG neo4j.io: [#E3F0]  S: RECORD * 1
2025-11-04 03:13:03,575 DEBUG neo4j.io: [#E3F0]  S: RECORD * 1
2025-11-04 03:13:03,575 DEBUG neo4j.io: [#E3F0]  S: RECORD * 1
2025-11-04 03:13:03,575 DEBUG neo4j.io: [#E3F0]  S: RECORD * 1
2025-11-04 03:13:03,576 DEBUG neo4j.io: [#E3F0]  S: RECORD * 1
2025-11-04 03:13:03,576 DEBUG neo4j.io: [#E3F0]  S: RECORD * 1
2025-11-04 03:13:03,576 DEBUG neo4j.io: [#E3F0]  S: RECORD * 1
2025-11-04 03:13:03,576 DEBUG neo4j.io: [#E3F0]  S: RECORD * 1
2025-11-04 03:13:03,577 DEBUG neo4j.io: [#E3F0]  S: RECORD * 1
2025-11-04 03:13:03,577 DEBUG neo4j.io: [#E3F0]  S: RECORD * 1
2025-11-04 03:13:03,577 DEBUG neo4j.io: [#E3F0]  S: RECORD * 1
2025-11-04 03:13:03,578 DEBUG neo4j.io: [#E3F0]  S: RECORD * 1
2025-11-04 03:13:03,578 DEBUG neo4j.io: [#E3F0]  S: RECORD * 1
2025-11-04 03:13:03,578 DEBUG neo4j.io: [#E3F0]  S: RECORD * 1
2025-11-04 03:13:03,578 DEBUG neo4j.io: [#E3F0]  S: RECORD * 1
2025-11-04 03:13:03,579 DEBUG neo4j.io: [#E3F0]  S: RECORD * 1
2025-11-04 03:13:03,579 DEBUG neo4j.io: [#E3F0]  S: RECORD * 1
2025-11-04 03:13:03,580 DEBUG neo4j.io: [#E3F0]  S: RECORD * 1
2025-11-04 03:13:03,580 DEBUG neo4j.io: [#E3F0]  S: RECORD * 1
2025-11-04 03:13:03,580 DEBUG neo4j.io: [#E3F0]  S: RECORD * 1
2025-11-04 03:13:03,581 DEBUG neo4j.io: [#E3F0]  S: RECORD * 1
2025-11-04 03:13:03,581 DEBUG neo4j.io: [#E3F0]  S: RECORD * 1
2025-11-04 03:13:03,581 DEBUG neo4j.io: [#E3F0]  S: RECORD * 1
2025-11-04 03:13:03,581 DEBUG neo4j.io: [#E3F0]  S: RECORD * 1
2025-11-04 03:13:03,581 DEBUG neo4j.io: [#E3F0]  S: RECORD * 1
2025-11-04 03:13:03,581 DEBUG neo4j.io: [#E3F0]  S: RECORD * 1
2025-11-04 03:13:03,582 DEBUG neo4j.io: [#E3F0]  S: RECORD * 1
2025-11-04 03:13:03,582 DEBUG neo4j.io: [#E3F0]  S: RECORD * 1
2025-11-04 03:13:03,583 DEBUG neo4j.io: [#E3F0]  S: RECORD * 1
2025-11-04 03:13:03,583 DEBUG neo4j.io: [#E3F0]  S: RECORD * 1
2025-11-04 03:13:03,583 DEBUG neo4j.io: [#E3F0]  S: RECORD * 1
2025-11-04 03:13:03,583 DEBUG neo4j.io: [#E3F0]  S: RECORD * 1
2025-11-04 03:13:03,583 DEBUG neo4j.io: [#E3F0]  S: RECORD * 1
2025-11-04 03:13:03,583 DEBUG neo4j.io: [#E3F0]  S: RECORD * 1
2025-11-04 03:13:03,584 DEBUG neo4j.io: [#E3F0]  S: RECORD * 1
2025-11-04 03:13:03,584 DEBUG neo4j.io: [#E3F0]  S: RECORD * 1
2025-11-04 03:13:03,584 DEBUG neo4j.io: [#E3F0]  S: RECORD * 1
2025-11-04 03:13:03,584 DEBUG neo4j.io: [#E3F0]  S: RECORD * 1
2025-11-04 03:13:03,584 DEBUG neo4j.io: [#E3F0]  S: RECORD * 1
2025-11-04 03:13:03,584 DEBUG neo4j.io: [#E3F0]  S: RECORD * 1
2025-11-04 03:13:03,585 DEBUG neo4j.io: [#E3F0]  S: RECORD * 1
2025-11-04 03:13:03,585 DEBUG neo4j.io: [#E3F0]  S: RECORD * 1
2025-11-04 03:13:03,585 DEBUG neo4j.io: [#E3F0]  S: RECORD * 1
2025-11-04 03:13:03,585 DEBUG neo4j.io: [#E3F0]  S: RECORD * 1
2025-11-04 03:13:03,585 DEBUG neo4j.io: [#E3F0]  S: RECORD * 1
2025-11-04 03:13:03,585 DEBUG neo4j.io: [#E3F0]  S: RECORD * 1
2025-11-04 03:13:03,586 DEBUG neo4j.io: [#E3F0]  S: RECORD * 1
2025-11-04 03:13:03,586 DEBUG neo4j.io: [#E3F0]  S: RECORD * 1
2025-11-04 03:13:03,586 DEBUG neo4j.io: [#E3F0]  S: RECORD * 1
2025-11-04 03:13:03,586 DEBUG neo4j.io: [#E3F0]  S: RECORD * 1
2025-11-04 03:13:03,586 DEBUG neo4j.io: [#E3F0]  S: RECORD * 1
2025-11-04 03:13:03,587 DEBUG neo4j.io: [#E3F0]  S: RECORD * 1
2025-11-04 03:13:03,587 DEBUG neo4j.io: [#E3F0]  S: RECORD * 1
2025-11-04 03:13:03,588 DEBUG neo4j.io: [#E3F0]  S: RECORD * 1
2025-11-04 03:13:03,588 DEBUG neo4j.io: [#E3F0]  S: RECORD * 1
2025-11-04 03:13:03,588 DEBUG neo4j.io: [#E3F0]  S: RECORD * 1
2025-11-04 03:13:03,589 DEBUG neo4j.io: [#E3F0]  S: RECORD * 1
2025-11-04 03:13:03,589 DEBUG neo4j.io: [#E3F0]  S: RECORD * 1
2025-11-04 03:13:03,589 DEBUG neo4j.io: [#E3F0]  S: RECORD * 1
2025-11-04 03:13:03,590 DEBUG neo4j.io: [#E3F0]  S: RECORD * 1
2025-11-04 03:13:03,590 DEBUG neo4j.io: [#E3F0]  S: RECORD * 1
2025-11-04 03:13:03,590 DEBUG neo4j.io: [#E3F0]  S: RECORD * 1
2025-11-04 03:13:03,591 DEBUG neo4j.io: [#E3F0]  S: RECORD * 1
2025-11-04 03:13:03,591 DEBUG neo4j.io: [#E3F0]  S: RECORD * 1
2025-11-04 03:13:03,591 DEBUG neo4j.io: [#E3F0]  S: RECORD * 1
2025-11-04 03:13:03,592 DEBUG neo4j.io: [#E3F0]  S: RECORD * 1
2025-11-04 03:13:03,592 DEBUG neo4j.io: [#E3F0]  S: RECORD * 1
2025-11-04 03:13:03,592 DEBUG neo4j.io: [#E3F0]  S: RECORD * 1
2025-11-04 03:13:03,592 DEBUG neo4j.io: [#E3F0]  S: RECORD * 1
2025-11-04 03:13:03,593 DEBUG neo4j.io: [#E3F0]  S: RECORD * 1
2025-11-04 03:13:03,593 DEBUG neo4j.io: [#E3F0]  S: RECORD * 1
2025-11-04 03:13:03,593 DEBUG neo4j.io: [#E3F0]  S: RECORD * 1
2025-11-04 03:13:03,593 DEBUG neo4j.io: [#E3F0]  S: RECORD * 1
2025-11-04 03:13:03,593 DEBUG neo4j.io: [#E3F0]  S: RECORD * 1
2025-11-04 03:13:03,593 DEBUG neo4j.io: [#E3F0]  S: RECORD * 1
2025-11-04 03:13:03,593 DEBUG neo4j.io: [#E3F0]  S: RECORD * 1
2025-11-04 03:13:03,594 DEBUG neo4j.io: [#E3F0]  S: RECORD * 1
2025-11-04 03:13:03,594 DEBUG neo4j.io: [#E3F0]  S: RECORD * 1
2025-11-04 03:13:03,594 DEBUG neo4j.io: [#E3F0]  S: RECORD * 1
2025-11-04 03:13:03,594 DEBUG neo4j.io: [#E3F0]  S: RECORD * 1
2025-11-04 03:13:03,595 DEBUG neo4j.io: [#E3F0]  S: RECORD * 1
2025-11-04 03:13:03,595 DEBUG neo4j.io: [#E3F0]  S: RECORD * 1
2025-11-04 03:13:03,595 DEBUG neo4j.io: [#E3F0]  S: RECORD * 1
2025-11-04 03:13:03,595 DEBUG neo4j.io: [#E3F0]  S: RECORD * 1
2025-11-04 03:13:03,596 DEBUG neo4j.io: [#E3F0]  S: RECORD * 1
2025-11-04 03:13:03,596 DEBUG neo4j.io: [#E3F0]  S: RECORD * 1
2025-11-04 03:13:03,596 DEBUG neo4j.io: [#E3F0]  S: RECORD * 1
2025-11-04 03:13:03,596 DEBUG neo4j.io: [#E3F0]  S: RECORD * 1
2025-11-04 03:13:03,597 DEBUG neo4j.io: [#E3F0]  S: RECORD * 1
2025-11-04 03:13:03,597 DEBUG neo4j.io: [#E3F0]  S: RECORD * 1
2025-11-04 03:13:03,597 DEBUG neo4j.io: [#E3F0]  S: RECORD * 1
2025-11-04 03:13:03,597 DEBUG neo4j.io: [#E3F0]  S: RECORD * 1
2025-11-04 03:13:03,598 DEBUG neo4j.io: [#E3F0]  S: RECORD * 1
2025-11-04 03:13:03,598 DEBUG neo4j.io: [#E3F0]  S: RECORD * 1
2025-11-04 03:13:03,598 DEBUG neo4j.io: [#E3F0]  S: RECORD * 1
2025-11-04 03:13:03,599 DEBUG neo4j.io: [#E3F0]  S: RECORD * 1
2025-11-04 03:13:03,599 DEBUG neo4j.io: [#E3F0]  S: RECORD * 1
2025-11-04 03:13:03,599 DEBUG neo4j.io: [#E3F0]  S: RECORD * 1
2025-11-04 03:13:03,599 DEBUG neo4j.io: [#E3F0]  S: RECORD * 1
2025-11-04 03:13:03,599 DEBUG neo4j.io: [#E3F0]  S: RECORD * 1
2025-11-04 03:13:03,600 DEBUG neo4j.io: [#E3F0]  S: RECORD * 1
2025-11-04 03:13:03,600 DEBUG neo4j.io: [#E3F0]  S: RECORD * 1
2025-11-04 03:13:03,600 DEBUG neo4j.io: [#E3F0]  S: RECORD * 1
2025-11-04 03:13:03,600 DEBUG neo4j.io: [#E3F0]  S: RECORD * 1
2025-11-04 03:13:03,600 DEBUG neo4j.io: [#E3F0]  S: RECORD * 1
2025-11-04 03:13:03,600 DEBUG neo4j.io: [#E3F0]  S: RECORD * 1
2025-11-04 03:13:03,601 DEBUG neo4j.io: [#E3F0]  S: RECORD * 1
2025-11-04 03:13:03,601 DEBUG neo4j.io: [#E3F0]  S: RECORD * 1
2025-11-04 03:13:03,601 DEBUG neo4j.io: [#E3F0]  S: RECORD * 1
2025-11-04 03:13:03,601 DEBUG neo4j.io: [#E3F0]  S: RECORD * 1
2025-11-04 03:13:03,601 DEBUG neo4j.io: [#E3F0]  S: RECORD * 1
2025-11-04 03:13:03,601 DEBUG neo4j.io: [#E3F0]  S: RECORD * 1
2025-11-04 03:13:03,601 DEBUG neo4j.io: [#E3F0]  S: RECORD * 1
2025-11-04 03:13:03,602 DEBUG neo4j.io: [#E3F0]  S: RECORD * 1
2025-11-04 03:13:03,602 DEBUG neo4j.io: [#E3F0]  S: RECORD * 1
2025-11-04 03:13:03,602 DEBUG neo4j.io: [#E3F0]  S: RECORD * 1
2025-11-04 03:13:03,602 DEBUG neo4j.io: [#E3F0]  S: RECORD * 1
2025-11-04 03:13:03,602 DEBUG neo4j.io: [#E3F0]  S: RECORD * 1
2025-11-04 03:13:03,602 DEBUG neo4j.io: [#E3F0]  S: RECORD * 1
2025-11-04 03:13:03,602 DEBUG neo4j.io: [#E3F0]  S: RECORD * 1
2025-11-04 03:13:03,603 DEBUG neo4j.io: [#E3F0]  S: RECORD * 1
2025-11-04 03:13:03,603 DEBUG neo4j.io: [#E3F0]  S: RECORD * 1
2025-11-04 03:13:03,603 DEBUG neo4j.io: [#E3F0]  S: RECORD * 1
2025-11-04 03:13:03,603 DEBUG neo4j.io: [#E3F0]  S: RECORD * 1
2025-11-04 03:13:03,604 DEBUG neo4j.io: [#E3F0]  S: RECORD * 1
2025-11-04 03:13:03,604 DEBUG neo4j.io: [#E3F0]  S: RECORD * 1
2025-11-04 03:13:03,604 DEBUG neo4j.io: [#E3F0]  S: RECORD * 1
2025-11-04 03:13:03,604 DEBUG neo4j.io: [#E3F0]  S: RECORD * 1
2025-11-04 03:13:03,604 DEBUG neo4j.io: [#E3F0]  S: RECORD * 1
2025-11-04 03:13:03,604 DEBUG neo4j.io: [#E3F0]  S: RECORD * 1
2025-11-04 03:13:03,604 DEBUG neo4j.io: [#E3F0]  S: RECORD * 1
2025-11-04 03:13:03,605 DEBUG neo4j.io: [#E3F0]  S: RECORD * 1
2025-11-04 03:13:03,605 DEBUG neo4j.io: [#E3F0]  S: RECORD * 1
2025-11-04 03:13:03,605 DEBUG neo4j.io: [#E3F0]  S: RECORD * 1
2025-11-04 03:13:03,605 DEBUG neo4j.io: [#E3F0]  S: RECORD * 1
2025-11-04 03:13:03,606 DEBUG neo4j.io: [#E3F0]  S: RECORD * 1
2025-11-04 03:13:03,606 DEBUG neo4j.io: [#E3F0]  S: RECORD * 1
2025-11-04 03:13:03,606 DEBUG neo4j.io: [#E3F0]  S: RECORD * 1
2025-11-04 03:13:03,606 DEBUG neo4j.io: [#E3F0]  S: RECORD * 1
2025-11-04 03:13:03,607 DEBUG neo4j.io: [#E3F0]  S: RECORD * 1
2025-11-04 03:13:03,607 DEBUG neo4j.io: [#E3F0]  S: RECORD * 1
2025-11-04 03:13:03,607 DEBUG neo4j.io: [#E3F0]  S: RECORD * 1
2025-11-04 03:13:03,607 DEBUG neo4j.io: [#E3F0]  S: RECORD * 1
2025-11-04 03:13:03,607 DEBUG neo4j.io: [#E3F0]  S: RECORD * 1
2025-11-04 03:13:03,607 DEBUG neo4j.io: [#E3F0]  S: RECORD * 1
2025-11-04 03:13:03,608 DEBUG neo4j.io: [#E3F0]  S: RECORD * 1
2025-11-04 03:13:03,608 DEBUG neo4j.io: [#E3F0]  S: RECORD * 1
2025-11-04 03:13:03,608 DEBUG neo4j.io: [#E3F0]  S: RECORD * 1
2025-11-04 03:13:03,608 DEBUG neo4j.io: [#E3F0]  S: RECORD * 1
2025-11-04 03:13:03,608 DEBUG neo4j.io: [#E3F0]  S: RECORD * 1
2025-11-04 03:13:03,608 DEBUG neo4j.io: [#E3F0]  S: RECORD * 1
2025-11-04 03:13:03,609 DEBUG neo4j.io: [#E3F0]  S: RECORD * 1
2025-11-04 03:13:03,609 DEBUG neo4j.io: [#E3F0]  S: RECORD * 1
2025-11-04 03:13:03,609 DEBUG neo4j.io: [#E3F0]  S: RECORD * 1
2025-11-04 03:13:03,609 DEBUG neo4j.io: [#E3F0]  S: RECORD * 1
2025-11-04 03:13:03,609 DEBUG neo4j.io: [#E3F0]  S: RECORD * 1
2025-11-04 03:13:03,609 DEBUG neo4j.io: [#E3F0]  S: RECORD * 1
2025-11-04 03:13:03,609 DEBUG neo4j.io: [#E3F0]  S: RECORD * 1
2025-11-04 03:13:03,610 DEBUG neo4j.io: [#E3F0]  S: RECORD * 1
2025-11-04 03:13:03,610 DEBUG neo4j.io: [#E3F0]  S: RECORD * 1
2025-11-04 03:13:03,610 DEBUG neo4j.io: [#E3F0]  S: RECORD * 1
2025-11-04 03:13:03,610 DEBUG neo4j.io: [#E3F0]  S: RECORD * 1
2025-11-04 03:13:03,610 DEBUG neo4j.io: [#E3F0]  S: RECORD * 1
2025-11-04 03:13:03,611 DEBUG neo4j.io: [#E3F0]  S: RECORD * 1
2025-11-04 03:13:03,611 DEBUG neo4j.io: [#E3F0]  S: RECORD * 1
2025-11-04 03:13:03,611 DEBUG neo4j.io: [#E3F0]  S: RECORD * 1
2025-11-04 03:13:03,611 DEBUG neo4j.io: [#E3F0]  S: RECORD * 1
2025-11-04 03:13:03,611 DEBUG neo4j.io: [#E3F0]  S: RECORD * 1
2025-11-04 03:13:03,611 DEBUG neo4j.io: [#E3F0]  S: RECORD * 1
2025-11-04 03:13:03,611 DEBUG neo4j.io: [#E3F0]  S: RECORD * 1
2025-11-04 03:13:03,612 DEBUG neo4j.io: [#E3F0]  S: RECORD * 1
2025-11-04 03:13:03,612 DEBUG neo4j.io: [#E3F0]  S: RECORD * 1
2025-11-04 03:13:03,612 DEBUG neo4j.io: [#E3F0]  S: RECORD * 1
2025-11-04 03:13:03,612 DEBUG neo4j.io: [#E3F0]  S: RECORD * 1
2025-11-04 03:13:03,612 DEBUG neo4j.io: [#E3F0]  S: RECORD * 1
2025-11-04 03:13:03,613 DEBUG neo4j.io: [#E3F0]  S: RECORD * 1
2025-11-04 03:13:03,613 DEBUG neo4j.io: [#E3F0]  S: RECORD * 1
2025-11-04 03:13:03,613 DEBUG neo4j.io: [#E3F0]  S: RECORD * 1
2025-11-04 03:13:03,613 DEBUG neo4j.io: [#E3F0]  S: RECORD * 1
2025-11-04 03:13:03,613 DEBUG neo4j.io: [#E3F0]  S: RECORD * 1
2025-11-04 03:13:03,613 DEBUG neo4j.io: [#E3F0]  S: RECORD * 1
2025-11-04 03:13:03,614 DEBUG neo4j.io: [#E3F0]  S: RECORD * 1
2025-11-04 03:13:03,614 DEBUG neo4j.io: [#E3F0]  S: RECORD * 1
2025-11-04 03:13:03,614 DEBUG neo4j.io: [#E3F0]  S: RECORD * 1
2025-11-04 03:13:03,614 DEBUG neo4j.io: [#E3F0]  S: RECORD * 1
2025-11-04 03:13:03,614 DEBUG neo4j.io: [#E3F0]  S: RECORD * 1
2025-11-04 03:13:03,614 DEBUG neo4j.io: [#E3F0]  S: RECORD * 1
2025-11-04 03:13:03,614 DEBUG neo4j.io: [#E3F0]  S: RECORD * 1
2025-11-04 03:13:03,614 DEBUG neo4j.io: [#E3F0]  S: RECORD * 1
2025-11-04 03:13:03,615 DEBUG neo4j.io: [#E3F0]  S: RECORD * 1
2025-11-04 03:13:03,615 DEBUG neo4j.io: [#E3F0]  S: RECORD * 1
2025-11-04 03:13:03,615 DEBUG neo4j.io: [#E3F0]  S: RECORD * 1
2025-11-04 03:13:03,615 DEBUG neo4j.io: [#E3F0]  S: RECORD * 1
2025-11-04 03:13:03,615 DEBUG neo4j.io: [#E3F0]  S: RECORD * 1
2025-11-04 03:13:03,615 DEBUG neo4j.io: [#E3F0]  S: RECORD * 1
2025-11-04 03:13:03,616 DEBUG neo4j.io: [#E3F0]  S: RECORD * 1
2025-11-04 03:13:03,616 DEBUG neo4j.io: [#E3F0]  S: RECORD * 1
2025-11-04 03:13:03,616 DEBUG neo4j.io: [#E3F0]  S: RECORD * 1
2025-11-04 03:13:03,616 DEBUG neo4j.io: [#E3F0]  S: RECORD * 1
2025-11-04 03:13:03,616 DEBUG neo4j.io: [#E3F0]  S: RECORD * 1
2025-11-04 03:13:03,616 DEBUG neo4j.io: [#E3F0]  S: RECORD * 1
2025-11-04 03:13:03,616 DEBUG neo4j.io: [#E3F0]  S: RECORD * 1
2025-11-04 03:13:03,617 DEBUG neo4j.io: [#E3F0]  S: RECORD * 1
2025-11-04 03:13:03,617 DEBUG neo4j.io: [#E3F0]  S: RECORD * 1
2025-11-04 03:13:03,617 DEBUG neo4j.io: [#E3F0]  S: RECORD * 1
2025-11-04 03:13:03,617 DEBUG neo4j.io: [#E3F0]  S: RECORD * 1
2025-11-04 03:13:03,617 DEBUG neo4j.io: [#E3F0]  S: RECORD * 1
2025-11-04 03:13:03,617 DEBUG neo4j.io: [#E3F0]  S: RECORD * 1
2025-11-04 03:13:03,618 DEBUG neo4j.io: [#E3F0]  S: RECORD * 1
2025-11-04 03:13:03,618 DEBUG neo4j.io: [#E3F0]  S: RECORD * 1
2025-11-04 03:13:03,618 DEBUG neo4j.io: [#E3F0]  S: RECORD * 1
2025-11-04 03:13:03,618 DEBUG neo4j.io: [#E3F0]  S: RECORD * 1
2025-11-04 03:13:03,618 DEBUG neo4j.io: [#E3F0]  S: RECORD * 1
2025-11-04 03:13:03,618 DEBUG neo4j.io: [#E3F0]  S: RECORD * 1
2025-11-04 03:13:03,618 DEBUG neo4j.io: [#E3F0]  S: RECORD * 1
2025-11-04 03:13:03,619 DEBUG neo4j.io: [#E3F0]  S: RECORD * 1
2025-11-04 03:13:03,619 DEBUG neo4j.io: [#E3F0]  S: RECORD * 1
2025-11-04 03:13:03,619 DEBUG neo4j.io: [#E3F0]  S: RECORD * 1
2025-11-04 03:13:03,619 DEBUG neo4j.io: [#E3F0]  S: RECORD * 1
2025-11-04 03:13:03,620 DEBUG neo4j.io: [#E3F0]  S: RECORD * 1
2025-11-04 03:13:03,620 DEBUG neo4j.io: [#E3F0]  S: RECORD * 1
2025-11-04 03:13:03,621 DEBUG neo4j.io: [#E3F0]  S: RECORD * 1
2025-11-04 03:13:03,621 DEBUG neo4j.io: [#E3F0]  S: RECORD * 1
2025-11-04 03:13:03,621 DEBUG neo4j.io: [#E3F0]  S: RECORD * 1
2025-11-04 03:13:03,621 DEBUG neo4j.io: [#E3F0]  S: RECORD * 1
2025-11-04 03:13:03,621 DEBUG neo4j.io: [#E3F0]  S: RECORD * 1
2025-11-04 03:13:03,621 DEBUG neo4j.io: [#E3F0]  S: RECORD * 1
2025-11-04 03:13:03,622 DEBUG neo4j.io: [#E3F0]  S: RECORD * 1
2025-11-04 03:13:03,622 DEBUG neo4j.io: [#E3F0]  S: RECORD * 1
2025-11-04 03:13:03,622 DEBUG neo4j.io: [#E3F0]  S: RECORD * 1
2025-11-04 03:13:03,622 DEBUG neo4j.io: [#E3F0]  S: RECORD * 1
2025-11-04 03:13:03,622 DEBUG neo4j.io: [#E3F0]  S: RECORD * 1
2025-11-04 03:13:03,622 DEBUG neo4j.io: [#E3F0]  S: RECORD * 1
2025-11-04 03:13:03,623 DEBUG neo4j.io: [#E3F0]  S: RECORD * 1
2025-11-04 03:13:03,623 DEBUG neo4j.io: [#E3F0]  S: RECORD * 1
2025-11-04 03:13:03,623 DEBUG neo4j.io: [#E3F0]  S: RECORD * 1
2025-11-04 03:13:03,623 DEBUG neo4j.io: [#E3F0]  S: RECORD * 1
2025-11-04 03:13:03,624 DEBUG neo4j.io: [#E3F0]  S: RECORD * 1
2025-11-04 03:13:03,624 DEBUG neo4j.io: [#E3F0]  S: RECORD * 1
2025-11-04 03:13:03,624 DEBUG neo4j.io: [#E3F0]  S: RECORD * 1
2025-11-04 03:13:03,624 DEBUG neo4j.io: [#E3F0]  S: RECORD * 1
2025-11-04 03:13:03,624 DEBUG neo4j.io: [#E3F0]  S: RECORD * 1
2025-11-04 03:13:03,624 DEBUG neo4j.io: [#E3F0]  S: RECORD * 1
2025-11-04 03:13:03,625 DEBUG neo4j.io: [#E3F0]  S: RECORD * 1
2025-11-04 03:13:03,625 DEBUG neo4j.io: [#E3F0]  S: RECORD * 1
2025-11-04 03:13:03,625 DEBUG neo4j.io: [#E3F0]  S: RECORD * 1
2025-11-04 03:13:03,626 DEBUG neo4j.io: [#E3F0]  S: RECORD * 1
2025-11-04 03:13:03,626 DEBUG neo4j.io: [#E3F0]  S: RECORD * 1
2025-11-04 03:13:03,627 DEBUG neo4j.io: [#E3F0]  S: RECORD * 1
2025-11-04 03:13:03,627 DEBUG neo4j.io: [#E3F0]  S: RECORD * 1
2025-11-04 03:13:03,627 DEBUG neo4j.io: [#E3F0]  S: RECORD * 1
2025-11-04 03:13:03,628 DEBUG neo4j.io: [#E3F0]  S: RECORD * 1
2025-11-04 03:13:03,628 DEBUG neo4j.io: [#E3F0]  S: RECORD * 1
2025-11-04 03:13:03,628 DEBUG neo4j.io: [#E3F0]  S: RECORD * 1
2025-11-04 03:13:03,628 DEBUG neo4j.io: [#E3F0]  S: RECORD * 1
2025-11-04 03:13:03,628 DEBUG neo4j.io: [#E3F0]  S: RECORD * 1
2025-11-04 03:13:03,628 DEBUG neo4j.io: [#E3F0]  S: RECORD * 1
2025-11-04 03:13:03,628 DEBUG neo4j.io: [#E3F0]  S: RECORD * 1
2025-11-04 03:13:03,629 DEBUG neo4j.io: [#E3F0]  S: RECORD * 1
2025-11-04 03:13:03,629 DEBUG neo4j.io: [#E3F0]  S: RECORD * 1
2025-11-04 03:13:03,629 DEBUG neo4j.io: [#E3F0]  S: RECORD * 1
2025-11-04 03:13:03,629 DEBUG neo4j.io: [#E3F0]  S: RECORD * 1
2025-11-04 03:13:03,629 DEBUG neo4j.io: [#E3F0]  S: RECORD * 1
2025-11-04 03:13:03,629 DEBUG neo4j.io: [#E3F0]  S: RECORD * 1
2025-11-04 03:13:03,630 DEBUG neo4j.io: [#E3F0]  S: RECORD * 1
2025-11-04 03:13:03,630 DEBUG neo4j.io: [#E3F0]  S: RECORD * 1
2025-11-04 03:13:03,630 DEBUG neo4j.io: [#E3F0]  S: RECORD * 1
2025-11-04 03:13:03,630 DEBUG neo4j.io: [#E3F0]  S: RECORD * 1
2025-11-04 03:13:03,630 DEBUG neo4j.io: [#E3F0]  S: RECORD * 1
2025-11-04 03:13:03,630 DEBUG neo4j.io: [#E3F0]  S: RECORD * 1
2025-11-04 03:13:03,631 DEBUG neo4j.io: [#E3F0]  S: RECORD * 1
2025-11-04 03:13:03,631 DEBUG neo4j.io: [#E3F0]  S: RECORD * 1
2025-11-04 03:13:03,631 DEBUG neo4j.io: [#E3F0]  S: RECORD * 1
2025-11-04 03:13:03,631 DEBUG neo4j.io: [#E3F0]  S: RECORD * 1
2025-11-04 03:13:03,631 DEBUG neo4j.io: [#E3F0]  S: RECORD * 1
2025-11-04 03:13:03,631 DEBUG neo4j.io: [#E3F0]  S: RECORD * 1
2025-11-04 03:13:03,632 DEBUG neo4j.io: [#E3F0]  S: RECORD * 1
2025-11-04 03:13:03,632 DEBUG neo4j.io: [#E3F0]  S: RECORD * 1
2025-11-04 03:13:03,632 DEBUG neo4j.io: [#E3F0]  S: RECORD * 1
2025-11-04 03:13:03,632 DEBUG neo4j.io: [#E3F0]  S: RECORD * 1
2025-11-04 03:13:03,632 DEBUG neo4j.io: [#E3F0]  S: RECORD * 1
2025-11-04 03:13:03,632 DEBUG neo4j.io: [#E3F0]  S: RECORD * 1
2025-11-04 03:13:03,633 DEBUG neo4j.io: [#E3F0]  S: RECORD * 1
2025-11-04 03:13:03,633 DEBUG neo4j.io: [#E3F0]  S: RECORD * 1
2025-11-04 03:13:03,633 DEBUG neo4j.io: [#E3F0]  S: RECORD * 1
2025-11-04 03:13:03,633 DEBUG neo4j.io: [#E3F0]  S: RECORD * 1
2025-11-04 03:13:03,633 DEBUG neo4j.io: [#E3F0]  S: RECORD * 1
2025-11-04 03:13:03,633 DEBUG neo4j.io: [#E3F0]  S: RECORD * 1
2025-11-04 03:13:03,634 DEBUG neo4j.io: [#E3F0]  S: RECORD * 1
2025-11-04 03:13:03,634 DEBUG neo4j.io: [#E3F0]  S: RECORD * 1
2025-11-04 03:13:03,634 DEBUG neo4j.io: [#E3F0]  S: RECORD * 1
2025-11-04 03:13:03,634 DEBUG neo4j.io: [#E3F0]  S: RECORD * 1
2025-11-04 03:13:03,634 DEBUG neo4j.io: [#E3F0]  S: RECORD * 1
2025-11-04 03:13:03,634 DEBUG neo4j.io: [#E3F0]  S: RECORD * 1
2025-11-04 03:13:03,634 DEBUG neo4j.io: [#E3F0]  S: RECORD * 1
2025-11-04 03:13:03,635 DEBUG neo4j.io: [#E3F0]  S: RECORD * 1
2025-11-04 03:13:03,635 DEBUG neo4j.io: [#E3F0]  S: RECORD * 1
2025-11-04 03:13:03,635 DEBUG neo4j.io: [#E3F0]  S: RECORD * 1
2025-11-04 03:13:03,635 DEBUG neo4j.io: [#E3F0]  S: RECORD * 1
2025-11-04 03:13:03,635 DEBUG neo4j.io: [#E3F0]  S: RECORD * 1
2025-11-04 03:13:03,635 DEBUG neo4j.io: [#E3F0]  S: RECORD * 1
2025-11-04 03:13:03,635 DEBUG neo4j.io: [#E3F0]  S: RECORD * 1
2025-11-04 03:13:03,636 DEBUG neo4j.io: [#E3F0]  S: RECORD * 1
2025-11-04 03:13:03,636 DEBUG neo4j.io: [#E3F0]  S: RECORD * 1
2025-11-04 03:13:03,636 DEBUG neo4j.io: [#E3F0]  S: RECORD * 1
2025-11-04 03:13:03,636 DEBUG neo4j.io: [#E3F0]  S: RECORD * 1
2025-11-04 03:13:03,637 DEBUG neo4j.io: [#E3F0]  S: RECORD * 1
2025-11-04 03:13:03,637 DEBUG neo4j.io: [#E3F0]  S: RECORD * 1
2025-11-04 03:13:03,637 DEBUG neo4j.io: [#E3F0]  S: RECORD * 1
2025-11-04 03:13:03,637 DEBUG neo4j.io: [#E3F0]  S: RECORD * 1
2025-11-04 03:13:03,637 DEBUG neo4j.io: [#E3F0]  S: RECORD * 1
2025-11-04 03:13:03,638 DEBUG neo4j.io: [#E3F0]  S: RECORD * 1
2025-11-04 03:13:03,638 DEBUG neo4j.io: [#E3F0]  S: RECORD * 1
2025-11-04 03:13:03,638 DEBUG neo4j.io: [#E3F0]  S: RECORD * 1
2025-11-04 03:13:03,638 DEBUG neo4j.io: [#E3F0]  S: RECORD * 1
2025-11-04 03:13:03,638 DEBUG neo4j.io: [#E3F0]  S: RECORD * 1
2025-11-04 03:13:03,638 DEBUG neo4j.io: [#E3F0]  S: RECORD * 1
2025-11-04 03:13:03,639 DEBUG neo4j.io: [#E3F0]  S: RECORD * 1
2025-11-04 03:13:03,639 DEBUG neo4j.io: [#E3F0]  S: RECORD * 1
2025-11-04 03:13:03,639 DEBUG neo4j.io: [#E3F0]  S: RECORD * 1
2025-11-04 03:13:03,639 DEBUG neo4j.io: [#E3F0]  S: RECORD * 1
2025-11-04 03:13:03,639 DEBUG neo4j.io: [#E3F0]  S: RECORD * 1
2025-11-04 03:13:03,640 DEBUG neo4j.io: [#E3F0]  S: RECORD * 1
2025-11-04 03:13:03,640 DEBUG neo4j.io: [#E3F0]  S: RECORD * 1
2025-11-04 03:13:03,640 DEBUG neo4j.io: [#E3F0]  S: RECORD * 1
2025-11-04 03:13:03,640 DEBUG neo4j.io: [#E3F0]  S: RECORD * 1
2025-11-04 03:13:03,641 DEBUG neo4j.io: [#E3F0]  S: RECORD * 1
2025-11-04 03:13:03,641 DEBUG neo4j.io: [#E3F0]  S: RECORD * 1
2025-11-04 03:13:03,641 DEBUG neo4j.io: [#E3F0]  S: RECORD * 1
2025-11-04 03:13:03,641 DEBUG neo4j.io: [#E3F0]  S: RECORD * 1
2025-11-04 03:13:03,641 DEBUG neo4j.io: [#E3F0]  S: RECORD * 1
2025-11-04 03:13:03,641 DEBUG neo4j.io: [#E3F0]  S: RECORD * 1
2025-11-04 03:13:03,642 DEBUG neo4j.io: [#E3F0]  S: RECORD * 1
2025-11-04 03:13:03,642 DEBUG neo4j.io: [#E3F0]  S: RECORD * 1
2025-11-04 03:13:03,642 DEBUG neo4j.io: [#E3F0]  S: RECORD * 1
2025-11-04 03:13:03,643 DEBUG neo4j.io: [#E3F0]  S: RECORD * 1
2025-11-04 03:13:03,643 DEBUG neo4j.io: [#E3F0]  S: RECORD * 1
2025-11-04 03:13:03,643 DEBUG neo4j.io: [#E3F0]  S: RECORD * 1
2025-11-04 03:13:03,644 DEBUG neo4j.io: [#E3F0]  S: RECORD * 1
2025-11-04 03:13:03,644 DEBUG neo4j.io: [#E3F0]  S: RECORD * 1
2025-11-04 03:13:03,644 DEBUG neo4j.io: [#E3F0]  S: RECORD * 1
2025-11-04 03:13:03,644 DEBUG neo4j.io: [#E3F0]  S: RECORD * 1
2025-11-04 03:13:03,645 DEBUG neo4j.io: [#E3F0]  S: RECORD * 1
2025-11-04 03:13:03,645 DEBUG neo4j.io: [#E3F0]  S: RECORD * 1
2025-11-04 03:13:03,645 DEBUG neo4j.io: [#E3F0]  S: RECORD * 1
2025-11-04 03:13:03,645 DEBUG neo4j.io: [#E3F0]  S: RECORD * 1
2025-11-04 03:13:03,646 DEBUG neo4j.io: [#E3F0]  S: RECORD * 1
2025-11-04 03:13:03,646 DEBUG neo4j.io: [#E3F0]  S: RECORD * 1
2025-11-04 03:13:03,646 DEBUG neo4j.io: [#E3F0]  S: RECORD * 1
2025-11-04 03:13:03,646 DEBUG neo4j.io: [#E3F0]  S: RECORD * 1
2025-11-04 03:13:03,647 DEBUG neo4j.io: [#E3F0]  S: RECORD * 1
2025-11-04 03:13:03,647 DEBUG neo4j.io: [#E3F0]  S: RECORD * 1
2025-11-04 03:13:03,647 DEBUG neo4j.io: [#E3F0]  S: RECORD * 1
2025-11-04 03:13:03,647 DEBUG neo4j.io: [#E3F0]  S: RECORD * 1
2025-11-04 03:13:03,648 DEBUG neo4j.io: [#E3F0]  S: RECORD * 1
2025-11-04 03:13:03,648 DEBUG neo4j.io: [#E3F0]  S: RECORD * 1
2025-11-04 03:13:03,648 DEBUG neo4j.io: [#E3F0]  S: RECORD * 1
2025-11-04 03:13:03,648 DEBUG neo4j.io: [#E3F0]  S: RECORD * 1
2025-11-04 03:13:03,649 DEBUG neo4j.io: [#E3F0]  S: RECORD * 1
2025-11-04 03:13:03,649 DEBUG neo4j.io: [#E3F0]  S: RECORD * 1
2025-11-04 03:13:03,649 DEBUG neo4j.io: [#E3F0]  S: RECORD * 1
2025-11-04 03:13:03,650 DEBUG neo4j.io: [#E3F0]  S: RECORD * 1
2025-11-04 03:13:03,650 DEBUG neo4j.io: [#E3F0]  S: RECORD * 1
2025-11-04 03:13:03,650 DEBUG neo4j.io: [#E3F0]  S: RECORD * 1
2025-11-04 03:13:03,650 DEBUG neo4j.io: [#E3F0]  S: RECORD * 1
2025-11-04 03:13:03,650 DEBUG neo4j.io: [#E3F0]  S: RECORD * 1
2025-11-04 03:13:03,650 DEBUG neo4j.io: [#E3F0]  S: RECORD * 1
2025-11-04 03:13:03,650 DEBUG neo4j.io: [#E3F0]  S: RECORD * 1
2025-11-04 03:13:03,651 DEBUG neo4j.io: [#E3F0]  S: RECORD * 1
2025-11-04 03:13:03,651 DEBUG neo4j.io: [#E3F0]  S: RECORD * 1
2025-11-04 03:13:03,651 DEBUG neo4j.io: [#E3F0]  S: RECORD * 1
2025-11-04 03:13:03,651 DEBUG neo4j.io: [#E3F0]  S: RECORD * 1
2025-11-04 03:13:03,651 DEBUG neo4j.io: [#E3F0]  S: RECORD * 1
2025-11-04 03:13:03,652 DEBUG neo4j.io: [#E3F0]  S: RECORD * 1
2025-11-04 03:13:03,652 DEBUG neo4j.io: [#E3F0]  S: RECORD * 1
2025-11-04 03:13:03,652 DEBUG neo4j.io: [#E3F0]  S: RECORD * 1
2025-11-04 03:13:03,652 DEBUG neo4j.io: [#E3F0]  S: RECORD * 1
2025-11-04 03:13:03,652 DEBUG neo4j.io: [#E3F0]  S: RECORD * 1
2025-11-04 03:13:03,652 DEBUG neo4j.io: [#E3F0]  S: RECORD * 1
2025-11-04 03:13:03,652 DEBUG neo4j.io: [#E3F0]  S: RECORD * 1
2025-11-04 03:13:03,652 DEBUG neo4j.io: [#E3F0]  S: RECORD * 1
2025-11-04 03:13:03,654 DEBUG neo4j.io: [#E3F0]  S: RECORD * 1
2025-11-04 03:13:03,654 DEBUG neo4j.io: [#E3F0]  S: RECORD * 1
2025-11-04 03:13:03,654 DEBUG neo4j.io: [#E3F0]  S: RECORD * 1
2025-11-04 03:13:03,654 DEBUG neo4j.io: [#E3F0]  S: RECORD * 1
2025-11-04 03:13:03,654 DEBUG neo4j.io: [#E3F0]  S: RECORD * 1
2025-11-04 03:13:03,654 DEBUG neo4j.io: [#E3F0]  S: RECORD * 1
2025-11-04 03:13:03,654 DEBUG neo4j.io: [#E3F0]  S: RECORD * 1
2025-11-04 03:13:03,655 DEBUG neo4j.io: [#E3F0]  S: RECORD * 1
2025-11-04 03:13:03,655 DEBUG neo4j.io: [#E3F0]  S: RECORD * 1
2025-11-04 03:13:03,655 DEBUG neo4j.io: [#E3F0]  S: RECORD * 1
2025-11-04 03:13:03,655 DEBUG neo4j.io: [#E3F0]  S: RECORD * 1
2025-11-04 03:13:03,656 DEBUG neo4j.io: [#E3F0]  S: RECORD * 1
2025-11-04 03:13:03,656 DEBUG neo4j.io: [#E3F0]  S: RECORD * 1
2025-11-04 03:13:03,656 DEBUG neo4j.io: [#E3F0]  S: RECORD * 1
2025-11-04 03:13:03,656 DEBUG neo4j.io: [#E3F0]  S: RECORD * 1
2025-11-04 03:13:03,656 DEBUG neo4j.io: [#E3F0]  S: RECORD * 1
2025-11-04 03:13:03,656 DEBUG neo4j.io: [#E3F0]  S: RECORD * 1
2025-11-04 03:13:03,657 DEBUG neo4j.io: [#E3F0]  S: RECORD * 1
2025-11-04 03:13:03,657 DEBUG neo4j.io: [#E3F0]  S: RECORD * 1
2025-11-04 03:13:03,657 DEBUG neo4j.io: [#E3F0]  S: RECORD * 1
2025-11-04 03:13:03,657 DEBUG neo4j.io: [#E3F0]  S: RECORD * 1
2025-11-04 03:13:03,657 DEBUG neo4j.io: [#E3F0]  S: RECORD * 1
2025-11-04 03:13:03,657 DEBUG neo4j.io: [#E3F0]  S: RECORD * 1
2025-11-04 03:13:03,657 DEBUG neo4j.io: [#E3F0]  S: RECORD * 1
2025-11-04 03:13:03,658 DEBUG neo4j.io: [#E3F0]  S: RECORD * 1
2025-11-04 03:13:03,658 DEBUG neo4j.io: [#E3F0]  S: RECORD * 1
2025-11-04 03:13:03,658 DEBUG neo4j.io: [#E3F0]  S: RECORD * 1
2025-11-04 03:13:03,659 DEBUG neo4j.io: [#E3F0]  S: RECORD * 1
2025-11-04 03:13:03,659 DEBUG neo4j.io: [#E3F0]  S: RECORD * 1
2025-11-04 03:13:03,660 DEBUG neo4j.io: [#E3F0]  S: RECORD * 1
2025-11-04 03:13:03,660 DEBUG neo4j.io: [#E3F0]  S: RECORD * 1
2025-11-04 03:13:03,660 DEBUG neo4j.io: [#E3F0]  S: RECORD * 1
2025-11-04 03:13:03,660 DEBUG neo4j.io: [#E3F0]  S: RECORD * 1
2025-11-04 03:13:03,660 DEBUG neo4j.io: [#E3F0]  S: RECORD * 1
2025-11-04 03:13:03,660 DEBUG neo4j.io: [#E3F0]  S: RECORD * 1
2025-11-04 03:13:03,661 DEBUG neo4j.io: [#E3F0]  S: RECORD * 1
2025-11-04 03:13:03,661 DEBUG neo4j.io: [#E3F0]  S: RECORD * 1
2025-11-04 03:13:03,662 DEBUG neo4j.io: [#E3F0]  S: RECORD * 1
2025-11-04 03:13:03,662 DEBUG neo4j.io: [#E3F0]  S: RECORD * 1
2025-11-04 03:13:03,662 DEBUG neo4j.io: [#E3F0]  S: RECORD * 1
2025-11-04 03:13:03,663 DEBUG neo4j.io: [#E3F0]  S: RECORD * 1
2025-11-04 03:13:03,663 DEBUG neo4j.io: [#E3F0]  S: RECORD * 1
2025-11-04 03:13:03,663 DEBUG neo4j.io: [#E3F0]  S: RECORD * 1
2025-11-04 03:13:03,663 DEBUG neo4j.io: [#E3F0]  S: RECORD * 1
2025-11-04 03:13:03,663 DEBUG neo4j.io: [#E3F0]  S: RECORD * 1
2025-11-04 03:13:03,663 DEBUG neo4j.io: [#E3F0]  S: RECORD * 1
2025-11-04 03:13:03,664 DEBUG neo4j.io: [#E3F0]  S: RECORD * 1
2025-11-04 03:13:03,664 DEBUG neo4j.io: [#E3F0]  S: RECORD * 1
2025-11-04 03:13:03,664 DEBUG neo4j.io: [#E3F0]  S: RECORD * 1
2025-11-04 03:13:03,664 DEBUG neo4j.io: [#E3F0]  S: RECORD * 1
2025-11-04 03:13:03,664 DEBUG neo4j.io: [#E3F0]  S: RECORD * 1
2025-11-04 03:13:03,664 DEBUG neo4j.io: [#E3F0]  S: RECORD * 1
2025-11-04 03:13:03,664 DEBUG neo4j.io: [#E3F0]  S: RECORD * 1
2025-11-04 03:13:03,664 DEBUG neo4j.io: [#E3F0]  S: RECORD * 1
2025-11-04 03:13:03,664 DEBUG neo4j.io: [#E3F0]  S: RECORD * 1
2025-11-04 03:13:03,666 DEBUG neo4j.io: [#E3F0]  S: RECORD * 1
2025-11-04 03:13:03,666 DEBUG neo4j.io: [#E3F0]  S: RECORD * 1
2025-11-04 03:13:03,666 DEBUG neo4j.io: [#E3F0]  S: RECORD * 1
2025-11-04 03:13:03,666 DEBUG neo4j.io: [#E3F0]  S: RECORD * 1
2025-11-04 03:13:03,666 DEBUG neo4j.io: [#E3F0]  S: RECORD * 1
2025-11-04 03:13:03,666 DEBUG neo4j.io: [#E3F0]  S: RECORD * 1
2025-11-04 03:13:03,666 DEBUG neo4j.io: [#E3F0]  S: RECORD * 1
2025-11-04 03:13:03,666 DEBUG neo4j.io: [#E3F0]  S: RECORD * 1
2025-11-04 03:13:03,666 DEBUG neo4j.io: [#E3F0]  S: RECORD * 1
2025-11-04 03:13:03,666 DEBUG neo4j.io: [#E3F0]  S: RECORD * 1
2025-11-04 03:13:03,667 DEBUG neo4j.io: [#E3F0]  S: RECORD * 1
2025-11-04 03:13:03,667 DEBUG neo4j.io: [#E3F0]  S: RECORD * 1
2025-11-04 03:13:03,667 DEBUG neo4j.io: [#E3F0]  S: RECORD * 1
2025-11-04 03:13:03,667 DEBUG neo4j.io: [#E3F0]  S: RECORD * 1
2025-11-04 03:13:03,667 DEBUG neo4j.io: [#E3F0]  S: RECORD * 1
2025-11-04 03:13:03,667 DEBUG neo4j.io: [#E3F0]  S: RECORD * 1
2025-11-04 03:13:03,667 DEBUG neo4j.io: [#E3F0]  S: RECORD * 1
2025-11-04 03:13:03,669 DEBUG neo4j.io: [#E3F0]  S: RECORD * 1
2025-11-04 03:13:03,669 DEBUG neo4j.io: [#E3F0]  S: RECORD * 1
2025-11-04 03:13:03,669 DEBUG neo4j.io: [#E3F0]  S: RECORD * 1
2025-11-04 03:13:03,669 DEBUG neo4j.io: [#E3F0]  S: RECORD * 1
2025-11-04 03:13:03,669 DEBUG neo4j.io: [#E3F0]  S: RECORD * 1
2025-11-04 03:13:03,669 DEBUG neo4j.io: [#E3F0]  S: RECORD * 1
2025-11-04 03:13:03,670 DEBUG neo4j.io: [#E3F0]  S: RECORD * 1
2025-11-04 03:13:03,670 DEBUG neo4j.io: [#E3F0]  S: RECORD * 1
2025-11-04 03:13:03,670 DEBUG neo4j.io: [#E3F0]  S: RECORD * 1
2025-11-04 03:13:03,670 DEBUG neo4j.io: [#E3F0]  S: RECORD * 1
2025-11-04 03:13:03,670 DEBUG neo4j.io: [#E3F0]  S: RECORD * 1
2025-11-04 03:13:03,670 DEBUG neo4j.io: [#E3F0]  S: RECORD * 1
2025-11-04 03:13:03,670 DEBUG neo4j.io: [#E3F0]  S: RECORD * 1
2025-11-04 03:13:03,670 DEBUG neo4j.io: [#E3F0]  S: RECORD * 1
2025-11-04 03:13:03,670 DEBUG neo4j.io: [#E3F0]  S: RECORD * 1
2025-11-04 03:13:03,670 DEBUG neo4j.io: [#E3F0]  S: RECORD * 1
2025-11-04 03:13:03,672 DEBUG neo4j.io: [#E3F0]  S: RECORD * 1
2025-11-04 03:13:03,672 DEBUG neo4j.io: [#E3F0]  S: RECORD * 1
2025-11-04 03:13:03,672 DEBUG neo4j.io: [#E3F0]  S: RECORD * 1
2025-11-04 03:13:03,673 DEBUG neo4j.io: [#E3F0]  S: RECORD * 1
2025-11-04 03:13:03,673 DEBUG neo4j.io: [#E3F0]  S: RECORD * 1
2025-11-04 03:13:03,673 DEBUG neo4j.io: [#E3F0]  S: RECORD * 1
2025-11-04 03:13:03,674 DEBUG neo4j.io: [#E3F0]  S: RECORD * 1
2025-11-04 03:13:03,674 DEBUG neo4j.io: [#E3F0]  S: RECORD * 1
2025-11-04 03:13:03,674 DEBUG neo4j.io: [#E3F0]  S: RECORD * 1
2025-11-04 03:13:03,674 DEBUG neo4j.io: [#E3F0]  S: RECORD * 1
2025-11-04 03:13:03,674 DEBUG neo4j.io: [#E3F0]  S: RECORD * 1
2025-11-04 03:13:03,675 DEBUG neo4j.io: [#E3F0]  S: RECORD * 1
2025-11-04 03:13:03,675 DEBUG neo4j.io: [#E3F0]  S: RECORD * 1
2025-11-04 03:13:03,675 DEBUG neo4j.io: [#E3F0]  S: RECORD * 1
2025-11-04 03:13:03,675 DEBUG neo4j.io: [#E3F0]  S: RECORD * 1
2025-11-04 03:13:03,675 DEBUG neo4j.io: [#E3F0]  S: RECORD * 1
2025-11-04 03:13:03,676 DEBUG neo4j.io: [#E3F0]  S: RECORD * 1
2025-11-04 03:13:03,676 DEBUG neo4j.io: [#E3F0]  S: RECORD * 1
2025-11-04 03:13:03,676 DEBUG neo4j.io: [#E3F0]  S: RECORD * 1
2025-11-04 03:13:03,677 DEBUG neo4j.io: [#E3F0]  S: RECORD * 1
2025-11-04 03:13:03,677 DEBUG neo4j.io: [#E3F0]  S: RECORD * 1
2025-11-04 03:13:03,677 DEBUG neo4j.io: [#E3F0]  S: RECORD * 1
2025-11-04 03:13:03,677 DEBUG neo4j.io: [#E3F0]  S: RECORD * 1
2025-11-04 03:13:03,677 DEBUG neo4j.io: [#E3F0]  S: RECORD * 1
2025-11-04 03:13:03,677 DEBUG neo4j.io: [#E3F0]  S: RECORD * 1
2025-11-04 03:13:03,678 DEBUG neo4j.io: [#E3F0]  S: RECORD * 1
2025-11-04 03:13:03,678 DEBUG neo4j.io: [#E3F0]  S: RECORD * 1
2025-11-04 03:13:03,678 DEBUG neo4j.io: [#E3F0]  S: RECORD * 1
2025-11-04 03:13:03,678 DEBUG neo4j.io: [#E3F0]  S: RECORD * 1
2025-11-04 03:13:03,678 DEBUG neo4j.io: [#E3F0]  S: RECORD * 1
2025-11-04 03:13:03,678 DEBUG neo4j.io: [#E3F0]  S: RECORD * 1
2025-11-04 03:13:03,678 DEBUG neo4j.io: [#E3F0]  S: RECORD * 1
2025-11-04 03:13:03,679 DEBUG neo4j.io: [#E3F0]  S: RECORD * 1
2025-11-04 03:13:03,679 DEBUG neo4j.io: [#E3F0]  S: RECORD * 1
2025-11-04 03:13:03,679 DEBUG neo4j.io: [#E3F0]  S: RECORD * 1
2025-11-04 03:13:03,679 DEBUG neo4j.io: [#E3F0]  S: RECORD * 1
2025-11-04 03:13:03,679 DEBUG neo4j.io: [#E3F0]  S: RECORD * 1
2025-11-04 03:13:03,679 DEBUG neo4j.io: [#E3F0]  S: RECORD * 1
2025-11-04 03:13:03,680 DEBUG neo4j.io: [#E3F0]  S: RECORD * 1
2025-11-04 03:13:03,680 DEBUG neo4j.io: [#E3F0]  S: RECORD * 1
2025-11-04 03:13:03,680 DEBUG neo4j.io: [#E3F0]  S: RECORD * 1
2025-11-04 03:13:03,680 DEBUG neo4j.io: [#E3F0]  S: RECORD * 1
2025-11-04 03:13:03,681 DEBUG neo4j.io: [#E3F0]  S: RECORD * 1
2025-11-04 03:13:03,681 DEBUG neo4j.io: [#E3F0]  S: RECORD * 1
2025-11-04 03:13:03,681 DEBUG neo4j.io: [#E3F0]  S: RECORD * 1
2025-11-04 03:13:03,681 DEBUG neo4j.io: [#E3F0]  S: RECORD * 1
2025-11-04 03:13:03,681 DEBUG neo4j.io: [#E3F0]  S: RECORD * 1
2025-11-04 03:13:03,682 DEBUG neo4j.io: [#E3F0]  S: RECORD * 1
2025-11-04 03:13:03,682 DEBUG neo4j.io: [#E3F0]  S: RECORD * 1
2025-11-04 03:13:03,682 DEBUG neo4j.io: [#E3F0]  S: RECORD * 1
2025-11-04 03:13:03,683 DEBUG neo4j.io: [#E3F0]  S: RECORD * 1
2025-11-04 03:13:03,683 DEBUG neo4j.io: [#E3F0]  S: RECORD * 1
2025-11-04 03:13:03,683 DEBUG neo4j.io: [#E3F0]  S: RECORD * 1
2025-11-04 03:13:03,684 DEBUG neo4j.io: [#E3F0]  S: RECORD * 1
2025-11-04 03:13:03,684 DEBUG neo4j.io: [#E3F0]  S: RECORD * 1
2025-11-04 03:13:03,684 DEBUG neo4j.io: [#E3F0]  S: RECORD * 1
2025-11-04 03:13:03,684 DEBUG neo4j.io: [#E3F0]  S: RECORD * 1
2025-11-04 03:13:03,684 DEBUG neo4j.io: [#E3F0]  S: RECORD * 1
2025-11-04 03:13:03,685 DEBUG neo4j.io: [#E3F0]  S: RECORD * 1
2025-11-04 03:13:03,685 DEBUG neo4j.io: [#E3F0]  S: RECORD * 1
2025-11-04 03:13:03,685 DEBUG neo4j.io: [#E3F0]  S: RECORD * 1
2025-11-04 03:13:03,686 DEBUG neo4j.io: [#E3F0]  S: RECORD * 1
2025-11-04 03:13:03,686 DEBUG neo4j.io: [#E3F0]  S: RECORD * 1
2025-11-04 03:13:03,686 DEBUG neo4j.io: [#E3F0]  S: RECORD * 1
2025-11-04 03:13:03,686 DEBUG neo4j.io: [#E3F0]  S: RECORD * 1
2025-11-04 03:13:03,687 DEBUG neo4j.io: [#E3F0]  S: RECORD * 1
2025-11-04 03:13:03,687 DEBUG neo4j.io: [#E3F0]  S: RECORD * 1
2025-11-04 03:13:03,687 DEBUG neo4j.io: [#E3F0]  S: RECORD * 1
2025-11-04 03:13:03,687 DEBUG neo4j.io: [#E3F0]  S: RECORD * 1
2025-11-04 03:13:03,688 DEBUG neo4j.io: [#E3F0]  S: RECORD * 1
2025-11-04 03:13:03,688 DEBUG neo4j.io: [#E3F0]  S: RECORD * 1
2025-11-04 03:13:03,688 DEBUG neo4j.io: [#E3F0]  S: RECORD * 1
2025-11-04 03:13:03,688 DEBUG neo4j.io: [#E3F0]  S: RECORD * 1
2025-11-04 03:13:03,688 DEBUG neo4j.io: [#E3F0]  S: RECORD * 1
2025-11-04 03:13:03,689 DEBUG neo4j.io: [#E3F0]  S: RECORD * 1
2025-11-04 03:13:03,689 DEBUG neo4j.io: [#E3F0]  S: RECORD * 1
2025-11-04 03:13:03,690 DEBUG neo4j.io: [#E3F0]  S: RECORD * 1
2025-11-04 03:13:03,690 DEBUG neo4j.io: [#E3F0]  S: RECORD * 1
2025-11-04 03:13:03,690 DEBUG neo4j.io: [#E3F0]  S: RECORD * 1
2025-11-04 03:13:03,691 DEBUG neo4j.io: [#E3F0]  S: RECORD * 1
2025-11-04 03:13:03,691 DEBUG neo4j.io: [#E3F0]  S: RECORD * 1
2025-11-04 03:13:03,691 DEBUG neo4j.io: [#E3F0]  S: RECORD * 1
2025-11-04 03:13:03,691 DEBUG neo4j.io: [#E3F0]  S: RECORD * 1
2025-11-04 03:13:03,692 DEBUG neo4j.io: [#E3F0]  S: RECORD * 1
2025-11-04 03:13:03,692 DEBUG neo4j.io: [#E3F0]  S: RECORD * 1
2025-11-04 03:13:03,692 DEBUG neo4j.io: [#E3F0]  S: RECORD * 1
2025-11-04 03:13:03,692 DEBUG neo4j.io: [#E3F0]  S: RECORD * 1
2025-11-04 03:13:03,692 DEBUG neo4j.io: [#E3F0]  S: RECORD * 1
2025-11-04 03:13:03,692 DEBUG neo4j.io: [#E3F0]  S: RECORD * 1
2025-11-04 03:13:03,692 DEBUG neo4j.io: [#E3F0]  S: RECORD * 1
2025-11-04 03:13:03,693 DEBUG neo4j.io: [#E3F0]  S: RECORD * 1
2025-11-04 03:13:03,693 DEBUG neo4j.io: [#E3F0]  S: RECORD * 1
2025-11-04 03:13:03,693 DEBUG neo4j.io: [#E3F0]  S: RECORD * 1
2025-11-04 03:13:03,693 DEBUG neo4j.io: [#E3F0]  S: RECORD * 1
2025-11-04 03:13:03,693 DEBUG neo4j.io: [#E3F0]  S: RECORD * 1
2025-11-04 03:13:03,693 DEBUG neo4j.io: [#E3F0]  S: RECORD * 1
2025-11-04 03:13:03,693 DEBUG neo4j.io: [#E3F0]  S: RECORD * 1
2025-11-04 03:13:03,694 DEBUG neo4j.io: [#E3F0]  S: RECORD * 1
2025-11-04 03:13:03,694 DEBUG neo4j.io: [#E3F0]  S: RECORD * 1
2025-11-04 03:13:03,694 DEBUG neo4j.io: [#E3F0]  S: RECORD * 1
2025-11-04 03:13:03,694 DEBUG neo4j.io: [#E3F0]  S: RECORD * 1
2025-11-04 03:13:03,694 DEBUG neo4j.io: [#E3F0]  S: RECORD * 1
2025-11-04 03:13:03,694 DEBUG neo4j.io: [#E3F0]  S: RECORD * 1
2025-11-04 03:13:03,695 DEBUG neo4j.io: [#E3F0]  S: RECORD * 1
2025-11-04 03:13:03,695 DEBUG neo4j.io: [#E3F0]  S: RECORD * 1
2025-11-04 03:13:03,695 DEBUG neo4j.io: [#E3F0]  S: RECORD * 1
2025-11-04 03:13:03,695 DEBUG neo4j.io: [#E3F0]  S: RECORD * 1
2025-11-04 03:13:03,695 DEBUG neo4j.io: [#E3F0]  S: RECORD * 1
2025-11-04 03:13:03,695 DEBUG neo4j.io: [#E3F0]  S: RECORD * 1
2025-11-04 03:13:03,696 DEBUG neo4j.io: [#E3F0]  S: RECORD * 1
2025-11-04 03:13:03,696 DEBUG neo4j.io: [#E3F0]  S: RECORD * 1
2025-11-04 03:13:03,696 DEBUG neo4j.io: [#E3F0]  S: RECORD * 1
2025-11-04 03:13:03,696 DEBUG neo4j.io: [#E3F0]  S: RECORD * 1
2025-11-04 03:13:03,696 DEBUG neo4j.io: [#E3F0]  S: RECORD * 1
2025-11-04 03:13:03,696 DEBUG neo4j.io: [#E3F0]  S: RECORD * 1
2025-11-04 03:13:03,697 DEBUG neo4j.io: [#E3F0]  S: RECORD * 1
2025-11-04 03:13:03,697 DEBUG neo4j.io: [#E3F0]  S: RECORD * 1
2025-11-04 03:13:03,697 DEBUG neo4j.io: [#E3F0]  S: RECORD * 1
2025-11-04 03:13:03,697 DEBUG neo4j.io: [#E3F0]  S: RECORD * 1
2025-11-04 03:13:03,697 DEBUG neo4j.io: [#E3F0]  S: RECORD * 1
2025-11-04 03:13:03,698 DEBUG neo4j.io: [#E3F0]  S: RECORD * 1
2025-11-04 03:13:03,698 DEBUG neo4j.io: [#E3F0]  S: RECORD * 1
2025-11-04 03:13:03,698 DEBUG neo4j.io: [#E3F0]  S: RECORD * 1
2025-11-04 03:13:03,698 DEBUG neo4j.io: [#E3F0]  S: RECORD * 1
2025-11-04 03:13:03,698 DEBUG neo4j.io: [#E3F0]  S: RECORD * 1
2025-11-04 03:13:03,699 DEBUG neo4j.io: [#E3F0]  S: RECORD * 1
2025-11-04 03:13:03,699 DEBUG neo4j.io: [#E3F0]  S: RECORD * 1
2025-11-04 03:13:03,699 DEBUG neo4j.io: [#E3F0]  S: RECORD * 1
2025-11-04 03:13:03,700 DEBUG neo4j.io: [#E3F0]  S: RECORD * 1
2025-11-04 03:13:03,700 DEBUG neo4j.io: [#E3F0]  S: RECORD * 1
2025-11-04 03:13:03,700 DEBUG neo4j.io: [#E3F0]  S: RECORD * 1
2025-11-04 03:13:03,701 DEBUG neo4j.io: [#E3F0]  S: RECORD * 1
2025-11-04 03:13:03,701 DEBUG neo4j.io: [#E3F0]  S: RECORD * 1
2025-11-04 03:13:03,701 DEBUG neo4j.io: [#E3F0]  S: RECORD * 1
2025-11-04 03:13:03,701 DEBUG neo4j.io: [#E3F0]  S: RECORD * 1
2025-11-04 03:13:03,701 DEBUG neo4j.io: [#E3F0]  S: RECORD * 1
2025-11-04 03:13:03,702 DEBUG neo4j.io: [#E3F0]  S: RECORD * 1
2025-11-04 03:13:03,702 DEBUG neo4j.io: [#E3F0]  S: RECORD * 1
2025-11-04 03:13:03,702 DEBUG neo4j.io: [#E3F0]  S: RECORD * 1
2025-11-04 03:13:03,702 DEBUG neo4j.io: [#E3F0]  S: RECORD * 1
2025-11-04 03:13:03,702 DEBUG neo4j.io: [#E3F0]  S: RECORD * 1
2025-11-04 03:13:03,702 DEBUG neo4j.io: [#E3F0]  S: RECORD * 1
2025-11-04 03:13:03,702 DEBUG neo4j.io: [#E3F0]  S: RECORD * 1
2025-11-04 03:13:03,703 DEBUG neo4j.io: [#E3F0]  S: RECORD * 1
2025-11-04 03:13:03,703 DEBUG neo4j.io: [#E3F0]  S: RECORD * 1
2025-11-04 03:13:03,703 DEBUG neo4j.io: [#E3F0]  S: RECORD * 1
2025-11-04 03:13:03,703 DEBUG neo4j.io: [#E3F0]  S: RECORD * 1
2025-11-04 03:13:03,704 DEBUG neo4j.io: [#E3F0]  S: RECORD * 1
2025-11-04 03:13:03,704 DEBUG neo4j.io: [#E3F0]  S: RECORD * 1
2025-11-04 03:13:03,704 DEBUG neo4j.io: [#E3F0]  S: RECORD * 1
2025-11-04 03:13:03,704 DEBUG neo4j.io: [#E3F0]  S: RECORD * 1
2025-11-04 03:13:03,705 DEBUG neo4j.io: [#E3F0]  S: RECORD * 1
2025-11-04 03:13:03,705 DEBUG neo4j.io: [#E3F0]  S: RECORD * 1
2025-11-04 03:13:03,705 DEBUG neo4j.io: [#E3F0]  S: RECORD * 1
2025-11-04 03:13:03,705 DEBUG neo4j.io: [#E3F0]  S: RECORD * 1
2025-11-04 03:13:03,706 DEBUG neo4j.io: [#E3F0]  S: RECORD * 1
2025-11-04 03:13:03,706 DEBUG neo4j.io: [#E3F0]  S: RECORD * 1
2025-11-04 03:13:03,706 DEBUG neo4j.io: [#E3F0]  S: RECORD * 1
2025-11-04 03:13:03,707 DEBUG neo4j.io: [#E3F0]  S: RECORD * 1
2025-11-04 03:13:03,707 DEBUG neo4j.io: [#E3F0]  S: RECORD * 1
2025-11-04 03:13:03,707 DEBUG neo4j.io: [#E3F0]  S: RECORD * 1
2025-11-04 03:13:03,708 DEBUG neo4j.io: [#E3F0]  S: RECORD * 1
2025-11-04 03:13:03,708 DEBUG neo4j.io: [#E3F0]  S: RECORD * 1
2025-11-04 03:13:03,708 DEBUG neo4j.io: [#E3F0]  S: RECORD * 1
2025-11-04 03:13:03,708 DEBUG neo4j.io: [#E3F0]  S: RECORD * 1
2025-11-04 03:13:03,709 DEBUG neo4j.io: [#E3F0]  S: RECORD * 1
2025-11-04 03:13:03,709 DEBUG neo4j.io: [#E3F0]  S: RECORD * 1
2025-11-04 03:13:03,709 DEBUG neo4j.io: [#E3F0]  S: RECORD * 1
2025-11-04 03:13:03,709 DEBUG neo4j.io: [#E3F0]  S: RECORD * 1
2025-11-04 03:13:03,709 DEBUG neo4j.io: [#E3F0]  S: RECORD * 1
2025-11-04 03:13:03,709 DEBUG neo4j.io: [#E3F0]  S: RECORD * 1
2025-11-04 03:13:03,709 DEBUG neo4j.io: [#E3F0]  S: RECORD * 1
2025-11-04 03:13:03,710 DEBUG neo4j.io: [#E3F0]  S: RECORD * 1
2025-11-04 03:13:03,710 DEBUG neo4j.io: [#E3F0]  S: RECORD * 1
2025-11-04 03:13:03,710 DEBUG neo4j.io: [#E3F0]  S: RECORD * 1
2025-11-04 03:13:03,710 DEBUG neo4j.io: [#E3F0]  S: RECORD * 1
2025-11-04 03:13:03,710 DEBUG neo4j.io: [#E3F0]  S: RECORD * 1
2025-11-04 03:13:03,710 DEBUG neo4j.io: [#E3F0]  S: RECORD * 1
2025-11-04 03:13:03,711 DEBUG neo4j.io: [#E3F0]  S: RECORD * 1
2025-11-04 03:13:03,711 DEBUG neo4j.io: [#E3F0]  S: RECORD * 1
2025-11-04 03:13:03,711 DEBUG neo4j.io: [#E3F0]  S: RECORD * 1
2025-11-04 03:13:03,711 DEBUG neo4j.io: [#E3F0]  S: RECORD * 1
2025-11-04 03:13:03,711 DEBUG neo4j.io: [#E3F0]  S: RECORD * 1
2025-11-04 03:13:03,711 DEBUG neo4j.io: [#E3F0]  S: RECORD * 1
2025-11-04 03:13:03,711 DEBUG neo4j.io: [#E3F0]  S: RECORD * 1
2025-11-04 03:13:03,711 DEBUG neo4j.io: [#E3F0]  S: RECORD * 1
2025-11-04 03:13:03,712 DEBUG neo4j.io: [#E3F0]  S: RECORD * 1
2025-11-04 03:13:03,712 DEBUG neo4j.io: [#E3F0]  S: RECORD * 1
2025-11-04 03:13:03,712 DEBUG neo4j.io: [#E3F0]  S: RECORD * 1
2025-11-04 03:13:03,712 DEBUG neo4j.io: [#E3F0]  S: RECORD * 1
2025-11-04 03:13:03,712 DEBUG neo4j.io: [#E3F0]  S: RECORD * 1
2025-11-04 03:13:03,712 DEBUG neo4j.io: [#E3F0]  S: RECORD * 1
2025-11-04 03:13:03,713 DEBUG neo4j.io: [#E3F0]  S: RECORD * 1
2025-11-04 03:13:03,713 DEBUG neo4j.io: [#E3F0]  S: RECORD * 1
2025-11-04 03:13:03,713 DEBUG neo4j.io: [#E3F0]  S: RECORD * 1
2025-11-04 03:13:03,713 DEBUG neo4j.io: [#E3F0]  S: RECORD * 1
2025-11-04 03:13:03,713 DEBUG neo4j.io: [#E3F0]  S: RECORD * 1
2025-11-04 03:13:03,713 DEBUG neo4j.io: [#E3F0]  S: RECORD * 1
2025-11-04 03:13:03,713 DEBUG neo4j.io: [#E3F0]  S: RECORD * 1
2025-11-04 03:13:03,714 DEBUG neo4j.io: [#E3F0]  S: RECORD * 1
2025-11-04 03:13:03,714 DEBUG neo4j.io: [#E3F0]  S: RECORD * 1
2025-11-04 03:13:03,714 DEBUG neo4j.io: [#E3F0]  S: RECORD * 1
2025-11-04 03:13:03,715 DEBUG neo4j.io: [#E3F0]  S: RECORD * 1
2025-11-04 03:13:03,715 DEBUG neo4j.io: [#E3F0]  S: RECORD * 1
2025-11-04 03:13:03,715 DEBUG neo4j.io: [#E3F0]  S: RECORD * 1
2025-11-04 03:13:03,715 DEBUG neo4j.io: [#E3F0]  S: RECORD * 1
2025-11-04 03:13:03,715 DEBUG neo4j.io: [#E3F0]  S: RECORD * 1
2025-11-04 03:13:03,715 DEBUG neo4j.io: [#E3F0]  S: RECORD * 1
2025-11-04 03:13:03,715 DEBUG neo4j.io: [#E3F0]  S: RECORD * 1
2025-11-04 03:13:03,716 DEBUG neo4j.io: [#E3F0]  S: RECORD * 1
2025-11-04 03:13:03,716 DEBUG neo4j.io: [#E3F0]  S: RECORD * 1
2025-11-04 03:13:03,716 DEBUG neo4j.io: [#E3F0]  S: RECORD * 1
2025-11-04 03:13:03,716 DEBUG neo4j.io: [#E3F0]  S: RECORD * 1
2025-11-04 03:13:03,716 DEBUG neo4j.io: [#E3F0]  S: RECORD * 1
2025-11-04 03:13:03,716 DEBUG neo4j.io: [#E3F0]  S: RECORD * 1
2025-11-04 03:13:03,716 DEBUG neo4j.io: [#E3F0]  S: RECORD * 1
2025-11-04 03:13:03,717 DEBUG neo4j.io: [#E3F0]  S: RECORD * 1
2025-11-04 03:13:03,717 DEBUG neo4j.io: [#E3F0]  S: RECORD * 1
2025-11-04 03:13:03,717 DEBUG neo4j.io: [#E3F0]  S: RECORD * 1
2025-11-04 03:13:03,717 DEBUG neo4j.io: [#E3F0]  S: RECORD * 1
2025-11-04 03:13:03,717 DEBUG neo4j.io: [#E3F0]  S: RECORD * 1
2025-11-04 03:13:03,717 DEBUG neo4j.io: [#E3F0]  S: RECORD * 1
2025-11-04 03:13:03,717 DEBUG neo4j.io: [#E3F0]  S: RECORD * 1
2025-11-04 03:13:03,718 DEBUG neo4j.io: [#E3F0]  S: RECORD * 1
2025-11-04 03:13:03,718 DEBUG neo4j.io: [#E3F0]  S: RECORD * 1
2025-11-04 03:13:03,718 DEBUG neo4j.io: [#E3F0]  S: RECORD * 1
2025-11-04 03:13:03,718 DEBUG neo4j.io: [#E3F0]  S: RECORD * 1
2025-11-04 03:13:03,718 DEBUG neo4j.io: [#E3F0]  S: RECORD * 1
2025-11-04 03:13:03,718 DEBUG neo4j.io: [#E3F0]  S: RECORD * 1
2025-11-04 03:13:03,718 DEBUG neo4j.io: [#E3F0]  S: RECORD * 1
2025-11-04 03:13:03,719 DEBUG neo4j.io: [#E3F0]  S: RECORD * 1
2025-11-04 03:13:03,719 DEBUG neo4j.io: [#E3F0]  S: RECORD * 1
2025-11-04 03:13:03,719 DEBUG neo4j.io: [#E3F0]  S: RECORD * 1
2025-11-04 03:13:03,719 DEBUG neo4j.io: [#E3F0]  S: RECORD * 1
2025-11-04 03:13:03,719 DEBUG neo4j.io: [#E3F0]  S: RECORD * 1
2025-11-04 03:13:03,720 DEBUG neo4j.io: [#E3F0]  S: RECORD * 1
2025-11-04 03:13:03,720 DEBUG neo4j.io: [#E3F0]  S: RECORD * 1
2025-11-04 03:13:03,720 DEBUG neo4j.io: [#E3F0]  S: RECORD * 1
2025-11-04 03:13:03,721 DEBUG neo4j.io: [#E3F0]  S: RECORD * 1
2025-11-04 03:13:03,721 DEBUG neo4j.io: [#E3F0]  S: RECORD * 1
2025-11-04 03:13:03,721 DEBUG neo4j.io: [#E3F0]  S: RECORD * 1
2025-11-04 03:13:03,722 DEBUG neo4j.io: [#E3F0]  S: RECORD * 1
2025-11-04 03:13:03,722 DEBUG neo4j.io: [#E3F0]  S: RECORD * 1
2025-11-04 03:13:03,722 DEBUG neo4j.io: [#E3F0]  S: RECORD * 1
2025-11-04 03:13:03,722 DEBUG neo4j.io: [#E3F0]  S: RECORD * 1
2025-11-04 03:13:03,723 DEBUG neo4j.io: [#E3F0]  S: RECORD * 1
2025-11-04 03:13:03,723 DEBUG neo4j.io: [#E3F0]  S: RECORD * 1
2025-11-04 03:13:03,723 DEBUG neo4j.io: [#E3F0]  S: RECORD * 1
2025-11-04 03:13:03,724 DEBUG neo4j.io: [#E3F0]  S: RECORD * 1
2025-11-04 03:13:03,724 DEBUG neo4j.io: [#E3F0]  S: RECORD * 1
2025-11-04 03:13:03,725 DEBUG neo4j.io: [#E3F0]  S: RECORD * 1
2025-11-04 03:13:03,725 DEBUG neo4j.io: [#E3F0]  S: RECORD * 1
2025-11-04 03:13:03,725 DEBUG neo4j.io: [#E3F0]  S: RECORD * 1
2025-11-04 03:13:03,726 DEBUG neo4j.io: [#E3F0]  S: RECORD * 1
2025-11-04 03:13:03,726 DEBUG neo4j.io: [#E3F0]  S: RECORD * 1
2025-11-04 03:13:03,726 DEBUG neo4j.io: [#E3F0]  S: RECORD * 1
2025-11-04 03:13:03,726 DEBUG neo4j.io: [#E3F0]  S: RECORD * 1
2025-11-04 03:13:03,726 DEBUG neo4j.io: [#E3F0]  S: RECORD * 1
2025-11-04 03:13:03,726 DEBUG neo4j.io: [#E3F0]  S: RECORD * 1
2025-11-04 03:13:03,726 DEBUG neo4j.io: [#E3F0]  S: RECORD * 1
2025-11-04 03:13:03,727 DEBUG neo4j.io: [#E3F0]  S: RECORD * 1
2025-11-04 03:13:03,727 DEBUG neo4j.io: [#E3F0]  S: RECORD * 1
2025-11-04 03:13:03,727 DEBUG neo4j.io: [#E3F0]  S: RECORD * 1
2025-11-04 03:13:03,727 DEBUG neo4j.io: [#E3F0]  S: RECORD * 1
2025-11-04 03:13:03,727 DEBUG neo4j.io: [#E3F0]  S: RECORD * 1
2025-11-04 03:13:03,727 DEBUG neo4j.io: [#E3F0]  S: RECORD * 1
2025-11-04 03:13:03,728 DEBUG neo4j.io: [#E3F0]  S: RECORD * 1
2025-11-04 03:13:03,728 DEBUG neo4j.io: [#E3F0]  S: RECORD * 1
2025-11-04 03:13:03,728 DEBUG neo4j.io: [#E3F0]  S: RECORD * 1
2025-11-04 03:13:03,728 DEBUG neo4j.io: [#E3F0]  S: RECORD * 1
2025-11-04 03:13:03,728 DEBUG neo4j.io: [#E3F0]  S: RECORD * 1
2025-11-04 03:13:03,728 DEBUG neo4j.io: [#E3F0]  S: RECORD * 1
2025-11-04 03:13:03,729 DEBUG neo4j.io: [#E3F0]  S: RECORD * 1
2025-11-04 03:13:03,729 DEBUG neo4j.io: [#E3F0]  S: RECORD * 1
2025-11-04 03:13:03,729 DEBUG neo4j.io: [#E3F0]  S: RECORD * 1
2025-11-04 03:13:03,729 DEBUG neo4j.io: [#E3F0]  S: RECORD * 1
2025-11-04 03:13:03,729 DEBUG neo4j.io: [#E3F0]  S: RECORD * 1
2025-11-04 03:13:03,729 DEBUG neo4j.io: [#E3F0]  S: RECORD * 1
2025-11-04 03:13:03,730 DEBUG neo4j.io: [#E3F0]  S: RECORD * 1
2025-11-04 03:13:03,730 DEBUG neo4j.io: [#E3F0]  S: RECORD * 1
2025-11-04 03:13:03,730 DEBUG neo4j.io: [#E3F0]  S: RECORD * 1
2025-11-04 03:13:03,730 DEBUG neo4j.io: [#E3F0]  S: SUCCESS {'has_more': True}
2025-11-04 03:13:03,730 DEBUG neo4j.io: [#E3F0]  C: PULL {'n': 1000}
2025-11-04 03:13:03,734 DEBUG neo4j.io: [#E3F0]  S: RECORD * 1
2025-11-04 03:13:03,734 DEBUG neo4j.io: [#E3F0]  S: RECORD * 1
2025-11-04 03:13:03,734 DEBUG neo4j.io: [#E3F0]  S: RECORD * 1
2025-11-04 03:13:03,734 DEBUG neo4j.io: [#E3F0]  S: RECORD * 1
2025-11-04 03:13:03,734 DEBUG neo4j.io: [#E3F0]  S: RECORD * 1
2025-11-04 03:13:03,734 DEBUG neo4j.io: [#E3F0]  S: RECORD * 1
2025-11-04 03:13:03,735 DEBUG neo4j.io: [#E3F0]  S: RECORD * 1
2025-11-04 03:13:03,735 DEBUG neo4j.io: [#E3F0]  S: RECORD * 1
2025-11-04 03:13:03,735 DEBUG neo4j.io: [#E3F0]  S: RECORD * 1
2025-11-04 03:13:03,735 DEBUG neo4j.io: [#E3F0]  S: RECORD * 1
2025-11-04 03:13:03,735 DEBUG neo4j.io: [#E3F0]  S: RECORD * 1
2025-11-04 03:13:03,735 DEBUG neo4j.io: [#E3F0]  S: RECORD * 1
2025-11-04 03:13:03,736 DEBUG neo4j.io: [#E3F0]  S: RECORD * 1
2025-11-04 03:13:03,736 DEBUG neo4j.io: [#E3F0]  S: RECORD * 1
2025-11-04 03:13:03,736 DEBUG neo4j.io: [#E3F0]  S: RECORD * 1
2025-11-04 03:13:03,736 DEBUG neo4j.io: [#E3F0]  S: RECORD * 1
2025-11-04 03:13:03,736 DEBUG neo4j.io: [#E3F0]  S: RECORD * 1
2025-11-04 03:13:03,737 DEBUG neo4j.io: [#E3F0]  S: RECORD * 1
2025-11-04 03:13:03,737 DEBUG neo4j.io: [#E3F0]  S: RECORD * 1
2025-11-04 03:13:03,737 DEBUG neo4j.io: [#E3F0]  S: RECORD * 1
2025-11-04 03:13:03,737 DEBUG neo4j.io: [#E3F0]  S: RECORD * 1
2025-11-04 03:13:03,738 DEBUG neo4j.io: [#E3F0]  S: RECORD * 1
2025-11-04 03:13:03,738 DEBUG neo4j.io: [#E3F0]  S: RECORD * 1
2025-11-04 03:13:03,738 DEBUG neo4j.io: [#E3F0]  S: RECORD * 1
2025-11-04 03:13:03,738 DEBUG neo4j.io: [#E3F0]  S: RECORD * 1
2025-11-04 03:13:03,738 DEBUG neo4j.io: [#E3F0]  S: RECORD * 1
2025-11-04 03:13:03,739 DEBUG neo4j.io: [#E3F0]  S: RECORD * 1
2025-11-04 03:13:03,739 DEBUG neo4j.io: [#E3F0]  S: RECORD * 1
2025-11-04 03:13:03,739 DEBUG neo4j.io: [#E3F0]  S: RECORD * 1
2025-11-04 03:13:03,739 DEBUG neo4j.io: [#E3F0]  S: RECORD * 1
2025-11-04 03:13:03,739 DEBUG neo4j.io: [#E3F0]  S: RECORD * 1
2025-11-04 03:13:03,740 DEBUG neo4j.io: [#E3F0]  S: RECORD * 1
2025-11-04 03:13:03,740 DEBUG neo4j.io: [#E3F0]  S: RECORD * 1
2025-11-04 03:13:03,740 DEBUG neo4j.io: [#E3F0]  S: RECORD * 1
2025-11-04 03:13:03,741 DEBUG neo4j.io: [#E3F0]  S: RECORD * 1
2025-11-04 03:13:03,741 DEBUG neo4j.io: [#E3F0]  S: RECORD * 1
2025-11-04 03:13:03,741 DEBUG neo4j.io: [#E3F0]  S: RECORD * 1
2025-11-04 03:13:03,741 DEBUG neo4j.io: [#E3F0]  S: RECORD * 1
2025-11-04 03:13:03,742 DEBUG neo4j.io: [#E3F0]  S: RECORD * 1
2025-11-04 03:13:03,742 DEBUG neo4j.io: [#E3F0]  S: RECORD * 1
2025-11-04 03:13:03,743 DEBUG neo4j.io: [#E3F0]  S: RECORD * 1
2025-11-04 03:13:03,743 DEBUG neo4j.io: [#E3F0]  S: RECORD * 1
2025-11-04 03:13:03,743 DEBUG neo4j.io: [#E3F0]  S: SUCCESS {'statuses': [{'gql_status': '00000', 'status_description': 'note: successful completion'}], 'type': 'r', 't_last': 289, 'db': 'helpfile'}
2025-11-04 03:13:03,743 DEBUG neo4j.io: [#E3F0]  C: COMMIT
2025-11-04 03:13:03,743 DEBUG neo4j.io: [#E3F0]  _: <CONNECTION> client state: TX_READY_OR_TX_STREAMING > READY
2025-11-04 03:13:03,746 DEBUG neo4j.io: [#E3F0]  S: SUCCESS {'bookmark': 'FB:kcwQ8rwaENxyTdu2M21TLrZqzskGvZA='}
2025-11-04 03:13:03,746 DEBUG neo4j.io: [#E3F0]  _: <CONNECTION> server state: TX_READY_OR_TX_STREAMING > READY
2025-11-04 03:13:03,746 DEBUG neo4j.pool: [#E3F0]  _: <POOL> released bolt-27
2025-11-04 03:13:03,830 DEBUG neo4j: [#0000]  _: <WORKSPACE> routing towards fixed database: helpfile
2025-11-04 03:13:03,830 DEBUG neo4j: [#0000]  _: <WORKSPACE> pinning database: 'helpfile'
2025-11-04 03:13:03,830 DEBUG neo4j.pool: [#0000]  _: <POOL> acquire direct connection, access_mode='WRITE', database=AcquisitionDatabase(name='helpfile', guessed=False)
2025-11-04 03:13:03,831 DEBUG neo4j.pool: [#E3F0]  _: <POOL> picked existing connection bolt-27
2025-11-04 03:13:03,831 DEBUG neo4j.pool: [#E3F0]  _: <POOL> checked re_auth auth=None updated=False force=False
2025-11-04 03:13:03,831 DEBUG neo4j.pool: [#E3F0]  _: <POOL> handing out existing connection
2025-11-04 03:13:03,831 DEBUG neo4j.io: [#E3F0]  C: BEGIN {'db': 'helpfile', 'bookmarks': ['FB:kcwQ8rwaENxyTdu2M21TLrZqzskGvZA=']}
2025-11-04 03:13:03,831 DEBUG neo4j.io: [#E3F0]  _: <CONNECTION> client state: READY > TX_READY_OR_TX_STREAMING
2025-11-04 03:13:03,831 DEBUG neo4j.io: [#E3F0]  C: RUN '\nCALL apoc.meta.data()\nYIELD label, other, elementType, type, property\nWHERE type = "RELATIONSHIP" AND elementType = "node"\nUNWIND other AS other_node\nWITH * WHERE NOT label IN $EXCLUDED_LABELS\n    AND NOT other_node IN $EXCLUDED_LABELS\nRETURN {start: label, type: property, end: toString(other_node)} AS output\n' {'EXCLUDED_LABELS': ['_Bloom_Perspective_', '_Bloom_Scene_', '__Entity__', '__Node__']} {}
2025-11-04 03:13:03,831 DEBUG neo4j.io: [#E3F0]  C: PULL {'n': 1000}
2025-11-04 03:13:03,833 DEBUG neo4j.io: [#E3F0]  S: SUCCESS {}
2025-11-04 03:13:03,833 DEBUG neo4j.io: [#E3F0]  _: <CONNECTION> server state: READY > TX_READY_OR_TX_STREAMING
2025-11-04 03:13:03,877 DEBUG neo4j.io: [#E3F0]  S: SUCCESS {'t_first': 43, 'fields': ['output'], 'qid': 0}
2025-11-04 03:13:04,020 DEBUG neo4j.io: [#E3F0]  S: RECORD * 1
2025-11-04 03:13:04,021 DEBUG neo4j.io: [#E3F0]  S: RECORD * 1
2025-11-04 03:13:04,021 DEBUG neo4j.io: [#E3F0]  S: RECORD * 1
2025-11-04 03:13:04,021 DEBUG neo4j.io: [#E3F0]  S: RECORD * 1
2025-11-04 03:13:04,021 DEBUG neo4j.io: [#E3F0]  S: RECORD * 1
2025-11-04 03:13:04,021 DEBUG neo4j.io: [#E3F0]  S: RECORD * 1
2025-11-04 03:13:04,021 DEBUG neo4j.io: [#E3F0]  S: RECORD * 1
2025-11-04 03:13:04,021 DEBUG neo4j.io: [#E3F0]  S: RECORD * 1
2025-11-04 03:13:04,021 DEBUG neo4j.io: [#E3F0]  S: RECORD * 1
2025-11-04 03:13:04,021 DEBUG neo4j.io: [#E3F0]  S: RECORD * 1
2025-11-04 03:13:04,021 DEBUG neo4j.io: [#E3F0]  S: RECORD * 1
2025-11-04 03:13:04,022 DEBUG neo4j.io: [#E3F0]  S: RECORD * 1
2025-11-04 03:13:04,022 DEBUG neo4j.io: [#E3F0]  S: RECORD * 1
2025-11-04 03:13:04,022 DEBUG neo4j.io: [#E3F0]  S: RECORD * 1
2025-11-04 03:13:04,022 DEBUG neo4j.io: [#E3F0]  S: RECORD * 1
2025-11-04 03:13:04,022 DEBUG neo4j.io: [#E3F0]  S: RECORD * 1
2025-11-04 03:13:04,022 DEBUG neo4j.io: [#E3F0]  S: RECORD * 1
2025-11-04 03:13:04,022 DEBUG neo4j.io: [#E3F0]  S: RECORD * 1
2025-11-04 03:13:04,022 DEBUG neo4j.io: [#E3F0]  S: RECORD * 1
2025-11-04 03:13:04,022 DEBUG neo4j.io: [#E3F0]  S: RECORD * 1
2025-11-04 03:13:04,022 DEBUG neo4j.io: [#E3F0]  S: RECORD * 1
2025-11-04 03:13:04,022 DEBUG neo4j.io: [#E3F0]  S: RECORD * 1
2025-11-04 03:13:04,022 DEBUG neo4j.io: [#E3F0]  S: RECORD * 1
2025-11-04 03:13:04,022 DEBUG neo4j.io: [#E3F0]  S: RECORD * 1
2025-11-04 03:13:04,022 DEBUG neo4j.io: [#E3F0]  S: RECORD * 1
2025-11-04 03:13:04,022 DEBUG neo4j.io: [#E3F0]  S: RECORD * 1
2025-11-04 03:13:04,022 DEBUG neo4j.io: [#E3F0]  S: RECORD * 1
2025-11-04 03:13:04,022 DEBUG neo4j.io: [#E3F0]  S: RECORD * 1
2025-11-04 03:13:04,022 DEBUG neo4j.io: [#E3F0]  S: RECORD * 1
2025-11-04 03:13:04,023 DEBUG neo4j.io: [#E3F0]  S: RECORD * 1
2025-11-04 03:13:04,023 DEBUG neo4j.io: [#E3F0]  S: RECORD * 1
2025-11-04 03:13:04,023 DEBUG neo4j.io: [#E3F0]  S: RECORD * 1
2025-11-04 03:13:04,023 DEBUG neo4j.io: [#E3F0]  S: RECORD * 1
2025-11-04 03:13:04,023 DEBUG neo4j.io: [#E3F0]  S: RECORD * 1
2025-11-04 03:13:04,023 DEBUG neo4j.io: [#E3F0]  S: RECORD * 1
2025-11-04 03:13:04,023 DEBUG neo4j.io: [#E3F0]  S: RECORD * 1
2025-11-04 03:13:04,023 DEBUG neo4j.io: [#E3F0]  S: RECORD * 1
2025-11-04 03:13:04,023 DEBUG neo4j.io: [#E3F0]  S: RECORD * 1
2025-11-04 03:13:04,023 DEBUG neo4j.io: [#E3F0]  S: RECORD * 1
2025-11-04 03:13:04,023 DEBUG neo4j.io: [#E3F0]  S: RECORD * 1
2025-11-04 03:13:04,023 DEBUG neo4j.io: [#E3F0]  S: RECORD * 1
2025-11-04 03:13:04,023 DEBUG neo4j.io: [#E3F0]  S: RECORD * 1
2025-11-04 03:13:04,023 DEBUG neo4j.io: [#E3F0]  S: RECORD * 1
2025-11-04 03:13:04,023 DEBUG neo4j.io: [#E3F0]  S: RECORD * 1
2025-11-04 03:13:04,023 DEBUG neo4j.io: [#E3F0]  S: RECORD * 1
2025-11-04 03:13:04,023 DEBUG neo4j.io: [#E3F0]  S: RECORD * 1
2025-11-04 03:13:04,023 DEBUG neo4j.io: [#E3F0]  S: RECORD * 1
2025-11-04 03:13:04,023 DEBUG neo4j.io: [#E3F0]  S: RECORD * 1
2025-11-04 03:13:04,023 DEBUG neo4j.io: [#E3F0]  S: RECORD * 1
2025-11-04 03:13:04,024 DEBUG neo4j.io: [#E3F0]  S: RECORD * 1
2025-11-04 03:13:04,024 DEBUG neo4j.io: [#E3F0]  S: RECORD * 1
2025-11-04 03:13:04,024 DEBUG neo4j.io: [#E3F0]  S: RECORD * 1
2025-11-04 03:13:04,024 DEBUG neo4j.io: [#E3F0]  S: RECORD * 1
2025-11-04 03:13:04,024 DEBUG neo4j.io: [#E3F0]  S: RECORD * 1
2025-11-04 03:13:04,024 DEBUG neo4j.io: [#E3F0]  S: RECORD * 1
2025-11-04 03:13:04,024 DEBUG neo4j.io: [#E3F0]  S: RECORD * 1
2025-11-04 03:13:04,024 DEBUG neo4j.io: [#E3F0]  S: RECORD * 1
2025-11-04 03:13:04,024 DEBUG neo4j.io: [#E3F0]  S: RECORD * 1
2025-11-04 03:13:04,024 DEBUG neo4j.io: [#E3F0]  S: RECORD * 1
2025-11-04 03:13:04,024 DEBUG neo4j.io: [#E3F0]  S: RECORD * 1
2025-11-04 03:13:04,024 DEBUG neo4j.io: [#E3F0]  S: RECORD * 1
2025-11-04 03:13:04,024 DEBUG neo4j.io: [#E3F0]  S: RECORD * 1
2025-11-04 03:13:04,024 DEBUG neo4j.io: [#E3F0]  S: RECORD * 1
2025-11-04 03:13:04,024 DEBUG neo4j.io: [#E3F0]  S: RECORD * 1
2025-11-04 03:13:04,024 DEBUG neo4j.io: [#E3F0]  S: RECORD * 1
2025-11-04 03:13:04,024 DEBUG neo4j.io: [#E3F0]  S: RECORD * 1
2025-11-04 03:13:04,025 DEBUG neo4j.io: [#E3F0]  S: RECORD * 1
2025-11-04 03:13:04,025 DEBUG neo4j.io: [#E3F0]  S: RECORD * 1
2025-11-04 03:13:04,025 DEBUG neo4j.io: [#E3F0]  S: RECORD * 1
2025-11-04 03:13:04,025 DEBUG neo4j.io: [#E3F0]  S: RECORD * 1
2025-11-04 03:13:04,025 DEBUG neo4j.io: [#E3F0]  S: RECORD * 1
2025-11-04 03:13:04,025 DEBUG neo4j.io: [#E3F0]  S: RECORD * 1
2025-11-04 03:13:04,025 DEBUG neo4j.io: [#E3F0]  S: RECORD * 1
2025-11-04 03:13:04,025 DEBUG neo4j.io: [#E3F0]  S: RECORD * 1
2025-11-04 03:13:04,025 DEBUG neo4j.io: [#E3F0]  S: RECORD * 1
2025-11-04 03:13:04,025 DEBUG neo4j.io: [#E3F0]  S: RECORD * 1
2025-11-04 03:13:04,025 DEBUG neo4j.io: [#E3F0]  S: RECORD * 1
2025-11-04 03:13:04,025 DEBUG neo4j.io: [#E3F0]  S: RECORD * 1
2025-11-04 03:13:04,025 DEBUG neo4j.io: [#E3F0]  S: RECORD * 1
2025-11-04 03:13:04,025 DEBUG neo4j.io: [#E3F0]  S: RECORD * 1
2025-11-04 03:13:04,025 DEBUG neo4j.io: [#E3F0]  S: RECORD * 1
2025-11-04 03:13:04,025 DEBUG neo4j.io: [#E3F0]  S: RECORD * 1
2025-11-04 03:13:04,025 DEBUG neo4j.io: [#E3F0]  S: RECORD * 1
2025-11-04 03:13:04,025 DEBUG neo4j.io: [#E3F0]  S: RECORD * 1
2025-11-04 03:13:04,026 DEBUG neo4j.io: [#E3F0]  S: RECORD * 1
2025-11-04 03:13:04,026 DEBUG neo4j.io: [#E3F0]  S: RECORD * 1
2025-11-04 03:13:04,026 DEBUG neo4j.io: [#E3F0]  S: RECORD * 1
2025-11-04 03:13:04,026 DEBUG neo4j.io: [#E3F0]  S: RECORD * 1
2025-11-04 03:13:04,026 DEBUG neo4j.io: [#E3F0]  S: RECORD * 1
2025-11-04 03:13:04,026 DEBUG neo4j.io: [#E3F0]  S: RECORD * 1
2025-11-04 03:13:04,026 DEBUG neo4j.io: [#E3F0]  S: RECORD * 1
2025-11-04 03:13:04,026 DEBUG neo4j.io: [#E3F0]  S: RECORD * 1
2025-11-04 03:13:04,026 DEBUG neo4j.io: [#E3F0]  S: RECORD * 1
2025-11-04 03:13:04,026 DEBUG neo4j.io: [#E3F0]  S: RECORD * 1
2025-11-04 03:13:04,026 DEBUG neo4j.io: [#E3F0]  S: RECORD * 1
2025-11-04 03:13:04,026 DEBUG neo4j.io: [#E3F0]  S: RECORD * 1
2025-11-04 03:13:04,026 DEBUG neo4j.io: [#E3F0]  S: RECORD * 1
2025-11-04 03:13:04,026 DEBUG neo4j.io: [#E3F0]  S: RECORD * 1
2025-11-04 03:13:04,026 DEBUG neo4j.io: [#E3F0]  S: RECORD * 1
2025-11-04 03:13:04,026 DEBUG neo4j.io: [#E3F0]  S: RECORD * 1
2025-11-04 03:13:04,026 DEBUG neo4j.io: [#E3F0]  S: RECORD * 1
2025-11-04 03:13:04,026 DEBUG neo4j.io: [#E3F0]  S: RECORD * 1
2025-11-04 03:13:04,026 DEBUG neo4j.io: [#E3F0]  S: RECORD * 1
2025-11-04 03:13:04,026 DEBUG neo4j.io: [#E3F0]  S: RECORD * 1
2025-11-04 03:13:04,026 DEBUG neo4j.io: [#E3F0]  S: RECORD * 1
2025-11-04 03:13:04,026 DEBUG neo4j.io: [#E3F0]  S: RECORD * 1
2025-11-04 03:13:04,027 DEBUG neo4j.io: [#E3F0]  S: RECORD * 1
2025-11-04 03:13:04,027 DEBUG neo4j.io: [#E3F0]  S: RECORD * 1
2025-11-04 03:13:04,027 DEBUG neo4j.io: [#E3F0]  S: RECORD * 1
2025-11-04 03:13:04,027 DEBUG neo4j.io: [#E3F0]  S: RECORD * 1
2025-11-04 03:13:04,027 DEBUG neo4j.io: [#E3F0]  S: RECORD * 1
2025-11-04 03:13:04,027 DEBUG neo4j.io: [#E3F0]  S: RECORD * 1
2025-11-04 03:13:04,027 DEBUG neo4j.io: [#E3F0]  S: RECORD * 1
2025-11-04 03:13:04,027 DEBUG neo4j.io: [#E3F0]  S: RECORD * 1
2025-11-04 03:13:04,027 DEBUG neo4j.io: [#E3F0]  S: RECORD * 1
2025-11-04 03:13:04,027 DEBUG neo4j.io: [#E3F0]  S: RECORD * 1
2025-11-04 03:13:04,027 DEBUG neo4j.io: [#E3F0]  S: RECORD * 1
2025-11-04 03:13:04,027 DEBUG neo4j.io: [#E3F0]  S: RECORD * 1
2025-11-04 03:13:04,027 DEBUG neo4j.io: [#E3F0]  S: RECORD * 1
2025-11-04 03:13:04,027 DEBUG neo4j.io: [#E3F0]  S: RECORD * 1
2025-11-04 03:13:04,027 DEBUG neo4j.io: [#E3F0]  S: RECORD * 1
2025-11-04 03:13:04,027 DEBUG neo4j.io: [#E3F0]  S: RECORD * 1
2025-11-04 03:13:04,027 DEBUG neo4j.io: [#E3F0]  S: RECORD * 1
2025-11-04 03:13:04,027 DEBUG neo4j.io: [#E3F0]  S: RECORD * 1
2025-11-04 03:13:04,027 DEBUG neo4j.io: [#E3F0]  S: RECORD * 1
2025-11-04 03:13:04,028 DEBUG neo4j.io: [#E3F0]  S: RECORD * 1
2025-11-04 03:13:04,028 DEBUG neo4j.io: [#E3F0]  S: RECORD * 1
2025-11-04 03:13:04,028 DEBUG neo4j.io: [#E3F0]  S: RECORD * 1
2025-11-04 03:13:04,028 DEBUG neo4j.io: [#E3F0]  S: RECORD * 1
2025-11-04 03:13:04,028 DEBUG neo4j.io: [#E3F0]  S: RECORD * 1
2025-11-04 03:13:04,028 DEBUG neo4j.io: [#E3F0]  S: RECORD * 1
2025-11-04 03:13:04,028 DEBUG neo4j.io: [#E3F0]  S: RECORD * 1
2025-11-04 03:13:04,028 DEBUG neo4j.io: [#E3F0]  S: RECORD * 1
2025-11-04 03:13:04,028 DEBUG neo4j.io: [#E3F0]  S: RECORD * 1
2025-11-04 03:13:04,028 DEBUG neo4j.io: [#E3F0]  S: RECORD * 1
2025-11-04 03:13:04,028 DEBUG neo4j.io: [#E3F0]  S: RECORD * 1
2025-11-04 03:13:04,028 DEBUG neo4j.io: [#E3F0]  S: RECORD * 1
2025-11-04 03:13:04,028 DEBUG neo4j.io: [#E3F0]  S: RECORD * 1
2025-11-04 03:13:04,028 DEBUG neo4j.io: [#E3F0]  S: RECORD * 1
2025-11-04 03:13:04,028 DEBUG neo4j.io: [#E3F0]  S: RECORD * 1
2025-11-04 03:13:04,028 DEBUG neo4j.io: [#E3F0]  S: RECORD * 1
2025-11-04 03:13:04,028 DEBUG neo4j.io: [#E3F0]  S: RECORD * 1
2025-11-04 03:13:04,028 DEBUG neo4j.io: [#E3F0]  S: RECORD * 1
2025-11-04 03:13:04,028 DEBUG neo4j.io: [#E3F0]  S: RECORD * 1
2025-11-04 03:13:04,028 DEBUG neo4j.io: [#E3F0]  S: RECORD * 1
2025-11-04 03:13:04,028 DEBUG neo4j.io: [#E3F0]  S: RECORD * 1
2025-11-04 03:13:04,029 DEBUG neo4j.io: [#E3F0]  S: RECORD * 1
2025-11-04 03:13:04,029 DEBUG neo4j.io: [#E3F0]  S: RECORD * 1
2025-11-04 03:13:04,029 DEBUG neo4j.io: [#E3F0]  S: RECORD * 1
2025-11-04 03:13:04,029 DEBUG neo4j.io: [#E3F0]  S: RECORD * 1
2025-11-04 03:13:04,029 DEBUG neo4j.io: [#E3F0]  S: RECORD * 1
2025-11-04 03:13:04,029 DEBUG neo4j.io: [#E3F0]  S: RECORD * 1
2025-11-04 03:13:04,029 DEBUG neo4j.io: [#E3F0]  S: RECORD * 1
2025-11-04 03:13:04,029 DEBUG neo4j.io: [#E3F0]  S: RECORD * 1
2025-11-04 03:13:04,029 DEBUG neo4j.io: [#E3F0]  S: RECORD * 1
2025-11-04 03:13:04,029 DEBUG neo4j.io: [#E3F0]  S: RECORD * 1
2025-11-04 03:13:04,029 DEBUG neo4j.io: [#E3F0]  S: RECORD * 1
2025-11-04 03:13:04,029 DEBUG neo4j.io: [#E3F0]  S: RECORD * 1
2025-11-04 03:13:04,029 DEBUG neo4j.io: [#E3F0]  S: RECORD * 1
2025-11-04 03:13:04,029 DEBUG neo4j.io: [#E3F0]  S: RECORD * 1
2025-11-04 03:13:04,029 DEBUG neo4j.io: [#E3F0]  S: RECORD * 1
2025-11-04 03:13:04,029 DEBUG neo4j.io: [#E3F0]  S: RECORD * 1
2025-11-04 03:13:04,029 DEBUG neo4j.io: [#E3F0]  S: RECORD * 1
2025-11-04 03:13:04,029 DEBUG neo4j.io: [#E3F0]  S: RECORD * 1
2025-11-04 03:13:04,029 DEBUG neo4j.io: [#E3F0]  S: RECORD * 1
2025-11-04 03:13:04,029 DEBUG neo4j.io: [#E3F0]  S: RECORD * 1
2025-11-04 03:13:04,030 DEBUG neo4j.io: [#E3F0]  S: RECORD * 1
2025-11-04 03:13:04,030 DEBUG neo4j.io: [#E3F0]  S: RECORD * 1
2025-11-04 03:13:04,030 DEBUG neo4j.io: [#E3F0]  S: RECORD * 1
2025-11-04 03:13:04,030 DEBUG neo4j.io: [#E3F0]  S: RECORD * 1
2025-11-04 03:13:04,030 DEBUG neo4j.io: [#E3F0]  S: RECORD * 1
2025-11-04 03:13:04,030 DEBUG neo4j.io: [#E3F0]  S: RECORD * 1
2025-11-04 03:13:04,030 DEBUG neo4j.io: [#E3F0]  S: RECORD * 1
2025-11-04 03:13:04,030 DEBUG neo4j.io: [#E3F0]  S: RECORD * 1
2025-11-04 03:13:04,030 DEBUG neo4j.io: [#E3F0]  S: RECORD * 1
2025-11-04 03:13:04,030 DEBUG neo4j.io: [#E3F0]  S: RECORD * 1
2025-11-04 03:13:04,030 DEBUG neo4j.io: [#E3F0]  S: RECORD * 1
2025-11-04 03:13:04,030 DEBUG neo4j.io: [#E3F0]  S: RECORD * 1
2025-11-04 03:13:04,030 DEBUG neo4j.io: [#E3F0]  S: RECORD * 1
2025-11-04 03:13:04,030 DEBUG neo4j.io: [#E3F0]  S: RECORD * 1
2025-11-04 03:13:04,030 DEBUG neo4j.io: [#E3F0]  S: RECORD * 1
2025-11-04 03:13:04,030 DEBUG neo4j.io: [#E3F0]  S: RECORD * 1
2025-11-04 03:13:04,030 DEBUG neo4j.io: [#E3F0]  S: RECORD * 1
2025-11-04 03:13:04,030 DEBUG neo4j.io: [#E3F0]  S: RECORD * 1
2025-11-04 03:13:04,030 DEBUG neo4j.io: [#E3F0]  S: RECORD * 1
2025-11-04 03:13:04,030 DEBUG neo4j.io: [#E3F0]  S: RECORD * 1
2025-11-04 03:13:04,031 DEBUG neo4j.io: [#E3F0]  S: RECORD * 1
2025-11-04 03:13:04,031 DEBUG neo4j.io: [#E3F0]  S: RECORD * 1
2025-11-04 03:13:04,031 DEBUG neo4j.io: [#E3F0]  S: RECORD * 1
2025-11-04 03:13:04,031 DEBUG neo4j.io: [#E3F0]  S: RECORD * 1
2025-11-04 03:13:04,031 DEBUG neo4j.io: [#E3F0]  S: RECORD * 1
2025-11-04 03:13:04,031 DEBUG neo4j.io: [#E3F0]  S: RECORD * 1
2025-11-04 03:13:04,031 DEBUG neo4j.io: [#E3F0]  S: RECORD * 1
2025-11-04 03:13:04,031 DEBUG neo4j.io: [#E3F0]  S: RECORD * 1
2025-11-04 03:13:04,031 DEBUG neo4j.io: [#E3F0]  S: RECORD * 1
2025-11-04 03:13:04,031 DEBUG neo4j.io: [#E3F0]  S: RECORD * 1
2025-11-04 03:13:04,031 DEBUG neo4j.io: [#E3F0]  S: RECORD * 1
2025-11-04 03:13:04,031 DEBUG neo4j.io: [#E3F0]  S: RECORD * 1
2025-11-04 03:13:04,031 DEBUG neo4j.io: [#E3F0]  S: RECORD * 1
2025-11-04 03:13:04,031 DEBUG neo4j.io: [#E3F0]  S: RECORD * 1
2025-11-04 03:13:04,032 DEBUG neo4j.io: [#E3F0]  S: RECORD * 1
2025-11-04 03:13:04,032 DEBUG neo4j.io: [#E3F0]  S: RECORD * 1
2025-11-04 03:13:04,032 DEBUG neo4j.io: [#E3F0]  S: RECORD * 1
2025-11-04 03:13:04,032 DEBUG neo4j.io: [#E3F0]  S: RECORD * 1
2025-11-04 03:13:04,032 DEBUG neo4j.io: [#E3F0]  S: RECORD * 1
2025-11-04 03:13:04,032 DEBUG neo4j.io: [#E3F0]  S: RECORD * 1
2025-11-04 03:13:04,032 DEBUG neo4j.io: [#E3F0]  S: RECORD * 1
2025-11-04 03:13:04,032 DEBUG neo4j.io: [#E3F0]  S: RECORD * 1
2025-11-04 03:13:04,032 DEBUG neo4j.io: [#E3F0]  S: RECORD * 1
2025-11-04 03:13:04,032 DEBUG neo4j.io: [#E3F0]  S: RECORD * 1
2025-11-04 03:13:04,032 DEBUG neo4j.io: [#E3F0]  S: RECORD * 1
2025-11-04 03:13:04,032 DEBUG neo4j.io: [#E3F0]  S: RECORD * 1
2025-11-04 03:13:04,032 DEBUG neo4j.io: [#E3F0]  S: RECORD * 1
2025-11-04 03:13:04,032 DEBUG neo4j.io: [#E3F0]  S: RECORD * 1
2025-11-04 03:13:04,032 DEBUG neo4j.io: [#E3F0]  S: RECORD * 1
2025-11-04 03:13:04,032 DEBUG neo4j.io: [#E3F0]  S: RECORD * 1
2025-11-04 03:13:04,032 DEBUG neo4j.io: [#E3F0]  S: RECORD * 1
2025-11-04 03:13:04,032 DEBUG neo4j.io: [#E3F0]  S: RECORD * 1
2025-11-04 03:13:04,032 DEBUG neo4j.io: [#E3F0]  S: RECORD * 1
2025-11-04 03:13:04,032 DEBUG neo4j.io: [#E3F0]  S: RECORD * 1
2025-11-04 03:13:04,032 DEBUG neo4j.io: [#E3F0]  S: RECORD * 1
2025-11-04 03:13:04,033 DEBUG neo4j.io: [#E3F0]  S: RECORD * 1
2025-11-04 03:13:04,033 DEBUG neo4j.io: [#E3F0]  S: RECORD * 1
2025-11-04 03:13:04,033 DEBUG neo4j.io: [#E3F0]  S: RECORD * 1
2025-11-04 03:13:04,033 DEBUG neo4j.io: [#E3F0]  S: RECORD * 1
2025-11-04 03:13:04,033 DEBUG neo4j.io: [#E3F0]  S: RECORD * 1
2025-11-04 03:13:04,033 DEBUG neo4j.io: [#E3F0]  S: RECORD * 1
2025-11-04 03:13:04,033 DEBUG neo4j.io: [#E3F0]  S: RECORD * 1
2025-11-04 03:13:04,033 DEBUG neo4j.io: [#E3F0]  S: RECORD * 1
2025-11-04 03:13:04,033 DEBUG neo4j.io: [#E3F0]  S: RECORD * 1
2025-11-04 03:13:04,033 DEBUG neo4j.io: [#E3F0]  S: RECORD * 1
2025-11-04 03:13:04,033 DEBUG neo4j.io: [#E3F0]  S: RECORD * 1
2025-11-04 03:13:04,033 DEBUG neo4j.io: [#E3F0]  S: RECORD * 1
2025-11-04 03:13:04,033 DEBUG neo4j.io: [#E3F0]  S: RECORD * 1
2025-11-04 03:13:04,033 DEBUG neo4j.io: [#E3F0]  S: RECORD * 1
2025-11-04 03:13:04,033 DEBUG neo4j.io: [#E3F0]  S: RECORD * 1
2025-11-04 03:13:04,033 DEBUG neo4j.io: [#E3F0]  S: RECORD * 1
2025-11-04 03:13:04,033 DEBUG neo4j.io: [#E3F0]  S: RECORD * 1
2025-11-04 03:13:04,033 DEBUG neo4j.io: [#E3F0]  S: RECORD * 1
2025-11-04 03:13:04,033 DEBUG neo4j.io: [#E3F0]  S: RECORD * 1
2025-11-04 03:13:04,033 DEBUG neo4j.io: [#E3F0]  S: RECORD * 1
2025-11-04 03:13:04,034 DEBUG neo4j.io: [#E3F0]  S: RECORD * 1
2025-11-04 03:13:04,034 DEBUG neo4j.io: [#E3F0]  S: RECORD * 1
2025-11-04 03:13:04,034 DEBUG neo4j.io: [#E3F0]  S: RECORD * 1
2025-11-04 03:13:04,034 DEBUG neo4j.io: [#E3F0]  S: RECORD * 1
2025-11-04 03:13:04,034 DEBUG neo4j.io: [#E3F0]  S: RECORD * 1
2025-11-04 03:13:04,034 DEBUG neo4j.io: [#E3F0]  S: RECORD * 1
2025-11-04 03:13:04,034 DEBUG neo4j.io: [#E3F0]  S: RECORD * 1
2025-11-04 03:13:04,034 DEBUG neo4j.io: [#E3F0]  S: RECORD * 1
2025-11-04 03:13:04,034 DEBUG neo4j.io: [#E3F0]  S: RECORD * 1
2025-11-04 03:13:04,034 DEBUG neo4j.io: [#E3F0]  S: RECORD * 1
2025-11-04 03:13:04,034 DEBUG neo4j.io: [#E3F0]  S: RECORD * 1
2025-11-04 03:13:04,034 DEBUG neo4j.io: [#E3F0]  S: RECORD * 1
2025-11-04 03:13:04,034 DEBUG neo4j.io: [#E3F0]  S: RECORD * 1
2025-11-04 03:13:04,034 DEBUG neo4j.io: [#E3F0]  S: RECORD * 1
2025-11-04 03:13:04,034 DEBUG neo4j.io: [#E3F0]  S: RECORD * 1
2025-11-04 03:13:04,034 DEBUG neo4j.io: [#E3F0]  S: RECORD * 1
2025-11-04 03:13:04,034 DEBUG neo4j.io: [#E3F0]  S: RECORD * 1
2025-11-04 03:13:04,034 DEBUG neo4j.io: [#E3F0]  S: RECORD * 1
2025-11-04 03:13:04,034 DEBUG neo4j.io: [#E3F0]  S: RECORD * 1
2025-11-04 03:13:04,034 DEBUG neo4j.io: [#E3F0]  S: RECORD * 1
2025-11-04 03:13:04,035 DEBUG neo4j.io: [#E3F0]  S: RECORD * 1
2025-11-04 03:13:04,035 DEBUG neo4j.io: [#E3F0]  S: RECORD * 1
2025-11-04 03:13:04,035 DEBUG neo4j.io: [#E3F0]  S: RECORD * 1
2025-11-04 03:13:04,035 DEBUG neo4j.io: [#E3F0]  S: RECORD * 1
2025-11-04 03:13:04,035 DEBUG neo4j.io: [#E3F0]  S: RECORD * 1
2025-11-04 03:13:04,035 DEBUG neo4j.io: [#E3F0]  S: RECORD * 1
2025-11-04 03:13:04,035 DEBUG neo4j.io: [#E3F0]  S: RECORD * 1
2025-11-04 03:13:04,035 DEBUG neo4j.io: [#E3F0]  S: RECORD * 1
2025-11-04 03:13:04,035 DEBUG neo4j.io: [#E3F0]  S: RECORD * 1
2025-11-04 03:13:04,035 DEBUG neo4j.io: [#E3F0]  S: RECORD * 1
2025-11-04 03:13:04,035 DEBUG neo4j.io: [#E3F0]  S: RECORD * 1
2025-11-04 03:13:04,035 DEBUG neo4j.io: [#E3F0]  S: RECORD * 1
2025-11-04 03:13:04,035 DEBUG neo4j.io: [#E3F0]  S: RECORD * 1
2025-11-04 03:13:04,035 DEBUG neo4j.io: [#E3F0]  S: RECORD * 1
2025-11-04 03:13:04,035 DEBUG neo4j.io: [#E3F0]  S: RECORD * 1
2025-11-04 03:13:04,035 DEBUG neo4j.io: [#E3F0]  S: RECORD * 1
2025-11-04 03:13:04,035 DEBUG neo4j.io: [#E3F0]  S: RECORD * 1
2025-11-04 03:13:04,035 DEBUG neo4j.io: [#E3F0]  S: RECORD * 1
2025-11-04 03:13:04,035 DEBUG neo4j.io: [#E3F0]  S: RECORD * 1
2025-11-04 03:13:04,035 DEBUG neo4j.io: [#E3F0]  S: RECORD * 1
2025-11-04 03:13:04,036 DEBUG neo4j.io: [#E3F0]  S: RECORD * 1
2025-11-04 03:13:04,036 DEBUG neo4j.io: [#E3F0]  S: RECORD * 1
2025-11-04 03:13:04,036 DEBUG neo4j.io: [#E3F0]  S: RECORD * 1
2025-11-04 03:13:04,036 DEBUG neo4j.io: [#E3F0]  S: RECORD * 1
2025-11-04 03:13:04,036 DEBUG neo4j.io: [#E3F0]  S: RECORD * 1
2025-11-04 03:13:04,036 DEBUG neo4j.io: [#E3F0]  S: RECORD * 1
2025-11-04 03:13:04,036 DEBUG neo4j.io: [#E3F0]  S: RECORD * 1
2025-11-04 03:13:04,036 DEBUG neo4j.io: [#E3F0]  S: RECORD * 1
2025-11-04 03:13:04,036 DEBUG neo4j.io: [#E3F0]  S: RECORD * 1
2025-11-04 03:13:04,036 DEBUG neo4j.io: [#E3F0]  S: RECORD * 1
2025-11-04 03:13:04,036 DEBUG neo4j.io: [#E3F0]  S: RECORD * 1
2025-11-04 03:13:04,036 DEBUG neo4j.io: [#E3F0]  S: RECORD * 1
2025-11-04 03:13:04,036 DEBUG neo4j.io: [#E3F0]  S: RECORD * 1
2025-11-04 03:13:04,036 DEBUG neo4j.io: [#E3F0]  S: RECORD * 1
2025-11-04 03:13:04,036 DEBUG neo4j.io: [#E3F0]  S: RECORD * 1
2025-11-04 03:13:04,036 DEBUG neo4j.io: [#E3F0]  S: RECORD * 1
2025-11-04 03:13:04,037 DEBUG neo4j.io: [#E3F0]  S: RECORD * 1
2025-11-04 03:13:04,037 DEBUG neo4j.io: [#E3F0]  S: RECORD * 1
2025-11-04 03:13:04,037 DEBUG neo4j.io: [#E3F0]  S: RECORD * 1
2025-11-04 03:13:04,037 DEBUG neo4j.io: [#E3F0]  S: RECORD * 1
2025-11-04 03:13:04,037 DEBUG neo4j.io: [#E3F0]  S: RECORD * 1
2025-11-04 03:13:04,037 DEBUG neo4j.io: [#E3F0]  S: RECORD * 1
2025-11-04 03:13:04,037 DEBUG neo4j.io: [#E3F0]  S: RECORD * 1
2025-11-04 03:13:04,037 DEBUG neo4j.io: [#E3F0]  S: RECORD * 1
2025-11-04 03:13:04,037 DEBUG neo4j.io: [#E3F0]  S: RECORD * 1
2025-11-04 03:13:04,037 DEBUG neo4j.io: [#E3F0]  S: RECORD * 1
2025-11-04 03:13:04,037 DEBUG neo4j.io: [#E3F0]  S: RECORD * 1
2025-11-04 03:13:04,037 DEBUG neo4j.io: [#E3F0]  S: RECORD * 1
2025-11-04 03:13:04,037 DEBUG neo4j.io: [#E3F0]  S: RECORD * 1
2025-11-04 03:13:04,038 DEBUG neo4j.io: [#E3F0]  S: RECORD * 1
2025-11-04 03:13:04,038 DEBUG neo4j.io: [#E3F0]  S: RECORD * 1
2025-11-04 03:13:04,038 DEBUG neo4j.io: [#E3F0]  S: RECORD * 1
2025-11-04 03:13:04,038 DEBUG neo4j.io: [#E3F0]  S: RECORD * 1
2025-11-04 03:13:04,038 DEBUG neo4j.io: [#E3F0]  S: RECORD * 1
2025-11-04 03:13:04,038 DEBUG neo4j.io: [#E3F0]  S: RECORD * 1
2025-11-04 03:13:04,038 DEBUG neo4j.io: [#E3F0]  S: RECORD * 1
2025-11-04 03:13:04,038 DEBUG neo4j.io: [#E3F0]  S: RECORD * 1
2025-11-04 03:13:04,038 DEBUG neo4j.io: [#E3F0]  S: RECORD * 1
2025-11-04 03:13:04,038 DEBUG neo4j.io: [#E3F0]  S: RECORD * 1
2025-11-04 03:13:04,038 DEBUG neo4j.io: [#E3F0]  S: RECORD * 1
2025-11-04 03:13:04,038 DEBUG neo4j.io: [#E3F0]  S: RECORD * 1
2025-11-04 03:13:04,038 DEBUG neo4j.io: [#E3F0]  S: RECORD * 1
2025-11-04 03:13:04,038 DEBUG neo4j.io: [#E3F0]  S: RECORD * 1
2025-11-04 03:13:04,038 DEBUG neo4j.io: [#E3F0]  S: RECORD * 1
2025-11-04 03:13:04,038 DEBUG neo4j.io: [#E3F0]  S: RECORD * 1
2025-11-04 03:13:04,038 DEBUG neo4j.io: [#E3F0]  S: RECORD * 1
2025-11-04 03:13:04,039 DEBUG neo4j.io: [#E3F0]  S: RECORD * 1
2025-11-04 03:13:04,039 DEBUG neo4j.io: [#E3F0]  S: RECORD * 1
2025-11-04 03:13:04,039 DEBUG neo4j.io: [#E3F0]  S: RECORD * 1
2025-11-04 03:13:04,039 DEBUG neo4j.io: [#E3F0]  S: RECORD * 1
2025-11-04 03:13:04,039 DEBUG neo4j.io: [#E3F0]  S: RECORD * 1
2025-11-04 03:13:04,039 DEBUG neo4j.io: [#E3F0]  S: RECORD * 1
2025-11-04 03:13:04,039 DEBUG neo4j.io: [#E3F0]  S: RECORD * 1
2025-11-04 03:13:04,039 DEBUG neo4j.io: [#E3F0]  S: RECORD * 1
2025-11-04 03:13:04,039 DEBUG neo4j.io: [#E3F0]  S: RECORD * 1
2025-11-04 03:13:04,039 DEBUG neo4j.io: [#E3F0]  S: RECORD * 1
2025-11-04 03:13:04,039 DEBUG neo4j.io: [#E3F0]  S: RECORD * 1
2025-11-04 03:13:04,039 DEBUG neo4j.io: [#E3F0]  S: RECORD * 1
2025-11-04 03:13:04,039 DEBUG neo4j.io: [#E3F0]  S: RECORD * 1
2025-11-04 03:13:04,039 DEBUG neo4j.io: [#E3F0]  S: RECORD * 1
2025-11-04 03:13:04,039 DEBUG neo4j.io: [#E3F0]  S: RECORD * 1
2025-11-04 03:13:04,039 DEBUG neo4j.io: [#E3F0]  S: RECORD * 1
2025-11-04 03:13:04,039 DEBUG neo4j.io: [#E3F0]  S: RECORD * 1
2025-11-04 03:13:04,039 DEBUG neo4j.io: [#E3F0]  S: RECORD * 1
2025-11-04 03:13:04,039 DEBUG neo4j.io: [#E3F0]  S: RECORD * 1
2025-11-04 03:13:04,039 DEBUG neo4j.io: [#E3F0]  S: RECORD * 1
2025-11-04 03:13:04,040 DEBUG neo4j.io: [#E3F0]  S: RECORD * 1
2025-11-04 03:13:04,040 DEBUG neo4j.io: [#E3F0]  S: RECORD * 1
2025-11-04 03:13:04,040 DEBUG neo4j.io: [#E3F0]  S: RECORD * 1
2025-11-04 03:13:04,040 DEBUG neo4j.io: [#E3F0]  S: RECORD * 1
2025-11-04 03:13:04,040 DEBUG neo4j.io: [#E3F0]  S: RECORD * 1
2025-11-04 03:13:04,040 DEBUG neo4j.io: [#E3F0]  S: RECORD * 1
2025-11-04 03:13:04,040 DEBUG neo4j.io: [#E3F0]  S: RECORD * 1
2025-11-04 03:13:04,040 DEBUG neo4j.io: [#E3F0]  S: RECORD * 1
2025-11-04 03:13:04,040 DEBUG neo4j.io: [#E3F0]  S: RECORD * 1
2025-11-04 03:13:04,040 DEBUG neo4j.io: [#E3F0]  S: RECORD * 1
2025-11-04 03:13:04,040 DEBUG neo4j.io: [#E3F0]  S: RECORD * 1
2025-11-04 03:13:04,040 DEBUG neo4j.io: [#E3F0]  S: RECORD * 1
2025-11-04 03:13:04,040 DEBUG neo4j.io: [#E3F0]  S: RECORD * 1
2025-11-04 03:13:04,040 DEBUG neo4j.io: [#E3F0]  S: RECORD * 1
2025-11-04 03:13:04,040 DEBUG neo4j.io: [#E3F0]  S: RECORD * 1
2025-11-04 03:13:04,040 DEBUG neo4j.io: [#E3F0]  S: RECORD * 1
2025-11-04 03:13:04,040 DEBUG neo4j.io: [#E3F0]  S: RECORD * 1
2025-11-04 03:13:04,040 DEBUG neo4j.io: [#E3F0]  S: RECORD * 1
2025-11-04 03:13:04,040 DEBUG neo4j.io: [#E3F0]  S: RECORD * 1
2025-11-04 03:13:04,040 DEBUG neo4j.io: [#E3F0]  S: RECORD * 1
2025-11-04 03:13:04,041 DEBUG neo4j.io: [#E3F0]  S: RECORD * 1
2025-11-04 03:13:04,041 DEBUG neo4j.io: [#E3F0]  S: RECORD * 1
2025-11-04 03:13:04,041 DEBUG neo4j.io: [#E3F0]  S: RECORD * 1
2025-11-04 03:13:04,041 DEBUG neo4j.io: [#E3F0]  S: RECORD * 1
2025-11-04 03:13:04,041 DEBUG neo4j.io: [#E3F0]  S: RECORD * 1
2025-11-04 03:13:04,041 DEBUG neo4j.io: [#E3F0]  S: RECORD * 1
2025-11-04 03:13:04,041 DEBUG neo4j.io: [#E3F0]  S: RECORD * 1
2025-11-04 03:13:04,041 DEBUG neo4j.io: [#E3F0]  S: RECORD * 1
2025-11-04 03:13:04,041 DEBUG neo4j.io: [#E3F0]  S: RECORD * 1
2025-11-04 03:13:04,041 DEBUG neo4j.io: [#E3F0]  S: RECORD * 1
2025-11-04 03:13:04,041 DEBUG neo4j.io: [#E3F0]  S: RECORD * 1
2025-11-04 03:13:04,041 DEBUG neo4j.io: [#E3F0]  S: RECORD * 1
2025-11-04 03:13:04,041 DEBUG neo4j.io: [#E3F0]  S: RECORD * 1
2025-11-04 03:13:04,041 DEBUG neo4j.io: [#E3F0]  S: RECORD * 1
2025-11-04 03:13:04,041 DEBUG neo4j.io: [#E3F0]  S: RECORD * 1
2025-11-04 03:13:04,041 DEBUG neo4j.io: [#E3F0]  S: RECORD * 1
2025-11-04 03:13:04,041 DEBUG neo4j.io: [#E3F0]  S: RECORD * 1
2025-11-04 03:13:04,041 DEBUG neo4j.io: [#E3F0]  S: RECORD * 1
2025-11-04 03:13:04,041 DEBUG neo4j.io: [#E3F0]  S: RECORD * 1
2025-11-04 03:13:04,042 DEBUG neo4j.io: [#E3F0]  S: RECORD * 1
2025-11-04 03:13:04,042 DEBUG neo4j.io: [#E3F0]  S: RECORD * 1
2025-11-04 03:13:04,042 DEBUG neo4j.io: [#E3F0]  S: RECORD * 1
2025-11-04 03:13:04,042 DEBUG neo4j.io: [#E3F0]  S: RECORD * 1
2025-11-04 03:13:04,042 DEBUG neo4j.io: [#E3F0]  S: RECORD * 1
2025-11-04 03:13:04,042 DEBUG neo4j.io: [#E3F0]  S: RECORD * 1
2025-11-04 03:13:04,042 DEBUG neo4j.io: [#E3F0]  S: RECORD * 1
2025-11-04 03:13:04,042 DEBUG neo4j.io: [#E3F0]  S: RECORD * 1
2025-11-04 03:13:04,042 DEBUG neo4j.io: [#E3F0]  S: RECORD * 1
2025-11-04 03:13:04,042 DEBUG neo4j.io: [#E3F0]  S: RECORD * 1
2025-11-04 03:13:04,042 DEBUG neo4j.io: [#E3F0]  S: RECORD * 1
2025-11-04 03:13:04,042 DEBUG neo4j.io: [#E3F0]  S: RECORD * 1
2025-11-04 03:13:04,042 DEBUG neo4j.io: [#E3F0]  S: RECORD * 1
2025-11-04 03:13:04,042 DEBUG neo4j.io: [#E3F0]  S: RECORD * 1
2025-11-04 03:13:04,042 DEBUG neo4j.io: [#E3F0]  S: RECORD * 1
2025-11-04 03:13:04,042 DEBUG neo4j.io: [#E3F0]  S: RECORD * 1
2025-11-04 03:13:04,042 DEBUG neo4j.io: [#E3F0]  S: RECORD * 1
2025-11-04 03:13:04,042 DEBUG neo4j.io: [#E3F0]  S: RECORD * 1
2025-11-04 03:13:04,042 DEBUG neo4j.io: [#E3F0]  S: RECORD * 1
2025-11-04 03:13:04,043 DEBUG neo4j.io: [#E3F0]  S: RECORD * 1
2025-11-04 03:13:04,043 DEBUG neo4j.io: [#E3F0]  S: RECORD * 1
2025-11-04 03:13:04,043 DEBUG neo4j.io: [#E3F0]  S: RECORD * 1
2025-11-04 03:13:04,043 DEBUG neo4j.io: [#E3F0]  S: RECORD * 1
2025-11-04 03:13:04,043 DEBUG neo4j.io: [#E3F0]  S: RECORD * 1
2025-11-04 03:13:04,043 DEBUG neo4j.io: [#E3F0]  S: RECORD * 1
2025-11-04 03:13:04,043 DEBUG neo4j.io: [#E3F0]  S: RECORD * 1
2025-11-04 03:13:04,043 DEBUG neo4j.io: [#E3F0]  S: RECORD * 1
2025-11-04 03:13:04,043 DEBUG neo4j.io: [#E3F0]  S: RECORD * 1
2025-11-04 03:13:04,043 DEBUG neo4j.io: [#E3F0]  S: RECORD * 1
2025-11-04 03:13:04,043 DEBUG neo4j.io: [#E3F0]  S: RECORD * 1
2025-11-04 03:13:04,043 DEBUG neo4j.io: [#E3F0]  S: RECORD * 1
2025-11-04 03:13:04,043 DEBUG neo4j.io: [#E3F0]  S: RECORD * 1
2025-11-04 03:13:04,043 DEBUG neo4j.io: [#E3F0]  S: RECORD * 1
2025-11-04 03:13:04,043 DEBUG neo4j.io: [#E3F0]  S: RECORD * 1
2025-11-04 03:13:04,043 DEBUG neo4j.io: [#E3F0]  S: RECORD * 1
2025-11-04 03:13:04,043 DEBUG neo4j.io: [#E3F0]  S: RECORD * 1
2025-11-04 03:13:04,043 DEBUG neo4j.io: [#E3F0]  S: RECORD * 1
2025-11-04 03:13:04,043 DEBUG neo4j.io: [#E3F0]  S: RECORD * 1
2025-11-04 03:13:04,043 DEBUG neo4j.io: [#E3F0]  S: RECORD * 1
2025-11-04 03:13:04,044 DEBUG neo4j.io: [#E3F0]  S: RECORD * 1
2025-11-04 03:13:04,044 DEBUG neo4j.io: [#E3F0]  S: RECORD * 1
2025-11-04 03:13:04,044 DEBUG neo4j.io: [#E3F0]  S: RECORD * 1
2025-11-04 03:13:04,044 DEBUG neo4j.io: [#E3F0]  S: RECORD * 1
2025-11-04 03:13:04,044 DEBUG neo4j.io: [#E3F0]  S: RECORD * 1
2025-11-04 03:13:04,044 DEBUG neo4j.io: [#E3F0]  S: RECORD * 1
2025-11-04 03:13:04,044 DEBUG neo4j.io: [#E3F0]  S: RECORD * 1
2025-11-04 03:13:04,044 DEBUG neo4j.io: [#E3F0]  S: RECORD * 1
2025-11-04 03:13:04,044 DEBUG neo4j.io: [#E3F0]  S: RECORD * 1
2025-11-04 03:13:04,044 DEBUG neo4j.io: [#E3F0]  S: RECORD * 1
2025-11-04 03:13:04,044 DEBUG neo4j.io: [#E3F0]  S: RECORD * 1
2025-11-04 03:13:04,044 DEBUG neo4j.io: [#E3F0]  S: RECORD * 1
2025-11-04 03:13:04,044 DEBUG neo4j.io: [#E3F0]  S: RECORD * 1
2025-11-04 03:13:04,044 DEBUG neo4j.io: [#E3F0]  S: RECORD * 1
2025-11-04 03:13:04,044 DEBUG neo4j.io: [#E3F0]  S: RECORD * 1
2025-11-04 03:13:04,044 DEBUG neo4j.io: [#E3F0]  S: RECORD * 1
2025-11-04 03:13:04,044 DEBUG neo4j.io: [#E3F0]  S: RECORD * 1
2025-11-04 03:13:04,044 DEBUG neo4j.io: [#E3F0]  S: RECORD * 1
2025-11-04 03:13:04,045 DEBUG neo4j.io: [#E3F0]  S: RECORD * 1
2025-11-04 03:13:04,045 DEBUG neo4j.io: [#E3F0]  S: RECORD * 1
2025-11-04 03:13:04,045 DEBUG neo4j.io: [#E3F0]  S: RECORD * 1
2025-11-04 03:13:04,045 DEBUG neo4j.io: [#E3F0]  S: RECORD * 1
2025-11-04 03:13:04,045 DEBUG neo4j.io: [#E3F0]  S: RECORD * 1
2025-11-04 03:13:04,045 DEBUG neo4j.io: [#E3F0]  S: RECORD * 1
2025-11-04 03:13:04,045 DEBUG neo4j.io: [#E3F0]  S: RECORD * 1
2025-11-04 03:13:04,045 DEBUG neo4j.io: [#E3F0]  S: RECORD * 1
2025-11-04 03:13:04,045 DEBUG neo4j.io: [#E3F0]  S: RECORD * 1
2025-11-04 03:13:04,045 DEBUG neo4j.io: [#E3F0]  S: RECORD * 1
2025-11-04 03:13:04,045 DEBUG neo4j.io: [#E3F0]  S: RECORD * 1
2025-11-04 03:13:04,045 DEBUG neo4j.io: [#E3F0]  S: RECORD * 1
2025-11-04 03:13:04,045 DEBUG neo4j.io: [#E3F0]  S: RECORD * 1
2025-11-04 03:13:04,045 DEBUG neo4j.io: [#E3F0]  S: RECORD * 1
2025-11-04 03:13:04,045 DEBUG neo4j.io: [#E3F0]  S: RECORD * 1
2025-11-04 03:13:04,045 DEBUG neo4j.io: [#E3F0]  S: RECORD * 1
2025-11-04 03:13:04,045 DEBUG neo4j.io: [#E3F0]  S: RECORD * 1
2025-11-04 03:13:04,045 DEBUG neo4j.io: [#E3F0]  S: RECORD * 1
2025-11-04 03:13:04,045 DEBUG neo4j.io: [#E3F0]  S: RECORD * 1
2025-11-04 03:13:04,046 DEBUG neo4j.io: [#E3F0]  S: RECORD * 1
2025-11-04 03:13:04,046 DEBUG neo4j.io: [#E3F0]  S: RECORD * 1
2025-11-04 03:13:04,046 DEBUG neo4j.io: [#E3F0]  S: RECORD * 1
2025-11-04 03:13:04,046 DEBUG neo4j.io: [#E3F0]  S: RECORD * 1
2025-11-04 03:13:04,046 DEBUG neo4j.io: [#E3F0]  S: RECORD * 1
2025-11-04 03:13:04,046 DEBUG neo4j.io: [#E3F0]  S: RECORD * 1
2025-11-04 03:13:04,046 DEBUG neo4j.io: [#E3F0]  S: RECORD * 1
2025-11-04 03:13:04,046 DEBUG neo4j.io: [#E3F0]  S: SUCCESS {'statuses': [{'gql_status': '00000', 'status_description': 'note: successful completion'}], 'type': 'r', 't_last': 146, 'db': 'helpfile'}
2025-11-04 03:13:04,046 DEBUG neo4j.io: [#E3F0]  C: COMMIT
2025-11-04 03:13:04,046 DEBUG neo4j.io: [#E3F0]  _: <CONNECTION> client state: TX_READY_OR_TX_STREAMING > READY
2025-11-04 03:13:04,048 DEBUG neo4j.io: [#E3F0]  S: SUCCESS {'bookmark': 'FB:kcwQ8rwaENxyTdu2M21TLrZqzskGvZA='}
2025-11-04 03:13:04,049 DEBUG neo4j.io: [#E3F0]  _: <CONNECTION> server state: TX_READY_OR_TX_STREAMING > READY
2025-11-04 03:13:04,049 DEBUG neo4j.pool: [#E3F0]  _: <POOL> released bolt-27
2025-11-04 03:13:04,053 DEBUG neo4j: [#0000]  _: <WORKSPACE> routing towards fixed database: helpfile
2025-11-04 03:13:04,053 DEBUG neo4j: [#0000]  _: <WORKSPACE> pinning database: 'helpfile'
2025-11-04 03:13:04,053 DEBUG neo4j.pool: [#0000]  _: <POOL> acquire direct connection, access_mode='WRITE', database=AcquisitionDatabase(name='helpfile', guessed=False)
2025-11-04 03:13:04,053 DEBUG neo4j.pool: [#E3F0]  _: <POOL> picked existing connection bolt-27
2025-11-04 03:13:04,053 DEBUG neo4j.pool: [#E3F0]  _: <POOL> checked re_auth auth=None updated=False force=False
2025-11-04 03:13:04,053 DEBUG neo4j.pool: [#E3F0]  _: <POOL> handing out existing connection
2025-11-04 03:13:04,053 DEBUG neo4j.io: [#E3F0]  C: BEGIN {'db': 'helpfile', 'bookmarks': ['FB:kcwQ8rwaENxyTdu2M21TLrZqzskGvZA=']}
2025-11-04 03:13:04,053 DEBUG neo4j.io: [#E3F0]  _: <CONNECTION> client state: READY > TX_READY_OR_TX_STREAMING
2025-11-04 03:13:04,053 DEBUG neo4j.io: [#E3F0]  C: RUN 'SHOW CONSTRAINTS' {} {}
2025-11-04 03:13:04,054 DEBUG neo4j.io: [#E3F0]  C: PULL {'n': 1000}
2025-11-04 03:13:04,055 DEBUG neo4j.io: [#E3F0]  S: SUCCESS {}
2025-11-04 03:13:04,055 DEBUG neo4j.io: [#E3F0]  _: <CONNECTION> server state: READY > TX_READY_OR_TX_STREAMING
2025-11-04 03:13:04,070 DEBUG neo4j.io: [#E3F0]  S: SUCCESS {'t_first': 14, 'fields': ['id', 'name', 'type', 'entityType', 'labelsOrTypes', 'properties', 'ownedIndex', 'propertyType'], 'qid': 0}
2025-11-04 03:13:04,072 DEBUG neo4j.io: [#E3F0]  S: RECORD * 1
2025-11-04 03:13:04,072 DEBUG neo4j.io: [#E3F0]  S: RECORD * 1
2025-11-04 03:13:04,072 DEBUG neo4j.io: [#E3F0]  S: SUCCESS {'statuses': [{'gql_status': '00000', 'status_description': 'note: successful completion'}], 'type': 'r', 't_last': 1, 'db': 'helpfile'}
2025-11-04 03:13:04,072 DEBUG neo4j.io: [#E3F0]  C: COMMIT
2025-11-04 03:13:04,072 DEBUG neo4j.io: [#E3F0]  _: <CONNECTION> client state: TX_READY_OR_TX_STREAMING > READY
2025-11-04 03:13:04,073 DEBUG neo4j.io: [#E3F0]  S: SUCCESS {'bookmark': 'FB:kcwQ8rwaENxyTdu2M21TLrZqzskGvZA='}
2025-11-04 03:13:04,073 DEBUG neo4j.io: [#E3F0]  _: <CONNECTION> server state: TX_READY_OR_TX_STREAMING > READY
2025-11-04 03:13:04,073 DEBUG neo4j.pool: [#E3F0]  _: <POOL> released bolt-27
2025-11-04 03:13:04,074 DEBUG neo4j: [#0000]  _: <WORKSPACE> routing towards fixed database: helpfile
2025-11-04 03:13:04,074 DEBUG neo4j: [#0000]  _: <WORKSPACE> pinning database: 'helpfile'
2025-11-04 03:13:04,074 DEBUG neo4j.pool: [#0000]  _: <POOL> acquire direct connection, access_mode='WRITE', database=AcquisitionDatabase(name='helpfile', guessed=False)
2025-11-04 03:13:04,074 DEBUG neo4j.pool: [#E3F0]  _: <POOL> picked existing connection bolt-27
2025-11-04 03:13:04,074 DEBUG neo4j.pool: [#E3F0]  _: <POOL> checked re_auth auth=None updated=False force=False
2025-11-04 03:13:04,074 DEBUG neo4j.pool: [#E3F0]  _: <POOL> handing out existing connection
2025-11-04 03:13:04,074 DEBUG neo4j.io: [#E3F0]  C: BEGIN {'db': 'helpfile', 'bookmarks': ['FB:kcwQ8rwaENxyTdu2M21TLrZqzskGvZA=']}
2025-11-04 03:13:04,074 DEBUG neo4j.io: [#E3F0]  _: <CONNECTION> client state: READY > TX_READY_OR_TX_STREAMING
2025-11-04 03:13:04,074 DEBUG neo4j.io: [#E3F0]  C: RUN "CALL apoc.schema.nodes() YIELD label, properties, type, size, valuesSelectivity WHERE type = 'RANGE' RETURN *, size * valuesSelectivity as distinctValues" {} {}
2025-11-04 03:13:04,074 DEBUG neo4j.io: [#E3F0]  C: PULL {'n': 1000}
2025-11-04 03:13:04,076 DEBUG neo4j.io: [#E3F0]  S: SUCCESS {}
2025-11-04 03:13:04,076 DEBUG neo4j.io: [#E3F0]  _: <CONNECTION> server state: READY > TX_READY_OR_TX_STREAMING
2025-11-04 03:13:04,110 DEBUG neo4j.io: [#E3F0]  S: SUCCESS {'t_first': 34, 'fields': ['label', 'properties', 'size', 'type', 'valuesSelectivity', 'distinctValues'], 'qid': 0}
2025-11-04 03:13:04,120 DEBUG neo4j.io: [#E3F0]  S: RECORD * 1
2025-11-04 03:13:04,121 DEBUG neo4j.io: [#E3F0]  S: RECORD * 1
2025-11-04 03:13:04,121 DEBUG neo4j.io: [#E3F0]  S: SUCCESS {'statuses': [{'gql_status': '00000', 'status_description': 'note: successful completion'}], 'type': 'rw', 't_last': 9, 'db': 'helpfile'}
2025-11-04 03:13:04,121 DEBUG neo4j.io: [#E3F0]  C: COMMIT
2025-11-04 03:13:04,121 DEBUG neo4j.io: [#E3F0]  _: <CONNECTION> client state: TX_READY_OR_TX_STREAMING > READY
2025-11-04 03:13:04,122 DEBUG neo4j.io: [#E3F0]  S: SUCCESS {'bookmark': 'FB:kcwQ8rwaENxyTdu2M21TLrZqzskGvZA='}
2025-11-04 03:13:04,122 DEBUG neo4j.io: [#E3F0]  _: <CONNECTION> server state: TX_READY_OR_TX_STREAMING > READY
2025-11-04 03:13:04,122 DEBUG neo4j.pool: [#E3F0]  _: <POOL> released bolt-27
2025-11-04 03:13:04,123 DEBUG neo4j: [#0000]  _: <WORKSPACE> routing towards fixed database: helpfile
2025-11-04 03:13:04,123 DEBUG neo4j: [#0000]  _: <WORKSPACE> pinning database: 'helpfile'
2025-11-04 03:13:04,123 DEBUG neo4j.pool: [#0000]  _: <POOL> acquire direct connection, access_mode='WRITE', database=AcquisitionDatabase(name='helpfile', guessed=False)
2025-11-04 03:13:04,123 DEBUG neo4j.pool: [#E3F0]  _: <POOL> picked existing connection bolt-27
2025-11-04 03:13:04,123 DEBUG neo4j.pool: [#E3F0]  _: <POOL> checked re_auth auth=None updated=False force=False
2025-11-04 03:13:04,123 DEBUG neo4j.pool: [#E3F0]  _: <POOL> handing out existing connection
2025-11-04 03:13:04,123 DEBUG neo4j.io: [#E3F0]  C: BEGIN {'db': 'helpfile', 'bookmarks': ['FB:kcwQ8rwaENxyTdu2M21TLrZqzskGvZA=']}
2025-11-04 03:13:04,124 DEBUG neo4j.io: [#E3F0]  _: <CONNECTION> client state: READY > TX_READY_OR_TX_STREAMING
2025-11-04 03:13:04,124 DEBUG neo4j.io: [#E3F0]  C: RUN "CALL apoc.meta.subGraph({}) YIELD nodes, relationships RETURN nodes, [rel in relationships | {name:apoc.any.property(rel, 'type'), count: apoc.any.property(rel, 'count')}] AS relationships" {} {}
2025-11-04 03:13:04,124 DEBUG neo4j.io: [#E3F0]  C: PULL {'n': 1000}
2025-11-04 03:13:04,125 DEBUG neo4j.io: [#E3F0]  S: SUCCESS {}
2025-11-04 03:13:04,125 DEBUG neo4j.io: [#E3F0]  _: <CONNECTION> server state: READY > TX_READY_OR_TX_STREAMING
2025-11-04 03:13:04,156 DEBUG neo4j.io: [#E3F0]  S: SUCCESS {'t_first': 30, 'fields': ['nodes', 'relationships'], 'qid': 0}
2025-11-04 03:13:30,141 DEBUG neo4j.pool: [#E3F0]  _: <POOL> release unclean connection bolt-27
2025-11-04 03:13:30,141 DEBUG neo4j.io: [#E3F0]  C: RESET
2025-11-04 03:13:30,142 DEBUG neo4j.io: [#E3F0]  _: <CONNECTION> client state: TX_READY_OR_TX_STREAMING > READY
2025-11-04 03:13:30,142 ERROR root: インポート処理中にエラーが発生しました: Existing exports of data: object cannot be re-sized
2025-11-04 03:13:30,143 DEBUG neo4j.pool: [#0000]  _: <POOL> close
2025-11-04 03:13:30,144 DEBUG neo4j.io: [#E3F0]  C: GOODBYE
2025-11-04 03:13:30,144 DEBUG neo4j.io: [#E3F0]  C: <CLOSE>
2025-11-04 03:13:30,244 DEBUG neo4j.pool: [#E3F0]  _: <POOL> released bolt-27
2025-11-04 03:14:07,602 DEBUG llama_index.core.node_parser.node_utils: > Adding chunk: アノーテーション

３次元位置や要素上に 注記 をつけることができます。
2025-11-04 03:14:09,206 DEBUG llama_index.core.node_parser.node_utils: > Adding chunk: 注記・寸法スタイル設定

注記や寸法の各種パラメータは、要素ひとつひとつに設定することもできま...
2025-11-04 03:14:09,206 DEBUG llama_index.core.node_parser.node_utils: > Adding chunk: また、既存のスタイルを元にして新しくスタイルを作りたい場合は、スタイルを選択してコンテキストメ...
2025-11-04 03:14:09,206 DEBUG llama_index.core.node_parser.node_utils: > Adding chunk: 注記スタイルの管理

「注記・寸法スタイル設定」ウィンドウで作成した注記スタイルは、システム設...
2025-11-04 03:14:09,207 DEBUG llama_index.core.node_parser.node_utils: > Adding chunk: 注記スタイルの作成

左側のスタイル一覧が表示されている欄でコンテキストメニューを表示し、「ス...
2025-11-04 03:14:09,207 DEBUG llama_index.core.node_parser.node_utils: > Adding chunk: 適用ずみスタイルの更新

ウィンドウ右下の「モデルの更新」ボタンをクリックすると、「注記・寸法...
2025-11-04 03:14:09,208 DEBUG llama_index.core.node_parser.node_utils: > Adding chunk: ボディ

ボディにはソリッドボディとシートボディ(複合面)があり、 フィーチャー という基本形...
2025-11-04 03:14:09,208 DEBUG llama_index.core.node_parser.node_utils: > Adding chunk: コマンドの実行

Evo.Shipはコマンドを実行するのに ツールバー、メニュー 、 コンテキ...
2025-11-04 03:14:09,208 DEBUG llama_index.core.node_parser.node_utils: > Adding chunk: コマンドダイアログ

各項目のタイトル部分のクリックでダイアログを開閉することができます。 上...
2025-11-04 03:14:09,211 DEBUG llama_index.core.node_parser.node_utils: > Adding chunk: コンポーネント

コンポーネントは、Evo.Shipの要素を複数まとめてひとつの部品とし、再利...
2025-11-04 03:14:09,211 DEBUG llama_index.core.node_parser.node_utils: > Adding chunk: 配管機器 コンポーネントは、配管の一部として配置することができます。そうしたコンポーネントは「...
2025-11-04 03:14:09,211 DEBUG llama_index.core.node_parser.node_utils: > Adding chunk: さらに、注記テキストの内容をバリエーションによって変更することも可能です。 こうした仕組みを「...
2025-11-04 03:14:09,211 DEBUG llama_index.core.node_parser.node_utils: > Adding chunk: この選択肢のことを「表示状態」と呼びます。 例：2種類の表示状態（ここでは「簡易表示」「詳細表...
2025-11-04 03:14:09,212 DEBUG llama_index.core.node_parser.node_utils: > Adding chunk: 定義と参照

部品の再利用というと インポート コマンドが思い浮かぶかもしれませんが、次のよう...
2025-11-04 03:14:09,212 DEBUG llama_index.core.node_parser.node_utils: > Adding chunk: 移動と配置

コンポーネントは、画面上のマニピュレーターをドラッグすることで簡単に移動・回転で...
2025-11-04 03:14:09,212 DEBUG llama_index.core.node_parser.node_utils: > Adding chunk: 配管機器

コンポーネントは、配管の一部として配置することができます。そうしたコンポーネントは...
2025-11-04 03:14:09,213 DEBUG llama_index.core.node_parser.node_utils: > Adding chunk: コンフィグレーション

サイズ違いの複数の部品を定義する際、それぞれ別々のコンポーネントとして...
2025-11-04 03:14:09,213 DEBUG llama_index.core.node_parser.node_utils: > Adding chunk: コンフィグレーション・キャッシュ

コンポーネントを定義する際にコンフィグレーションを設定し、...
2025-11-04 03:14:09,214 DEBUG llama_index.core.node_parser.node_utils: > Adding chunk: 構成要素の選択的表示

コンポーネントを利用する際に、設計中は簡易な形状にしておいて表示を高速...
2025-11-04 03:14:09,214 DEBUG llama_index.core.node_parser.node_utils: > Adding chunk: コンテキストメニュー

Evo.Shipでは操作手順を簡略化するために多数のコンテキストメニュ...
2025-11-04 03:14:09,214 DEBUG llama_index.core.node_parser.node_utils: > Adding chunk: メインウィンドウ

ツールバーなどのウィンドウの表示On/Offができます。
2025-11-04 03:14:09,215 DEBUG llama_index.core.node_parser.node_utils: > Adding chunk: ドキュメントウィンドウ,モデル構成ウィンドウ

要素選択の状態や
スケッチモード
かどうかに応...
2025-11-04 03:14:09,215 DEBUG llama_index.core.node_parser.node_utils: > Adding chunk: 線の作成(スケッチ)

スケッチではスケッチ平面上をマウスでクリックして位置を選択して線を作図...
2025-11-04 03:14:09,215 DEBUG llama_index.core.node_parser.node_utils: > Adding chunk: カーブ

３次元空間上の線要素です。作成（定義)する単位で１要素としています。 (例） 投影線...
2025-11-04 03:14:09,216 DEBUG llama_index.core.node_parser.node_utils: > Adding chunk: データム

各要素の位置、方向などのの基準となる要素です。 ３Ｄモデルの要素で、図面ドキュメン...
2025-11-04 03:14:09,218 INFO root: LlamaIndexでチャンク化完了: 10 documents, 21 sections, 25 chunks (chunk_size=800, overlap=120)
2025-11-04 03:14:09,221 DEBUG neo4j.pool: [#0000]  _: <POOL> created, direct address IPv4Address(('127.0.0.1', 7687))
2025-11-04 03:14:09,222 DEBUG neo4j.pool: [#0000]  _: <POOL> created, direct address IPv4Address(('127.0.0.1', 7687))
2025-11-04 03:14:09,222 DEBUG neo4j: [#0000]  _: <WORKSPACE> routing towards fixed database: helpfile
2025-11-04 03:14:09,222 DEBUG neo4j: [#0000]  _: <WORKSPACE> pinning database: 'helpfile'
2025-11-04 03:14:09,222 DEBUG neo4j.pool: [#0000]  _: <POOL> acquire direct connection, access_mode='WRITE', database=AcquisitionDatabase(name='helpfile', guessed=False)
2025-11-04 03:14:09,222 DEBUG neo4j.pool: [#0000]  _: <POOL> trying to hand out new connection
2025-11-04 03:14:09,222 DEBUG neo4j.io: [#0000]  _: <RESOLVE> in: 127.0.0.1:7687
2025-11-04 03:14:09,222 DEBUG neo4j.io: [#0000]  _: <RESOLVE> dns resolver out: 127.0.0.1:7687
2025-11-04 03:14:09,223 DEBUG neo4j.io: [#0000]  C: <OPEN> 127.0.0.1:7687
2025-11-04 03:14:09,223 DEBUG neo4j.io: [#CED9]  C: <MAGIC> 0x6060B017
2025-11-04 03:14:09,224 DEBUG neo4j.io: [#CED9]  C: <HANDSHAKE> 0x000001FF 0x00080805 0x00020404 0x00000003
2025-11-04 03:14:09,234 DEBUG neo4j.io: [#CED9]  S: <HANDSHAKE> 0x000001FF [3] 0x00040404 0x00040405 0x00020805 0x00
2025-11-04 03:14:09,234 DEBUG neo4j.io: [#CED9]  C: <HANDSHAKE> 0x00000805 0x00
2025-11-04 03:14:09,235 DEBUG neo4j.io: [#CED9]  C: HELLO {'user_agent': 'neo4j-python/5.28.2 Python/3.10.17-final-0 (win32)', 'notifications_minimum_severity': 'OFF', 'bolt_agent': {'product': 'neo4j-python/5.28.2', 'platform': 'Windows 10; AMD64', 'language': 'Python/3.10.17-final-0', 'language_details': 'CPython; 3.10.17-final-0 (main, Apr  9 2025 03:56:18) [MSC v.1943 64 bit (AMD64)]'}}
2025-11-04 03:14:09,235 DEBUG neo4j.io: [#CED9]  _: <CONNECTION> client state: CONNECTED > AUTHENTICATION
2025-11-04 03:14:09,235 DEBUG neo4j.io: [#CED9]  C: LOGON {'scheme': 'basic', 'principal': 'neo4j', 'credentials': '*******'}
2025-11-04 03:14:09,235 DEBUG neo4j.io: [#CED9]  _: <CONNECTION> client state: AUTHENTICATION > READY
2025-11-04 03:14:09,244 DEBUG neo4j.io: [#CED9]  S: SUCCESS {'server': 'Neo4j/2025.06.2', 'protocol_version': '5.8', 'connection_id': 'bolt-28', 'hints': {'connection.recv_timeout_seconds': 120, 'ssr.enabled': True}}
2025-11-04 03:14:09,244 DEBUG neo4j.io: [#CED9]  _: <CONNECTION> server state: CONNECTED > AUTHENTICATION
2025-11-04 03:14:09,254 DEBUG neo4j.io: [#CED9]  S: SUCCESS {'advertised_address': 'localhost:7687'}
2025-11-04 03:14:09,254 DEBUG neo4j.io: [#CED9]  _: <CONNECTION> server state: AUTHENTICATION > READY
2025-11-04 03:14:09,255 DEBUG neo4j.io: [#CED9]  C: BEGIN {'db': 'helpfile'}
2025-11-04 03:14:09,255 DEBUG neo4j.io: [#CED9]  _: <CONNECTION> client state: READY > TX_READY_OR_TX_STREAMING
2025-11-04 03:14:09,255 DEBUG neo4j.io: [#CED9]  C: RUN '\nCALL apoc.meta.data()\nYIELD label, other, elementType, type, property\nWHERE NOT type = "RELATIONSHIP" AND elementType = "node"\n  AND NOT label IN $EXCLUDED_LABELS\nWITH label AS nodeLabels, collect({property:property, type:type}) AS properties\nRETURN {labels: nodeLabels, properties: properties} AS output\n\n' {'EXCLUDED_LABELS': ['_Bloom_Perspective_', '_Bloom_Scene_', '__Entity__', '__Node__']} {}
2025-11-04 03:14:09,255 DEBUG neo4j.io: [#CED9]  C: PULL {'n': 1000}
2025-11-04 03:14:09,259 DEBUG neo4j.io: [#CED9]  S: SUCCESS {}
2025-11-04 03:14:09,260 DEBUG neo4j.io: [#CED9]  _: <CONNECTION> server state: READY > TX_READY_OR_TX_STREAMING
2025-11-04 03:14:09,267 DEBUG neo4j.io: [#CED9]  S: SUCCESS {'t_first': 7, 'fields': ['output'], 'qid': 0}
2025-11-04 03:14:10,012 DEBUG neo4j.io: [#CED9]  S: RECORD * 1
2025-11-04 03:14:10,012 DEBUG neo4j.io: [#CED9]  S: RECORD * 1
2025-11-04 03:14:10,013 DEBUG neo4j.io: [#CED9]  S: RECORD * 1
2025-11-04 03:14:10,014 DEBUG neo4j.io: [#CED9]  S: RECORD * 1
2025-11-04 03:14:10,014 DEBUG neo4j.io: [#CED9]  S: SUCCESS {'statuses': [{'gql_status': '00000', 'status_description': 'note: successful completion'}], 'type': 'r', 't_last': 741, 'db': 'helpfile'}
2025-11-04 03:14:10,014 DEBUG neo4j.io: [#CED9]  C: COMMIT
2025-11-04 03:14:10,015 DEBUG neo4j.io: [#CED9]  _: <CONNECTION> client state: TX_READY_OR_TX_STREAMING > READY
2025-11-04 03:14:10,019 DEBUG neo4j.io: [#CED9]  S: SUCCESS {'bookmark': 'FB:kcwQ8rwaENxyTdu2M21TLrZqzskGvZA='}
2025-11-04 03:14:10,019 DEBUG neo4j.io: [#CED9]  _: <CONNECTION> server state: TX_READY_OR_TX_STREAMING > READY
2025-11-04 03:14:10,019 DEBUG neo4j.pool: [#CED9]  _: <POOL> released bolt-28
2025-11-04 03:14:10,021 DEBUG neo4j: [#0000]  _: <WORKSPACE> routing towards fixed database: helpfile
2025-11-04 03:14:10,021 DEBUG neo4j: [#0000]  _: <WORKSPACE> pinning database: 'helpfile'
2025-11-04 03:14:10,021 DEBUG neo4j.pool: [#0000]  _: <POOL> acquire direct connection, access_mode='WRITE', database=AcquisitionDatabase(name='helpfile', guessed=False)
2025-11-04 03:14:10,021 DEBUG neo4j.pool: [#CED9]  _: <POOL> picked existing connection bolt-28
2025-11-04 03:14:10,021 DEBUG neo4j.pool: [#CED9]  _: <POOL> checked re_auth auth=None updated=False force=False
2025-11-04 03:14:10,021 DEBUG neo4j.pool: [#CED9]  _: <POOL> handing out existing connection
2025-11-04 03:14:10,021 DEBUG neo4j.io: [#CED9]  C: BEGIN {'db': 'helpfile', 'bookmarks': ['FB:kcwQ8rwaENxyTdu2M21TLrZqzskGvZA=']}
2025-11-04 03:14:10,022 DEBUG neo4j.io: [#CED9]  _: <CONNECTION> client state: READY > TX_READY_OR_TX_STREAMING
2025-11-04 03:14:10,022 DEBUG neo4j.io: [#CED9]  C: RUN '\nCALL apoc.meta.data()\nYIELD label, other, elementType, type, property\nWHERE NOT type = "RELATIONSHIP" AND elementType = "relationship"\n      AND NOT label in $EXCLUDED_LABELS\nWITH label AS nodeLabels, collect({property:property, type:type}) AS properties\nRETURN {type: nodeLabels, properties: properties} AS output\n' {'EXCLUDED_LABELS': ['_Bloom_HAS_SCENE_']} {}
2025-11-04 03:14:10,022 DEBUG neo4j.io: [#CED9]  C: PULL {'n': 1000}
2025-11-04 03:14:10,027 DEBUG neo4j.io: [#CED9]  S: SUCCESS {}
2025-11-04 03:14:10,028 DEBUG neo4j.io: [#CED9]  _: <CONNECTION> server state: READY > TX_READY_OR_TX_STREAMING
2025-11-04 03:14:10,035 DEBUG neo4j.io: [#CED9]  S: SUCCESS {'t_first': 6, 'fields': ['output'], 'qid': 0}
2025-11-04 03:14:10,483 DEBUG neo4j.io: [#CED9]  S: RECORD * 1
2025-11-04 03:14:10,484 DEBUG neo4j.io: [#CED9]  S: RECORD * 1
2025-11-04 03:14:10,484 DEBUG neo4j.io: [#CED9]  S: RECORD * 1
2025-11-04 03:14:10,485 DEBUG neo4j.io: [#CED9]  S: RECORD * 1
2025-11-04 03:14:10,486 DEBUG neo4j.io: [#CED9]  S: RECORD * 1
2025-11-04 03:14:10,486 DEBUG neo4j.io: [#CED9]  S: RECORD * 1
2025-11-04 03:14:10,487 DEBUG neo4j.io: [#CED9]  S: RECORD * 1
2025-11-04 03:14:10,487 DEBUG neo4j.io: [#CED9]  S: RECORD * 1
2025-11-04 03:14:10,487 DEBUG neo4j.io: [#CED9]  S: RECORD * 1
2025-11-04 03:14:10,488 DEBUG neo4j.io: [#CED9]  S: RECORD * 1
2025-11-04 03:14:10,488 DEBUG neo4j.io: [#CED9]  S: RECORD * 1
2025-11-04 03:14:10,489 DEBUG neo4j.io: [#CED9]  S: RECORD * 1
2025-11-04 03:14:10,490 DEBUG neo4j.io: [#CED9]  S: RECORD * 1
2025-11-04 03:14:10,490 DEBUG neo4j.io: [#CED9]  S: RECORD * 1
2025-11-04 03:14:10,490 DEBUG neo4j.io: [#CED9]  S: RECORD * 1
2025-11-04 03:14:10,491 DEBUG neo4j.io: [#CED9]  S: RECORD * 1
2025-11-04 03:14:10,491 DEBUG neo4j.io: [#CED9]  S: RECORD * 1
2025-11-04 03:14:10,491 DEBUG neo4j.io: [#CED9]  S: RECORD * 1
2025-11-04 03:14:10,491 DEBUG neo4j.io: [#CED9]  S: RECORD * 1
2025-11-04 03:14:10,492 DEBUG neo4j.io: [#CED9]  S: RECORD * 1
2025-11-04 03:14:10,492 DEBUG neo4j.io: [#CED9]  S: RECORD * 1
2025-11-04 03:14:10,492 DEBUG neo4j.io: [#CED9]  S: RECORD * 1
2025-11-04 03:14:10,492 DEBUG neo4j.io: [#CED9]  S: RECORD * 1
2025-11-04 03:14:10,493 DEBUG neo4j.io: [#CED9]  S: RECORD * 1
2025-11-04 03:14:10,493 DEBUG neo4j.io: [#CED9]  S: RECORD * 1
2025-11-04 03:14:10,493 DEBUG neo4j.io: [#CED9]  S: RECORD * 1
2025-11-04 03:14:10,493 DEBUG neo4j.io: [#CED9]  S: RECORD * 1
2025-11-04 03:14:10,493 DEBUG neo4j.io: [#CED9]  S: RECORD * 1
2025-11-04 03:14:10,494 DEBUG neo4j.io: [#CED9]  S: RECORD * 1
2025-11-04 03:14:10,494 DEBUG neo4j.io: [#CED9]  S: RECORD * 1
2025-11-04 03:14:10,494 DEBUG neo4j.io: [#CED9]  S: RECORD * 1
2025-11-04 03:14:10,494 DEBUG neo4j.io: [#CED9]  S: RECORD * 1
2025-11-04 03:14:10,495 DEBUG neo4j.io: [#CED9]  S: RECORD * 1
2025-11-04 03:14:10,495 DEBUG neo4j.io: [#CED9]  S: RECORD * 1
2025-11-04 03:14:10,495 DEBUG neo4j.io: [#CED9]  S: RECORD * 1
2025-11-04 03:14:10,495 DEBUG neo4j.io: [#CED9]  S: RECORD * 1
2025-11-04 03:14:10,495 DEBUG neo4j.io: [#CED9]  S: RECORD * 1
2025-11-04 03:14:10,496 DEBUG neo4j.io: [#CED9]  S: RECORD * 1
2025-11-04 03:14:10,496 DEBUG neo4j.io: [#CED9]  S: RECORD * 1
2025-11-04 03:14:10,496 DEBUG neo4j.io: [#CED9]  S: RECORD * 1
2025-11-04 03:14:10,496 DEBUG neo4j.io: [#CED9]  S: RECORD * 1
2025-11-04 03:14:10,496 DEBUG neo4j.io: [#CED9]  S: RECORD * 1
2025-11-04 03:14:10,497 DEBUG neo4j.io: [#CED9]  S: RECORD * 1
2025-11-04 03:14:10,497 DEBUG neo4j.io: [#CED9]  S: RECORD * 1
2025-11-04 03:14:10,497 DEBUG neo4j.io: [#CED9]  S: RECORD * 1
2025-11-04 03:14:10,497 DEBUG neo4j.io: [#CED9]  S: RECORD * 1
2025-11-04 03:14:10,497 DEBUG neo4j.io: [#CED9]  S: RECORD * 1
2025-11-04 03:14:10,498 DEBUG neo4j.io: [#CED9]  S: RECORD * 1
2025-11-04 03:14:10,498 DEBUG neo4j.io: [#CED9]  S: RECORD * 1
2025-11-04 03:14:10,498 DEBUG neo4j.io: [#CED9]  S: RECORD * 1
2025-11-04 03:14:10,498 DEBUG neo4j.io: [#CED9]  S: RECORD * 1
2025-11-04 03:14:10,498 DEBUG neo4j.io: [#CED9]  S: RECORD * 1
2025-11-04 03:14:10,499 DEBUG neo4j.io: [#CED9]  S: RECORD * 1
2025-11-04 03:14:10,499 DEBUG neo4j.io: [#CED9]  S: RECORD * 1
2025-11-04 03:14:10,499 DEBUG neo4j.io: [#CED9]  S: RECORD * 1
2025-11-04 03:14:10,499 DEBUG neo4j.io: [#CED9]  S: RECORD * 1
2025-11-04 03:14:10,499 DEBUG neo4j.io: [#CED9]  S: RECORD * 1
2025-11-04 03:14:10,500 DEBUG neo4j.io: [#CED9]  S: RECORD * 1
2025-11-04 03:14:10,500 DEBUG neo4j.io: [#CED9]  S: RECORD * 1
2025-11-04 03:14:10,501 DEBUG neo4j.io: [#CED9]  S: RECORD * 1
2025-11-04 03:14:10,501 DEBUG neo4j.io: [#CED9]  S: RECORD * 1
2025-11-04 03:14:10,502 DEBUG neo4j.io: [#CED9]  S: RECORD * 1
2025-11-04 03:14:10,502 DEBUG neo4j.io: [#CED9]  S: RECORD * 1
2025-11-04 03:14:10,503 DEBUG neo4j.io: [#CED9]  S: RECORD * 1
2025-11-04 03:14:10,503 DEBUG neo4j.io: [#CED9]  S: RECORD * 1
2025-11-04 03:14:10,504 DEBUG neo4j.io: [#CED9]  S: RECORD * 1
2025-11-04 03:14:10,504 DEBUG neo4j.io: [#CED9]  S: RECORD * 1
2025-11-04 03:14:10,505 DEBUG neo4j.io: [#CED9]  S: RECORD * 1
2025-11-04 03:14:10,505 DEBUG neo4j.io: [#CED9]  S: RECORD * 1
2025-11-04 03:14:10,506 DEBUG neo4j.io: [#CED9]  S: RECORD * 1
2025-11-04 03:14:10,506 DEBUG neo4j.io: [#CED9]  S: RECORD * 1
2025-11-04 03:14:10,507 DEBUG neo4j.io: [#CED9]  S: RECORD * 1
2025-11-04 03:14:10,507 DEBUG neo4j.io: [#CED9]  S: RECORD * 1
2025-11-04 03:14:10,507 DEBUG neo4j.io: [#CED9]  S: RECORD * 1
2025-11-04 03:14:10,508 DEBUG neo4j.io: [#CED9]  S: RECORD * 1
2025-11-04 03:14:10,508 DEBUG neo4j.io: [#CED9]  S: RECORD * 1
2025-11-04 03:14:10,509 DEBUG neo4j.io: [#CED9]  S: RECORD * 1
2025-11-04 03:14:10,509 DEBUG neo4j.io: [#CED9]  S: RECORD * 1
2025-11-04 03:14:10,509 DEBUG neo4j.io: [#CED9]  S: RECORD * 1
2025-11-04 03:14:10,510 DEBUG neo4j.io: [#CED9]  S: RECORD * 1
2025-11-04 03:14:10,510 DEBUG neo4j.io: [#CED9]  S: RECORD * 1
2025-11-04 03:14:10,511 DEBUG neo4j.io: [#CED9]  S: RECORD * 1
2025-11-04 03:14:10,511 DEBUG neo4j.io: [#CED9]  S: RECORD * 1
2025-11-04 03:14:10,511 DEBUG neo4j.io: [#CED9]  S: RECORD * 1
2025-11-04 03:14:10,512 DEBUG neo4j.io: [#CED9]  S: RECORD * 1
2025-11-04 03:14:10,512 DEBUG neo4j.io: [#CED9]  S: RECORD * 1
2025-11-04 03:14:10,513 DEBUG neo4j.io: [#CED9]  S: RECORD * 1
2025-11-04 03:14:10,513 DEBUG neo4j.io: [#CED9]  S: RECORD * 1
2025-11-04 03:14:10,514 DEBUG neo4j.io: [#CED9]  S: RECORD * 1
2025-11-04 03:14:10,514 DEBUG neo4j.io: [#CED9]  S: RECORD * 1
2025-11-04 03:14:10,514 DEBUG neo4j.io: [#CED9]  S: RECORD * 1
2025-11-04 03:14:10,515 DEBUG neo4j.io: [#CED9]  S: RECORD * 1
2025-11-04 03:14:10,515 DEBUG neo4j.io: [#CED9]  S: RECORD * 1
2025-11-04 03:14:10,515 DEBUG neo4j.io: [#CED9]  S: RECORD * 1
2025-11-04 03:14:10,516 DEBUG neo4j.io: [#CED9]  S: RECORD * 1
2025-11-04 03:14:10,516 DEBUG neo4j.io: [#CED9]  S: RECORD * 1
2025-11-04 03:14:10,516 DEBUG neo4j.io: [#CED9]  S: RECORD * 1
2025-11-04 03:14:10,517 DEBUG neo4j.io: [#CED9]  S: RECORD * 1
2025-11-04 03:14:10,517 DEBUG neo4j.io: [#CED9]  S: RECORD * 1
2025-11-04 03:14:10,517 DEBUG neo4j.io: [#CED9]  S: RECORD * 1
2025-11-04 03:14:10,518 DEBUG neo4j.io: [#CED9]  S: RECORD * 1
2025-11-04 03:14:10,518 DEBUG neo4j.io: [#CED9]  S: RECORD * 1
2025-11-04 03:14:10,518 DEBUG neo4j.io: [#CED9]  S: RECORD * 1
2025-11-04 03:14:10,519 DEBUG neo4j.io: [#CED9]  S: RECORD * 1
2025-11-04 03:14:10,519 DEBUG neo4j.io: [#CED9]  S: RECORD * 1
2025-11-04 03:14:10,519 DEBUG neo4j.io: [#CED9]  S: RECORD * 1
2025-11-04 03:14:10,520 DEBUG neo4j.io: [#CED9]  S: RECORD * 1
2025-11-04 03:14:10,520 DEBUG neo4j.io: [#CED9]  S: RECORD * 1
2025-11-04 03:14:10,520 DEBUG neo4j.io: [#CED9]  S: RECORD * 1
2025-11-04 03:14:10,521 DEBUG neo4j.io: [#CED9]  S: RECORD * 1
2025-11-04 03:14:10,521 DEBUG neo4j.io: [#CED9]  S: RECORD * 1
2025-11-04 03:14:10,521 DEBUG neo4j.io: [#CED9]  S: RECORD * 1
2025-11-04 03:14:10,522 DEBUG neo4j.io: [#CED9]  S: RECORD * 1
2025-11-04 03:14:10,522 DEBUG neo4j.io: [#CED9]  S: RECORD * 1
2025-11-04 03:14:10,522 DEBUG neo4j.io: [#CED9]  S: RECORD * 1
2025-11-04 03:14:10,522 DEBUG neo4j.io: [#CED9]  S: RECORD * 1
2025-11-04 03:14:10,523 DEBUG neo4j.io: [#CED9]  S: RECORD * 1
2025-11-04 03:14:10,523 DEBUG neo4j.io: [#CED9]  S: RECORD * 1
2025-11-04 03:14:10,523 DEBUG neo4j.io: [#CED9]  S: RECORD * 1
2025-11-04 03:14:10,524 DEBUG neo4j.io: [#CED9]  S: RECORD * 1
2025-11-04 03:14:10,524 DEBUG neo4j.io: [#CED9]  S: RECORD * 1
2025-11-04 03:14:10,525 DEBUG neo4j.io: [#CED9]  S: RECORD * 1
2025-11-04 03:14:10,525 DEBUG neo4j.io: [#CED9]  S: RECORD * 1
2025-11-04 03:14:10,526 DEBUG neo4j.io: [#CED9]  S: RECORD * 1
2025-11-04 03:14:10,526 DEBUG neo4j.io: [#CED9]  S: RECORD * 1
2025-11-04 03:14:10,526 DEBUG neo4j.io: [#CED9]  S: RECORD * 1
2025-11-04 03:14:10,527 DEBUG neo4j.io: [#CED9]  S: RECORD * 1
2025-11-04 03:14:10,527 DEBUG neo4j.io: [#CED9]  S: RECORD * 1
2025-11-04 03:14:10,528 DEBUG neo4j.io: [#CED9]  S: RECORD * 1
2025-11-04 03:14:10,528 DEBUG neo4j.io: [#CED9]  S: RECORD * 1
2025-11-04 03:14:10,528 DEBUG neo4j.io: [#CED9]  S: RECORD * 1
2025-11-04 03:14:10,529 DEBUG neo4j.io: [#CED9]  S: RECORD * 1
2025-11-04 03:14:10,529 DEBUG neo4j.io: [#CED9]  S: RECORD * 1
2025-11-04 03:14:10,529 DEBUG neo4j.io: [#CED9]  S: RECORD * 1
2025-11-04 03:14:10,530 DEBUG neo4j.io: [#CED9]  S: RECORD * 1
2025-11-04 03:14:10,530 DEBUG neo4j.io: [#CED9]  S: RECORD * 1
2025-11-04 03:14:10,530 DEBUG neo4j.io: [#CED9]  S: RECORD * 1
2025-11-04 03:14:10,531 DEBUG neo4j.io: [#CED9]  S: RECORD * 1
2025-11-04 03:14:10,531 DEBUG neo4j.io: [#CED9]  S: RECORD * 1
2025-11-04 03:14:10,531 DEBUG neo4j.io: [#CED9]  S: RECORD * 1
2025-11-04 03:14:10,532 DEBUG neo4j.io: [#CED9]  S: RECORD * 1
2025-11-04 03:14:10,532 DEBUG neo4j.io: [#CED9]  S: RECORD * 1
2025-11-04 03:14:10,533 DEBUG neo4j.io: [#CED9]  S: RECORD * 1
2025-11-04 03:14:10,533 DEBUG neo4j.io: [#CED9]  S: RECORD * 1
2025-11-04 03:14:10,533 DEBUG neo4j.io: [#CED9]  S: RECORD * 1
2025-11-04 03:14:10,533 DEBUG neo4j.io: [#CED9]  S: RECORD * 1
2025-11-04 03:14:10,534 DEBUG neo4j.io: [#CED9]  S: RECORD * 1
2025-11-04 03:14:10,534 DEBUG neo4j.io: [#CED9]  S: RECORD * 1
2025-11-04 03:14:10,534 DEBUG neo4j.io: [#CED9]  S: RECORD * 1
2025-11-04 03:14:10,535 DEBUG neo4j.io: [#CED9]  S: RECORD * 1
2025-11-04 03:14:10,535 DEBUG neo4j.io: [#CED9]  S: RECORD * 1
2025-11-04 03:14:10,535 DEBUG neo4j.io: [#CED9]  S: RECORD * 1
2025-11-04 03:14:10,535 DEBUG neo4j.io: [#CED9]  S: RECORD * 1
2025-11-04 03:14:10,535 DEBUG neo4j.io: [#CED9]  S: RECORD * 1
2025-11-04 03:14:10,536 DEBUG neo4j.io: [#CED9]  S: RECORD * 1
2025-11-04 03:14:10,536 DEBUG neo4j.io: [#CED9]  S: RECORD * 1
2025-11-04 03:14:10,536 DEBUG neo4j.io: [#CED9]  S: RECORD * 1
2025-11-04 03:14:10,536 DEBUG neo4j.io: [#CED9]  S: RECORD * 1
2025-11-04 03:14:10,536 DEBUG neo4j.io: [#CED9]  S: RECORD * 1
2025-11-04 03:14:10,537 DEBUG neo4j.io: [#CED9]  S: RECORD * 1
2025-11-04 03:14:10,538 DEBUG neo4j.io: [#CED9]  S: RECORD * 1
2025-11-04 03:14:10,538 DEBUG neo4j.io: [#CED9]  S: RECORD * 1
2025-11-04 03:14:10,538 DEBUG neo4j.io: [#CED9]  S: RECORD * 1
2025-11-04 03:14:10,538 DEBUG neo4j.io: [#CED9]  S: RECORD * 1
2025-11-04 03:14:10,539 DEBUG neo4j.io: [#CED9]  S: RECORD * 1
2025-11-04 03:14:10,539 DEBUG neo4j.io: [#CED9]  S: RECORD * 1
2025-11-04 03:14:10,539 DEBUG neo4j.io: [#CED9]  S: RECORD * 1
2025-11-04 03:14:10,539 DEBUG neo4j.io: [#CED9]  S: RECORD * 1
2025-11-04 03:14:10,540 DEBUG neo4j.io: [#CED9]  S: RECORD * 1
2025-11-04 03:14:10,540 DEBUG neo4j.io: [#CED9]  S: RECORD * 1
2025-11-04 03:14:10,540 DEBUG neo4j.io: [#CED9]  S: RECORD * 1
2025-11-04 03:14:10,540 DEBUG neo4j.io: [#CED9]  S: RECORD * 1
2025-11-04 03:14:10,540 DEBUG neo4j.io: [#CED9]  S: RECORD * 1
2025-11-04 03:14:10,541 DEBUG neo4j.io: [#CED9]  S: RECORD * 1
2025-11-04 03:14:10,541 DEBUG neo4j.io: [#CED9]  S: RECORD * 1
2025-11-04 03:14:10,541 DEBUG neo4j.io: [#CED9]  S: RECORD * 1
2025-11-04 03:14:10,541 DEBUG neo4j.io: [#CED9]  S: RECORD * 1
2025-11-04 03:14:10,541 DEBUG neo4j.io: [#CED9]  S: RECORD * 1
2025-11-04 03:14:10,542 DEBUG neo4j.io: [#CED9]  S: RECORD * 1
2025-11-04 03:14:10,542 DEBUG neo4j.io: [#CED9]  S: RECORD * 1
2025-11-04 03:14:10,542 DEBUG neo4j.io: [#CED9]  S: RECORD * 1
2025-11-04 03:14:10,542 DEBUG neo4j.io: [#CED9]  S: RECORD * 1
2025-11-04 03:14:10,542 DEBUG neo4j.io: [#CED9]  S: RECORD * 1
2025-11-04 03:14:10,543 DEBUG neo4j.io: [#CED9]  S: RECORD * 1
2025-11-04 03:14:10,543 DEBUG neo4j.io: [#CED9]  S: RECORD * 1
2025-11-04 03:14:10,543 DEBUG neo4j.io: [#CED9]  S: RECORD * 1
2025-11-04 03:14:10,543 DEBUG neo4j.io: [#CED9]  S: RECORD * 1
2025-11-04 03:14:10,543 DEBUG neo4j.io: [#CED9]  S: RECORD * 1
2025-11-04 03:14:10,544 DEBUG neo4j.io: [#CED9]  S: RECORD * 1
2025-11-04 03:14:10,544 DEBUG neo4j.io: [#CED9]  S: RECORD * 1
2025-11-04 03:14:10,544 DEBUG neo4j.io: [#CED9]  S: RECORD * 1
2025-11-04 03:14:10,544 DEBUG neo4j.io: [#CED9]  S: RECORD * 1
2025-11-04 03:14:10,545 DEBUG neo4j.io: [#CED9]  S: RECORD * 1
2025-11-04 03:14:10,545 DEBUG neo4j.io: [#CED9]  S: RECORD * 1
2025-11-04 03:14:10,545 DEBUG neo4j.io: [#CED9]  S: RECORD * 1
2025-11-04 03:14:10,545 DEBUG neo4j.io: [#CED9]  S: RECORD * 1
2025-11-04 03:14:10,545 DEBUG neo4j.io: [#CED9]  S: RECORD * 1
2025-11-04 03:14:10,546 DEBUG neo4j.io: [#CED9]  S: RECORD * 1
2025-11-04 03:14:10,546 DEBUG neo4j.io: [#CED9]  S: RECORD * 1
2025-11-04 03:14:10,546 DEBUG neo4j.io: [#CED9]  S: RECORD * 1
2025-11-04 03:14:10,546 DEBUG neo4j.io: [#CED9]  S: RECORD * 1
2025-11-04 03:14:10,546 DEBUG neo4j.io: [#CED9]  S: RECORD * 1
2025-11-04 03:14:10,547 DEBUG neo4j.io: [#CED9]  S: RECORD * 1
2025-11-04 03:14:10,547 DEBUG neo4j.io: [#CED9]  S: RECORD * 1
2025-11-04 03:14:10,547 DEBUG neo4j.io: [#CED9]  S: RECORD * 1
2025-11-04 03:14:10,547 DEBUG neo4j.io: [#CED9]  S: RECORD * 1
2025-11-04 03:14:10,547 DEBUG neo4j.io: [#CED9]  S: RECORD * 1
2025-11-04 03:14:10,548 DEBUG neo4j.io: [#CED9]  S: RECORD * 1
2025-11-04 03:14:10,548 DEBUG neo4j.io: [#CED9]  S: RECORD * 1
2025-11-04 03:14:10,548 DEBUG neo4j.io: [#CED9]  S: RECORD * 1
2025-11-04 03:14:10,549 DEBUG neo4j.io: [#CED9]  S: RECORD * 1
2025-11-04 03:14:10,549 DEBUG neo4j.io: [#CED9]  S: RECORD * 1
2025-11-04 03:14:10,549 DEBUG neo4j.io: [#CED9]  S: RECORD * 1
2025-11-04 03:14:10,550 DEBUG neo4j.io: [#CED9]  S: RECORD * 1
2025-11-04 03:14:10,550 DEBUG neo4j.io: [#CED9]  S: RECORD * 1
2025-11-04 03:14:10,550 DEBUG neo4j.io: [#CED9]  S: RECORD * 1
2025-11-04 03:14:10,551 DEBUG neo4j.io: [#CED9]  S: RECORD * 1
2025-11-04 03:14:10,551 DEBUG neo4j.io: [#CED9]  S: RECORD * 1
2025-11-04 03:14:10,551 DEBUG neo4j.io: [#CED9]  S: RECORD * 1
2025-11-04 03:14:10,552 DEBUG neo4j.io: [#CED9]  S: RECORD * 1
2025-11-04 03:14:10,552 DEBUG neo4j.io: [#CED9]  S: RECORD * 1
2025-11-04 03:14:10,552 DEBUG neo4j.io: [#CED9]  S: RECORD * 1
2025-11-04 03:14:10,552 DEBUG neo4j.io: [#CED9]  S: RECORD * 1
2025-11-04 03:14:10,553 DEBUG neo4j.io: [#CED9]  S: RECORD * 1
2025-11-04 03:14:10,553 DEBUG neo4j.io: [#CED9]  S: RECORD * 1
2025-11-04 03:14:10,553 DEBUG neo4j.io: [#CED9]  S: RECORD * 1
2025-11-04 03:14:10,553 DEBUG neo4j.io: [#CED9]  S: RECORD * 1
2025-11-04 03:14:10,553 DEBUG neo4j.io: [#CED9]  S: RECORD * 1
2025-11-04 03:14:10,554 DEBUG neo4j.io: [#CED9]  S: RECORD * 1
2025-11-04 03:14:10,554 DEBUG neo4j.io: [#CED9]  S: RECORD * 1
2025-11-04 03:14:10,554 DEBUG neo4j.io: [#CED9]  S: RECORD * 1
2025-11-04 03:14:10,554 DEBUG neo4j.io: [#CED9]  S: RECORD * 1
2025-11-04 03:14:10,554 DEBUG neo4j.io: [#CED9]  S: RECORD * 1
2025-11-04 03:14:10,555 DEBUG neo4j.io: [#CED9]  S: RECORD * 1
2025-11-04 03:14:10,555 DEBUG neo4j.io: [#CED9]  S: RECORD * 1
2025-11-04 03:14:10,555 DEBUG neo4j.io: [#CED9]  S: RECORD * 1
2025-11-04 03:14:10,555 DEBUG neo4j.io: [#CED9]  S: RECORD * 1
2025-11-04 03:14:10,556 DEBUG neo4j.io: [#CED9]  S: RECORD * 1
2025-11-04 03:14:10,556 DEBUG neo4j.io: [#CED9]  S: RECORD * 1
2025-11-04 03:14:10,556 DEBUG neo4j.io: [#CED9]  S: RECORD * 1
2025-11-04 03:14:10,556 DEBUG neo4j.io: [#CED9]  S: RECORD * 1
2025-11-04 03:14:10,556 DEBUG neo4j.io: [#CED9]  S: RECORD * 1
2025-11-04 03:14:10,557 DEBUG neo4j.io: [#CED9]  S: RECORD * 1
2025-11-04 03:14:10,557 DEBUG neo4j.io: [#CED9]  S: RECORD * 1
2025-11-04 03:14:10,557 DEBUG neo4j.io: [#CED9]  S: RECORD * 1
2025-11-04 03:14:10,557 DEBUG neo4j.io: [#CED9]  S: RECORD * 1
2025-11-04 03:14:10,557 DEBUG neo4j.io: [#CED9]  S: RECORD * 1
2025-11-04 03:14:10,558 DEBUG neo4j.io: [#CED9]  S: RECORD * 1
2025-11-04 03:14:10,558 DEBUG neo4j.io: [#CED9]  S: RECORD * 1
2025-11-04 03:14:10,558 DEBUG neo4j.io: [#CED9]  S: RECORD * 1
2025-11-04 03:14:10,558 DEBUG neo4j.io: [#CED9]  S: RECORD * 1
2025-11-04 03:14:10,559 DEBUG neo4j.io: [#CED9]  S: RECORD * 1
2025-11-04 03:14:10,559 DEBUG neo4j.io: [#CED9]  S: RECORD * 1
2025-11-04 03:14:10,559 DEBUG neo4j.io: [#CED9]  S: RECORD * 1
2025-11-04 03:14:10,559 DEBUG neo4j.io: [#CED9]  S: RECORD * 1
2025-11-04 03:14:10,559 DEBUG neo4j.io: [#CED9]  S: RECORD * 1
2025-11-04 03:14:10,560 DEBUG neo4j.io: [#CED9]  S: RECORD * 1
2025-11-04 03:14:10,560 DEBUG neo4j.io: [#CED9]  S: RECORD * 1
2025-11-04 03:14:10,560 DEBUG neo4j.io: [#CED9]  S: RECORD * 1
2025-11-04 03:14:10,560 DEBUG neo4j.io: [#CED9]  S: RECORD * 1
2025-11-04 03:14:10,560 DEBUG neo4j.io: [#CED9]  S: RECORD * 1
2025-11-04 03:14:10,561 DEBUG neo4j.io: [#CED9]  S: RECORD * 1
2025-11-04 03:14:10,561 DEBUG neo4j.io: [#CED9]  S: RECORD * 1
2025-11-04 03:14:10,561 DEBUG neo4j.io: [#CED9]  S: RECORD * 1
2025-11-04 03:14:10,561 DEBUG neo4j.io: [#CED9]  S: RECORD * 1
2025-11-04 03:14:10,562 DEBUG neo4j.io: [#CED9]  S: RECORD * 1
2025-11-04 03:14:10,562 DEBUG neo4j.io: [#CED9]  S: RECORD * 1
2025-11-04 03:14:10,562 DEBUG neo4j.io: [#CED9]  S: RECORD * 1
2025-11-04 03:14:10,562 DEBUG neo4j.io: [#CED9]  S: RECORD * 1
2025-11-04 03:14:10,563 DEBUG neo4j.io: [#CED9]  S: RECORD * 1
2025-11-04 03:14:10,563 DEBUG neo4j.io: [#CED9]  S: RECORD * 1
2025-11-04 03:14:10,563 DEBUG neo4j.io: [#CED9]  S: RECORD * 1
2025-11-04 03:14:10,563 DEBUG neo4j.io: [#CED9]  S: RECORD * 1
2025-11-04 03:14:10,563 DEBUG neo4j.io: [#CED9]  S: RECORD * 1
2025-11-04 03:14:10,564 DEBUG neo4j.io: [#CED9]  S: RECORD * 1
2025-11-04 03:14:10,564 DEBUG neo4j.io: [#CED9]  S: RECORD * 1
2025-11-04 03:14:10,564 DEBUG neo4j.io: [#CED9]  S: RECORD * 1
2025-11-04 03:14:10,564 DEBUG neo4j.io: [#CED9]  S: RECORD * 1
2025-11-04 03:14:10,565 DEBUG neo4j.io: [#CED9]  S: RECORD * 1
2025-11-04 03:14:10,565 DEBUG neo4j.io: [#CED9]  S: RECORD * 1
2025-11-04 03:14:10,565 DEBUG neo4j.io: [#CED9]  S: RECORD * 1
2025-11-04 03:14:10,565 DEBUG neo4j.io: [#CED9]  S: RECORD * 1
2025-11-04 03:14:10,565 DEBUG neo4j.io: [#CED9]  S: RECORD * 1
2025-11-04 03:14:10,566 DEBUG neo4j.io: [#CED9]  S: RECORD * 1
2025-11-04 03:14:10,566 DEBUG neo4j.io: [#CED9]  S: RECORD * 1
2025-11-04 03:14:10,566 DEBUG neo4j.io: [#CED9]  S: RECORD * 1
2025-11-04 03:14:10,566 DEBUG neo4j.io: [#CED9]  S: RECORD * 1
2025-11-04 03:14:10,567 DEBUG neo4j.io: [#CED9]  S: RECORD * 1
2025-11-04 03:14:10,567 DEBUG neo4j.io: [#CED9]  S: RECORD * 1
2025-11-04 03:14:10,568 DEBUG neo4j.io: [#CED9]  S: RECORD * 1
2025-11-04 03:14:10,568 DEBUG neo4j.io: [#CED9]  S: RECORD * 1
2025-11-04 03:14:10,569 DEBUG neo4j.io: [#CED9]  S: RECORD * 1
2025-11-04 03:14:10,569 DEBUG neo4j.io: [#CED9]  S: RECORD * 1
2025-11-04 03:14:10,569 DEBUG neo4j.io: [#CED9]  S: RECORD * 1
2025-11-04 03:14:10,570 DEBUG neo4j.io: [#CED9]  S: RECORD * 1
2025-11-04 03:14:10,570 DEBUG neo4j.io: [#CED9]  S: RECORD * 1
2025-11-04 03:14:10,570 DEBUG neo4j.io: [#CED9]  S: RECORD * 1
2025-11-04 03:14:10,570 DEBUG neo4j.io: [#CED9]  S: RECORD * 1
2025-11-04 03:14:10,571 DEBUG neo4j.io: [#CED9]  S: RECORD * 1
2025-11-04 03:14:10,571 DEBUG neo4j.io: [#CED9]  S: RECORD * 1
2025-11-04 03:14:10,571 DEBUG neo4j.io: [#CED9]  S: RECORD * 1
2025-11-04 03:14:10,571 DEBUG neo4j.io: [#CED9]  S: RECORD * 1
2025-11-04 03:14:10,572 DEBUG neo4j.io: [#CED9]  S: RECORD * 1
2025-11-04 03:14:10,572 DEBUG neo4j.io: [#CED9]  S: RECORD * 1
2025-11-04 03:14:10,572 DEBUG neo4j.io: [#CED9]  S: RECORD * 1
2025-11-04 03:14:10,572 DEBUG neo4j.io: [#CED9]  S: RECORD * 1
2025-11-04 03:14:10,572 DEBUG neo4j.io: [#CED9]  S: RECORD * 1
2025-11-04 03:14:10,573 DEBUG neo4j.io: [#CED9]  S: RECORD * 1
2025-11-04 03:14:10,573 DEBUG neo4j.io: [#CED9]  S: RECORD * 1
2025-11-04 03:14:10,573 DEBUG neo4j.io: [#CED9]  S: RECORD * 1
2025-11-04 03:14:10,573 DEBUG neo4j.io: [#CED9]  S: RECORD * 1
2025-11-04 03:14:10,574 DEBUG neo4j.io: [#CED9]  S: RECORD * 1
2025-11-04 03:14:10,574 DEBUG neo4j.io: [#CED9]  S: RECORD * 1
2025-11-04 03:14:10,574 DEBUG neo4j.io: [#CED9]  S: RECORD * 1
2025-11-04 03:14:10,574 DEBUG neo4j.io: [#CED9]  S: RECORD * 1
2025-11-04 03:14:10,574 DEBUG neo4j.io: [#CED9]  S: RECORD * 1
2025-11-04 03:14:10,575 DEBUG neo4j.io: [#CED9]  S: RECORD * 1
2025-11-04 03:14:10,575 DEBUG neo4j.io: [#CED9]  S: RECORD * 1
2025-11-04 03:14:10,575 DEBUG neo4j.io: [#CED9]  S: RECORD * 1
2025-11-04 03:14:10,575 DEBUG neo4j.io: [#CED9]  S: RECORD * 1
2025-11-04 03:14:10,576 DEBUG neo4j.io: [#CED9]  S: RECORD * 1
2025-11-04 03:14:10,576 DEBUG neo4j.io: [#CED9]  S: RECORD * 1
2025-11-04 03:14:10,576 DEBUG neo4j.io: [#CED9]  S: RECORD * 1
2025-11-04 03:14:10,576 DEBUG neo4j.io: [#CED9]  S: RECORD * 1
2025-11-04 03:14:10,576 DEBUG neo4j.io: [#CED9]  S: RECORD * 1
2025-11-04 03:14:10,577 DEBUG neo4j.io: [#CED9]  S: RECORD * 1
2025-11-04 03:14:10,577 DEBUG neo4j.io: [#CED9]  S: RECORD * 1
2025-11-04 03:14:10,577 DEBUG neo4j.io: [#CED9]  S: RECORD * 1
2025-11-04 03:14:10,577 DEBUG neo4j.io: [#CED9]  S: RECORD * 1
2025-11-04 03:14:10,578 DEBUG neo4j.io: [#CED9]  S: RECORD * 1
2025-11-04 03:14:10,578 DEBUG neo4j.io: [#CED9]  S: RECORD * 1
2025-11-04 03:14:10,578 DEBUG neo4j.io: [#CED9]  S: RECORD * 1
2025-11-04 03:14:10,579 DEBUG neo4j.io: [#CED9]  S: RECORD * 1
2025-11-04 03:14:10,579 DEBUG neo4j.io: [#CED9]  S: RECORD * 1
2025-11-04 03:14:10,579 DEBUG neo4j.io: [#CED9]  S: RECORD * 1
2025-11-04 03:14:10,579 DEBUG neo4j.io: [#CED9]  S: RECORD * 1
2025-11-04 03:14:10,579 DEBUG neo4j.io: [#CED9]  S: RECORD * 1
2025-11-04 03:14:10,580 DEBUG neo4j.io: [#CED9]  S: RECORD * 1
2025-11-04 03:14:10,580 DEBUG neo4j.io: [#CED9]  S: RECORD * 1
2025-11-04 03:14:10,580 DEBUG neo4j.io: [#CED9]  S: RECORD * 1
2025-11-04 03:14:10,580 DEBUG neo4j.io: [#CED9]  S: RECORD * 1
2025-11-04 03:14:10,580 DEBUG neo4j.io: [#CED9]  S: RECORD * 1
2025-11-04 03:14:10,581 DEBUG neo4j.io: [#CED9]  S: RECORD * 1
2025-11-04 03:14:10,581 DEBUG neo4j.io: [#CED9]  S: RECORD * 1
2025-11-04 03:14:10,581 DEBUG neo4j.io: [#CED9]  S: RECORD * 1
2025-11-04 03:14:10,581 DEBUG neo4j.io: [#CED9]  S: RECORD * 1
2025-11-04 03:14:10,582 DEBUG neo4j.io: [#CED9]  S: RECORD * 1
2025-11-04 03:14:10,582 DEBUG neo4j.io: [#CED9]  S: RECORD * 1
2025-11-04 03:14:10,582 DEBUG neo4j.io: [#CED9]  S: RECORD * 1
2025-11-04 03:14:10,582 DEBUG neo4j.io: [#CED9]  S: RECORD * 1
2025-11-04 03:14:10,582 DEBUG neo4j.io: [#CED9]  S: RECORD * 1
2025-11-04 03:14:10,583 DEBUG neo4j.io: [#CED9]  S: RECORD * 1
2025-11-04 03:14:10,583 DEBUG neo4j.io: [#CED9]  S: RECORD * 1
2025-11-04 03:14:10,583 DEBUG neo4j.io: [#CED9]  S: RECORD * 1
2025-11-04 03:14:10,584 DEBUG neo4j.io: [#CED9]  S: RECORD * 1
2025-11-04 03:14:10,584 DEBUG neo4j.io: [#CED9]  S: RECORD * 1
2025-11-04 03:14:10,585 DEBUG neo4j.io: [#CED9]  S: RECORD * 1
2025-11-04 03:14:10,585 DEBUG neo4j.io: [#CED9]  S: RECORD * 1
2025-11-04 03:14:10,585 DEBUG neo4j.io: [#CED9]  S: RECORD * 1
2025-11-04 03:14:10,585 DEBUG neo4j.io: [#CED9]  S: RECORD * 1
2025-11-04 03:14:10,586 DEBUG neo4j.io: [#CED9]  S: RECORD * 1
2025-11-04 03:14:10,586 DEBUG neo4j.io: [#CED9]  S: RECORD * 1
2025-11-04 03:14:10,586 DEBUG neo4j.io: [#CED9]  S: RECORD * 1
2025-11-04 03:14:10,586 DEBUG neo4j.io: [#CED9]  S: RECORD * 1
2025-11-04 03:14:10,587 DEBUG neo4j.io: [#CED9]  S: RECORD * 1
2025-11-04 03:14:10,587 DEBUG neo4j.io: [#CED9]  S: RECORD * 1
2025-11-04 03:14:10,587 DEBUG neo4j.io: [#CED9]  S: RECORD * 1
2025-11-04 03:14:10,587 DEBUG neo4j.io: [#CED9]  S: RECORD * 1
2025-11-04 03:14:10,587 DEBUG neo4j.io: [#CED9]  S: RECORD * 1
2025-11-04 03:14:10,588 DEBUG neo4j.io: [#CED9]  S: RECORD * 1
2025-11-04 03:14:10,588 DEBUG neo4j.io: [#CED9]  S: RECORD * 1
2025-11-04 03:14:10,588 DEBUG neo4j.io: [#CED9]  S: RECORD * 1
2025-11-04 03:14:10,588 DEBUG neo4j.io: [#CED9]  S: RECORD * 1
2025-11-04 03:14:10,589 DEBUG neo4j.io: [#CED9]  S: RECORD * 1
2025-11-04 03:14:10,589 DEBUG neo4j.io: [#CED9]  S: RECORD * 1
2025-11-04 03:14:10,589 DEBUG neo4j.io: [#CED9]  S: RECORD * 1
2025-11-04 03:14:10,589 DEBUG neo4j.io: [#CED9]  S: RECORD * 1
2025-11-04 03:14:10,590 DEBUG neo4j.io: [#CED9]  S: RECORD * 1
2025-11-04 03:14:10,590 DEBUG neo4j.io: [#CED9]  S: RECORD * 1
2025-11-04 03:14:10,591 DEBUG neo4j.io: [#CED9]  S: RECORD * 1
2025-11-04 03:14:10,591 DEBUG neo4j.io: [#CED9]  S: RECORD * 1
2025-11-04 03:14:10,591 DEBUG neo4j.io: [#CED9]  S: RECORD * 1
2025-11-04 03:14:10,592 DEBUG neo4j.io: [#CED9]  S: RECORD * 1
2025-11-04 03:14:10,592 DEBUG neo4j.io: [#CED9]  S: RECORD * 1
2025-11-04 03:14:10,592 DEBUG neo4j.io: [#CED9]  S: RECORD * 1
2025-11-04 03:14:10,592 DEBUG neo4j.io: [#CED9]  S: RECORD * 1
2025-11-04 03:14:10,593 DEBUG neo4j.io: [#CED9]  S: RECORD * 1
2025-11-04 03:14:10,593 DEBUG neo4j.io: [#CED9]  S: RECORD * 1
2025-11-04 03:14:10,593 DEBUG neo4j.io: [#CED9]  S: RECORD * 1
2025-11-04 03:14:10,593 DEBUG neo4j.io: [#CED9]  S: RECORD * 1
2025-11-04 03:14:10,593 DEBUG neo4j.io: [#CED9]  S: RECORD * 1
2025-11-04 03:14:10,594 DEBUG neo4j.io: [#CED9]  S: RECORD * 1
2025-11-04 03:14:10,594 DEBUG neo4j.io: [#CED9]  S: RECORD * 1
2025-11-04 03:14:10,594 DEBUG neo4j.io: [#CED9]  S: RECORD * 1
2025-11-04 03:14:10,594 DEBUG neo4j.io: [#CED9]  S: RECORD * 1
2025-11-04 03:14:10,594 DEBUG neo4j.io: [#CED9]  S: RECORD * 1
2025-11-04 03:14:10,595 DEBUG neo4j.io: [#CED9]  S: RECORD * 1
2025-11-04 03:14:10,595 DEBUG neo4j.io: [#CED9]  S: RECORD * 1
2025-11-04 03:14:10,595 DEBUG neo4j.io: [#CED9]  S: RECORD * 1
2025-11-04 03:14:10,595 DEBUG neo4j.io: [#CED9]  S: RECORD * 1
2025-11-04 03:14:10,596 DEBUG neo4j.io: [#CED9]  S: RECORD * 1
2025-11-04 03:14:10,596 DEBUG neo4j.io: [#CED9]  S: RECORD * 1
2025-11-04 03:14:10,596 DEBUG neo4j.io: [#CED9]  S: RECORD * 1
2025-11-04 03:14:10,596 DEBUG neo4j.io: [#CED9]  S: RECORD * 1
2025-11-04 03:14:10,597 DEBUG neo4j.io: [#CED9]  S: RECORD * 1
2025-11-04 03:14:10,597 DEBUG neo4j.io: [#CED9]  S: RECORD * 1
2025-11-04 03:14:10,597 DEBUG neo4j.io: [#CED9]  S: RECORD * 1
2025-11-04 03:14:10,597 DEBUG neo4j.io: [#CED9]  S: RECORD * 1
2025-11-04 03:14:10,598 DEBUG neo4j.io: [#CED9]  S: RECORD * 1
2025-11-04 03:14:10,598 DEBUG neo4j.io: [#CED9]  S: RECORD * 1
2025-11-04 03:14:10,598 DEBUG neo4j.io: [#CED9]  S: RECORD * 1
2025-11-04 03:14:10,598 DEBUG neo4j.io: [#CED9]  S: RECORD * 1
2025-11-04 03:14:10,599 DEBUG neo4j.io: [#CED9]  S: RECORD * 1
2025-11-04 03:14:10,599 DEBUG neo4j.io: [#CED9]  S: RECORD * 1
2025-11-04 03:14:10,599 DEBUG neo4j.io: [#CED9]  S: RECORD * 1
2025-11-04 03:14:10,599 DEBUG neo4j.io: [#CED9]  S: RECORD * 1
2025-11-04 03:14:10,599 DEBUG neo4j.io: [#CED9]  S: RECORD * 1
2025-11-04 03:14:10,600 DEBUG neo4j.io: [#CED9]  S: RECORD * 1
2025-11-04 03:14:10,600 DEBUG neo4j.io: [#CED9]  S: RECORD * 1
2025-11-04 03:14:10,600 DEBUG neo4j.io: [#CED9]  S: RECORD * 1
2025-11-04 03:14:10,601 DEBUG neo4j.io: [#CED9]  S: RECORD * 1
2025-11-04 03:14:10,601 DEBUG neo4j.io: [#CED9]  S: RECORD * 1
2025-11-04 03:14:10,601 DEBUG neo4j.io: [#CED9]  S: RECORD * 1
2025-11-04 03:14:10,602 DEBUG neo4j.io: [#CED9]  S: RECORD * 1
2025-11-04 03:14:10,602 DEBUG neo4j.io: [#CED9]  S: RECORD * 1
2025-11-04 03:14:10,602 DEBUG neo4j.io: [#CED9]  S: RECORD * 1
2025-11-04 03:14:10,603 DEBUG neo4j.io: [#CED9]  S: RECORD * 1
2025-11-04 03:14:10,603 DEBUG neo4j.io: [#CED9]  S: RECORD * 1
2025-11-04 03:14:10,603 DEBUG neo4j.io: [#CED9]  S: RECORD * 1
2025-11-04 03:14:10,604 DEBUG neo4j.io: [#CED9]  S: RECORD * 1
2025-11-04 03:14:10,604 DEBUG neo4j.io: [#CED9]  S: RECORD * 1
2025-11-04 03:14:10,604 DEBUG neo4j.io: [#CED9]  S: RECORD * 1
2025-11-04 03:14:10,605 DEBUG neo4j.io: [#CED9]  S: RECORD * 1
2025-11-04 03:14:10,605 DEBUG neo4j.io: [#CED9]  S: RECORD * 1
2025-11-04 03:14:10,605 DEBUG neo4j.io: [#CED9]  S: RECORD * 1
2025-11-04 03:14:10,605 DEBUG neo4j.io: [#CED9]  S: RECORD * 1
2025-11-04 03:14:10,606 DEBUG neo4j.io: [#CED9]  S: RECORD * 1
2025-11-04 03:14:10,606 DEBUG neo4j.io: [#CED9]  S: RECORD * 1
2025-11-04 03:14:10,606 DEBUG neo4j.io: [#CED9]  S: RECORD * 1
2025-11-04 03:14:10,606 DEBUG neo4j.io: [#CED9]  S: RECORD * 1
2025-11-04 03:14:10,607 DEBUG neo4j.io: [#CED9]  S: RECORD * 1
2025-11-04 03:14:10,607 DEBUG neo4j.io: [#CED9]  S: RECORD * 1
2025-11-04 03:14:10,607 DEBUG neo4j.io: [#CED9]  S: RECORD * 1
2025-11-04 03:14:10,607 DEBUG neo4j.io: [#CED9]  S: RECORD * 1
2025-11-04 03:14:10,607 DEBUG neo4j.io: [#CED9]  S: RECORD * 1
2025-11-04 03:14:10,608 DEBUG neo4j.io: [#CED9]  S: RECORD * 1
2025-11-04 03:14:10,608 DEBUG neo4j.io: [#CED9]  S: RECORD * 1
2025-11-04 03:14:10,608 DEBUG neo4j.io: [#CED9]  S: RECORD * 1
2025-11-04 03:14:10,608 DEBUG neo4j.io: [#CED9]  S: RECORD * 1
2025-11-04 03:14:10,609 DEBUG neo4j.io: [#CED9]  S: RECORD * 1
2025-11-04 03:14:10,609 DEBUG neo4j.io: [#CED9]  S: RECORD * 1
2025-11-04 03:14:10,609 DEBUG neo4j.io: [#CED9]  S: RECORD * 1
2025-11-04 03:14:10,609 DEBUG neo4j.io: [#CED9]  S: RECORD * 1
2025-11-04 03:14:10,609 DEBUG neo4j.io: [#CED9]  S: RECORD * 1
2025-11-04 03:14:10,610 DEBUG neo4j.io: [#CED9]  S: RECORD * 1
2025-11-04 03:14:10,610 DEBUG neo4j.io: [#CED9]  S: RECORD * 1
2025-11-04 03:14:10,610 DEBUG neo4j.io: [#CED9]  S: RECORD * 1
2025-11-04 03:14:10,610 DEBUG neo4j.io: [#CED9]  S: RECORD * 1
2025-11-04 03:14:10,611 DEBUG neo4j.io: [#CED9]  S: RECORD * 1
2025-11-04 03:14:10,611 DEBUG neo4j.io: [#CED9]  S: RECORD * 1
2025-11-04 03:14:10,611 DEBUG neo4j.io: [#CED9]  S: RECORD * 1
2025-11-04 03:14:10,611 DEBUG neo4j.io: [#CED9]  S: RECORD * 1
2025-11-04 03:14:10,611 DEBUG neo4j.io: [#CED9]  S: RECORD * 1
2025-11-04 03:14:10,612 DEBUG neo4j.io: [#CED9]  S: RECORD * 1
2025-11-04 03:14:10,612 DEBUG neo4j.io: [#CED9]  S: RECORD * 1
2025-11-04 03:14:10,612 DEBUG neo4j.io: [#CED9]  S: RECORD * 1
2025-11-04 03:14:10,612 DEBUG neo4j.io: [#CED9]  S: RECORD * 1
2025-11-04 03:14:10,612 DEBUG neo4j.io: [#CED9]  S: RECORD * 1
2025-11-04 03:14:10,613 DEBUG neo4j.io: [#CED9]  S: RECORD * 1
2025-11-04 03:14:10,613 DEBUG neo4j.io: [#CED9]  S: RECORD * 1
2025-11-04 03:14:10,613 DEBUG neo4j.io: [#CED9]  S: RECORD * 1
2025-11-04 03:14:10,613 DEBUG neo4j.io: [#CED9]  S: RECORD * 1
2025-11-04 03:14:10,614 DEBUG neo4j.io: [#CED9]  S: RECORD * 1
2025-11-04 03:14:10,614 DEBUG neo4j.io: [#CED9]  S: RECORD * 1
2025-11-04 03:14:10,614 DEBUG neo4j.io: [#CED9]  S: RECORD * 1
2025-11-04 03:14:10,615 DEBUG neo4j.io: [#CED9]  S: RECORD * 1
2025-11-04 03:14:10,615 DEBUG neo4j.io: [#CED9]  S: RECORD * 1
2025-11-04 03:14:10,616 DEBUG neo4j.io: [#CED9]  S: RECORD * 1
2025-11-04 03:14:10,616 DEBUG neo4j.io: [#CED9]  S: RECORD * 1
2025-11-04 03:14:10,617 DEBUG neo4j.io: [#CED9]  S: RECORD * 1
2025-11-04 03:14:10,617 DEBUG neo4j.io: [#CED9]  S: RECORD * 1
2025-11-04 03:14:10,617 DEBUG neo4j.io: [#CED9]  S: RECORD * 1
2025-11-04 03:14:10,618 DEBUG neo4j.io: [#CED9]  S: RECORD * 1
2025-11-04 03:14:10,618 DEBUG neo4j.io: [#CED9]  S: RECORD * 1
2025-11-04 03:14:10,618 DEBUG neo4j.io: [#CED9]  S: RECORD * 1
2025-11-04 03:14:10,619 DEBUG neo4j.io: [#CED9]  S: RECORD * 1
2025-11-04 03:14:10,619 DEBUG neo4j.io: [#CED9]  S: RECORD * 1
2025-11-04 03:14:10,619 DEBUG neo4j.io: [#CED9]  S: RECORD * 1
2025-11-04 03:14:10,620 DEBUG neo4j.io: [#CED9]  S: RECORD * 1
2025-11-04 03:14:10,620 DEBUG neo4j.io: [#CED9]  S: RECORD * 1
2025-11-04 03:14:10,620 DEBUG neo4j.io: [#CED9]  S: RECORD * 1
2025-11-04 03:14:10,621 DEBUG neo4j.io: [#CED9]  S: RECORD * 1
2025-11-04 03:14:10,621 DEBUG neo4j.io: [#CED9]  S: RECORD * 1
2025-11-04 03:14:10,621 DEBUG neo4j.io: [#CED9]  S: RECORD * 1
2025-11-04 03:14:10,622 DEBUG neo4j.io: [#CED9]  S: RECORD * 1
2025-11-04 03:14:10,622 DEBUG neo4j.io: [#CED9]  S: RECORD * 1
2025-11-04 03:14:10,622 DEBUG neo4j.io: [#CED9]  S: RECORD * 1
2025-11-04 03:14:10,623 DEBUG neo4j.io: [#CED9]  S: RECORD * 1
2025-11-04 03:14:10,623 DEBUG neo4j.io: [#CED9]  S: RECORD * 1
2025-11-04 03:14:10,623 DEBUG neo4j.io: [#CED9]  S: RECORD * 1
2025-11-04 03:14:10,624 DEBUG neo4j.io: [#CED9]  S: RECORD * 1
2025-11-04 03:14:10,625 DEBUG neo4j.io: [#CED9]  S: RECORD * 1
2025-11-04 03:14:10,625 DEBUG neo4j.io: [#CED9]  S: RECORD * 1
2025-11-04 03:14:10,625 DEBUG neo4j.io: [#CED9]  S: RECORD * 1
2025-11-04 03:14:10,625 DEBUG neo4j.io: [#CED9]  S: RECORD * 1
2025-11-04 03:14:10,626 DEBUG neo4j.io: [#CED9]  S: RECORD * 1
2025-11-04 03:14:10,626 DEBUG neo4j.io: [#CED9]  S: RECORD * 1
2025-11-04 03:14:10,626 DEBUG neo4j.io: [#CED9]  S: RECORD * 1
2025-11-04 03:14:10,627 DEBUG neo4j.io: [#CED9]  S: RECORD * 1
2025-11-04 03:14:10,627 DEBUG neo4j.io: [#CED9]  S: RECORD * 1
2025-11-04 03:14:10,627 DEBUG neo4j.io: [#CED9]  S: RECORD * 1
2025-11-04 03:14:10,628 DEBUG neo4j.io: [#CED9]  S: RECORD * 1
2025-11-04 03:14:10,628 DEBUG neo4j.io: [#CED9]  S: RECORD * 1
2025-11-04 03:14:10,628 DEBUG neo4j.io: [#CED9]  S: RECORD * 1
2025-11-04 03:14:10,628 DEBUG neo4j.io: [#CED9]  S: RECORD * 1
2025-11-04 03:14:10,629 DEBUG neo4j.io: [#CED9]  S: RECORD * 1
2025-11-04 03:14:10,629 DEBUG neo4j.io: [#CED9]  S: RECORD * 1
2025-11-04 03:14:10,629 DEBUG neo4j.io: [#CED9]  S: RECORD * 1
2025-11-04 03:14:10,629 DEBUG neo4j.io: [#CED9]  S: RECORD * 1
2025-11-04 03:14:10,629 DEBUG neo4j.io: [#CED9]  S: RECORD * 1
2025-11-04 03:14:10,630 DEBUG neo4j.io: [#CED9]  S: RECORD * 1
2025-11-04 03:14:10,630 DEBUG neo4j.io: [#CED9]  S: RECORD * 1
2025-11-04 03:14:10,630 DEBUG neo4j.io: [#CED9]  S: RECORD * 1
2025-11-04 03:14:10,630 DEBUG neo4j.io: [#CED9]  S: RECORD * 1
2025-11-04 03:14:10,630 DEBUG neo4j.io: [#CED9]  S: RECORD * 1
2025-11-04 03:14:10,631 DEBUG neo4j.io: [#CED9]  S: RECORD * 1
2025-11-04 03:14:10,631 DEBUG neo4j.io: [#CED9]  S: RECORD * 1
2025-11-04 03:14:10,631 DEBUG neo4j.io: [#CED9]  S: RECORD * 1
2025-11-04 03:14:10,631 DEBUG neo4j.io: [#CED9]  S: RECORD * 1
2025-11-04 03:14:10,632 DEBUG neo4j.io: [#CED9]  S: RECORD * 1
2025-11-04 03:14:10,632 DEBUG neo4j.io: [#CED9]  S: RECORD * 1
2025-11-04 03:14:10,632 DEBUG neo4j.io: [#CED9]  S: RECORD * 1
2025-11-04 03:14:10,632 DEBUG neo4j.io: [#CED9]  S: RECORD * 1
2025-11-04 03:14:10,632 DEBUG neo4j.io: [#CED9]  S: RECORD * 1
2025-11-04 03:14:10,632 DEBUG neo4j.io: [#CED9]  S: RECORD * 1
2025-11-04 03:14:10,632 DEBUG neo4j.io: [#CED9]  S: RECORD * 1
2025-11-04 03:14:10,633 DEBUG neo4j.io: [#CED9]  S: RECORD * 1
2025-11-04 03:14:10,633 DEBUG neo4j.io: [#CED9]  S: RECORD * 1
2025-11-04 03:14:10,633 DEBUG neo4j.io: [#CED9]  S: RECORD * 1
2025-11-04 03:14:10,634 DEBUG neo4j.io: [#CED9]  S: RECORD * 1
2025-11-04 03:14:10,634 DEBUG neo4j.io: [#CED9]  S: RECORD * 1
2025-11-04 03:14:10,635 DEBUG neo4j.io: [#CED9]  S: RECORD * 1
2025-11-04 03:14:10,635 DEBUG neo4j.io: [#CED9]  S: RECORD * 1
2025-11-04 03:14:10,635 DEBUG neo4j.io: [#CED9]  S: RECORD * 1
2025-11-04 03:14:10,636 DEBUG neo4j.io: [#CED9]  S: RECORD * 1
2025-11-04 03:14:10,636 DEBUG neo4j.io: [#CED9]  S: RECORD * 1
2025-11-04 03:14:10,636 DEBUG neo4j.io: [#CED9]  S: RECORD * 1
2025-11-04 03:14:10,637 DEBUG neo4j.io: [#CED9]  S: RECORD * 1
2025-11-04 03:14:10,637 DEBUG neo4j.io: [#CED9]  S: RECORD * 1
2025-11-04 03:14:10,637 DEBUG neo4j.io: [#CED9]  S: RECORD * 1
2025-11-04 03:14:10,638 DEBUG neo4j.io: [#CED9]  S: RECORD * 1
2025-11-04 03:14:10,638 DEBUG neo4j.io: [#CED9]  S: RECORD * 1
2025-11-04 03:14:10,638 DEBUG neo4j.io: [#CED9]  S: RECORD * 1
2025-11-04 03:14:10,639 DEBUG neo4j.io: [#CED9]  S: RECORD * 1
2025-11-04 03:14:10,639 DEBUG neo4j.io: [#CED9]  S: RECORD * 1
2025-11-04 03:14:10,639 DEBUG neo4j.io: [#CED9]  S: RECORD * 1
2025-11-04 03:14:10,640 DEBUG neo4j.io: [#CED9]  S: RECORD * 1
2025-11-04 03:14:10,640 DEBUG neo4j.io: [#CED9]  S: RECORD * 1
2025-11-04 03:14:10,641 DEBUG neo4j.io: [#CED9]  S: RECORD * 1
2025-11-04 03:14:10,642 DEBUG neo4j.io: [#CED9]  S: RECORD * 1
2025-11-04 03:14:10,642 DEBUG neo4j.io: [#CED9]  S: RECORD * 1
2025-11-04 03:14:10,642 DEBUG neo4j.io: [#CED9]  S: RECORD * 1
2025-11-04 03:14:10,643 DEBUG neo4j.io: [#CED9]  S: RECORD * 1
2025-11-04 03:14:10,643 DEBUG neo4j.io: [#CED9]  S: RECORD * 1
2025-11-04 03:14:10,643 DEBUG neo4j.io: [#CED9]  S: RECORD * 1
2025-11-04 03:14:10,644 DEBUG neo4j.io: [#CED9]  S: RECORD * 1
2025-11-04 03:14:10,644 DEBUG neo4j.io: [#CED9]  S: RECORD * 1
2025-11-04 03:14:10,644 DEBUG neo4j.io: [#CED9]  S: RECORD * 1
2025-11-04 03:14:10,644 DEBUG neo4j.io: [#CED9]  S: RECORD * 1
2025-11-04 03:14:10,644 DEBUG neo4j.io: [#CED9]  S: RECORD * 1
2025-11-04 03:14:10,645 DEBUG neo4j.io: [#CED9]  S: RECORD * 1
2025-11-04 03:14:10,645 DEBUG neo4j.io: [#CED9]  S: RECORD * 1
2025-11-04 03:14:10,645 DEBUG neo4j.io: [#CED9]  S: RECORD * 1
2025-11-04 03:14:10,645 DEBUG neo4j.io: [#CED9]  S: RECORD * 1
2025-11-04 03:14:10,645 DEBUG neo4j.io: [#CED9]  S: RECORD * 1
2025-11-04 03:14:10,646 DEBUG neo4j.io: [#CED9]  S: RECORD * 1
2025-11-04 03:14:10,646 DEBUG neo4j.io: [#CED9]  S: RECORD * 1
2025-11-04 03:14:10,646 DEBUG neo4j.io: [#CED9]  S: RECORD * 1
2025-11-04 03:14:10,646 DEBUG neo4j.io: [#CED9]  S: RECORD * 1
2025-11-04 03:14:10,647 DEBUG neo4j.io: [#CED9]  S: RECORD * 1
2025-11-04 03:14:10,647 DEBUG neo4j.io: [#CED9]  S: RECORD * 1
2025-11-04 03:14:10,647 DEBUG neo4j.io: [#CED9]  S: RECORD * 1
2025-11-04 03:14:10,647 DEBUG neo4j.io: [#CED9]  S: RECORD * 1
2025-11-04 03:14:10,647 DEBUG neo4j.io: [#CED9]  S: RECORD * 1
2025-11-04 03:14:10,648 DEBUG neo4j.io: [#CED9]  S: RECORD * 1
2025-11-04 03:14:10,648 DEBUG neo4j.io: [#CED9]  S: RECORD * 1
2025-11-04 03:14:10,648 DEBUG neo4j.io: [#CED9]  S: RECORD * 1
2025-11-04 03:14:10,648 DEBUG neo4j.io: [#CED9]  S: RECORD * 1
2025-11-04 03:14:10,648 DEBUG neo4j.io: [#CED9]  S: RECORD * 1
2025-11-04 03:14:10,649 DEBUG neo4j.io: [#CED9]  S: RECORD * 1
2025-11-04 03:14:10,649 DEBUG neo4j.io: [#CED9]  S: RECORD * 1
2025-11-04 03:14:10,649 DEBUG neo4j.io: [#CED9]  S: RECORD * 1
2025-11-04 03:14:10,649 DEBUG neo4j.io: [#CED9]  S: RECORD * 1
2025-11-04 03:14:10,650 DEBUG neo4j.io: [#CED9]  S: RECORD * 1
2025-11-04 03:14:10,650 DEBUG neo4j.io: [#CED9]  S: RECORD * 1
2025-11-04 03:14:10,650 DEBUG neo4j.io: [#CED9]  S: RECORD * 1
2025-11-04 03:14:10,650 DEBUG neo4j.io: [#CED9]  S: RECORD * 1
2025-11-04 03:14:10,650 DEBUG neo4j.io: [#CED9]  S: RECORD * 1
2025-11-04 03:14:10,650 DEBUG neo4j.io: [#CED9]  S: RECORD * 1
2025-11-04 03:14:10,650 DEBUG neo4j.io: [#CED9]  S: RECORD * 1
2025-11-04 03:14:10,652 DEBUG neo4j.io: [#CED9]  S: RECORD * 1
2025-11-04 03:14:10,652 DEBUG neo4j.io: [#CED9]  S: RECORD * 1
2025-11-04 03:14:10,652 DEBUG neo4j.io: [#CED9]  S: RECORD * 1
2025-11-04 03:14:10,652 DEBUG neo4j.io: [#CED9]  S: RECORD * 1
2025-11-04 03:14:10,652 DEBUG neo4j.io: [#CED9]  S: RECORD * 1
2025-11-04 03:14:10,653 DEBUG neo4j.io: [#CED9]  S: RECORD * 1
2025-11-04 03:14:10,653 DEBUG neo4j.io: [#CED9]  S: RECORD * 1
2025-11-04 03:14:10,653 DEBUG neo4j.io: [#CED9]  S: RECORD * 1
2025-11-04 03:14:10,653 DEBUG neo4j.io: [#CED9]  S: RECORD * 1
2025-11-04 03:14:10,653 DEBUG neo4j.io: [#CED9]  S: RECORD * 1
2025-11-04 03:14:10,654 DEBUG neo4j.io: [#CED9]  S: RECORD * 1
2025-11-04 03:14:10,654 DEBUG neo4j.io: [#CED9]  S: RECORD * 1
2025-11-04 03:14:10,654 DEBUG neo4j.io: [#CED9]  S: RECORD * 1
2025-11-04 03:14:10,654 DEBUG neo4j.io: [#CED9]  S: RECORD * 1
2025-11-04 03:14:10,654 DEBUG neo4j.io: [#CED9]  S: RECORD * 1
2025-11-04 03:14:10,655 DEBUG neo4j.io: [#CED9]  S: RECORD * 1
2025-11-04 03:14:10,655 DEBUG neo4j.io: [#CED9]  S: RECORD * 1
2025-11-04 03:14:10,655 DEBUG neo4j.io: [#CED9]  S: RECORD * 1
2025-11-04 03:14:10,656 DEBUG neo4j.io: [#CED9]  S: RECORD * 1
2025-11-04 03:14:10,656 DEBUG neo4j.io: [#CED9]  S: RECORD * 1
2025-11-04 03:14:10,656 DEBUG neo4j.io: [#CED9]  S: RECORD * 1
2025-11-04 03:14:10,656 DEBUG neo4j.io: [#CED9]  S: RECORD * 1
2025-11-04 03:14:10,656 DEBUG neo4j.io: [#CED9]  S: RECORD * 1
2025-11-04 03:14:10,657 DEBUG neo4j.io: [#CED9]  S: RECORD * 1
2025-11-04 03:14:10,657 DEBUG neo4j.io: [#CED9]  S: RECORD * 1
2025-11-04 03:14:10,657 DEBUG neo4j.io: [#CED9]  S: RECORD * 1
2025-11-04 03:14:10,657 DEBUG neo4j.io: [#CED9]  S: RECORD * 1
2025-11-04 03:14:10,657 DEBUG neo4j.io: [#CED9]  S: RECORD * 1
2025-11-04 03:14:10,658 DEBUG neo4j.io: [#CED9]  S: RECORD * 1
2025-11-04 03:14:10,658 DEBUG neo4j.io: [#CED9]  S: RECORD * 1
2025-11-04 03:14:10,658 DEBUG neo4j.io: [#CED9]  S: RECORD * 1
2025-11-04 03:14:10,658 DEBUG neo4j.io: [#CED9]  S: RECORD * 1
2025-11-04 03:14:10,658 DEBUG neo4j.io: [#CED9]  S: RECORD * 1
2025-11-04 03:14:10,659 DEBUG neo4j.io: [#CED9]  S: RECORD * 1
2025-11-04 03:14:10,659 DEBUG neo4j.io: [#CED9]  S: RECORD * 1
2025-11-04 03:14:10,659 DEBUG neo4j.io: [#CED9]  S: RECORD * 1
2025-11-04 03:14:10,659 DEBUG neo4j.io: [#CED9]  S: RECORD * 1
2025-11-04 03:14:10,660 DEBUG neo4j.io: [#CED9]  S: RECORD * 1
2025-11-04 03:14:10,660 DEBUG neo4j.io: [#CED9]  S: RECORD * 1
2025-11-04 03:14:10,660 DEBUG neo4j.io: [#CED9]  S: RECORD * 1
2025-11-04 03:14:10,660 DEBUG neo4j.io: [#CED9]  S: RECORD * 1
2025-11-04 03:14:10,660 DEBUG neo4j.io: [#CED9]  S: RECORD * 1
2025-11-04 03:14:10,661 DEBUG neo4j.io: [#CED9]  S: RECORD * 1
2025-11-04 03:14:10,661 DEBUG neo4j.io: [#CED9]  S: RECORD * 1
2025-11-04 03:14:10,661 DEBUG neo4j.io: [#CED9]  S: RECORD * 1
2025-11-04 03:14:10,661 DEBUG neo4j.io: [#CED9]  S: RECORD * 1
2025-11-04 03:14:10,661 DEBUG neo4j.io: [#CED9]  S: RECORD * 1
2025-11-04 03:14:10,662 DEBUG neo4j.io: [#CED9]  S: RECORD * 1
2025-11-04 03:14:10,662 DEBUG neo4j.io: [#CED9]  S: RECORD * 1
2025-11-04 03:14:10,662 DEBUG neo4j.io: [#CED9]  S: RECORD * 1
2025-11-04 03:14:10,662 DEBUG neo4j.io: [#CED9]  S: RECORD * 1
2025-11-04 03:14:10,662 DEBUG neo4j.io: [#CED9]  S: RECORD * 1
2025-11-04 03:14:10,663 DEBUG neo4j.io: [#CED9]  S: RECORD * 1
2025-11-04 03:14:10,663 DEBUG neo4j.io: [#CED9]  S: RECORD * 1
2025-11-04 03:14:10,663 DEBUG neo4j.io: [#CED9]  S: RECORD * 1
2025-11-04 03:14:10,663 DEBUG neo4j.io: [#CED9]  S: RECORD * 1
2025-11-04 03:14:10,664 DEBUG neo4j.io: [#CED9]  S: RECORD * 1
2025-11-04 03:14:10,664 DEBUG neo4j.io: [#CED9]  S: RECORD * 1
2025-11-04 03:14:10,664 DEBUG neo4j.io: [#CED9]  S: RECORD * 1
2025-11-04 03:14:10,664 DEBUG neo4j.io: [#CED9]  S: RECORD * 1
2025-11-04 03:14:10,664 DEBUG neo4j.io: [#CED9]  S: RECORD * 1
2025-11-04 03:14:10,665 DEBUG neo4j.io: [#CED9]  S: RECORD * 1
2025-11-04 03:14:10,665 DEBUG neo4j.io: [#CED9]  S: RECORD * 1
2025-11-04 03:14:10,665 DEBUG neo4j.io: [#CED9]  S: RECORD * 1
2025-11-04 03:14:10,665 DEBUG neo4j.io: [#CED9]  S: RECORD * 1
2025-11-04 03:14:10,665 DEBUG neo4j.io: [#CED9]  S: RECORD * 1
2025-11-04 03:14:10,666 DEBUG neo4j.io: [#CED9]  S: RECORD * 1
2025-11-04 03:14:10,666 DEBUG neo4j.io: [#CED9]  S: RECORD * 1
2025-11-04 03:14:10,666 DEBUG neo4j.io: [#CED9]  S: RECORD * 1
2025-11-04 03:14:10,666 DEBUG neo4j.io: [#CED9]  S: RECORD * 1
2025-11-04 03:14:10,667 DEBUG neo4j.io: [#CED9]  S: RECORD * 1
2025-11-04 03:14:10,667 DEBUG neo4j.io: [#CED9]  S: RECORD * 1
2025-11-04 03:14:10,667 DEBUG neo4j.io: [#CED9]  S: RECORD * 1
2025-11-04 03:14:10,667 DEBUG neo4j.io: [#CED9]  S: RECORD * 1
2025-11-04 03:14:10,667 DEBUG neo4j.io: [#CED9]  S: RECORD * 1
2025-11-04 03:14:10,668 DEBUG neo4j.io: [#CED9]  S: RECORD * 1
2025-11-04 03:14:10,668 DEBUG neo4j.io: [#CED9]  S: RECORD * 1
2025-11-04 03:14:10,668 DEBUG neo4j.io: [#CED9]  S: RECORD * 1
2025-11-04 03:14:10,668 DEBUG neo4j.io: [#CED9]  S: RECORD * 1
2025-11-04 03:14:10,669 DEBUG neo4j.io: [#CED9]  S: RECORD * 1
2025-11-04 03:14:10,669 DEBUG neo4j.io: [#CED9]  S: RECORD * 1
2025-11-04 03:14:10,669 DEBUG neo4j.io: [#CED9]  S: RECORD * 1
2025-11-04 03:14:10,669 DEBUG neo4j.io: [#CED9]  S: RECORD * 1
2025-11-04 03:14:10,669 DEBUG neo4j.io: [#CED9]  S: RECORD * 1
2025-11-04 03:14:10,670 DEBUG neo4j.io: [#CED9]  S: RECORD * 1
2025-11-04 03:14:10,670 DEBUG neo4j.io: [#CED9]  S: RECORD * 1
2025-11-04 03:14:10,670 DEBUG neo4j.io: [#CED9]  S: RECORD * 1
2025-11-04 03:14:10,670 DEBUG neo4j.io: [#CED9]  S: RECORD * 1
2025-11-04 03:14:10,670 DEBUG neo4j.io: [#CED9]  S: RECORD * 1
2025-11-04 03:14:10,671 DEBUG neo4j.io: [#CED9]  S: RECORD * 1
2025-11-04 03:14:10,671 DEBUG neo4j.io: [#CED9]  S: RECORD * 1
2025-11-04 03:14:10,671 DEBUG neo4j.io: [#CED9]  S: RECORD * 1
2025-11-04 03:14:10,671 DEBUG neo4j.io: [#CED9]  S: RECORD * 1
2025-11-04 03:14:10,671 DEBUG neo4j.io: [#CED9]  S: RECORD * 1
2025-11-04 03:14:10,672 DEBUG neo4j.io: [#CED9]  S: RECORD * 1
2025-11-04 03:14:10,672 DEBUG neo4j.io: [#CED9]  S: RECORD * 1
2025-11-04 03:14:10,672 DEBUG neo4j.io: [#CED9]  S: RECORD * 1
2025-11-04 03:14:10,672 DEBUG neo4j.io: [#CED9]  S: RECORD * 1
2025-11-04 03:14:10,673 DEBUG neo4j.io: [#CED9]  S: RECORD * 1
2025-11-04 03:14:10,673 DEBUG neo4j.io: [#CED9]  S: RECORD * 1
2025-11-04 03:14:10,673 DEBUG neo4j.io: [#CED9]  S: RECORD * 1
2025-11-04 03:14:10,673 DEBUG neo4j.io: [#CED9]  S: RECORD * 1
2025-11-04 03:14:10,673 DEBUG neo4j.io: [#CED9]  S: RECORD * 1
2025-11-04 03:14:10,674 DEBUG neo4j.io: [#CED9]  S: RECORD * 1
2025-11-04 03:14:10,674 DEBUG neo4j.io: [#CED9]  S: RECORD * 1
2025-11-04 03:14:10,674 DEBUG neo4j.io: [#CED9]  S: RECORD * 1
2025-11-04 03:14:10,674 DEBUG neo4j.io: [#CED9]  S: RECORD * 1
2025-11-04 03:14:10,674 DEBUG neo4j.io: [#CED9]  S: RECORD * 1
2025-11-04 03:14:10,675 DEBUG neo4j.io: [#CED9]  S: RECORD * 1
2025-11-04 03:14:10,675 DEBUG neo4j.io: [#CED9]  S: RECORD * 1
2025-11-04 03:14:10,675 DEBUG neo4j.io: [#CED9]  S: RECORD * 1
2025-11-04 03:14:10,675 DEBUG neo4j.io: [#CED9]  S: RECORD * 1
2025-11-04 03:14:10,675 DEBUG neo4j.io: [#CED9]  S: RECORD * 1
2025-11-04 03:14:10,676 DEBUG neo4j.io: [#CED9]  S: RECORD * 1
2025-11-04 03:14:10,676 DEBUG neo4j.io: [#CED9]  S: RECORD * 1
2025-11-04 03:14:10,676 DEBUG neo4j.io: [#CED9]  S: RECORD * 1
2025-11-04 03:14:10,676 DEBUG neo4j.io: [#CED9]  S: RECORD * 1
2025-11-04 03:14:10,676 DEBUG neo4j.io: [#CED9]  S: RECORD * 1
2025-11-04 03:14:10,677 DEBUG neo4j.io: [#CED9]  S: RECORD * 1
2025-11-04 03:14:10,677 DEBUG neo4j.io: [#CED9]  S: RECORD * 1
2025-11-04 03:14:10,677 DEBUG neo4j.io: [#CED9]  S: RECORD * 1
2025-11-04 03:14:10,677 DEBUG neo4j.io: [#CED9]  S: RECORD * 1
2025-11-04 03:14:10,678 DEBUG neo4j.io: [#CED9]  S: RECORD * 1
2025-11-04 03:14:10,678 DEBUG neo4j.io: [#CED9]  S: RECORD * 1
2025-11-04 03:14:10,678 DEBUG neo4j.io: [#CED9]  S: RECORD * 1
2025-11-04 03:14:10,678 DEBUG neo4j.io: [#CED9]  S: RECORD * 1
2025-11-04 03:14:10,678 DEBUG neo4j.io: [#CED9]  S: RECORD * 1
2025-11-04 03:14:10,679 DEBUG neo4j.io: [#CED9]  S: RECORD * 1
2025-11-04 03:14:10,679 DEBUG neo4j.io: [#CED9]  S: RECORD * 1
2025-11-04 03:14:10,679 DEBUG neo4j.io: [#CED9]  S: RECORD * 1
2025-11-04 03:14:10,679 DEBUG neo4j.io: [#CED9]  S: RECORD * 1
2025-11-04 03:14:10,680 DEBUG neo4j.io: [#CED9]  S: RECORD * 1
2025-11-04 03:14:10,680 DEBUG neo4j.io: [#CED9]  S: RECORD * 1
2025-11-04 03:14:10,680 DEBUG neo4j.io: [#CED9]  S: RECORD * 1
2025-11-04 03:14:10,680 DEBUG neo4j.io: [#CED9]  S: RECORD * 1
2025-11-04 03:14:10,680 DEBUG neo4j.io: [#CED9]  S: RECORD * 1
2025-11-04 03:14:10,681 DEBUG neo4j.io: [#CED9]  S: RECORD * 1
2025-11-04 03:14:10,681 DEBUG neo4j.io: [#CED9]  S: RECORD * 1
2025-11-04 03:14:10,681 DEBUG neo4j.io: [#CED9]  S: RECORD * 1
2025-11-04 03:14:10,681 DEBUG neo4j.io: [#CED9]  S: RECORD * 1
2025-11-04 03:14:10,681 DEBUG neo4j.io: [#CED9]  S: RECORD * 1
2025-11-04 03:14:10,682 DEBUG neo4j.io: [#CED9]  S: RECORD * 1
2025-11-04 03:14:10,682 DEBUG neo4j.io: [#CED9]  S: RECORD * 1
2025-11-04 03:14:10,682 DEBUG neo4j.io: [#CED9]  S: RECORD * 1
2025-11-04 03:14:10,682 DEBUG neo4j.io: [#CED9]  S: RECORD * 1
2025-11-04 03:14:10,683 DEBUG neo4j.io: [#CED9]  S: RECORD * 1
2025-11-04 03:14:10,683 DEBUG neo4j.io: [#CED9]  S: RECORD * 1
2025-11-04 03:14:10,683 DEBUG neo4j.io: [#CED9]  S: RECORD * 1
2025-11-04 03:14:10,684 DEBUG neo4j.io: [#CED9]  S: RECORD * 1
2025-11-04 03:14:10,684 DEBUG neo4j.io: [#CED9]  S: RECORD * 1
2025-11-04 03:14:10,685 DEBUG neo4j.io: [#CED9]  S: RECORD * 1
2025-11-04 03:14:10,685 DEBUG neo4j.io: [#CED9]  S: RECORD * 1
2025-11-04 03:14:10,686 DEBUG neo4j.io: [#CED9]  S: RECORD * 1
2025-11-04 03:14:10,686 DEBUG neo4j.io: [#CED9]  S: RECORD * 1
2025-11-04 03:14:10,686 DEBUG neo4j.io: [#CED9]  S: RECORD * 1
2025-11-04 03:14:10,686 DEBUG neo4j.io: [#CED9]  S: RECORD * 1
2025-11-04 03:14:10,686 DEBUG neo4j.io: [#CED9]  S: RECORD * 1
2025-11-04 03:14:10,687 DEBUG neo4j.io: [#CED9]  S: RECORD * 1
2025-11-04 03:14:10,687 DEBUG neo4j.io: [#CED9]  S: RECORD * 1
2025-11-04 03:14:10,687 DEBUG neo4j.io: [#CED9]  S: RECORD * 1
2025-11-04 03:14:10,687 DEBUG neo4j.io: [#CED9]  S: RECORD * 1
2025-11-04 03:14:10,687 DEBUG neo4j.io: [#CED9]  S: RECORD * 1
2025-11-04 03:14:10,688 DEBUG neo4j.io: [#CED9]  S: RECORD * 1
2025-11-04 03:14:10,688 DEBUG neo4j.io: [#CED9]  S: RECORD * 1
2025-11-04 03:14:10,688 DEBUG neo4j.io: [#CED9]  S: RECORD * 1
2025-11-04 03:14:10,688 DEBUG neo4j.io: [#CED9]  S: RECORD * 1
2025-11-04 03:14:10,689 DEBUG neo4j.io: [#CED9]  S: RECORD * 1
2025-11-04 03:14:10,689 DEBUG neo4j.io: [#CED9]  S: RECORD * 1
2025-11-04 03:14:10,690 DEBUG neo4j.io: [#CED9]  S: RECORD * 1
2025-11-04 03:14:10,690 DEBUG neo4j.io: [#CED9]  S: RECORD * 1
2025-11-04 03:14:10,690 DEBUG neo4j.io: [#CED9]  S: RECORD * 1
2025-11-04 03:14:10,691 DEBUG neo4j.io: [#CED9]  S: RECORD * 1
2025-11-04 03:14:10,691 DEBUG neo4j.io: [#CED9]  S: RECORD * 1
2025-11-04 03:14:10,691 DEBUG neo4j.io: [#CED9]  S: RECORD * 1
2025-11-04 03:14:10,692 DEBUG neo4j.io: [#CED9]  S: RECORD * 1
2025-11-04 03:14:10,692 DEBUG neo4j.io: [#CED9]  S: RECORD * 1
2025-11-04 03:14:10,693 DEBUG neo4j.io: [#CED9]  S: RECORD * 1
2025-11-04 03:14:10,693 DEBUG neo4j.io: [#CED9]  S: RECORD * 1
2025-11-04 03:14:10,693 DEBUG neo4j.io: [#CED9]  S: RECORD * 1
2025-11-04 03:14:10,694 DEBUG neo4j.io: [#CED9]  S: RECORD * 1
2025-11-04 03:14:10,694 DEBUG neo4j.io: [#CED9]  S: RECORD * 1
2025-11-04 03:14:10,695 DEBUG neo4j.io: [#CED9]  S: RECORD * 1
2025-11-04 03:14:10,695 DEBUG neo4j.io: [#CED9]  S: RECORD * 1
2025-11-04 03:14:10,695 DEBUG neo4j.io: [#CED9]  S: RECORD * 1
2025-11-04 03:14:10,696 DEBUG neo4j.io: [#CED9]  S: RECORD * 1
2025-11-04 03:14:10,696 DEBUG neo4j.io: [#CED9]  S: RECORD * 1
2025-11-04 03:14:10,696 DEBUG neo4j.io: [#CED9]  S: RECORD * 1
2025-11-04 03:14:10,697 DEBUG neo4j.io: [#CED9]  S: RECORD * 1
2025-11-04 03:14:10,697 DEBUG neo4j.io: [#CED9]  S: RECORD * 1
2025-11-04 03:14:10,698 DEBUG neo4j.io: [#CED9]  S: RECORD * 1
2025-11-04 03:14:10,698 DEBUG neo4j.io: [#CED9]  S: RECORD * 1
2025-11-04 03:14:10,698 DEBUG neo4j.io: [#CED9]  S: RECORD * 1
2025-11-04 03:14:10,699 DEBUG neo4j.io: [#CED9]  S: RECORD * 1
2025-11-04 03:14:10,699 DEBUG neo4j.io: [#CED9]  S: RECORD * 1
2025-11-04 03:14:10,699 DEBUG neo4j.io: [#CED9]  S: RECORD * 1
2025-11-04 03:14:10,700 DEBUG neo4j.io: [#CED9]  S: RECORD * 1
2025-11-04 03:14:10,700 DEBUG neo4j.io: [#CED9]  S: RECORD * 1
2025-11-04 03:14:10,701 DEBUG neo4j.io: [#CED9]  S: RECORD * 1
2025-11-04 03:14:10,701 DEBUG neo4j.io: [#CED9]  S: RECORD * 1
2025-11-04 03:14:10,701 DEBUG neo4j.io: [#CED9]  S: RECORD * 1
2025-11-04 03:14:10,702 DEBUG neo4j.io: [#CED9]  S: RECORD * 1
2025-11-04 03:14:10,702 DEBUG neo4j.io: [#CED9]  S: RECORD * 1
2025-11-04 03:14:10,702 DEBUG neo4j.io: [#CED9]  S: RECORD * 1
2025-11-04 03:14:10,703 DEBUG neo4j.io: [#CED9]  S: RECORD * 1
2025-11-04 03:14:10,703 DEBUG neo4j.io: [#CED9]  S: RECORD * 1
2025-11-04 03:14:10,703 DEBUG neo4j.io: [#CED9]  S: RECORD * 1
2025-11-04 03:14:10,704 DEBUG neo4j.io: [#CED9]  S: RECORD * 1
2025-11-04 03:14:10,704 DEBUG neo4j.io: [#CED9]  S: RECORD * 1
2025-11-04 03:14:10,704 DEBUG neo4j.io: [#CED9]  S: RECORD * 1
2025-11-04 03:14:10,705 DEBUG neo4j.io: [#CED9]  S: RECORD * 1
2025-11-04 03:14:10,705 DEBUG neo4j.io: [#CED9]  S: RECORD * 1
2025-11-04 03:14:10,705 DEBUG neo4j.io: [#CED9]  S: RECORD * 1
2025-11-04 03:14:10,705 DEBUG neo4j.io: [#CED9]  S: RECORD * 1
2025-11-04 03:14:10,706 DEBUG neo4j.io: [#CED9]  S: RECORD * 1
2025-11-04 03:14:10,706 DEBUG neo4j.io: [#CED9]  S: RECORD * 1
2025-11-04 03:14:10,706 DEBUG neo4j.io: [#CED9]  S: RECORD * 1
2025-11-04 03:14:10,707 DEBUG neo4j.io: [#CED9]  S: RECORD * 1
2025-11-04 03:14:10,707 DEBUG neo4j.io: [#CED9]  S: RECORD * 1
2025-11-04 03:14:10,707 DEBUG neo4j.io: [#CED9]  S: RECORD * 1
2025-11-04 03:14:10,707 DEBUG neo4j.io: [#CED9]  S: RECORD * 1
2025-11-04 03:14:10,708 DEBUG neo4j.io: [#CED9]  S: RECORD * 1
2025-11-04 03:14:10,708 DEBUG neo4j.io: [#CED9]  S: RECORD * 1
2025-11-04 03:14:10,708 DEBUG neo4j.io: [#CED9]  S: RECORD * 1
2025-11-04 03:14:10,708 DEBUG neo4j.io: [#CED9]  S: RECORD * 1
2025-11-04 03:14:10,708 DEBUG neo4j.io: [#CED9]  S: RECORD * 1
2025-11-04 03:14:10,709 DEBUG neo4j.io: [#CED9]  S: RECORD * 1
2025-11-04 03:14:10,709 DEBUG neo4j.io: [#CED9]  S: RECORD * 1
2025-11-04 03:14:10,709 DEBUG neo4j.io: [#CED9]  S: RECORD * 1
2025-11-04 03:14:10,709 DEBUG neo4j.io: [#CED9]  S: RECORD * 1
2025-11-04 03:14:10,710 DEBUG neo4j.io: [#CED9]  S: RECORD * 1
2025-11-04 03:14:10,710 DEBUG neo4j.io: [#CED9]  S: RECORD * 1
2025-11-04 03:14:10,710 DEBUG neo4j.io: [#CED9]  S: RECORD * 1
2025-11-04 03:14:10,711 DEBUG neo4j.io: [#CED9]  S: RECORD * 1
2025-11-04 03:14:10,711 DEBUG neo4j.io: [#CED9]  S: RECORD * 1
2025-11-04 03:14:10,711 DEBUG neo4j.io: [#CED9]  S: RECORD * 1
2025-11-04 03:14:10,711 DEBUG neo4j.io: [#CED9]  S: RECORD * 1
2025-11-04 03:14:10,711 DEBUG neo4j.io: [#CED9]  S: RECORD * 1
2025-11-04 03:14:10,712 DEBUG neo4j.io: [#CED9]  S: RECORD * 1
2025-11-04 03:14:10,712 DEBUG neo4j.io: [#CED9]  S: RECORD * 1
2025-11-04 03:14:10,712 DEBUG neo4j.io: [#CED9]  S: RECORD * 1
2025-11-04 03:14:10,712 DEBUG neo4j.io: [#CED9]  S: RECORD * 1
2025-11-04 03:14:10,713 DEBUG neo4j.io: [#CED9]  S: RECORD * 1
2025-11-04 03:14:10,713 DEBUG neo4j.io: [#CED9]  S: RECORD * 1
2025-11-04 03:14:10,713 DEBUG neo4j.io: [#CED9]  S: RECORD * 1
2025-11-04 03:14:10,713 DEBUG neo4j.io: [#CED9]  S: RECORD * 1
2025-11-04 03:14:10,713 DEBUG neo4j.io: [#CED9]  S: RECORD * 1
2025-11-04 03:14:10,714 DEBUG neo4j.io: [#CED9]  S: RECORD * 1
2025-11-04 03:14:10,714 DEBUG neo4j.io: [#CED9]  S: RECORD * 1
2025-11-04 03:14:10,714 DEBUG neo4j.io: [#CED9]  S: RECORD * 1
2025-11-04 03:14:10,714 DEBUG neo4j.io: [#CED9]  S: RECORD * 1
2025-11-04 03:14:10,715 DEBUG neo4j.io: [#CED9]  S: RECORD * 1
2025-11-04 03:14:10,715 DEBUG neo4j.io: [#CED9]  S: RECORD * 1
2025-11-04 03:14:10,715 DEBUG neo4j.io: [#CED9]  S: RECORD * 1
2025-11-04 03:14:10,715 DEBUG neo4j.io: [#CED9]  S: RECORD * 1
2025-11-04 03:14:10,715 DEBUG neo4j.io: [#CED9]  S: RECORD * 1
2025-11-04 03:14:10,716 DEBUG neo4j.io: [#CED9]  S: RECORD * 1
2025-11-04 03:14:10,716 DEBUG neo4j.io: [#CED9]  S: RECORD * 1
2025-11-04 03:14:10,716 DEBUG neo4j.io: [#CED9]  S: RECORD * 1
2025-11-04 03:14:10,716 DEBUG neo4j.io: [#CED9]  S: RECORD * 1
2025-11-04 03:14:10,717 DEBUG neo4j.io: [#CED9]  S: RECORD * 1
2025-11-04 03:14:10,717 DEBUG neo4j.io: [#CED9]  S: RECORD * 1
2025-11-04 03:14:10,717 DEBUG neo4j.io: [#CED9]  S: RECORD * 1
2025-11-04 03:14:10,717 DEBUG neo4j.io: [#CED9]  S: RECORD * 1
2025-11-04 03:14:10,718 DEBUG neo4j.io: [#CED9]  S: RECORD * 1
2025-11-04 03:14:10,718 DEBUG neo4j.io: [#CED9]  S: RECORD * 1
2025-11-04 03:14:10,718 DEBUG neo4j.io: [#CED9]  S: RECORD * 1
2025-11-04 03:14:10,718 DEBUG neo4j.io: [#CED9]  S: RECORD * 1
2025-11-04 03:14:10,718 DEBUG neo4j.io: [#CED9]  S: RECORD * 1
2025-11-04 03:14:10,718 DEBUG neo4j.io: [#CED9]  S: RECORD * 1
2025-11-04 03:14:10,720 DEBUG neo4j.io: [#CED9]  S: RECORD * 1
2025-11-04 03:14:10,720 DEBUG neo4j.io: [#CED9]  S: RECORD * 1
2025-11-04 03:14:10,720 DEBUG neo4j.io: [#CED9]  S: RECORD * 1
2025-11-04 03:14:10,720 DEBUG neo4j.io: [#CED9]  S: RECORD * 1
2025-11-04 03:14:10,721 DEBUG neo4j.io: [#CED9]  S: RECORD * 1
2025-11-04 03:14:10,721 DEBUG neo4j.io: [#CED9]  S: RECORD * 1
2025-11-04 03:14:10,721 DEBUG neo4j.io: [#CED9]  S: RECORD * 1
2025-11-04 03:14:10,721 DEBUG neo4j.io: [#CED9]  S: RECORD * 1
2025-11-04 03:14:10,721 DEBUG neo4j.io: [#CED9]  S: RECORD * 1
2025-11-04 03:14:10,722 DEBUG neo4j.io: [#CED9]  S: RECORD * 1
2025-11-04 03:14:10,722 DEBUG neo4j.io: [#CED9]  S: RECORD * 1
2025-11-04 03:14:10,722 DEBUG neo4j.io: [#CED9]  S: RECORD * 1
2025-11-04 03:14:10,722 DEBUG neo4j.io: [#CED9]  S: RECORD * 1
2025-11-04 03:14:10,722 DEBUG neo4j.io: [#CED9]  S: RECORD * 1
2025-11-04 03:14:10,722 DEBUG neo4j.io: [#CED9]  S: RECORD * 1
2025-11-04 03:14:10,723 DEBUG neo4j.io: [#CED9]  S: RECORD * 1
2025-11-04 03:14:10,723 DEBUG neo4j.io: [#CED9]  S: RECORD * 1
2025-11-04 03:14:10,723 DEBUG neo4j.io: [#CED9]  S: RECORD * 1
2025-11-04 03:14:10,723 DEBUG neo4j.io: [#CED9]  S: RECORD * 1
2025-11-04 03:14:10,723 DEBUG neo4j.io: [#CED9]  S: RECORD * 1
2025-11-04 03:14:10,724 DEBUG neo4j.io: [#CED9]  S: RECORD * 1
2025-11-04 03:14:10,724 DEBUG neo4j.io: [#CED9]  S: RECORD * 1
2025-11-04 03:14:10,724 DEBUG neo4j.io: [#CED9]  S: RECORD * 1
2025-11-04 03:14:10,724 DEBUG neo4j.io: [#CED9]  S: RECORD * 1
2025-11-04 03:14:10,725 DEBUG neo4j.io: [#CED9]  S: RECORD * 1
2025-11-04 03:14:10,725 DEBUG neo4j.io: [#CED9]  S: RECORD * 1
2025-11-04 03:14:10,725 DEBUG neo4j.io: [#CED9]  S: RECORD * 1
2025-11-04 03:14:10,725 DEBUG neo4j.io: [#CED9]  S: RECORD * 1
2025-11-04 03:14:10,725 DEBUG neo4j.io: [#CED9]  S: RECORD * 1
2025-11-04 03:14:10,726 DEBUG neo4j.io: [#CED9]  S: RECORD * 1
2025-11-04 03:14:10,726 DEBUG neo4j.io: [#CED9]  S: RECORD * 1
2025-11-04 03:14:10,726 DEBUG neo4j.io: [#CED9]  S: RECORD * 1
2025-11-04 03:14:10,726 DEBUG neo4j.io: [#CED9]  S: RECORD * 1
2025-11-04 03:14:10,726 DEBUG neo4j.io: [#CED9]  S: RECORD * 1
2025-11-04 03:14:10,727 DEBUG neo4j.io: [#CED9]  S: RECORD * 1
2025-11-04 03:14:10,727 DEBUG neo4j.io: [#CED9]  S: RECORD * 1
2025-11-04 03:14:10,727 DEBUG neo4j.io: [#CED9]  S: RECORD * 1
2025-11-04 03:14:10,727 DEBUG neo4j.io: [#CED9]  S: RECORD * 1
2025-11-04 03:14:10,728 DEBUG neo4j.io: [#CED9]  S: RECORD * 1
2025-11-04 03:14:10,728 DEBUG neo4j.io: [#CED9]  S: RECORD * 1
2025-11-04 03:14:10,728 DEBUG neo4j.io: [#CED9]  S: SUCCESS {'statuses': [{'gql_status': '00000', 'status_description': 'note: successful completion'}], 'type': 'r', 't_last': 575, 'db': 'helpfile'}
2025-11-04 03:14:10,728 DEBUG neo4j.io: [#CED9]  C: COMMIT
2025-11-04 03:14:10,728 DEBUG neo4j.io: [#CED9]  _: <CONNECTION> client state: TX_READY_OR_TX_STREAMING > READY
2025-11-04 03:14:10,736 DEBUG neo4j.io: [#CED9]  S: SUCCESS {'bookmark': 'FB:kcwQ8rwaENxyTdu2M21TLrZqzskGvZA='}
2025-11-04 03:14:10,736 DEBUG neo4j.io: [#CED9]  _: <CONNECTION> server state: TX_READY_OR_TX_STREAMING > READY
2025-11-04 03:14:10,737 DEBUG neo4j.pool: [#CED9]  _: <POOL> released bolt-28
2025-11-04 03:14:10,834 DEBUG neo4j: [#0000]  _: <WORKSPACE> routing towards fixed database: helpfile
2025-11-04 03:14:10,834 DEBUG neo4j: [#0000]  _: <WORKSPACE> pinning database: 'helpfile'
2025-11-04 03:14:10,834 DEBUG neo4j.pool: [#0000]  _: <POOL> acquire direct connection, access_mode='WRITE', database=AcquisitionDatabase(name='helpfile', guessed=False)
2025-11-04 03:14:10,834 DEBUG neo4j.pool: [#CED9]  _: <POOL> picked existing connection bolt-28
2025-11-04 03:14:10,834 DEBUG neo4j.pool: [#CED9]  _: <POOL> checked re_auth auth=None updated=False force=False
2025-11-04 03:14:10,834 DEBUG neo4j.pool: [#CED9]  _: <POOL> handing out existing connection
2025-11-04 03:14:10,834 DEBUG neo4j.io: [#CED9]  C: BEGIN {'db': 'helpfile', 'bookmarks': ['FB:kcwQ8rwaENxyTdu2M21TLrZqzskGvZA=']}
2025-11-04 03:14:10,834 DEBUG neo4j.io: [#CED9]  _: <CONNECTION> client state: READY > TX_READY_OR_TX_STREAMING
2025-11-04 03:14:10,835 DEBUG neo4j.io: [#CED9]  C: RUN '\nCALL apoc.meta.data()\nYIELD label, other, elementType, type, property\nWHERE type = "RELATIONSHIP" AND elementType = "node"\nUNWIND other AS other_node\nWITH * WHERE NOT label IN $EXCLUDED_LABELS\n    AND NOT other_node IN $EXCLUDED_LABELS\nRETURN {start: label, type: property, end: toString(other_node)} AS output\n' {'EXCLUDED_LABELS': ['_Bloom_Perspective_', '_Bloom_Scene_', '__Entity__', '__Node__']} {}
2025-11-04 03:14:10,835 DEBUG neo4j.io: [#CED9]  C: PULL {'n': 1000}
2025-11-04 03:14:10,840 DEBUG neo4j.io: [#CED9]  S: SUCCESS {}
2025-11-04 03:14:10,840 DEBUG neo4j.io: [#CED9]  _: <CONNECTION> server state: READY > TX_READY_OR_TX_STREAMING
2025-11-04 03:14:10,851 DEBUG neo4j.io: [#CED9]  S: SUCCESS {'t_first': 8, 'fields': ['output'], 'qid': 0}
2025-11-04 03:14:11,084 DEBUG neo4j.io: [#CED9]  S: RECORD * 1
2025-11-04 03:14:11,085 DEBUG neo4j.io: [#CED9]  S: RECORD * 1
2025-11-04 03:14:11,085 DEBUG neo4j.io: [#CED9]  S: RECORD * 1
2025-11-04 03:14:11,085 DEBUG neo4j.io: [#CED9]  S: RECORD * 1
2025-11-04 03:14:11,085 DEBUG neo4j.io: [#CED9]  S: RECORD * 1
2025-11-04 03:14:11,085 DEBUG neo4j.io: [#CED9]  S: RECORD * 1
2025-11-04 03:14:11,086 DEBUG neo4j.io: [#CED9]  S: RECORD * 1
2025-11-04 03:14:11,086 DEBUG neo4j.io: [#CED9]  S: RECORD * 1
2025-11-04 03:14:11,086 DEBUG neo4j.io: [#CED9]  S: RECORD * 1
2025-11-04 03:14:11,086 DEBUG neo4j.io: [#CED9]  S: RECORD * 1
2025-11-04 03:14:11,087 DEBUG neo4j.io: [#CED9]  S: RECORD * 1
2025-11-04 03:14:11,087 DEBUG neo4j.io: [#CED9]  S: RECORD * 1
2025-11-04 03:14:11,088 DEBUG neo4j.io: [#CED9]  S: RECORD * 1
2025-11-04 03:14:11,088 DEBUG neo4j.io: [#CED9]  S: RECORD * 1
2025-11-04 03:14:11,088 DEBUG neo4j.io: [#CED9]  S: RECORD * 1
2025-11-04 03:14:11,088 DEBUG neo4j.io: [#CED9]  S: RECORD * 1
2025-11-04 03:14:11,088 DEBUG neo4j.io: [#CED9]  S: RECORD * 1
2025-11-04 03:14:11,088 DEBUG neo4j.io: [#CED9]  S: RECORD * 1
2025-11-04 03:14:11,088 DEBUG neo4j.io: [#CED9]  S: RECORD * 1
2025-11-04 03:14:11,088 DEBUG neo4j.io: [#CED9]  S: RECORD * 1
2025-11-04 03:14:11,089 DEBUG neo4j.io: [#CED9]  S: RECORD * 1
2025-11-04 03:14:11,089 DEBUG neo4j.io: [#CED9]  S: RECORD * 1
2025-11-04 03:14:11,089 DEBUG neo4j.io: [#CED9]  S: RECORD * 1
2025-11-04 03:14:11,089 DEBUG neo4j.io: [#CED9]  S: RECORD * 1
2025-11-04 03:14:11,089 DEBUG neo4j.io: [#CED9]  S: RECORD * 1
2025-11-04 03:14:11,089 DEBUG neo4j.io: [#CED9]  S: RECORD * 1
2025-11-04 03:14:11,089 DEBUG neo4j.io: [#CED9]  S: RECORD * 1
2025-11-04 03:14:11,089 DEBUG neo4j.io: [#CED9]  S: RECORD * 1
2025-11-04 03:14:11,089 DEBUG neo4j.io: [#CED9]  S: RECORD * 1
2025-11-04 03:14:11,089 DEBUG neo4j.io: [#CED9]  S: RECORD * 1
2025-11-04 03:14:11,089 DEBUG neo4j.io: [#CED9]  S: RECORD * 1
2025-11-04 03:14:11,090 DEBUG neo4j.io: [#CED9]  S: RECORD * 1
2025-11-04 03:14:11,090 DEBUG neo4j.io: [#CED9]  S: RECORD * 1
2025-11-04 03:14:11,090 DEBUG neo4j.io: [#CED9]  S: RECORD * 1
2025-11-04 03:14:11,090 DEBUG neo4j.io: [#CED9]  S: RECORD * 1
2025-11-04 03:14:11,090 DEBUG neo4j.io: [#CED9]  S: RECORD * 1
2025-11-04 03:14:11,090 DEBUG neo4j.io: [#CED9]  S: RECORD * 1
2025-11-04 03:14:11,090 DEBUG neo4j.io: [#CED9]  S: RECORD * 1
2025-11-04 03:14:11,090 DEBUG neo4j.io: [#CED9]  S: RECORD * 1
2025-11-04 03:14:11,090 DEBUG neo4j.io: [#CED9]  S: RECORD * 1
2025-11-04 03:14:11,090 DEBUG neo4j.io: [#CED9]  S: RECORD * 1
2025-11-04 03:14:11,090 DEBUG neo4j.io: [#CED9]  S: RECORD * 1
2025-11-04 03:14:11,090 DEBUG neo4j.io: [#CED9]  S: RECORD * 1
2025-11-04 03:14:11,091 DEBUG neo4j.io: [#CED9]  S: RECORD * 1
2025-11-04 03:14:11,091 DEBUG neo4j.io: [#CED9]  S: RECORD * 1
2025-11-04 03:14:11,091 DEBUG neo4j.io: [#CED9]  S: RECORD * 1
2025-11-04 03:14:11,091 DEBUG neo4j.io: [#CED9]  S: RECORD * 1
2025-11-04 03:14:11,091 DEBUG neo4j.io: [#CED9]  S: RECORD * 1
2025-11-04 03:14:11,091 DEBUG neo4j.io: [#CED9]  S: RECORD * 1
2025-11-04 03:14:11,091 DEBUG neo4j.io: [#CED9]  S: RECORD * 1
2025-11-04 03:14:11,091 DEBUG neo4j.io: [#CED9]  S: RECORD * 1
2025-11-04 03:14:11,091 DEBUG neo4j.io: [#CED9]  S: RECORD * 1
2025-11-04 03:14:11,091 DEBUG neo4j.io: [#CED9]  S: RECORD * 1
2025-11-04 03:14:11,091 DEBUG neo4j.io: [#CED9]  S: RECORD * 1
2025-11-04 03:14:11,091 DEBUG neo4j.io: [#CED9]  S: RECORD * 1
2025-11-04 03:14:11,092 DEBUG neo4j.io: [#CED9]  S: RECORD * 1
2025-11-04 03:14:11,092 DEBUG neo4j.io: [#CED9]  S: RECORD * 1
2025-11-04 03:14:11,092 DEBUG neo4j.io: [#CED9]  S: RECORD * 1
2025-11-04 03:14:11,092 DEBUG neo4j.io: [#CED9]  S: RECORD * 1
2025-11-04 03:14:11,092 DEBUG neo4j.io: [#CED9]  S: RECORD * 1
2025-11-04 03:14:11,092 DEBUG neo4j.io: [#CED9]  S: RECORD * 1
2025-11-04 03:14:11,092 DEBUG neo4j.io: [#CED9]  S: RECORD * 1
2025-11-04 03:14:11,092 DEBUG neo4j.io: [#CED9]  S: RECORD * 1
2025-11-04 03:14:11,092 DEBUG neo4j.io: [#CED9]  S: RECORD * 1
2025-11-04 03:14:11,092 DEBUG neo4j.io: [#CED9]  S: RECORD * 1
2025-11-04 03:14:11,092 DEBUG neo4j.io: [#CED9]  S: RECORD * 1
2025-11-04 03:14:11,092 DEBUG neo4j.io: [#CED9]  S: RECORD * 1
2025-11-04 03:14:11,093 DEBUG neo4j.io: [#CED9]  S: RECORD * 1
2025-11-04 03:14:11,093 DEBUG neo4j.io: [#CED9]  S: RECORD * 1
2025-11-04 03:14:11,093 DEBUG neo4j.io: [#CED9]  S: RECORD * 1
2025-11-04 03:14:11,093 DEBUG neo4j.io: [#CED9]  S: RECORD * 1
2025-11-04 03:14:11,093 DEBUG neo4j.io: [#CED9]  S: RECORD * 1
2025-11-04 03:14:11,093 DEBUG neo4j.io: [#CED9]  S: RECORD * 1
2025-11-04 03:14:11,093 DEBUG neo4j.io: [#CED9]  S: RECORD * 1
2025-11-04 03:14:11,093 DEBUG neo4j.io: [#CED9]  S: RECORD * 1
2025-11-04 03:14:11,093 DEBUG neo4j.io: [#CED9]  S: RECORD * 1
2025-11-04 03:14:11,093 DEBUG neo4j.io: [#CED9]  S: RECORD * 1
2025-11-04 03:14:11,093 DEBUG neo4j.io: [#CED9]  S: RECORD * 1
2025-11-04 03:14:11,093 DEBUG neo4j.io: [#CED9]  S: RECORD * 1
2025-11-04 03:14:11,094 DEBUG neo4j.io: [#CED9]  S: RECORD * 1
2025-11-04 03:14:11,094 DEBUG neo4j.io: [#CED9]  S: RECORD * 1
2025-11-04 03:14:11,094 DEBUG neo4j.io: [#CED9]  S: RECORD * 1
2025-11-04 03:14:11,094 DEBUG neo4j.io: [#CED9]  S: RECORD * 1
2025-11-04 03:14:11,094 DEBUG neo4j.io: [#CED9]  S: RECORD * 1
2025-11-04 03:14:11,094 DEBUG neo4j.io: [#CED9]  S: RECORD * 1
2025-11-04 03:14:11,094 DEBUG neo4j.io: [#CED9]  S: RECORD * 1
2025-11-04 03:14:11,094 DEBUG neo4j.io: [#CED9]  S: RECORD * 1
2025-11-04 03:14:11,094 DEBUG neo4j.io: [#CED9]  S: RECORD * 1
2025-11-04 03:14:11,094 DEBUG neo4j.io: [#CED9]  S: RECORD * 1
2025-11-04 03:14:11,095 DEBUG neo4j.io: [#CED9]  S: RECORD * 1
2025-11-04 03:14:11,095 DEBUG neo4j.io: [#CED9]  S: RECORD * 1
2025-11-04 03:14:11,095 DEBUG neo4j.io: [#CED9]  S: RECORD * 1
2025-11-04 03:14:11,095 DEBUG neo4j.io: [#CED9]  S: RECORD * 1
2025-11-04 03:14:11,095 DEBUG neo4j.io: [#CED9]  S: RECORD * 1
2025-11-04 03:14:11,095 DEBUG neo4j.io: [#CED9]  S: RECORD * 1
2025-11-04 03:14:11,095 DEBUG neo4j.io: [#CED9]  S: RECORD * 1
2025-11-04 03:14:11,095 DEBUG neo4j.io: [#CED9]  S: RECORD * 1
2025-11-04 03:14:11,095 DEBUG neo4j.io: [#CED9]  S: RECORD * 1
2025-11-04 03:14:11,095 DEBUG neo4j.io: [#CED9]  S: RECORD * 1
2025-11-04 03:14:11,095 DEBUG neo4j.io: [#CED9]  S: RECORD * 1
2025-11-04 03:14:11,095 DEBUG neo4j.io: [#CED9]  S: RECORD * 1
2025-11-04 03:14:11,096 DEBUG neo4j.io: [#CED9]  S: RECORD * 1
2025-11-04 03:14:11,096 DEBUG neo4j.io: [#CED9]  S: RECORD * 1
2025-11-04 03:14:11,096 DEBUG neo4j.io: [#CED9]  S: RECORD * 1
2025-11-04 03:14:11,096 DEBUG neo4j.io: [#CED9]  S: RECORD * 1
2025-11-04 03:14:11,096 DEBUG neo4j.io: [#CED9]  S: RECORD * 1
2025-11-04 03:14:11,096 DEBUG neo4j.io: [#CED9]  S: RECORD * 1
2025-11-04 03:14:11,096 DEBUG neo4j.io: [#CED9]  S: RECORD * 1
2025-11-04 03:14:11,096 DEBUG neo4j.io: [#CED9]  S: RECORD * 1
2025-11-04 03:14:11,096 DEBUG neo4j.io: [#CED9]  S: RECORD * 1
2025-11-04 03:14:11,096 DEBUG neo4j.io: [#CED9]  S: RECORD * 1
2025-11-04 03:14:11,096 DEBUG neo4j.io: [#CED9]  S: RECORD * 1
2025-11-04 03:14:11,096 DEBUG neo4j.io: [#CED9]  S: RECORD * 1
2025-11-04 03:14:11,097 DEBUG neo4j.io: [#CED9]  S: RECORD * 1
2025-11-04 03:14:11,097 DEBUG neo4j.io: [#CED9]  S: RECORD * 1
2025-11-04 03:14:11,097 DEBUG neo4j.io: [#CED9]  S: RECORD * 1
2025-11-04 03:14:11,097 DEBUG neo4j.io: [#CED9]  S: RECORD * 1
2025-11-04 03:14:11,097 DEBUG neo4j.io: [#CED9]  S: RECORD * 1
2025-11-04 03:14:11,097 DEBUG neo4j.io: [#CED9]  S: RECORD * 1
2025-11-04 03:14:11,097 DEBUG neo4j.io: [#CED9]  S: RECORD * 1
2025-11-04 03:14:11,097 DEBUG neo4j.io: [#CED9]  S: RECORD * 1
2025-11-04 03:14:11,097 DEBUG neo4j.io: [#CED9]  S: RECORD * 1
2025-11-04 03:14:11,097 DEBUG neo4j.io: [#CED9]  S: RECORD * 1
2025-11-04 03:14:11,097 DEBUG neo4j.io: [#CED9]  S: RECORD * 1
2025-11-04 03:14:11,097 DEBUG neo4j.io: [#CED9]  S: RECORD * 1
2025-11-04 03:14:11,098 DEBUG neo4j.io: [#CED9]  S: RECORD * 1
2025-11-04 03:14:11,098 DEBUG neo4j.io: [#CED9]  S: RECORD * 1
2025-11-04 03:14:11,098 DEBUG neo4j.io: [#CED9]  S: RECORD * 1
2025-11-04 03:14:11,098 DEBUG neo4j.io: [#CED9]  S: RECORD * 1
2025-11-04 03:14:11,098 DEBUG neo4j.io: [#CED9]  S: RECORD * 1
2025-11-04 03:14:11,098 DEBUG neo4j.io: [#CED9]  S: RECORD * 1
2025-11-04 03:14:11,098 DEBUG neo4j.io: [#CED9]  S: RECORD * 1
2025-11-04 03:14:11,099 DEBUG neo4j.io: [#CED9]  S: RECORD * 1
2025-11-04 03:14:11,099 DEBUG neo4j.io: [#CED9]  S: RECORD * 1
2025-11-04 03:14:11,099 DEBUG neo4j.io: [#CED9]  S: RECORD * 1
2025-11-04 03:14:11,099 DEBUG neo4j.io: [#CED9]  S: RECORD * 1
2025-11-04 03:14:11,099 DEBUG neo4j.io: [#CED9]  S: RECORD * 1
2025-11-04 03:14:11,099 DEBUG neo4j.io: [#CED9]  S: RECORD * 1
2025-11-04 03:14:11,099 DEBUG neo4j.io: [#CED9]  S: RECORD * 1
2025-11-04 03:14:11,100 DEBUG neo4j.io: [#CED9]  S: RECORD * 1
2025-11-04 03:14:11,100 DEBUG neo4j.io: [#CED9]  S: RECORD * 1
2025-11-04 03:14:11,100 DEBUG neo4j.io: [#CED9]  S: RECORD * 1
2025-11-04 03:14:11,100 DEBUG neo4j.io: [#CED9]  S: RECORD * 1
2025-11-04 03:14:11,100 DEBUG neo4j.io: [#CED9]  S: RECORD * 1
2025-11-04 03:14:11,100 DEBUG neo4j.io: [#CED9]  S: RECORD * 1
2025-11-04 03:14:11,100 DEBUG neo4j.io: [#CED9]  S: RECORD * 1
2025-11-04 03:14:11,100 DEBUG neo4j.io: [#CED9]  S: RECORD * 1
2025-11-04 03:14:11,100 DEBUG neo4j.io: [#CED9]  S: RECORD * 1
2025-11-04 03:14:11,101 DEBUG neo4j.io: [#CED9]  S: RECORD * 1
2025-11-04 03:14:11,101 DEBUG neo4j.io: [#CED9]  S: RECORD * 1
2025-11-04 03:14:11,101 DEBUG neo4j.io: [#CED9]  S: RECORD * 1
2025-11-04 03:14:11,101 DEBUG neo4j.io: [#CED9]  S: RECORD * 1
2025-11-04 03:14:11,102 DEBUG neo4j.io: [#CED9]  S: RECORD * 1
2025-11-04 03:14:11,102 DEBUG neo4j.io: [#CED9]  S: RECORD * 1
2025-11-04 03:14:11,102 DEBUG neo4j.io: [#CED9]  S: RECORD * 1
2025-11-04 03:14:11,102 DEBUG neo4j.io: [#CED9]  S: RECORD * 1
2025-11-04 03:14:11,102 DEBUG neo4j.io: [#CED9]  S: RECORD * 1
2025-11-04 03:14:11,102 DEBUG neo4j.io: [#CED9]  S: RECORD * 1
2025-11-04 03:14:11,102 DEBUG neo4j.io: [#CED9]  S: RECORD * 1
2025-11-04 03:14:11,102 DEBUG neo4j.io: [#CED9]  S: RECORD * 1
2025-11-04 03:14:11,102 DEBUG neo4j.io: [#CED9]  S: RECORD * 1
2025-11-04 03:14:11,102 DEBUG neo4j.io: [#CED9]  S: RECORD * 1
2025-11-04 03:14:11,102 DEBUG neo4j.io: [#CED9]  S: RECORD * 1
2025-11-04 03:14:11,103 DEBUG neo4j.io: [#CED9]  S: RECORD * 1
2025-11-04 03:14:11,103 DEBUG neo4j.io: [#CED9]  S: RECORD * 1
2025-11-04 03:14:11,103 DEBUG neo4j.io: [#CED9]  S: RECORD * 1
2025-11-04 03:14:11,103 DEBUG neo4j.io: [#CED9]  S: RECORD * 1
2025-11-04 03:14:11,103 DEBUG neo4j.io: [#CED9]  S: RECORD * 1
2025-11-04 03:14:11,103 DEBUG neo4j.io: [#CED9]  S: RECORD * 1
2025-11-04 03:14:11,103 DEBUG neo4j.io: [#CED9]  S: RECORD * 1
2025-11-04 03:14:11,103 DEBUG neo4j.io: [#CED9]  S: RECORD * 1
2025-11-04 03:14:11,103 DEBUG neo4j.io: [#CED9]  S: RECORD * 1
2025-11-04 03:14:11,103 DEBUG neo4j.io: [#CED9]  S: RECORD * 1
2025-11-04 03:14:11,104 DEBUG neo4j.io: [#CED9]  S: RECORD * 1
2025-11-04 03:14:11,104 DEBUG neo4j.io: [#CED9]  S: RECORD * 1
2025-11-04 03:14:11,104 DEBUG neo4j.io: [#CED9]  S: RECORD * 1
2025-11-04 03:14:11,104 DEBUG neo4j.io: [#CED9]  S: RECORD * 1
2025-11-04 03:14:11,104 DEBUG neo4j.io: [#CED9]  S: RECORD * 1
2025-11-04 03:14:11,104 DEBUG neo4j.io: [#CED9]  S: RECORD * 1
2025-11-04 03:14:11,104 DEBUG neo4j.io: [#CED9]  S: RECORD * 1
2025-11-04 03:14:11,104 DEBUG neo4j.io: [#CED9]  S: RECORD * 1
2025-11-04 03:14:11,104 DEBUG neo4j.io: [#CED9]  S: RECORD * 1
2025-11-04 03:14:11,104 DEBUG neo4j.io: [#CED9]  S: RECORD * 1
2025-11-04 03:14:11,104 DEBUG neo4j.io: [#CED9]  S: RECORD * 1
2025-11-04 03:14:11,104 DEBUG neo4j.io: [#CED9]  S: RECORD * 1
2025-11-04 03:14:11,105 DEBUG neo4j.io: [#CED9]  S: RECORD * 1
2025-11-04 03:14:11,105 DEBUG neo4j.io: [#CED9]  S: RECORD * 1
2025-11-04 03:14:11,105 DEBUG neo4j.io: [#CED9]  S: RECORD * 1
2025-11-04 03:14:11,105 DEBUG neo4j.io: [#CED9]  S: RECORD * 1
2025-11-04 03:14:11,105 DEBUG neo4j.io: [#CED9]  S: RECORD * 1
2025-11-04 03:14:11,105 DEBUG neo4j.io: [#CED9]  S: RECORD * 1
2025-11-04 03:14:11,105 DEBUG neo4j.io: [#CED9]  S: RECORD * 1
2025-11-04 03:14:11,105 DEBUG neo4j.io: [#CED9]  S: RECORD * 1
2025-11-04 03:14:11,105 DEBUG neo4j.io: [#CED9]  S: RECORD * 1
2025-11-04 03:14:11,105 DEBUG neo4j.io: [#CED9]  S: RECORD * 1
2025-11-04 03:14:11,106 DEBUG neo4j.io: [#CED9]  S: RECORD * 1
2025-11-04 03:14:11,106 DEBUG neo4j.io: [#CED9]  S: RECORD * 1
2025-11-04 03:14:11,106 DEBUG neo4j.io: [#CED9]  S: RECORD * 1
2025-11-04 03:14:11,106 DEBUG neo4j.io: [#CED9]  S: RECORD * 1
2025-11-04 03:14:11,106 DEBUG neo4j.io: [#CED9]  S: RECORD * 1
2025-11-04 03:14:11,106 DEBUG neo4j.io: [#CED9]  S: RECORD * 1
2025-11-04 03:14:11,106 DEBUG neo4j.io: [#CED9]  S: RECORD * 1
2025-11-04 03:14:11,106 DEBUG neo4j.io: [#CED9]  S: RECORD * 1
2025-11-04 03:14:11,106 DEBUG neo4j.io: [#CED9]  S: RECORD * 1
2025-11-04 03:14:11,106 DEBUG neo4j.io: [#CED9]  S: RECORD * 1
2025-11-04 03:14:11,107 DEBUG neo4j.io: [#CED9]  S: RECORD * 1
2025-11-04 03:14:11,107 DEBUG neo4j.io: [#CED9]  S: RECORD * 1
2025-11-04 03:14:11,107 DEBUG neo4j.io: [#CED9]  S: RECORD * 1
2025-11-04 03:14:11,107 DEBUG neo4j.io: [#CED9]  S: RECORD * 1
2025-11-04 03:14:11,107 DEBUG neo4j.io: [#CED9]  S: RECORD * 1
2025-11-04 03:14:11,107 DEBUG neo4j.io: [#CED9]  S: RECORD * 1
2025-11-04 03:14:11,107 DEBUG neo4j.io: [#CED9]  S: RECORD * 1
2025-11-04 03:14:11,107 DEBUG neo4j.io: [#CED9]  S: RECORD * 1
2025-11-04 03:14:11,107 DEBUG neo4j.io: [#CED9]  S: RECORD * 1
2025-11-04 03:14:11,107 DEBUG neo4j.io: [#CED9]  S: RECORD * 1
2025-11-04 03:14:11,107 DEBUG neo4j.io: [#CED9]  S: RECORD * 1
2025-11-04 03:14:11,108 DEBUG neo4j.io: [#CED9]  S: RECORD * 1
2025-11-04 03:14:11,108 DEBUG neo4j.io: [#CED9]  S: RECORD * 1
2025-11-04 03:14:11,108 DEBUG neo4j.io: [#CED9]  S: RECORD * 1
2025-11-04 03:14:11,108 DEBUG neo4j.io: [#CED9]  S: RECORD * 1
2025-11-04 03:14:11,108 DEBUG neo4j.io: [#CED9]  S: RECORD * 1
2025-11-04 03:14:11,108 DEBUG neo4j.io: [#CED9]  S: RECORD * 1
2025-11-04 03:14:11,108 DEBUG neo4j.io: [#CED9]  S: RECORD * 1
2025-11-04 03:14:11,108 DEBUG neo4j.io: [#CED9]  S: RECORD * 1
2025-11-04 03:14:11,108 DEBUG neo4j.io: [#CED9]  S: RECORD * 1
2025-11-04 03:14:11,108 DEBUG neo4j.io: [#CED9]  S: RECORD * 1
2025-11-04 03:14:11,108 DEBUG neo4j.io: [#CED9]  S: RECORD * 1
2025-11-04 03:14:11,108 DEBUG neo4j.io: [#CED9]  S: RECORD * 1
2025-11-04 03:14:11,109 DEBUG neo4j.io: [#CED9]  S: RECORD * 1
2025-11-04 03:14:11,109 DEBUG neo4j.io: [#CED9]  S: RECORD * 1
2025-11-04 03:14:11,109 DEBUG neo4j.io: [#CED9]  S: RECORD * 1
2025-11-04 03:14:11,109 DEBUG neo4j.io: [#CED9]  S: RECORD * 1
2025-11-04 03:14:11,109 DEBUG neo4j.io: [#CED9]  S: RECORD * 1
2025-11-04 03:14:11,109 DEBUG neo4j.io: [#CED9]  S: RECORD * 1
2025-11-04 03:14:11,109 DEBUG neo4j.io: [#CED9]  S: RECORD * 1
2025-11-04 03:14:11,109 DEBUG neo4j.io: [#CED9]  S: RECORD * 1
2025-11-04 03:14:11,109 DEBUG neo4j.io: [#CED9]  S: RECORD * 1
2025-11-04 03:14:11,109 DEBUG neo4j.io: [#CED9]  S: RECORD * 1
2025-11-04 03:14:11,109 DEBUG neo4j.io: [#CED9]  S: RECORD * 1
2025-11-04 03:14:11,109 DEBUG neo4j.io: [#CED9]  S: RECORD * 1
2025-11-04 03:14:11,110 DEBUG neo4j.io: [#CED9]  S: RECORD * 1
2025-11-04 03:14:11,110 DEBUG neo4j.io: [#CED9]  S: RECORD * 1
2025-11-04 03:14:11,110 DEBUG neo4j.io: [#CED9]  S: RECORD * 1
2025-11-04 03:14:11,110 DEBUG neo4j.io: [#CED9]  S: RECORD * 1
2025-11-04 03:14:11,110 DEBUG neo4j.io: [#CED9]  S: RECORD * 1
2025-11-04 03:14:11,110 DEBUG neo4j.io: [#CED9]  S: RECORD * 1
2025-11-04 03:14:11,110 DEBUG neo4j.io: [#CED9]  S: RECORD * 1
2025-11-04 03:14:11,110 DEBUG neo4j.io: [#CED9]  S: RECORD * 1
2025-11-04 03:14:11,110 DEBUG neo4j.io: [#CED9]  S: RECORD * 1
2025-11-04 03:14:11,110 DEBUG neo4j.io: [#CED9]  S: RECORD * 1
2025-11-04 03:14:11,110 DEBUG neo4j.io: [#CED9]  S: RECORD * 1
2025-11-04 03:14:11,110 DEBUG neo4j.io: [#CED9]  S: RECORD * 1
2025-11-04 03:14:11,111 DEBUG neo4j.io: [#CED9]  S: RECORD * 1
2025-11-04 03:14:11,111 DEBUG neo4j.io: [#CED9]  S: RECORD * 1
2025-11-04 03:14:11,111 DEBUG neo4j.io: [#CED9]  S: RECORD * 1
2025-11-04 03:14:11,111 DEBUG neo4j.io: [#CED9]  S: RECORD * 1
2025-11-04 03:14:11,111 DEBUG neo4j.io: [#CED9]  S: RECORD * 1
2025-11-04 03:14:11,111 DEBUG neo4j.io: [#CED9]  S: RECORD * 1
2025-11-04 03:14:11,111 DEBUG neo4j.io: [#CED9]  S: RECORD * 1
2025-11-04 03:14:11,111 DEBUG neo4j.io: [#CED9]  S: RECORD * 1
2025-11-04 03:14:11,111 DEBUG neo4j.io: [#CED9]  S: RECORD * 1
2025-11-04 03:14:11,111 DEBUG neo4j.io: [#CED9]  S: RECORD * 1
2025-11-04 03:14:11,111 DEBUG neo4j.io: [#CED9]  S: RECORD * 1
2025-11-04 03:14:11,111 DEBUG neo4j.io: [#CED9]  S: RECORD * 1
2025-11-04 03:14:11,112 DEBUG neo4j.io: [#CED9]  S: RECORD * 1
2025-11-04 03:14:11,112 DEBUG neo4j.io: [#CED9]  S: RECORD * 1
2025-11-04 03:14:11,112 DEBUG neo4j.io: [#CED9]  S: RECORD * 1
2025-11-04 03:14:11,112 DEBUG neo4j.io: [#CED9]  S: RECORD * 1
2025-11-04 03:14:11,112 DEBUG neo4j.io: [#CED9]  S: RECORD * 1
2025-11-04 03:14:11,112 DEBUG neo4j.io: [#CED9]  S: RECORD * 1
2025-11-04 03:14:11,112 DEBUG neo4j.io: [#CED9]  S: RECORD * 1
2025-11-04 03:14:11,112 DEBUG neo4j.io: [#CED9]  S: RECORD * 1
2025-11-04 03:14:11,112 DEBUG neo4j.io: [#CED9]  S: RECORD * 1
2025-11-04 03:14:11,112 DEBUG neo4j.io: [#CED9]  S: RECORD * 1
2025-11-04 03:14:11,112 DEBUG neo4j.io: [#CED9]  S: RECORD * 1
2025-11-04 03:14:11,112 DEBUG neo4j.io: [#CED9]  S: RECORD * 1
2025-11-04 03:14:11,113 DEBUG neo4j.io: [#CED9]  S: RECORD * 1
2025-11-04 03:14:11,113 DEBUG neo4j.io: [#CED9]  S: RECORD * 1
2025-11-04 03:14:11,113 DEBUG neo4j.io: [#CED9]  S: RECORD * 1
2025-11-04 03:14:11,113 DEBUG neo4j.io: [#CED9]  S: RECORD * 1
2025-11-04 03:14:11,113 DEBUG neo4j.io: [#CED9]  S: RECORD * 1
2025-11-04 03:14:11,113 DEBUG neo4j.io: [#CED9]  S: RECORD * 1
2025-11-04 03:14:11,113 DEBUG neo4j.io: [#CED9]  S: RECORD * 1
2025-11-04 03:14:11,113 DEBUG neo4j.io: [#CED9]  S: RECORD * 1
2025-11-04 03:14:11,113 DEBUG neo4j.io: [#CED9]  S: RECORD * 1
2025-11-04 03:14:11,113 DEBUG neo4j.io: [#CED9]  S: RECORD * 1
2025-11-04 03:14:11,113 DEBUG neo4j.io: [#CED9]  S: RECORD * 1
2025-11-04 03:14:11,113 DEBUG neo4j.io: [#CED9]  S: RECORD * 1
2025-11-04 03:14:11,114 DEBUG neo4j.io: [#CED9]  S: RECORD * 1
2025-11-04 03:14:11,114 DEBUG neo4j.io: [#CED9]  S: RECORD * 1
2025-11-04 03:14:11,114 DEBUG neo4j.io: [#CED9]  S: RECORD * 1
2025-11-04 03:14:11,114 DEBUG neo4j.io: [#CED9]  S: RECORD * 1
2025-11-04 03:14:11,114 DEBUG neo4j.io: [#CED9]  S: RECORD * 1
2025-11-04 03:14:11,114 DEBUG neo4j.io: [#CED9]  S: RECORD * 1
2025-11-04 03:14:11,114 DEBUG neo4j.io: [#CED9]  S: RECORD * 1
2025-11-04 03:14:11,114 DEBUG neo4j.io: [#CED9]  S: RECORD * 1
2025-11-04 03:14:11,114 DEBUG neo4j.io: [#CED9]  S: RECORD * 1
2025-11-04 03:14:11,114 DEBUG neo4j.io: [#CED9]  S: RECORD * 1
2025-11-04 03:14:11,114 DEBUG neo4j.io: [#CED9]  S: RECORD * 1
2025-11-04 03:14:11,115 DEBUG neo4j.io: [#CED9]  S: RECORD * 1
2025-11-04 03:14:11,115 DEBUG neo4j.io: [#CED9]  S: RECORD * 1
2025-11-04 03:14:11,115 DEBUG neo4j.io: [#CED9]  S: RECORD * 1
2025-11-04 03:14:11,115 DEBUG neo4j.io: [#CED9]  S: RECORD * 1
2025-11-04 03:14:11,115 DEBUG neo4j.io: [#CED9]  S: RECORD * 1
2025-11-04 03:14:11,115 DEBUG neo4j.io: [#CED9]  S: RECORD * 1
2025-11-04 03:14:11,115 DEBUG neo4j.io: [#CED9]  S: RECORD * 1
2025-11-04 03:14:11,115 DEBUG neo4j.io: [#CED9]  S: RECORD * 1
2025-11-04 03:14:11,115 DEBUG neo4j.io: [#CED9]  S: RECORD * 1
2025-11-04 03:14:11,115 DEBUG neo4j.io: [#CED9]  S: RECORD * 1
2025-11-04 03:14:11,115 DEBUG neo4j.io: [#CED9]  S: RECORD * 1
2025-11-04 03:14:11,115 DEBUG neo4j.io: [#CED9]  S: RECORD * 1
2025-11-04 03:14:11,116 DEBUG neo4j.io: [#CED9]  S: RECORD * 1
2025-11-04 03:14:11,116 DEBUG neo4j.io: [#CED9]  S: RECORD * 1
2025-11-04 03:14:11,116 DEBUG neo4j.io: [#CED9]  S: RECORD * 1
2025-11-04 03:14:11,116 DEBUG neo4j.io: [#CED9]  S: RECORD * 1
2025-11-04 03:14:11,116 DEBUG neo4j.io: [#CED9]  S: RECORD * 1
2025-11-04 03:14:11,116 DEBUG neo4j.io: [#CED9]  S: RECORD * 1
2025-11-04 03:14:11,116 DEBUG neo4j.io: [#CED9]  S: RECORD * 1
2025-11-04 03:14:11,116 DEBUG neo4j.io: [#CED9]  S: RECORD * 1
2025-11-04 03:14:11,116 DEBUG neo4j.io: [#CED9]  S: RECORD * 1
2025-11-04 03:14:11,116 DEBUG neo4j.io: [#CED9]  S: RECORD * 1
2025-11-04 03:14:11,116 DEBUG neo4j.io: [#CED9]  S: RECORD * 1
2025-11-04 03:14:11,116 DEBUG neo4j.io: [#CED9]  S: RECORD * 1
2025-11-04 03:14:11,117 DEBUG neo4j.io: [#CED9]  S: RECORD * 1
2025-11-04 03:14:11,117 DEBUG neo4j.io: [#CED9]  S: RECORD * 1
2025-11-04 03:14:11,117 DEBUG neo4j.io: [#CED9]  S: RECORD * 1
2025-11-04 03:14:11,117 DEBUG neo4j.io: [#CED9]  S: RECORD * 1
2025-11-04 03:14:11,117 DEBUG neo4j.io: [#CED9]  S: RECORD * 1
2025-11-04 03:14:11,117 DEBUG neo4j.io: [#CED9]  S: RECORD * 1
2025-11-04 03:14:11,117 DEBUG neo4j.io: [#CED9]  S: RECORD * 1
2025-11-04 03:14:11,117 DEBUG neo4j.io: [#CED9]  S: RECORD * 1
2025-11-04 03:14:11,117 DEBUG neo4j.io: [#CED9]  S: RECORD * 1
2025-11-04 03:14:11,117 DEBUG neo4j.io: [#CED9]  S: RECORD * 1
2025-11-04 03:14:11,118 DEBUG neo4j.io: [#CED9]  S: RECORD * 1
2025-11-04 03:14:11,118 DEBUG neo4j.io: [#CED9]  S: RECORD * 1
2025-11-04 03:14:11,118 DEBUG neo4j.io: [#CED9]  S: RECORD * 1
2025-11-04 03:14:11,118 DEBUG neo4j.io: [#CED9]  S: RECORD * 1
2025-11-04 03:14:11,118 DEBUG neo4j.io: [#CED9]  S: RECORD * 1
2025-11-04 03:14:11,118 DEBUG neo4j.io: [#CED9]  S: RECORD * 1
2025-11-04 03:14:11,118 DEBUG neo4j.io: [#CED9]  S: RECORD * 1
2025-11-04 03:14:11,118 DEBUG neo4j.io: [#CED9]  S: RECORD * 1
2025-11-04 03:14:11,118 DEBUG neo4j.io: [#CED9]  S: RECORD * 1
2025-11-04 03:14:11,118 DEBUG neo4j.io: [#CED9]  S: RECORD * 1
2025-11-04 03:14:11,119 DEBUG neo4j.io: [#CED9]  S: RECORD * 1
2025-11-04 03:14:11,119 DEBUG neo4j.io: [#CED9]  S: RECORD * 1
2025-11-04 03:14:11,119 DEBUG neo4j.io: [#CED9]  S: RECORD * 1
2025-11-04 03:14:11,119 DEBUG neo4j.io: [#CED9]  S: RECORD * 1
2025-11-04 03:14:11,119 DEBUG neo4j.io: [#CED9]  S: RECORD * 1
2025-11-04 03:14:11,119 DEBUG neo4j.io: [#CED9]  S: RECORD * 1
2025-11-04 03:14:11,119 DEBUG neo4j.io: [#CED9]  S: RECORD * 1
2025-11-04 03:14:11,119 DEBUG neo4j.io: [#CED9]  S: RECORD * 1
2025-11-04 03:14:11,119 DEBUG neo4j.io: [#CED9]  S: RECORD * 1
2025-11-04 03:14:11,119 DEBUG neo4j.io: [#CED9]  S: RECORD * 1
2025-11-04 03:14:11,119 DEBUG neo4j.io: [#CED9]  S: RECORD * 1
2025-11-04 03:14:11,119 DEBUG neo4j.io: [#CED9]  S: RECORD * 1
2025-11-04 03:14:11,119 DEBUG neo4j.io: [#CED9]  S: RECORD * 1
2025-11-04 03:14:11,120 DEBUG neo4j.io: [#CED9]  S: RECORD * 1
2025-11-04 03:14:11,120 DEBUG neo4j.io: [#CED9]  S: RECORD * 1
2025-11-04 03:14:11,120 DEBUG neo4j.io: [#CED9]  S: RECORD * 1
2025-11-04 03:14:11,120 DEBUG neo4j.io: [#CED9]  S: RECORD * 1
2025-11-04 03:14:11,120 DEBUG neo4j.io: [#CED9]  S: RECORD * 1
2025-11-04 03:14:11,120 DEBUG neo4j.io: [#CED9]  S: RECORD * 1
2025-11-04 03:14:11,120 DEBUG neo4j.io: [#CED9]  S: RECORD * 1
2025-11-04 03:14:11,120 DEBUG neo4j.io: [#CED9]  S: RECORD * 1
2025-11-04 03:14:11,120 DEBUG neo4j.io: [#CED9]  S: RECORD * 1
2025-11-04 03:14:11,120 DEBUG neo4j.io: [#CED9]  S: RECORD * 1
2025-11-04 03:14:11,120 DEBUG neo4j.io: [#CED9]  S: RECORD * 1
2025-11-04 03:14:11,120 DEBUG neo4j.io: [#CED9]  S: RECORD * 1
2025-11-04 03:14:11,121 DEBUG neo4j.io: [#CED9]  S: RECORD * 1
2025-11-04 03:14:11,121 DEBUG neo4j.io: [#CED9]  S: RECORD * 1
2025-11-04 03:14:11,121 DEBUG neo4j.io: [#CED9]  S: RECORD * 1
2025-11-04 03:14:11,121 DEBUG neo4j.io: [#CED9]  S: RECORD * 1
2025-11-04 03:14:11,121 DEBUG neo4j.io: [#CED9]  S: RECORD * 1
2025-11-04 03:14:11,121 DEBUG neo4j.io: [#CED9]  S: RECORD * 1
2025-11-04 03:14:11,121 DEBUG neo4j.io: [#CED9]  S: RECORD * 1
2025-11-04 03:14:11,121 DEBUG neo4j.io: [#CED9]  S: RECORD * 1
2025-11-04 03:14:11,121 DEBUG neo4j.io: [#CED9]  S: RECORD * 1
2025-11-04 03:14:11,121 DEBUG neo4j.io: [#CED9]  S: RECORD * 1
2025-11-04 03:14:11,121 DEBUG neo4j.io: [#CED9]  S: RECORD * 1
2025-11-04 03:14:11,121 DEBUG neo4j.io: [#CED9]  S: RECORD * 1
2025-11-04 03:14:11,122 DEBUG neo4j.io: [#CED9]  S: RECORD * 1
2025-11-04 03:14:11,122 DEBUG neo4j.io: [#CED9]  S: RECORD * 1
2025-11-04 03:14:11,122 DEBUG neo4j.io: [#CED9]  S: RECORD * 1
2025-11-04 03:14:11,122 DEBUG neo4j.io: [#CED9]  S: RECORD * 1
2025-11-04 03:14:11,122 DEBUG neo4j.io: [#CED9]  S: RECORD * 1
2025-11-04 03:14:11,122 DEBUG neo4j.io: [#CED9]  S: RECORD * 1
2025-11-04 03:14:11,122 DEBUG neo4j.io: [#CED9]  S: RECORD * 1
2025-11-04 03:14:11,122 DEBUG neo4j.io: [#CED9]  S: RECORD * 1
2025-11-04 03:14:11,122 DEBUG neo4j.io: [#CED9]  S: RECORD * 1
2025-11-04 03:14:11,122 DEBUG neo4j.io: [#CED9]  S: RECORD * 1
2025-11-04 03:14:11,122 DEBUG neo4j.io: [#CED9]  S: RECORD * 1
2025-11-04 03:14:11,122 DEBUG neo4j.io: [#CED9]  S: RECORD * 1
2025-11-04 03:14:11,123 DEBUG neo4j.io: [#CED9]  S: RECORD * 1
2025-11-04 03:14:11,123 DEBUG neo4j.io: [#CED9]  S: RECORD * 1
2025-11-04 03:14:11,123 DEBUG neo4j.io: [#CED9]  S: RECORD * 1
2025-11-04 03:14:11,123 DEBUG neo4j.io: [#CED9]  S: RECORD * 1
2025-11-04 03:14:11,123 DEBUG neo4j.io: [#CED9]  S: RECORD * 1
2025-11-04 03:14:11,123 DEBUG neo4j.io: [#CED9]  S: RECORD * 1
2025-11-04 03:14:11,123 DEBUG neo4j.io: [#CED9]  S: RECORD * 1
2025-11-04 03:14:11,123 DEBUG neo4j.io: [#CED9]  S: RECORD * 1
2025-11-04 03:14:11,123 DEBUG neo4j.io: [#CED9]  S: RECORD * 1
2025-11-04 03:14:11,123 DEBUG neo4j.io: [#CED9]  S: RECORD * 1
2025-11-04 03:14:11,123 DEBUG neo4j.io: [#CED9]  S: RECORD * 1
2025-11-04 03:14:11,123 DEBUG neo4j.io: [#CED9]  S: RECORD * 1
2025-11-04 03:14:11,123 DEBUG neo4j.io: [#CED9]  S: RECORD * 1
2025-11-04 03:14:11,124 DEBUG neo4j.io: [#CED9]  S: RECORD * 1
2025-11-04 03:14:11,124 DEBUG neo4j.io: [#CED9]  S: RECORD * 1
2025-11-04 03:14:11,124 DEBUG neo4j.io: [#CED9]  S: RECORD * 1
2025-11-04 03:14:11,124 DEBUG neo4j.io: [#CED9]  S: RECORD * 1
2025-11-04 03:14:11,124 DEBUG neo4j.io: [#CED9]  S: RECORD * 1
2025-11-04 03:14:11,124 DEBUG neo4j.io: [#CED9]  S: RECORD * 1
2025-11-04 03:14:11,124 DEBUG neo4j.io: [#CED9]  S: RECORD * 1
2025-11-04 03:14:11,124 DEBUG neo4j.io: [#CED9]  S: RECORD * 1
2025-11-04 03:14:11,124 DEBUG neo4j.io: [#CED9]  S: RECORD * 1
2025-11-04 03:14:11,124 DEBUG neo4j.io: [#CED9]  S: RECORD * 1
2025-11-04 03:14:11,124 DEBUG neo4j.io: [#CED9]  S: RECORD * 1
2025-11-04 03:14:11,125 DEBUG neo4j.io: [#CED9]  S: RECORD * 1
2025-11-04 03:14:11,125 DEBUG neo4j.io: [#CED9]  S: RECORD * 1
2025-11-04 03:14:11,125 DEBUG neo4j.io: [#CED9]  S: RECORD * 1
2025-11-04 03:14:11,125 DEBUG neo4j.io: [#CED9]  S: RECORD * 1
2025-11-04 03:14:11,125 DEBUG neo4j.io: [#CED9]  S: RECORD * 1
2025-11-04 03:14:11,125 DEBUG neo4j.io: [#CED9]  S: RECORD * 1
2025-11-04 03:14:11,125 DEBUG neo4j.io: [#CED9]  S: RECORD * 1
2025-11-04 03:14:11,125 DEBUG neo4j.io: [#CED9]  S: RECORD * 1
2025-11-04 03:14:11,125 DEBUG neo4j.io: [#CED9]  S: RECORD * 1
2025-11-04 03:14:11,125 DEBUG neo4j.io: [#CED9]  S: RECORD * 1
2025-11-04 03:14:11,125 DEBUG neo4j.io: [#CED9]  S: RECORD * 1
2025-11-04 03:14:11,125 DEBUG neo4j.io: [#CED9]  S: RECORD * 1
2025-11-04 03:14:11,126 DEBUG neo4j.io: [#CED9]  S: RECORD * 1
2025-11-04 03:14:11,126 DEBUG neo4j.io: [#CED9]  S: RECORD * 1
2025-11-04 03:14:11,126 DEBUG neo4j.io: [#CED9]  S: RECORD * 1
2025-11-04 03:14:11,126 DEBUG neo4j.io: [#CED9]  S: RECORD * 1
2025-11-04 03:14:11,126 DEBUG neo4j.io: [#CED9]  S: RECORD * 1
2025-11-04 03:14:11,126 DEBUG neo4j.io: [#CED9]  S: RECORD * 1
2025-11-04 03:14:11,126 DEBUG neo4j.io: [#CED9]  S: RECORD * 1
2025-11-04 03:14:11,126 DEBUG neo4j.io: [#CED9]  S: RECORD * 1
2025-11-04 03:14:11,126 DEBUG neo4j.io: [#CED9]  S: RECORD * 1
2025-11-04 03:14:11,126 DEBUG neo4j.io: [#CED9]  S: RECORD * 1
2025-11-04 03:14:11,126 DEBUG neo4j.io: [#CED9]  S: RECORD * 1
2025-11-04 03:14:11,127 DEBUG neo4j.io: [#CED9]  S: RECORD * 1
2025-11-04 03:14:11,127 DEBUG neo4j.io: [#CED9]  S: RECORD * 1
2025-11-04 03:14:11,127 DEBUG neo4j.io: [#CED9]  S: RECORD * 1
2025-11-04 03:14:11,127 DEBUG neo4j.io: [#CED9]  S: RECORD * 1
2025-11-04 03:14:11,127 DEBUG neo4j.io: [#CED9]  S: RECORD * 1
2025-11-04 03:14:11,127 DEBUG neo4j.io: [#CED9]  S: RECORD * 1
2025-11-04 03:14:11,128 DEBUG neo4j.io: [#CED9]  S: RECORD * 1
2025-11-04 03:14:11,128 DEBUG neo4j.io: [#CED9]  S: RECORD * 1
2025-11-04 03:14:11,128 DEBUG neo4j.io: [#CED9]  S: RECORD * 1
2025-11-04 03:14:11,128 DEBUG neo4j.io: [#CED9]  S: RECORD * 1
2025-11-04 03:14:11,129 DEBUG neo4j.io: [#CED9]  S: RECORD * 1
2025-11-04 03:14:11,129 DEBUG neo4j.io: [#CED9]  S: RECORD * 1
2025-11-04 03:14:11,129 DEBUG neo4j.io: [#CED9]  S: RECORD * 1
2025-11-04 03:14:11,129 DEBUG neo4j.io: [#CED9]  S: RECORD * 1
2025-11-04 03:14:11,129 DEBUG neo4j.io: [#CED9]  S: RECORD * 1
2025-11-04 03:14:11,130 DEBUG neo4j.io: [#CED9]  S: RECORD * 1
2025-11-04 03:14:11,130 DEBUG neo4j.io: [#CED9]  S: RECORD * 1
2025-11-04 03:14:11,130 DEBUG neo4j.io: [#CED9]  S: RECORD * 1
2025-11-04 03:14:11,130 DEBUG neo4j.io: [#CED9]  S: RECORD * 1
2025-11-04 03:14:11,130 DEBUG neo4j.io: [#CED9]  S: RECORD * 1
2025-11-04 03:14:11,130 DEBUG neo4j.io: [#CED9]  S: RECORD * 1
2025-11-04 03:14:11,130 DEBUG neo4j.io: [#CED9]  S: RECORD * 1
2025-11-04 03:14:11,131 DEBUG neo4j.io: [#CED9]  S: RECORD * 1
2025-11-04 03:14:11,131 DEBUG neo4j.io: [#CED9]  S: RECORD * 1
2025-11-04 03:14:11,131 DEBUG neo4j.io: [#CED9]  S: RECORD * 1
2025-11-04 03:14:11,131 DEBUG neo4j.io: [#CED9]  S: RECORD * 1
2025-11-04 03:14:11,131 DEBUG neo4j.io: [#CED9]  S: RECORD * 1
2025-11-04 03:14:11,131 DEBUG neo4j.io: [#CED9]  S: RECORD * 1
2025-11-04 03:14:11,132 DEBUG neo4j.io: [#CED9]  S: RECORD * 1
2025-11-04 03:14:11,132 DEBUG neo4j.io: [#CED9]  S: RECORD * 1
2025-11-04 03:14:11,132 DEBUG neo4j.io: [#CED9]  S: RECORD * 1
2025-11-04 03:14:11,132 DEBUG neo4j.io: [#CED9]  S: RECORD * 1
2025-11-04 03:14:11,132 DEBUG neo4j.io: [#CED9]  S: RECORD * 1
2025-11-04 03:14:11,132 DEBUG neo4j.io: [#CED9]  S: RECORD * 1
2025-11-04 03:14:11,134 DEBUG neo4j.io: [#CED9]  S: RECORD * 1
2025-11-04 03:14:11,134 DEBUG neo4j.io: [#CED9]  S: RECORD * 1
2025-11-04 03:14:11,134 DEBUG neo4j.io: [#CED9]  S: RECORD * 1
2025-11-04 03:14:11,134 DEBUG neo4j.io: [#CED9]  S: RECORD * 1
2025-11-04 03:14:11,134 DEBUG neo4j.io: [#CED9]  S: RECORD * 1
2025-11-04 03:14:11,134 DEBUG neo4j.io: [#CED9]  S: RECORD * 1
2025-11-04 03:14:11,134 DEBUG neo4j.io: [#CED9]  S: RECORD * 1
2025-11-04 03:14:11,135 DEBUG neo4j.io: [#CED9]  S: RECORD * 1
2025-11-04 03:14:11,135 DEBUG neo4j.io: [#CED9]  S: RECORD * 1
2025-11-04 03:14:11,135 DEBUG neo4j.io: [#CED9]  S: RECORD * 1
2025-11-04 03:14:11,135 DEBUG neo4j.io: [#CED9]  S: RECORD * 1
2025-11-04 03:14:11,135 DEBUG neo4j.io: [#CED9]  S: RECORD * 1
2025-11-04 03:14:11,135 DEBUG neo4j.io: [#CED9]  S: RECORD * 1
2025-11-04 03:14:11,136 DEBUG neo4j.io: [#CED9]  S: RECORD * 1
2025-11-04 03:14:11,136 DEBUG neo4j.io: [#CED9]  S: RECORD * 1
2025-11-04 03:14:11,136 DEBUG neo4j.io: [#CED9]  S: RECORD * 1
2025-11-04 03:14:11,136 DEBUG neo4j.io: [#CED9]  S: RECORD * 1
2025-11-04 03:14:11,136 DEBUG neo4j.io: [#CED9]  S: RECORD * 1
2025-11-04 03:14:11,136 DEBUG neo4j.io: [#CED9]  S: RECORD * 1
2025-11-04 03:14:11,137 DEBUG neo4j.io: [#CED9]  S: RECORD * 1
2025-11-04 03:14:11,137 DEBUG neo4j.io: [#CED9]  S: RECORD * 1
2025-11-04 03:14:11,137 DEBUG neo4j.io: [#CED9]  S: RECORD * 1
2025-11-04 03:14:11,137 DEBUG neo4j.io: [#CED9]  S: RECORD * 1
2025-11-04 03:14:11,137 DEBUG neo4j.io: [#CED9]  S: RECORD * 1
2025-11-04 03:14:11,137 DEBUG neo4j.io: [#CED9]  S: RECORD * 1
2025-11-04 03:14:11,138 DEBUG neo4j.io: [#CED9]  S: RECORD * 1
2025-11-04 03:14:11,138 DEBUG neo4j.io: [#CED9]  S: RECORD * 1
2025-11-04 03:14:11,138 DEBUG neo4j.io: [#CED9]  S: RECORD * 1
2025-11-04 03:14:11,138 DEBUG neo4j.io: [#CED9]  S: RECORD * 1
2025-11-04 03:14:11,138 DEBUG neo4j.io: [#CED9]  S: RECORD * 1
2025-11-04 03:14:11,138 DEBUG neo4j.io: [#CED9]  S: RECORD * 1
2025-11-04 03:14:11,139 DEBUG neo4j.io: [#CED9]  S: RECORD * 1
2025-11-04 03:14:11,139 DEBUG neo4j.io: [#CED9]  S: RECORD * 1
2025-11-04 03:14:11,139 DEBUG neo4j.io: [#CED9]  S: RECORD * 1
2025-11-04 03:14:11,139 DEBUG neo4j.io: [#CED9]  S: RECORD * 1
2025-11-04 03:14:11,139 DEBUG neo4j.io: [#CED9]  S: RECORD * 1
2025-11-04 03:14:11,139 DEBUG neo4j.io: [#CED9]  S: RECORD * 1
2025-11-04 03:14:11,139 DEBUG neo4j.io: [#CED9]  S: RECORD * 1
2025-11-04 03:14:11,139 DEBUG neo4j.io: [#CED9]  S: RECORD * 1
2025-11-04 03:14:11,140 DEBUG neo4j.io: [#CED9]  S: RECORD * 1
2025-11-04 03:14:11,140 DEBUG neo4j.io: [#CED9]  S: RECORD * 1
2025-11-04 03:14:11,140 DEBUG neo4j.io: [#CED9]  S: RECORD * 1
2025-11-04 03:14:11,140 DEBUG neo4j.io: [#CED9]  S: RECORD * 1
2025-11-04 03:14:11,140 DEBUG neo4j.io: [#CED9]  S: RECORD * 1
2025-11-04 03:14:11,140 DEBUG neo4j.io: [#CED9]  S: RECORD * 1
2025-11-04 03:14:11,140 DEBUG neo4j.io: [#CED9]  S: RECORD * 1
2025-11-04 03:14:11,140 DEBUG neo4j.io: [#CED9]  S: RECORD * 1
2025-11-04 03:14:11,140 DEBUG neo4j.io: [#CED9]  S: RECORD * 1
2025-11-04 03:14:11,140 DEBUG neo4j.io: [#CED9]  S: RECORD * 1
2025-11-04 03:14:11,140 DEBUG neo4j.io: [#CED9]  S: RECORD * 1
2025-11-04 03:14:11,141 DEBUG neo4j.io: [#CED9]  S: RECORD * 1
2025-11-04 03:14:11,141 DEBUG neo4j.io: [#CED9]  S: RECORD * 1
2025-11-04 03:14:11,141 DEBUG neo4j.io: [#CED9]  S: RECORD * 1
2025-11-04 03:14:11,141 DEBUG neo4j.io: [#CED9]  S: RECORD * 1
2025-11-04 03:14:11,141 DEBUG neo4j.io: [#CED9]  S: RECORD * 1
2025-11-04 03:14:11,141 DEBUG neo4j.io: [#CED9]  S: RECORD * 1
2025-11-04 03:14:11,141 DEBUG neo4j.io: [#CED9]  S: RECORD * 1
2025-11-04 03:14:11,141 DEBUG neo4j.io: [#CED9]  S: RECORD * 1
2025-11-04 03:14:11,141 DEBUG neo4j.io: [#CED9]  S: RECORD * 1
2025-11-04 03:14:11,142 DEBUG neo4j.io: [#CED9]  S: RECORD * 1
2025-11-04 03:14:11,142 DEBUG neo4j.io: [#CED9]  S: RECORD * 1
2025-11-04 03:14:11,142 DEBUG neo4j.io: [#CED9]  S: RECORD * 1
2025-11-04 03:14:11,142 DEBUG neo4j.io: [#CED9]  S: RECORD * 1
2025-11-04 03:14:11,142 DEBUG neo4j.io: [#CED9]  S: RECORD * 1
2025-11-04 03:14:11,142 DEBUG neo4j.io: [#CED9]  S: RECORD * 1
2025-11-04 03:14:11,142 DEBUG neo4j.io: [#CED9]  S: RECORD * 1
2025-11-04 03:14:11,142 DEBUG neo4j.io: [#CED9]  S: RECORD * 1
2025-11-04 03:14:11,143 DEBUG neo4j.io: [#CED9]  S: RECORD * 1
2025-11-04 03:14:11,143 DEBUG neo4j.io: [#CED9]  S: RECORD * 1
2025-11-04 03:14:11,143 DEBUG neo4j.io: [#CED9]  S: RECORD * 1
2025-11-04 03:14:11,143 DEBUG neo4j.io: [#CED9]  S: RECORD * 1
2025-11-04 03:14:11,143 DEBUG neo4j.io: [#CED9]  S: RECORD * 1
2025-11-04 03:14:11,143 DEBUG neo4j.io: [#CED9]  S: RECORD * 1
2025-11-04 03:14:11,143 DEBUG neo4j.io: [#CED9]  S: RECORD * 1
2025-11-04 03:14:11,144 DEBUG neo4j.io: [#CED9]  S: RECORD * 1
2025-11-04 03:14:11,144 DEBUG neo4j.io: [#CED9]  S: RECORD * 1
2025-11-04 03:14:11,144 DEBUG neo4j.io: [#CED9]  S: RECORD * 1
2025-11-04 03:14:11,144 DEBUG neo4j.io: [#CED9]  S: RECORD * 1
2025-11-04 03:14:11,144 DEBUG neo4j.io: [#CED9]  S: RECORD * 1
2025-11-04 03:14:11,144 DEBUG neo4j.io: [#CED9]  S: RECORD * 1
2025-11-04 03:14:11,144 DEBUG neo4j.io: [#CED9]  S: RECORD * 1
2025-11-04 03:14:11,145 DEBUG neo4j.io: [#CED9]  S: RECORD * 1
2025-11-04 03:14:11,145 DEBUG neo4j.io: [#CED9]  S: RECORD * 1
2025-11-04 03:14:11,145 DEBUG neo4j.io: [#CED9]  S: RECORD * 1
2025-11-04 03:14:11,145 DEBUG neo4j.io: [#CED9]  S: RECORD * 1
2025-11-04 03:14:11,145 DEBUG neo4j.io: [#CED9]  S: RECORD * 1
2025-11-04 03:14:11,145 DEBUG neo4j.io: [#CED9]  S: RECORD * 1
2025-11-04 03:14:11,146 DEBUG neo4j.io: [#CED9]  S: RECORD * 1
2025-11-04 03:14:11,146 DEBUG neo4j.io: [#CED9]  S: RECORD * 1
2025-11-04 03:14:11,146 DEBUG neo4j.io: [#CED9]  S: RECORD * 1
2025-11-04 03:14:11,146 DEBUG neo4j.io: [#CED9]  S: RECORD * 1
2025-11-04 03:14:11,146 DEBUG neo4j.io: [#CED9]  S: RECORD * 1
2025-11-04 03:14:11,146 DEBUG neo4j.io: [#CED9]  S: RECORD * 1
2025-11-04 03:14:11,146 DEBUG neo4j.io: [#CED9]  S: RECORD * 1
2025-11-04 03:14:11,147 DEBUG neo4j.io: [#CED9]  S: RECORD * 1
2025-11-04 03:14:11,147 DEBUG neo4j.io: [#CED9]  S: RECORD * 1
2025-11-04 03:14:11,147 DEBUG neo4j.io: [#CED9]  S: RECORD * 1
2025-11-04 03:14:11,147 DEBUG neo4j.io: [#CED9]  S: RECORD * 1
2025-11-04 03:14:11,147 DEBUG neo4j.io: [#CED9]  S: RECORD * 1
2025-11-04 03:14:11,147 DEBUG neo4j.io: [#CED9]  S: RECORD * 1
2025-11-04 03:14:11,147 DEBUG neo4j.io: [#CED9]  S: RECORD * 1
2025-11-04 03:14:11,147 DEBUG neo4j.io: [#CED9]  S: RECORD * 1
2025-11-04 03:14:11,148 DEBUG neo4j.io: [#CED9]  S: RECORD * 1
2025-11-04 03:14:11,148 DEBUG neo4j.io: [#CED9]  S: RECORD * 1
2025-11-04 03:14:11,148 DEBUG neo4j.io: [#CED9]  S: RECORD * 1
2025-11-04 03:14:11,148 DEBUG neo4j.io: [#CED9]  S: RECORD * 1
2025-11-04 03:14:11,148 DEBUG neo4j.io: [#CED9]  S: RECORD * 1
2025-11-04 03:14:11,148 DEBUG neo4j.io: [#CED9]  S: RECORD * 1
2025-11-04 03:14:11,148 DEBUG neo4j.io: [#CED9]  S: RECORD * 1
2025-11-04 03:14:11,148 DEBUG neo4j.io: [#CED9]  S: RECORD * 1
2025-11-04 03:14:11,149 DEBUG neo4j.io: [#CED9]  S: RECORD * 1
2025-11-04 03:14:11,149 DEBUG neo4j.io: [#CED9]  S: RECORD * 1
2025-11-04 03:14:11,149 DEBUG neo4j.io: [#CED9]  S: RECORD * 1
2025-11-04 03:14:11,149 DEBUG neo4j.io: [#CED9]  S: RECORD * 1
2025-11-04 03:14:11,149 DEBUG neo4j.io: [#CED9]  S: RECORD * 1
2025-11-04 03:14:11,149 DEBUG neo4j.io: [#CED9]  S: RECORD * 1
2025-11-04 03:14:11,149 DEBUG neo4j.io: [#CED9]  S: RECORD * 1
2025-11-04 03:14:11,149 DEBUG neo4j.io: [#CED9]  S: RECORD * 1
2025-11-04 03:14:11,149 DEBUG neo4j.io: [#CED9]  S: RECORD * 1
2025-11-04 03:14:11,150 DEBUG neo4j.io: [#CED9]  S: RECORD * 1
2025-11-04 03:14:11,150 DEBUG neo4j.io: [#CED9]  S: RECORD * 1
2025-11-04 03:14:11,150 DEBUG neo4j.io: [#CED9]  S: RECORD * 1
2025-11-04 03:14:11,150 DEBUG neo4j.io: [#CED9]  S: RECORD * 1
2025-11-04 03:14:11,150 DEBUG neo4j.io: [#CED9]  S: RECORD * 1
2025-11-04 03:14:11,150 DEBUG neo4j.io: [#CED9]  S: RECORD * 1
2025-11-04 03:14:11,150 DEBUG neo4j.io: [#CED9]  S: RECORD * 1
2025-11-04 03:14:11,151 DEBUG neo4j.io: [#CED9]  S: RECORD * 1
2025-11-04 03:14:11,151 DEBUG neo4j.io: [#CED9]  S: RECORD * 1
2025-11-04 03:14:11,151 DEBUG neo4j.io: [#CED9]  S: RECORD * 1
2025-11-04 03:14:11,151 DEBUG neo4j.io: [#CED9]  S: RECORD * 1
2025-11-04 03:14:11,151 DEBUG neo4j.io: [#CED9]  S: RECORD * 1
2025-11-04 03:14:11,151 DEBUG neo4j.io: [#CED9]  S: RECORD * 1
2025-11-04 03:14:11,151 DEBUG neo4j.io: [#CED9]  S: RECORD * 1
2025-11-04 03:14:11,151 DEBUG neo4j.io: [#CED9]  S: RECORD * 1
2025-11-04 03:14:11,152 DEBUG neo4j.io: [#CED9]  S: RECORD * 1
2025-11-04 03:14:11,152 DEBUG neo4j.io: [#CED9]  S: RECORD * 1
2025-11-04 03:14:11,152 DEBUG neo4j.io: [#CED9]  S: RECORD * 1
2025-11-04 03:14:11,152 DEBUG neo4j.io: [#CED9]  S: RECORD * 1
2025-11-04 03:14:11,152 DEBUG neo4j.io: [#CED9]  S: RECORD * 1
2025-11-04 03:14:11,152 DEBUG neo4j.io: [#CED9]  S: RECORD * 1
2025-11-04 03:14:11,152 DEBUG neo4j.io: [#CED9]  S: RECORD * 1
2025-11-04 03:14:11,152 DEBUG neo4j.io: [#CED9]  S: RECORD * 1
2025-11-04 03:14:11,153 DEBUG neo4j.io: [#CED9]  S: RECORD * 1
2025-11-04 03:14:11,153 DEBUG neo4j.io: [#CED9]  S: RECORD * 1
2025-11-04 03:14:11,153 DEBUG neo4j.io: [#CED9]  S: RECORD * 1
2025-11-04 03:14:11,153 DEBUG neo4j.io: [#CED9]  S: RECORD * 1
2025-11-04 03:14:11,153 DEBUG neo4j.io: [#CED9]  S: RECORD * 1
2025-11-04 03:14:11,153 DEBUG neo4j.io: [#CED9]  S: RECORD * 1
2025-11-04 03:14:11,153 DEBUG neo4j.io: [#CED9]  S: RECORD * 1
2025-11-04 03:14:11,154 DEBUG neo4j.io: [#CED9]  S: RECORD * 1
2025-11-04 03:14:11,154 DEBUG neo4j.io: [#CED9]  S: RECORD * 1
2025-11-04 03:14:11,154 DEBUG neo4j.io: [#CED9]  S: RECORD * 1
2025-11-04 03:14:11,154 DEBUG neo4j.io: [#CED9]  S: RECORD * 1
2025-11-04 03:14:11,154 DEBUG neo4j.io: [#CED9]  S: RECORD * 1
2025-11-04 03:14:11,154 DEBUG neo4j.io: [#CED9]  S: RECORD * 1
2025-11-04 03:14:11,154 DEBUG neo4j.io: [#CED9]  S: RECORD * 1
2025-11-04 03:14:11,154 DEBUG neo4j.io: [#CED9]  S: RECORD * 1
2025-11-04 03:14:11,155 DEBUG neo4j.io: [#CED9]  S: RECORD * 1
2025-11-04 03:14:11,155 DEBUG neo4j.io: [#CED9]  S: RECORD * 1
2025-11-04 03:14:11,155 DEBUG neo4j.io: [#CED9]  S: RECORD * 1
2025-11-04 03:14:11,155 DEBUG neo4j.io: [#CED9]  S: RECORD * 1
2025-11-04 03:14:11,155 DEBUG neo4j.io: [#CED9]  S: RECORD * 1
2025-11-04 03:14:11,155 DEBUG neo4j.io: [#CED9]  S: RECORD * 1
2025-11-04 03:14:11,155 DEBUG neo4j.io: [#CED9]  S: RECORD * 1
2025-11-04 03:14:11,155 DEBUG neo4j.io: [#CED9]  S: RECORD * 1
2025-11-04 03:14:11,156 DEBUG neo4j.io: [#CED9]  S: RECORD * 1
2025-11-04 03:14:11,156 DEBUG neo4j.io: [#CED9]  S: RECORD * 1
2025-11-04 03:14:11,156 DEBUG neo4j.io: [#CED9]  S: RECORD * 1
2025-11-04 03:14:11,156 DEBUG neo4j.io: [#CED9]  S: RECORD * 1
2025-11-04 03:14:11,156 DEBUG neo4j.io: [#CED9]  S: RECORD * 1
2025-11-04 03:14:11,156 DEBUG neo4j.io: [#CED9]  S: RECORD * 1
2025-11-04 03:14:11,156 DEBUG neo4j.io: [#CED9]  S: RECORD * 1
2025-11-04 03:14:11,156 DEBUG neo4j.io: [#CED9]  S: RECORD * 1
2025-11-04 03:14:11,157 DEBUG neo4j.io: [#CED9]  S: RECORD * 1
2025-11-04 03:14:11,157 DEBUG neo4j.io: [#CED9]  S: RECORD * 1
2025-11-04 03:14:11,157 DEBUG neo4j.io: [#CED9]  S: RECORD * 1
2025-11-04 03:14:11,157 DEBUG neo4j.io: [#CED9]  S: RECORD * 1
2025-11-04 03:14:11,157 DEBUG neo4j.io: [#CED9]  S: RECORD * 1
2025-11-04 03:14:11,157 DEBUG neo4j.io: [#CED9]  S: RECORD * 1
2025-11-04 03:14:11,157 DEBUG neo4j.io: [#CED9]  S: RECORD * 1
2025-11-04 03:14:11,157 DEBUG neo4j.io: [#CED9]  S: RECORD * 1
2025-11-04 03:14:11,157 DEBUG neo4j.io: [#CED9]  S: RECORD * 1
2025-11-04 03:14:11,157 DEBUG neo4j.io: [#CED9]  S: RECORD * 1
2025-11-04 03:14:11,157 DEBUG neo4j.io: [#CED9]  S: RECORD * 1
2025-11-04 03:14:11,159 DEBUG neo4j.io: [#CED9]  S: RECORD * 1
2025-11-04 03:14:11,159 DEBUG neo4j.io: [#CED9]  S: RECORD * 1
2025-11-04 03:14:11,159 DEBUG neo4j.io: [#CED9]  S: RECORD * 1
2025-11-04 03:14:11,159 DEBUG neo4j.io: [#CED9]  S: RECORD * 1
2025-11-04 03:14:11,159 DEBUG neo4j.io: [#CED9]  S: RECORD * 1
2025-11-04 03:14:11,159 DEBUG neo4j.io: [#CED9]  S: RECORD * 1
2025-11-04 03:14:11,159 DEBUG neo4j.io: [#CED9]  S: RECORD * 1
2025-11-04 03:14:11,159 DEBUG neo4j.io: [#CED9]  S: RECORD * 1
2025-11-04 03:14:11,159 DEBUG neo4j.io: [#CED9]  S: RECORD * 1
2025-11-04 03:14:11,159 DEBUG neo4j.io: [#CED9]  S: RECORD * 1
2025-11-04 03:14:11,159 DEBUG neo4j.io: [#CED9]  S: RECORD * 1
2025-11-04 03:14:11,160 DEBUG neo4j.io: [#CED9]  S: RECORD * 1
2025-11-04 03:14:11,160 DEBUG neo4j.io: [#CED9]  S: RECORD * 1
2025-11-04 03:14:11,160 DEBUG neo4j.io: [#CED9]  S: RECORD * 1
2025-11-04 03:14:11,160 DEBUG neo4j.io: [#CED9]  S: RECORD * 1
2025-11-04 03:14:11,161 DEBUG neo4j.io: [#CED9]  S: RECORD * 1
2025-11-04 03:14:11,161 DEBUG neo4j.io: [#CED9]  S: RECORD * 1
2025-11-04 03:14:11,162 DEBUG neo4j.io: [#CED9]  S: RECORD * 1
2025-11-04 03:14:11,162 DEBUG neo4j.io: [#CED9]  S: RECORD * 1
2025-11-04 03:14:11,162 DEBUG neo4j.io: [#CED9]  S: RECORD * 1
2025-11-04 03:14:11,162 DEBUG neo4j.io: [#CED9]  S: RECORD * 1
2025-11-04 03:14:11,163 DEBUG neo4j.io: [#CED9]  S: RECORD * 1
2025-11-04 03:14:11,163 DEBUG neo4j.io: [#CED9]  S: RECORD * 1
2025-11-04 03:14:11,163 DEBUG neo4j.io: [#CED9]  S: RECORD * 1
2025-11-04 03:14:11,163 DEBUG neo4j.io: [#CED9]  S: RECORD * 1
2025-11-04 03:14:11,163 DEBUG neo4j.io: [#CED9]  S: RECORD * 1
2025-11-04 03:14:11,163 DEBUG neo4j.io: [#CED9]  S: RECORD * 1
2025-11-04 03:14:11,164 DEBUG neo4j.io: [#CED9]  S: RECORD * 1
2025-11-04 03:14:11,164 DEBUG neo4j.io: [#CED9]  S: RECORD * 1
2025-11-04 03:14:11,164 DEBUG neo4j.io: [#CED9]  S: RECORD * 1
2025-11-04 03:14:11,164 DEBUG neo4j.io: [#CED9]  S: RECORD * 1
2025-11-04 03:14:11,164 DEBUG neo4j.io: [#CED9]  S: RECORD * 1
2025-11-04 03:14:11,164 DEBUG neo4j.io: [#CED9]  S: RECORD * 1
2025-11-04 03:14:11,165 DEBUG neo4j.io: [#CED9]  S: RECORD * 1
2025-11-04 03:14:11,165 DEBUG neo4j.io: [#CED9]  S: RECORD * 1
2025-11-04 03:14:11,165 DEBUG neo4j.io: [#CED9]  S: RECORD * 1
2025-11-04 03:14:11,165 DEBUG neo4j.io: [#CED9]  S: RECORD * 1
2025-11-04 03:14:11,165 DEBUG neo4j.io: [#CED9]  S: RECORD * 1
2025-11-04 03:14:11,165 DEBUG neo4j.io: [#CED9]  S: RECORD * 1
2025-11-04 03:14:11,165 DEBUG neo4j.io: [#CED9]  S: RECORD * 1
2025-11-04 03:14:11,165 DEBUG neo4j.io: [#CED9]  S: RECORD * 1
2025-11-04 03:14:11,165 DEBUG neo4j.io: [#CED9]  S: RECORD * 1
2025-11-04 03:14:11,166 DEBUG neo4j.io: [#CED9]  S: RECORD * 1
2025-11-04 03:14:11,166 DEBUG neo4j.io: [#CED9]  S: RECORD * 1
2025-11-04 03:14:11,166 DEBUG neo4j.io: [#CED9]  S: RECORD * 1
2025-11-04 03:14:11,166 DEBUG neo4j.io: [#CED9]  S: RECORD * 1
2025-11-04 03:14:11,166 DEBUG neo4j.io: [#CED9]  S: RECORD * 1
2025-11-04 03:14:11,166 DEBUG neo4j.io: [#CED9]  S: RECORD * 1
2025-11-04 03:14:11,166 DEBUG neo4j.io: [#CED9]  S: RECORD * 1
2025-11-04 03:14:11,166 DEBUG neo4j.io: [#CED9]  S: RECORD * 1
2025-11-04 03:14:11,167 DEBUG neo4j.io: [#CED9]  S: RECORD * 1
2025-11-04 03:14:11,167 DEBUG neo4j.io: [#CED9]  S: RECORD * 1
2025-11-04 03:14:11,167 DEBUG neo4j.io: [#CED9]  S: RECORD * 1
2025-11-04 03:14:11,167 DEBUG neo4j.io: [#CED9]  S: RECORD * 1
2025-11-04 03:14:11,167 DEBUG neo4j.io: [#CED9]  S: RECORD * 1
2025-11-04 03:14:11,167 DEBUG neo4j.io: [#CED9]  S: RECORD * 1
2025-11-04 03:14:11,167 DEBUG neo4j.io: [#CED9]  S: RECORD * 1
2025-11-04 03:14:11,167 DEBUG neo4j.io: [#CED9]  S: RECORD * 1
2025-11-04 03:14:11,168 DEBUG neo4j.io: [#CED9]  S: RECORD * 1
2025-11-04 03:14:11,168 DEBUG neo4j.io: [#CED9]  S: RECORD * 1
2025-11-04 03:14:11,168 DEBUG neo4j.io: [#CED9]  S: RECORD * 1
2025-11-04 03:14:11,168 DEBUG neo4j.io: [#CED9]  S: RECORD * 1
2025-11-04 03:14:11,168 DEBUG neo4j.io: [#CED9]  S: RECORD * 1
2025-11-04 03:14:11,168 DEBUG neo4j.io: [#CED9]  S: RECORD * 1
2025-11-04 03:14:11,168 DEBUG neo4j.io: [#CED9]  S: RECORD * 1
2025-11-04 03:14:11,168 DEBUG neo4j.io: [#CED9]  S: RECORD * 1
2025-11-04 03:14:11,168 DEBUG neo4j.io: [#CED9]  S: RECORD * 1
2025-11-04 03:14:11,169 DEBUG neo4j.io: [#CED9]  S: RECORD * 1
2025-11-04 03:14:11,169 DEBUG neo4j.io: [#CED9]  S: RECORD * 1
2025-11-04 03:14:11,169 DEBUG neo4j.io: [#CED9]  S: RECORD * 1
2025-11-04 03:14:11,169 DEBUG neo4j.io: [#CED9]  S: RECORD * 1
2025-11-04 03:14:11,169 DEBUG neo4j.io: [#CED9]  S: RECORD * 1
2025-11-04 03:14:11,169 DEBUG neo4j.io: [#CED9]  S: RECORD * 1
2025-11-04 03:14:11,169 DEBUG neo4j.io: [#CED9]  S: RECORD * 1
2025-11-04 03:14:11,169 DEBUG neo4j.io: [#CED9]  S: RECORD * 1
2025-11-04 03:14:11,169 DEBUG neo4j.io: [#CED9]  S: RECORD * 1
2025-11-04 03:14:11,169 DEBUG neo4j.io: [#CED9]  S: RECORD * 1
2025-11-04 03:14:11,171 DEBUG neo4j.io: [#CED9]  S: RECORD * 1
2025-11-04 03:14:11,171 DEBUG neo4j.io: [#CED9]  S: RECORD * 1
2025-11-04 03:14:11,171 DEBUG neo4j.io: [#CED9]  S: RECORD * 1
2025-11-04 03:14:11,171 DEBUG neo4j.io: [#CED9]  S: RECORD * 1
2025-11-04 03:14:11,171 DEBUG neo4j.io: [#CED9]  S: RECORD * 1
2025-11-04 03:14:11,171 DEBUG neo4j.io: [#CED9]  S: RECORD * 1
2025-11-04 03:14:11,171 DEBUG neo4j.io: [#CED9]  S: RECORD * 1
2025-11-04 03:14:11,171 DEBUG neo4j.io: [#CED9]  S: RECORD * 1
2025-11-04 03:14:11,171 DEBUG neo4j.io: [#CED9]  S: RECORD * 1
2025-11-04 03:14:11,171 DEBUG neo4j.io: [#CED9]  S: RECORD * 1
2025-11-04 03:14:11,171 DEBUG neo4j.io: [#CED9]  S: RECORD * 1
2025-11-04 03:14:11,171 DEBUG neo4j.io: [#CED9]  S: RECORD * 1
2025-11-04 03:14:11,172 DEBUG neo4j.io: [#CED9]  S: RECORD * 1
2025-11-04 03:14:11,172 DEBUG neo4j.io: [#CED9]  S: RECORD * 1
2025-11-04 03:14:11,172 DEBUG neo4j.io: [#CED9]  S: RECORD * 1
2025-11-04 03:14:11,172 DEBUG neo4j.io: [#CED9]  S: RECORD * 1
2025-11-04 03:14:11,172 DEBUG neo4j.io: [#CED9]  S: RECORD * 1
2025-11-04 03:14:11,172 DEBUG neo4j.io: [#CED9]  S: RECORD * 1
2025-11-04 03:14:11,172 DEBUG neo4j.io: [#CED9]  S: RECORD * 1
2025-11-04 03:14:11,172 DEBUG neo4j.io: [#CED9]  S: RECORD * 1
2025-11-04 03:14:11,172 DEBUG neo4j.io: [#CED9]  S: RECORD * 1
2025-11-04 03:14:11,173 DEBUG neo4j.io: [#CED9]  S: SUCCESS {'statuses': [{'gql_status': '00000', 'status_description': 'note: successful completion'}], 'type': 'r', 't_last': 249, 'db': 'helpfile'}
2025-11-04 03:14:11,173 DEBUG neo4j.io: [#CED9]  C: COMMIT
2025-11-04 03:14:11,173 DEBUG neo4j.io: [#CED9]  _: <CONNECTION> client state: TX_READY_OR_TX_STREAMING > READY
2025-11-04 03:14:11,178 DEBUG neo4j.io: [#CED9]  S: SUCCESS {'bookmark': 'FB:kcwQ8rwaENxyTdu2M21TLrZqzskGvZA='}
2025-11-04 03:14:11,178 DEBUG neo4j.io: [#CED9]  _: <CONNECTION> server state: TX_READY_OR_TX_STREAMING > READY
2025-11-04 03:14:11,178 DEBUG neo4j.pool: [#CED9]  _: <POOL> released bolt-28
2025-11-04 03:14:11,187 DEBUG neo4j: [#0000]  _: <WORKSPACE> routing towards fixed database: helpfile
2025-11-04 03:14:11,187 DEBUG neo4j: [#0000]  _: <WORKSPACE> pinning database: 'helpfile'
2025-11-04 03:14:11,187 DEBUG neo4j.pool: [#0000]  _: <POOL> acquire direct connection, access_mode='WRITE', database=AcquisitionDatabase(name='helpfile', guessed=False)
2025-11-04 03:14:11,187 DEBUG neo4j.pool: [#CED9]  _: <POOL> picked existing connection bolt-28
2025-11-04 03:14:11,187 DEBUG neo4j.pool: [#CED9]  _: <POOL> checked re_auth auth=None updated=False force=False
2025-11-04 03:14:11,187 DEBUG neo4j.pool: [#CED9]  _: <POOL> handing out existing connection
2025-11-04 03:14:11,187 DEBUG neo4j.io: [#CED9]  C: BEGIN {'db': 'helpfile', 'bookmarks': ['FB:kcwQ8rwaENxyTdu2M21TLrZqzskGvZA=']}
2025-11-04 03:14:11,187 DEBUG neo4j.io: [#CED9]  _: <CONNECTION> client state: READY > TX_READY_OR_TX_STREAMING
2025-11-04 03:14:11,187 DEBUG neo4j.io: [#CED9]  C: RUN 'SHOW CONSTRAINTS' {} {}
2025-11-04 03:14:11,188 DEBUG neo4j.io: [#CED9]  C: PULL {'n': 1000}
2025-11-04 03:14:11,195 DEBUG neo4j.io: [#CED9]  S: SUCCESS {}
2025-11-04 03:14:11,195 DEBUG neo4j.io: [#CED9]  _: <CONNECTION> server state: READY > TX_READY_OR_TX_STREAMING
2025-11-04 03:14:11,202 DEBUG neo4j.io: [#CED9]  S: SUCCESS {'t_first': 6, 'fields': ['id', 'name', 'type', 'entityType', 'labelsOrTypes', 'properties', 'ownedIndex', 'propertyType'], 'qid': 0}
2025-11-04 03:14:11,211 DEBUG neo4j.io: [#CED9]  S: RECORD * 1
2025-11-04 03:14:11,211 DEBUG neo4j.io: [#CED9]  S: RECORD * 1
2025-11-04 03:14:11,211 DEBUG neo4j.io: [#CED9]  S: SUCCESS {'statuses': [{'gql_status': '00000', 'status_description': 'note: successful completion'}], 'type': 'r', 't_last': 7, 'db': 'helpfile'}
2025-11-04 03:14:11,212 DEBUG neo4j.io: [#CED9]  C: COMMIT
2025-11-04 03:14:11,212 DEBUG neo4j.io: [#CED9]  _: <CONNECTION> client state: TX_READY_OR_TX_STREAMING > READY
2025-11-04 03:14:11,215 DEBUG neo4j.io: [#CED9]  S: SUCCESS {'bookmark': 'FB:kcwQ8rwaENxyTdu2M21TLrZqzskGvZA='}
2025-11-04 03:14:11,215 DEBUG neo4j.io: [#CED9]  _: <CONNECTION> server state: TX_READY_OR_TX_STREAMING > READY
2025-11-04 03:14:11,215 DEBUG neo4j.pool: [#CED9]  _: <POOL> released bolt-28
2025-11-04 03:14:11,216 DEBUG neo4j: [#0000]  _: <WORKSPACE> routing towards fixed database: helpfile
2025-11-04 03:14:11,216 DEBUG neo4j: [#0000]  _: <WORKSPACE> pinning database: 'helpfile'
2025-11-04 03:14:11,217 DEBUG neo4j.pool: [#0000]  _: <POOL> acquire direct connection, access_mode='WRITE', database=AcquisitionDatabase(name='helpfile', guessed=False)
2025-11-04 03:14:11,217 DEBUG neo4j.pool: [#CED9]  _: <POOL> picked existing connection bolt-28
2025-11-04 03:14:11,217 DEBUG neo4j.pool: [#CED9]  _: <POOL> checked re_auth auth=None updated=False force=False
2025-11-04 03:14:11,217 DEBUG neo4j.pool: [#CED9]  _: <POOL> handing out existing connection
2025-11-04 03:14:11,217 DEBUG neo4j.io: [#CED9]  C: BEGIN {'db': 'helpfile', 'bookmarks': ['FB:kcwQ8rwaENxyTdu2M21TLrZqzskGvZA=']}
2025-11-04 03:14:11,217 DEBUG neo4j.io: [#CED9]  _: <CONNECTION> client state: READY > TX_READY_OR_TX_STREAMING
2025-11-04 03:14:11,217 DEBUG neo4j.io: [#CED9]  C: RUN "CALL apoc.schema.nodes() YIELD label, properties, type, size, valuesSelectivity WHERE type = 'RANGE' RETURN *, size * valuesSelectivity as distinctValues" {} {}
2025-11-04 03:14:11,217 DEBUG neo4j.io: [#CED9]  C: PULL {'n': 1000}
2025-11-04 03:14:11,222 DEBUG neo4j.io: [#CED9]  S: SUCCESS {}
2025-11-04 03:14:11,222 DEBUG neo4j.io: [#CED9]  _: <CONNECTION> server state: READY > TX_READY_OR_TX_STREAMING
2025-11-04 03:14:11,233 DEBUG neo4j.io: [#CED9]  S: SUCCESS {'t_first': 10, 'fields': ['label', 'properties', 'size', 'type', 'valuesSelectivity', 'distinctValues'], 'qid': 0}
2025-11-04 03:14:11,242 DEBUG neo4j.io: [#CED9]  S: RECORD * 1
2025-11-04 03:14:11,242 DEBUG neo4j.io: [#CED9]  S: RECORD * 1
2025-11-04 03:14:11,242 DEBUG neo4j.io: [#CED9]  S: SUCCESS {'statuses': [{'gql_status': '00000', 'status_description': 'note: successful completion'}], 'type': 'rw', 't_last': 7, 'db': 'helpfile'}
2025-11-04 03:14:11,242 DEBUG neo4j.io: [#CED9]  C: COMMIT
2025-11-04 03:14:11,243 DEBUG neo4j.io: [#CED9]  _: <CONNECTION> client state: TX_READY_OR_TX_STREAMING > READY
2025-11-04 03:14:11,245 DEBUG neo4j.io: [#CED9]  S: SUCCESS {'bookmark': 'FB:kcwQ8rwaENxyTdu2M21TLrZqzskGvZA='}
2025-11-04 03:14:11,245 DEBUG neo4j.io: [#CED9]  _: <CONNECTION> server state: TX_READY_OR_TX_STREAMING > READY
2025-11-04 03:14:11,245 DEBUG neo4j.pool: [#CED9]  _: <POOL> released bolt-28
2025-11-04 03:14:11,247 DEBUG neo4j: [#0000]  _: <WORKSPACE> routing towards fixed database: helpfile
2025-11-04 03:14:11,247 DEBUG neo4j: [#0000]  _: <WORKSPACE> pinning database: 'helpfile'
2025-11-04 03:14:11,247 DEBUG neo4j.pool: [#0000]  _: <POOL> acquire direct connection, access_mode='WRITE', database=AcquisitionDatabase(name='helpfile', guessed=False)
2025-11-04 03:14:11,247 DEBUG neo4j.pool: [#CED9]  _: <POOL> picked existing connection bolt-28
2025-11-04 03:14:11,247 DEBUG neo4j.pool: [#CED9]  _: <POOL> checked re_auth auth=None updated=False force=False
2025-11-04 03:14:11,247 DEBUG neo4j.pool: [#CED9]  _: <POOL> handing out existing connection
2025-11-04 03:14:11,247 DEBUG neo4j.io: [#CED9]  C: BEGIN {'db': 'helpfile', 'bookmarks': ['FB:kcwQ8rwaENxyTdu2M21TLrZqzskGvZA=']}
2025-11-04 03:14:11,247 DEBUG neo4j.io: [#CED9]  _: <CONNECTION> client state: READY > TX_READY_OR_TX_STREAMING
2025-11-04 03:14:11,248 DEBUG neo4j.io: [#CED9]  C: RUN "CALL apoc.meta.subGraph({}) YIELD nodes, relationships RETURN nodes, [rel in relationships | {name:apoc.any.property(rel, 'type'), count: apoc.any.property(rel, 'count')}] AS relationships" {} {}
2025-11-04 03:14:11,248 DEBUG neo4j.io: [#CED9]  C: PULL {'n': 1000}
2025-11-04 03:14:11,252 DEBUG neo4j.io: [#CED9]  S: SUCCESS {}
2025-11-04 03:14:11,252 DEBUG neo4j.io: [#CED9]  _: <CONNECTION> server state: READY > TX_READY_OR_TX_STREAMING
2025-11-04 03:14:11,258 DEBUG neo4j.io: [#CED9]  S: SUCCESS {'t_first': 5, 'fields': ['nodes', 'relationships'], 'qid': 0}
2025-11-04 03:14:39,486 DEBUG neo4j.io: [#CED9]  S: RECORD * 1
2025-11-04 03:14:39,486 DEBUG neo4j.io: [#CED9]  S: SUCCESS {'statuses': [{'gql_status': '00000', 'status_description': 'note: successful completion'}], 'type': 'r', 't_last': 28105, 'db': 'helpfile'}
2025-11-04 03:14:39,486 DEBUG neo4j.io: [#CED9]  C: COMMIT
2025-11-04 03:14:39,487 DEBUG neo4j.io: [#CED9]  _: <CONNECTION> client state: TX_READY_OR_TX_STREAMING > READY
2025-11-04 03:14:39,492 DEBUG neo4j.io: [#CED9]  S: SUCCESS {'bookmark': 'FB:kcwQ8rwaENxyTdu2M21TLrZqzskGvZA='}
2025-11-04 03:14:39,493 DEBUG neo4j.io: [#CED9]  _: <CONNECTION> server state: TX_READY_OR_TX_STREAMING > READY
2025-11-04 03:14:39,493 DEBUG neo4j.pool: [#CED9]  _: <POOL> released bolt-28
2025-11-04 03:14:39,562 DEBUG neo4j: [#0000]  _: <WORKSPACE> routing towards fixed database: helpfile
2025-11-04 03:14:39,562 DEBUG neo4j: [#0000]  _: <WORKSPACE> pinning database: 'helpfile'
2025-11-04 03:14:39,562 DEBUG neo4j.pool: [#0000]  _: <POOL> acquire direct connection, access_mode='WRITE', database=AcquisitionDatabase(name='helpfile', guessed=False)
2025-11-04 03:14:39,562 DEBUG neo4j.pool: [#CED9]  _: <POOL> picked existing connection bolt-28
2025-11-04 03:14:39,562 DEBUG neo4j.pool: [#CED9]  _: <POOL> checked re_auth auth=None updated=False force=False
2025-11-04 03:14:39,562 DEBUG neo4j.pool: [#CED9]  _: <POOL> handing out existing connection
2025-11-04 03:14:39,562 DEBUG neo4j.io: [#CED9]  C: BEGIN {'db': 'helpfile', 'bookmarks': ['FB:kcwQ8rwaENxyTdu2M21TLrZqzskGvZA=']}
2025-11-04 03:14:39,563 DEBUG neo4j.io: [#CED9]  _: <CONNECTION> client state: READY > TX_READY_OR_TX_STREAMING
2025-11-04 03:14:39,563 DEBUG neo4j.io: [#CED9]  C: RUN "MATCH (n:`Chunk`)\nWITH collect(distinct substring(toString(coalesce(n.`id`, '')), 0, 52)) AS `id_values`,\n     collect(distinct substring(toString(coalesce(n.`text`, '')), 0, 52)) AS `text_values`,\n     min(n.`chunk_index`) AS `chunk_index_min`,\n     max(n.`chunk_index`) AS `chunk_index_max`,\n     count(distinct n.`chunk_index`) AS `chunk_index_distinct`,\n     min(n.`section_level`) AS `section_level_min`,\n     max(n.`section_level`) AS `section_level_max`,\n     count(distinct n.`section_level`) AS `section_level_distinct`,\n     collect(distinct substring(toString(coalesce(n.`ref_doc_id`, '')), 0, 52)) AS `ref_doc_id_values`,\n     collect(distinct substring(toString(coalesce(n.`extracted_at`, '')), 0, 52)) AS `extracted_at_values`,\n     collect(distinct substring(toString(coalesce(n.`document_id`, '')), 0, 52)) AS `document_id_values`,\n     collect(distinct substring(toString(coalesce(n.`title`, '')), 0, 52)) AS `title_values`,\n     min(n.`text_length`) AS `text_length_min`,\n     max(n.`text_length`) AS `text_length_max`,\n     count(distinct n.`text_length`) AS `text_length_distinct`,\n     collect(distinct substring(toString(coalesce(n.`doc_id`, '')), 0, 52)) AS `doc_id_values`,\n     collect(distinct substring(toString(coalesce(n.`data_source`, '')), 0, 52)) AS `data_source_values`,\n     collect(distinct substring(toString(coalesce(n.`chunk_id`, '')), 0, 52)) AS `chunk_id_values`,\n     collect(distinct substring(toString(coalesce(n.`_node_content`, '')), 0, 52)) AS `_node_content_values`,\n     collect(distinct substring(toString(coalesce(n.`section_id`, '')), 0, 52)) AS `section_id_values`,\n     collect(distinct substring(toString(coalesce(n.`section_heading`, '')), 0, 52)) AS `section_heading_values`,\n     min(n.`start_char_idx`) AS `start_char_idx_min`,\n     max(n.`start_char_idx`) AS `start_char_idx_max`,\n     count(distinct n.`start_char_idx`) AS `start_char_idx_distinct`,\n     collect(distinct substring(toString(coalesce(n.`source_path`, '')), 0, 52)) AS `source_path_values`,\n     min(n.`section_index`) AS `section_index_min`,\n     max(n.`section_index`) AS `section_index_max`,\n     count(distinct n.`section_index`) AS `section_index_distinct`,\n     collect(distinct substring(toString(coalesce(n.`last_modified`, '')), 0, 52)) AS `last_modified_values`,\n     collect(distinct substring(toString(coalesce(n.`_node_type`, '')), 0, 52)) AS `_node_type_values`,\n     min(n.`end_char_idx`) AS `end_char_idx_min`,\n     max(n.`end_char_idx`) AS `end_char_idx_max`,\n     count(distinct n.`end_char_idx`) AS `end_char_idx_distinct`,\n     collect(distinct substring(toString(coalesce(n.`triplet_source_id`, '')), 0, 52)) AS `triplet_source_id_values`,\n     collect(distinct substring(toString(coalesce(n.`name`, '')), 0, 52)) AS `name_values`\nRETURN {`id`: {values:`id_values`[..10], distinct_count: size(`id_values`)}, `text`: {values:`text_values`[..10], distinct_count: size(`text_values`)}, `chunk_index`: {min: toString(`chunk_index_min`), max: toString(`chunk_index_max`), distinct_count: `chunk_index_distinct`}, `section_level`: {min: toString(`section_level_min`), max: toString(`section_level_max`), distinct_count: `section_level_distinct`}, `ref_doc_id`: {values:`ref_doc_id_values`[..10], distinct_count: size(`ref_doc_id_values`)}, `extracted_at`: {values:`extracted_at_values`[..10], distinct_count: size(`extracted_at_values`)}, `document_id`: {values:`document_id_values`[..10], distinct_count: size(`document_id_values`)}, `title`: {values:`title_values`[..10], distinct_count: size(`title_values`)}, `text_length`: {min: toString(`text_length_min`), max: toString(`text_length_max`), distinct_count: `text_length_distinct`}, `doc_id`: {values:`doc_id_values`[..10], distinct_count: size(`doc_id_values`)}, `data_source`: {values:`data_source_values`[..10], distinct_count: size(`data_source_values`)}, `chunk_id`: {values:`chunk_id_values`[..10], distinct_count: size(`chunk_id_values`)}, `_node_content`: {values:`_node_content_values`[..10], distinct_count: size(`_node_content_values`)}, `section_id`: {values:`section_id_values`[..10], distinct_count: size(`section_id_values`)}, `section_heading`: {values:`section_heading_values`[..10], distinct_count: size(`section_heading_values`)}, `start_char_idx`: {min: toString(`start_char_idx_min`), max: toString(`start_char_idx_max`), distinct_count: `start_char_idx_distinct`}, `source_path`: {values:`source_path_values`[..10], distinct_count: size(`source_path_values`)}, `section_index`: {min: toString(`section_index_min`), max: toString(`section_index_max`), distinct_count: `section_index_distinct`}, `last_modified`: {values:`last_modified_values`[..10], distinct_count: size(`last_modified_values`)}, `_node_type`: {values:`_node_type_values`[..10], distinct_count: size(`_node_type_values`)}, `end_char_idx`: {min: toString(`end_char_idx_min`), max: toString(`end_char_idx_max`), distinct_count: `end_char_idx_distinct`}, `triplet_source_id`: {values:`triplet_source_id_values`[..10], distinct_count: size(`triplet_source_id_values`)}, `name`: {values:`name_values`[..10], distinct_count: size(`name_values`)}} AS output" {} {}
2025-11-04 03:14:39,563 DEBUG neo4j.io: [#CED9]  C: PULL {'n': 1000}
2025-11-04 03:14:39,569 DEBUG neo4j.io: [#CED9]  S: SUCCESS {}
2025-11-04 03:14:39,570 DEBUG neo4j.io: [#CED9]  _: <CONNECTION> server state: READY > TX_READY_OR_TX_STREAMING
2025-11-04 03:14:41,768 DEBUG neo4j.io: [#CED9]  S: SUCCESS {'t_first': 2196, 'fields': ['output'], 'qid': 0}
2025-11-04 03:14:41,992 DEBUG neo4j.io: [#CED9]  S: RECORD * 1
2025-11-04 03:14:41,992 DEBUG neo4j.io: [#CED9]  S: SUCCESS {'statuses': [{'gql_status': '00000', 'status_description': 'note: successful completion'}], 'type': 'r', 't_last': 221, 'db': 'helpfile'}
2025-11-04 03:14:41,993 DEBUG neo4j.io: [#CED9]  C: COMMIT
2025-11-04 03:14:41,993 DEBUG neo4j.io: [#CED9]  _: <CONNECTION> client state: TX_READY_OR_TX_STREAMING > READY
2025-11-04 03:14:41,996 DEBUG neo4j.io: [#CED9]  S: SUCCESS {'bookmark': 'FB:kcwQ8rwaENxyTdu2M21TLrZqzskGvZA='}
2025-11-04 03:14:41,998 DEBUG neo4j.io: [#CED9]  _: <CONNECTION> server state: TX_READY_OR_TX_STREAMING > READY
2025-11-04 03:14:41,998 DEBUG neo4j.pool: [#CED9]  _: <POOL> released bolt-28
2025-11-04 03:14:41,999 DEBUG neo4j: [#0000]  _: <WORKSPACE> routing towards fixed database: helpfile
2025-11-04 03:14:41,999 DEBUG neo4j: [#0000]  _: <WORKSPACE> pinning database: 'helpfile'
2025-11-04 03:14:41,999 DEBUG neo4j.pool: [#0000]  _: <POOL> acquire direct connection, access_mode='WRITE', database=AcquisitionDatabase(name='helpfile', guessed=False)
2025-11-04 03:14:41,999 DEBUG neo4j.pool: [#CED9]  _: <POOL> picked existing connection bolt-28
2025-11-04 03:14:41,999 DEBUG neo4j.pool: [#CED9]  _: <POOL> checked re_auth auth=None updated=False force=False
2025-11-04 03:14:41,999 DEBUG neo4j.pool: [#CED9]  _: <POOL> handing out existing connection
2025-11-04 03:14:41,999 DEBUG neo4j.io: [#CED9]  C: BEGIN {'db': 'helpfile', 'bookmarks': ['FB:kcwQ8rwaENxyTdu2M21TLrZqzskGvZA=']}
2025-11-04 03:14:41,999 DEBUG neo4j.io: [#CED9]  _: <CONNECTION> client state: READY > TX_READY_OR_TX_STREAMING
2025-11-04 03:14:41,999 DEBUG neo4j.io: [#CED9]  C: RUN "MATCH (n:`HelpDocument`)\nWITH collect(distinct substring(toString(coalesce(n.`id`, '')), 0, 52)) AS `id_values`,\n     collect(distinct substring(toString(coalesce(n.`name`, '')), 0, 52)) AS `name_values`,\n     collect(distinct substring(toString(coalesce(n.`extracted_at`, '')), 0, 52)) AS `extracted_at_values`,\n     collect(distinct substring(toString(coalesce(n.`document_id`, '')), 0, 52)) AS `document_id_values`,\n     collect(distinct substring(toString(coalesce(n.`title`, '')), 0, 52)) AS `title_values`,\n     collect(distinct substring(toString(coalesce(n.`data_source`, '')), 0, 52)) AS `data_source_values`,\n     collect(distinct substring(toString(coalesce(n.`source_path`, '')), 0, 52)) AS `source_path_values`,\n     collect(distinct substring(toString(coalesce(n.`last_modified`, '')), 0, 52)) AS `last_modified_values`,\n     collect(distinct substring(toString(coalesce(n.`triplet_source_id`, '')), 0, 52)) AS `triplet_source_id_values`,\n     min(size(coalesce(n.`headings`, []))) AS `headings_size_min`, max(size(coalesce(n.`headings`, []))) AS `headings_size_max`, collect(n.`headings`)[0][..3] AS `headings_values`,\n     min(n.`section_count`) AS `section_count_min`,\n     max(n.`section_count`) AS `section_count_max`,\n     count(distinct n.`section_count`) AS `section_count_distinct`\nRETURN {`id`: {values:`id_values`[..10], distinct_count: size(`id_values`)}, `name`: {values:`name_values`[..10], distinct_count: size(`name_values`)}, `extracted_at`: {values:`extracted_at_values`[..10], distinct_count: size(`extracted_at_values`)}, `document_id`: {values:`document_id_values`[..10], distinct_count: size(`document_id_values`)}, `title`: {values:`title_values`[..10], distinct_count: size(`title_values`)}, `data_source`: {values:`data_source_values`[..10], distinct_count: size(`data_source_values`)}, `source_path`: {values:`source_path_values`[..10], distinct_count: size(`source_path_values`)}, `last_modified`: {values:`last_modified_values`[..10], distinct_count: size(`last_modified_values`)}, `triplet_source_id`: {values:`triplet_source_id_values`[..10], distinct_count: size(`triplet_source_id_values`)}, `headings`: {min_size: `headings_size_min`, max_size: `headings_size_max`, values:`headings_values`}, `section_count`: {min: toString(`section_count_min`), max: toString(`section_count_max`), distinct_count: `section_count_distinct`}} AS output" {} {}
2025-11-04 03:14:41,999 DEBUG neo4j.io: [#CED9]  C: PULL {'n': 1000}
2025-11-04 03:14:42,007 DEBUG neo4j.io: [#CED9]  S: SUCCESS {}
2025-11-04 03:14:42,007 DEBUG neo4j.io: [#CED9]  _: <CONNECTION> server state: READY > TX_READY_OR_TX_STREAMING
2025-11-04 03:14:42,666 DEBUG neo4j.io: [#CED9]  S: SUCCESS {'t_first': 656, 'fields': ['output'], 'qid': 0}
2025-11-04 03:14:42,690 DEBUG neo4j.io: [#CED9]  S: RECORD * 1
2025-11-04 03:14:42,691 DEBUG neo4j.io: [#CED9]  S: SUCCESS {'statuses': [{'gql_status': '00000', 'status_description': 'note: successful completion'}], 'type': 'r', 't_last': 21, 'db': 'helpfile'}
2025-11-04 03:14:42,691 DEBUG neo4j.io: [#CED9]  C: COMMIT
2025-11-04 03:14:42,691 DEBUG neo4j.io: [#CED9]  _: <CONNECTION> client state: TX_READY_OR_TX_STREAMING > READY
2025-11-04 03:14:42,694 DEBUG neo4j.io: [#CED9]  S: SUCCESS {'bookmark': 'FB:kcwQ8rwaENxyTdu2M21TLrZqzskGvZA='}
2025-11-04 03:14:42,694 DEBUG neo4j.io: [#CED9]  _: <CONNECTION> server state: TX_READY_OR_TX_STREAMING > READY
2025-11-04 03:14:42,694 DEBUG neo4j.pool: [#CED9]  _: <POOL> released bolt-28
2025-11-04 03:14:42,695 DEBUG neo4j: [#0000]  _: <WORKSPACE> routing towards fixed database: helpfile
2025-11-04 03:14:42,695 DEBUG neo4j: [#0000]  _: <WORKSPACE> pinning database: 'helpfile'
2025-11-04 03:14:42,695 DEBUG neo4j.pool: [#0000]  _: <POOL> acquire direct connection, access_mode='WRITE', database=AcquisitionDatabase(name='helpfile', guessed=False)
2025-11-04 03:14:42,695 DEBUG neo4j.pool: [#CED9]  _: <POOL> picked existing connection bolt-28
2025-11-04 03:14:42,695 DEBUG neo4j.pool: [#CED9]  _: <POOL> checked re_auth auth=None updated=False force=False
2025-11-04 03:14:42,695 DEBUG neo4j.pool: [#CED9]  _: <POOL> handing out existing connection
2025-11-04 03:14:42,695 DEBUG neo4j.io: [#CED9]  C: BEGIN {'db': 'helpfile', 'bookmarks': ['FB:kcwQ8rwaENxyTdu2M21TLrZqzskGvZA=']}
2025-11-04 03:14:42,695 DEBUG neo4j.io: [#CED9]  _: <CONNECTION> client state: READY > TX_READY_OR_TX_STREAMING
2025-11-04 03:14:42,695 DEBUG neo4j.io: [#CED9]  C: RUN "MATCH (n:`HelpSection`)\nWITH collect(distinct substring(toString(coalesce(n.`id`, '')), 0, 52)) AS `id_values`,\n     collect(distinct substring(toString(coalesce(n.`name`, '')), 0, 52)) AS `name_values`,\n     min(n.`section_level`) AS `section_level_min`,\n     max(n.`section_level`) AS `section_level_max`,\n     count(distinct n.`section_level`) AS `section_level_distinct`,\n     collect(distinct substring(toString(coalesce(n.`extracted_at`, '')), 0, 52)) AS `extracted_at_values`,\n     collect(distinct substring(toString(coalesce(n.`document_id`, '')), 0, 52)) AS `document_id_values`,\n     collect(distinct substring(toString(coalesce(n.`title`, '')), 0, 52)) AS `title_values`,\n     collect(distinct substring(toString(coalesce(n.`data_source`, '')), 0, 52)) AS `data_source_values`,\n     collect(distinct substring(toString(coalesce(n.`section_id`, '')), 0, 52)) AS `section_id_values`,\n     collect(distinct substring(toString(coalesce(n.`section_heading`, '')), 0, 52)) AS `section_heading_values`,\n     collect(distinct substring(toString(coalesce(n.`source_path`, '')), 0, 52)) AS `source_path_values`,\n     min(n.`section_index`) AS `section_index_min`,\n     max(n.`section_index`) AS `section_index_max`,\n     count(distinct n.`section_index`) AS `section_index_distinct`,\n     collect(distinct substring(toString(coalesce(n.`last_modified`, '')), 0, 52)) AS `last_modified_values`,\n     collect(distinct substring(toString(coalesce(n.`triplet_source_id`, '')), 0, 52)) AS `triplet_source_id_values`,\n     min(n.`chunk_index`) AS `chunk_index_min`,\n     max(n.`chunk_index`) AS `chunk_index_max`,\n     count(distinct n.`chunk_index`) AS `chunk_index_distinct`,\n     min(n.`text_length`) AS `text_length_min`,\n     max(n.`text_length`) AS `text_length_max`,\n     count(distinct n.`text_length`) AS `text_length_distinct`,\n     collect(distinct substring(toString(coalesce(n.`chunk_id`, '')), 0, 52)) AS `chunk_id_values`,\n     min(n.`start_char_idx`) AS `start_char_idx_min`,\n     max(n.`start_char_idx`) AS `start_char_idx_max`,\n     count(distinct n.`start_char_idx`) AS `start_char_idx_distinct`,\n     min(n.`end_char_idx`) AS `end_char_idx_min`,\n     max(n.`end_char_idx`) AS `end_char_idx_max`,\n     count(distinct n.`end_char_idx`) AS `end_char_idx_distinct`\nRETURN {`id`: {values:`id_values`[..10], distinct_count: size(`id_values`)}, `name`: {values:`name_values`[..10], distinct_count: size(`name_values`)}, `section_level`: {min: toString(`section_level_min`), max: toString(`section_level_max`), distinct_count: `section_level_distinct`}, `extracted_at`: {values:`extracted_at_values`[..10], distinct_count: size(`extracted_at_values`)}, `document_id`: {values:`document_id_values`[..10], distinct_count: size(`document_id_values`)}, `title`: {values:`title_values`[..10], distinct_count: size(`title_values`)}, `data_source`: {values:`data_source_values`[..10], distinct_count: size(`data_source_values`)}, `section_id`: {values:`section_id_values`[..10], distinct_count: size(`section_id_values`)}, `section_heading`: {values:`section_heading_values`[..10], distinct_count: size(`section_heading_values`)}, `source_path`: {values:`source_path_values`[..10], distinct_count: size(`source_path_values`)}, `section_index`: {min: toString(`section_index_min`), max: toString(`section_index_max`), distinct_count: `section_index_distinct`}, `last_modified`: {values:`last_modified_values`[..10], distinct_count: size(`last_modified_values`)}, `triplet_source_id`: {values:`triplet_source_id_values`[..10], distinct_count: size(`triplet_source_id_values`)}, `chunk_index`: {min: toString(`chunk_index_min`), max: toString(`chunk_index_max`), distinct_count: `chunk_index_distinct`}, `text_length`: {min: toString(`text_length_min`), max: toString(`text_length_max`), distinct_count: `text_length_distinct`}, `chunk_id`: {values:`chunk_id_values`[..10], distinct_count: size(`chunk_id_values`)}, `start_char_idx`: {min: toString(`start_char_idx_min`), max: toString(`start_char_idx_max`), distinct_count: `start_char_idx_distinct`}, `end_char_idx`: {min: toString(`end_char_idx_min`), max: toString(`end_char_idx_max`), distinct_count: `end_char_idx_distinct`}} AS output" {} {}
2025-11-04 03:14:42,696 DEBUG neo4j.io: [#CED9]  C: PULL {'n': 1000}
2025-11-04 03:14:42,703 DEBUG neo4j.io: [#CED9]  S: SUCCESS {}
2025-11-04 03:14:42,703 DEBUG neo4j.io: [#CED9]  _: <CONNECTION> server state: READY > TX_READY_OR_TX_STREAMING
2025-11-04 03:14:43,376 DEBUG neo4j.io: [#CED9]  S: SUCCESS {'t_first': 671, 'fields': ['output'], 'qid': 0}
2025-11-04 03:14:43,424 DEBUG neo4j.io: [#CED9]  S: RECORD * 1
2025-11-04 03:14:43,424 DEBUG neo4j.io: [#CED9]  S: SUCCESS {'statuses': [{'gql_status': '00000', 'status_description': 'note: successful completion'}], 'type': 'r', 't_last': 45, 'db': 'helpfile'}
2025-11-04 03:14:43,425 DEBUG neo4j.io: [#CED9]  C: COMMIT
2025-11-04 03:14:43,425 DEBUG neo4j.io: [#CED9]  _: <CONNECTION> client state: TX_READY_OR_TX_STREAMING > READY
2025-11-04 03:14:43,429 DEBUG neo4j.io: [#CED9]  S: SUCCESS {'bookmark': 'FB:kcwQ8rwaENxyTdu2M21TLrZqzskGvZA='}
2025-11-04 03:14:43,429 DEBUG neo4j.io: [#CED9]  _: <CONNECTION> server state: TX_READY_OR_TX_STREAMING > READY
2025-11-04 03:14:43,429 DEBUG neo4j.pool: [#CED9]  _: <POOL> released bolt-28
2025-11-04 03:14:43,430 DEBUG neo4j: [#0000]  _: <WORKSPACE> routing towards fixed database: helpfile
2025-11-04 03:14:43,430 DEBUG neo4j: [#0000]  _: <WORKSPACE> pinning database: 'helpfile'
2025-11-04 03:14:43,431 DEBUG neo4j.pool: [#0000]  _: <POOL> acquire direct connection, access_mode='WRITE', database=AcquisitionDatabase(name='helpfile', guessed=False)
2025-11-04 03:14:43,431 DEBUG neo4j.pool: [#CED9]  _: <POOL> picked existing connection bolt-28
2025-11-04 03:14:43,431 DEBUG neo4j.pool: [#CED9]  _: <POOL> checked re_auth auth=None updated=False force=False
2025-11-04 03:14:43,431 DEBUG neo4j.pool: [#CED9]  _: <POOL> handing out existing connection
2025-11-04 03:14:43,431 DEBUG neo4j.io: [#CED9]  C: BEGIN {'db': 'helpfile', 'bookmarks': ['FB:kcwQ8rwaENxyTdu2M21TLrZqzskGvZA=']}
2025-11-04 03:14:43,431 DEBUG neo4j.io: [#CED9]  _: <CONNECTION> client state: READY > TX_READY_OR_TX_STREAMING
2025-11-04 03:14:43,431 DEBUG neo4j.io: [#CED9]  C: RUN "MATCH (n:`entity`)\nWITH collect(distinct substring(toString(coalesce(n.`id`, '')), 0, 52)) AS `id_values`,\n     collect(distinct substring(toString(coalesce(n.`name`, '')), 0, 52)) AS `name_values`,\n     collect(distinct substring(toString(coalesce(n.`text`, '')), 0, 52)) AS `text_values`,\n     min(n.`chunk_index`) AS `chunk_index_min`,\n     max(n.`chunk_index`) AS `chunk_index_max`,\n     count(distinct n.`chunk_index`) AS `chunk_index_distinct`,\n     min(n.`section_level`) AS `section_level_min`,\n     max(n.`section_level`) AS `section_level_max`,\n     count(distinct n.`section_level`) AS `section_level_distinct`,\n     collect(distinct substring(toString(coalesce(n.`ref_doc_id`, '')), 0, 52)) AS `ref_doc_id_values`,\n     collect(distinct substring(toString(coalesce(n.`extracted_at`, '')), 0, 52)) AS `extracted_at_values`,\n     collect(distinct substring(toString(coalesce(n.`document_id`, '')), 0, 52)) AS `document_id_values`,\n     collect(distinct substring(toString(coalesce(n.`title`, '')), 0, 52)) AS `title_values`,\n     min(n.`text_length`) AS `text_length_min`,\n     max(n.`text_length`) AS `text_length_max`,\n     count(distinct n.`text_length`) AS `text_length_distinct`,\n     collect(distinct substring(toString(coalesce(n.`doc_id`, '')), 0, 52)) AS `doc_id_values`,\n     collect(distinct substring(toString(coalesce(n.`data_source`, '')), 0, 52)) AS `data_source_values`,\n     collect(distinct substring(toString(coalesce(n.`chunk_id`, '')), 0, 52)) AS `chunk_id_values`,\n     collect(distinct substring(toString(coalesce(n.`_node_content`, '')), 0, 52)) AS `_node_content_values`,\n     collect(distinct substring(toString(coalesce(n.`section_id`, '')), 0, 52)) AS `section_id_values`,\n     collect(distinct substring(toString(coalesce(n.`section_heading`, '')), 0, 52)) AS `section_heading_values`,\n     min(n.`start_char_idx`) AS `start_char_idx_min`,\n     max(n.`start_char_idx`) AS `start_char_idx_max`,\n     count(distinct n.`start_char_idx`) AS `start_char_idx_distinct`,\n     collect(distinct substring(toString(coalesce(n.`source_path`, '')), 0, 52)) AS `source_path_values`,\n     min(n.`section_index`) AS `section_index_min`,\n     max(n.`section_index`) AS `section_index_max`,\n     count(distinct n.`section_index`) AS `section_index_distinct`,\n     collect(distinct substring(toString(coalesce(n.`last_modified`, '')), 0, 52)) AS `last_modified_values`,\n     collect(distinct substring(toString(coalesce(n.`_node_type`, '')), 0, 52)) AS `_node_type_values`,\n     min(n.`end_char_idx`) AS `end_char_idx_min`,\n     max(n.`end_char_idx`) AS `end_char_idx_max`,\n     count(distinct n.`end_char_idx`) AS `end_char_idx_distinct`,\n     collect(distinct substring(toString(coalesce(n.`triplet_source_id`, '')), 0, 52)) AS `triplet_source_id_values`\nRETURN {`id`: {values:`id_values`[..10], distinct_count: size(`id_values`)}, `name`: {values:`name_values`[..10], distinct_count: size(`name_values`)}, `text`: {values:`text_values`[..10], distinct_count: size(`text_values`)}, `chunk_index`: {min: toString(`chunk_index_min`), max: toString(`chunk_index_max`), distinct_count: `chunk_index_distinct`}, `section_level`: {min: toString(`section_level_min`), max: toString(`section_level_max`), distinct_count: `section_level_distinct`}, `ref_doc_id`: {values:`ref_doc_id_values`[..10], distinct_count: size(`ref_doc_id_values`)}, `extracted_at`: {values:`extracted_at_values`[..10], distinct_count: size(`extracted_at_values`)}, `document_id`: {values:`document_id_values`[..10], distinct_count: size(`document_id_values`)}, `title`: {values:`title_values`[..10], distinct_count: size(`title_values`)}, `text_length`: {min: toString(`text_length_min`), max: toString(`text_length_max`), distinct_count: `text_length_distinct`}, `doc_id`: {values:`doc_id_values`[..10], distinct_count: size(`doc_id_values`)}, `data_source`: {values:`data_source_values`[..10], distinct_count: size(`data_source_values`)}, `chunk_id`: {values:`chunk_id_values`[..10], distinct_count: size(`chunk_id_values`)}, `_node_content`: {values:`_node_content_values`[..10], distinct_count: size(`_node_content_values`)}, `section_id`: {values:`section_id_values`[..10], distinct_count: size(`section_id_values`)}, `section_heading`: {values:`section_heading_values`[..10], distinct_count: size(`section_heading_values`)}, `start_char_idx`: {min: toString(`start_char_idx_min`), max: toString(`start_char_idx_max`), distinct_count: `start_char_idx_distinct`}, `source_path`: {values:`source_path_values`[..10], distinct_count: size(`source_path_values`)}, `section_index`: {min: toString(`section_index_min`), max: toString(`section_index_max`), distinct_count: `section_index_distinct`}, `last_modified`: {values:`last_modified_values`[..10], distinct_count: size(`last_modified_values`)}, `_node_type`: {values:`_node_type_values`[..10], distinct_count: size(`_node_type_values`)}, `end_char_idx`: {min: toString(`end_char_idx_min`), max: toString(`end_char_idx_max`), distinct_count: `end_char_idx_distinct`}, `triplet_source_id`: {values:`triplet_source_id_values`[..10], distinct_count: size(`triplet_source_id_values`)}} AS output" {} {}
2025-11-04 03:14:43,431 DEBUG neo4j.io: [#CED9]  C: PULL {'n': 1000}
2025-11-04 03:14:43,439 DEBUG neo4j.io: [#CED9]  S: SUCCESS {}
2025-11-04 03:14:43,439 DEBUG neo4j.io: [#CED9]  _: <CONNECTION> server state: READY > TX_READY_OR_TX_STREAMING
2025-11-04 03:14:44,132 DEBUG neo4j.io: [#CED9]  S: SUCCESS {'t_first': 692, 'fields': ['output'], 'qid': 0}
2025-11-04 03:14:44,340 DEBUG neo4j.io: [#CED9]  S: RECORD * 1
2025-11-04 03:14:44,340 DEBUG neo4j.io: [#CED9]  S: SUCCESS {'statuses': [{'gql_status': '00000', 'status_description': 'note: successful completion'}], 'type': 'r', 't_last': 204, 'db': 'helpfile'}
2025-11-04 03:14:44,341 DEBUG neo4j.io: [#CED9]  C: COMMIT
2025-11-04 03:14:44,341 DEBUG neo4j.io: [#CED9]  _: <CONNECTION> client state: TX_READY_OR_TX_STREAMING > READY
2025-11-04 03:14:44,344 DEBUG neo4j.io: [#CED9]  S: SUCCESS {'bookmark': 'FB:kcwQ8rwaENxyTdu2M21TLrZqzskGvZA='}
2025-11-04 03:14:44,344 DEBUG neo4j.io: [#CED9]  _: <CONNECTION> server state: TX_READY_OR_TX_STREAMING > READY
2025-11-04 03:14:44,344 DEBUG neo4j.pool: [#CED9]  _: <POOL> released bolt-28
2025-11-04 03:14:44,346 DEBUG neo4j: [#0000]  _: <WORKSPACE> routing towards fixed database: helpfile
2025-11-04 03:14:44,346 DEBUG neo4j: [#0000]  _: <WORKSPACE> pinning database: 'helpfile'
2025-11-04 03:14:44,346 DEBUG neo4j.pool: [#0000]  _: <POOL> acquire direct connection, access_mode='WRITE', database=AcquisitionDatabase(name='helpfile', guessed=False)
2025-11-04 03:14:44,346 DEBUG neo4j.pool: [#CED9]  _: <POOL> picked existing connection bolt-28
2025-11-04 03:14:44,347 DEBUG neo4j.pool: [#CED9]  _: <POOL> checked re_auth auth=None updated=False force=False
2025-11-04 03:14:44,347 DEBUG neo4j.pool: [#CED9]  _: <POOL> handing out existing connection
2025-11-04 03:14:44,347 DEBUG neo4j.io: [#CED9]  C: BEGIN {'db': 'helpfile', 'bookmarks': ['FB:kcwQ8rwaENxyTdu2M21TLrZqzskGvZA=']}
2025-11-04 03:14:44,347 DEBUG neo4j.io: [#CED9]  _: <CONNECTION> client state: READY > TX_READY_OR_TX_STREAMING
2025-11-04 03:14:44,347 DEBUG neo4j.io: [#CED9]  C: RUN 'CALL dbms.components()' {} {}
2025-11-04 03:14:44,347 DEBUG neo4j.io: [#CED9]  C: PULL {'n': 1000}
2025-11-04 03:14:44,354 DEBUG neo4j.io: [#CED9]  S: SUCCESS {}
2025-11-04 03:14:44,354 DEBUG neo4j.io: [#CED9]  _: <CONNECTION> server state: READY > TX_READY_OR_TX_STREAMING
2025-11-04 03:14:44,441 DEBUG neo4j.io: [#CED9]  S: SUCCESS {'t_first': 85, 'fields': ['name', 'versions', 'edition'], 'qid': 0}
2025-11-04 03:14:44,447 DEBUG neo4j.io: [#CED9]  S: RECORD * 1
2025-11-04 03:14:44,448 DEBUG neo4j.io: [#CED9]  S: RECORD * 1
2025-11-04 03:14:44,448 DEBUG neo4j.io: [#CED9]  S: SUCCESS {'statuses': [{'gql_status': '00000', 'status_description': 'note: successful completion'}], 'type': 's', 't_last': 3, 'db': 'helpfile'}
2025-11-04 03:14:44,448 DEBUG neo4j.io: [#CED9]  C: COMMIT
2025-11-04 03:14:44,448 DEBUG neo4j.io: [#CED9]  _: <CONNECTION> client state: TX_READY_OR_TX_STREAMING > READY
2025-11-04 03:14:44,453 DEBUG neo4j.io: [#CED9]  S: SUCCESS {'bookmark': 'FB:kcwQ8rwaENxyTdu2M21TLrZqzskGvZA='}
2025-11-04 03:14:44,453 DEBUG neo4j.io: [#CED9]  _: <CONNECTION> server state: TX_READY_OR_TX_STREAMING > READY
2025-11-04 03:14:44,454 DEBUG neo4j.pool: [#CED9]  _: <POOL> released bolt-28
2025-11-04 03:14:44,454 DEBUG neo4j: [#0000]  _: <WORKSPACE> routing towards fixed database: helpfile
2025-11-04 03:14:44,454 DEBUG neo4j: [#0000]  _: <WORKSPACE> pinning database: 'helpfile'
2025-11-04 03:14:44,454 DEBUG neo4j.pool: [#0000]  _: <POOL> acquire direct connection, access_mode='WRITE', database=AcquisitionDatabase(name='helpfile', guessed=False)
2025-11-04 03:14:44,454 DEBUG neo4j.pool: [#CED9]  _: <POOL> picked existing connection bolt-28
2025-11-04 03:14:44,454 DEBUG neo4j.pool: [#CED9]  _: <POOL> checked re_auth auth=None updated=False force=False
2025-11-04 03:14:44,454 DEBUG neo4j.pool: [#CED9]  _: <POOL> handing out existing connection
2025-11-04 03:14:44,454 DEBUG neo4j.io: [#CED9]  C: BEGIN {'db': 'helpfile', 'bookmarks': ['FB:kcwQ8rwaENxyTdu2M21TLrZqzskGvZA=']}
2025-11-04 03:14:44,454 DEBUG neo4j.io: [#CED9]  _: <CONNECTION> client state: READY > TX_READY_OR_TX_STREAMING
2025-11-04 03:14:44,455 DEBUG neo4j.io: [#CED9]  C: RUN 'CREATE CONSTRAINT IF NOT EXISTS FOR (n:`__Node__`)\n                REQUIRE n.id IS UNIQUE;' {} {}
2025-11-04 03:14:44,455 DEBUG neo4j.io: [#CED9]  C: PULL {'n': 1000}
2025-11-04 03:14:44,459 DEBUG neo4j.io: [#CED9]  S: SUCCESS {}
2025-11-04 03:14:44,459 DEBUG neo4j.io: [#CED9]  _: <CONNECTION> server state: READY > TX_READY_OR_TX_STREAMING
2025-11-04 03:14:44,590 DEBUG neo4j.io: [#CED9]  S: SUCCESS {'t_first': 130, 'fields': [], 'qid': 0}
2025-11-04 03:14:44,651 DEBUG neo4j.io: [#CED9]  S: SUCCESS {'statuses': [{'gql_status': '00001', 'status_description': 'note: successful completion - omitted result'}], 'type': 's', 't_last': 0, 'db': 'helpfile'}
2025-11-04 03:14:44,651 DEBUG neo4j.io: [#CED9]  C: COMMIT
2025-11-04 03:14:44,652 DEBUG neo4j.io: [#CED9]  _: <CONNECTION> client state: TX_READY_OR_TX_STREAMING > READY
2025-11-04 03:14:44,654 DEBUG neo4j.io: [#CED9]  S: SUCCESS {'bookmark': 'FB:kcwQ8rwaENxyTdu2M21TLrZqzskGvZA='}
2025-11-04 03:14:44,654 DEBUG neo4j.io: [#CED9]  _: <CONNECTION> server state: TX_READY_OR_TX_STREAMING > READY
2025-11-04 03:14:44,654 DEBUG neo4j.pool: [#CED9]  _: <POOL> released bolt-28
2025-11-04 03:14:44,654 DEBUG neo4j: [#0000]  _: <WORKSPACE> routing towards fixed database: helpfile
2025-11-04 03:14:44,655 DEBUG neo4j: [#0000]  _: <WORKSPACE> pinning database: 'helpfile'
2025-11-04 03:14:44,655 DEBUG neo4j.pool: [#0000]  _: <POOL> acquire direct connection, access_mode='WRITE', database=AcquisitionDatabase(name='helpfile', guessed=False)
2025-11-04 03:14:44,655 DEBUG neo4j.pool: [#CED9]  _: <POOL> picked existing connection bolt-28
2025-11-04 03:14:44,655 DEBUG neo4j.pool: [#CED9]  _: <POOL> checked re_auth auth=None updated=False force=False
2025-11-04 03:14:44,655 DEBUG neo4j.pool: [#CED9]  _: <POOL> handing out existing connection
2025-11-04 03:14:44,655 DEBUG neo4j.io: [#CED9]  C: BEGIN {'db': 'helpfile', 'bookmarks': ['FB:kcwQ8rwaENxyTdu2M21TLrZqzskGvZA=']}
2025-11-04 03:14:44,655 DEBUG neo4j.io: [#CED9]  _: <CONNECTION> client state: READY > TX_READY_OR_TX_STREAMING
2025-11-04 03:14:44,655 DEBUG neo4j.io: [#CED9]  C: RUN 'CREATE CONSTRAINT IF NOT EXISTS FOR (n:`__Entity__`)\n                REQUIRE n.id IS UNIQUE;' {} {}
2025-11-04 03:14:44,655 DEBUG neo4j.io: [#CED9]  C: PULL {'n': 1000}
2025-11-04 03:14:44,660 DEBUG neo4j.io: [#CED9]  S: SUCCESS {}
2025-11-04 03:14:44,660 DEBUG neo4j.io: [#CED9]  _: <CONNECTION> server state: READY > TX_READY_OR_TX_STREAMING
2025-11-04 03:14:44,677 DEBUG neo4j.io: [#CED9]  S: SUCCESS {'t_first': 16, 'fields': [], 'qid': 0}
2025-11-04 03:14:44,679 DEBUG neo4j.io: [#CED9]  S: SUCCESS {'statuses': [{'gql_status': '00001', 'status_description': 'note: successful completion - omitted result'}], 'type': 's', 't_last': 0, 'db': 'helpfile'}
2025-11-04 03:14:44,679 DEBUG neo4j.io: [#CED9]  C: COMMIT
2025-11-04 03:14:44,679 DEBUG neo4j.io: [#CED9]  _: <CONNECTION> client state: TX_READY_OR_TX_STREAMING > READY
2025-11-04 03:14:44,684 DEBUG neo4j.io: [#CED9]  S: SUCCESS {'bookmark': 'FB:kcwQ8rwaENxyTdu2M21TLrZqzskGvZA='}
2025-11-04 03:14:44,684 DEBUG neo4j.io: [#CED9]  _: <CONNECTION> server state: TX_READY_OR_TX_STREAMING > READY
2025-11-04 03:14:44,684 DEBUG neo4j.pool: [#CED9]  _: <POOL> released bolt-28
2025-11-04 03:14:44,684 DEBUG neo4j: [#0000]  _: <WORKSPACE> routing towards fixed database: helpfile
2025-11-04 03:14:44,684 DEBUG neo4j: [#0000]  _: <WORKSPACE> pinning database: 'helpfile'
2025-11-04 03:14:44,684 DEBUG neo4j.pool: [#0000]  _: <POOL> acquire direct connection, access_mode='WRITE', database=AcquisitionDatabase(name='helpfile', guessed=False)
2025-11-04 03:14:44,684 DEBUG neo4j.pool: [#CED9]  _: <POOL> picked existing connection bolt-28
2025-11-04 03:14:44,684 DEBUG neo4j.pool: [#CED9]  _: <POOL> checked re_auth auth=None updated=False force=False
2025-11-04 03:14:44,684 DEBUG neo4j.pool: [#CED9]  _: <POOL> handing out existing connection
2025-11-04 03:14:44,684 DEBUG neo4j.io: [#CED9]  C: BEGIN {'db': 'helpfile', 'bookmarks': ['FB:kcwQ8rwaENxyTdu2M21TLrZqzskGvZA=']}
2025-11-04 03:14:44,685 DEBUG neo4j.io: [#CED9]  _: <CONNECTION> client state: READY > TX_READY_OR_TX_STREAMING
2025-11-04 03:14:44,685 DEBUG neo4j.io: [#CED9]  C: RUN 'CREATE VECTOR INDEX entity IF NOT EXISTS FOR (m:__Entity__) ON m.embedding' {} {}
2025-11-04 03:14:44,685 DEBUG neo4j.io: [#CED9]  C: PULL {'n': 1000}
2025-11-04 03:14:44,690 DEBUG neo4j.io: [#CED9]  S: SUCCESS {}
2025-11-04 03:14:44,690 DEBUG neo4j.io: [#CED9]  _: <CONNECTION> server state: READY > TX_READY_OR_TX_STREAMING
2025-11-04 03:14:44,716 DEBUG neo4j.io: [#CED9]  S: SUCCESS {'t_first': 23, 'fields': [], 'qid': 0}
2025-11-04 03:14:44,717 DEBUG neo4j.io: [#CED9]  S: SUCCESS {'statuses': [{'gql_status': '00001', 'status_description': 'note: successful completion - omitted result'}], 'type': 's', 't_last': 0, 'db': 'helpfile'}
2025-11-04 03:14:44,718 DEBUG neo4j.io: [#CED9]  C: COMMIT
2025-11-04 03:14:44,718 DEBUG neo4j.io: [#CED9]  _: <CONNECTION> client state: TX_READY_OR_TX_STREAMING > READY
2025-11-04 03:14:44,721 DEBUG neo4j.io: [#CED9]  S: SUCCESS {'bookmark': 'FB:kcwQ8rwaENxyTdu2M21TLrZqzskGvZA='}
2025-11-04 03:14:44,721 DEBUG neo4j.io: [#CED9]  _: <CONNECTION> server state: TX_READY_OR_TX_STREAMING > READY
2025-11-04 03:14:44,722 DEBUG neo4j.pool: [#CED9]  _: <POOL> released bolt-28
2025-11-04 03:14:44,722 INFO root: 既存のヘルプグラフを削除します。
2025-11-04 03:14:44,722 DEBUG neo4j: [#0000]  _: <WORKSPACE> routing towards fixed database: helpfile
2025-11-04 03:14:44,722 DEBUG neo4j: [#0000]  _: <WORKSPACE> pinning database: 'helpfile'
2025-11-04 03:14:44,722 DEBUG neo4j.pool: [#0000]  _: <POOL> acquire direct connection, access_mode='WRITE', database=AcquisitionDatabase(name='helpfile', guessed=False)
2025-11-04 03:14:44,722 DEBUG neo4j.pool: [#CED9]  _: <POOL> picked existing connection bolt-28
2025-11-04 03:14:44,722 DEBUG neo4j.pool: [#CED9]  _: <POOL> checked re_auth auth=None updated=False force=False
2025-11-04 03:14:44,722 DEBUG neo4j.pool: [#CED9]  _: <POOL> handing out existing connection
2025-11-04 03:14:44,722 DEBUG neo4j.io: [#CED9]  C: BEGIN {'db': 'helpfile', 'bookmarks': ['FB:kcwQ8rwaENxyTdu2M21TLrZqzskGvZA=']}
2025-11-04 03:14:44,723 DEBUG neo4j.io: [#CED9]  _: <CONNECTION> client state: READY > TX_READY_OR_TX_STREAMING
2025-11-04 03:14:44,723 DEBUG neo4j.io: [#CED9]  C: RUN 'MATCH (n) WHERE n.data_source = $source DETACH DELETE n' {'source': 'EVOSHIP_HELP_FILES'} {}
2025-11-04 03:14:44,723 DEBUG neo4j.io: [#CED9]  C: PULL {'n': 1000}
2025-11-04 03:14:44,728 DEBUG neo4j.io: [#CED9]  S: SUCCESS {}
2025-11-04 03:14:44,728 DEBUG neo4j.io: [#CED9]  _: <CONNECTION> server state: READY > TX_READY_OR_TX_STREAMING
2025-11-04 03:14:45,494 DEBUG neo4j.io: [#CED9]  S: SUCCESS {'t_first': 764, 'fields': [], 'qid': 0}
2025-11-04 03:14:45,496 DEBUG neo4j.io: [#CED9]  S: SUCCESS {'stats': {'contains-updates': True, 'nodes-deleted': 6649, 'relationships-deleted': 16712}, 'statuses': [{'gql_status': '00001', 'status_description': 'note: successful completion - omitted result'}], 'type': 'w', 't_last': 0, 'db': 'helpfile'}
2025-11-04 03:14:45,496 DEBUG neo4j.io: [#CED9]  C: COMMIT
2025-11-04 03:14:45,497 DEBUG neo4j.io: [#CED9]  _: <CONNECTION> client state: TX_READY_OR_TX_STREAMING > READY
2025-11-04 03:14:47,122 DEBUG neo4j.io: [#CED9]  S: SUCCESS {'bookmark': 'FB:kcwQ8rwaENxyTdu2M21TLrZqzskGvpA='}
2025-11-04 03:14:47,123 DEBUG neo4j.io: [#CED9]  _: <CONNECTION> server state: TX_READY_OR_TX_STREAMING > READY
2025-11-04 03:14:47,123 DEBUG neo4j.pool: [#CED9]  _: <POOL> released bolt-28
2025-11-04 03:14:48,696 DEBUG asyncio: Using proactor: IocpProactor
2025-11-04 03:14:49,746 DEBUG openai._base_client: Request options: {'method': 'post', 'url': '/chat/completions', 'files': None, 'idempotency_key': 'stainless-python-retry-8b1fb862-37aa-4a69-8817-fc8e9c3570d5', 'json_data': {'messages': [{'role': 'user', 'content': "Some text is provided below. Given the text, extract up to 10 knowledge triplets in the form of (subject, predicate, object). Avoid stopwords.\n---------------------\nExample:Text: Alice is Bob's mother.Triplets:\n(Alice, is mother of, Bob)\nText: Philz is a coffee shop founded in Berkeley in 1982.\nTriplets:\n(Philz, is, coffee shop)\n(Philz, founded in, Berkeley)\n(Philz, founded in, 1982)\n---------------------\nText: document_id: C:\\Users\\user\\workfolders\\imabari3dcad\\evoship\\EVOSHIP_HELP_FILES\\about_annotation.html\nsource_path: C:\\Users\\user\\workfolders\\imabari3dcad\\evoship\\EVOSHIP_HELP_FILES\\about_annotation.html\nsection_id: b44e2dce0448c0e4b08e5be898df93f6c4e4f2fc\ntitle: アノーテーション\nsection_heading: アノーテーション\nsection_level: 2\nsection_index: 0\nlast_modified: 2025-08-06T13:57:54+00:00\nextracted_at: 2025-11-03T18:14:07+00:00\ndata_source: EVOSHIP_HELP_FILES\nchunk_id: 8c3a6bbd-bcd8-4dbe-9937-93441f4e2bde\nchunk_index: 0\ntext_length: 36\nstart_char_idx: 0\nend_char_idx: 36\nnodes: [EntityNode(label='HelpDocument', embedding=None, properties={'document_id': 'C:\\\\Users\\\\user\\\\workfolders\\\\imabari3dcad\\\\evoship\\\\EVOSHIP_HELP_FILES\\\\about_annotation.html', 'source_path': 'C:\\\\Users\\\\user\\\\workfolders\\\\imabari3dcad\\\\evoship\\\\EVOSHIP_HELP_FILES\\\\about_annotation.html', 'title': 'アノーテーション', 'headings': ['アノーテーション'], 'section_count': 1, 'last_modified': '2025-08-06T13:57:54+00:00', 'extracted_at': '2025-11-03T18:14:07+00:00', 'data_source': 'EVOSHIP_HELP_FILES'}, name='C:\\\\Users\\\\user\\\\workfolders\\\\imabari3dcad\\\\evoship\\\\EVOSHIP_HELP_FILES\\\\about_annotation.html'), EntityNode(label='HelpSection', embedding=None, properties={'section_id': 'b44e2dce0448c0e4b08e5be898df93f6c4e4f2fc', 'document_id': 'C:\\\\Users\\\\user\\\\workfolders\\\\imabari3dcad\\\\evoship\\\\EVOSHIP_HELP_FILES\\\\about_annotation.html', 'source_path': 'C:\\\\Users\\\\user\\\\workfolders\\\\imabari3dcad\\\\evoship\\\\EVOSHIP_HELP_FILES\\\\about_annotation.html', 'title': 'アノーテーション', 'section_heading': 'アノーテーション', 'section_level': 2, 'section_index': 0, 'last_modified': '2025-08-06T13:57:54+00:00', 'extracted_at': '2025-11-03T18:14:07+00:00', 'data_source': 'EVOSHIP_HELP_FILES'}, name='b44e2dce0448c0e4b08e5be898df93f6c4e4f2fc'), ChunkNode(label='HelpChunk', embedding=None, properties={'chunk_id': '8c3a6bbd-bcd8-4dbe-9937-93441f4e2bde', 'document_id': 'C:\\\\Users\\\\user\\\\workfolders\\\\imabari3dcad\\\\evoship\\\\EVOSHIP_HELP_FILES\\\\about_annotation.html', 'section_id': 'b44e2dce0448c0e4b08e5be898df93f6c4e4f2fc', 'source_path': 'C:\\\\Users\\\\user\\\\workfolders\\\\imabari3dcad\\\\evoship\\\\EVOSHIP_HELP_FILES\\\\about_annotation.html', 'title': 'アノーテーション', 'section_heading': 'アノーテーション', 'section_level': 2, 'section_index': 0, 'last_modified': '2025-08-06T13:57:54+00:00', 'extracted_at': '2025-11-03T18:14:07+00:00', 'chunk_index': 0, 'text_length': 36, 'start_char_idx': 0, 'end_char_idx': 36, 'data_source': 'EVOSHIP_HELP_FILES'}, text='アノーテーション\\n\\n３次元位置や要素上に 注記 をつけることができます。', id_='8c3a6bbd-bcd8-4dbe-9937-93441f4e2bde')]\nrelations: [Relation(label='HAS_SECTION', source_id='C:\\\\Users\\\\user\\\\workfolders\\\\imabari3dcad\\\\evoship\\\\EVOSHIP_HELP_FILES\\\\about_annotation.html', target_id='b44e2dce0448c0e4b08e5be898df93f6c4e4f2fc', properties={'data_source': 'EVOSHIP_HELP_FILES'}), Relation(label='HAS_CHUNK', source_id='C:\\\\Users\\\\user\\\\workfolders\\\\imabari3dcad\\\\evoship\\\\EVOSHIP_HELP_FILES\\\\about_annotation.html', target_id='8c3a6bbd-bcd8-4dbe-9937-93441f4e2bde', properties={'data_source': 'EVOSHIP_HELP_FILES', 'section_id': 'b44e2dce0448c0e4b08e5be898df93f6c4e4f2fc', 'chunk_index': 0}), Relation(label='HAS_CHUNK', source_id='b44e2dce0448c0e4b08e5be898df93f6c4e4f2fc', target_id='8c3a6bbd-bcd8-4dbe-9937-93441f4e2bde', properties={'data_source': 'EVOSHIP_HELP_FILES', 'chunk_index': 0})]\n\nアノーテーション\n\n３次元位置や要素上に 注記 をつけることができます。\nTriplets:\n"}], 'model': 'gpt-5-nano', 'stream': False, 'temperature': 1.0}}
2025-11-04 03:14:49,748 DEBUG openai._base_client: Sending HTTP Request: POST https://api.openai.com/v1/chat/completions
2025-11-04 03:14:49,760 DEBUG httpcore.connection: connect_tcp.started host='api.openai.com' port=443 local_address=None timeout=60.0 socket_options=None
2025-11-04 03:14:49,761 DEBUG openai._base_client: Request options: {'method': 'post', 'url': '/chat/completions', 'files': None, 'idempotency_key': 'stainless-python-retry-9b29b314-5c1f-4766-8f07-08595c67fbef', 'json_data': {'messages': [{'role': 'user', 'content': "Some text is provided below. Given the text, extract up to 10 knowledge triplets in the form of (subject, predicate, object). Avoid stopwords.\n---------------------\nExample:Text: Alice is Bob's mother.Triplets:\n(Alice, is mother of, Bob)\nText: Philz is a coffee shop founded in Berkeley in 1982.\nTriplets:\n(Philz, is, coffee shop)\n(Philz, founded in, Berkeley)\n(Philz, founded in, 1982)\n---------------------\nText: document_id: C:\\Users\\user\\workfolders\\imabari3dcad\\evoship\\EVOSHIP_HELP_FILES\\about_annotation_styles_list_dialog.html\nsource_path: C:\\Users\\user\\workfolders\\imabari3dcad\\evoship\\EVOSHIP_HELP_FILES\\about_annotation_styles_list_dialog.html\nsection_id: 63b6e7402b72bbc0ee5ee65317fb67b077dbc465\ntitle: 注記・寸法スタイル設定\nsection_heading: 注記・寸法スタイル設定\nsection_level: 2\nsection_index: 0\nlast_modified: 2025-08-06T13:57:54+00:00\nextracted_at: 2025-11-03T18:14:07+00:00\ndata_source: EVOSHIP_HELP_FILES\nchunk_id: eea2b71a-a3c9-4a33-ac13-47d63ed3aadc\nchunk_index: 0\ntext_length: 570\nstart_char_idx: 0\nend_char_idx: 570\nnodes: [EntityNode(label='HelpDocument', embedding=None, properties={'document_id': 'C:\\\\Users\\\\user\\\\workfolders\\\\imabari3dcad\\\\evoship\\\\EVOSHIP_HELP_FILES\\\\about_annotation_styles_list_dialog.html', 'source_path': 'C:\\\\Users\\\\user\\\\workfolders\\\\imabari3dcad\\\\evoship\\\\EVOSHIP_HELP_FILES\\\\about_annotation_styles_list_dialog.html', 'title': '注記・寸法スタイル設定', 'headings': ['注記・寸法スタイル設定', '注記スタイルの管理', '注記スタイルの作成', '適用ずみスタイルの更新'], 'section_count': 4, 'last_modified': '2025-08-06T13:57:54+00:00', 'extracted_at': '2025-11-03T18:14:07+00:00', 'data_source': 'EVOSHIP_HELP_FILES'}, name='C:\\\\Users\\\\user\\\\workfolders\\\\imabari3dcad\\\\evoship\\\\EVOSHIP_HELP_FILES\\\\about_annotation_styles_list_dialog.html'), EntityNode(label='HelpSection', embedding=None, properties={'section_id': '63b6e7402b72bbc0ee5ee65317fb67b077dbc465', 'document_id': 'C:\\\\Users\\\\user\\\\workfolders\\\\imabari3dcad\\\\evoship\\\\EVOSHIP_HELP_FILES\\\\about_annotation_styles_list_dialog.html', 'source_path': 'C:\\\\Users\\\\user\\\\workfolders\\\\imabari3dcad\\\\evoship\\\\EVOSHIP_HELP_FILES\\\\about_annotation_styles_list_dialog.html', 'title': '注記・寸法スタイル設定', 'section_heading': '注記・寸法スタイル設定', 'section_level': 2, 'section_index': 0, 'last_modified': '2025-08-06T13:57:54+00:00', 'extracted_at': '2025-11-03T18:14:07+00:00', 'data_source': 'EVOSHIP_HELP_FILES'}, name='63b6e7402b72bbc0ee5ee65317fb67b077dbc465'), ChunkNode(label='HelpChunk', embedding=None, properties={'chunk_id': 'eea2b71a-a3c9-4a33-ac13-47d63ed3aadc', 'document_id': 'C:\\\\Users\\\\user\\\\workfolders\\\\imabari3dcad\\\\evoship\\\\EVOSHIP_HELP_FILES\\\\about_annotation_styles_list_dialog.html', 'section_id': '63b6e7402b72bbc0ee5ee65317fb67b077dbc465', 'source_path': 'C:\\\\Users\\\\user\\\\workfolders\\\\imabari3dcad\\\\evoship\\\\EVOSHIP_HELP_FILES\\\\about_annotation_styles_list_dialog.html', 'title': '注記・寸法スタイル設定', 'section_heading': '注記・寸法スタイル設定', 'section_level': 2, 'section_index': 0, 'last_modified': '2025-08-06T13:57:54+00:00', 'extracted_at': '2025-11-03T18:14:07+00:00', 'chunk_index': 0, 'text_length': 570, 'start_char_idx': 0, 'end_char_idx': 570, 'data_source': 'EVOSHIP_HELP_FILES'}, text='注記・寸法スタイル設定\\n\\n注記や寸法の各種パラメータは、要素ひとつひとつに設定することもできますし、スケッチや図面にまとめてパラメータを設定しておいて、注記や寸法はみずからが属するスケッチに設定しておいたパラメータを参照するようにもできます。この「まとめて設定しておくパラメータ」のことを注記スタイルといいます。 注記スタイルの管理 「注記・寸法スタイル設定」ウィンドウで作成した注記スタイルは、システム設定として保存されます。注記スタイルをスケッチや図面に適用すると、スケッチや図面はそのスタイルのコピーを保持します。スケッチや図面にスタイルを適用してから、「注記・寸法スタイル設定」ウィンドウでそのスタイルを編集しても、スケッチや図面が保持している「コピーされた」スタイルは変更されません。 注記スタイルの作成 左側のスタイル一覧が表示されている欄でコンテキストメニューを表示し、「スタイル設定の追加」をクリックします。また、「モデルのスタイル設定を追加」をクリックすると、いま開いているモデル内のスケッチや図面が保持している注記スタイルがすべてスタイル一覧に追加されます。 また、既存のスタイルを元にして新しくスタイルを作りたい場合は、スタイルを選択してコンテキストメニューを表示し、「スタイル設定（コピー）の追加」をクリックします。', id_='eea2b71a-a3c9-4a33-ac13-47d63ed3aadc')]\nrelations: [Relation(label='HAS_SECTION', source_id='C:\\\\Users\\\\user\\\\workfolders\\\\imabari3dcad\\\\evoship\\\\EVOSHIP_HELP_FILES\\\\about_annotation_styles_list_dialog.html', target_id='63b6e7402b72bbc0ee5ee65317fb67b077dbc465', properties={'data_source': 'EVOSHIP_HELP_FILES'}), Relation(label='HAS_CHUNK', source_id='C:\\\\Users\\\\user\\\\workfolders\\\\imabari3dcad\\\\evoship\\\\EVOSHIP_HELP_FILES\\\\about_annotation_styles_list_dialog.html', target_id='eea2b71a-a3c9-4a33-ac13-47d63ed3aadc', properties={'data_source': 'EVOSHIP_HELP_FILES', 'section_id': '63b6e7402b72bbc0ee5ee65317fb67b077dbc465', 'chunk_index': 0}), Relation(label='HAS_CHUNK', source_id='63b6e7402b72bbc0ee5ee65317fb67b077dbc465', target_id='eea2b71a-a3c9-4a33-ac13-47d63ed3aadc', properties={'data_source': 'EVOSHIP_HELP_FILES', 'chunk_index': 0})]\n\n注記・寸法スタイル設定\n\n注記や寸法の各種パラメータは、要素ひとつひとつに設定することもできますし、スケッチや図面にまとめてパラメータを設定しておいて、注記や寸法はみずからが属するスケッチに設定しておいたパラメータを参照するようにもできます。この「まとめて設定しておくパラメータ」のことを注記スタイルといいます。 注記スタイルの管理 「注記・寸法スタイル設定」ウィンドウで作成した注記スタイルは、システム設定として保存されます。注記スタイルをスケッチや図面に適用すると、スケッチや図面はそのスタイルのコピーを保持します。スケッチや図面にスタイルを適用してから、「注記・寸法スタイル設定」ウィンドウでそのスタイルを編集しても、スケッチや図面が保持している「コピーされた」スタイルは変更されません。 注記スタイルの作成 左側のスタイル一覧が表示されている欄でコンテキストメニューを表示し、「スタイル設定の追加」をクリックします。また、「モデルのスタイル設定を追加」をクリックすると、いま開いているモデル内のスケッチや図面が保持している注記スタイルがすべてスタイル一覧に追加されます。 また、既存のスタイルを元にして新しくスタイルを作りたい場合は、スタイルを選択してコンテキストメニューを表示し、「スタイル設定（コピー）の追加」をクリックします。\nTriplets:\n"}], 'model': 'gpt-5-nano', 'stream': False, 'temperature': 1.0}}
2025-11-04 03:14:49,762 DEBUG openai._base_client: Sending HTTP Request: POST https://api.openai.com/v1/chat/completions
2025-11-04 03:14:49,763 DEBUG openai._base_client: Request options: {'method': 'post', 'url': '/chat/completions', 'files': None, 'idempotency_key': 'stainless-python-retry-db260008-3498-431b-9e1e-cdbcd7f16c61', 'json_data': {'messages': [{'role': 'user', 'content': "Some text is provided below. Given the text, extract up to 10 knowledge triplets in the form of (subject, predicate, object). Avoid stopwords.\n---------------------\nExample:Text: Alice is Bob's mother.Triplets:\n(Alice, is mother of, Bob)\nText: Philz is a coffee shop founded in Berkeley in 1982.\nTriplets:\n(Philz, is, coffee shop)\n(Philz, founded in, Berkeley)\n(Philz, founded in, 1982)\n---------------------\nText: document_id: C:\\Users\\user\\workfolders\\imabari3dcad\\evoship\\EVOSHIP_HELP_FILES\\about_annotation_styles_list_dialog.html\nsource_path: C:\\Users\\user\\workfolders\\imabari3dcad\\evoship\\EVOSHIP_HELP_FILES\\about_annotation_styles_list_dialog.html\nsection_id: 63b6e7402b72bbc0ee5ee65317fb67b077dbc465\ntitle: 注記・寸法スタイル設定\nsection_heading: 注記・寸法スタイル設定\nsection_level: 2\nsection_index: 0\nlast_modified: 2025-08-06T13:57:54+00:00\nextracted_at: 2025-11-03T18:14:07+00:00\ndata_source: EVOSHIP_HELP_FILES\nchunk_id: 022e3c79-4d57-4793-869b-5bc5afbfd59c\nchunk_index: 1\ntext_length: 330\nstart_char_idx: 490\nend_char_idx: 820\nnodes: [EntityNode(label='HelpDocument', embedding=None, properties={'document_id': 'C:\\\\Users\\\\user\\\\workfolders\\\\imabari3dcad\\\\evoship\\\\EVOSHIP_HELP_FILES\\\\about_annotation_styles_list_dialog.html', 'source_path': 'C:\\\\Users\\\\user\\\\workfolders\\\\imabari3dcad\\\\evoship\\\\EVOSHIP_HELP_FILES\\\\about_annotation_styles_list_dialog.html', 'title': '注記・寸法スタイル設定', 'headings': ['注記・寸法スタイル設定', '注記スタイルの管理', '注記スタイルの作成', '適用ずみスタイルの更新'], 'section_count': 4, 'last_modified': '2025-08-06T13:57:54+00:00', 'extracted_at': '2025-11-03T18:14:07+00:00', 'data_source': 'EVOSHIP_HELP_FILES'}, name='C:\\\\Users\\\\user\\\\workfolders\\\\imabari3dcad\\\\evoship\\\\EVOSHIP_HELP_FILES\\\\about_annotation_styles_list_dialog.html'), EntityNode(label='HelpSection', embedding=None, properties={'section_id': '63b6e7402b72bbc0ee5ee65317fb67b077dbc465', 'document_id': 'C:\\\\Users\\\\user\\\\workfolders\\\\imabari3dcad\\\\evoship\\\\EVOSHIP_HELP_FILES\\\\about_annotation_styles_list_dialog.html', 'source_path': 'C:\\\\Users\\\\user\\\\workfolders\\\\imabari3dcad\\\\evoship\\\\EVOSHIP_HELP_FILES\\\\about_annotation_styles_list_dialog.html', 'title': '注記・寸法スタイル設定', 'section_heading': '注記・寸法スタイル設定', 'section_level': 2, 'section_index': 0, 'last_modified': '2025-08-06T13:57:54+00:00', 'extracted_at': '2025-11-03T18:14:07+00:00', 'data_source': 'EVOSHIP_HELP_FILES'}, name='63b6e7402b72bbc0ee5ee65317fb67b077dbc465'), ChunkNode(label='HelpChunk', embedding=None, properties={'chunk_id': '022e3c79-4d57-4793-869b-5bc5afbfd59c', 'document_id': 'C:\\\\Users\\\\user\\\\workfolders\\\\imabari3dcad\\\\evoship\\\\EVOSHIP_HELP_FILES\\\\about_annotation_styles_list_dialog.html', 'section_id': '63b6e7402b72bbc0ee5ee65317fb67b077dbc465', 'source_path': 'C:\\\\Users\\\\user\\\\workfolders\\\\imabari3dcad\\\\evoship\\\\EVOSHIP_HELP_FILES\\\\about_annotation_styles_list_dialog.html', 'title': '注記・寸法スタイル設定', 'section_heading': '注記・寸法スタイル設定', 'section_level': 2, 'section_index': 0, 'last_modified': '2025-08-06T13:57:54+00:00', 'extracted_at': '2025-11-03T18:14:07+00:00', 'chunk_index': 1, 'text_length': 330, 'start_char_idx': 490, 'end_char_idx': 820, 'data_source': 'EVOSHIP_HELP_FILES'}, text='また、既存のスタイルを元にして新しくスタイルを作りたい場合は、スタイルを選択してコンテキストメニューを表示し、「スタイル設定（コピー）の追加」をクリックします。 適用ずみスタイルの更新 ウィンドウ右下の「モデルの更新」ボタンをクリックすると、「注記・寸法スタイル設定」ウィンドウで管理している（システム設定として保存されている）各スタイルについて、スケッチや図面に適用ずみのスタイルで同名のものがあると、その適用ずみスタイルをシステム設定のスタイルで上書きします。 スタイル一覧に同名のスタイルが複数存在すると、それらのうちひとつだけが適用ずみスタイルの上書きに使われて、残りは無視されてしまいます。同名のスタイルを作るのはできるだけ避けるようにしてください。', id_='022e3c79-4d57-4793-869b-5bc5afbfd59c')]\nrelations: [Relation(label='HAS_SECTION', source_id='C:\\\\Users\\\\user\\\\workfolders\\\\imabari3dcad\\\\evoship\\\\EVOSHIP_HELP_FILES\\\\about_annotation_styles_list_dialog.html', target_id='63b6e7402b72bbc0ee5ee65317fb67b077dbc465', properties={'data_source': 'EVOSHIP_HELP_FILES'}), Relation(label='HAS_CHUNK', source_id='C:\\\\Users\\\\user\\\\workfolders\\\\imabari3dcad\\\\evoship\\\\EVOSHIP_HELP_FILES\\\\about_annotation_styles_list_dialog.html', target_id='022e3c79-4d57-4793-869b-5bc5afbfd59c', properties={'data_source': 'EVOSHIP_HELP_FILES', 'section_id': '63b6e7402b72bbc0ee5ee65317fb67b077dbc465', 'chunk_index': 1}), Relation(label='HAS_CHUNK', source_id='63b6e7402b72bbc0ee5ee65317fb67b077dbc465', target_id='022e3c79-4d57-4793-869b-5bc5afbfd59c', properties={'data_source': 'EVOSHIP_HELP_FILES', 'chunk_index': 1})]\n\nまた、既存のスタイルを元にして新しくスタイルを作りたい場合は、スタイルを選択してコンテキストメニューを表示し、「スタイル設定（コピー）の追加」をクリックします。 適用ずみスタイルの更新 ウィンドウ右下の「モデルの更新」ボタンをクリックすると、「注記・寸法スタイル設定」ウィンドウで管理している（システム設定として保存されている）各スタイルについて、スケッチや図面に適用ずみのスタイルで同名のものがあると、その適用ずみスタイルをシステム設定のスタイルで上書きします。 スタイル一覧に同名のスタイルが複数存在すると、それらのうちひとつだけが適用ずみスタイルの上書きに使われて、残りは無視されてしまいます。同名のスタイルを作るのはできるだけ避けるようにしてください。\nTriplets:\n"}], 'model': 'gpt-5-nano', 'stream': False, 'temperature': 1.0}}
2025-11-04 03:14:49,764 DEBUG openai._base_client: Sending HTTP Request: POST https://api.openai.com/v1/chat/completions
2025-11-04 03:14:49,765 DEBUG httpcore.connection: connect_tcp.started host='api.openai.com' port=443 local_address=None timeout=60.0 socket_options=None
2025-11-04 03:14:49,765 DEBUG httpcore.connection: connect_tcp.started host='api.openai.com' port=443 local_address=None timeout=60.0 socket_options=None
2025-11-04 03:14:49,765 DEBUG openai._base_client: Request options: {'method': 'post', 'url': '/chat/completions', 'files': None, 'idempotency_key': 'stainless-python-retry-8183269e-007f-4423-b483-5178a1664b61', 'json_data': {'messages': [{'role': 'user', 'content': "Some text is provided below. Given the text, extract up to 10 knowledge triplets in the form of (subject, predicate, object). Avoid stopwords.\n---------------------\nExample:Text: Alice is Bob's mother.Triplets:\n(Alice, is mother of, Bob)\nText: Philz is a coffee shop founded in Berkeley in 1982.\nTriplets:\n(Philz, is, coffee shop)\n(Philz, founded in, Berkeley)\n(Philz, founded in, 1982)\n---------------------\nText: document_id: C:\\Users\\user\\workfolders\\imabari3dcad\\evoship\\EVOSHIP_HELP_FILES\\about_annotation_styles_list_dialog.html\nsource_path: C:\\Users\\user\\workfolders\\imabari3dcad\\evoship\\EVOSHIP_HELP_FILES\\about_annotation_styles_list_dialog.html\nsection_id: 71bd4ac5cfe31b1a99355b3e4d691c83deea1ffc\ntitle: 注記・寸法スタイル設定\nsection_heading: 注記スタイルの管理\nsection_level: 3\nsection_index: 1\nlast_modified: 2025-08-06T13:57:54+00:00\nextracted_at: 2025-11-03T18:14:07+00:00\ndata_source: EVOSHIP_HELP_FILES\nchunk_id: 95ba70c0-d17d-410a-b4f4-4ef46d8a0f92\nchunk_index: 0\ntext_length: 191\nstart_char_idx: 0\nend_char_idx: 191\nnodes: [EntityNode(label='HelpDocument', embedding=None, properties={'document_id': 'C:\\\\Users\\\\user\\\\workfolders\\\\imabari3dcad\\\\evoship\\\\EVOSHIP_HELP_FILES\\\\about_annotation_styles_list_dialog.html', 'source_path': 'C:\\\\Users\\\\user\\\\workfolders\\\\imabari3dcad\\\\evoship\\\\EVOSHIP_HELP_FILES\\\\about_annotation_styles_list_dialog.html', 'title': '注記・寸法スタイル設定', 'headings': ['注記・寸法スタイル設定', '注記スタイルの管理', '注記スタイルの作成', '適用ずみスタイルの更新'], 'section_count': 4, 'last_modified': '2025-08-06T13:57:54+00:00', 'extracted_at': '2025-11-03T18:14:07+00:00', 'data_source': 'EVOSHIP_HELP_FILES'}, name='C:\\\\Users\\\\user\\\\workfolders\\\\imabari3dcad\\\\evoship\\\\EVOSHIP_HELP_FILES\\\\about_annotation_styles_list_dialog.html'), EntityNode(label='HelpSection', embedding=None, properties={'section_id': '71bd4ac5cfe31b1a99355b3e4d691c83deea1ffc', 'document_id': 'C:\\\\Users\\\\user\\\\workfolders\\\\imabari3dcad\\\\evoship\\\\EVOSHIP_HELP_FILES\\\\about_annotation_styles_list_dialog.html', 'source_path': 'C:\\\\Users\\\\user\\\\workfolders\\\\imabari3dcad\\\\evoship\\\\EVOSHIP_HELP_FILES\\\\about_annotation_styles_list_dialog.html', 'title': '注記・寸法スタイル設定', 'section_heading': '注記スタイルの管理', 'section_level': 3, 'section_index': 1, 'last_modified': '2025-08-06T13:57:54+00:00', 'extracted_at': '2025-11-03T18:14:07+00:00', 'data_source': 'EVOSHIP_HELP_FILES'}, name='71bd4ac5cfe31b1a99355b3e4d691c83deea1ffc'), ChunkNode(label='HelpChunk', embedding=None, properties={'chunk_id': '95ba70c0-d17d-410a-b4f4-4ef46d8a0f92', 'document_id': 'C:\\\\Users\\\\user\\\\workfolders\\\\imabari3dcad\\\\evoship\\\\EVOSHIP_HELP_FILES\\\\about_annotation_styles_list_dialog.html', 'section_id': '71bd4ac5cfe31b1a99355b3e4d691c83deea1ffc', 'source_path': 'C:\\\\Users\\\\user\\\\workfolders\\\\imabari3dcad\\\\evoship\\\\EVOSHIP_HELP_FILES\\\\about_annotation_styles_list_dialog.html', 'title': '注記・寸法スタイル設定', 'section_heading': '注記スタイルの管理', 'section_level': 3, 'section_index': 1, 'last_modified': '2025-08-06T13:57:54+00:00', 'extracted_at': '2025-11-03T18:14:07+00:00', 'chunk_index': 0, 'text_length': 191, 'start_char_idx': 0, 'end_char_idx': 191, 'data_source': 'EVOSHIP_HELP_FILES'}, text='注記スタイルの管理\\n\\n「注記・寸法スタイル設定」ウィンドウで作成した注記スタイルは、システム設定として保存されます。注記スタイルをスケッチや図面に適用すると、スケッチや図面はそのスタイルのコピーを保持します。スケッチや図面にスタイルを適用してから、「注記・寸法スタイル設定」ウィンドウでそのスタイルを編集しても、スケッチや図面が保持している「コピーされた」スタイルは変更されません。', id_='95ba70c0-d17d-410a-b4f4-4ef46d8a0f92')]\nrelations: [Relation(label='HAS_SECTION', source_id='C:\\\\Users\\\\user\\\\workfolders\\\\imabari3dcad\\\\evoship\\\\EVOSHIP_HELP_FILES\\\\about_annotation_styles_list_dialog.html', target_id='71bd4ac5cfe31b1a99355b3e4d691c83deea1ffc', properties={'data_source': 'EVOSHIP_HELP_FILES'}), Relation(label='HAS_CHUNK', source_id='C:\\\\Users\\\\user\\\\workfolders\\\\imabari3dcad\\\\evoship\\\\EVOSHIP_HELP_FILES\\\\about_annotation_styles_list_dialog.html', target_id='95ba70c0-d17d-410a-b4f4-4ef46d8a0f92', properties={'data_source': 'EVOSHIP_HELP_FILES', 'section_id': '71bd4ac5cfe31b1a99355b3e4d691c83deea1ffc', 'chunk_index': 0}), Relation(label='HAS_CHUNK', source_id='71bd4ac5cfe31b1a99355b3e4d691c83deea1ffc', target_id='95ba70c0-d17d-410a-b4f4-4ef46d8a0f92', properties={'data_source': 'EVOSHIP_HELP_FILES', 'chunk_index': 0})]\n\n注記スタイルの管理\n\n「注記・寸法スタイル設定」ウィンドウで作成した注記スタイルは、システム設定として保存されます。注記スタイルをスケッチや図面に適用すると、スケッチや図面はそのスタイルのコピーを保持します。スケッチや図面にスタイルを適用してから、「注記・寸法スタイル設定」ウィンドウでそのスタイルを編集しても、スケッチや図面が保持している「コピーされた」スタイルは変更されません。\nTriplets:\n"}], 'model': 'gpt-5-nano', 'stream': False, 'temperature': 1.0}}
2025-11-04 03:14:49,766 DEBUG openai._base_client: Sending HTTP Request: POST https://api.openai.com/v1/chat/completions
2025-11-04 03:14:49,767 DEBUG httpcore.connection: connect_tcp.started host='api.openai.com' port=443 local_address=None timeout=60.0 socket_options=None
2025-11-04 03:14:49,813 DEBUG httpcore.connection: connect_tcp.complete return_value=<httpcore._backends.anyio.AnyIOStream object at 0x0000021C6CF7D840>
2025-11-04 03:14:49,814 DEBUG httpcore.connection: start_tls.started ssl_context=<ssl.SSLContext object at 0x0000021C6BE0EBC0> server_hostname='api.openai.com' timeout=60.0
2025-11-04 03:14:49,820 DEBUG httpcore.connection: connect_tcp.complete return_value=<httpcore._backends.anyio.AnyIOStream object at 0x0000021C6CF26770>
2025-11-04 03:14:49,820 DEBUG httpcore.connection: start_tls.started ssl_context=<ssl.SSLContext object at 0x0000021C6BE0EBC0> server_hostname='api.openai.com' timeout=60.0
2025-11-04 03:14:49,821 DEBUG httpcore.connection: connect_tcp.complete return_value=<httpcore._backends.anyio.AnyIOStream object at 0x0000021C6CF26DD0>
2025-11-04 03:14:49,821 DEBUG httpcore.connection: start_tls.started ssl_context=<ssl.SSLContext object at 0x0000021C6BE0EBC0> server_hostname='api.openai.com' timeout=60.0
2025-11-04 03:14:49,822 DEBUG httpcore.connection: connect_tcp.complete return_value=<httpcore._backends.anyio.AnyIOStream object at 0x0000021C6CF7E7D0>
2025-11-04 03:14:49,823 DEBUG httpcore.connection: start_tls.started ssl_context=<ssl.SSLContext object at 0x0000021C6BE0EBC0> server_hostname='api.openai.com' timeout=60.0
2025-11-04 03:14:49,850 DEBUG httpcore.connection: start_tls.complete return_value=<httpcore._backends.anyio.AnyIOStream object at 0x0000021C6CF7D5D0>
2025-11-04 03:14:49,851 DEBUG httpcore.connection: start_tls.complete return_value=<httpcore._backends.anyio.AnyIOStream object at 0x0000021C6CF25540>
2025-11-04 03:14:49,851 DEBUG httpcore.http11: send_request_headers.started request=<Request [b'POST']>
2025-11-04 03:14:49,852 DEBUG httpcore.http11: send_request_headers.started request=<Request [b'POST']>
2025-11-04 03:14:49,859 DEBUG httpcore.http11: send_request_headers.complete
2025-11-04 03:14:49,859 DEBUG httpcore.http11: send_request_body.started request=<Request [b'POST']>
2025-11-04 03:14:49,860 DEBUG httpcore.http11: send_request_headers.complete
2025-11-04 03:14:49,860 DEBUG httpcore.http11: send_request_body.started request=<Request [b'POST']>
2025-11-04 03:14:49,860 DEBUG httpcore.connection: start_tls.complete return_value=<httpcore._backends.anyio.AnyIOStream object at 0x0000021C6CF7E440>
2025-11-04 03:14:49,861 DEBUG httpcore.connection: start_tls.complete return_value=<httpcore._backends.anyio.AnyIOStream object at 0x0000021C6CF7F730>
2025-11-04 03:14:49,861 DEBUG httpcore.http11: send_request_body.complete
2025-11-04 03:14:49,861 DEBUG httpcore.http11: receive_response_headers.started request=<Request [b'POST']>
2025-11-04 03:14:49,862 DEBUG httpcore.http11: send_request_body.complete
2025-11-04 03:14:49,862 DEBUG httpcore.http11: receive_response_headers.started request=<Request [b'POST']>
2025-11-04 03:14:49,862 DEBUG httpcore.http11: send_request_headers.started request=<Request [b'POST']>
2025-11-04 03:14:49,862 DEBUG httpcore.http11: send_request_headers.started request=<Request [b'POST']>
2025-11-04 03:14:49,863 DEBUG httpcore.http11: send_request_headers.complete
2025-11-04 03:14:49,863 DEBUG httpcore.http11: send_request_body.started request=<Request [b'POST']>
2025-11-04 03:14:49,863 DEBUG httpcore.http11: send_request_headers.complete
2025-11-04 03:14:49,863 DEBUG httpcore.http11: send_request_body.started request=<Request [b'POST']>
2025-11-04 03:14:49,863 DEBUG httpcore.http11: send_request_body.complete
2025-11-04 03:14:49,864 DEBUG httpcore.http11: receive_response_headers.started request=<Request [b'POST']>
2025-11-04 03:14:49,864 DEBUG httpcore.http11: send_request_body.complete
2025-11-04 03:14:49,864 DEBUG httpcore.http11: receive_response_headers.started request=<Request [b'POST']>
2025-11-04 03:14:50,205 DEBUG httpcore.http11: receive_response_headers.complete return_value=(b'HTTP/1.1', 429, b'Too Many Requests', [(b'Date', b'Mon, 03 Nov 2025 18:14:50 GMT'), (b'Content-Type', b'application/json; charset=utf-8'), (b'Content-Length', b'337'), (b'Connection', b'keep-alive'), (b'vary', b'Origin'), (b'x-request-id', b'req_ce2ea56722e04f269889148e97008251'), (b'x-envoy-upstream-service-time', b'159'), (b'x-openai-proxy-wasm', b'v0.1'), (b'cf-cache-status', b'DYNAMIC'), (b'Set-Cookie', b'__cf_bm=7.ZJeoILQXn.TAuXfivdMBDP8IIbsc1UuAjzlrEVOZE-1762193690-1.0.1.1-NqxoxjGA_kHMGnnltX.URaXn9YmVX7WrSqTS9BKNi_x_JR0zt.wv6963AW1akTw_qPhH6tveRUimXDuaaEHRmzmSWdwyqD.fReqL0WaL7dY; path=/; expires=Mon, 03-Nov-25 18:44:50 GMT; domain=.api.openai.com; HttpOnly; Secure; SameSite=None'), (b'Strict-Transport-Security', b'max-age=31536000; includeSubDomains; preload'), (b'X-Content-Type-Options', b'nosniff'), (b'Set-Cookie', b'_cfuvid=Jkdo1HQuX567YcA6bzG4WYvwBBWUWyNTnE3GgsEs.nw-1762193690078-0.0.1.1-604800000; path=/; domain=.api.openai.com; HttpOnly; Secure; SameSite=None'), (b'Server', b'cloudflare'), (b'CF-RAY', b'998dda80eacb966e-KIX'), (b'alt-svc', b'h3=":443"; ma=86400')])
2025-11-04 03:14:50,207 INFO httpx: HTTP Request: POST https://api.openai.com/v1/chat/completions "HTTP/1.1 429 Too Many Requests"
2025-11-04 03:14:50,207 DEBUG httpcore.http11: receive_response_body.started request=<Request [b'POST']>
2025-11-04 03:14:50,207 DEBUG httpcore.http11: receive_response_body.complete
2025-11-04 03:14:50,207 DEBUG httpcore.http11: response_closed.started
2025-11-04 03:14:50,207 DEBUG httpcore.http11: response_closed.complete
2025-11-04 03:14:50,208 DEBUG openai._base_client: HTTP Response: POST https://api.openai.com/v1/chat/completions "429 Too Many Requests" Headers([('date', 'Mon, 03 Nov 2025 18:14:50 GMT'), ('content-type', 'application/json; charset=utf-8'), ('content-length', '337'), ('connection', 'keep-alive'), ('vary', 'Origin'), ('x-request-id', 'req_ce2ea56722e04f269889148e97008251'), ('x-envoy-upstream-service-time', '159'), ('x-openai-proxy-wasm', 'v0.1'), ('cf-cache-status', 'DYNAMIC'), ('set-cookie', '__cf_bm=7.ZJeoILQXn.TAuXfivdMBDP8IIbsc1UuAjzlrEVOZE-1762193690-1.0.1.1-NqxoxjGA_kHMGnnltX.URaXn9YmVX7WrSqTS9BKNi_x_JR0zt.wv6963AW1akTw_qPhH6tveRUimXDuaaEHRmzmSWdwyqD.fReqL0WaL7dY; path=/; expires=Mon, 03-Nov-25 18:44:50 GMT; domain=.api.openai.com; HttpOnly; Secure; SameSite=None'), ('strict-transport-security', 'max-age=31536000; includeSubDomains; preload'), ('x-content-type-options', 'nosniff'), ('set-cookie', '_cfuvid=Jkdo1HQuX567YcA6bzG4WYvwBBWUWyNTnE3GgsEs.nw-1762193690078-0.0.1.1-604800000; path=/; domain=.api.openai.com; HttpOnly; Secure; SameSite=None'), ('server', 'cloudflare'), ('cf-ray', '998dda80eacb966e-KIX'), ('alt-svc', 'h3=":443"; ma=86400')])
2025-11-04 03:14:50,208 DEBUG openai._base_client: request_id: req_ce2ea56722e04f269889148e97008251
2025-11-04 03:14:50,208 DEBUG openai._base_client: Encountered httpx.HTTPStatusError
Traceback (most recent call last):
  File "C:\Users\user\workfolders\imabari3dcad\.venv\lib\site-packages\openai\_base_client.py", line 1574, in request
    response.raise_for_status()
  File "C:\Users\user\workfolders\imabari3dcad\.venv\lib\site-packages\httpx\_models.py", line 829, in raise_for_status
    raise HTTPStatusError(message, request=request, response=self)
httpx.HTTPStatusError: Client error '429 Too Many Requests' for url 'https://api.openai.com/v1/chat/completions'
For more information check: https://developer.mozilla.org/en-US/docs/Web/HTTP/Status/429
2025-11-04 03:14:50,212 DEBUG openai._base_client: Retrying due to status code 429
2025-11-04 03:14:50,212 DEBUG openai._base_client: 3 retries left
2025-11-04 03:14:50,212 INFO openai._base_client: Retrying request to /chat/completions in 0.492208 seconds
2025-11-04 03:14:50,231 DEBUG httpcore.http11: receive_response_headers.complete return_value=(b'HTTP/1.1', 429, b'Too Many Requests', [(b'Date', b'Mon, 03 Nov 2025 18:14:50 GMT'), (b'Content-Type', b'application/json; charset=utf-8'), (b'Content-Length', b'337'), (b'Connection', b'keep-alive'), (b'vary', b'Origin'), (b'x-request-id', b'req_daaf6621ee084ef8b9df04bb7bce299f'), (b'x-envoy-upstream-service-time', b'186'), (b'x-openai-proxy-wasm', b'v0.1'), (b'cf-cache-status', b'DYNAMIC'), (b'Set-Cookie', b'__cf_bm=PKiw1.YPbeuWD9uQsDA7.T8oCvWXbW3V0AYxHTBkwvA-1762193690-1.0.1.1-vjBNNEsRBjUIWobWmMgmb7KefKL8IFg7U3hsoQKdruwoYsHnbX3AwUSmmkqliKfFRX91BOAubjXu8szhv6wQYmpLbAwwnP2BioUIJ9eX6W8; path=/; expires=Mon, 03-Nov-25 18:44:50 GMT; domain=.api.openai.com; HttpOnly; Secure; SameSite=None'), (b'Strict-Transport-Security', b'max-age=31536000; includeSubDomains; preload'), (b'X-Content-Type-Options', b'nosniff'), (b'Set-Cookie', b'_cfuvid=5RAKuxP2F5MtLHK3G3umb.VNWVppl3PazOn7MoZ4I7Q-1762193690099-0.0.1.1-604800000; path=/; domain=.api.openai.com; HttpOnly; Secure; SameSite=None'), (b'Server', b'cloudflare'), (b'CF-RAY', b'998dda80ef39be06-KIX'), (b'alt-svc', b'h3=":443"; ma=86400')])
2025-11-04 03:14:50,232 INFO httpx: HTTP Request: POST https://api.openai.com/v1/chat/completions "HTTP/1.1 429 Too Many Requests"
2025-11-04 03:14:50,232 DEBUG httpcore.http11: receive_response_body.started request=<Request [b'POST']>
2025-11-04 03:14:50,232 DEBUG httpcore.http11: receive_response_body.complete
2025-11-04 03:14:50,233 DEBUG httpcore.http11: response_closed.started
2025-11-04 03:14:50,233 DEBUG httpcore.http11: response_closed.complete
2025-11-04 03:14:50,233 DEBUG openai._base_client: HTTP Response: POST https://api.openai.com/v1/chat/completions "429 Too Many Requests" Headers([('date', 'Mon, 03 Nov 2025 18:14:50 GMT'), ('content-type', 'application/json; charset=utf-8'), ('content-length', '337'), ('connection', 'keep-alive'), ('vary', 'Origin'), ('x-request-id', 'req_daaf6621ee084ef8b9df04bb7bce299f'), ('x-envoy-upstream-service-time', '186'), ('x-openai-proxy-wasm', 'v0.1'), ('cf-cache-status', 'DYNAMIC'), ('set-cookie', '__cf_bm=PKiw1.YPbeuWD9uQsDA7.T8oCvWXbW3V0AYxHTBkwvA-1762193690-1.0.1.1-vjBNNEsRBjUIWobWmMgmb7KefKL8IFg7U3hsoQKdruwoYsHnbX3AwUSmmkqliKfFRX91BOAubjXu8szhv6wQYmpLbAwwnP2BioUIJ9eX6W8; path=/; expires=Mon, 03-Nov-25 18:44:50 GMT; domain=.api.openai.com; HttpOnly; Secure; SameSite=None'), ('strict-transport-security', 'max-age=31536000; includeSubDomains; preload'), ('x-content-type-options', 'nosniff'), ('set-cookie', '_cfuvid=5RAKuxP2F5MtLHK3G3umb.VNWVppl3PazOn7MoZ4I7Q-1762193690099-0.0.1.1-604800000; path=/; domain=.api.openai.com; HttpOnly; Secure; SameSite=None'), ('server', 'cloudflare'), ('cf-ray', '998dda80ef39be06-KIX'), ('alt-svc', 'h3=":443"; ma=86400')])
2025-11-04 03:14:50,233 DEBUG openai._base_client: request_id: req_daaf6621ee084ef8b9df04bb7bce299f
2025-11-04 03:14:50,233 DEBUG openai._base_client: Encountered httpx.HTTPStatusError
Traceback (most recent call last):
  File "C:\Users\user\workfolders\imabari3dcad\.venv\lib\site-packages\openai\_base_client.py", line 1574, in request
    response.raise_for_status()
  File "C:\Users\user\workfolders\imabari3dcad\.venv\lib\site-packages\httpx\_models.py", line 829, in raise_for_status
    raise HTTPStatusError(message, request=request, response=self)
httpx.HTTPStatusError: Client error '429 Too Many Requests' for url 'https://api.openai.com/v1/chat/completions'
For more information check: https://developer.mozilla.org/en-US/docs/Web/HTTP/Status/429
2025-11-04 03:14:50,234 DEBUG openai._base_client: Retrying due to status code 429
2025-11-04 03:14:50,234 DEBUG openai._base_client: 3 retries left
2025-11-04 03:14:50,234 INFO openai._base_client: Retrying request to /chat/completions in 0.382453 seconds
2025-11-04 03:14:50,235 DEBUG httpcore.http11: receive_response_headers.complete return_value=(b'HTTP/1.1', 429, b'Too Many Requests', [(b'Date', b'Mon, 03 Nov 2025 18:14:50 GMT'), (b'Content-Type', b'application/json; charset=utf-8'), (b'Content-Length', b'337'), (b'Connection', b'keep-alive'), (b'vary', b'Origin'), (b'x-request-id', b'req_02f9a73313644ea597346831625956f4'), (b'x-envoy-upstream-service-time', b'178'), (b'x-openai-proxy-wasm', b'v0.1'), (b'cf-cache-status', b'DYNAMIC'), (b'Set-Cookie', b'__cf_bm=WyIP.N_DdyIGwO2X9YWbd4i31bxvo6fiuYo7vTU4qKA-1762193690-1.0.1.1-J3RlOvHBXCW.RGsyZRSboI0HlcALfoNx06WMeWz1XTPqZLrXHPkgEEAhlsqv2fEdKewxCSaU0f9Oni59xuFkfym0n_8T5NCqmD6MU3G33fM; path=/; expires=Mon, 03-Nov-25 18:44:50 GMT; domain=.api.openai.com; HttpOnly; Secure; SameSite=None'), (b'Strict-Transport-Security', b'max-age=31536000; includeSubDomains; preload'), (b'X-Content-Type-Options', b'nosniff'), (b'Set-Cookie', b'_cfuvid=gEkODZl07YCcb4FSXHAvX9A6Jf1WTCtZS5Ax7N2Tx9c-1762193690106-0.0.1.1-604800000; path=/; domain=.api.openai.com; HttpOnly; Secure; SameSite=None'), (b'Server', b'cloudflare'), (b'CF-RAY', b'998dda80ea5a8373-KIX'), (b'alt-svc', b'h3=":443"; ma=86400')])
2025-11-04 03:14:50,236 INFO httpx: HTTP Request: POST https://api.openai.com/v1/chat/completions "HTTP/1.1 429 Too Many Requests"
2025-11-04 03:14:50,236 DEBUG httpcore.http11: receive_response_body.started request=<Request [b'POST']>
2025-11-04 03:14:50,236 DEBUG httpcore.http11: receive_response_body.complete
2025-11-04 03:14:50,236 DEBUG httpcore.http11: response_closed.started
2025-11-04 03:14:50,236 DEBUG httpcore.http11: response_closed.complete
2025-11-04 03:14:50,236 DEBUG openai._base_client: HTTP Response: POST https://api.openai.com/v1/chat/completions "429 Too Many Requests" Headers([('date', 'Mon, 03 Nov 2025 18:14:50 GMT'), ('content-type', 'application/json; charset=utf-8'), ('content-length', '337'), ('connection', 'keep-alive'), ('vary', 'Origin'), ('x-request-id', 'req_02f9a73313644ea597346831625956f4'), ('x-envoy-upstream-service-time', '178'), ('x-openai-proxy-wasm', 'v0.1'), ('cf-cache-status', 'DYNAMIC'), ('set-cookie', '__cf_bm=WyIP.N_DdyIGwO2X9YWbd4i31bxvo6fiuYo7vTU4qKA-1762193690-1.0.1.1-J3RlOvHBXCW.RGsyZRSboI0HlcALfoNx06WMeWz1XTPqZLrXHPkgEEAhlsqv2fEdKewxCSaU0f9Oni59xuFkfym0n_8T5NCqmD6MU3G33fM; path=/; expires=Mon, 03-Nov-25 18:44:50 GMT; domain=.api.openai.com; HttpOnly; Secure; SameSite=None'), ('strict-transport-security', 'max-age=31536000; includeSubDomains; preload'), ('x-content-type-options', 'nosniff'), ('set-cookie', '_cfuvid=gEkODZl07YCcb4FSXHAvX9A6Jf1WTCtZS5Ax7N2Tx9c-1762193690106-0.0.1.1-604800000; path=/; domain=.api.openai.com; HttpOnly; Secure; SameSite=None'), ('server', 'cloudflare'), ('cf-ray', '998dda80ea5a8373-KIX'), ('alt-svc', 'h3=":443"; ma=86400')])
2025-11-04 03:14:50,236 DEBUG openai._base_client: request_id: req_02f9a73313644ea597346831625956f4
2025-11-04 03:14:50,237 DEBUG openai._base_client: Encountered httpx.HTTPStatusError
Traceback (most recent call last):
  File "C:\Users\user\workfolders\imabari3dcad\.venv\lib\site-packages\openai\_base_client.py", line 1574, in request
    response.raise_for_status()
  File "C:\Users\user\workfolders\imabari3dcad\.venv\lib\site-packages\httpx\_models.py", line 829, in raise_for_status
    raise HTTPStatusError(message, request=request, response=self)
httpx.HTTPStatusError: Client error '429 Too Many Requests' for url 'https://api.openai.com/v1/chat/completions'
For more information check: https://developer.mozilla.org/en-US/docs/Web/HTTP/Status/429
2025-11-04 03:14:50,237 DEBUG openai._base_client: Retrying due to status code 429
2025-11-04 03:14:50,237 DEBUG openai._base_client: 3 retries left
2025-11-04 03:14:50,237 INFO openai._base_client: Retrying request to /chat/completions in 0.484365 seconds
2025-11-04 03:14:50,246 DEBUG httpcore.http11: receive_response_headers.complete return_value=(b'HTTP/1.1', 429, b'Too Many Requests', [(b'Date', b'Mon, 03 Nov 2025 18:14:50 GMT'), (b'Content-Type', b'application/json; charset=utf-8'), (b'Content-Length', b'337'), (b'Connection', b'keep-alive'), (b'vary', b'Origin'), (b'x-request-id', b'req_2e9d8675a059474d90d38560276f7d98'), (b'x-envoy-upstream-service-time', b'171'), (b'x-openai-proxy-wasm', b'v0.1'), (b'cf-cache-status', b'DYNAMIC'), (b'Set-Cookie', b'__cf_bm=KAcNSvg9r3VoCESVrrtCbfTv2Wiq.hjda68sJCf9kek-1762193690-1.0.1.1-u60PeZYAxBmy7CZuE8sYrt.uMWPEcQ9OuIXM724L4KzD8GpQ5_.suCN02tmeFZQL2wI4A2DZc70D2DhDuNPLvzc9g9Zl4esHJ6FV2KWjEfw; path=/; expires=Mon, 03-Nov-25 18:44:50 GMT; domain=.api.openai.com; HttpOnly; Secure; SameSite=None'), (b'Strict-Transport-Security', b'max-age=31536000; includeSubDomains; preload'), (b'X-Content-Type-Options', b'nosniff'), (b'Set-Cookie', b'_cfuvid=oxnp4dAzu4hgvaw5l4zei41c0L2spNeKVhrN_aa5ZrQ-1762193690118-0.0.1.1-604800000; path=/; domain=.api.openai.com; HttpOnly; Secure; SameSite=None'), (b'Server', b'cloudflare'), (b'CF-RAY', b'998dda80eec4e744-KIX'), (b'alt-svc', b'h3=":443"; ma=86400')])
2025-11-04 03:14:50,247 INFO httpx: HTTP Request: POST https://api.openai.com/v1/chat/completions "HTTP/1.1 429 Too Many Requests"
2025-11-04 03:14:50,247 DEBUG httpcore.http11: receive_response_body.started request=<Request [b'POST']>
2025-11-04 03:14:50,247 DEBUG httpcore.http11: receive_response_body.complete
2025-11-04 03:14:50,247 DEBUG httpcore.http11: response_closed.started
2025-11-04 03:14:50,247 DEBUG httpcore.http11: response_closed.complete
2025-11-04 03:14:50,248 DEBUG openai._base_client: HTTP Response: POST https://api.openai.com/v1/chat/completions "429 Too Many Requests" Headers([('date', 'Mon, 03 Nov 2025 18:14:50 GMT'), ('content-type', 'application/json; charset=utf-8'), ('content-length', '337'), ('connection', 'keep-alive'), ('vary', 'Origin'), ('x-request-id', 'req_2e9d8675a059474d90d38560276f7d98'), ('x-envoy-upstream-service-time', '171'), ('x-openai-proxy-wasm', 'v0.1'), ('cf-cache-status', 'DYNAMIC'), ('set-cookie', '__cf_bm=KAcNSvg9r3VoCESVrrtCbfTv2Wiq.hjda68sJCf9kek-1762193690-1.0.1.1-u60PeZYAxBmy7CZuE8sYrt.uMWPEcQ9OuIXM724L4KzD8GpQ5_.suCN02tmeFZQL2wI4A2DZc70D2DhDuNPLvzc9g9Zl4esHJ6FV2KWjEfw; path=/; expires=Mon, 03-Nov-25 18:44:50 GMT; domain=.api.openai.com; HttpOnly; Secure; SameSite=None'), ('strict-transport-security', 'max-age=31536000; includeSubDomains; preload'), ('x-content-type-options', 'nosniff'), ('set-cookie', '_cfuvid=oxnp4dAzu4hgvaw5l4zei41c0L2spNeKVhrN_aa5ZrQ-1762193690118-0.0.1.1-604800000; path=/; domain=.api.openai.com; HttpOnly; Secure; SameSite=None'), ('server', 'cloudflare'), ('cf-ray', '998dda80eec4e744-KIX'), ('alt-svc', 'h3=":443"; ma=86400')])
2025-11-04 03:14:50,248 DEBUG openai._base_client: request_id: req_2e9d8675a059474d90d38560276f7d98
2025-11-04 03:14:50,248 DEBUG openai._base_client: Encountered httpx.HTTPStatusError
Traceback (most recent call last):
  File "C:\Users\user\workfolders\imabari3dcad\.venv\lib\site-packages\openai\_base_client.py", line 1574, in request
    response.raise_for_status()
  File "C:\Users\user\workfolders\imabari3dcad\.venv\lib\site-packages\httpx\_models.py", line 829, in raise_for_status
    raise HTTPStatusError(message, request=request, response=self)
httpx.HTTPStatusError: Client error '429 Too Many Requests' for url 'https://api.openai.com/v1/chat/completions'
For more information check: https://developer.mozilla.org/en-US/docs/Web/HTTP/Status/429
2025-11-04 03:14:50,248 DEBUG openai._base_client: Retrying due to status code 429
2025-11-04 03:14:50,249 DEBUG openai._base_client: 3 retries left
2025-11-04 03:14:50,249 INFO openai._base_client: Retrying request to /chat/completions in 0.398580 seconds
2025-11-04 03:14:50,625 DEBUG openai._base_client: Request options: {'method': 'post', 'url': '/chat/completions', 'files': None, 'idempotency_key': 'stainless-python-retry-8b1fb862-37aa-4a69-8817-fc8e9c3570d5', 'json_data': {'messages': [{'role': 'user', 'content': "Some text is provided below. Given the text, extract up to 10 knowledge triplets in the form of (subject, predicate, object). Avoid stopwords.\n---------------------\nExample:Text: Alice is Bob's mother.Triplets:\n(Alice, is mother of, Bob)\nText: Philz is a coffee shop founded in Berkeley in 1982.\nTriplets:\n(Philz, is, coffee shop)\n(Philz, founded in, Berkeley)\n(Philz, founded in, 1982)\n---------------------\nText: document_id: C:\\Users\\user\\workfolders\\imabari3dcad\\evoship\\EVOSHIP_HELP_FILES\\about_annotation.html\nsource_path: C:\\Users\\user\\workfolders\\imabari3dcad\\evoship\\EVOSHIP_HELP_FILES\\about_annotation.html\nsection_id: b44e2dce0448c0e4b08e5be898df93f6c4e4f2fc\ntitle: アノーテーション\nsection_heading: アノーテーション\nsection_level: 2\nsection_index: 0\nlast_modified: 2025-08-06T13:57:54+00:00\nextracted_at: 2025-11-03T18:14:07+00:00\ndata_source: EVOSHIP_HELP_FILES\nchunk_id: 8c3a6bbd-bcd8-4dbe-9937-93441f4e2bde\nchunk_index: 0\ntext_length: 36\nstart_char_idx: 0\nend_char_idx: 36\nnodes: [EntityNode(label='HelpDocument', embedding=None, properties={'document_id': 'C:\\\\Users\\\\user\\\\workfolders\\\\imabari3dcad\\\\evoship\\\\EVOSHIP_HELP_FILES\\\\about_annotation.html', 'source_path': 'C:\\\\Users\\\\user\\\\workfolders\\\\imabari3dcad\\\\evoship\\\\EVOSHIP_HELP_FILES\\\\about_annotation.html', 'title': 'アノーテーション', 'headings': ['アノーテーション'], 'section_count': 1, 'last_modified': '2025-08-06T13:57:54+00:00', 'extracted_at': '2025-11-03T18:14:07+00:00', 'data_source': 'EVOSHIP_HELP_FILES'}, name='C:\\\\Users\\\\user\\\\workfolders\\\\imabari3dcad\\\\evoship\\\\EVOSHIP_HELP_FILES\\\\about_annotation.html'), EntityNode(label='HelpSection', embedding=None, properties={'section_id': 'b44e2dce0448c0e4b08e5be898df93f6c4e4f2fc', 'document_id': 'C:\\\\Users\\\\user\\\\workfolders\\\\imabari3dcad\\\\evoship\\\\EVOSHIP_HELP_FILES\\\\about_annotation.html', 'source_path': 'C:\\\\Users\\\\user\\\\workfolders\\\\imabari3dcad\\\\evoship\\\\EVOSHIP_HELP_FILES\\\\about_annotation.html', 'title': 'アノーテーション', 'section_heading': 'アノーテーション', 'section_level': 2, 'section_index': 0, 'last_modified': '2025-08-06T13:57:54+00:00', 'extracted_at': '2025-11-03T18:14:07+00:00', 'data_source': 'EVOSHIP_HELP_FILES'}, name='b44e2dce0448c0e4b08e5be898df93f6c4e4f2fc'), ChunkNode(label='HelpChunk', embedding=None, properties={'chunk_id': '8c3a6bbd-bcd8-4dbe-9937-93441f4e2bde', 'document_id': 'C:\\\\Users\\\\user\\\\workfolders\\\\imabari3dcad\\\\evoship\\\\EVOSHIP_HELP_FILES\\\\about_annotation.html', 'section_id': 'b44e2dce0448c0e4b08e5be898df93f6c4e4f2fc', 'source_path': 'C:\\\\Users\\\\user\\\\workfolders\\\\imabari3dcad\\\\evoship\\\\EVOSHIP_HELP_FILES\\\\about_annotation.html', 'title': 'アノーテーション', 'section_heading': 'アノーテーション', 'section_level': 2, 'section_index': 0, 'last_modified': '2025-08-06T13:57:54+00:00', 'extracted_at': '2025-11-03T18:14:07+00:00', 'chunk_index': 0, 'text_length': 36, 'start_char_idx': 0, 'end_char_idx': 36, 'data_source': 'EVOSHIP_HELP_FILES'}, text='アノーテーション\\n\\n３次元位置や要素上に 注記 をつけることができます。', id_='8c3a6bbd-bcd8-4dbe-9937-93441f4e2bde')]\nrelations: [Relation(label='HAS_SECTION', source_id='C:\\\\Users\\\\user\\\\workfolders\\\\imabari3dcad\\\\evoship\\\\EVOSHIP_HELP_FILES\\\\about_annotation.html', target_id='b44e2dce0448c0e4b08e5be898df93f6c4e4f2fc', properties={'data_source': 'EVOSHIP_HELP_FILES'}), Relation(label='HAS_CHUNK', source_id='C:\\\\Users\\\\user\\\\workfolders\\\\imabari3dcad\\\\evoship\\\\EVOSHIP_HELP_FILES\\\\about_annotation.html', target_id='8c3a6bbd-bcd8-4dbe-9937-93441f4e2bde', properties={'data_source': 'EVOSHIP_HELP_FILES', 'section_id': 'b44e2dce0448c0e4b08e5be898df93f6c4e4f2fc', 'chunk_index': 0}), Relation(label='HAS_CHUNK', source_id='b44e2dce0448c0e4b08e5be898df93f6c4e4f2fc', target_id='8c3a6bbd-bcd8-4dbe-9937-93441f4e2bde', properties={'data_source': 'EVOSHIP_HELP_FILES', 'chunk_index': 0})]\n\nアノーテーション\n\n３次元位置や要素上に 注記 をつけることができます。\nTriplets:\n"}], 'model': 'gpt-5-nano', 'stream': False, 'temperature': 1.0}}
2025-11-04 03:14:50,626 DEBUG openai._base_client: Sending HTTP Request: POST https://api.openai.com/v1/chat/completions
2025-11-04 03:14:50,626 DEBUG httpcore.http11: send_request_headers.started request=<Request [b'POST']>
2025-11-04 03:14:50,627 DEBUG httpcore.http11: send_request_headers.complete
2025-11-04 03:14:50,627 DEBUG httpcore.http11: send_request_body.started request=<Request [b'POST']>
2025-11-04 03:14:50,627 DEBUG httpcore.http11: send_request_body.complete
2025-11-04 03:14:50,628 DEBUG httpcore.http11: receive_response_headers.started request=<Request [b'POST']>
2025-11-04 03:14:50,657 DEBUG openai._base_client: Request options: {'method': 'post', 'url': '/chat/completions', 'files': None, 'idempotency_key': 'stainless-python-retry-8183269e-007f-4423-b483-5178a1664b61', 'json_data': {'messages': [{'role': 'user', 'content': "Some text is provided below. Given the text, extract up to 10 knowledge triplets in the form of (subject, predicate, object). Avoid stopwords.\n---------------------\nExample:Text: Alice is Bob's mother.Triplets:\n(Alice, is mother of, Bob)\nText: Philz is a coffee shop founded in Berkeley in 1982.\nTriplets:\n(Philz, is, coffee shop)\n(Philz, founded in, Berkeley)\n(Philz, founded in, 1982)\n---------------------\nText: document_id: C:\\Users\\user\\workfolders\\imabari3dcad\\evoship\\EVOSHIP_HELP_FILES\\about_annotation_styles_list_dialog.html\nsource_path: C:\\Users\\user\\workfolders\\imabari3dcad\\evoship\\EVOSHIP_HELP_FILES\\about_annotation_styles_list_dialog.html\nsection_id: 71bd4ac5cfe31b1a99355b3e4d691c83deea1ffc\ntitle: 注記・寸法スタイル設定\nsection_heading: 注記スタイルの管理\nsection_level: 3\nsection_index: 1\nlast_modified: 2025-08-06T13:57:54+00:00\nextracted_at: 2025-11-03T18:14:07+00:00\ndata_source: EVOSHIP_HELP_FILES\nchunk_id: 95ba70c0-d17d-410a-b4f4-4ef46d8a0f92\nchunk_index: 0\ntext_length: 191\nstart_char_idx: 0\nend_char_idx: 191\nnodes: [EntityNode(label='HelpDocument', embedding=None, properties={'document_id': 'C:\\\\Users\\\\user\\\\workfolders\\\\imabari3dcad\\\\evoship\\\\EVOSHIP_HELP_FILES\\\\about_annotation_styles_list_dialog.html', 'source_path': 'C:\\\\Users\\\\user\\\\workfolders\\\\imabari3dcad\\\\evoship\\\\EVOSHIP_HELP_FILES\\\\about_annotation_styles_list_dialog.html', 'title': '注記・寸法スタイル設定', 'headings': ['注記・寸法スタイル設定', '注記スタイルの管理', '注記スタイルの作成', '適用ずみスタイルの更新'], 'section_count': 4, 'last_modified': '2025-08-06T13:57:54+00:00', 'extracted_at': '2025-11-03T18:14:07+00:00', 'data_source': 'EVOSHIP_HELP_FILES'}, name='C:\\\\Users\\\\user\\\\workfolders\\\\imabari3dcad\\\\evoship\\\\EVOSHIP_HELP_FILES\\\\about_annotation_styles_list_dialog.html'), EntityNode(label='HelpSection', embedding=None, properties={'section_id': '71bd4ac5cfe31b1a99355b3e4d691c83deea1ffc', 'document_id': 'C:\\\\Users\\\\user\\\\workfolders\\\\imabari3dcad\\\\evoship\\\\EVOSHIP_HELP_FILES\\\\about_annotation_styles_list_dialog.html', 'source_path': 'C:\\\\Users\\\\user\\\\workfolders\\\\imabari3dcad\\\\evoship\\\\EVOSHIP_HELP_FILES\\\\about_annotation_styles_list_dialog.html', 'title': '注記・寸法スタイル設定', 'section_heading': '注記スタイルの管理', 'section_level': 3, 'section_index': 1, 'last_modified': '2025-08-06T13:57:54+00:00', 'extracted_at': '2025-11-03T18:14:07+00:00', 'data_source': 'EVOSHIP_HELP_FILES'}, name='71bd4ac5cfe31b1a99355b3e4d691c83deea1ffc'), ChunkNode(label='HelpChunk', embedding=None, properties={'chunk_id': '95ba70c0-d17d-410a-b4f4-4ef46d8a0f92', 'document_id': 'C:\\\\Users\\\\user\\\\workfolders\\\\imabari3dcad\\\\evoship\\\\EVOSHIP_HELP_FILES\\\\about_annotation_styles_list_dialog.html', 'section_id': '71bd4ac5cfe31b1a99355b3e4d691c83deea1ffc', 'source_path': 'C:\\\\Users\\\\user\\\\workfolders\\\\imabari3dcad\\\\evoship\\\\EVOSHIP_HELP_FILES\\\\about_annotation_styles_list_dialog.html', 'title': '注記・寸法スタイル設定', 'section_heading': '注記スタイルの管理', 'section_level': 3, 'section_index': 1, 'last_modified': '2025-08-06T13:57:54+00:00', 'extracted_at': '2025-11-03T18:14:07+00:00', 'chunk_index': 0, 'text_length': 191, 'start_char_idx': 0, 'end_char_idx': 191, 'data_source': 'EVOSHIP_HELP_FILES'}, text='注記スタイルの管理\\n\\n「注記・寸法スタイル設定」ウィンドウで作成した注記スタイルは、システム設定として保存されます。注記スタイルをスケッチや図面に適用すると、スケッチや図面はそのスタイルのコピーを保持します。スケッチや図面にスタイルを適用してから、「注記・寸法スタイル設定」ウィンドウでそのスタイルを編集しても、スケッチや図面が保持している「コピーされた」スタイルは変更されません。', id_='95ba70c0-d17d-410a-b4f4-4ef46d8a0f92')]\nrelations: [Relation(label='HAS_SECTION', source_id='C:\\\\Users\\\\user\\\\workfolders\\\\imabari3dcad\\\\evoship\\\\EVOSHIP_HELP_FILES\\\\about_annotation_styles_list_dialog.html', target_id='71bd4ac5cfe31b1a99355b3e4d691c83deea1ffc', properties={'data_source': 'EVOSHIP_HELP_FILES'}), Relation(label='HAS_CHUNK', source_id='C:\\\\Users\\\\user\\\\workfolders\\\\imabari3dcad\\\\evoship\\\\EVOSHIP_HELP_FILES\\\\about_annotation_styles_list_dialog.html', target_id='95ba70c0-d17d-410a-b4f4-4ef46d8a0f92', properties={'data_source': 'EVOSHIP_HELP_FILES', 'section_id': '71bd4ac5cfe31b1a99355b3e4d691c83deea1ffc', 'chunk_index': 0}), Relation(label='HAS_CHUNK', source_id='71bd4ac5cfe31b1a99355b3e4d691c83deea1ffc', target_id='95ba70c0-d17d-410a-b4f4-4ef46d8a0f92', properties={'data_source': 'EVOSHIP_HELP_FILES', 'chunk_index': 0})]\n\n注記スタイルの管理\n\n「注記・寸法スタイル設定」ウィンドウで作成した注記スタイルは、システム設定として保存されます。注記スタイルをスケッチや図面に適用すると、スケッチや図面はそのスタイルのコピーを保持します。スケッチや図面にスタイルを適用してから、「注記・寸法スタイル設定」ウィンドウでそのスタイルを編集しても、スケッチや図面が保持している「コピーされた」スタイルは変更されません。\nTriplets:\n"}], 'model': 'gpt-5-nano', 'stream': False, 'temperature': 1.0}}
2025-11-04 03:14:50,659 DEBUG openai._base_client: Sending HTTP Request: POST https://api.openai.com/v1/chat/completions
2025-11-04 03:14:50,660 DEBUG httpcore.http11: send_request_headers.started request=<Request [b'POST']>
2025-11-04 03:14:50,661 DEBUG httpcore.http11: send_request_headers.complete
2025-11-04 03:14:50,661 DEBUG httpcore.http11: send_request_body.started request=<Request [b'POST']>
2025-11-04 03:14:50,662 DEBUG httpcore.http11: send_request_body.complete
2025-11-04 03:14:50,662 DEBUG httpcore.http11: receive_response_headers.started request=<Request [b'POST']>
2025-11-04 03:14:50,704 DEBUG openai._base_client: Request options: {'method': 'post', 'url': '/chat/completions', 'files': None, 'idempotency_key': 'stainless-python-retry-db260008-3498-431b-9e1e-cdbcd7f16c61', 'json_data': {'messages': [{'role': 'user', 'content': "Some text is provided below. Given the text, extract up to 10 knowledge triplets in the form of (subject, predicate, object). Avoid stopwords.\n---------------------\nExample:Text: Alice is Bob's mother.Triplets:\n(Alice, is mother of, Bob)\nText: Philz is a coffee shop founded in Berkeley in 1982.\nTriplets:\n(Philz, is, coffee shop)\n(Philz, founded in, Berkeley)\n(Philz, founded in, 1982)\n---------------------\nText: document_id: C:\\Users\\user\\workfolders\\imabari3dcad\\evoship\\EVOSHIP_HELP_FILES\\about_annotation_styles_list_dialog.html\nsource_path: C:\\Users\\user\\workfolders\\imabari3dcad\\evoship\\EVOSHIP_HELP_FILES\\about_annotation_styles_list_dialog.html\nsection_id: 63b6e7402b72bbc0ee5ee65317fb67b077dbc465\ntitle: 注記・寸法スタイル設定\nsection_heading: 注記・寸法スタイル設定\nsection_level: 2\nsection_index: 0\nlast_modified: 2025-08-06T13:57:54+00:00\nextracted_at: 2025-11-03T18:14:07+00:00\ndata_source: EVOSHIP_HELP_FILES\nchunk_id: 022e3c79-4d57-4793-869b-5bc5afbfd59c\nchunk_index: 1\ntext_length: 330\nstart_char_idx: 490\nend_char_idx: 820\nnodes: [EntityNode(label='HelpDocument', embedding=None, properties={'document_id': 'C:\\\\Users\\\\user\\\\workfolders\\\\imabari3dcad\\\\evoship\\\\EVOSHIP_HELP_FILES\\\\about_annotation_styles_list_dialog.html', 'source_path': 'C:\\\\Users\\\\user\\\\workfolders\\\\imabari3dcad\\\\evoship\\\\EVOSHIP_HELP_FILES\\\\about_annotation_styles_list_dialog.html', 'title': '注記・寸法スタイル設定', 'headings': ['注記・寸法スタイル設定', '注記スタイルの管理', '注記スタイルの作成', '適用ずみスタイルの更新'], 'section_count': 4, 'last_modified': '2025-08-06T13:57:54+00:00', 'extracted_at': '2025-11-03T18:14:07+00:00', 'data_source': 'EVOSHIP_HELP_FILES'}, name='C:\\\\Users\\\\user\\\\workfolders\\\\imabari3dcad\\\\evoship\\\\EVOSHIP_HELP_FILES\\\\about_annotation_styles_list_dialog.html'), EntityNode(label='HelpSection', embedding=None, properties={'section_id': '63b6e7402b72bbc0ee5ee65317fb67b077dbc465', 'document_id': 'C:\\\\Users\\\\user\\\\workfolders\\\\imabari3dcad\\\\evoship\\\\EVOSHIP_HELP_FILES\\\\about_annotation_styles_list_dialog.html', 'source_path': 'C:\\\\Users\\\\user\\\\workfolders\\\\imabari3dcad\\\\evoship\\\\EVOSHIP_HELP_FILES\\\\about_annotation_styles_list_dialog.html', 'title': '注記・寸法スタイル設定', 'section_heading': '注記・寸法スタイル設定', 'section_level': 2, 'section_index': 0, 'last_modified': '2025-08-06T13:57:54+00:00', 'extracted_at': '2025-11-03T18:14:07+00:00', 'data_source': 'EVOSHIP_HELP_FILES'}, name='63b6e7402b72bbc0ee5ee65317fb67b077dbc465'), ChunkNode(label='HelpChunk', embedding=None, properties={'chunk_id': '022e3c79-4d57-4793-869b-5bc5afbfd59c', 'document_id': 'C:\\\\Users\\\\user\\\\workfolders\\\\imabari3dcad\\\\evoship\\\\EVOSHIP_HELP_FILES\\\\about_annotation_styles_list_dialog.html', 'section_id': '63b6e7402b72bbc0ee5ee65317fb67b077dbc465', 'source_path': 'C:\\\\Users\\\\user\\\\workfolders\\\\imabari3dcad\\\\evoship\\\\EVOSHIP_HELP_FILES\\\\about_annotation_styles_list_dialog.html', 'title': '注記・寸法スタイル設定', 'section_heading': '注記・寸法スタイル設定', 'section_level': 2, 'section_index': 0, 'last_modified': '2025-08-06T13:57:54+00:00', 'extracted_at': '2025-11-03T18:14:07+00:00', 'chunk_index': 1, 'text_length': 330, 'start_char_idx': 490, 'end_char_idx': 820, 'data_source': 'EVOSHIP_HELP_FILES'}, text='また、既存のスタイルを元にして新しくスタイルを作りたい場合は、スタイルを選択してコンテキストメニューを表示し、「スタイル設定（コピー）の追加」をクリックします。 適用ずみスタイルの更新 ウィンドウ右下の「モデルの更新」ボタンをクリックすると、「注記・寸法スタイル設定」ウィンドウで管理している（システム設定として保存されている）各スタイルについて、スケッチや図面に適用ずみのスタイルで同名のものがあると、その適用ずみスタイルをシステム設定のスタイルで上書きします。 スタイル一覧に同名のスタイルが複数存在すると、それらのうちひとつだけが適用ずみスタイルの上書きに使われて、残りは無視されてしまいます。同名のスタイルを作るのはできるだけ避けるようにしてください。', id_='022e3c79-4d57-4793-869b-5bc5afbfd59c')]\nrelations: [Relation(label='HAS_SECTION', source_id='C:\\\\Users\\\\user\\\\workfolders\\\\imabari3dcad\\\\evoship\\\\EVOSHIP_HELP_FILES\\\\about_annotation_styles_list_dialog.html', target_id='63b6e7402b72bbc0ee5ee65317fb67b077dbc465', properties={'data_source': 'EVOSHIP_HELP_FILES'}), Relation(label='HAS_CHUNK', source_id='C:\\\\Users\\\\user\\\\workfolders\\\\imabari3dcad\\\\evoship\\\\EVOSHIP_HELP_FILES\\\\about_annotation_styles_list_dialog.html', target_id='022e3c79-4d57-4793-869b-5bc5afbfd59c', properties={'data_source': 'EVOSHIP_HELP_FILES', 'section_id': '63b6e7402b72bbc0ee5ee65317fb67b077dbc465', 'chunk_index': 1}), Relation(label='HAS_CHUNK', source_id='63b6e7402b72bbc0ee5ee65317fb67b077dbc465', target_id='022e3c79-4d57-4793-869b-5bc5afbfd59c', properties={'data_source': 'EVOSHIP_HELP_FILES', 'chunk_index': 1})]\n\nまた、既存のスタイルを元にして新しくスタイルを作りたい場合は、スタイルを選択してコンテキストメニューを表示し、「スタイル設定（コピー）の追加」をクリックします。 適用ずみスタイルの更新 ウィンドウ右下の「モデルの更新」ボタンをクリックすると、「注記・寸法スタイル設定」ウィンドウで管理している（システム設定として保存されている）各スタイルについて、スケッチや図面に適用ずみのスタイルで同名のものがあると、その適用ずみスタイルをシステム設定のスタイルで上書きします。 スタイル一覧に同名のスタイルが複数存在すると、それらのうちひとつだけが適用ずみスタイルの上書きに使われて、残りは無視されてしまいます。同名のスタイルを作るのはできるだけ避けるようにしてください。\nTriplets:\n"}], 'model': 'gpt-5-nano', 'stream': False, 'temperature': 1.0}}
2025-11-04 03:14:50,705 DEBUG openai._base_client: Sending HTTP Request: POST https://api.openai.com/v1/chat/completions
2025-11-04 03:14:50,707 DEBUG openai._base_client: Request options: {'method': 'post', 'url': '/chat/completions', 'files': None, 'idempotency_key': 'stainless-python-retry-9b29b314-5c1f-4766-8f07-08595c67fbef', 'json_data': {'messages': [{'role': 'user', 'content': "Some text is provided below. Given the text, extract up to 10 knowledge triplets in the form of (subject, predicate, object). Avoid stopwords.\n---------------------\nExample:Text: Alice is Bob's mother.Triplets:\n(Alice, is mother of, Bob)\nText: Philz is a coffee shop founded in Berkeley in 1982.\nTriplets:\n(Philz, is, coffee shop)\n(Philz, founded in, Berkeley)\n(Philz, founded in, 1982)\n---------------------\nText: document_id: C:\\Users\\user\\workfolders\\imabari3dcad\\evoship\\EVOSHIP_HELP_FILES\\about_annotation_styles_list_dialog.html\nsource_path: C:\\Users\\user\\workfolders\\imabari3dcad\\evoship\\EVOSHIP_HELP_FILES\\about_annotation_styles_list_dialog.html\nsection_id: 63b6e7402b72bbc0ee5ee65317fb67b077dbc465\ntitle: 注記・寸法スタイル設定\nsection_heading: 注記・寸法スタイル設定\nsection_level: 2\nsection_index: 0\nlast_modified: 2025-08-06T13:57:54+00:00\nextracted_at: 2025-11-03T18:14:07+00:00\ndata_source: EVOSHIP_HELP_FILES\nchunk_id: eea2b71a-a3c9-4a33-ac13-47d63ed3aadc\nchunk_index: 0\ntext_length: 570\nstart_char_idx: 0\nend_char_idx: 570\nnodes: [EntityNode(label='HelpDocument', embedding=None, properties={'document_id': 'C:\\\\Users\\\\user\\\\workfolders\\\\imabari3dcad\\\\evoship\\\\EVOSHIP_HELP_FILES\\\\about_annotation_styles_list_dialog.html', 'source_path': 'C:\\\\Users\\\\user\\\\workfolders\\\\imabari3dcad\\\\evoship\\\\EVOSHIP_HELP_FILES\\\\about_annotation_styles_list_dialog.html', 'title': '注記・寸法スタイル設定', 'headings': ['注記・寸法スタイル設定', '注記スタイルの管理', '注記スタイルの作成', '適用ずみスタイルの更新'], 'section_count': 4, 'last_modified': '2025-08-06T13:57:54+00:00', 'extracted_at': '2025-11-03T18:14:07+00:00', 'data_source': 'EVOSHIP_HELP_FILES'}, name='C:\\\\Users\\\\user\\\\workfolders\\\\imabari3dcad\\\\evoship\\\\EVOSHIP_HELP_FILES\\\\about_annotation_styles_list_dialog.html'), EntityNode(label='HelpSection', embedding=None, properties={'section_id': '63b6e7402b72bbc0ee5ee65317fb67b077dbc465', 'document_id': 'C:\\\\Users\\\\user\\\\workfolders\\\\imabari3dcad\\\\evoship\\\\EVOSHIP_HELP_FILES\\\\about_annotation_styles_list_dialog.html', 'source_path': 'C:\\\\Users\\\\user\\\\workfolders\\\\imabari3dcad\\\\evoship\\\\EVOSHIP_HELP_FILES\\\\about_annotation_styles_list_dialog.html', 'title': '注記・寸法スタイル設定', 'section_heading': '注記・寸法スタイル設定', 'section_level': 2, 'section_index': 0, 'last_modified': '2025-08-06T13:57:54+00:00', 'extracted_at': '2025-11-03T18:14:07+00:00', 'data_source': 'EVOSHIP_HELP_FILES'}, name='63b6e7402b72bbc0ee5ee65317fb67b077dbc465'), ChunkNode(label='HelpChunk', embedding=None, properties={'chunk_id': 'eea2b71a-a3c9-4a33-ac13-47d63ed3aadc', 'document_id': 'C:\\\\Users\\\\user\\\\workfolders\\\\imabari3dcad\\\\evoship\\\\EVOSHIP_HELP_FILES\\\\about_annotation_styles_list_dialog.html', 'section_id': '63b6e7402b72bbc0ee5ee65317fb67b077dbc465', 'source_path': 'C:\\\\Users\\\\user\\\\workfolders\\\\imabari3dcad\\\\evoship\\\\EVOSHIP_HELP_FILES\\\\about_annotation_styles_list_dialog.html', 'title': '注記・寸法スタイル設定', 'section_heading': '注記・寸法スタイル設定', 'section_level': 2, 'section_index': 0, 'last_modified': '2025-08-06T13:57:54+00:00', 'extracted_at': '2025-11-03T18:14:07+00:00', 'chunk_index': 0, 'text_length': 570, 'start_char_idx': 0, 'end_char_idx': 570, 'data_source': 'EVOSHIP_HELP_FILES'}, text='注記・寸法スタイル設定\\n\\n注記や寸法の各種パラメータは、要素ひとつひとつに設定することもできますし、スケッチや図面にまとめてパラメータを設定しておいて、注記や寸法はみずからが属するスケッチに設定しておいたパラメータを参照するようにもできます。この「まとめて設定しておくパラメータ」のことを注記スタイルといいます。 注記スタイルの管理 「注記・寸法スタイル設定」ウィンドウで作成した注記スタイルは、システム設定として保存されます。注記スタイルをスケッチや図面に適用すると、スケッチや図面はそのスタイルのコピーを保持します。スケッチや図面にスタイルを適用してから、「注記・寸法スタイル設定」ウィンドウでそのスタイルを編集しても、スケッチや図面が保持している「コピーされた」スタイルは変更されません。 注記スタイルの作成 左側のスタイル一覧が表示されている欄でコンテキストメニューを表示し、「スタイル設定の追加」をクリックします。また、「モデルのスタイル設定を追加」をクリックすると、いま開いているモデル内のスケッチや図面が保持している注記スタイルがすべてスタイル一覧に追加されます。 また、既存のスタイルを元にして新しくスタイルを作りたい場合は、スタイルを選択してコンテキストメニューを表示し、「スタイル設定（コピー）の追加」をクリックします。', id_='eea2b71a-a3c9-4a33-ac13-47d63ed3aadc')]\nrelations: [Relation(label='HAS_SECTION', source_id='C:\\\\Users\\\\user\\\\workfolders\\\\imabari3dcad\\\\evoship\\\\EVOSHIP_HELP_FILES\\\\about_annotation_styles_list_dialog.html', target_id='63b6e7402b72bbc0ee5ee65317fb67b077dbc465', properties={'data_source': 'EVOSHIP_HELP_FILES'}), Relation(label='HAS_CHUNK', source_id='C:\\\\Users\\\\user\\\\workfolders\\\\imabari3dcad\\\\evoship\\\\EVOSHIP_HELP_FILES\\\\about_annotation_styles_list_dialog.html', target_id='eea2b71a-a3c9-4a33-ac13-47d63ed3aadc', properties={'data_source': 'EVOSHIP_HELP_FILES', 'section_id': '63b6e7402b72bbc0ee5ee65317fb67b077dbc465', 'chunk_index': 0}), Relation(label='HAS_CHUNK', source_id='63b6e7402b72bbc0ee5ee65317fb67b077dbc465', target_id='eea2b71a-a3c9-4a33-ac13-47d63ed3aadc', properties={'data_source': 'EVOSHIP_HELP_FILES', 'chunk_index': 0})]\n\n注記・寸法スタイル設定\n\n注記や寸法の各種パラメータは、要素ひとつひとつに設定することもできますし、スケッチや図面にまとめてパラメータを設定しておいて、注記や寸法はみずからが属するスケッチに設定しておいたパラメータを参照するようにもできます。この「まとめて設定しておくパラメータ」のことを注記スタイルといいます。 注記スタイルの管理 「注記・寸法スタイル設定」ウィンドウで作成した注記スタイルは、システム設定として保存されます。注記スタイルをスケッチや図面に適用すると、スケッチや図面はそのスタイルのコピーを保持します。スケッチや図面にスタイルを適用してから、「注記・寸法スタイル設定」ウィンドウでそのスタイルを編集しても、スケッチや図面が保持している「コピーされた」スタイルは変更されません。 注記スタイルの作成 左側のスタイル一覧が表示されている欄でコンテキストメニューを表示し、「スタイル設定の追加」をクリックします。また、「モデルのスタイル設定を追加」をクリックすると、いま開いているモデル内のスケッチや図面が保持している注記スタイルがすべてスタイル一覧に追加されます。 また、既存のスタイルを元にして新しくスタイルを作りたい場合は、スタイルを選択してコンテキストメニューを表示し、「スタイル設定（コピー）の追加」をクリックします。\nTriplets:\n"}], 'model': 'gpt-5-nano', 'stream': False, 'temperature': 1.0}}
2025-11-04 03:14:50,708 DEBUG openai._base_client: Sending HTTP Request: POST https://api.openai.com/v1/chat/completions
2025-11-04 03:14:50,709 DEBUG httpcore.http11: send_request_headers.started request=<Request [b'POST']>
2025-11-04 03:14:50,710 DEBUG httpcore.http11: send_request_headers.complete
2025-11-04 03:14:50,710 DEBUG httpcore.http11: send_request_body.started request=<Request [b'POST']>
2025-11-04 03:14:50,711 DEBUG httpcore.http11: send_request_body.complete
2025-11-04 03:14:50,711 DEBUG httpcore.http11: receive_response_headers.started request=<Request [b'POST']>
2025-11-04 03:14:50,712 DEBUG httpcore.http11: send_request_headers.started request=<Request [b'POST']>
2025-11-04 03:14:50,712 DEBUG httpcore.http11: send_request_headers.complete
2025-11-04 03:14:50,712 DEBUG httpcore.http11: send_request_body.started request=<Request [b'POST']>
2025-11-04 03:14:50,713 DEBUG httpcore.http11: send_request_body.complete
2025-11-04 03:14:50,713 DEBUG httpcore.http11: receive_response_headers.started request=<Request [b'POST']>
2025-11-04 03:14:50,811 DEBUG httpcore.http11: receive_response_headers.complete return_value=(b'HTTP/1.1', 429, b'Too Many Requests', [(b'Date', b'Mon, 03 Nov 2025 18:14:50 GMT'), (b'Content-Type', b'application/json; charset=utf-8'), (b'Content-Length', b'337'), (b'Connection', b'keep-alive'), (b'vary', b'Origin'), (b'x-request-id', b'req_72796b0a9b004289b0ee5bfa9b4c7299'), (b'x-envoy-upstream-service-time', b'7'), (b'x-openai-proxy-wasm', b'v0.1'), (b'cf-cache-status', b'DYNAMIC'), (b'Strict-Transport-Security', b'max-age=31536000; includeSubDomains; preload'), (b'X-Content-Type-Options', b'nosniff'), (b'Server', b'cloudflare'), (b'CF-RAY', b'998dda85bbe4be06-KIX'), (b'alt-svc', b'h3=":443"; ma=86400')])
2025-11-04 03:14:50,812 INFO httpx: HTTP Request: POST https://api.openai.com/v1/chat/completions "HTTP/1.1 429 Too Many Requests"
2025-11-04 03:14:50,812 DEBUG httpcore.http11: receive_response_body.started request=<Request [b'POST']>
2025-11-04 03:14:50,812 DEBUG httpcore.http11: receive_response_body.complete
2025-11-04 03:14:50,813 DEBUG httpcore.http11: response_closed.started
2025-11-04 03:14:50,813 DEBUG httpcore.http11: response_closed.complete
2025-11-04 03:14:50,813 DEBUG openai._base_client: HTTP Response: POST https://api.openai.com/v1/chat/completions "429 Too Many Requests" Headers({'date': 'Mon, 03 Nov 2025 18:14:50 GMT', 'content-type': 'application/json; charset=utf-8', 'content-length': '337', 'connection': 'keep-alive', 'vary': 'Origin', 'x-request-id': 'req_72796b0a9b004289b0ee5bfa9b4c7299', 'x-envoy-upstream-service-time': '7', 'x-openai-proxy-wasm': 'v0.1', 'cf-cache-status': 'DYNAMIC', 'strict-transport-security': 'max-age=31536000; includeSubDomains; preload', 'x-content-type-options': 'nosniff', 'server': 'cloudflare', 'cf-ray': '998dda85bbe4be06-KIX', 'alt-svc': 'h3=":443"; ma=86400'})
2025-11-04 03:14:50,813 DEBUG openai._base_client: request_id: req_72796b0a9b004289b0ee5bfa9b4c7299
2025-11-04 03:14:50,813 DEBUG openai._base_client: Encountered httpx.HTTPStatusError
Traceback (most recent call last):
  File "C:\Users\user\workfolders\imabari3dcad\.venv\lib\site-packages\openai\_base_client.py", line 1574, in request
    response.raise_for_status()
  File "C:\Users\user\workfolders\imabari3dcad\.venv\lib\site-packages\httpx\_models.py", line 829, in raise_for_status
    raise HTTPStatusError(message, request=request, response=self)
httpx.HTTPStatusError: Client error '429 Too Many Requests' for url 'https://api.openai.com/v1/chat/completions'
For more information check: https://developer.mozilla.org/en-US/docs/Web/HTTP/Status/429
2025-11-04 03:14:50,814 DEBUG openai._base_client: Retrying due to status code 429
2025-11-04 03:14:50,814 DEBUG openai._base_client: 2 retries left
2025-11-04 03:14:50,814 INFO openai._base_client: Retrying request to /chat/completions in 0.871565 seconds
2025-11-04 03:14:50,909 DEBUG httpcore.http11: receive_response_headers.complete return_value=(b'HTTP/1.1', 429, b'Too Many Requests', [(b'Date', b'Mon, 03 Nov 2025 18:14:50 GMT'), (b'Content-Type', b'application/json; charset=utf-8'), (b'Content-Length', b'337'), (b'Connection', b'keep-alive'), (b'vary', b'Origin'), (b'x-request-id', b'req_3a865adc1ee64ae7b1ae16e21640fe5d'), (b'x-envoy-upstream-service-time', b'12'), (b'x-openai-proxy-wasm', b'v0.1'), (b'cf-cache-status', b'DYNAMIC'), (b'Strict-Transport-Security', b'max-age=31536000; includeSubDomains; preload'), (b'X-Content-Type-Options', b'nosniff'), (b'Server', b'cloudflare'), (b'CF-RAY', b'998dda863c30e744-KIX'), (b'alt-svc', b'h3=":443"; ma=86400')])
2025-11-04 03:14:50,910 INFO httpx: HTTP Request: POST https://api.openai.com/v1/chat/completions "HTTP/1.1 429 Too Many Requests"
2025-11-04 03:14:50,911 DEBUG httpcore.http11: receive_response_body.started request=<Request [b'POST']>
2025-11-04 03:14:50,911 DEBUG httpcore.http11: receive_response_body.complete
2025-11-04 03:14:50,911 DEBUG httpcore.http11: response_closed.started
2025-11-04 03:14:50,911 DEBUG httpcore.http11: response_closed.complete
2025-11-04 03:14:50,912 DEBUG openai._base_client: HTTP Response: POST https://api.openai.com/v1/chat/completions "429 Too Many Requests" Headers({'date': 'Mon, 03 Nov 2025 18:14:50 GMT', 'content-type': 'application/json; charset=utf-8', 'content-length': '337', 'connection': 'keep-alive', 'vary': 'Origin', 'x-request-id': 'req_3a865adc1ee64ae7b1ae16e21640fe5d', 'x-envoy-upstream-service-time': '12', 'x-openai-proxy-wasm': 'v0.1', 'cf-cache-status': 'DYNAMIC', 'strict-transport-security': 'max-age=31536000; includeSubDomains; preload', 'x-content-type-options': 'nosniff', 'server': 'cloudflare', 'cf-ray': '998dda863c30e744-KIX', 'alt-svc': 'h3=":443"; ma=86400'})
2025-11-04 03:14:50,912 DEBUG openai._base_client: request_id: req_3a865adc1ee64ae7b1ae16e21640fe5d
2025-11-04 03:14:50,912 DEBUG openai._base_client: Encountered httpx.HTTPStatusError
Traceback (most recent call last):
  File "C:\Users\user\workfolders\imabari3dcad\.venv\lib\site-packages\openai\_base_client.py", line 1574, in request
    response.raise_for_status()
  File "C:\Users\user\workfolders\imabari3dcad\.venv\lib\site-packages\httpx\_models.py", line 829, in raise_for_status
    raise HTTPStatusError(message, request=request, response=self)
httpx.HTTPStatusError: Client error '429 Too Many Requests' for url 'https://api.openai.com/v1/chat/completions'
For more information check: https://developer.mozilla.org/en-US/docs/Web/HTTP/Status/429
2025-11-04 03:14:50,912 DEBUG openai._base_client: Retrying due to status code 429
2025-11-04 03:14:50,913 DEBUG openai._base_client: 2 retries left
2025-11-04 03:14:50,913 INFO openai._base_client: Retrying request to /chat/completions in 0.791626 seconds
2025-11-04 03:14:50,943 DEBUG httpcore.http11: receive_response_headers.complete return_value=(b'HTTP/1.1', 429, b'Too Many Requests', [(b'Date', b'Mon, 03 Nov 2025 18:14:50 GMT'), (b'Content-Type', b'application/json; charset=utf-8'), (b'Content-Length', b'337'), (b'Connection', b'keep-alive'), (b'vary', b'Origin'), (b'x-request-id', b'req_afa9ee6b7fd94fbf89f412f227437b0b'), (b'x-envoy-upstream-service-time', b'104'), (b'x-openai-proxy-wasm', b'v0.1'), (b'cf-cache-status', b'DYNAMIC'), (b'Strict-Transport-Security', b'max-age=31536000; includeSubDomains; preload'), (b'X-Content-Type-Options', b'nosniff'), (b'Server', b'cloudflare'), (b'CF-RAY', b'998dda85ec3d8373-KIX'), (b'alt-svc', b'h3=":443"; ma=86400')])
2025-11-04 03:14:50,943 INFO httpx: HTTP Request: POST https://api.openai.com/v1/chat/completions "HTTP/1.1 429 Too Many Requests"
2025-11-04 03:14:50,944 DEBUG httpcore.http11: receive_response_body.started request=<Request [b'POST']>
2025-11-04 03:14:50,944 DEBUG httpcore.http11: receive_response_body.complete
2025-11-04 03:14:50,944 DEBUG httpcore.http11: response_closed.started
2025-11-04 03:14:50,944 DEBUG httpcore.http11: response_closed.complete
2025-11-04 03:14:50,944 DEBUG openai._base_client: HTTP Response: POST https://api.openai.com/v1/chat/completions "429 Too Many Requests" Headers({'date': 'Mon, 03 Nov 2025 18:14:50 GMT', 'content-type': 'application/json; charset=utf-8', 'content-length': '337', 'connection': 'keep-alive', 'vary': 'Origin', 'x-request-id': 'req_afa9ee6b7fd94fbf89f412f227437b0b', 'x-envoy-upstream-service-time': '104', 'x-openai-proxy-wasm': 'v0.1', 'cf-cache-status': 'DYNAMIC', 'strict-transport-security': 'max-age=31536000; includeSubDomains; preload', 'x-content-type-options': 'nosniff', 'server': 'cloudflare', 'cf-ray': '998dda85ec3d8373-KIX', 'alt-svc': 'h3=":443"; ma=86400'})
2025-11-04 03:14:50,944 DEBUG openai._base_client: request_id: req_afa9ee6b7fd94fbf89f412f227437b0b
2025-11-04 03:14:50,945 DEBUG openai._base_client: Encountered httpx.HTTPStatusError
Traceback (most recent call last):
  File "C:\Users\user\workfolders\imabari3dcad\.venv\lib\site-packages\openai\_base_client.py", line 1574, in request
    response.raise_for_status()
  File "C:\Users\user\workfolders\imabari3dcad\.venv\lib\site-packages\httpx\_models.py", line 829, in raise_for_status
    raise HTTPStatusError(message, request=request, response=self)
httpx.HTTPStatusError: Client error '429 Too Many Requests' for url 'https://api.openai.com/v1/chat/completions'
For more information check: https://developer.mozilla.org/en-US/docs/Web/HTTP/Status/429
2025-11-04 03:14:50,945 DEBUG openai._base_client: Retrying due to status code 429
2025-11-04 03:14:50,945 DEBUG openai._base_client: 2 retries left
2025-11-04 03:14:50,945 INFO openai._base_client: Retrying request to /chat/completions in 0.831576 seconds
2025-11-04 03:14:51,106 DEBUG httpcore.http11: receive_response_headers.complete return_value=(b'HTTP/1.1', 429, b'Too Many Requests', [(b'Date', b'Mon, 03 Nov 2025 18:14:50 GMT'), (b'Content-Type', b'application/json; charset=utf-8'), (b'Content-Length', b'337'), (b'Connection', b'keep-alive'), (b'vary', b'Origin'), (b'x-request-id', b'req_5b21b7da442e4963940ebc3b7140a698'), (b'x-envoy-upstream-service-time', b'209'), (b'x-openai-proxy-wasm', b'v0.1'), (b'cf-cache-status', b'DYNAMIC'), (b'Strict-Transport-Security', b'max-age=31536000; includeSubDomains; preload'), (b'X-Content-Type-Options', b'nosniff'), (b'Server', b'cloudflare'), (b'CF-RAY', b'998dda863ceb966e-KIX'), (b'alt-svc', b'h3=":443"; ma=86400')])
2025-11-04 03:14:51,106 INFO httpx: HTTP Request: POST https://api.openai.com/v1/chat/completions "HTTP/1.1 429 Too Many Requests"
2025-11-04 03:14:51,106 DEBUG httpcore.http11: receive_response_body.started request=<Request [b'POST']>
2025-11-04 03:14:51,107 DEBUG httpcore.http11: receive_response_body.complete
2025-11-04 03:14:51,107 DEBUG httpcore.http11: response_closed.started
2025-11-04 03:14:51,107 DEBUG httpcore.http11: response_closed.complete
2025-11-04 03:14:51,107 DEBUG openai._base_client: HTTP Response: POST https://api.openai.com/v1/chat/completions "429 Too Many Requests" Headers({'date': 'Mon, 03 Nov 2025 18:14:50 GMT', 'content-type': 'application/json; charset=utf-8', 'content-length': '337', 'connection': 'keep-alive', 'vary': 'Origin', 'x-request-id': 'req_5b21b7da442e4963940ebc3b7140a698', 'x-envoy-upstream-service-time': '209', 'x-openai-proxy-wasm': 'v0.1', 'cf-cache-status': 'DYNAMIC', 'strict-transport-security': 'max-age=31536000; includeSubDomains; preload', 'x-content-type-options': 'nosniff', 'server': 'cloudflare', 'cf-ray': '998dda863ceb966e-KIX', 'alt-svc': 'h3=":443"; ma=86400'})
2025-11-04 03:14:51,107 DEBUG openai._base_client: request_id: req_5b21b7da442e4963940ebc3b7140a698
2025-11-04 03:14:51,107 DEBUG openai._base_client: Encountered httpx.HTTPStatusError
Traceback (most recent call last):
  File "C:\Users\user\workfolders\imabari3dcad\.venv\lib\site-packages\openai\_base_client.py", line 1574, in request
    response.raise_for_status()
  File "C:\Users\user\workfolders\imabari3dcad\.venv\lib\site-packages\httpx\_models.py", line 829, in raise_for_status
    raise HTTPStatusError(message, request=request, response=self)
httpx.HTTPStatusError: Client error '429 Too Many Requests' for url 'https://api.openai.com/v1/chat/completions'
For more information check: https://developer.mozilla.org/en-US/docs/Web/HTTP/Status/429
2025-11-04 03:14:51,108 DEBUG openai._base_client: Retrying due to status code 429
2025-11-04 03:14:51,108 DEBUG openai._base_client: 2 retries left
2025-11-04 03:14:51,108 INFO openai._base_client: Retrying request to /chat/completions in 0.751484 seconds
2025-11-04 03:14:51,698 DEBUG openai._base_client: Request options: {'method': 'post', 'url': '/chat/completions', 'files': None, 'idempotency_key': 'stainless-python-retry-8b1fb862-37aa-4a69-8817-fc8e9c3570d5', 'json_data': {'messages': [{'role': 'user', 'content': "Some text is provided below. Given the text, extract up to 10 knowledge triplets in the form of (subject, predicate, object). Avoid stopwords.\n---------------------\nExample:Text: Alice is Bob's mother.Triplets:\n(Alice, is mother of, Bob)\nText: Philz is a coffee shop founded in Berkeley in 1982.\nTriplets:\n(Philz, is, coffee shop)\n(Philz, founded in, Berkeley)\n(Philz, founded in, 1982)\n---------------------\nText: document_id: C:\\Users\\user\\workfolders\\imabari3dcad\\evoship\\EVOSHIP_HELP_FILES\\about_annotation.html\nsource_path: C:\\Users\\user\\workfolders\\imabari3dcad\\evoship\\EVOSHIP_HELP_FILES\\about_annotation.html\nsection_id: b44e2dce0448c0e4b08e5be898df93f6c4e4f2fc\ntitle: アノーテーション\nsection_heading: アノーテーション\nsection_level: 2\nsection_index: 0\nlast_modified: 2025-08-06T13:57:54+00:00\nextracted_at: 2025-11-03T18:14:07+00:00\ndata_source: EVOSHIP_HELP_FILES\nchunk_id: 8c3a6bbd-bcd8-4dbe-9937-93441f4e2bde\nchunk_index: 0\ntext_length: 36\nstart_char_idx: 0\nend_char_idx: 36\nnodes: [EntityNode(label='HelpDocument', embedding=None, properties={'document_id': 'C:\\\\Users\\\\user\\\\workfolders\\\\imabari3dcad\\\\evoship\\\\EVOSHIP_HELP_FILES\\\\about_annotation.html', 'source_path': 'C:\\\\Users\\\\user\\\\workfolders\\\\imabari3dcad\\\\evoship\\\\EVOSHIP_HELP_FILES\\\\about_annotation.html', 'title': 'アノーテーション', 'headings': ['アノーテーション'], 'section_count': 1, 'last_modified': '2025-08-06T13:57:54+00:00', 'extracted_at': '2025-11-03T18:14:07+00:00', 'data_source': 'EVOSHIP_HELP_FILES'}, name='C:\\\\Users\\\\user\\\\workfolders\\\\imabari3dcad\\\\evoship\\\\EVOSHIP_HELP_FILES\\\\about_annotation.html'), EntityNode(label='HelpSection', embedding=None, properties={'section_id': 'b44e2dce0448c0e4b08e5be898df93f6c4e4f2fc', 'document_id': 'C:\\\\Users\\\\user\\\\workfolders\\\\imabari3dcad\\\\evoship\\\\EVOSHIP_HELP_FILES\\\\about_annotation.html', 'source_path': 'C:\\\\Users\\\\user\\\\workfolders\\\\imabari3dcad\\\\evoship\\\\EVOSHIP_HELP_FILES\\\\about_annotation.html', 'title': 'アノーテーション', 'section_heading': 'アノーテーション', 'section_level': 2, 'section_index': 0, 'last_modified': '2025-08-06T13:57:54+00:00', 'extracted_at': '2025-11-03T18:14:07+00:00', 'data_source': 'EVOSHIP_HELP_FILES'}, name='b44e2dce0448c0e4b08e5be898df93f6c4e4f2fc'), ChunkNode(label='HelpChunk', embedding=None, properties={'chunk_id': '8c3a6bbd-bcd8-4dbe-9937-93441f4e2bde', 'document_id': 'C:\\\\Users\\\\user\\\\workfolders\\\\imabari3dcad\\\\evoship\\\\EVOSHIP_HELP_FILES\\\\about_annotation.html', 'section_id': 'b44e2dce0448c0e4b08e5be898df93f6c4e4f2fc', 'source_path': 'C:\\\\Users\\\\user\\\\workfolders\\\\imabari3dcad\\\\evoship\\\\EVOSHIP_HELP_FILES\\\\about_annotation.html', 'title': 'アノーテーション', 'section_heading': 'アノーテーション', 'section_level': 2, 'section_index': 0, 'last_modified': '2025-08-06T13:57:54+00:00', 'extracted_at': '2025-11-03T18:14:07+00:00', 'chunk_index': 0, 'text_length': 36, 'start_char_idx': 0, 'end_char_idx': 36, 'data_source': 'EVOSHIP_HELP_FILES'}, text='アノーテーション\\n\\n３次元位置や要素上に 注記 をつけることができます。', id_='8c3a6bbd-bcd8-4dbe-9937-93441f4e2bde')]\nrelations: [Relation(label='HAS_SECTION', source_id='C:\\\\Users\\\\user\\\\workfolders\\\\imabari3dcad\\\\evoship\\\\EVOSHIP_HELP_FILES\\\\about_annotation.html', target_id='b44e2dce0448c0e4b08e5be898df93f6c4e4f2fc', properties={'data_source': 'EVOSHIP_HELP_FILES'}), Relation(label='HAS_CHUNK', source_id='C:\\\\Users\\\\user\\\\workfolders\\\\imabari3dcad\\\\evoship\\\\EVOSHIP_HELP_FILES\\\\about_annotation.html', target_id='8c3a6bbd-bcd8-4dbe-9937-93441f4e2bde', properties={'data_source': 'EVOSHIP_HELP_FILES', 'section_id': 'b44e2dce0448c0e4b08e5be898df93f6c4e4f2fc', 'chunk_index': 0}), Relation(label='HAS_CHUNK', source_id='b44e2dce0448c0e4b08e5be898df93f6c4e4f2fc', target_id='8c3a6bbd-bcd8-4dbe-9937-93441f4e2bde', properties={'data_source': 'EVOSHIP_HELP_FILES', 'chunk_index': 0})]\n\nアノーテーション\n\n３次元位置や要素上に 注記 をつけることができます。\nTriplets:\n"}], 'model': 'gpt-5-nano', 'stream': False, 'temperature': 1.0}}
2025-11-04 03:14:51,699 DEBUG openai._base_client: Sending HTTP Request: POST https://api.openai.com/v1/chat/completions
2025-11-04 03:14:51,700 DEBUG openai._base_client: Request options: {'method': 'post', 'url': '/chat/completions', 'files': None, 'idempotency_key': 'stainless-python-retry-9b29b314-5c1f-4766-8f07-08595c67fbef', 'json_data': {'messages': [{'role': 'user', 'content': "Some text is provided below. Given the text, extract up to 10 knowledge triplets in the form of (subject, predicate, object). Avoid stopwords.\n---------------------\nExample:Text: Alice is Bob's mother.Triplets:\n(Alice, is mother of, Bob)\nText: Philz is a coffee shop founded in Berkeley in 1982.\nTriplets:\n(Philz, is, coffee shop)\n(Philz, founded in, Berkeley)\n(Philz, founded in, 1982)\n---------------------\nText: document_id: C:\\Users\\user\\workfolders\\imabari3dcad\\evoship\\EVOSHIP_HELP_FILES\\about_annotation_styles_list_dialog.html\nsource_path: C:\\Users\\user\\workfolders\\imabari3dcad\\evoship\\EVOSHIP_HELP_FILES\\about_annotation_styles_list_dialog.html\nsection_id: 63b6e7402b72bbc0ee5ee65317fb67b077dbc465\ntitle: 注記・寸法スタイル設定\nsection_heading: 注記・寸法スタイル設定\nsection_level: 2\nsection_index: 0\nlast_modified: 2025-08-06T13:57:54+00:00\nextracted_at: 2025-11-03T18:14:07+00:00\ndata_source: EVOSHIP_HELP_FILES\nchunk_id: eea2b71a-a3c9-4a33-ac13-47d63ed3aadc\nchunk_index: 0\ntext_length: 570\nstart_char_idx: 0\nend_char_idx: 570\nnodes: [EntityNode(label='HelpDocument', embedding=None, properties={'document_id': 'C:\\\\Users\\\\user\\\\workfolders\\\\imabari3dcad\\\\evoship\\\\EVOSHIP_HELP_FILES\\\\about_annotation_styles_list_dialog.html', 'source_path': 'C:\\\\Users\\\\user\\\\workfolders\\\\imabari3dcad\\\\evoship\\\\EVOSHIP_HELP_FILES\\\\about_annotation_styles_list_dialog.html', 'title': '注記・寸法スタイル設定', 'headings': ['注記・寸法スタイル設定', '注記スタイルの管理', '注記スタイルの作成', '適用ずみスタイルの更新'], 'section_count': 4, 'last_modified': '2025-08-06T13:57:54+00:00', 'extracted_at': '2025-11-03T18:14:07+00:00', 'data_source': 'EVOSHIP_HELP_FILES'}, name='C:\\\\Users\\\\user\\\\workfolders\\\\imabari3dcad\\\\evoship\\\\EVOSHIP_HELP_FILES\\\\about_annotation_styles_list_dialog.html'), EntityNode(label='HelpSection', embedding=None, properties={'section_id': '63b6e7402b72bbc0ee5ee65317fb67b077dbc465', 'document_id': 'C:\\\\Users\\\\user\\\\workfolders\\\\imabari3dcad\\\\evoship\\\\EVOSHIP_HELP_FILES\\\\about_annotation_styles_list_dialog.html', 'source_path': 'C:\\\\Users\\\\user\\\\workfolders\\\\imabari3dcad\\\\evoship\\\\EVOSHIP_HELP_FILES\\\\about_annotation_styles_list_dialog.html', 'title': '注記・寸法スタイル設定', 'section_heading': '注記・寸法スタイル設定', 'section_level': 2, 'section_index': 0, 'last_modified': '2025-08-06T13:57:54+00:00', 'extracted_at': '2025-11-03T18:14:07+00:00', 'data_source': 'EVOSHIP_HELP_FILES'}, name='63b6e7402b72bbc0ee5ee65317fb67b077dbc465'), ChunkNode(label='HelpChunk', embedding=None, properties={'chunk_id': 'eea2b71a-a3c9-4a33-ac13-47d63ed3aadc', 'document_id': 'C:\\\\Users\\\\user\\\\workfolders\\\\imabari3dcad\\\\evoship\\\\EVOSHIP_HELP_FILES\\\\about_annotation_styles_list_dialog.html', 'section_id': '63b6e7402b72bbc0ee5ee65317fb67b077dbc465', 'source_path': 'C:\\\\Users\\\\user\\\\workfolders\\\\imabari3dcad\\\\evoship\\\\EVOSHIP_HELP_FILES\\\\about_annotation_styles_list_dialog.html', 'title': '注記・寸法スタイル設定', 'section_heading': '注記・寸法スタイル設定', 'section_level': 2, 'section_index': 0, 'last_modified': '2025-08-06T13:57:54+00:00', 'extracted_at': '2025-11-03T18:14:07+00:00', 'chunk_index': 0, 'text_length': 570, 'start_char_idx': 0, 'end_char_idx': 570, 'data_source': 'EVOSHIP_HELP_FILES'}, text='注記・寸法スタイル設定\\n\\n注記や寸法の各種パラメータは、要素ひとつひとつに設定することもできますし、スケッチや図面にまとめてパラメータを設定しておいて、注記や寸法はみずからが属するスケッチに設定しておいたパラメータを参照するようにもできます。この「まとめて設定しておくパラメータ」のことを注記スタイルといいます。 注記スタイルの管理 「注記・寸法スタイル設定」ウィンドウで作成した注記スタイルは、システム設定として保存されます。注記スタイルをスケッチや図面に適用すると、スケッチや図面はそのスタイルのコピーを保持します。スケッチや図面にスタイルを適用してから、「注記・寸法スタイル設定」ウィンドウでそのスタイルを編集しても、スケッチや図面が保持している「コピーされた」スタイルは変更されません。 注記スタイルの作成 左側のスタイル一覧が表示されている欄でコンテキストメニューを表示し、「スタイル設定の追加」をクリックします。また、「モデルのスタイル設定を追加」をクリックすると、いま開いているモデル内のスケッチや図面が保持している注記スタイルがすべてスタイル一覧に追加されます。 また、既存のスタイルを元にして新しくスタイルを作りたい場合は、スタイルを選択してコンテキストメニューを表示し、「スタイル設定（コピー）の追加」をクリックします。', id_='eea2b71a-a3c9-4a33-ac13-47d63ed3aadc')]\nrelations: [Relation(label='HAS_SECTION', source_id='C:\\\\Users\\\\user\\\\workfolders\\\\imabari3dcad\\\\evoship\\\\EVOSHIP_HELP_FILES\\\\about_annotation_styles_list_dialog.html', target_id='63b6e7402b72bbc0ee5ee65317fb67b077dbc465', properties={'data_source': 'EVOSHIP_HELP_FILES'}), Relation(label='HAS_CHUNK', source_id='C:\\\\Users\\\\user\\\\workfolders\\\\imabari3dcad\\\\evoship\\\\EVOSHIP_HELP_FILES\\\\about_annotation_styles_list_dialog.html', target_id='eea2b71a-a3c9-4a33-ac13-47d63ed3aadc', properties={'data_source': 'EVOSHIP_HELP_FILES', 'section_id': '63b6e7402b72bbc0ee5ee65317fb67b077dbc465', 'chunk_index': 0}), Relation(label='HAS_CHUNK', source_id='63b6e7402b72bbc0ee5ee65317fb67b077dbc465', target_id='eea2b71a-a3c9-4a33-ac13-47d63ed3aadc', properties={'data_source': 'EVOSHIP_HELP_FILES', 'chunk_index': 0})]\n\n注記・寸法スタイル設定\n\n注記や寸法の各種パラメータは、要素ひとつひとつに設定することもできますし、スケッチや図面にまとめてパラメータを設定しておいて、注記や寸法はみずからが属するスケッチに設定しておいたパラメータを参照するようにもできます。この「まとめて設定しておくパラメータ」のことを注記スタイルといいます。 注記スタイルの管理 「注記・寸法スタイル設定」ウィンドウで作成した注記スタイルは、システム設定として保存されます。注記スタイルをスケッチや図面に適用すると、スケッチや図面はそのスタイルのコピーを保持します。スケッチや図面にスタイルを適用してから、「注記・寸法スタイル設定」ウィンドウでそのスタイルを編集しても、スケッチや図面が保持している「コピーされた」スタイルは変更されません。 注記スタイルの作成 左側のスタイル一覧が表示されている欄でコンテキストメニューを表示し、「スタイル設定の追加」をクリックします。また、「モデルのスタイル設定を追加」をクリックすると、いま開いているモデル内のスケッチや図面が保持している注記スタイルがすべてスタイル一覧に追加されます。 また、既存のスタイルを元にして新しくスタイルを作りたい場合は、スタイルを選択してコンテキストメニューを表示し、「スタイル設定（コピー）の追加」をクリックします。\nTriplets:\n"}], 'model': 'gpt-5-nano', 'stream': False, 'temperature': 1.0}}
2025-11-04 03:14:51,701 DEBUG openai._base_client: Sending HTTP Request: POST https://api.openai.com/v1/chat/completions
2025-11-04 03:14:51,702 DEBUG httpcore.http11: send_request_headers.started request=<Request [b'POST']>
2025-11-04 03:14:51,702 DEBUG httpcore.http11: send_request_headers.complete
2025-11-04 03:14:51,703 DEBUG httpcore.http11: send_request_body.started request=<Request [b'POST']>
2025-11-04 03:14:51,703 DEBUG httpcore.http11: send_request_body.complete
2025-11-04 03:14:51,703 DEBUG httpcore.http11: receive_response_headers.started request=<Request [b'POST']>
2025-11-04 03:14:51,703 DEBUG httpcore.http11: send_request_headers.started request=<Request [b'POST']>
2025-11-04 03:14:51,704 DEBUG httpcore.http11: send_request_headers.complete
2025-11-04 03:14:51,704 DEBUG httpcore.http11: send_request_body.started request=<Request [b'POST']>
2025-11-04 03:14:51,704 DEBUG httpcore.http11: send_request_body.complete
2025-11-04 03:14:51,704 DEBUG httpcore.http11: receive_response_headers.started request=<Request [b'POST']>
2025-11-04 03:14:51,777 DEBUG openai._base_client: Request options: {'method': 'post', 'url': '/chat/completions', 'files': None, 'idempotency_key': 'stainless-python-retry-8183269e-007f-4423-b483-5178a1664b61', 'json_data': {'messages': [{'role': 'user', 'content': "Some text is provided below. Given the text, extract up to 10 knowledge triplets in the form of (subject, predicate, object). Avoid stopwords.\n---------------------\nExample:Text: Alice is Bob's mother.Triplets:\n(Alice, is mother of, Bob)\nText: Philz is a coffee shop founded in Berkeley in 1982.\nTriplets:\n(Philz, is, coffee shop)\n(Philz, founded in, Berkeley)\n(Philz, founded in, 1982)\n---------------------\nText: document_id: C:\\Users\\user\\workfolders\\imabari3dcad\\evoship\\EVOSHIP_HELP_FILES\\about_annotation_styles_list_dialog.html\nsource_path: C:\\Users\\user\\workfolders\\imabari3dcad\\evoship\\EVOSHIP_HELP_FILES\\about_annotation_styles_list_dialog.html\nsection_id: 71bd4ac5cfe31b1a99355b3e4d691c83deea1ffc\ntitle: 注記・寸法スタイル設定\nsection_heading: 注記スタイルの管理\nsection_level: 3\nsection_index: 1\nlast_modified: 2025-08-06T13:57:54+00:00\nextracted_at: 2025-11-03T18:14:07+00:00\ndata_source: EVOSHIP_HELP_FILES\nchunk_id: 95ba70c0-d17d-410a-b4f4-4ef46d8a0f92\nchunk_index: 0\ntext_length: 191\nstart_char_idx: 0\nend_char_idx: 191\nnodes: [EntityNode(label='HelpDocument', embedding=None, properties={'document_id': 'C:\\\\Users\\\\user\\\\workfolders\\\\imabari3dcad\\\\evoship\\\\EVOSHIP_HELP_FILES\\\\about_annotation_styles_list_dialog.html', 'source_path': 'C:\\\\Users\\\\user\\\\workfolders\\\\imabari3dcad\\\\evoship\\\\EVOSHIP_HELP_FILES\\\\about_annotation_styles_list_dialog.html', 'title': '注記・寸法スタイル設定', 'headings': ['注記・寸法スタイル設定', '注記スタイルの管理', '注記スタイルの作成', '適用ずみスタイルの更新'], 'section_count': 4, 'last_modified': '2025-08-06T13:57:54+00:00', 'extracted_at': '2025-11-03T18:14:07+00:00', 'data_source': 'EVOSHIP_HELP_FILES'}, name='C:\\\\Users\\\\user\\\\workfolders\\\\imabari3dcad\\\\evoship\\\\EVOSHIP_HELP_FILES\\\\about_annotation_styles_list_dialog.html'), EntityNode(label='HelpSection', embedding=None, properties={'section_id': '71bd4ac5cfe31b1a99355b3e4d691c83deea1ffc', 'document_id': 'C:\\\\Users\\\\user\\\\workfolders\\\\imabari3dcad\\\\evoship\\\\EVOSHIP_HELP_FILES\\\\about_annotation_styles_list_dialog.html', 'source_path': 'C:\\\\Users\\\\user\\\\workfolders\\\\imabari3dcad\\\\evoship\\\\EVOSHIP_HELP_FILES\\\\about_annotation_styles_list_dialog.html', 'title': '注記・寸法スタイル設定', 'section_heading': '注記スタイルの管理', 'section_level': 3, 'section_index': 1, 'last_modified': '2025-08-06T13:57:54+00:00', 'extracted_at': '2025-11-03T18:14:07+00:00', 'data_source': 'EVOSHIP_HELP_FILES'}, name='71bd4ac5cfe31b1a99355b3e4d691c83deea1ffc'), ChunkNode(label='HelpChunk', embedding=None, properties={'chunk_id': '95ba70c0-d17d-410a-b4f4-4ef46d8a0f92', 'document_id': 'C:\\\\Users\\\\user\\\\workfolders\\\\imabari3dcad\\\\evoship\\\\EVOSHIP_HELP_FILES\\\\about_annotation_styles_list_dialog.html', 'section_id': '71bd4ac5cfe31b1a99355b3e4d691c83deea1ffc', 'source_path': 'C:\\\\Users\\\\user\\\\workfolders\\\\imabari3dcad\\\\evoship\\\\EVOSHIP_HELP_FILES\\\\about_annotation_styles_list_dialog.html', 'title': '注記・寸法スタイル設定', 'section_heading': '注記スタイルの管理', 'section_level': 3, 'section_index': 1, 'last_modified': '2025-08-06T13:57:54+00:00', 'extracted_at': '2025-11-03T18:14:07+00:00', 'chunk_index': 0, 'text_length': 191, 'start_char_idx': 0, 'end_char_idx': 191, 'data_source': 'EVOSHIP_HELP_FILES'}, text='注記スタイルの管理\\n\\n「注記・寸法スタイル設定」ウィンドウで作成した注記スタイルは、システム設定として保存されます。注記スタイルをスケッチや図面に適用すると、スケッチや図面はそのスタイルのコピーを保持します。スケッチや図面にスタイルを適用してから、「注記・寸法スタイル設定」ウィンドウでそのスタイルを編集しても、スケッチや図面が保持している「コピーされた」スタイルは変更されません。', id_='95ba70c0-d17d-410a-b4f4-4ef46d8a0f92')]\nrelations: [Relation(label='HAS_SECTION', source_id='C:\\\\Users\\\\user\\\\workfolders\\\\imabari3dcad\\\\evoship\\\\EVOSHIP_HELP_FILES\\\\about_annotation_styles_list_dialog.html', target_id='71bd4ac5cfe31b1a99355b3e4d691c83deea1ffc', properties={'data_source': 'EVOSHIP_HELP_FILES'}), Relation(label='HAS_CHUNK', source_id='C:\\\\Users\\\\user\\\\workfolders\\\\imabari3dcad\\\\evoship\\\\EVOSHIP_HELP_FILES\\\\about_annotation_styles_list_dialog.html', target_id='95ba70c0-d17d-410a-b4f4-4ef46d8a0f92', properties={'data_source': 'EVOSHIP_HELP_FILES', 'section_id': '71bd4ac5cfe31b1a99355b3e4d691c83deea1ffc', 'chunk_index': 0}), Relation(label='HAS_CHUNK', source_id='71bd4ac5cfe31b1a99355b3e4d691c83deea1ffc', target_id='95ba70c0-d17d-410a-b4f4-4ef46d8a0f92', properties={'data_source': 'EVOSHIP_HELP_FILES', 'chunk_index': 0})]\n\n注記スタイルの管理\n\n「注記・寸法スタイル設定」ウィンドウで作成した注記スタイルは、システム設定として保存されます。注記スタイルをスケッチや図面に適用すると、スケッチや図面はそのスタイルのコピーを保持します。スケッチや図面にスタイルを適用してから、「注記・寸法スタイル設定」ウィンドウでそのスタイルを編集しても、スケッチや図面が保持している「コピーされた」スタイルは変更されません。\nTriplets:\n"}], 'model': 'gpt-5-nano', 'stream': False, 'temperature': 1.0}}
2025-11-04 03:14:51,778 DEBUG openai._base_client: Sending HTTP Request: POST https://api.openai.com/v1/chat/completions
2025-11-04 03:14:51,779 DEBUG httpcore.http11: send_request_headers.started request=<Request [b'POST']>
2025-11-04 03:14:51,779 DEBUG httpcore.http11: send_request_headers.complete
2025-11-04 03:14:51,779 DEBUG httpcore.http11: send_request_body.started request=<Request [b'POST']>
2025-11-04 03:14:51,780 DEBUG httpcore.http11: send_request_body.complete
2025-11-04 03:14:51,780 DEBUG httpcore.http11: receive_response_headers.started request=<Request [b'POST']>
2025-11-04 03:14:51,873 DEBUG openai._base_client: Request options: {'method': 'post', 'url': '/chat/completions', 'files': None, 'idempotency_key': 'stainless-python-retry-db260008-3498-431b-9e1e-cdbcd7f16c61', 'json_data': {'messages': [{'role': 'user', 'content': "Some text is provided below. Given the text, extract up to 10 knowledge triplets in the form of (subject, predicate, object). Avoid stopwords.\n---------------------\nExample:Text: Alice is Bob's mother.Triplets:\n(Alice, is mother of, Bob)\nText: Philz is a coffee shop founded in Berkeley in 1982.\nTriplets:\n(Philz, is, coffee shop)\n(Philz, founded in, Berkeley)\n(Philz, founded in, 1982)\n---------------------\nText: document_id: C:\\Users\\user\\workfolders\\imabari3dcad\\evoship\\EVOSHIP_HELP_FILES\\about_annotation_styles_list_dialog.html\nsource_path: C:\\Users\\user\\workfolders\\imabari3dcad\\evoship\\EVOSHIP_HELP_FILES\\about_annotation_styles_list_dialog.html\nsection_id: 63b6e7402b72bbc0ee5ee65317fb67b077dbc465\ntitle: 注記・寸法スタイル設定\nsection_heading: 注記・寸法スタイル設定\nsection_level: 2\nsection_index: 0\nlast_modified: 2025-08-06T13:57:54+00:00\nextracted_at: 2025-11-03T18:14:07+00:00\ndata_source: EVOSHIP_HELP_FILES\nchunk_id: 022e3c79-4d57-4793-869b-5bc5afbfd59c\nchunk_index: 1\ntext_length: 330\nstart_char_idx: 490\nend_char_idx: 820\nnodes: [EntityNode(label='HelpDocument', embedding=None, properties={'document_id': 'C:\\\\Users\\\\user\\\\workfolders\\\\imabari3dcad\\\\evoship\\\\EVOSHIP_HELP_FILES\\\\about_annotation_styles_list_dialog.html', 'source_path': 'C:\\\\Users\\\\user\\\\workfolders\\\\imabari3dcad\\\\evoship\\\\EVOSHIP_HELP_FILES\\\\about_annotation_styles_list_dialog.html', 'title': '注記・寸法スタイル設定', 'headings': ['注記・寸法スタイル設定', '注記スタイルの管理', '注記スタイルの作成', '適用ずみスタイルの更新'], 'section_count': 4, 'last_modified': '2025-08-06T13:57:54+00:00', 'extracted_at': '2025-11-03T18:14:07+00:00', 'data_source': 'EVOSHIP_HELP_FILES'}, name='C:\\\\Users\\\\user\\\\workfolders\\\\imabari3dcad\\\\evoship\\\\EVOSHIP_HELP_FILES\\\\about_annotation_styles_list_dialog.html'), EntityNode(label='HelpSection', embedding=None, properties={'section_id': '63b6e7402b72bbc0ee5ee65317fb67b077dbc465', 'document_id': 'C:\\\\Users\\\\user\\\\workfolders\\\\imabari3dcad\\\\evoship\\\\EVOSHIP_HELP_FILES\\\\about_annotation_styles_list_dialog.html', 'source_path': 'C:\\\\Users\\\\user\\\\workfolders\\\\imabari3dcad\\\\evoship\\\\EVOSHIP_HELP_FILES\\\\about_annotation_styles_list_dialog.html', 'title': '注記・寸法スタイル設定', 'section_heading': '注記・寸法スタイル設定', 'section_level': 2, 'section_index': 0, 'last_modified': '2025-08-06T13:57:54+00:00', 'extracted_at': '2025-11-03T18:14:07+00:00', 'data_source': 'EVOSHIP_HELP_FILES'}, name='63b6e7402b72bbc0ee5ee65317fb67b077dbc465'), ChunkNode(label='HelpChunk', embedding=None, properties={'chunk_id': '022e3c79-4d57-4793-869b-5bc5afbfd59c', 'document_id': 'C:\\\\Users\\\\user\\\\workfolders\\\\imabari3dcad\\\\evoship\\\\EVOSHIP_HELP_FILES\\\\about_annotation_styles_list_dialog.html', 'section_id': '63b6e7402b72bbc0ee5ee65317fb67b077dbc465', 'source_path': 'C:\\\\Users\\\\user\\\\workfolders\\\\imabari3dcad\\\\evoship\\\\EVOSHIP_HELP_FILES\\\\about_annotation_styles_list_dialog.html', 'title': '注記・寸法スタイル設定', 'section_heading': '注記・寸法スタイル設定', 'section_level': 2, 'section_index': 0, 'last_modified': '2025-08-06T13:57:54+00:00', 'extracted_at': '2025-11-03T18:14:07+00:00', 'chunk_index': 1, 'text_length': 330, 'start_char_idx': 490, 'end_char_idx': 820, 'data_source': 'EVOSHIP_HELP_FILES'}, text='また、既存のスタイルを元にして新しくスタイルを作りたい場合は、スタイルを選択してコンテキストメニューを表示し、「スタイル設定（コピー）の追加」をクリックします。 適用ずみスタイルの更新 ウィンドウ右下の「モデルの更新」ボタンをクリックすると、「注記・寸法スタイル設定」ウィンドウで管理している（システム設定として保存されている）各スタイルについて、スケッチや図面に適用ずみのスタイルで同名のものがあると、その適用ずみスタイルをシステム設定のスタイルで上書きします。 スタイル一覧に同名のスタイルが複数存在すると、それらのうちひとつだけが適用ずみスタイルの上書きに使われて、残りは無視されてしまいます。同名のスタイルを作るのはできるだけ避けるようにしてください。', id_='022e3c79-4d57-4793-869b-5bc5afbfd59c')]\nrelations: [Relation(label='HAS_SECTION', source_id='C:\\\\Users\\\\user\\\\workfolders\\\\imabari3dcad\\\\evoship\\\\EVOSHIP_HELP_FILES\\\\about_annotation_styles_list_dialog.html', target_id='63b6e7402b72bbc0ee5ee65317fb67b077dbc465', properties={'data_source': 'EVOSHIP_HELP_FILES'}), Relation(label='HAS_CHUNK', source_id='C:\\\\Users\\\\user\\\\workfolders\\\\imabari3dcad\\\\evoship\\\\EVOSHIP_HELP_FILES\\\\about_annotation_styles_list_dialog.html', target_id='022e3c79-4d57-4793-869b-5bc5afbfd59c', properties={'data_source': 'EVOSHIP_HELP_FILES', 'section_id': '63b6e7402b72bbc0ee5ee65317fb67b077dbc465', 'chunk_index': 1}), Relation(label='HAS_CHUNK', source_id='63b6e7402b72bbc0ee5ee65317fb67b077dbc465', target_id='022e3c79-4d57-4793-869b-5bc5afbfd59c', properties={'data_source': 'EVOSHIP_HELP_FILES', 'chunk_index': 1})]\n\nまた、既存のスタイルを元にして新しくスタイルを作りたい場合は、スタイルを選択してコンテキストメニューを表示し、「スタイル設定（コピー）の追加」をクリックします。 適用ずみスタイルの更新 ウィンドウ右下の「モデルの更新」ボタンをクリックすると、「注記・寸法スタイル設定」ウィンドウで管理している（システム設定として保存されている）各スタイルについて、スケッチや図面に適用ずみのスタイルで同名のものがあると、その適用ずみスタイルをシステム設定のスタイルで上書きします。 スタイル一覧に同名のスタイルが複数存在すると、それらのうちひとつだけが適用ずみスタイルの上書きに使われて、残りは無視されてしまいます。同名のスタイルを作るのはできるだけ避けるようにしてください。\nTriplets:\n"}], 'model': 'gpt-5-nano', 'stream': False, 'temperature': 1.0}}
2025-11-04 03:14:51,875 DEBUG openai._base_client: Sending HTTP Request: POST https://api.openai.com/v1/chat/completions
2025-11-04 03:14:51,876 DEBUG httpcore.http11: send_request_headers.started request=<Request [b'POST']>
2025-11-04 03:14:51,877 DEBUG httpcore.http11: send_request_headers.complete
2025-11-04 03:14:51,877 DEBUG httpcore.http11: send_request_body.started request=<Request [b'POST']>
2025-11-04 03:14:51,878 DEBUG httpcore.http11: send_request_body.complete
2025-11-04 03:14:51,878 DEBUG httpcore.http11: receive_response_headers.started request=<Request [b'POST']>
2025-11-04 03:14:51,894 DEBUG httpcore.http11: receive_response_headers.complete return_value=(b'HTTP/1.1', 429, b'Too Many Requests', [(b'Date', b'Mon, 03 Nov 2025 18:14:51 GMT'), (b'Content-Type', b'application/json; charset=utf-8'), (b'Content-Length', b'337'), (b'Connection', b'keep-alive'), (b'vary', b'Origin'), (b'x-request-id', b'req_b904788ef9cd4530989ca71b54d1cd58'), (b'x-envoy-upstream-service-time', b'9'), (b'x-openai-proxy-wasm', b'v0.1'), (b'cf-cache-status', b'DYNAMIC'), (b'Strict-Transport-Security', b'max-age=31536000; includeSubDomains; preload'), (b'X-Content-Type-Options', b'nosniff'), (b'Server', b'cloudflare'), (b'CF-RAY', b'998dda8c7ed88373-KIX'), (b'alt-svc', b'h3=":443"; ma=86400')])
2025-11-04 03:14:51,895 INFO httpx: HTTP Request: POST https://api.openai.com/v1/chat/completions "HTTP/1.1 429 Too Many Requests"
2025-11-04 03:14:51,895 DEBUG httpcore.http11: receive_response_body.started request=<Request [b'POST']>
2025-11-04 03:14:51,895 DEBUG httpcore.http11: receive_response_body.complete
2025-11-04 03:14:51,895 DEBUG httpcore.http11: response_closed.started
2025-11-04 03:14:51,895 DEBUG httpcore.http11: response_closed.complete
2025-11-04 03:14:51,896 DEBUG openai._base_client: HTTP Response: POST https://api.openai.com/v1/chat/completions "429 Too Many Requests" Headers({'date': 'Mon, 03 Nov 2025 18:14:51 GMT', 'content-type': 'application/json; charset=utf-8', 'content-length': '337', 'connection': 'keep-alive', 'vary': 'Origin', 'x-request-id': 'req_b904788ef9cd4530989ca71b54d1cd58', 'x-envoy-upstream-service-time': '9', 'x-openai-proxy-wasm': 'v0.1', 'cf-cache-status': 'DYNAMIC', 'strict-transport-security': 'max-age=31536000; includeSubDomains; preload', 'x-content-type-options': 'nosniff', 'server': 'cloudflare', 'cf-ray': '998dda8c7ed88373-KIX', 'alt-svc': 'h3=":443"; ma=86400'})
2025-11-04 03:14:51,896 DEBUG openai._base_client: request_id: req_b904788ef9cd4530989ca71b54d1cd58
2025-11-04 03:14:51,896 DEBUG openai._base_client: Encountered httpx.HTTPStatusError
Traceback (most recent call last):
  File "C:\Users\user\workfolders\imabari3dcad\.venv\lib\site-packages\openai\_base_client.py", line 1574, in request
    response.raise_for_status()
  File "C:\Users\user\workfolders\imabari3dcad\.venv\lib\site-packages\httpx\_models.py", line 829, in raise_for_status
    raise HTTPStatusError(message, request=request, response=self)
httpx.HTTPStatusError: Client error '429 Too Many Requests' for url 'https://api.openai.com/v1/chat/completions'
For more information check: https://developer.mozilla.org/en-US/docs/Web/HTTP/Status/429
2025-11-04 03:14:51,896 DEBUG openai._base_client: Retrying due to status code 429
2025-11-04 03:14:51,897 DEBUG openai._base_client: 1 retry left
2025-11-04 03:14:51,897 INFO openai._base_client: Retrying request to /chat/completions in 1.888105 seconds
2025-11-04 03:14:51,898 DEBUG httpcore.http11: receive_response_headers.complete return_value=(b'HTTP/1.1', 429, b'Too Many Requests', [(b'Date', b'Mon, 03 Nov 2025 18:14:51 GMT'), (b'Content-Type', b'application/json; charset=utf-8'), (b'Content-Length', b'337'), (b'Connection', b'keep-alive'), (b'vary', b'Origin'), (b'x-request-id', b'req_96044ca6841d459db2cd43d886694e8e'), (b'x-envoy-upstream-service-time', b'10'), (b'x-openai-proxy-wasm', b'v0.1'), (b'cf-cache-status', b'DYNAMIC'), (b'Strict-Transport-Security', b'max-age=31536000; includeSubDomains; preload'), (b'X-Content-Type-Options', b'nosniff'), (b'Server', b'cloudflare'), (b'CF-RAY', b'998dda8c6b4bbe06-KIX'), (b'alt-svc', b'h3=":443"; ma=86400')])
2025-11-04 03:14:51,899 INFO httpx: HTTP Request: POST https://api.openai.com/v1/chat/completions "HTTP/1.1 429 Too Many Requests"
2025-11-04 03:14:51,899 DEBUG httpcore.http11: receive_response_body.started request=<Request [b'POST']>
2025-11-04 03:14:51,899 DEBUG httpcore.http11: receive_response_body.complete
2025-11-04 03:14:51,899 DEBUG httpcore.http11: response_closed.started
2025-11-04 03:14:51,899 DEBUG httpcore.http11: response_closed.complete
2025-11-04 03:14:51,900 DEBUG openai._base_client: HTTP Response: POST https://api.openai.com/v1/chat/completions "429 Too Many Requests" Headers({'date': 'Mon, 03 Nov 2025 18:14:51 GMT', 'content-type': 'application/json; charset=utf-8', 'content-length': '337', 'connection': 'keep-alive', 'vary': 'Origin', 'x-request-id': 'req_96044ca6841d459db2cd43d886694e8e', 'x-envoy-upstream-service-time': '10', 'x-openai-proxy-wasm': 'v0.1', 'cf-cache-status': 'DYNAMIC', 'strict-transport-security': 'max-age=31536000; includeSubDomains; preload', 'x-content-type-options': 'nosniff', 'server': 'cloudflare', 'cf-ray': '998dda8c6b4bbe06-KIX', 'alt-svc': 'h3=":443"; ma=86400'})
2025-11-04 03:14:51,900 DEBUG openai._base_client: request_id: req_96044ca6841d459db2cd43d886694e8e
2025-11-04 03:14:51,900 DEBUG openai._base_client: Encountered httpx.HTTPStatusError
Traceback (most recent call last):
  File "C:\Users\user\workfolders\imabari3dcad\.venv\lib\site-packages\openai\_base_client.py", line 1574, in request
    response.raise_for_status()
  File "C:\Users\user\workfolders\imabari3dcad\.venv\lib\site-packages\httpx\_models.py", line 829, in raise_for_status
    raise HTTPStatusError(message, request=request, response=self)
httpx.HTTPStatusError: Client error '429 Too Many Requests' for url 'https://api.openai.com/v1/chat/completions'
For more information check: https://developer.mozilla.org/en-US/docs/Web/HTTP/Status/429
2025-11-04 03:14:51,900 DEBUG openai._base_client: Retrying due to status code 429
2025-11-04 03:14:51,900 DEBUG openai._base_client: 1 retry left
2025-11-04 03:14:51,900 INFO openai._base_client: Retrying request to /chat/completions in 1.621734 seconds
2025-11-04 03:14:51,978 DEBUG httpcore.http11: receive_response_headers.complete return_value=(b'HTTP/1.1', 429, b'Too Many Requests', [(b'Date', b'Mon, 03 Nov 2025 18:14:51 GMT'), (b'Content-Type', b'application/json; charset=utf-8'), (b'Content-Length', b'337'), (b'Connection', b'keep-alive'), (b'vary', b'Origin'), (b'x-request-id', b'req_aadfcb318db64389ae809b319dbb35ac'), (b'x-envoy-upstream-service-time', b'8'), (b'x-openai-proxy-wasm', b'v0.1'), (b'cf-cache-status', b'DYNAMIC'), (b'Strict-Transport-Security', b'max-age=31536000; includeSubDomains; preload'), (b'X-Content-Type-Options', b'nosniff'), (b'Server', b'cloudflare'), (b'CF-RAY', b'998dda8cef6a966e-KIX'), (b'alt-svc', b'h3=":443"; ma=86400')])
2025-11-04 03:14:51,979 INFO httpx: HTTP Request: POST https://api.openai.com/v1/chat/completions "HTTP/1.1 429 Too Many Requests"
2025-11-04 03:14:51,979 DEBUG httpcore.http11: receive_response_body.started request=<Request [b'POST']>
2025-11-04 03:14:51,979 DEBUG httpcore.http11: receive_response_body.complete
2025-11-04 03:14:51,979 DEBUG httpcore.http11: response_closed.started
2025-11-04 03:14:51,979 DEBUG httpcore.http11: response_closed.complete
2025-11-04 03:14:51,980 DEBUG openai._base_client: HTTP Response: POST https://api.openai.com/v1/chat/completions "429 Too Many Requests" Headers({'date': 'Mon, 03 Nov 2025 18:14:51 GMT', 'content-type': 'application/json; charset=utf-8', 'content-length': '337', 'connection': 'keep-alive', 'vary': 'Origin', 'x-request-id': 'req_aadfcb318db64389ae809b319dbb35ac', 'x-envoy-upstream-service-time': '8', 'x-openai-proxy-wasm': 'v0.1', 'cf-cache-status': 'DYNAMIC', 'strict-transport-security': 'max-age=31536000; includeSubDomains; preload', 'x-content-type-options': 'nosniff', 'server': 'cloudflare', 'cf-ray': '998dda8cef6a966e-KIX', 'alt-svc': 'h3=":443"; ma=86400'})
2025-11-04 03:14:51,980 DEBUG openai._base_client: request_id: req_aadfcb318db64389ae809b319dbb35ac
2025-11-04 03:14:51,980 DEBUG openai._base_client: Encountered httpx.HTTPStatusError
Traceback (most recent call last):
  File "C:\Users\user\workfolders\imabari3dcad\.venv\lib\site-packages\openai\_base_client.py", line 1574, in request
    response.raise_for_status()
  File "C:\Users\user\workfolders\imabari3dcad\.venv\lib\site-packages\httpx\_models.py", line 829, in raise_for_status
    raise HTTPStatusError(message, request=request, response=self)
httpx.HTTPStatusError: Client error '429 Too Many Requests' for url 'https://api.openai.com/v1/chat/completions'
For more information check: https://developer.mozilla.org/en-US/docs/Web/HTTP/Status/429
2025-11-04 03:14:51,980 DEBUG openai._base_client: Retrying due to status code 429
2025-11-04 03:14:51,980 DEBUG openai._base_client: 1 retry left
2025-11-04 03:14:51,980 INFO openai._base_client: Retrying request to /chat/completions in 1.904502 seconds
2025-11-04 03:14:52,236 DEBUG httpcore.http11: receive_response_headers.complete return_value=(b'HTTP/1.1', 429, b'Too Many Requests', [(b'Date', b'Mon, 03 Nov 2025 18:14:52 GMT'), (b'Content-Type', b'application/json; charset=utf-8'), (b'Content-Length', b'337'), (b'Connection', b'keep-alive'), (b'vary', b'Origin'), (b'x-request-id', b'req_88c7bad4eea446bf8f81d0495cc1957d'), (b'x-envoy-upstream-service-time', b'180'), (b'x-openai-proxy-wasm', b'v0.1'), (b'cf-cache-status', b'DYNAMIC'), (b'Strict-Transport-Security', b'max-age=31536000; includeSubDomains; preload'), (b'X-Content-Type-Options', b'nosniff'), (b'Server', b'cloudflare'), (b'CF-RAY', b'998dda8d8be9e744-KIX'), (b'alt-svc', b'h3=":443"; ma=86400')])
2025-11-04 03:14:52,236 INFO httpx: HTTP Request: POST https://api.openai.com/v1/chat/completions "HTTP/1.1 429 Too Many Requests"
2025-11-04 03:14:52,236 DEBUG httpcore.http11: receive_response_body.started request=<Request [b'POST']>
2025-11-04 03:14:52,236 DEBUG httpcore.http11: receive_response_body.complete
2025-11-04 03:14:52,236 DEBUG httpcore.http11: response_closed.started
2025-11-04 03:14:52,237 DEBUG httpcore.http11: response_closed.complete
2025-11-04 03:14:52,237 DEBUG openai._base_client: HTTP Response: POST https://api.openai.com/v1/chat/completions "429 Too Many Requests" Headers({'date': 'Mon, 03 Nov 2025 18:14:52 GMT', 'content-type': 'application/json; charset=utf-8', 'content-length': '337', 'connection': 'keep-alive', 'vary': 'Origin', 'x-request-id': 'req_88c7bad4eea446bf8f81d0495cc1957d', 'x-envoy-upstream-service-time': '180', 'x-openai-proxy-wasm': 'v0.1', 'cf-cache-status': 'DYNAMIC', 'strict-transport-security': 'max-age=31536000; includeSubDomains; preload', 'x-content-type-options': 'nosniff', 'server': 'cloudflare', 'cf-ray': '998dda8d8be9e744-KIX', 'alt-svc': 'h3=":443"; ma=86400'})
2025-11-04 03:14:52,237 DEBUG openai._base_client: request_id: req_88c7bad4eea446bf8f81d0495cc1957d
2025-11-04 03:14:52,237 DEBUG openai._base_client: Encountered httpx.HTTPStatusError
Traceback (most recent call last):
  File "C:\Users\user\workfolders\imabari3dcad\.venv\lib\site-packages\openai\_base_client.py", line 1574, in request
    response.raise_for_status()
  File "C:\Users\user\workfolders\imabari3dcad\.venv\lib\site-packages\httpx\_models.py", line 829, in raise_for_status
    raise HTTPStatusError(message, request=request, response=self)
httpx.HTTPStatusError: Client error '429 Too Many Requests' for url 'https://api.openai.com/v1/chat/completions'
For more information check: https://developer.mozilla.org/en-US/docs/Web/HTTP/Status/429
2025-11-04 03:14:52,238 DEBUG openai._base_client: Retrying due to status code 429
2025-11-04 03:14:52,238 DEBUG openai._base_client: 1 retry left
2025-11-04 03:14:52,238 INFO openai._base_client: Retrying request to /chat/completions in 1.955946 seconds
2025-11-04 03:14:53,530 DEBUG openai._base_client: Request options: {'method': 'post', 'url': '/chat/completions', 'files': None, 'idempotency_key': 'stainless-python-retry-8b1fb862-37aa-4a69-8817-fc8e9c3570d5', 'json_data': {'messages': [{'role': 'user', 'content': "Some text is provided below. Given the text, extract up to 10 knowledge triplets in the form of (subject, predicate, object). Avoid stopwords.\n---------------------\nExample:Text: Alice is Bob's mother.Triplets:\n(Alice, is mother of, Bob)\nText: Philz is a coffee shop founded in Berkeley in 1982.\nTriplets:\n(Philz, is, coffee shop)\n(Philz, founded in, Berkeley)\n(Philz, founded in, 1982)\n---------------------\nText: document_id: C:\\Users\\user\\workfolders\\imabari3dcad\\evoship\\EVOSHIP_HELP_FILES\\about_annotation.html\nsource_path: C:\\Users\\user\\workfolders\\imabari3dcad\\evoship\\EVOSHIP_HELP_FILES\\about_annotation.html\nsection_id: b44e2dce0448c0e4b08e5be898df93f6c4e4f2fc\ntitle: アノーテーション\nsection_heading: アノーテーション\nsection_level: 2\nsection_index: 0\nlast_modified: 2025-08-06T13:57:54+00:00\nextracted_at: 2025-11-03T18:14:07+00:00\ndata_source: EVOSHIP_HELP_FILES\nchunk_id: 8c3a6bbd-bcd8-4dbe-9937-93441f4e2bde\nchunk_index: 0\ntext_length: 36\nstart_char_idx: 0\nend_char_idx: 36\nnodes: [EntityNode(label='HelpDocument', embedding=None, properties={'document_id': 'C:\\\\Users\\\\user\\\\workfolders\\\\imabari3dcad\\\\evoship\\\\EVOSHIP_HELP_FILES\\\\about_annotation.html', 'source_path': 'C:\\\\Users\\\\user\\\\workfolders\\\\imabari3dcad\\\\evoship\\\\EVOSHIP_HELP_FILES\\\\about_annotation.html', 'title': 'アノーテーション', 'headings': ['アノーテーション'], 'section_count': 1, 'last_modified': '2025-08-06T13:57:54+00:00', 'extracted_at': '2025-11-03T18:14:07+00:00', 'data_source': 'EVOSHIP_HELP_FILES'}, name='C:\\\\Users\\\\user\\\\workfolders\\\\imabari3dcad\\\\evoship\\\\EVOSHIP_HELP_FILES\\\\about_annotation.html'), EntityNode(label='HelpSection', embedding=None, properties={'section_id': 'b44e2dce0448c0e4b08e5be898df93f6c4e4f2fc', 'document_id': 'C:\\\\Users\\\\user\\\\workfolders\\\\imabari3dcad\\\\evoship\\\\EVOSHIP_HELP_FILES\\\\about_annotation.html', 'source_path': 'C:\\\\Users\\\\user\\\\workfolders\\\\imabari3dcad\\\\evoship\\\\EVOSHIP_HELP_FILES\\\\about_annotation.html', 'title': 'アノーテーション', 'section_heading': 'アノーテーション', 'section_level': 2, 'section_index': 0, 'last_modified': '2025-08-06T13:57:54+00:00', 'extracted_at': '2025-11-03T18:14:07+00:00', 'data_source': 'EVOSHIP_HELP_FILES'}, name='b44e2dce0448c0e4b08e5be898df93f6c4e4f2fc'), ChunkNode(label='HelpChunk', embedding=None, properties={'chunk_id': '8c3a6bbd-bcd8-4dbe-9937-93441f4e2bde', 'document_id': 'C:\\\\Users\\\\user\\\\workfolders\\\\imabari3dcad\\\\evoship\\\\EVOSHIP_HELP_FILES\\\\about_annotation.html', 'section_id': 'b44e2dce0448c0e4b08e5be898df93f6c4e4f2fc', 'source_path': 'C:\\\\Users\\\\user\\\\workfolders\\\\imabari3dcad\\\\evoship\\\\EVOSHIP_HELP_FILES\\\\about_annotation.html', 'title': 'アノーテーション', 'section_heading': 'アノーテーション', 'section_level': 2, 'section_index': 0, 'last_modified': '2025-08-06T13:57:54+00:00', 'extracted_at': '2025-11-03T18:14:07+00:00', 'chunk_index': 0, 'text_length': 36, 'start_char_idx': 0, 'end_char_idx': 36, 'data_source': 'EVOSHIP_HELP_FILES'}, text='アノーテーション\\n\\n３次元位置や要素上に 注記 をつけることができます。', id_='8c3a6bbd-bcd8-4dbe-9937-93441f4e2bde')]\nrelations: [Relation(label='HAS_SECTION', source_id='C:\\\\Users\\\\user\\\\workfolders\\\\imabari3dcad\\\\evoship\\\\EVOSHIP_HELP_FILES\\\\about_annotation.html', target_id='b44e2dce0448c0e4b08e5be898df93f6c4e4f2fc', properties={'data_source': 'EVOSHIP_HELP_FILES'}), Relation(label='HAS_CHUNK', source_id='C:\\\\Users\\\\user\\\\workfolders\\\\imabari3dcad\\\\evoship\\\\EVOSHIP_HELP_FILES\\\\about_annotation.html', target_id='8c3a6bbd-bcd8-4dbe-9937-93441f4e2bde', properties={'data_source': 'EVOSHIP_HELP_FILES', 'section_id': 'b44e2dce0448c0e4b08e5be898df93f6c4e4f2fc', 'chunk_index': 0}), Relation(label='HAS_CHUNK', source_id='b44e2dce0448c0e4b08e5be898df93f6c4e4f2fc', target_id='8c3a6bbd-bcd8-4dbe-9937-93441f4e2bde', properties={'data_source': 'EVOSHIP_HELP_FILES', 'chunk_index': 0})]\n\nアノーテーション\n\n３次元位置や要素上に 注記 をつけることができます。\nTriplets:\n"}], 'model': 'gpt-5-nano', 'stream': False, 'temperature': 1.0}}
2025-11-04 03:14:53,532 DEBUG openai._base_client: Sending HTTP Request: POST https://api.openai.com/v1/chat/completions
2025-11-04 03:14:53,533 DEBUG httpcore.http11: send_request_headers.started request=<Request [b'POST']>
2025-11-04 03:14:53,534 DEBUG httpcore.http11: send_request_headers.complete
2025-11-04 03:14:53,534 DEBUG httpcore.http11: send_request_body.started request=<Request [b'POST']>
2025-11-04 03:14:53,534 DEBUG httpcore.http11: send_request_body.complete
2025-11-04 03:14:53,534 DEBUG httpcore.http11: receive_response_headers.started request=<Request [b'POST']>
2025-11-04 03:14:53,717 DEBUG httpcore.http11: receive_response_headers.complete return_value=(b'HTTP/1.1', 429, b'Too Many Requests', [(b'Date', b'Mon, 03 Nov 2025 18:14:53 GMT'), (b'Content-Type', b'application/json; charset=utf-8'), (b'Content-Length', b'337'), (b'Connection', b'keep-alive'), (b'vary', b'Origin'), (b'x-request-id', b'req_10d8d7607c7440eaa3477c403e77d6cc'), (b'x-envoy-upstream-service-time', b'2'), (b'x-openai-proxy-wasm', b'v0.1'), (b'cf-cache-status', b'DYNAMIC'), (b'Strict-Transport-Security', b'max-age=31536000; includeSubDomains; preload'), (b'X-Content-Type-Options', b'nosniff'), (b'Server', b'cloudflare'), (b'CF-RAY', b'998dda97df6abe06-KIX'), (b'alt-svc', b'h3=":443"; ma=86400')])
2025-11-04 03:14:53,717 INFO httpx: HTTP Request: POST https://api.openai.com/v1/chat/completions "HTTP/1.1 429 Too Many Requests"
2025-11-04 03:14:53,718 DEBUG httpcore.http11: receive_response_body.started request=<Request [b'POST']>
2025-11-04 03:14:53,718 DEBUG httpcore.http11: receive_response_body.complete
2025-11-04 03:14:53,718 DEBUG httpcore.http11: response_closed.started
2025-11-04 03:14:53,718 DEBUG httpcore.http11: response_closed.complete
2025-11-04 03:14:53,718 DEBUG openai._base_client: HTTP Response: POST https://api.openai.com/v1/chat/completions "429 Too Many Requests" Headers({'date': 'Mon, 03 Nov 2025 18:14:53 GMT', 'content-type': 'application/json; charset=utf-8', 'content-length': '337', 'connection': 'keep-alive', 'vary': 'Origin', 'x-request-id': 'req_10d8d7607c7440eaa3477c403e77d6cc', 'x-envoy-upstream-service-time': '2', 'x-openai-proxy-wasm': 'v0.1', 'cf-cache-status': 'DYNAMIC', 'strict-transport-security': 'max-age=31536000; includeSubDomains; preload', 'x-content-type-options': 'nosniff', 'server': 'cloudflare', 'cf-ray': '998dda97df6abe06-KIX', 'alt-svc': 'h3=":443"; ma=86400'})
2025-11-04 03:14:53,718 DEBUG openai._base_client: request_id: req_10d8d7607c7440eaa3477c403e77d6cc
2025-11-04 03:14:53,719 DEBUG openai._base_client: Encountered httpx.HTTPStatusError
Traceback (most recent call last):
  File "C:\Users\user\workfolders\imabari3dcad\.venv\lib\site-packages\openai\_base_client.py", line 1574, in request
    response.raise_for_status()
  File "C:\Users\user\workfolders\imabari3dcad\.venv\lib\site-packages\httpx\_models.py", line 829, in raise_for_status
    raise HTTPStatusError(message, request=request, response=self)
httpx.HTTPStatusError: Client error '429 Too Many Requests' for url 'https://api.openai.com/v1/chat/completions'
For more information check: https://developer.mozilla.org/en-US/docs/Web/HTTP/Status/429
2025-11-04 03:14:53,719 DEBUG openai._base_client: Re-raising status error
2025-11-04 03:14:53,721 WARNING llama_index.llms.openai.utils: Retrying llama_index.llms.openai.base.OpenAI._achat in 1.0 seconds as it raised RateLimitError: Error code: 429 - {'error': {'message': 'You exceeded your current quota, please check your plan and billing details. For more information on this error, read the docs: https://platform.openai.com/docs/guides/error-codes/api-errors.', 'type': 'insufficient_quota', 'param': None, 'code': 'insufficient_quota'}}.
2025-11-04 03:14:53,798 DEBUG openai._base_client: Request options: {'method': 'post', 'url': '/chat/completions', 'files': None, 'idempotency_key': 'stainless-python-retry-9b29b314-5c1f-4766-8f07-08595c67fbef', 'json_data': {'messages': [{'role': 'user', 'content': "Some text is provided below. Given the text, extract up to 10 knowledge triplets in the form of (subject, predicate, object). Avoid stopwords.\n---------------------\nExample:Text: Alice is Bob's mother.Triplets:\n(Alice, is mother of, Bob)\nText: Philz is a coffee shop founded in Berkeley in 1982.\nTriplets:\n(Philz, is, coffee shop)\n(Philz, founded in, Berkeley)\n(Philz, founded in, 1982)\n---------------------\nText: document_id: C:\\Users\\user\\workfolders\\imabari3dcad\\evoship\\EVOSHIP_HELP_FILES\\about_annotation_styles_list_dialog.html\nsource_path: C:\\Users\\user\\workfolders\\imabari3dcad\\evoship\\EVOSHIP_HELP_FILES\\about_annotation_styles_list_dialog.html\nsection_id: 63b6e7402b72bbc0ee5ee65317fb67b077dbc465\ntitle: 注記・寸法スタイル設定\nsection_heading: 注記・寸法スタイル設定\nsection_level: 2\nsection_index: 0\nlast_modified: 2025-08-06T13:57:54+00:00\nextracted_at: 2025-11-03T18:14:07+00:00\ndata_source: EVOSHIP_HELP_FILES\nchunk_id: eea2b71a-a3c9-4a33-ac13-47d63ed3aadc\nchunk_index: 0\ntext_length: 570\nstart_char_idx: 0\nend_char_idx: 570\nnodes: [EntityNode(label='HelpDocument', embedding=None, properties={'document_id': 'C:\\\\Users\\\\user\\\\workfolders\\\\imabari3dcad\\\\evoship\\\\EVOSHIP_HELP_FILES\\\\about_annotation_styles_list_dialog.html', 'source_path': 'C:\\\\Users\\\\user\\\\workfolders\\\\imabari3dcad\\\\evoship\\\\EVOSHIP_HELP_FILES\\\\about_annotation_styles_list_dialog.html', 'title': '注記・寸法スタイル設定', 'headings': ['注記・寸法スタイル設定', '注記スタイルの管理', '注記スタイルの作成', '適用ずみスタイルの更新'], 'section_count': 4, 'last_modified': '2025-08-06T13:57:54+00:00', 'extracted_at': '2025-11-03T18:14:07+00:00', 'data_source': 'EVOSHIP_HELP_FILES'}, name='C:\\\\Users\\\\user\\\\workfolders\\\\imabari3dcad\\\\evoship\\\\EVOSHIP_HELP_FILES\\\\about_annotation_styles_list_dialog.html'), EntityNode(label='HelpSection', embedding=None, properties={'section_id': '63b6e7402b72bbc0ee5ee65317fb67b077dbc465', 'document_id': 'C:\\\\Users\\\\user\\\\workfolders\\\\imabari3dcad\\\\evoship\\\\EVOSHIP_HELP_FILES\\\\about_annotation_styles_list_dialog.html', 'source_path': 'C:\\\\Users\\\\user\\\\workfolders\\\\imabari3dcad\\\\evoship\\\\EVOSHIP_HELP_FILES\\\\about_annotation_styles_list_dialog.html', 'title': '注記・寸法スタイル設定', 'section_heading': '注記・寸法スタイル設定', 'section_level': 2, 'section_index': 0, 'last_modified': '2025-08-06T13:57:54+00:00', 'extracted_at': '2025-11-03T18:14:07+00:00', 'data_source': 'EVOSHIP_HELP_FILES'}, name='63b6e7402b72bbc0ee5ee65317fb67b077dbc465'), ChunkNode(label='HelpChunk', embedding=None, properties={'chunk_id': 'eea2b71a-a3c9-4a33-ac13-47d63ed3aadc', 'document_id': 'C:\\\\Users\\\\user\\\\workfolders\\\\imabari3dcad\\\\evoship\\\\EVOSHIP_HELP_FILES\\\\about_annotation_styles_list_dialog.html', 'section_id': '63b6e7402b72bbc0ee5ee65317fb67b077dbc465', 'source_path': 'C:\\\\Users\\\\user\\\\workfolders\\\\imabari3dcad\\\\evoship\\\\EVOSHIP_HELP_FILES\\\\about_annotation_styles_list_dialog.html', 'title': '注記・寸法スタイル設定', 'section_heading': '注記・寸法スタイル設定', 'section_level': 2, 'section_index': 0, 'last_modified': '2025-08-06T13:57:54+00:00', 'extracted_at': '2025-11-03T18:14:07+00:00', 'chunk_index': 0, 'text_length': 570, 'start_char_idx': 0, 'end_char_idx': 570, 'data_source': 'EVOSHIP_HELP_FILES'}, text='注記・寸法スタイル設定\\n\\n注記や寸法の各種パラメータは、要素ひとつひとつに設定することもできますし、スケッチや図面にまとめてパラメータを設定しておいて、注記や寸法はみずからが属するスケッチに設定しておいたパラメータを参照するようにもできます。この「まとめて設定しておくパラメータ」のことを注記スタイルといいます。 注記スタイルの管理 「注記・寸法スタイル設定」ウィンドウで作成した注記スタイルは、システム設定として保存されます。注記スタイルをスケッチや図面に適用すると、スケッチや図面はそのスタイルのコピーを保持します。スケッチや図面にスタイルを適用してから、「注記・寸法スタイル設定」ウィンドウでそのスタイルを編集しても、スケッチや図面が保持している「コピーされた」スタイルは変更されません。 注記スタイルの作成 左側のスタイル一覧が表示されている欄でコンテキストメニューを表示し、「スタイル設定の追加」をクリックします。また、「モデルのスタイル設定を追加」をクリックすると、いま開いているモデル内のスケッチや図面が保持している注記スタイルがすべてスタイル一覧に追加されます。 また、既存のスタイルを元にして新しくスタイルを作りたい場合は、スタイルを選択してコンテキストメニューを表示し、「スタイル設定（コピー）の追加」をクリックします。', id_='eea2b71a-a3c9-4a33-ac13-47d63ed3aadc')]\nrelations: [Relation(label='HAS_SECTION', source_id='C:\\\\Users\\\\user\\\\workfolders\\\\imabari3dcad\\\\evoship\\\\EVOSHIP_HELP_FILES\\\\about_annotation_styles_list_dialog.html', target_id='63b6e7402b72bbc0ee5ee65317fb67b077dbc465', properties={'data_source': 'EVOSHIP_HELP_FILES'}), Relation(label='HAS_CHUNK', source_id='C:\\\\Users\\\\user\\\\workfolders\\\\imabari3dcad\\\\evoship\\\\EVOSHIP_HELP_FILES\\\\about_annotation_styles_list_dialog.html', target_id='eea2b71a-a3c9-4a33-ac13-47d63ed3aadc', properties={'data_source': 'EVOSHIP_HELP_FILES', 'section_id': '63b6e7402b72bbc0ee5ee65317fb67b077dbc465', 'chunk_index': 0}), Relation(label='HAS_CHUNK', source_id='63b6e7402b72bbc0ee5ee65317fb67b077dbc465', target_id='eea2b71a-a3c9-4a33-ac13-47d63ed3aadc', properties={'data_source': 'EVOSHIP_HELP_FILES', 'chunk_index': 0})]\n\n注記・寸法スタイル設定\n\n注記や寸法の各種パラメータは、要素ひとつひとつに設定することもできますし、スケッチや図面にまとめてパラメータを設定しておいて、注記や寸法はみずからが属するスケッチに設定しておいたパラメータを参照するようにもできます。この「まとめて設定しておくパラメータ」のことを注記スタイルといいます。 注記スタイルの管理 「注記・寸法スタイル設定」ウィンドウで作成した注記スタイルは、システム設定として保存されます。注記スタイルをスケッチや図面に適用すると、スケッチや図面はそのスタイルのコピーを保持します。スケッチや図面にスタイルを適用してから、「注記・寸法スタイル設定」ウィンドウでそのスタイルを編集しても、スケッチや図面が保持している「コピーされた」スタイルは変更されません。 注記スタイルの作成 左側のスタイル一覧が表示されている欄でコンテキストメニューを表示し、「スタイル設定の追加」をクリックします。また、「モデルのスタイル設定を追加」をクリックすると、いま開いているモデル内のスケッチや図面が保持している注記スタイルがすべてスタイル一覧に追加されます。 また、既存のスタイルを元にして新しくスタイルを作りたい場合は、スタイルを選択してコンテキストメニューを表示し、「スタイル設定（コピー）の追加」をクリックします。\nTriplets:\n"}], 'model': 'gpt-5-nano', 'stream': False, 'temperature': 1.0}}
2025-11-04 03:14:53,800 DEBUG openai._base_client: Sending HTTP Request: POST https://api.openai.com/v1/chat/completions
2025-11-04 03:14:53,801 DEBUG httpcore.http11: send_request_headers.started request=<Request [b'POST']>
2025-11-04 03:14:53,802 DEBUG httpcore.http11: send_request_headers.complete
2025-11-04 03:14:53,802 DEBUG httpcore.http11: send_request_body.started request=<Request [b'POST']>
2025-11-04 03:14:53,803 DEBUG httpcore.http11: send_request_body.complete
2025-11-04 03:14:53,803 DEBUG httpcore.http11: receive_response_headers.started request=<Request [b'POST']>
2025-11-04 03:14:53,894 DEBUG openai._base_client: Request options: {'method': 'post', 'url': '/chat/completions', 'files': None, 'idempotency_key': 'stainless-python-retry-8183269e-007f-4423-b483-5178a1664b61', 'json_data': {'messages': [{'role': 'user', 'content': "Some text is provided below. Given the text, extract up to 10 knowledge triplets in the form of (subject, predicate, object). Avoid stopwords.\n---------------------\nExample:Text: Alice is Bob's mother.Triplets:\n(Alice, is mother of, Bob)\nText: Philz is a coffee shop founded in Berkeley in 1982.\nTriplets:\n(Philz, is, coffee shop)\n(Philz, founded in, Berkeley)\n(Philz, founded in, 1982)\n---------------------\nText: document_id: C:\\Users\\user\\workfolders\\imabari3dcad\\evoship\\EVOSHIP_HELP_FILES\\about_annotation_styles_list_dialog.html\nsource_path: C:\\Users\\user\\workfolders\\imabari3dcad\\evoship\\EVOSHIP_HELP_FILES\\about_annotation_styles_list_dialog.html\nsection_id: 71bd4ac5cfe31b1a99355b3e4d691c83deea1ffc\ntitle: 注記・寸法スタイル設定\nsection_heading: 注記スタイルの管理\nsection_level: 3\nsection_index: 1\nlast_modified: 2025-08-06T13:57:54+00:00\nextracted_at: 2025-11-03T18:14:07+00:00\ndata_source: EVOSHIP_HELP_FILES\nchunk_id: 95ba70c0-d17d-410a-b4f4-4ef46d8a0f92\nchunk_index: 0\ntext_length: 191\nstart_char_idx: 0\nend_char_idx: 191\nnodes: [EntityNode(label='HelpDocument', embedding=None, properties={'document_id': 'C:\\\\Users\\\\user\\\\workfolders\\\\imabari3dcad\\\\evoship\\\\EVOSHIP_HELP_FILES\\\\about_annotation_styles_list_dialog.html', 'source_path': 'C:\\\\Users\\\\user\\\\workfolders\\\\imabari3dcad\\\\evoship\\\\EVOSHIP_HELP_FILES\\\\about_annotation_styles_list_dialog.html', 'title': '注記・寸法スタイル設定', 'headings': ['注記・寸法スタイル設定', '注記スタイルの管理', '注記スタイルの作成', '適用ずみスタイルの更新'], 'section_count': 4, 'last_modified': '2025-08-06T13:57:54+00:00', 'extracted_at': '2025-11-03T18:14:07+00:00', 'data_source': 'EVOSHIP_HELP_FILES'}, name='C:\\\\Users\\\\user\\\\workfolders\\\\imabari3dcad\\\\evoship\\\\EVOSHIP_HELP_FILES\\\\about_annotation_styles_list_dialog.html'), EntityNode(label='HelpSection', embedding=None, properties={'section_id': '71bd4ac5cfe31b1a99355b3e4d691c83deea1ffc', 'document_id': 'C:\\\\Users\\\\user\\\\workfolders\\\\imabari3dcad\\\\evoship\\\\EVOSHIP_HELP_FILES\\\\about_annotation_styles_list_dialog.html', 'source_path': 'C:\\\\Users\\\\user\\\\workfolders\\\\imabari3dcad\\\\evoship\\\\EVOSHIP_HELP_FILES\\\\about_annotation_styles_list_dialog.html', 'title': '注記・寸法スタイル設定', 'section_heading': '注記スタイルの管理', 'section_level': 3, 'section_index': 1, 'last_modified': '2025-08-06T13:57:54+00:00', 'extracted_at': '2025-11-03T18:14:07+00:00', 'data_source': 'EVOSHIP_HELP_FILES'}, name='71bd4ac5cfe31b1a99355b3e4d691c83deea1ffc'), ChunkNode(label='HelpChunk', embedding=None, properties={'chunk_id': '95ba70c0-d17d-410a-b4f4-4ef46d8a0f92', 'document_id': 'C:\\\\Users\\\\user\\\\workfolders\\\\imabari3dcad\\\\evoship\\\\EVOSHIP_HELP_FILES\\\\about_annotation_styles_list_dialog.html', 'section_id': '71bd4ac5cfe31b1a99355b3e4d691c83deea1ffc', 'source_path': 'C:\\\\Users\\\\user\\\\workfolders\\\\imabari3dcad\\\\evoship\\\\EVOSHIP_HELP_FILES\\\\about_annotation_styles_list_dialog.html', 'title': '注記・寸法スタイル設定', 'section_heading': '注記スタイルの管理', 'section_level': 3, 'section_index': 1, 'last_modified': '2025-08-06T13:57:54+00:00', 'extracted_at': '2025-11-03T18:14:07+00:00', 'chunk_index': 0, 'text_length': 191, 'start_char_idx': 0, 'end_char_idx': 191, 'data_source': 'EVOSHIP_HELP_FILES'}, text='注記スタイルの管理\\n\\n「注記・寸法スタイル設定」ウィンドウで作成した注記スタイルは、システム設定として保存されます。注記スタイルをスケッチや図面に適用すると、スケッチや図面はそのスタイルのコピーを保持します。スケッチや図面にスタイルを適用してから、「注記・寸法スタイル設定」ウィンドウでそのスタイルを編集しても、スケッチや図面が保持している「コピーされた」スタイルは変更されません。', id_='95ba70c0-d17d-410a-b4f4-4ef46d8a0f92')]\nrelations: [Relation(label='HAS_SECTION', source_id='C:\\\\Users\\\\user\\\\workfolders\\\\imabari3dcad\\\\evoship\\\\EVOSHIP_HELP_FILES\\\\about_annotation_styles_list_dialog.html', target_id='71bd4ac5cfe31b1a99355b3e4d691c83deea1ffc', properties={'data_source': 'EVOSHIP_HELP_FILES'}), Relation(label='HAS_CHUNK', source_id='C:\\\\Users\\\\user\\\\workfolders\\\\imabari3dcad\\\\evoship\\\\EVOSHIP_HELP_FILES\\\\about_annotation_styles_list_dialog.html', target_id='95ba70c0-d17d-410a-b4f4-4ef46d8a0f92', properties={'data_source': 'EVOSHIP_HELP_FILES', 'section_id': '71bd4ac5cfe31b1a99355b3e4d691c83deea1ffc', 'chunk_index': 0}), Relation(label='HAS_CHUNK', source_id='71bd4ac5cfe31b1a99355b3e4d691c83deea1ffc', target_id='95ba70c0-d17d-410a-b4f4-4ef46d8a0f92', properties={'data_source': 'EVOSHIP_HELP_FILES', 'chunk_index': 0})]\n\n注記スタイルの管理\n\n「注記・寸法スタイル設定」ウィンドウで作成した注記スタイルは、システム設定として保存されます。注記スタイルをスケッチや図面に適用すると、スケッチや図面はそのスタイルのコピーを保持します。スケッチや図面にスタイルを適用してから、「注記・寸法スタイル設定」ウィンドウでそのスタイルを編集しても、スケッチや図面が保持している「コピーされた」スタイルは変更されません。\nTriplets:\n"}], 'model': 'gpt-5-nano', 'stream': False, 'temperature': 1.0}}
2025-11-04 03:14:53,895 DEBUG openai._base_client: Sending HTTP Request: POST https://api.openai.com/v1/chat/completions
2025-11-04 03:14:53,895 DEBUG httpcore.http11: send_request_headers.started request=<Request [b'POST']>
2025-11-04 03:14:53,896 DEBUG httpcore.http11: send_request_headers.complete
2025-11-04 03:14:53,896 DEBUG httpcore.http11: send_request_body.started request=<Request [b'POST']>
2025-11-04 03:14:53,896 DEBUG httpcore.http11: send_request_body.complete
2025-11-04 03:14:53,897 DEBUG httpcore.http11: receive_response_headers.started request=<Request [b'POST']>
2025-11-04 03:14:53,997 DEBUG httpcore.http11: receive_response_headers.complete return_value=(b'HTTP/1.1', 429, b'Too Many Requests', [(b'Date', b'Mon, 03 Nov 2025 18:14:53 GMT'), (b'Content-Type', b'application/json; charset=utf-8'), (b'Content-Length', b'337'), (b'Connection', b'keep-alive'), (b'vary', b'Origin'), (b'x-request-id', b'req_4f720f91386a4c14ae738b24f41722d6'), (b'x-envoy-upstream-service-time', b'8'), (b'x-openai-proxy-wasm', b'v0.1'), (b'cf-cache-status', b'DYNAMIC'), (b'Strict-Transport-Security', b'max-age=31536000; includeSubDomains; preload'), (b'X-Content-Type-Options', b'nosniff'), (b'Server', b'cloudflare'), (b'CF-RAY', b'998dda9998d9be06-KIX'), (b'alt-svc', b'h3=":443"; ma=86400')])
2025-11-04 03:14:53,997 INFO httpx: HTTP Request: POST https://api.openai.com/v1/chat/completions "HTTP/1.1 429 Too Many Requests"
2025-11-04 03:14:53,997 DEBUG httpcore.http11: receive_response_body.started request=<Request [b'POST']>
2025-11-04 03:14:53,997 DEBUG httpcore.http11: receive_response_body.complete
2025-11-04 03:14:53,998 DEBUG httpcore.http11: response_closed.started
2025-11-04 03:14:53,998 DEBUG httpcore.http11: response_closed.complete
2025-11-04 03:14:53,998 DEBUG openai._base_client: HTTP Response: POST https://api.openai.com/v1/chat/completions "429 Too Many Requests" Headers({'date': 'Mon, 03 Nov 2025 18:14:53 GMT', 'content-type': 'application/json; charset=utf-8', 'content-length': '337', 'connection': 'keep-alive', 'vary': 'Origin', 'x-request-id': 'req_4f720f91386a4c14ae738b24f41722d6', 'x-envoy-upstream-service-time': '8', 'x-openai-proxy-wasm': 'v0.1', 'cf-cache-status': 'DYNAMIC', 'strict-transport-security': 'max-age=31536000; includeSubDomains; preload', 'x-content-type-options': 'nosniff', 'server': 'cloudflare', 'cf-ray': '998dda9998d9be06-KIX', 'alt-svc': 'h3=":443"; ma=86400'})
2025-11-04 03:14:53,998 DEBUG openai._base_client: request_id: req_4f720f91386a4c14ae738b24f41722d6
2025-11-04 03:14:53,998 DEBUG openai._base_client: Encountered httpx.HTTPStatusError
Traceback (most recent call last):
  File "C:\Users\user\workfolders\imabari3dcad\.venv\lib\site-packages\openai\_base_client.py", line 1574, in request
    response.raise_for_status()
  File "C:\Users\user\workfolders\imabari3dcad\.venv\lib\site-packages\httpx\_models.py", line 829, in raise_for_status
    raise HTTPStatusError(message, request=request, response=self)
httpx.HTTPStatusError: Client error '429 Too Many Requests' for url 'https://api.openai.com/v1/chat/completions'
For more information check: https://developer.mozilla.org/en-US/docs/Web/HTTP/Status/429
2025-11-04 03:14:53,999 DEBUG openai._base_client: Re-raising status error
2025-11-04 03:14:53,999 WARNING llama_index.llms.openai.utils: Retrying llama_index.llms.openai.base.OpenAI._achat in 1.0 seconds as it raised RateLimitError: Error code: 429 - {'error': {'message': 'You exceeded your current quota, please check your plan and billing details. For more information on this error, read the docs: https://platform.openai.com/docs/guides/error-codes/api-errors.', 'type': 'insufficient_quota', 'param': None, 'code': 'insufficient_quota'}}.
2025-11-04 03:14:54,093 DEBUG httpcore.http11: receive_response_headers.complete return_value=(b'HTTP/1.1', 429, b'Too Many Requests', [(b'Date', b'Mon, 03 Nov 2025 18:14:53 GMT'), (b'Content-Type', b'application/json; charset=utf-8'), (b'Content-Length', b'337'), (b'Connection', b'keep-alive'), (b'vary', b'Origin'), (b'x-request-id', b'req_c8a32022a73b45f49ca0fa587d224cfe'), (b'x-envoy-upstream-service-time', b'1'), (b'x-openai-proxy-wasm', b'v0.1'), (b'cf-cache-status', b'DYNAMIC'), (b'Strict-Transport-Security', b'max-age=31536000; includeSubDomains; preload'), (b'X-Content-Type-Options', b'nosniff'), (b'Server', b'cloudflare'), (b'CF-RAY', b'998dda9a2d058373-KIX'), (b'alt-svc', b'h3=":443"; ma=86400')])
2025-11-04 03:14:54,093 INFO httpx: HTTP Request: POST https://api.openai.com/v1/chat/completions "HTTP/1.1 429 Too Many Requests"
2025-11-04 03:14:54,094 DEBUG httpcore.http11: receive_response_body.started request=<Request [b'POST']>
2025-11-04 03:14:54,094 DEBUG httpcore.http11: receive_response_body.complete
2025-11-04 03:14:54,094 DEBUG httpcore.http11: response_closed.started
2025-11-04 03:14:54,094 DEBUG httpcore.http11: response_closed.complete
2025-11-04 03:14:54,094 DEBUG openai._base_client: HTTP Response: POST https://api.openai.com/v1/chat/completions "429 Too Many Requests" Headers({'date': 'Mon, 03 Nov 2025 18:14:53 GMT', 'content-type': 'application/json; charset=utf-8', 'content-length': '337', 'connection': 'keep-alive', 'vary': 'Origin', 'x-request-id': 'req_c8a32022a73b45f49ca0fa587d224cfe', 'x-envoy-upstream-service-time': '1', 'x-openai-proxy-wasm': 'v0.1', 'cf-cache-status': 'DYNAMIC', 'strict-transport-security': 'max-age=31536000; includeSubDomains; preload', 'x-content-type-options': 'nosniff', 'server': 'cloudflare', 'cf-ray': '998dda9a2d058373-KIX', 'alt-svc': 'h3=":443"; ma=86400'})
2025-11-04 03:14:54,094 DEBUG openai._base_client: request_id: req_c8a32022a73b45f49ca0fa587d224cfe
2025-11-04 03:14:54,095 DEBUG openai._base_client: Encountered httpx.HTTPStatusError
Traceback (most recent call last):
  File "C:\Users\user\workfolders\imabari3dcad\.venv\lib\site-packages\openai\_base_client.py", line 1574, in request
    response.raise_for_status()
  File "C:\Users\user\workfolders\imabari3dcad\.venv\lib\site-packages\httpx\_models.py", line 829, in raise_for_status
    raise HTTPStatusError(message, request=request, response=self)
httpx.HTTPStatusError: Client error '429 Too Many Requests' for url 'https://api.openai.com/v1/chat/completions'
For more information check: https://developer.mozilla.org/en-US/docs/Web/HTTP/Status/429
2025-11-04 03:14:54,095 DEBUG openai._base_client: Re-raising status error
2025-11-04 03:14:54,095 WARNING llama_index.llms.openai.utils: Retrying llama_index.llms.openai.base.OpenAI._achat in 1.0 seconds as it raised RateLimitError: Error code: 429 - {'error': {'message': 'You exceeded your current quota, please check your plan and billing details. For more information on this error, read the docs: https://platform.openai.com/docs/guides/error-codes/api-errors.', 'type': 'insufficient_quota', 'param': None, 'code': 'insufficient_quota'}}.
2025-11-04 03:14:54,206 DEBUG openai._base_client: Request options: {'method': 'post', 'url': '/chat/completions', 'files': None, 'idempotency_key': 'stainless-python-retry-db260008-3498-431b-9e1e-cdbcd7f16c61', 'json_data': {'messages': [{'role': 'user', 'content': "Some text is provided below. Given the text, extract up to 10 knowledge triplets in the form of (subject, predicate, object). Avoid stopwords.\n---------------------\nExample:Text: Alice is Bob's mother.Triplets:\n(Alice, is mother of, Bob)\nText: Philz is a coffee shop founded in Berkeley in 1982.\nTriplets:\n(Philz, is, coffee shop)\n(Philz, founded in, Berkeley)\n(Philz, founded in, 1982)\n---------------------\nText: document_id: C:\\Users\\user\\workfolders\\imabari3dcad\\evoship\\EVOSHIP_HELP_FILES\\about_annotation_styles_list_dialog.html\nsource_path: C:\\Users\\user\\workfolders\\imabari3dcad\\evoship\\EVOSHIP_HELP_FILES\\about_annotation_styles_list_dialog.html\nsection_id: 63b6e7402b72bbc0ee5ee65317fb67b077dbc465\ntitle: 注記・寸法スタイル設定\nsection_heading: 注記・寸法スタイル設定\nsection_level: 2\nsection_index: 0\nlast_modified: 2025-08-06T13:57:54+00:00\nextracted_at: 2025-11-03T18:14:07+00:00\ndata_source: EVOSHIP_HELP_FILES\nchunk_id: 022e3c79-4d57-4793-869b-5bc5afbfd59c\nchunk_index: 1\ntext_length: 330\nstart_char_idx: 490\nend_char_idx: 820\nnodes: [EntityNode(label='HelpDocument', embedding=None, properties={'document_id': 'C:\\\\Users\\\\user\\\\workfolders\\\\imabari3dcad\\\\evoship\\\\EVOSHIP_HELP_FILES\\\\about_annotation_styles_list_dialog.html', 'source_path': 'C:\\\\Users\\\\user\\\\workfolders\\\\imabari3dcad\\\\evoship\\\\EVOSHIP_HELP_FILES\\\\about_annotation_styles_list_dialog.html', 'title': '注記・寸法スタイル設定', 'headings': ['注記・寸法スタイル設定', '注記スタイルの管理', '注記スタイルの作成', '適用ずみスタイルの更新'], 'section_count': 4, 'last_modified': '2025-08-06T13:57:54+00:00', 'extracted_at': '2025-11-03T18:14:07+00:00', 'data_source': 'EVOSHIP_HELP_FILES'}, name='C:\\\\Users\\\\user\\\\workfolders\\\\imabari3dcad\\\\evoship\\\\EVOSHIP_HELP_FILES\\\\about_annotation_styles_list_dialog.html'), EntityNode(label='HelpSection', embedding=None, properties={'section_id': '63b6e7402b72bbc0ee5ee65317fb67b077dbc465', 'document_id': 'C:\\\\Users\\\\user\\\\workfolders\\\\imabari3dcad\\\\evoship\\\\EVOSHIP_HELP_FILES\\\\about_annotation_styles_list_dialog.html', 'source_path': 'C:\\\\Users\\\\user\\\\workfolders\\\\imabari3dcad\\\\evoship\\\\EVOSHIP_HELP_FILES\\\\about_annotation_styles_list_dialog.html', 'title': '注記・寸法スタイル設定', 'section_heading': '注記・寸法スタイル設定', 'section_level': 2, 'section_index': 0, 'last_modified': '2025-08-06T13:57:54+00:00', 'extracted_at': '2025-11-03T18:14:07+00:00', 'data_source': 'EVOSHIP_HELP_FILES'}, name='63b6e7402b72bbc0ee5ee65317fb67b077dbc465'), ChunkNode(label='HelpChunk', embedding=None, properties={'chunk_id': '022e3c79-4d57-4793-869b-5bc5afbfd59c', 'document_id': 'C:\\\\Users\\\\user\\\\workfolders\\\\imabari3dcad\\\\evoship\\\\EVOSHIP_HELP_FILES\\\\about_annotation_styles_list_dialog.html', 'section_id': '63b6e7402b72bbc0ee5ee65317fb67b077dbc465', 'source_path': 'C:\\\\Users\\\\user\\\\workfolders\\\\imabari3dcad\\\\evoship\\\\EVOSHIP_HELP_FILES\\\\about_annotation_styles_list_dialog.html', 'title': '注記・寸法スタイル設定', 'section_heading': '注記・寸法スタイル設定', 'section_level': 2, 'section_index': 0, 'last_modified': '2025-08-06T13:57:54+00:00', 'extracted_at': '2025-11-03T18:14:07+00:00', 'chunk_index': 1, 'text_length': 330, 'start_char_idx': 490, 'end_char_idx': 820, 'data_source': 'EVOSHIP_HELP_FILES'}, text='また、既存のスタイルを元にして新しくスタイルを作りたい場合は、スタイルを選択してコンテキストメニューを表示し、「スタイル設定（コピー）の追加」をクリックします。 適用ずみスタイルの更新 ウィンドウ右下の「モデルの更新」ボタンをクリックすると、「注記・寸法スタイル設定」ウィンドウで管理している（システム設定として保存されている）各スタイルについて、スケッチや図面に適用ずみのスタイルで同名のものがあると、その適用ずみスタイルをシステム設定のスタイルで上書きします。 スタイル一覧に同名のスタイルが複数存在すると、それらのうちひとつだけが適用ずみスタイルの上書きに使われて、残りは無視されてしまいます。同名のスタイルを作るのはできるだけ避けるようにしてください。', id_='022e3c79-4d57-4793-869b-5bc5afbfd59c')]\nrelations: [Relation(label='HAS_SECTION', source_id='C:\\\\Users\\\\user\\\\workfolders\\\\imabari3dcad\\\\evoship\\\\EVOSHIP_HELP_FILES\\\\about_annotation_styles_list_dialog.html', target_id='63b6e7402b72bbc0ee5ee65317fb67b077dbc465', properties={'data_source': 'EVOSHIP_HELP_FILES'}), Relation(label='HAS_CHUNK', source_id='C:\\\\Users\\\\user\\\\workfolders\\\\imabari3dcad\\\\evoship\\\\EVOSHIP_HELP_FILES\\\\about_annotation_styles_list_dialog.html', target_id='022e3c79-4d57-4793-869b-5bc5afbfd59c', properties={'data_source': 'EVOSHIP_HELP_FILES', 'section_id': '63b6e7402b72bbc0ee5ee65317fb67b077dbc465', 'chunk_index': 1}), Relation(label='HAS_CHUNK', source_id='63b6e7402b72bbc0ee5ee65317fb67b077dbc465', target_id='022e3c79-4d57-4793-869b-5bc5afbfd59c', properties={'data_source': 'EVOSHIP_HELP_FILES', 'chunk_index': 1})]\n\nまた、既存のスタイルを元にして新しくスタイルを作りたい場合は、スタイルを選択してコンテキストメニューを表示し、「スタイル設定（コピー）の追加」をクリックします。 適用ずみスタイルの更新 ウィンドウ右下の「モデルの更新」ボタンをクリックすると、「注記・寸法スタイル設定」ウィンドウで管理している（システム設定として保存されている）各スタイルについて、スケッチや図面に適用ずみのスタイルで同名のものがあると、その適用ずみスタイルをシステム設定のスタイルで上書きします。 スタイル一覧に同名のスタイルが複数存在すると、それらのうちひとつだけが適用ずみスタイルの上書きに使われて、残りは無視されてしまいます。同名のスタイルを作るのはできるだけ避けるようにしてください。\nTriplets:\n"}], 'model': 'gpt-5-nano', 'stream': False, 'temperature': 1.0}}
2025-11-04 03:14:54,207 DEBUG openai._base_client: Sending HTTP Request: POST https://api.openai.com/v1/chat/completions
2025-11-04 03:14:54,208 DEBUG httpcore.http11: send_request_headers.started request=<Request [b'POST']>
2025-11-04 03:14:54,210 DEBUG httpcore.http11: send_request_headers.complete
2025-11-04 03:14:54,210 DEBUG httpcore.http11: send_request_body.started request=<Request [b'POST']>
2025-11-04 03:14:54,210 DEBUG httpcore.http11: send_request_body.complete
2025-11-04 03:14:54,211 DEBUG httpcore.http11: receive_response_headers.started request=<Request [b'POST']>
2025-11-04 03:14:54,392 DEBUG httpcore.http11: receive_response_headers.complete return_value=(b'HTTP/1.1', 429, b'Too Many Requests', [(b'Date', b'Mon, 03 Nov 2025 18:14:54 GMT'), (b'Content-Type', b'application/json; charset=utf-8'), (b'Content-Length', b'337'), (b'Connection', b'keep-alive'), (b'vary', b'Origin'), (b'x-request-id', b'req_0d9cd21f737b4c918de16fd5142fe9a4'), (b'x-envoy-upstream-service-time', b'10'), (b'x-openai-proxy-wasm', b'v0.1'), (b'cf-cache-status', b'DYNAMIC'), (b'Strict-Transport-Security', b'max-age=31536000; includeSubDomains; preload'), (b'X-Content-Type-Options', b'nosniff'), (b'Server', b'cloudflare'), (b'CF-RAY', b'998dda9c1bb5be06-KIX'), (b'alt-svc', b'h3=":443"; ma=86400')])
2025-11-04 03:14:54,393 INFO httpx: HTTP Request: POST https://api.openai.com/v1/chat/completions "HTTP/1.1 429 Too Many Requests"
2025-11-04 03:14:54,393 DEBUG httpcore.http11: receive_response_body.started request=<Request [b'POST']>
2025-11-04 03:14:54,393 DEBUG httpcore.http11: receive_response_body.complete
2025-11-04 03:14:54,393 DEBUG httpcore.http11: response_closed.started
2025-11-04 03:14:54,393 DEBUG httpcore.http11: response_closed.complete
2025-11-04 03:14:54,394 DEBUG openai._base_client: HTTP Response: POST https://api.openai.com/v1/chat/completions "429 Too Many Requests" Headers({'date': 'Mon, 03 Nov 2025 18:14:54 GMT', 'content-type': 'application/json; charset=utf-8', 'content-length': '337', 'connection': 'keep-alive', 'vary': 'Origin', 'x-request-id': 'req_0d9cd21f737b4c918de16fd5142fe9a4', 'x-envoy-upstream-service-time': '10', 'x-openai-proxy-wasm': 'v0.1', 'cf-cache-status': 'DYNAMIC', 'strict-transport-security': 'max-age=31536000; includeSubDomains; preload', 'x-content-type-options': 'nosniff', 'server': 'cloudflare', 'cf-ray': '998dda9c1bb5be06-KIX', 'alt-svc': 'h3=":443"; ma=86400'})
2025-11-04 03:14:54,394 DEBUG openai._base_client: request_id: req_0d9cd21f737b4c918de16fd5142fe9a4
2025-11-04 03:14:54,394 DEBUG openai._base_client: Encountered httpx.HTTPStatusError
Traceback (most recent call last):
  File "C:\Users\user\workfolders\imabari3dcad\.venv\lib\site-packages\openai\_base_client.py", line 1574, in request
    response.raise_for_status()
  File "C:\Users\user\workfolders\imabari3dcad\.venv\lib\site-packages\httpx\_models.py", line 829, in raise_for_status
    raise HTTPStatusError(message, request=request, response=self)
httpx.HTTPStatusError: Client error '429 Too Many Requests' for url 'https://api.openai.com/v1/chat/completions'
For more information check: https://developer.mozilla.org/en-US/docs/Web/HTTP/Status/429
2025-11-04 03:14:54,394 DEBUG openai._base_client: Re-raising status error
2025-11-04 03:14:54,395 WARNING llama_index.llms.openai.utils: Retrying llama_index.llms.openai.base.OpenAI._achat in 1.0 seconds as it raised RateLimitError: Error code: 429 - {'error': {'message': 'You exceeded your current quota, please check your plan and billing details. For more information on this error, read the docs: https://platform.openai.com/docs/guides/error-codes/api-errors.', 'type': 'insufficient_quota', 'param': None, 'code': 'insufficient_quota'}}.
2025-11-04 03:14:54,727 DEBUG openai._base_client: Request options: {'method': 'post', 'url': '/chat/completions', 'files': None, 'idempotency_key': 'stainless-python-retry-e0fe14d8-79c0-4884-b23e-218e5004289f', 'json_data': {'messages': [{'role': 'user', 'content': "Some text is provided below. Given the text, extract up to 10 knowledge triplets in the form of (subject, predicate, object). Avoid stopwords.\n---------------------\nExample:Text: Alice is Bob's mother.Triplets:\n(Alice, is mother of, Bob)\nText: Philz is a coffee shop founded in Berkeley in 1982.\nTriplets:\n(Philz, is, coffee shop)\n(Philz, founded in, Berkeley)\n(Philz, founded in, 1982)\n---------------------\nText: document_id: C:\\Users\\user\\workfolders\\imabari3dcad\\evoship\\EVOSHIP_HELP_FILES\\about_annotation.html\nsource_path: C:\\Users\\user\\workfolders\\imabari3dcad\\evoship\\EVOSHIP_HELP_FILES\\about_annotation.html\nsection_id: b44e2dce0448c0e4b08e5be898df93f6c4e4f2fc\ntitle: アノーテーション\nsection_heading: アノーテーション\nsection_level: 2\nsection_index: 0\nlast_modified: 2025-08-06T13:57:54+00:00\nextracted_at: 2025-11-03T18:14:07+00:00\ndata_source: EVOSHIP_HELP_FILES\nchunk_id: 8c3a6bbd-bcd8-4dbe-9937-93441f4e2bde\nchunk_index: 0\ntext_length: 36\nstart_char_idx: 0\nend_char_idx: 36\nnodes: [EntityNode(label='HelpDocument', embedding=None, properties={'document_id': 'C:\\\\Users\\\\user\\\\workfolders\\\\imabari3dcad\\\\evoship\\\\EVOSHIP_HELP_FILES\\\\about_annotation.html', 'source_path': 'C:\\\\Users\\\\user\\\\workfolders\\\\imabari3dcad\\\\evoship\\\\EVOSHIP_HELP_FILES\\\\about_annotation.html', 'title': 'アノーテーション', 'headings': ['アノーテーション'], 'section_count': 1, 'last_modified': '2025-08-06T13:57:54+00:00', 'extracted_at': '2025-11-03T18:14:07+00:00', 'data_source': 'EVOSHIP_HELP_FILES'}, name='C:\\\\Users\\\\user\\\\workfolders\\\\imabari3dcad\\\\evoship\\\\EVOSHIP_HELP_FILES\\\\about_annotation.html'), EntityNode(label='HelpSection', embedding=None, properties={'section_id': 'b44e2dce0448c0e4b08e5be898df93f6c4e4f2fc', 'document_id': 'C:\\\\Users\\\\user\\\\workfolders\\\\imabari3dcad\\\\evoship\\\\EVOSHIP_HELP_FILES\\\\about_annotation.html', 'source_path': 'C:\\\\Users\\\\user\\\\workfolders\\\\imabari3dcad\\\\evoship\\\\EVOSHIP_HELP_FILES\\\\about_annotation.html', 'title': 'アノーテーション', 'section_heading': 'アノーテーション', 'section_level': 2, 'section_index': 0, 'last_modified': '2025-08-06T13:57:54+00:00', 'extracted_at': '2025-11-03T18:14:07+00:00', 'data_source': 'EVOSHIP_HELP_FILES'}, name='b44e2dce0448c0e4b08e5be898df93f6c4e4f2fc'), ChunkNode(label='HelpChunk', embedding=None, properties={'chunk_id': '8c3a6bbd-bcd8-4dbe-9937-93441f4e2bde', 'document_id': 'C:\\\\Users\\\\user\\\\workfolders\\\\imabari3dcad\\\\evoship\\\\EVOSHIP_HELP_FILES\\\\about_annotation.html', 'section_id': 'b44e2dce0448c0e4b08e5be898df93f6c4e4f2fc', 'source_path': 'C:\\\\Users\\\\user\\\\workfolders\\\\imabari3dcad\\\\evoship\\\\EVOSHIP_HELP_FILES\\\\about_annotation.html', 'title': 'アノーテーション', 'section_heading': 'アノーテーション', 'section_level': 2, 'section_index': 0, 'last_modified': '2025-08-06T13:57:54+00:00', 'extracted_at': '2025-11-03T18:14:07+00:00', 'chunk_index': 0, 'text_length': 36, 'start_char_idx': 0, 'end_char_idx': 36, 'data_source': 'EVOSHIP_HELP_FILES'}, text='アノーテーション\\n\\n３次元位置や要素上に 注記 をつけることができます。', id_='8c3a6bbd-bcd8-4dbe-9937-93441f4e2bde')]\nrelations: [Relation(label='HAS_SECTION', source_id='C:\\\\Users\\\\user\\\\workfolders\\\\imabari3dcad\\\\evoship\\\\EVOSHIP_HELP_FILES\\\\about_annotation.html', target_id='b44e2dce0448c0e4b08e5be898df93f6c4e4f2fc', properties={'data_source': 'EVOSHIP_HELP_FILES'}), Relation(label='HAS_CHUNK', source_id='C:\\\\Users\\\\user\\\\workfolders\\\\imabari3dcad\\\\evoship\\\\EVOSHIP_HELP_FILES\\\\about_annotation.html', target_id='8c3a6bbd-bcd8-4dbe-9937-93441f4e2bde', properties={'data_source': 'EVOSHIP_HELP_FILES', 'section_id': 'b44e2dce0448c0e4b08e5be898df93f6c4e4f2fc', 'chunk_index': 0}), Relation(label='HAS_CHUNK', source_id='b44e2dce0448c0e4b08e5be898df93f6c4e4f2fc', target_id='8c3a6bbd-bcd8-4dbe-9937-93441f4e2bde', properties={'data_source': 'EVOSHIP_HELP_FILES', 'chunk_index': 0})]\n\nアノーテーション\n\n３次元位置や要素上に 注記 をつけることができます。\nTriplets:\n"}], 'model': 'gpt-5-nano', 'stream': False, 'temperature': 1.0}}
2025-11-04 03:14:54,729 DEBUG openai._base_client: Sending HTTP Request: POST https://api.openai.com/v1/chat/completions
2025-11-04 03:14:54,730 DEBUG httpcore.http11: send_request_headers.started request=<Request [b'POST']>
2025-11-04 03:14:54,730 DEBUG httpcore.http11: send_request_headers.complete
2025-11-04 03:14:54,730 DEBUG httpcore.http11: send_request_body.started request=<Request [b'POST']>
2025-11-04 03:14:54,731 DEBUG httpcore.http11: send_request_body.complete
2025-11-04 03:14:54,731 DEBUG httpcore.http11: receive_response_headers.started request=<Request [b'POST']>
2025-11-04 03:14:54,994 DEBUG httpcore.http11: receive_response_headers.complete return_value=(b'HTTP/1.1', 429, b'Too Many Requests', [(b'Date', b'Mon, 03 Nov 2025 18:14:54 GMT'), (b'Content-Type', b'application/json; charset=utf-8'), (b'Content-Length', b'337'), (b'Connection', b'keep-alive'), (b'vary', b'Origin'), (b'x-request-id', b'req_fe30fea8a2fe4b9ea3af34c652c3c546'), (b'x-envoy-upstream-service-time', b'82'), (b'x-openai-proxy-wasm', b'v0.1'), (b'cf-cache-status', b'DYNAMIC'), (b'Strict-Transport-Security', b'max-age=31536000; includeSubDomains; preload'), (b'X-Content-Type-Options', b'nosniff'), (b'Server', b'cloudflare'), (b'CF-RAY', b'998dda9f5edfbe06-KIX'), (b'alt-svc', b'h3=":443"; ma=86400')])
2025-11-04 03:14:54,995 INFO httpx: HTTP Request: POST https://api.openai.com/v1/chat/completions "HTTP/1.1 429 Too Many Requests"
2025-11-04 03:14:54,995 DEBUG httpcore.http11: receive_response_body.started request=<Request [b'POST']>
2025-11-04 03:14:54,995 DEBUG httpcore.http11: receive_response_body.complete
2025-11-04 03:14:54,995 DEBUG httpcore.http11: response_closed.started
2025-11-04 03:14:54,995 DEBUG httpcore.http11: response_closed.complete
2025-11-04 03:14:54,996 DEBUG openai._base_client: HTTP Response: POST https://api.openai.com/v1/chat/completions "429 Too Many Requests" Headers({'date': 'Mon, 03 Nov 2025 18:14:54 GMT', 'content-type': 'application/json; charset=utf-8', 'content-length': '337', 'connection': 'keep-alive', 'vary': 'Origin', 'x-request-id': 'req_fe30fea8a2fe4b9ea3af34c652c3c546', 'x-envoy-upstream-service-time': '82', 'x-openai-proxy-wasm': 'v0.1', 'cf-cache-status': 'DYNAMIC', 'strict-transport-security': 'max-age=31536000; includeSubDomains; preload', 'x-content-type-options': 'nosniff', 'server': 'cloudflare', 'cf-ray': '998dda9f5edfbe06-KIX', 'alt-svc': 'h3=":443"; ma=86400'})
2025-11-04 03:14:54,996 DEBUG openai._base_client: request_id: req_fe30fea8a2fe4b9ea3af34c652c3c546
2025-11-04 03:14:54,996 DEBUG openai._base_client: Encountered httpx.HTTPStatusError
Traceback (most recent call last):
  File "C:\Users\user\workfolders\imabari3dcad\.venv\lib\site-packages\openai\_base_client.py", line 1574, in request
    response.raise_for_status()
  File "C:\Users\user\workfolders\imabari3dcad\.venv\lib\site-packages\httpx\_models.py", line 829, in raise_for_status
    raise HTTPStatusError(message, request=request, response=self)
httpx.HTTPStatusError: Client error '429 Too Many Requests' for url 'https://api.openai.com/v1/chat/completions'
For more information check: https://developer.mozilla.org/en-US/docs/Web/HTTP/Status/429
2025-11-04 03:14:54,997 DEBUG openai._base_client: Retrying due to status code 429
2025-11-04 03:14:54,997 DEBUG openai._base_client: 3 retries left
2025-11-04 03:14:54,997 INFO openai._base_client: Retrying request to /chat/completions in 0.432213 seconds
2025-11-04 03:14:55,025 DEBUG openai._base_client: Request options: {'method': 'post', 'url': '/chat/completions', 'files': None, 'idempotency_key': 'stainless-python-retry-9a54d11c-3f5b-42be-9bbd-40820a984dee', 'json_data': {'messages': [{'role': 'user', 'content': "Some text is provided below. Given the text, extract up to 10 knowledge triplets in the form of (subject, predicate, object). Avoid stopwords.\n---------------------\nExample:Text: Alice is Bob's mother.Triplets:\n(Alice, is mother of, Bob)\nText: Philz is a coffee shop founded in Berkeley in 1982.\nTriplets:\n(Philz, is, coffee shop)\n(Philz, founded in, Berkeley)\n(Philz, founded in, 1982)\n---------------------\nText: document_id: C:\\Users\\user\\workfolders\\imabari3dcad\\evoship\\EVOSHIP_HELP_FILES\\about_annotation_styles_list_dialog.html\nsource_path: C:\\Users\\user\\workfolders\\imabari3dcad\\evoship\\EVOSHIP_HELP_FILES\\about_annotation_styles_list_dialog.html\nsection_id: 63b6e7402b72bbc0ee5ee65317fb67b077dbc465\ntitle: 注記・寸法スタイル設定\nsection_heading: 注記・寸法スタイル設定\nsection_level: 2\nsection_index: 0\nlast_modified: 2025-08-06T13:57:54+00:00\nextracted_at: 2025-11-03T18:14:07+00:00\ndata_source: EVOSHIP_HELP_FILES\nchunk_id: eea2b71a-a3c9-4a33-ac13-47d63ed3aadc\nchunk_index: 0\ntext_length: 570\nstart_char_idx: 0\nend_char_idx: 570\nnodes: [EntityNode(label='HelpDocument', embedding=None, properties={'document_id': 'C:\\\\Users\\\\user\\\\workfolders\\\\imabari3dcad\\\\evoship\\\\EVOSHIP_HELP_FILES\\\\about_annotation_styles_list_dialog.html', 'source_path': 'C:\\\\Users\\\\user\\\\workfolders\\\\imabari3dcad\\\\evoship\\\\EVOSHIP_HELP_FILES\\\\about_annotation_styles_list_dialog.html', 'title': '注記・寸法スタイル設定', 'headings': ['注記・寸法スタイル設定', '注記スタイルの管理', '注記スタイルの作成', '適用ずみスタイルの更新'], 'section_count': 4, 'last_modified': '2025-08-06T13:57:54+00:00', 'extracted_at': '2025-11-03T18:14:07+00:00', 'data_source': 'EVOSHIP_HELP_FILES'}, name='C:\\\\Users\\\\user\\\\workfolders\\\\imabari3dcad\\\\evoship\\\\EVOSHIP_HELP_FILES\\\\about_annotation_styles_list_dialog.html'), EntityNode(label='HelpSection', embedding=None, properties={'section_id': '63b6e7402b72bbc0ee5ee65317fb67b077dbc465', 'document_id': 'C:\\\\Users\\\\user\\\\workfolders\\\\imabari3dcad\\\\evoship\\\\EVOSHIP_HELP_FILES\\\\about_annotation_styles_list_dialog.html', 'source_path': 'C:\\\\Users\\\\user\\\\workfolders\\\\imabari3dcad\\\\evoship\\\\EVOSHIP_HELP_FILES\\\\about_annotation_styles_list_dialog.html', 'title': '注記・寸法スタイル設定', 'section_heading': '注記・寸法スタイル設定', 'section_level': 2, 'section_index': 0, 'last_modified': '2025-08-06T13:57:54+00:00', 'extracted_at': '2025-11-03T18:14:07+00:00', 'data_source': 'EVOSHIP_HELP_FILES'}, name='63b6e7402b72bbc0ee5ee65317fb67b077dbc465'), ChunkNode(label='HelpChunk', embedding=None, properties={'chunk_id': 'eea2b71a-a3c9-4a33-ac13-47d63ed3aadc', 'document_id': 'C:\\\\Users\\\\user\\\\workfolders\\\\imabari3dcad\\\\evoship\\\\EVOSHIP_HELP_FILES\\\\about_annotation_styles_list_dialog.html', 'section_id': '63b6e7402b72bbc0ee5ee65317fb67b077dbc465', 'source_path': 'C:\\\\Users\\\\user\\\\workfolders\\\\imabari3dcad\\\\evoship\\\\EVOSHIP_HELP_FILES\\\\about_annotation_styles_list_dialog.html', 'title': '注記・寸法スタイル設定', 'section_heading': '注記・寸法スタイル設定', 'section_level': 2, 'section_index': 0, 'last_modified': '2025-08-06T13:57:54+00:00', 'extracted_at': '2025-11-03T18:14:07+00:00', 'chunk_index': 0, 'text_length': 570, 'start_char_idx': 0, 'end_char_idx': 570, 'data_source': 'EVOSHIP_HELP_FILES'}, text='注記・寸法スタイル設定\\n\\n注記や寸法の各種パラメータは、要素ひとつひとつに設定することもできますし、スケッチや図面にまとめてパラメータを設定しておいて、注記や寸法はみずからが属するスケッチに設定しておいたパラメータを参照するようにもできます。この「まとめて設定しておくパラメータ」のことを注記スタイルといいます。 注記スタイルの管理 「注記・寸法スタイル設定」ウィンドウで作成した注記スタイルは、システム設定として保存されます。注記スタイルをスケッチや図面に適用すると、スケッチや図面はそのスタイルのコピーを保持します。スケッチや図面にスタイルを適用してから、「注記・寸法スタイル設定」ウィンドウでそのスタイルを編集しても、スケッチや図面が保持している「コピーされた」スタイルは変更されません。 注記スタイルの作成 左側のスタイル一覧が表示されている欄でコンテキストメニューを表示し、「スタイル設定の追加」をクリックします。また、「モデルのスタイル設定を追加」をクリックすると、いま開いているモデル内のスケッチや図面が保持している注記スタイルがすべてスタイル一覧に追加されます。 また、既存のスタイルを元にして新しくスタイルを作りたい場合は、スタイルを選択してコンテキストメニューを表示し、「スタイル設定（コピー）の追加」をクリックします。', id_='eea2b71a-a3c9-4a33-ac13-47d63ed3aadc')]\nrelations: [Relation(label='HAS_SECTION', source_id='C:\\\\Users\\\\user\\\\workfolders\\\\imabari3dcad\\\\evoship\\\\EVOSHIP_HELP_FILES\\\\about_annotation_styles_list_dialog.html', target_id='63b6e7402b72bbc0ee5ee65317fb67b077dbc465', properties={'data_source': 'EVOSHIP_HELP_FILES'}), Relation(label='HAS_CHUNK', source_id='C:\\\\Users\\\\user\\\\workfolders\\\\imabari3dcad\\\\evoship\\\\EVOSHIP_HELP_FILES\\\\about_annotation_styles_list_dialog.html', target_id='eea2b71a-a3c9-4a33-ac13-47d63ed3aadc', properties={'data_source': 'EVOSHIP_HELP_FILES', 'section_id': '63b6e7402b72bbc0ee5ee65317fb67b077dbc465', 'chunk_index': 0}), Relation(label='HAS_CHUNK', source_id='63b6e7402b72bbc0ee5ee65317fb67b077dbc465', target_id='eea2b71a-a3c9-4a33-ac13-47d63ed3aadc', properties={'data_source': 'EVOSHIP_HELP_FILES', 'chunk_index': 0})]\n\n注記・寸法スタイル設定\n\n注記や寸法の各種パラメータは、要素ひとつひとつに設定することもできますし、スケッチや図面にまとめてパラメータを設定しておいて、注記や寸法はみずからが属するスケッチに設定しておいたパラメータを参照するようにもできます。この「まとめて設定しておくパラメータ」のことを注記スタイルといいます。 注記スタイルの管理 「注記・寸法スタイル設定」ウィンドウで作成した注記スタイルは、システム設定として保存されます。注記スタイルをスケッチや図面に適用すると、スケッチや図面はそのスタイルのコピーを保持します。スケッチや図面にスタイルを適用してから、「注記・寸法スタイル設定」ウィンドウでそのスタイルを編集しても、スケッチや図面が保持している「コピーされた」スタイルは変更されません。 注記スタイルの作成 左側のスタイル一覧が表示されている欄でコンテキストメニューを表示し、「スタイル設定の追加」をクリックします。また、「モデルのスタイル設定を追加」をクリックすると、いま開いているモデル内のスケッチや図面が保持している注記スタイルがすべてスタイル一覧に追加されます。 また、既存のスタイルを元にして新しくスタイルを作りたい場合は、スタイルを選択してコンテキストメニューを表示し、「スタイル設定（コピー）の追加」をクリックします。\nTriplets:\n"}], 'model': 'gpt-5-nano', 'stream': False, 'temperature': 1.0}}
2025-11-04 03:14:55,027 DEBUG openai._base_client: Sending HTTP Request: POST https://api.openai.com/v1/chat/completions
2025-11-04 03:14:55,028 DEBUG httpcore.http11: send_request_headers.started request=<Request [b'POST']>
2025-11-04 03:14:55,028 DEBUG httpcore.http11: send_request_headers.complete
2025-11-04 03:14:55,028 DEBUG httpcore.http11: send_request_body.started request=<Request [b'POST']>
2025-11-04 03:14:55,029 DEBUG httpcore.http11: send_request_body.complete
2025-11-04 03:14:55,029 DEBUG httpcore.http11: receive_response_headers.started request=<Request [b'POST']>
2025-11-04 03:14:55,121 DEBUG openai._base_client: Request options: {'method': 'post', 'url': '/chat/completions', 'files': None, 'idempotency_key': 'stainless-python-retry-1cfcbacf-089c-40d8-975a-746611eb77cb', 'json_data': {'messages': [{'role': 'user', 'content': "Some text is provided below. Given the text, extract up to 10 knowledge triplets in the form of (subject, predicate, object). Avoid stopwords.\n---------------------\nExample:Text: Alice is Bob's mother.Triplets:\n(Alice, is mother of, Bob)\nText: Philz is a coffee shop founded in Berkeley in 1982.\nTriplets:\n(Philz, is, coffee shop)\n(Philz, founded in, Berkeley)\n(Philz, founded in, 1982)\n---------------------\nText: document_id: C:\\Users\\user\\workfolders\\imabari3dcad\\evoship\\EVOSHIP_HELP_FILES\\about_annotation_styles_list_dialog.html\nsource_path: C:\\Users\\user\\workfolders\\imabari3dcad\\evoship\\EVOSHIP_HELP_FILES\\about_annotation_styles_list_dialog.html\nsection_id: 71bd4ac5cfe31b1a99355b3e4d691c83deea1ffc\ntitle: 注記・寸法スタイル設定\nsection_heading: 注記スタイルの管理\nsection_level: 3\nsection_index: 1\nlast_modified: 2025-08-06T13:57:54+00:00\nextracted_at: 2025-11-03T18:14:07+00:00\ndata_source: EVOSHIP_HELP_FILES\nchunk_id: 95ba70c0-d17d-410a-b4f4-4ef46d8a0f92\nchunk_index: 0\ntext_length: 191\nstart_char_idx: 0\nend_char_idx: 191\nnodes: [EntityNode(label='HelpDocument', embedding=None, properties={'document_id': 'C:\\\\Users\\\\user\\\\workfolders\\\\imabari3dcad\\\\evoship\\\\EVOSHIP_HELP_FILES\\\\about_annotation_styles_list_dialog.html', 'source_path': 'C:\\\\Users\\\\user\\\\workfolders\\\\imabari3dcad\\\\evoship\\\\EVOSHIP_HELP_FILES\\\\about_annotation_styles_list_dialog.html', 'title': '注記・寸法スタイル設定', 'headings': ['注記・寸法スタイル設定', '注記スタイルの管理', '注記スタイルの作成', '適用ずみスタイルの更新'], 'section_count': 4, 'last_modified': '2025-08-06T13:57:54+00:00', 'extracted_at': '2025-11-03T18:14:07+00:00', 'data_source': 'EVOSHIP_HELP_FILES'}, name='C:\\\\Users\\\\user\\\\workfolders\\\\imabari3dcad\\\\evoship\\\\EVOSHIP_HELP_FILES\\\\about_annotation_styles_list_dialog.html'), EntityNode(label='HelpSection', embedding=None, properties={'section_id': '71bd4ac5cfe31b1a99355b3e4d691c83deea1ffc', 'document_id': 'C:\\\\Users\\\\user\\\\workfolders\\\\imabari3dcad\\\\evoship\\\\EVOSHIP_HELP_FILES\\\\about_annotation_styles_list_dialog.html', 'source_path': 'C:\\\\Users\\\\user\\\\workfolders\\\\imabari3dcad\\\\evoship\\\\EVOSHIP_HELP_FILES\\\\about_annotation_styles_list_dialog.html', 'title': '注記・寸法スタイル設定', 'section_heading': '注記スタイルの管理', 'section_level': 3, 'section_index': 1, 'last_modified': '2025-08-06T13:57:54+00:00', 'extracted_at': '2025-11-03T18:14:07+00:00', 'data_source': 'EVOSHIP_HELP_FILES'}, name='71bd4ac5cfe31b1a99355b3e4d691c83deea1ffc'), ChunkNode(label='HelpChunk', embedding=None, properties={'chunk_id': '95ba70c0-d17d-410a-b4f4-4ef46d8a0f92', 'document_id': 'C:\\\\Users\\\\user\\\\workfolders\\\\imabari3dcad\\\\evoship\\\\EVOSHIP_HELP_FILES\\\\about_annotation_styles_list_dialog.html', 'section_id': '71bd4ac5cfe31b1a99355b3e4d691c83deea1ffc', 'source_path': 'C:\\\\Users\\\\user\\\\workfolders\\\\imabari3dcad\\\\evoship\\\\EVOSHIP_HELP_FILES\\\\about_annotation_styles_list_dialog.html', 'title': '注記・寸法スタイル設定', 'section_heading': '注記スタイルの管理', 'section_level': 3, 'section_index': 1, 'last_modified': '2025-08-06T13:57:54+00:00', 'extracted_at': '2025-11-03T18:14:07+00:00', 'chunk_index': 0, 'text_length': 191, 'start_char_idx': 0, 'end_char_idx': 191, 'data_source': 'EVOSHIP_HELP_FILES'}, text='注記スタイルの管理\\n\\n「注記・寸法スタイル設定」ウィンドウで作成した注記スタイルは、システム設定として保存されます。注記スタイルをスケッチや図面に適用すると、スケッチや図面はそのスタイルのコピーを保持します。スケッチや図面にスタイルを適用してから、「注記・寸法スタイル設定」ウィンドウでそのスタイルを編集しても、スケッチや図面が保持している「コピーされた」スタイルは変更されません。', id_='95ba70c0-d17d-410a-b4f4-4ef46d8a0f92')]\nrelations: [Relation(label='HAS_SECTION', source_id='C:\\\\Users\\\\user\\\\workfolders\\\\imabari3dcad\\\\evoship\\\\EVOSHIP_HELP_FILES\\\\about_annotation_styles_list_dialog.html', target_id='71bd4ac5cfe31b1a99355b3e4d691c83deea1ffc', properties={'data_source': 'EVOSHIP_HELP_FILES'}), Relation(label='HAS_CHUNK', source_id='C:\\\\Users\\\\user\\\\workfolders\\\\imabari3dcad\\\\evoship\\\\EVOSHIP_HELP_FILES\\\\about_annotation_styles_list_dialog.html', target_id='95ba70c0-d17d-410a-b4f4-4ef46d8a0f92', properties={'data_source': 'EVOSHIP_HELP_FILES', 'section_id': '71bd4ac5cfe31b1a99355b3e4d691c83deea1ffc', 'chunk_index': 0}), Relation(label='HAS_CHUNK', source_id='71bd4ac5cfe31b1a99355b3e4d691c83deea1ffc', target_id='95ba70c0-d17d-410a-b4f4-4ef46d8a0f92', properties={'data_source': 'EVOSHIP_HELP_FILES', 'chunk_index': 0})]\n\n注記スタイルの管理\n\n「注記・寸法スタイル設定」ウィンドウで作成した注記スタイルは、システム設定として保存されます。注記スタイルをスケッチや図面に適用すると、スケッチや図面はそのスタイルのコピーを保持します。スケッチや図面にスタイルを適用してから、「注記・寸法スタイル設定」ウィンドウでそのスタイルを編集しても、スケッチや図面が保持している「コピーされた」スタイルは変更されません。\nTriplets:\n"}], 'model': 'gpt-5-nano', 'stream': False, 'temperature': 1.0}}
2025-11-04 03:14:55,123 DEBUG openai._base_client: Sending HTTP Request: POST https://api.openai.com/v1/chat/completions
2025-11-04 03:14:55,124 DEBUG httpcore.http11: send_request_headers.started request=<Request [b'POST']>
2025-11-04 03:14:55,125 DEBUG httpcore.http11: send_request_headers.complete
2025-11-04 03:14:55,125 DEBUG httpcore.http11: send_request_body.started request=<Request [b'POST']>
2025-11-04 03:14:55,125 DEBUG httpcore.http11: send_request_body.complete
2025-11-04 03:14:55,126 DEBUG httpcore.http11: receive_response_headers.started request=<Request [b'POST']>
2025-11-04 03:14:55,219 DEBUG httpcore.http11: receive_response_headers.complete return_value=(b'HTTP/1.1', 429, b'Too Many Requests', [(b'Date', b'Mon, 03 Nov 2025 18:14:55 GMT'), (b'Content-Type', b'application/json; charset=utf-8'), (b'Content-Length', b'337'), (b'Connection', b'keep-alive'), (b'vary', b'Origin'), (b'x-request-id', b'req_944921d439674686b565ac8203828a69'), (b'x-envoy-upstream-service-time', b'9'), (b'x-openai-proxy-wasm', b'v0.1'), (b'cf-cache-status', b'DYNAMIC'), (b'Strict-Transport-Security', b'max-age=31536000; includeSubDomains; preload'), (b'X-Content-Type-Options', b'nosniff'), (b'Server', b'cloudflare'), (b'CF-RAY', b'998ddaa1390fbe06-KIX'), (b'alt-svc', b'h3=":443"; ma=86400')])
2025-11-04 03:14:55,220 INFO httpx: HTTP Request: POST https://api.openai.com/v1/chat/completions "HTTP/1.1 429 Too Many Requests"
2025-11-04 03:14:55,220 DEBUG httpcore.http11: receive_response_body.started request=<Request [b'POST']>
2025-11-04 03:14:55,220 DEBUG httpcore.http11: receive_response_body.complete
2025-11-04 03:14:55,220 DEBUG httpcore.http11: response_closed.started
2025-11-04 03:14:55,220 DEBUG httpcore.http11: response_closed.complete
2025-11-04 03:14:55,221 DEBUG openai._base_client: HTTP Response: POST https://api.openai.com/v1/chat/completions "429 Too Many Requests" Headers({'date': 'Mon, 03 Nov 2025 18:14:55 GMT', 'content-type': 'application/json; charset=utf-8', 'content-length': '337', 'connection': 'keep-alive', 'vary': 'Origin', 'x-request-id': 'req_944921d439674686b565ac8203828a69', 'x-envoy-upstream-service-time': '9', 'x-openai-proxy-wasm': 'v0.1', 'cf-cache-status': 'DYNAMIC', 'strict-transport-security': 'max-age=31536000; includeSubDomains; preload', 'x-content-type-options': 'nosniff', 'server': 'cloudflare', 'cf-ray': '998ddaa1390fbe06-KIX', 'alt-svc': 'h3=":443"; ma=86400'})
2025-11-04 03:14:55,221 DEBUG openai._base_client: request_id: req_944921d439674686b565ac8203828a69
2025-11-04 03:14:55,221 DEBUG openai._base_client: Encountered httpx.HTTPStatusError
Traceback (most recent call last):
  File "C:\Users\user\workfolders\imabari3dcad\.venv\lib\site-packages\openai\_base_client.py", line 1574, in request
    response.raise_for_status()
  File "C:\Users\user\workfolders\imabari3dcad\.venv\lib\site-packages\httpx\_models.py", line 829, in raise_for_status
    raise HTTPStatusError(message, request=request, response=self)
httpx.HTTPStatusError: Client error '429 Too Many Requests' for url 'https://api.openai.com/v1/chat/completions'
For more information check: https://developer.mozilla.org/en-US/docs/Web/HTTP/Status/429
2025-11-04 03:14:55,221 DEBUG openai._base_client: Retrying due to status code 429
2025-11-04 03:14:55,221 DEBUG openai._base_client: 3 retries left
2025-11-04 03:14:55,221 INFO openai._base_client: Retrying request to /chat/completions in 0.477498 seconds
2025-11-04 03:14:55,322 DEBUG httpcore.http11: receive_response_headers.complete return_value=(b'HTTP/1.1', 429, b'Too Many Requests', [(b'Date', b'Mon, 03 Nov 2025 18:14:55 GMT'), (b'Content-Type', b'application/json; charset=utf-8'), (b'Content-Length', b'337'), (b'Connection', b'keep-alive'), (b'vary', b'Origin'), (b'x-request-id', b'req_7aa8d30bfb4a451e9b8c9097fab79595'), (b'x-envoy-upstream-service-time', b'9'), (b'x-openai-proxy-wasm', b'v0.1'), (b'cf-cache-status', b'DYNAMIC'), (b'Strict-Transport-Security', b'max-age=31536000; includeSubDomains; preload'), (b'X-Content-Type-Options', b'nosniff'), (b'Server', b'cloudflare'), (b'CF-RAY', b'998ddaa1dff28373-KIX'), (b'alt-svc', b'h3=":443"; ma=86400')])
2025-11-04 03:14:55,322 INFO httpx: HTTP Request: POST https://api.openai.com/v1/chat/completions "HTTP/1.1 429 Too Many Requests"
2025-11-04 03:14:55,322 DEBUG httpcore.http11: receive_response_body.started request=<Request [b'POST']>
2025-11-04 03:14:55,322 DEBUG httpcore.http11: receive_response_body.complete
2025-11-04 03:14:55,322 DEBUG httpcore.http11: response_closed.started
2025-11-04 03:14:55,323 DEBUG httpcore.http11: response_closed.complete
2025-11-04 03:14:55,323 DEBUG openai._base_client: HTTP Response: POST https://api.openai.com/v1/chat/completions "429 Too Many Requests" Headers({'date': 'Mon, 03 Nov 2025 18:14:55 GMT', 'content-type': 'application/json; charset=utf-8', 'content-length': '337', 'connection': 'keep-alive', 'vary': 'Origin', 'x-request-id': 'req_7aa8d30bfb4a451e9b8c9097fab79595', 'x-envoy-upstream-service-time': '9', 'x-openai-proxy-wasm': 'v0.1', 'cf-cache-status': 'DYNAMIC', 'strict-transport-security': 'max-age=31536000; includeSubDomains; preload', 'x-content-type-options': 'nosniff', 'server': 'cloudflare', 'cf-ray': '998ddaa1dff28373-KIX', 'alt-svc': 'h3=":443"; ma=86400'})
2025-11-04 03:14:55,323 DEBUG openai._base_client: request_id: req_7aa8d30bfb4a451e9b8c9097fab79595
2025-11-04 03:14:55,323 DEBUG openai._base_client: Encountered httpx.HTTPStatusError
Traceback (most recent call last):
  File "C:\Users\user\workfolders\imabari3dcad\.venv\lib\site-packages\openai\_base_client.py", line 1574, in request
    response.raise_for_status()
  File "C:\Users\user\workfolders\imabari3dcad\.venv\lib\site-packages\httpx\_models.py", line 829, in raise_for_status
    raise HTTPStatusError(message, request=request, response=self)
httpx.HTTPStatusError: Client error '429 Too Many Requests' for url 'https://api.openai.com/v1/chat/completions'
For more information check: https://developer.mozilla.org/en-US/docs/Web/HTTP/Status/429
2025-11-04 03:14:55,323 DEBUG openai._base_client: Retrying due to status code 429
2025-11-04 03:14:55,323 DEBUG openai._base_client: 3 retries left
2025-11-04 03:14:55,324 INFO openai._base_client: Retrying request to /chat/completions in 0.469285 seconds
2025-11-04 03:14:55,419 DEBUG openai._base_client: Request options: {'method': 'post', 'url': '/chat/completions', 'files': None, 'idempotency_key': 'stainless-python-retry-16f59b81-a9b0-48ec-a2a9-b052ecff7d6d', 'json_data': {'messages': [{'role': 'user', 'content': "Some text is provided below. Given the text, extract up to 10 knowledge triplets in the form of (subject, predicate, object). Avoid stopwords.\n---------------------\nExample:Text: Alice is Bob's mother.Triplets:\n(Alice, is mother of, Bob)\nText: Philz is a coffee shop founded in Berkeley in 1982.\nTriplets:\n(Philz, is, coffee shop)\n(Philz, founded in, Berkeley)\n(Philz, founded in, 1982)\n---------------------\nText: document_id: C:\\Users\\user\\workfolders\\imabari3dcad\\evoship\\EVOSHIP_HELP_FILES\\about_annotation_styles_list_dialog.html\nsource_path: C:\\Users\\user\\workfolders\\imabari3dcad\\evoship\\EVOSHIP_HELP_FILES\\about_annotation_styles_list_dialog.html\nsection_id: 63b6e7402b72bbc0ee5ee65317fb67b077dbc465\ntitle: 注記・寸法スタイル設定\nsection_heading: 注記・寸法スタイル設定\nsection_level: 2\nsection_index: 0\nlast_modified: 2025-08-06T13:57:54+00:00\nextracted_at: 2025-11-03T18:14:07+00:00\ndata_source: EVOSHIP_HELP_FILES\nchunk_id: 022e3c79-4d57-4793-869b-5bc5afbfd59c\nchunk_index: 1\ntext_length: 330\nstart_char_idx: 490\nend_char_idx: 820\nnodes: [EntityNode(label='HelpDocument', embedding=None, properties={'document_id': 'C:\\\\Users\\\\user\\\\workfolders\\\\imabari3dcad\\\\evoship\\\\EVOSHIP_HELP_FILES\\\\about_annotation_styles_list_dialog.html', 'source_path': 'C:\\\\Users\\\\user\\\\workfolders\\\\imabari3dcad\\\\evoship\\\\EVOSHIP_HELP_FILES\\\\about_annotation_styles_list_dialog.html', 'title': '注記・寸法スタイル設定', 'headings': ['注記・寸法スタイル設定', '注記スタイルの管理', '注記スタイルの作成', '適用ずみスタイルの更新'], 'section_count': 4, 'last_modified': '2025-08-06T13:57:54+00:00', 'extracted_at': '2025-11-03T18:14:07+00:00', 'data_source': 'EVOSHIP_HELP_FILES'}, name='C:\\\\Users\\\\user\\\\workfolders\\\\imabari3dcad\\\\evoship\\\\EVOSHIP_HELP_FILES\\\\about_annotation_styles_list_dialog.html'), EntityNode(label='HelpSection', embedding=None, properties={'section_id': '63b6e7402b72bbc0ee5ee65317fb67b077dbc465', 'document_id': 'C:\\\\Users\\\\user\\\\workfolders\\\\imabari3dcad\\\\evoship\\\\EVOSHIP_HELP_FILES\\\\about_annotation_styles_list_dialog.html', 'source_path': 'C:\\\\Users\\\\user\\\\workfolders\\\\imabari3dcad\\\\evoship\\\\EVOSHIP_HELP_FILES\\\\about_annotation_styles_list_dialog.html', 'title': '注記・寸法スタイル設定', 'section_heading': '注記・寸法スタイル設定', 'section_level': 2, 'section_index': 0, 'last_modified': '2025-08-06T13:57:54+00:00', 'extracted_at': '2025-11-03T18:14:07+00:00', 'data_source': 'EVOSHIP_HELP_FILES'}, name='63b6e7402b72bbc0ee5ee65317fb67b077dbc465'), ChunkNode(label='HelpChunk', embedding=None, properties={'chunk_id': '022e3c79-4d57-4793-869b-5bc5afbfd59c', 'document_id': 'C:\\\\Users\\\\user\\\\workfolders\\\\imabari3dcad\\\\evoship\\\\EVOSHIP_HELP_FILES\\\\about_annotation_styles_list_dialog.html', 'section_id': '63b6e7402b72bbc0ee5ee65317fb67b077dbc465', 'source_path': 'C:\\\\Users\\\\user\\\\workfolders\\\\imabari3dcad\\\\evoship\\\\EVOSHIP_HELP_FILES\\\\about_annotation_styles_list_dialog.html', 'title': '注記・寸法スタイル設定', 'section_heading': '注記・寸法スタイル設定', 'section_level': 2, 'section_index': 0, 'last_modified': '2025-08-06T13:57:54+00:00', 'extracted_at': '2025-11-03T18:14:07+00:00', 'chunk_index': 1, 'text_length': 330, 'start_char_idx': 490, 'end_char_idx': 820, 'data_source': 'EVOSHIP_HELP_FILES'}, text='また、既存のスタイルを元にして新しくスタイルを作りたい場合は、スタイルを選択してコンテキストメニューを表示し、「スタイル設定（コピー）の追加」をクリックします。 適用ずみスタイルの更新 ウィンドウ右下の「モデルの更新」ボタンをクリックすると、「注記・寸法スタイル設定」ウィンドウで管理している（システム設定として保存されている）各スタイルについて、スケッチや図面に適用ずみのスタイルで同名のものがあると、その適用ずみスタイルをシステム設定のスタイルで上書きします。 スタイル一覧に同名のスタイルが複数存在すると、それらのうちひとつだけが適用ずみスタイルの上書きに使われて、残りは無視されてしまいます。同名のスタイルを作るのはできるだけ避けるようにしてください。', id_='022e3c79-4d57-4793-869b-5bc5afbfd59c')]\nrelations: [Relation(label='HAS_SECTION', source_id='C:\\\\Users\\\\user\\\\workfolders\\\\imabari3dcad\\\\evoship\\\\EVOSHIP_HELP_FILES\\\\about_annotation_styles_list_dialog.html', target_id='63b6e7402b72bbc0ee5ee65317fb67b077dbc465', properties={'data_source': 'EVOSHIP_HELP_FILES'}), Relation(label='HAS_CHUNK', source_id='C:\\\\Users\\\\user\\\\workfolders\\\\imabari3dcad\\\\evoship\\\\EVOSHIP_HELP_FILES\\\\about_annotation_styles_list_dialog.html', target_id='022e3c79-4d57-4793-869b-5bc5afbfd59c', properties={'data_source': 'EVOSHIP_HELP_FILES', 'section_id': '63b6e7402b72bbc0ee5ee65317fb67b077dbc465', 'chunk_index': 1}), Relation(label='HAS_CHUNK', source_id='63b6e7402b72bbc0ee5ee65317fb67b077dbc465', target_id='022e3c79-4d57-4793-869b-5bc5afbfd59c', properties={'data_source': 'EVOSHIP_HELP_FILES', 'chunk_index': 1})]\n\nまた、既存のスタイルを元にして新しくスタイルを作りたい場合は、スタイルを選択してコンテキストメニューを表示し、「スタイル設定（コピー）の追加」をクリックします。 適用ずみスタイルの更新 ウィンドウ右下の「モデルの更新」ボタンをクリックすると、「注記・寸法スタイル設定」ウィンドウで管理している（システム設定として保存されている）各スタイルについて、スケッチや図面に適用ずみのスタイルで同名のものがあると、その適用ずみスタイルをシステム設定のスタイルで上書きします。 スタイル一覧に同名のスタイルが複数存在すると、それらのうちひとつだけが適用ずみスタイルの上書きに使われて、残りは無視されてしまいます。同名のスタイルを作るのはできるだけ避けるようにしてください。\nTriplets:\n"}], 'model': 'gpt-5-nano', 'stream': False, 'temperature': 1.0}}
2025-11-04 03:14:55,420 DEBUG openai._base_client: Sending HTTP Request: POST https://api.openai.com/v1/chat/completions
2025-11-04 03:14:55,420 DEBUG openai._base_client: Request options: {'method': 'post', 'url': '/chat/completions', 'files': None, 'idempotency_key': 'stainless-python-retry-e0fe14d8-79c0-4884-b23e-218e5004289f', 'json_data': {'messages': [{'role': 'user', 'content': "Some text is provided below. Given the text, extract up to 10 knowledge triplets in the form of (subject, predicate, object). Avoid stopwords.\n---------------------\nExample:Text: Alice is Bob's mother.Triplets:\n(Alice, is mother of, Bob)\nText: Philz is a coffee shop founded in Berkeley in 1982.\nTriplets:\n(Philz, is, coffee shop)\n(Philz, founded in, Berkeley)\n(Philz, founded in, 1982)\n---------------------\nText: document_id: C:\\Users\\user\\workfolders\\imabari3dcad\\evoship\\EVOSHIP_HELP_FILES\\about_annotation.html\nsource_path: C:\\Users\\user\\workfolders\\imabari3dcad\\evoship\\EVOSHIP_HELP_FILES\\about_annotation.html\nsection_id: b44e2dce0448c0e4b08e5be898df93f6c4e4f2fc\ntitle: アノーテーション\nsection_heading: アノーテーション\nsection_level: 2\nsection_index: 0\nlast_modified: 2025-08-06T13:57:54+00:00\nextracted_at: 2025-11-03T18:14:07+00:00\ndata_source: EVOSHIP_HELP_FILES\nchunk_id: 8c3a6bbd-bcd8-4dbe-9937-93441f4e2bde\nchunk_index: 0\ntext_length: 36\nstart_char_idx: 0\nend_char_idx: 36\nnodes: [EntityNode(label='HelpDocument', embedding=None, properties={'document_id': 'C:\\\\Users\\\\user\\\\workfolders\\\\imabari3dcad\\\\evoship\\\\EVOSHIP_HELP_FILES\\\\about_annotation.html', 'source_path': 'C:\\\\Users\\\\user\\\\workfolders\\\\imabari3dcad\\\\evoship\\\\EVOSHIP_HELP_FILES\\\\about_annotation.html', 'title': 'アノーテーション', 'headings': ['アノーテーション'], 'section_count': 1, 'last_modified': '2025-08-06T13:57:54+00:00', 'extracted_at': '2025-11-03T18:14:07+00:00', 'data_source': 'EVOSHIP_HELP_FILES'}, name='C:\\\\Users\\\\user\\\\workfolders\\\\imabari3dcad\\\\evoship\\\\EVOSHIP_HELP_FILES\\\\about_annotation.html'), EntityNode(label='HelpSection', embedding=None, properties={'section_id': 'b44e2dce0448c0e4b08e5be898df93f6c4e4f2fc', 'document_id': 'C:\\\\Users\\\\user\\\\workfolders\\\\imabari3dcad\\\\evoship\\\\EVOSHIP_HELP_FILES\\\\about_annotation.html', 'source_path': 'C:\\\\Users\\\\user\\\\workfolders\\\\imabari3dcad\\\\evoship\\\\EVOSHIP_HELP_FILES\\\\about_annotation.html', 'title': 'アノーテーション', 'section_heading': 'アノーテーション', 'section_level': 2, 'section_index': 0, 'last_modified': '2025-08-06T13:57:54+00:00', 'extracted_at': '2025-11-03T18:14:07+00:00', 'data_source': 'EVOSHIP_HELP_FILES'}, name='b44e2dce0448c0e4b08e5be898df93f6c4e4f2fc'), ChunkNode(label='HelpChunk', embedding=None, properties={'chunk_id': '8c3a6bbd-bcd8-4dbe-9937-93441f4e2bde', 'document_id': 'C:\\\\Users\\\\user\\\\workfolders\\\\imabari3dcad\\\\evoship\\\\EVOSHIP_HELP_FILES\\\\about_annotation.html', 'section_id': 'b44e2dce0448c0e4b08e5be898df93f6c4e4f2fc', 'source_path': 'C:\\\\Users\\\\user\\\\workfolders\\\\imabari3dcad\\\\evoship\\\\EVOSHIP_HELP_FILES\\\\about_annotation.html', 'title': 'アノーテーション', 'section_heading': 'アノーテーション', 'section_level': 2, 'section_index': 0, 'last_modified': '2025-08-06T13:57:54+00:00', 'extracted_at': '2025-11-03T18:14:07+00:00', 'chunk_index': 0, 'text_length': 36, 'start_char_idx': 0, 'end_char_idx': 36, 'data_source': 'EVOSHIP_HELP_FILES'}, text='アノーテーション\\n\\n３次元位置や要素上に 注記 をつけることができます。', id_='8c3a6bbd-bcd8-4dbe-9937-93441f4e2bde')]\nrelations: [Relation(label='HAS_SECTION', source_id='C:\\\\Users\\\\user\\\\workfolders\\\\imabari3dcad\\\\evoship\\\\EVOSHIP_HELP_FILES\\\\about_annotation.html', target_id='b44e2dce0448c0e4b08e5be898df93f6c4e4f2fc', properties={'data_source': 'EVOSHIP_HELP_FILES'}), Relation(label='HAS_CHUNK', source_id='C:\\\\Users\\\\user\\\\workfolders\\\\imabari3dcad\\\\evoship\\\\EVOSHIP_HELP_FILES\\\\about_annotation.html', target_id='8c3a6bbd-bcd8-4dbe-9937-93441f4e2bde', properties={'data_source': 'EVOSHIP_HELP_FILES', 'section_id': 'b44e2dce0448c0e4b08e5be898df93f6c4e4f2fc', 'chunk_index': 0}), Relation(label='HAS_CHUNK', source_id='b44e2dce0448c0e4b08e5be898df93f6c4e4f2fc', target_id='8c3a6bbd-bcd8-4dbe-9937-93441f4e2bde', properties={'data_source': 'EVOSHIP_HELP_FILES', 'chunk_index': 0})]\n\nアノーテーション\n\n３次元位置や要素上に 注記 をつけることができます。\nTriplets:\n"}], 'model': 'gpt-5-nano', 'stream': False, 'temperature': 1.0}}
2025-11-04 03:14:55,421 DEBUG openai._base_client: Sending HTTP Request: POST https://api.openai.com/v1/chat/completions
2025-11-04 03:14:55,421 DEBUG httpcore.http11: send_request_headers.started request=<Request [b'POST']>
2025-11-04 03:14:55,422 DEBUG httpcore.http11: send_request_headers.complete
2025-11-04 03:14:55,422 DEBUG httpcore.http11: send_request_body.started request=<Request [b'POST']>
2025-11-04 03:14:55,422 DEBUG httpcore.http11: send_request_body.complete
2025-11-04 03:14:55,422 DEBUG httpcore.http11: receive_response_headers.started request=<Request [b'POST']>
2025-11-04 03:14:55,422 DEBUG httpcore.http11: send_request_headers.started request=<Request [b'POST']>
2025-11-04 03:14:55,422 DEBUG httpcore.http11: send_request_headers.complete
2025-11-04 03:14:55,422 DEBUG httpcore.http11: send_request_body.started request=<Request [b'POST']>
2025-11-04 03:14:55,423 DEBUG httpcore.http11: send_request_body.complete
2025-11-04 03:14:55,423 DEBUG httpcore.http11: receive_response_headers.started request=<Request [b'POST']>
2025-11-04 03:14:55,613 DEBUG httpcore.http11: receive_response_headers.complete return_value=(b'HTTP/1.1', 429, b'Too Many Requests', [(b'Date', b'Mon, 03 Nov 2025 18:14:55 GMT'), (b'Content-Type', b'application/json; charset=utf-8'), (b'Content-Length', b'337'), (b'Connection', b'keep-alive'), (b'vary', b'Origin'), (b'x-request-id', b'req_2f1a03a5ce1f4eb6933162e6533b90b0'), (b'x-envoy-upstream-service-time', b'6'), (b'x-openai-proxy-wasm', b'v0.1'), (b'cf-cache-status', b'DYNAMIC'), (b'Strict-Transport-Security', b'max-age=31536000; includeSubDomains; preload'), (b'X-Content-Type-Options', b'nosniff'), (b'Server', b'cloudflare'), (b'CF-RAY', b'998ddaa3bb8abe06-KIX'), (b'alt-svc', b'h3=":443"; ma=86400')])
2025-11-04 03:14:55,613 INFO httpx: HTTP Request: POST https://api.openai.com/v1/chat/completions "HTTP/1.1 429 Too Many Requests"
2025-11-04 03:14:55,613 DEBUG httpcore.http11: receive_response_body.started request=<Request [b'POST']>
2025-11-04 03:14:55,613 DEBUG httpcore.http11: receive_response_body.complete
2025-11-04 03:14:55,613 DEBUG httpcore.http11: response_closed.started
2025-11-04 03:14:55,614 DEBUG httpcore.http11: response_closed.complete
2025-11-04 03:14:55,614 DEBUG openai._base_client: HTTP Response: POST https://api.openai.com/v1/chat/completions "429 Too Many Requests" Headers({'date': 'Mon, 03 Nov 2025 18:14:55 GMT', 'content-type': 'application/json; charset=utf-8', 'content-length': '337', 'connection': 'keep-alive', 'vary': 'Origin', 'x-request-id': 'req_2f1a03a5ce1f4eb6933162e6533b90b0', 'x-envoy-upstream-service-time': '6', 'x-openai-proxy-wasm': 'v0.1', 'cf-cache-status': 'DYNAMIC', 'strict-transport-security': 'max-age=31536000; includeSubDomains; preload', 'x-content-type-options': 'nosniff', 'server': 'cloudflare', 'cf-ray': '998ddaa3bb8abe06-KIX', 'alt-svc': 'h3=":443"; ma=86400'})
2025-11-04 03:14:55,614 DEBUG openai._base_client: request_id: req_2f1a03a5ce1f4eb6933162e6533b90b0
2025-11-04 03:14:55,614 DEBUG openai._base_client: Encountered httpx.HTTPStatusError
Traceback (most recent call last):
  File "C:\Users\user\workfolders\imabari3dcad\.venv\lib\site-packages\openai\_base_client.py", line 1574, in request
    response.raise_for_status()
  File "C:\Users\user\workfolders\imabari3dcad\.venv\lib\site-packages\httpx\_models.py", line 829, in raise_for_status
    raise HTTPStatusError(message, request=request, response=self)
httpx.HTTPStatusError: Client error '429 Too Many Requests' for url 'https://api.openai.com/v1/chat/completions'
For more information check: https://developer.mozilla.org/en-US/docs/Web/HTTP/Status/429
2025-11-04 03:14:55,614 DEBUG openai._base_client: Retrying due to status code 429
2025-11-04 03:14:55,615 DEBUG openai._base_client: 3 retries left
2025-11-04 03:14:55,615 INFO openai._base_client: Retrying request to /chat/completions in 0.387891 seconds
2025-11-04 03:14:55,631 DEBUG httpcore.http11: receive_response_headers.complete return_value=(b'HTTP/1.1', 429, b'Too Many Requests', [(b'Date', b'Mon, 03 Nov 2025 18:14:55 GMT'), (b'Content-Type', b'application/json; charset=utf-8'), (b'Content-Length', b'337'), (b'Connection', b'keep-alive'), (b'vary', b'Origin'), (b'x-request-id', b'req_a82233bc0b8e4709b79d5957bf415bb9'), (b'x-envoy-upstream-service-time', b'15'), (b'x-openai-proxy-wasm', b'v0.1'), (b'cf-cache-status', b'DYNAMIC'), (b'Strict-Transport-Security', b'max-age=31536000; includeSubDomains; preload'), (b'X-Content-Type-Options', b'nosniff'), (b'Server', b'cloudflare'), (b'CF-RAY', b'998ddaa3b8aa8373-KIX'), (b'alt-svc', b'h3=":443"; ma=86400')])
2025-11-04 03:14:55,632 INFO httpx: HTTP Request: POST https://api.openai.com/v1/chat/completions "HTTP/1.1 429 Too Many Requests"
2025-11-04 03:14:55,632 DEBUG httpcore.http11: receive_response_body.started request=<Request [b'POST']>
2025-11-04 03:14:55,632 DEBUG httpcore.http11: receive_response_body.complete
2025-11-04 03:14:55,632 DEBUG httpcore.http11: response_closed.started
2025-11-04 03:14:55,632 DEBUG httpcore.http11: response_closed.complete
2025-11-04 03:14:55,632 DEBUG openai._base_client: HTTP Response: POST https://api.openai.com/v1/chat/completions "429 Too Many Requests" Headers({'date': 'Mon, 03 Nov 2025 18:14:55 GMT', 'content-type': 'application/json; charset=utf-8', 'content-length': '337', 'connection': 'keep-alive', 'vary': 'Origin', 'x-request-id': 'req_a82233bc0b8e4709b79d5957bf415bb9', 'x-envoy-upstream-service-time': '15', 'x-openai-proxy-wasm': 'v0.1', 'cf-cache-status': 'DYNAMIC', 'strict-transport-security': 'max-age=31536000; includeSubDomains; preload', 'x-content-type-options': 'nosniff', 'server': 'cloudflare', 'cf-ray': '998ddaa3b8aa8373-KIX', 'alt-svc': 'h3=":443"; ma=86400'})
2025-11-04 03:14:55,633 DEBUG openai._base_client: request_id: req_a82233bc0b8e4709b79d5957bf415bb9
2025-11-04 03:14:55,633 DEBUG openai._base_client: Encountered httpx.HTTPStatusError
Traceback (most recent call last):
  File "C:\Users\user\workfolders\imabari3dcad\.venv\lib\site-packages\openai\_base_client.py", line 1574, in request
    response.raise_for_status()
  File "C:\Users\user\workfolders\imabari3dcad\.venv\lib\site-packages\httpx\_models.py", line 829, in raise_for_status
    raise HTTPStatusError(message, request=request, response=self)
httpx.HTTPStatusError: Client error '429 Too Many Requests' for url 'https://api.openai.com/v1/chat/completions'
For more information check: https://developer.mozilla.org/en-US/docs/Web/HTTP/Status/429
2025-11-04 03:14:55,633 DEBUG openai._base_client: Retrying due to status code 429
2025-11-04 03:14:55,633 DEBUG openai._base_client: 2 retries left
2025-11-04 03:14:55,633 INFO openai._base_client: Retrying request to /chat/completions in 0.964424 seconds
2025-11-04 03:14:55,720 DEBUG openai._base_client: Request options: {'method': 'post', 'url': '/chat/completions', 'files': None, 'idempotency_key': 'stainless-python-retry-9a54d11c-3f5b-42be-9bbd-40820a984dee', 'json_data': {'messages': [{'role': 'user', 'content': "Some text is provided below. Given the text, extract up to 10 knowledge triplets in the form of (subject, predicate, object). Avoid stopwords.\n---------------------\nExample:Text: Alice is Bob's mother.Triplets:\n(Alice, is mother of, Bob)\nText: Philz is a coffee shop founded in Berkeley in 1982.\nTriplets:\n(Philz, is, coffee shop)\n(Philz, founded in, Berkeley)\n(Philz, founded in, 1982)\n---------------------\nText: document_id: C:\\Users\\user\\workfolders\\imabari3dcad\\evoship\\EVOSHIP_HELP_FILES\\about_annotation_styles_list_dialog.html\nsource_path: C:\\Users\\user\\workfolders\\imabari3dcad\\evoship\\EVOSHIP_HELP_FILES\\about_annotation_styles_list_dialog.html\nsection_id: 63b6e7402b72bbc0ee5ee65317fb67b077dbc465\ntitle: 注記・寸法スタイル設定\nsection_heading: 注記・寸法スタイル設定\nsection_level: 2\nsection_index: 0\nlast_modified: 2025-08-06T13:57:54+00:00\nextracted_at: 2025-11-03T18:14:07+00:00\ndata_source: EVOSHIP_HELP_FILES\nchunk_id: eea2b71a-a3c9-4a33-ac13-47d63ed3aadc\nchunk_index: 0\ntext_length: 570\nstart_char_idx: 0\nend_char_idx: 570\nnodes: [EntityNode(label='HelpDocument', embedding=None, properties={'document_id': 'C:\\\\Users\\\\user\\\\workfolders\\\\imabari3dcad\\\\evoship\\\\EVOSHIP_HELP_FILES\\\\about_annotation_styles_list_dialog.html', 'source_path': 'C:\\\\Users\\\\user\\\\workfolders\\\\imabari3dcad\\\\evoship\\\\EVOSHIP_HELP_FILES\\\\about_annotation_styles_list_dialog.html', 'title': '注記・寸法スタイル設定', 'headings': ['注記・寸法スタイル設定', '注記スタイルの管理', '注記スタイルの作成', '適用ずみスタイルの更新'], 'section_count': 4, 'last_modified': '2025-08-06T13:57:54+00:00', 'extracted_at': '2025-11-03T18:14:07+00:00', 'data_source': 'EVOSHIP_HELP_FILES'}, name='C:\\\\Users\\\\user\\\\workfolders\\\\imabari3dcad\\\\evoship\\\\EVOSHIP_HELP_FILES\\\\about_annotation_styles_list_dialog.html'), EntityNode(label='HelpSection', embedding=None, properties={'section_id': '63b6e7402b72bbc0ee5ee65317fb67b077dbc465', 'document_id': 'C:\\\\Users\\\\user\\\\workfolders\\\\imabari3dcad\\\\evoship\\\\EVOSHIP_HELP_FILES\\\\about_annotation_styles_list_dialog.html', 'source_path': 'C:\\\\Users\\\\user\\\\workfolders\\\\imabari3dcad\\\\evoship\\\\EVOSHIP_HELP_FILES\\\\about_annotation_styles_list_dialog.html', 'title': '注記・寸法スタイル設定', 'section_heading': '注記・寸法スタイル設定', 'section_level': 2, 'section_index': 0, 'last_modified': '2025-08-06T13:57:54+00:00', 'extracted_at': '2025-11-03T18:14:07+00:00', 'data_source': 'EVOSHIP_HELP_FILES'}, name='63b6e7402b72bbc0ee5ee65317fb67b077dbc465'), ChunkNode(label='HelpChunk', embedding=None, properties={'chunk_id': 'eea2b71a-a3c9-4a33-ac13-47d63ed3aadc', 'document_id': 'C:\\\\Users\\\\user\\\\workfolders\\\\imabari3dcad\\\\evoship\\\\EVOSHIP_HELP_FILES\\\\about_annotation_styles_list_dialog.html', 'section_id': '63b6e7402b72bbc0ee5ee65317fb67b077dbc465', 'source_path': 'C:\\\\Users\\\\user\\\\workfolders\\\\imabari3dcad\\\\evoship\\\\EVOSHIP_HELP_FILES\\\\about_annotation_styles_list_dialog.html', 'title': '注記・寸法スタイル設定', 'section_heading': '注記・寸法スタイル設定', 'section_level': 2, 'section_index': 0, 'last_modified': '2025-08-06T13:57:54+00:00', 'extracted_at': '2025-11-03T18:14:07+00:00', 'chunk_index': 0, 'text_length': 570, 'start_char_idx': 0, 'end_char_idx': 570, 'data_source': 'EVOSHIP_HELP_FILES'}, text='注記・寸法スタイル設定\\n\\n注記や寸法の各種パラメータは、要素ひとつひとつに設定することもできますし、スケッチや図面にまとめてパラメータを設定しておいて、注記や寸法はみずからが属するスケッチに設定しておいたパラメータを参照するようにもできます。この「まとめて設定しておくパラメータ」のことを注記スタイルといいます。 注記スタイルの管理 「注記・寸法スタイル設定」ウィンドウで作成した注記スタイルは、システム設定として保存されます。注記スタイルをスケッチや図面に適用すると、スケッチや図面はそのスタイルのコピーを保持します。スケッチや図面にスタイルを適用してから、「注記・寸法スタイル設定」ウィンドウでそのスタイルを編集しても、スケッチや図面が保持している「コピーされた」スタイルは変更されません。 注記スタイルの作成 左側のスタイル一覧が表示されている欄でコンテキストメニューを表示し、「スタイル設定の追加」をクリックします。また、「モデルのスタイル設定を追加」をクリックすると、いま開いているモデル内のスケッチや図面が保持している注記スタイルがすべてスタイル一覧に追加されます。 また、既存のスタイルを元にして新しくスタイルを作りたい場合は、スタイルを選択してコンテキストメニューを表示し、「スタイル設定（コピー）の追加」をクリックします。', id_='eea2b71a-a3c9-4a33-ac13-47d63ed3aadc')]\nrelations: [Relation(label='HAS_SECTION', source_id='C:\\\\Users\\\\user\\\\workfolders\\\\imabari3dcad\\\\evoship\\\\EVOSHIP_HELP_FILES\\\\about_annotation_styles_list_dialog.html', target_id='63b6e7402b72bbc0ee5ee65317fb67b077dbc465', properties={'data_source': 'EVOSHIP_HELP_FILES'}), Relation(label='HAS_CHUNK', source_id='C:\\\\Users\\\\user\\\\workfolders\\\\imabari3dcad\\\\evoship\\\\EVOSHIP_HELP_FILES\\\\about_annotation_styles_list_dialog.html', target_id='eea2b71a-a3c9-4a33-ac13-47d63ed3aadc', properties={'data_source': 'EVOSHIP_HELP_FILES', 'section_id': '63b6e7402b72bbc0ee5ee65317fb67b077dbc465', 'chunk_index': 0}), Relation(label='HAS_CHUNK', source_id='63b6e7402b72bbc0ee5ee65317fb67b077dbc465', target_id='eea2b71a-a3c9-4a33-ac13-47d63ed3aadc', properties={'data_source': 'EVOSHIP_HELP_FILES', 'chunk_index': 0})]\n\n注記・寸法スタイル設定\n\n注記や寸法の各種パラメータは、要素ひとつひとつに設定することもできますし、スケッチや図面にまとめてパラメータを設定しておいて、注記や寸法はみずからが属するスケッチに設定しておいたパラメータを参照するようにもできます。この「まとめて設定しておくパラメータ」のことを注記スタイルといいます。 注記スタイルの管理 「注記・寸法スタイル設定」ウィンドウで作成した注記スタイルは、システム設定として保存されます。注記スタイルをスケッチや図面に適用すると、スケッチや図面はそのスタイルのコピーを保持します。スケッチや図面にスタイルを適用してから、「注記・寸法スタイル設定」ウィンドウでそのスタイルを編集しても、スケッチや図面が保持している「コピーされた」スタイルは変更されません。 注記スタイルの作成 左側のスタイル一覧が表示されている欄でコンテキストメニューを表示し、「スタイル設定の追加」をクリックします。また、「モデルのスタイル設定を追加」をクリックすると、いま開いているモデル内のスケッチや図面が保持している注記スタイルがすべてスタイル一覧に追加されます。 また、既存のスタイルを元にして新しくスタイルを作りたい場合は、スタイルを選択してコンテキストメニューを表示し、「スタイル設定（コピー）の追加」をクリックします。\nTriplets:\n"}], 'model': 'gpt-5-nano', 'stream': False, 'temperature': 1.0}}
2025-11-04 03:14:55,721 DEBUG openai._base_client: Sending HTTP Request: POST https://api.openai.com/v1/chat/completions
2025-11-04 03:14:55,722 DEBUG httpcore.http11: send_request_headers.started request=<Request [b'POST']>
2025-11-04 03:14:55,723 DEBUG httpcore.http11: send_request_headers.complete
2025-11-04 03:14:55,723 DEBUG httpcore.http11: send_request_body.started request=<Request [b'POST']>
2025-11-04 03:14:55,724 DEBUG httpcore.http11: send_request_body.complete
2025-11-04 03:14:55,724 DEBUG httpcore.http11: receive_response_headers.started request=<Request [b'POST']>
2025-11-04 03:14:55,799 DEBUG openai._base_client: Request options: {'method': 'post', 'url': '/chat/completions', 'files': None, 'idempotency_key': 'stainless-python-retry-1cfcbacf-089c-40d8-975a-746611eb77cb', 'json_data': {'messages': [{'role': 'user', 'content': "Some text is provided below. Given the text, extract up to 10 knowledge triplets in the form of (subject, predicate, object). Avoid stopwords.\n---------------------\nExample:Text: Alice is Bob's mother.Triplets:\n(Alice, is mother of, Bob)\nText: Philz is a coffee shop founded in Berkeley in 1982.\nTriplets:\n(Philz, is, coffee shop)\n(Philz, founded in, Berkeley)\n(Philz, founded in, 1982)\n---------------------\nText: document_id: C:\\Users\\user\\workfolders\\imabari3dcad\\evoship\\EVOSHIP_HELP_FILES\\about_annotation_styles_list_dialog.html\nsource_path: C:\\Users\\user\\workfolders\\imabari3dcad\\evoship\\EVOSHIP_HELP_FILES\\about_annotation_styles_list_dialog.html\nsection_id: 71bd4ac5cfe31b1a99355b3e4d691c83deea1ffc\ntitle: 注記・寸法スタイル設定\nsection_heading: 注記スタイルの管理\nsection_level: 3\nsection_index: 1\nlast_modified: 2025-08-06T13:57:54+00:00\nextracted_at: 2025-11-03T18:14:07+00:00\ndata_source: EVOSHIP_HELP_FILES\nchunk_id: 95ba70c0-d17d-410a-b4f4-4ef46d8a0f92\nchunk_index: 0\ntext_length: 191\nstart_char_idx: 0\nend_char_idx: 191\nnodes: [EntityNode(label='HelpDocument', embedding=None, properties={'document_id': 'C:\\\\Users\\\\user\\\\workfolders\\\\imabari3dcad\\\\evoship\\\\EVOSHIP_HELP_FILES\\\\about_annotation_styles_list_dialog.html', 'source_path': 'C:\\\\Users\\\\user\\\\workfolders\\\\imabari3dcad\\\\evoship\\\\EVOSHIP_HELP_FILES\\\\about_annotation_styles_list_dialog.html', 'title': '注記・寸法スタイル設定', 'headings': ['注記・寸法スタイル設定', '注記スタイルの管理', '注記スタイルの作成', '適用ずみスタイルの更新'], 'section_count': 4, 'last_modified': '2025-08-06T13:57:54+00:00', 'extracted_at': '2025-11-03T18:14:07+00:00', 'data_source': 'EVOSHIP_HELP_FILES'}, name='C:\\\\Users\\\\user\\\\workfolders\\\\imabari3dcad\\\\evoship\\\\EVOSHIP_HELP_FILES\\\\about_annotation_styles_list_dialog.html'), EntityNode(label='HelpSection', embedding=None, properties={'section_id': '71bd4ac5cfe31b1a99355b3e4d691c83deea1ffc', 'document_id': 'C:\\\\Users\\\\user\\\\workfolders\\\\imabari3dcad\\\\evoship\\\\EVOSHIP_HELP_FILES\\\\about_annotation_styles_list_dialog.html', 'source_path': 'C:\\\\Users\\\\user\\\\workfolders\\\\imabari3dcad\\\\evoship\\\\EVOSHIP_HELP_FILES\\\\about_annotation_styles_list_dialog.html', 'title': '注記・寸法スタイル設定', 'section_heading': '注記スタイルの管理', 'section_level': 3, 'section_index': 1, 'last_modified': '2025-08-06T13:57:54+00:00', 'extracted_at': '2025-11-03T18:14:07+00:00', 'data_source': 'EVOSHIP_HELP_FILES'}, name='71bd4ac5cfe31b1a99355b3e4d691c83deea1ffc'), ChunkNode(label='HelpChunk', embedding=None, properties={'chunk_id': '95ba70c0-d17d-410a-b4f4-4ef46d8a0f92', 'document_id': 'C:\\\\Users\\\\user\\\\workfolders\\\\imabari3dcad\\\\evoship\\\\EVOSHIP_HELP_FILES\\\\about_annotation_styles_list_dialog.html', 'section_id': '71bd4ac5cfe31b1a99355b3e4d691c83deea1ffc', 'source_path': 'C:\\\\Users\\\\user\\\\workfolders\\\\imabari3dcad\\\\evoship\\\\EVOSHIP_HELP_FILES\\\\about_annotation_styles_list_dialog.html', 'title': '注記・寸法スタイル設定', 'section_heading': '注記スタイルの管理', 'section_level': 3, 'section_index': 1, 'last_modified': '2025-08-06T13:57:54+00:00', 'extracted_at': '2025-11-03T18:14:07+00:00', 'chunk_index': 0, 'text_length': 191, 'start_char_idx': 0, 'end_char_idx': 191, 'data_source': 'EVOSHIP_HELP_FILES'}, text='注記スタイルの管理\\n\\n「注記・寸法スタイル設定」ウィンドウで作成した注記スタイルは、システム設定として保存されます。注記スタイルをスケッチや図面に適用すると、スケッチや図面はそのスタイルのコピーを保持します。スケッチや図面にスタイルを適用してから、「注記・寸法スタイル設定」ウィンドウでそのスタイルを編集しても、スケッチや図面が保持している「コピーされた」スタイルは変更されません。', id_='95ba70c0-d17d-410a-b4f4-4ef46d8a0f92')]\nrelations: [Relation(label='HAS_SECTION', source_id='C:\\\\Users\\\\user\\\\workfolders\\\\imabari3dcad\\\\evoship\\\\EVOSHIP_HELP_FILES\\\\about_annotation_styles_list_dialog.html', target_id='71bd4ac5cfe31b1a99355b3e4d691c83deea1ffc', properties={'data_source': 'EVOSHIP_HELP_FILES'}), Relation(label='HAS_CHUNK', source_id='C:\\\\Users\\\\user\\\\workfolders\\\\imabari3dcad\\\\evoship\\\\EVOSHIP_HELP_FILES\\\\about_annotation_styles_list_dialog.html', target_id='95ba70c0-d17d-410a-b4f4-4ef46d8a0f92', properties={'data_source': 'EVOSHIP_HELP_FILES', 'section_id': '71bd4ac5cfe31b1a99355b3e4d691c83deea1ffc', 'chunk_index': 0}), Relation(label='HAS_CHUNK', source_id='71bd4ac5cfe31b1a99355b3e4d691c83deea1ffc', target_id='95ba70c0-d17d-410a-b4f4-4ef46d8a0f92', properties={'data_source': 'EVOSHIP_HELP_FILES', 'chunk_index': 0})]\n\n注記スタイルの管理\n\n「注記・寸法スタイル設定」ウィンドウで作成した注記スタイルは、システム設定として保存されます。注記スタイルをスケッチや図面に適用すると、スケッチや図面はそのスタイルのコピーを保持します。スケッチや図面にスタイルを適用してから、「注記・寸法スタイル設定」ウィンドウでそのスタイルを編集しても、スケッチや図面が保持している「コピーされた」スタイルは変更されません。\nTriplets:\n"}], 'model': 'gpt-5-nano', 'stream': False, 'temperature': 1.0}}
2025-11-04 03:14:55,800 DEBUG openai._base_client: Sending HTTP Request: POST https://api.openai.com/v1/chat/completions
2025-11-04 03:14:55,801 DEBUG httpcore.http11: send_request_headers.started request=<Request [b'POST']>
2025-11-04 03:14:55,801 DEBUG httpcore.http11: send_request_headers.complete
2025-11-04 03:14:55,801 DEBUG httpcore.http11: send_request_body.started request=<Request [b'POST']>
2025-11-04 03:14:55,802 DEBUG httpcore.http11: send_request_body.complete
2025-11-04 03:14:55,802 DEBUG httpcore.http11: receive_response_headers.started request=<Request [b'POST']>
2025-11-04 03:14:55,922 DEBUG httpcore.http11: receive_response_headers.complete return_value=(b'HTTP/1.1', 429, b'Too Many Requests', [(b'Date', b'Mon, 03 Nov 2025 18:14:55 GMT'), (b'Content-Type', b'application/json; charset=utf-8'), (b'Content-Length', b'337'), (b'Connection', b'keep-alive'), (b'vary', b'Origin'), (b'x-request-id', b'req_946c72bd490f49548841c2ca832a8c50'), (b'x-envoy-upstream-service-time', b'20'), (b'x-openai-proxy-wasm', b'v0.1'), (b'cf-cache-status', b'DYNAMIC'), (b'Strict-Transport-Security', b'max-age=31536000; includeSubDomains; preload'), (b'X-Content-Type-Options', b'nosniff'), (b'Server', b'cloudflare'), (b'CF-RAY', b'998ddaa58d3ebe06-KIX'), (b'alt-svc', b'h3=":443"; ma=86400')])
2025-11-04 03:14:55,923 INFO httpx: HTTP Request: POST https://api.openai.com/v1/chat/completions "HTTP/1.1 429 Too Many Requests"
2025-11-04 03:14:55,923 DEBUG httpcore.http11: receive_response_body.started request=<Request [b'POST']>
2025-11-04 03:14:55,924 DEBUG httpcore.http11: receive_response_body.complete
2025-11-04 03:14:55,924 DEBUG httpcore.http11: response_closed.started
2025-11-04 03:14:55,924 DEBUG httpcore.http11: response_closed.complete
2025-11-04 03:14:55,925 DEBUG openai._base_client: HTTP Response: POST https://api.openai.com/v1/chat/completions "429 Too Many Requests" Headers({'date': 'Mon, 03 Nov 2025 18:14:55 GMT', 'content-type': 'application/json; charset=utf-8', 'content-length': '337', 'connection': 'keep-alive', 'vary': 'Origin', 'x-request-id': 'req_946c72bd490f49548841c2ca832a8c50', 'x-envoy-upstream-service-time': '20', 'x-openai-proxy-wasm': 'v0.1', 'cf-cache-status': 'DYNAMIC', 'strict-transport-security': 'max-age=31536000; includeSubDomains; preload', 'x-content-type-options': 'nosniff', 'server': 'cloudflare', 'cf-ray': '998ddaa58d3ebe06-KIX', 'alt-svc': 'h3=":443"; ma=86400'})
2025-11-04 03:14:55,925 DEBUG openai._base_client: request_id: req_946c72bd490f49548841c2ca832a8c50
2025-11-04 03:14:55,925 DEBUG openai._base_client: Encountered httpx.HTTPStatusError
Traceback (most recent call last):
  File "C:\Users\user\workfolders\imabari3dcad\.venv\lib\site-packages\openai\_base_client.py", line 1574, in request
    response.raise_for_status()
  File "C:\Users\user\workfolders\imabari3dcad\.venv\lib\site-packages\httpx\_models.py", line 829, in raise_for_status
    raise HTTPStatusError(message, request=request, response=self)
httpx.HTTPStatusError: Client error '429 Too Many Requests' for url 'https://api.openai.com/v1/chat/completions'
For more information check: https://developer.mozilla.org/en-US/docs/Web/HTTP/Status/429
2025-11-04 03:14:55,926 DEBUG openai._base_client: Retrying due to status code 429
2025-11-04 03:14:55,926 DEBUG openai._base_client: 2 retries left
2025-11-04 03:14:55,926 INFO openai._base_client: Retrying request to /chat/completions in 0.846575 seconds
2025-11-04 03:14:55,990 DEBUG httpcore.http11: receive_response_headers.complete return_value=(b'HTTP/1.1', 429, b'Too Many Requests', [(b'Date', b'Mon, 03 Nov 2025 18:14:55 GMT'), (b'Content-Type', b'application/json; charset=utf-8'), (b'Content-Length', b'337'), (b'Connection', b'keep-alive'), (b'vary', b'Origin'), (b'x-request-id', b'req_9e1c2caa45a84270b9192127f4dc540c'), (b'x-envoy-upstream-service-time', b'8'), (b'x-openai-proxy-wasm', b'v0.1'), (b'cf-cache-status', b'DYNAMIC'), (b'Strict-Transport-Security', b'max-age=31536000; includeSubDomains; preload'), (b'X-Content-Type-Options', b'nosniff'), (b'Server', b'cloudflare'), (b'CF-RAY', b'998ddaa609b08373-KIX'), (b'alt-svc', b'h3=":443"; ma=86400')])
2025-11-04 03:14:55,990 INFO httpx: HTTP Request: POST https://api.openai.com/v1/chat/completions "HTTP/1.1 429 Too Many Requests"
2025-11-04 03:14:55,991 DEBUG httpcore.http11: receive_response_body.started request=<Request [b'POST']>
2025-11-04 03:14:55,991 DEBUG httpcore.http11: receive_response_body.complete
2025-11-04 03:14:55,991 DEBUG httpcore.http11: response_closed.started
2025-11-04 03:14:55,991 DEBUG openai._base_client: Request options: {'method': 'post', 'url': '/chat/completions', 'files': None, 'idempotency_key': 'stainless-python-retry-16f59b81-a9b0-48ec-a2a9-b052ecff7d6d', 'json_data': {'messages': [{'role': 'user', 'content': "Some text is provided below. Given the text, extract up to 10 knowledge triplets in the form of (subject, predicate, object). Avoid stopwords.\n---------------------\nExample:Text: Alice is Bob's mother.Triplets:\n(Alice, is mother of, Bob)\nText: Philz is a coffee shop founded in Berkeley in 1982.\nTriplets:\n(Philz, is, coffee shop)\n(Philz, founded in, Berkeley)\n(Philz, founded in, 1982)\n---------------------\nText: document_id: C:\\Users\\user\\workfolders\\imabari3dcad\\evoship\\EVOSHIP_HELP_FILES\\about_annotation_styles_list_dialog.html\nsource_path: C:\\Users\\user\\workfolders\\imabari3dcad\\evoship\\EVOSHIP_HELP_FILES\\about_annotation_styles_list_dialog.html\nsection_id: 63b6e7402b72bbc0ee5ee65317fb67b077dbc465\ntitle: 注記・寸法スタイル設定\nsection_heading: 注記・寸法スタイル設定\nsection_level: 2\nsection_index: 0\nlast_modified: 2025-08-06T13:57:54+00:00\nextracted_at: 2025-11-03T18:14:07+00:00\ndata_source: EVOSHIP_HELP_FILES\nchunk_id: 022e3c79-4d57-4793-869b-5bc5afbfd59c\nchunk_index: 1\ntext_length: 330\nstart_char_idx: 490\nend_char_idx: 820\nnodes: [EntityNode(label='HelpDocument', embedding=None, properties={'document_id': 'C:\\\\Users\\\\user\\\\workfolders\\\\imabari3dcad\\\\evoship\\\\EVOSHIP_HELP_FILES\\\\about_annotation_styles_list_dialog.html', 'source_path': 'C:\\\\Users\\\\user\\\\workfolders\\\\imabari3dcad\\\\evoship\\\\EVOSHIP_HELP_FILES\\\\about_annotation_styles_list_dialog.html', 'title': '注記・寸法スタイル設定', 'headings': ['注記・寸法スタイル設定', '注記スタイルの管理', '注記スタイルの作成', '適用ずみスタイルの更新'], 'section_count': 4, 'last_modified': '2025-08-06T13:57:54+00:00', 'extracted_at': '2025-11-03T18:14:07+00:00', 'data_source': 'EVOSHIP_HELP_FILES'}, name='C:\\\\Users\\\\user\\\\workfolders\\\\imabari3dcad\\\\evoship\\\\EVOSHIP_HELP_FILES\\\\about_annotation_styles_list_dialog.html'), EntityNode(label='HelpSection', embedding=None, properties={'section_id': '63b6e7402b72bbc0ee5ee65317fb67b077dbc465', 'document_id': 'C:\\\\Users\\\\user\\\\workfolders\\\\imabari3dcad\\\\evoship\\\\EVOSHIP_HELP_FILES\\\\about_annotation_styles_list_dialog.html', 'source_path': 'C:\\\\Users\\\\user\\\\workfolders\\\\imabari3dcad\\\\evoship\\\\EVOSHIP_HELP_FILES\\\\about_annotation_styles_list_dialog.html', 'title': '注記・寸法スタイル設定', 'section_heading': '注記・寸法スタイル設定', 'section_level': 2, 'section_index': 0, 'last_modified': '2025-08-06T13:57:54+00:00', 'extracted_at': '2025-11-03T18:14:07+00:00', 'data_source': 'EVOSHIP_HELP_FILES'}, name='63b6e7402b72bbc0ee5ee65317fb67b077dbc465'), ChunkNode(label='HelpChunk', embedding=None, properties={'chunk_id': '022e3c79-4d57-4793-869b-5bc5afbfd59c', 'document_id': 'C:\\\\Users\\\\user\\\\workfolders\\\\imabari3dcad\\\\evoship\\\\EVOSHIP_HELP_FILES\\\\about_annotation_styles_list_dialog.html', 'section_id': '63b6e7402b72bbc0ee5ee65317fb67b077dbc465', 'source_path': 'C:\\\\Users\\\\user\\\\workfolders\\\\imabari3dcad\\\\evoship\\\\EVOSHIP_HELP_FILES\\\\about_annotation_styles_list_dialog.html', 'title': '注記・寸法スタイル設定', 'section_heading': '注記・寸法スタイル設定', 'section_level': 2, 'section_index': 0, 'last_modified': '2025-08-06T13:57:54+00:00', 'extracted_at': '2025-11-03T18:14:07+00:00', 'chunk_index': 1, 'text_length': 330, 'start_char_idx': 490, 'end_char_idx': 820, 'data_source': 'EVOSHIP_HELP_FILES'}, text='また、既存のスタイルを元にして新しくスタイルを作りたい場合は、スタイルを選択してコンテキストメニューを表示し、「スタイル設定（コピー）の追加」をクリックします。 適用ずみスタイルの更新 ウィンドウ右下の「モデルの更新」ボタンをクリックすると、「注記・寸法スタイル設定」ウィンドウで管理している（システム設定として保存されている）各スタイルについて、スケッチや図面に適用ずみのスタイルで同名のものがあると、その適用ずみスタイルをシステム設定のスタイルで上書きします。 スタイル一覧に同名のスタイルが複数存在すると、それらのうちひとつだけが適用ずみスタイルの上書きに使われて、残りは無視されてしまいます。同名のスタイルを作るのはできるだけ避けるようにしてください。', id_='022e3c79-4d57-4793-869b-5bc5afbfd59c')]\nrelations: [Relation(label='HAS_SECTION', source_id='C:\\\\Users\\\\user\\\\workfolders\\\\imabari3dcad\\\\evoship\\\\EVOSHIP_HELP_FILES\\\\about_annotation_styles_list_dialog.html', target_id='63b6e7402b72bbc0ee5ee65317fb67b077dbc465', properties={'data_source': 'EVOSHIP_HELP_FILES'}), Relation(label='HAS_CHUNK', source_id='C:\\\\Users\\\\user\\\\workfolders\\\\imabari3dcad\\\\evoship\\\\EVOSHIP_HELP_FILES\\\\about_annotation_styles_list_dialog.html', target_id='022e3c79-4d57-4793-869b-5bc5afbfd59c', properties={'data_source': 'EVOSHIP_HELP_FILES', 'section_id': '63b6e7402b72bbc0ee5ee65317fb67b077dbc465', 'chunk_index': 1}), Relation(label='HAS_CHUNK', source_id='63b6e7402b72bbc0ee5ee65317fb67b077dbc465', target_id='022e3c79-4d57-4793-869b-5bc5afbfd59c', properties={'data_source': 'EVOSHIP_HELP_FILES', 'chunk_index': 1})]\n\nまた、既存のスタイルを元にして新しくスタイルを作りたい場合は、スタイルを選択してコンテキストメニューを表示し、「スタイル設定（コピー）の追加」をクリックします。 適用ずみスタイルの更新 ウィンドウ右下の「モデルの更新」ボタンをクリックすると、「注記・寸法スタイル設定」ウィンドウで管理している（システム設定として保存されている）各スタイルについて、スケッチや図面に適用ずみのスタイルで同名のものがあると、その適用ずみスタイルをシステム設定のスタイルで上書きします。 スタイル一覧に同名のスタイルが複数存在すると、それらのうちひとつだけが適用ずみスタイルの上書きに使われて、残りは無視されてしまいます。同名のスタイルを作るのはできるだけ避けるようにしてください。\nTriplets:\n"}], 'model': 'gpt-5-nano', 'stream': False, 'temperature': 1.0}}
2025-11-04 03:14:55,992 DEBUG openai._base_client: Sending HTTP Request: POST https://api.openai.com/v1/chat/completions
2025-11-04 03:14:55,993 DEBUG httpcore.http11: response_closed.complete
2025-11-04 03:14:55,993 DEBUG openai._base_client: HTTP Response: POST https://api.openai.com/v1/chat/completions "429 Too Many Requests" Headers({'date': 'Mon, 03 Nov 2025 18:14:55 GMT', 'content-type': 'application/json; charset=utf-8', 'content-length': '337', 'connection': 'keep-alive', 'vary': 'Origin', 'x-request-id': 'req_9e1c2caa45a84270b9192127f4dc540c', 'x-envoy-upstream-service-time': '8', 'x-openai-proxy-wasm': 'v0.1', 'cf-cache-status': 'DYNAMIC', 'strict-transport-security': 'max-age=31536000; includeSubDomains; preload', 'x-content-type-options': 'nosniff', 'server': 'cloudflare', 'cf-ray': '998ddaa609b08373-KIX', 'alt-svc': 'h3=":443"; ma=86400'})
2025-11-04 03:14:55,993 DEBUG openai._base_client: request_id: req_9e1c2caa45a84270b9192127f4dc540c
2025-11-04 03:14:55,993 DEBUG openai._base_client: Encountered httpx.HTTPStatusError
Traceback (most recent call last):
  File "C:\Users\user\workfolders\imabari3dcad\.venv\lib\site-packages\openai\_base_client.py", line 1574, in request
    response.raise_for_status()
  File "C:\Users\user\workfolders\imabari3dcad\.venv\lib\site-packages\httpx\_models.py", line 829, in raise_for_status
    raise HTTPStatusError(message, request=request, response=self)
httpx.HTTPStatusError: Client error '429 Too Many Requests' for url 'https://api.openai.com/v1/chat/completions'
For more information check: https://developer.mozilla.org/en-US/docs/Web/HTTP/Status/429
2025-11-04 03:14:55,994 DEBUG openai._base_client: Retrying due to status code 429
2025-11-04 03:14:55,994 DEBUG openai._base_client: 2 retries left
2025-11-04 03:14:55,994 INFO openai._base_client: Retrying request to /chat/completions in 0.950541 seconds
2025-11-04 03:14:55,994 DEBUG httpcore.http11: send_request_headers.started request=<Request [b'POST']>
2025-11-04 03:14:55,995 DEBUG httpcore.http11: send_request_headers.complete
2025-11-04 03:14:55,995 DEBUG httpcore.http11: send_request_body.started request=<Request [b'POST']>
2025-11-04 03:14:55,995 DEBUG httpcore.http11: send_request_body.complete
2025-11-04 03:14:55,995 DEBUG httpcore.http11: receive_response_headers.started request=<Request [b'POST']>
2025-11-04 03:14:56,177 DEBUG httpcore.http11: receive_response_headers.complete return_value=(b'HTTP/1.1', 429, b'Too Many Requests', [(b'Date', b'Mon, 03 Nov 2025 18:14:56 GMT'), (b'Content-Type', b'application/json; charset=utf-8'), (b'Content-Length', b'337'), (b'Connection', b'keep-alive'), (b'vary', b'Origin'), (b'x-request-id', b'req_b64137a76c3f45378c518c4030b3203e'), (b'x-envoy-upstream-service-time', b'12'), (b'x-openai-proxy-wasm', b'v0.1'), (b'cf-cache-status', b'DYNAMIC'), (b'Strict-Transport-Security', b'max-age=31536000; includeSubDomains; preload'), (b'X-Content-Type-Options', b'nosniff'), (b'Server', b'cloudflare'), (b'CF-RAY', b'998ddaa74f24be06-KIX'), (b'alt-svc', b'h3=":443"; ma=86400')])
2025-11-04 03:14:56,177 INFO httpx: HTTP Request: POST https://api.openai.com/v1/chat/completions "HTTP/1.1 429 Too Many Requests"
2025-11-04 03:14:56,177 DEBUG httpcore.http11: receive_response_body.started request=<Request [b'POST']>
2025-11-04 03:14:56,177 DEBUG httpcore.http11: receive_response_body.complete
2025-11-04 03:14:56,177 DEBUG httpcore.http11: response_closed.started
2025-11-04 03:14:56,179 DEBUG httpcore.http11: response_closed.complete
2025-11-04 03:14:56,179 DEBUG openai._base_client: HTTP Response: POST https://api.openai.com/v1/chat/completions "429 Too Many Requests" Headers({'date': 'Mon, 03 Nov 2025 18:14:56 GMT', 'content-type': 'application/json; charset=utf-8', 'content-length': '337', 'connection': 'keep-alive', 'vary': 'Origin', 'x-request-id': 'req_b64137a76c3f45378c518c4030b3203e', 'x-envoy-upstream-service-time': '12', 'x-openai-proxy-wasm': 'v0.1', 'cf-cache-status': 'DYNAMIC', 'strict-transport-security': 'max-age=31536000; includeSubDomains; preload', 'x-content-type-options': 'nosniff', 'server': 'cloudflare', 'cf-ray': '998ddaa74f24be06-KIX', 'alt-svc': 'h3=":443"; ma=86400'})
2025-11-04 03:14:56,179 DEBUG openai._base_client: request_id: req_b64137a76c3f45378c518c4030b3203e
2025-11-04 03:14:56,179 DEBUG openai._base_client: Encountered httpx.HTTPStatusError
Traceback (most recent call last):
  File "C:\Users\user\workfolders\imabari3dcad\.venv\lib\site-packages\openai\_base_client.py", line 1574, in request
    response.raise_for_status()
  File "C:\Users\user\workfolders\imabari3dcad\.venv\lib\site-packages\httpx\_models.py", line 829, in raise_for_status
    raise HTTPStatusError(message, request=request, response=self)
httpx.HTTPStatusError: Client error '429 Too Many Requests' for url 'https://api.openai.com/v1/chat/completions'
For more information check: https://developer.mozilla.org/en-US/docs/Web/HTTP/Status/429
2025-11-04 03:14:56,180 DEBUG openai._base_client: Retrying due to status code 429
2025-11-04 03:14:56,180 DEBUG openai._base_client: 2 retries left
2025-11-04 03:14:56,180 INFO openai._base_client: Retrying request to /chat/completions in 0.810802 seconds
2025-11-04 03:14:56,612 DEBUG openai._base_client: Request options: {'method': 'post', 'url': '/chat/completions', 'files': None, 'idempotency_key': 'stainless-python-retry-e0fe14d8-79c0-4884-b23e-218e5004289f', 'json_data': {'messages': [{'role': 'user', 'content': "Some text is provided below. Given the text, extract up to 10 knowledge triplets in the form of (subject, predicate, object). Avoid stopwords.\n---------------------\nExample:Text: Alice is Bob's mother.Triplets:\n(Alice, is mother of, Bob)\nText: Philz is a coffee shop founded in Berkeley in 1982.\nTriplets:\n(Philz, is, coffee shop)\n(Philz, founded in, Berkeley)\n(Philz, founded in, 1982)\n---------------------\nText: document_id: C:\\Users\\user\\workfolders\\imabari3dcad\\evoship\\EVOSHIP_HELP_FILES\\about_annotation.html\nsource_path: C:\\Users\\user\\workfolders\\imabari3dcad\\evoship\\EVOSHIP_HELP_FILES\\about_annotation.html\nsection_id: b44e2dce0448c0e4b08e5be898df93f6c4e4f2fc\ntitle: アノーテーション\nsection_heading: アノーテーション\nsection_level: 2\nsection_index: 0\nlast_modified: 2025-08-06T13:57:54+00:00\nextracted_at: 2025-11-03T18:14:07+00:00\ndata_source: EVOSHIP_HELP_FILES\nchunk_id: 8c3a6bbd-bcd8-4dbe-9937-93441f4e2bde\nchunk_index: 0\ntext_length: 36\nstart_char_idx: 0\nend_char_idx: 36\nnodes: [EntityNode(label='HelpDocument', embedding=None, properties={'document_id': 'C:\\\\Users\\\\user\\\\workfolders\\\\imabari3dcad\\\\evoship\\\\EVOSHIP_HELP_FILES\\\\about_annotation.html', 'source_path': 'C:\\\\Users\\\\user\\\\workfolders\\\\imabari3dcad\\\\evoship\\\\EVOSHIP_HELP_FILES\\\\about_annotation.html', 'title': 'アノーテーション', 'headings': ['アノーテーション'], 'section_count': 1, 'last_modified': '2025-08-06T13:57:54+00:00', 'extracted_at': '2025-11-03T18:14:07+00:00', 'data_source': 'EVOSHIP_HELP_FILES'}, name='C:\\\\Users\\\\user\\\\workfolders\\\\imabari3dcad\\\\evoship\\\\EVOSHIP_HELP_FILES\\\\about_annotation.html'), EntityNode(label='HelpSection', embedding=None, properties={'section_id': 'b44e2dce0448c0e4b08e5be898df93f6c4e4f2fc', 'document_id': 'C:\\\\Users\\\\user\\\\workfolders\\\\imabari3dcad\\\\evoship\\\\EVOSHIP_HELP_FILES\\\\about_annotation.html', 'source_path': 'C:\\\\Users\\\\user\\\\workfolders\\\\imabari3dcad\\\\evoship\\\\EVOSHIP_HELP_FILES\\\\about_annotation.html', 'title': 'アノーテーション', 'section_heading': 'アノーテーション', 'section_level': 2, 'section_index': 0, 'last_modified': '2025-08-06T13:57:54+00:00', 'extracted_at': '2025-11-03T18:14:07+00:00', 'data_source': 'EVOSHIP_HELP_FILES'}, name='b44e2dce0448c0e4b08e5be898df93f6c4e4f2fc'), ChunkNode(label='HelpChunk', embedding=None, properties={'chunk_id': '8c3a6bbd-bcd8-4dbe-9937-93441f4e2bde', 'document_id': 'C:\\\\Users\\\\user\\\\workfolders\\\\imabari3dcad\\\\evoship\\\\EVOSHIP_HELP_FILES\\\\about_annotation.html', 'section_id': 'b44e2dce0448c0e4b08e5be898df93f6c4e4f2fc', 'source_path': 'C:\\\\Users\\\\user\\\\workfolders\\\\imabari3dcad\\\\evoship\\\\EVOSHIP_HELP_FILES\\\\about_annotation.html', 'title': 'アノーテーション', 'section_heading': 'アノーテーション', 'section_level': 2, 'section_index': 0, 'last_modified': '2025-08-06T13:57:54+00:00', 'extracted_at': '2025-11-03T18:14:07+00:00', 'chunk_index': 0, 'text_length': 36, 'start_char_idx': 0, 'end_char_idx': 36, 'data_source': 'EVOSHIP_HELP_FILES'}, text='アノーテーション\\n\\n３次元位置や要素上に 注記 をつけることができます。', id_='8c3a6bbd-bcd8-4dbe-9937-93441f4e2bde')]\nrelations: [Relation(label='HAS_SECTION', source_id='C:\\\\Users\\\\user\\\\workfolders\\\\imabari3dcad\\\\evoship\\\\EVOSHIP_HELP_FILES\\\\about_annotation.html', target_id='b44e2dce0448c0e4b08e5be898df93f6c4e4f2fc', properties={'data_source': 'EVOSHIP_HELP_FILES'}), Relation(label='HAS_CHUNK', source_id='C:\\\\Users\\\\user\\\\workfolders\\\\imabari3dcad\\\\evoship\\\\EVOSHIP_HELP_FILES\\\\about_annotation.html', target_id='8c3a6bbd-bcd8-4dbe-9937-93441f4e2bde', properties={'data_source': 'EVOSHIP_HELP_FILES', 'section_id': 'b44e2dce0448c0e4b08e5be898df93f6c4e4f2fc', 'chunk_index': 0}), Relation(label='HAS_CHUNK', source_id='b44e2dce0448c0e4b08e5be898df93f6c4e4f2fc', target_id='8c3a6bbd-bcd8-4dbe-9937-93441f4e2bde', properties={'data_source': 'EVOSHIP_HELP_FILES', 'chunk_index': 0})]\n\nアノーテーション\n\n３次元位置や要素上に 注記 をつけることができます。\nTriplets:\n"}], 'model': 'gpt-5-nano', 'stream': False, 'temperature': 1.0}}
2025-11-04 03:14:56,613 DEBUG openai._base_client: Sending HTTP Request: POST https://api.openai.com/v1/chat/completions
2025-11-04 03:14:56,614 DEBUG httpcore.http11: send_request_headers.started request=<Request [b'POST']>
2025-11-04 03:14:56,614 DEBUG httpcore.http11: send_request_headers.complete
2025-11-04 03:14:56,614 DEBUG httpcore.http11: send_request_body.started request=<Request [b'POST']>
2025-11-04 03:14:56,615 DEBUG httpcore.http11: send_request_body.complete
2025-11-04 03:14:56,615 DEBUG httpcore.http11: receive_response_headers.started request=<Request [b'POST']>
2025-11-04 03:14:56,785 DEBUG openai._base_client: Request options: {'method': 'post', 'url': '/chat/completions', 'files': None, 'idempotency_key': 'stainless-python-retry-9a54d11c-3f5b-42be-9bbd-40820a984dee', 'json_data': {'messages': [{'role': 'user', 'content': "Some text is provided below. Given the text, extract up to 10 knowledge triplets in the form of (subject, predicate, object). Avoid stopwords.\n---------------------\nExample:Text: Alice is Bob's mother.Triplets:\n(Alice, is mother of, Bob)\nText: Philz is a coffee shop founded in Berkeley in 1982.\nTriplets:\n(Philz, is, coffee shop)\n(Philz, founded in, Berkeley)\n(Philz, founded in, 1982)\n---------------------\nText: document_id: C:\\Users\\user\\workfolders\\imabari3dcad\\evoship\\EVOSHIP_HELP_FILES\\about_annotation_styles_list_dialog.html\nsource_path: C:\\Users\\user\\workfolders\\imabari3dcad\\evoship\\EVOSHIP_HELP_FILES\\about_annotation_styles_list_dialog.html\nsection_id: 63b6e7402b72bbc0ee5ee65317fb67b077dbc465\ntitle: 注記・寸法スタイル設定\nsection_heading: 注記・寸法スタイル設定\nsection_level: 2\nsection_index: 0\nlast_modified: 2025-08-06T13:57:54+00:00\nextracted_at: 2025-11-03T18:14:07+00:00\ndata_source: EVOSHIP_HELP_FILES\nchunk_id: eea2b71a-a3c9-4a33-ac13-47d63ed3aadc\nchunk_index: 0\ntext_length: 570\nstart_char_idx: 0\nend_char_idx: 570\nnodes: [EntityNode(label='HelpDocument', embedding=None, properties={'document_id': 'C:\\\\Users\\\\user\\\\workfolders\\\\imabari3dcad\\\\evoship\\\\EVOSHIP_HELP_FILES\\\\about_annotation_styles_list_dialog.html', 'source_path': 'C:\\\\Users\\\\user\\\\workfolders\\\\imabari3dcad\\\\evoship\\\\EVOSHIP_HELP_FILES\\\\about_annotation_styles_list_dialog.html', 'title': '注記・寸法スタイル設定', 'headings': ['注記・寸法スタイル設定', '注記スタイルの管理', '注記スタイルの作成', '適用ずみスタイルの更新'], 'section_count': 4, 'last_modified': '2025-08-06T13:57:54+00:00', 'extracted_at': '2025-11-03T18:14:07+00:00', 'data_source': 'EVOSHIP_HELP_FILES'}, name='C:\\\\Users\\\\user\\\\workfolders\\\\imabari3dcad\\\\evoship\\\\EVOSHIP_HELP_FILES\\\\about_annotation_styles_list_dialog.html'), EntityNode(label='HelpSection', embedding=None, properties={'section_id': '63b6e7402b72bbc0ee5ee65317fb67b077dbc465', 'document_id': 'C:\\\\Users\\\\user\\\\workfolders\\\\imabari3dcad\\\\evoship\\\\EVOSHIP_HELP_FILES\\\\about_annotation_styles_list_dialog.html', 'source_path': 'C:\\\\Users\\\\user\\\\workfolders\\\\imabari3dcad\\\\evoship\\\\EVOSHIP_HELP_FILES\\\\about_annotation_styles_list_dialog.html', 'title': '注記・寸法スタイル設定', 'section_heading': '注記・寸法スタイル設定', 'section_level': 2, 'section_index': 0, 'last_modified': '2025-08-06T13:57:54+00:00', 'extracted_at': '2025-11-03T18:14:07+00:00', 'data_source': 'EVOSHIP_HELP_FILES'}, name='63b6e7402b72bbc0ee5ee65317fb67b077dbc465'), ChunkNode(label='HelpChunk', embedding=None, properties={'chunk_id': 'eea2b71a-a3c9-4a33-ac13-47d63ed3aadc', 'document_id': 'C:\\\\Users\\\\user\\\\workfolders\\\\imabari3dcad\\\\evoship\\\\EVOSHIP_HELP_FILES\\\\about_annotation_styles_list_dialog.html', 'section_id': '63b6e7402b72bbc0ee5ee65317fb67b077dbc465', 'source_path': 'C:\\\\Users\\\\user\\\\workfolders\\\\imabari3dcad\\\\evoship\\\\EVOSHIP_HELP_FILES\\\\about_annotation_styles_list_dialog.html', 'title': '注記・寸法スタイル設定', 'section_heading': '注記・寸法スタイル設定', 'section_level': 2, 'section_index': 0, 'last_modified': '2025-08-06T13:57:54+00:00', 'extracted_at': '2025-11-03T18:14:07+00:00', 'chunk_index': 0, 'text_length': 570, 'start_char_idx': 0, 'end_char_idx': 570, 'data_source': 'EVOSHIP_HELP_FILES'}, text='注記・寸法スタイル設定\\n\\n注記や寸法の各種パラメータは、要素ひとつひとつに設定することもできますし、スケッチや図面にまとめてパラメータを設定しておいて、注記や寸法はみずからが属するスケッチに設定しておいたパラメータを参照するようにもできます。この「まとめて設定しておくパラメータ」のことを注記スタイルといいます。 注記スタイルの管理 「注記・寸法スタイル設定」ウィンドウで作成した注記スタイルは、システム設定として保存されます。注記スタイルをスケッチや図面に適用すると、スケッチや図面はそのスタイルのコピーを保持します。スケッチや図面にスタイルを適用してから、「注記・寸法スタイル設定」ウィンドウでそのスタイルを編集しても、スケッチや図面が保持している「コピーされた」スタイルは変更されません。 注記スタイルの作成 左側のスタイル一覧が表示されている欄でコンテキストメニューを表示し、「スタイル設定の追加」をクリックします。また、「モデルのスタイル設定を追加」をクリックすると、いま開いているモデル内のスケッチや図面が保持している注記スタイルがすべてスタイル一覧に追加されます。 また、既存のスタイルを元にして新しくスタイルを作りたい場合は、スタイルを選択してコンテキストメニューを表示し、「スタイル設定（コピー）の追加」をクリックします。', id_='eea2b71a-a3c9-4a33-ac13-47d63ed3aadc')]\nrelations: [Relation(label='HAS_SECTION', source_id='C:\\\\Users\\\\user\\\\workfolders\\\\imabari3dcad\\\\evoship\\\\EVOSHIP_HELP_FILES\\\\about_annotation_styles_list_dialog.html', target_id='63b6e7402b72bbc0ee5ee65317fb67b077dbc465', properties={'data_source': 'EVOSHIP_HELP_FILES'}), Relation(label='HAS_CHUNK', source_id='C:\\\\Users\\\\user\\\\workfolders\\\\imabari3dcad\\\\evoship\\\\EVOSHIP_HELP_FILES\\\\about_annotation_styles_list_dialog.html', target_id='eea2b71a-a3c9-4a33-ac13-47d63ed3aadc', properties={'data_source': 'EVOSHIP_HELP_FILES', 'section_id': '63b6e7402b72bbc0ee5ee65317fb67b077dbc465', 'chunk_index': 0}), Relation(label='HAS_CHUNK', source_id='63b6e7402b72bbc0ee5ee65317fb67b077dbc465', target_id='eea2b71a-a3c9-4a33-ac13-47d63ed3aadc', properties={'data_source': 'EVOSHIP_HELP_FILES', 'chunk_index': 0})]\n\n注記・寸法スタイル設定\n\n注記や寸法の各種パラメータは、要素ひとつひとつに設定することもできますし、スケッチや図面にまとめてパラメータを設定しておいて、注記や寸法はみずからが属するスケッチに設定しておいたパラメータを参照するようにもできます。この「まとめて設定しておくパラメータ」のことを注記スタイルといいます。 注記スタイルの管理 「注記・寸法スタイル設定」ウィンドウで作成した注記スタイルは、システム設定として保存されます。注記スタイルをスケッチや図面に適用すると、スケッチや図面はそのスタイルのコピーを保持します。スケッチや図面にスタイルを適用してから、「注記・寸法スタイル設定」ウィンドウでそのスタイルを編集しても、スケッチや図面が保持している「コピーされた」スタイルは変更されません。 注記スタイルの作成 左側のスタイル一覧が表示されている欄でコンテキストメニューを表示し、「スタイル設定の追加」をクリックします。また、「モデルのスタイル設定を追加」をクリックすると、いま開いているモデル内のスケッチや図面が保持している注記スタイルがすべてスタイル一覧に追加されます。 また、既存のスタイルを元にして新しくスタイルを作りたい場合は、スタイルを選択してコンテキストメニューを表示し、「スタイル設定（コピー）の追加」をクリックします。\nTriplets:\n"}], 'model': 'gpt-5-nano', 'stream': False, 'temperature': 1.0}}
2025-11-04 03:14:56,786 DEBUG openai._base_client: Sending HTTP Request: POST https://api.openai.com/v1/chat/completions
2025-11-04 03:14:56,787 DEBUG httpcore.http11: send_request_headers.started request=<Request [b'POST']>
2025-11-04 03:14:56,787 DEBUG httpcore.http11: send_request_headers.complete
2025-11-04 03:14:56,787 DEBUG httpcore.http11: send_request_body.started request=<Request [b'POST']>
2025-11-04 03:14:56,788 DEBUG httpcore.http11: send_request_body.complete
2025-11-04 03:14:56,788 DEBUG httpcore.http11: receive_response_headers.started request=<Request [b'POST']>
2025-11-04 03:14:56,797 DEBUG httpcore.http11: receive_response_headers.complete return_value=(b'HTTP/1.1', 429, b'Too Many Requests', [(b'Date', b'Mon, 03 Nov 2025 18:14:56 GMT'), (b'Content-Type', b'application/json; charset=utf-8'), (b'Content-Length', b'337'), (b'Connection', b'keep-alive'), (b'vary', b'Origin'), (b'x-request-id', b'req_5991b8a0bb904c3cabcad89f08c1074d'), (b'x-envoy-upstream-service-time', b'7'), (b'x-openai-proxy-wasm', b'v0.1'), (b'cf-cache-status', b'DYNAMIC'), (b'Strict-Transport-Security', b'max-age=31536000; includeSubDomains; preload'), (b'X-Content-Type-Options', b'nosniff'), (b'Server', b'cloudflare'), (b'CF-RAY', b'998ddaab2b95be06-KIX'), (b'alt-svc', b'h3=":443"; ma=86400')])
2025-11-04 03:14:56,798 INFO httpx: HTTP Request: POST https://api.openai.com/v1/chat/completions "HTTP/1.1 429 Too Many Requests"
2025-11-04 03:14:56,798 DEBUG httpcore.http11: receive_response_body.started request=<Request [b'POST']>
2025-11-04 03:14:56,798 DEBUG httpcore.http11: receive_response_body.complete
2025-11-04 03:14:56,798 DEBUG httpcore.http11: response_closed.started
2025-11-04 03:14:56,799 DEBUG httpcore.http11: response_closed.complete
2025-11-04 03:14:56,799 DEBUG openai._base_client: HTTP Response: POST https://api.openai.com/v1/chat/completions "429 Too Many Requests" Headers({'date': 'Mon, 03 Nov 2025 18:14:56 GMT', 'content-type': 'application/json; charset=utf-8', 'content-length': '337', 'connection': 'keep-alive', 'vary': 'Origin', 'x-request-id': 'req_5991b8a0bb904c3cabcad89f08c1074d', 'x-envoy-upstream-service-time': '7', 'x-openai-proxy-wasm': 'v0.1', 'cf-cache-status': 'DYNAMIC', 'strict-transport-security': 'max-age=31536000; includeSubDomains; preload', 'x-content-type-options': 'nosniff', 'server': 'cloudflare', 'cf-ray': '998ddaab2b95be06-KIX', 'alt-svc': 'h3=":443"; ma=86400'})
2025-11-04 03:14:56,799 DEBUG openai._base_client: request_id: req_5991b8a0bb904c3cabcad89f08c1074d
2025-11-04 03:14:56,799 DEBUG openai._base_client: Encountered httpx.HTTPStatusError
Traceback (most recent call last):
  File "C:\Users\user\workfolders\imabari3dcad\.venv\lib\site-packages\openai\_base_client.py", line 1574, in request
    response.raise_for_status()
  File "C:\Users\user\workfolders\imabari3dcad\.venv\lib\site-packages\httpx\_models.py", line 829, in raise_for_status
    raise HTTPStatusError(message, request=request, response=self)
httpx.HTTPStatusError: Client error '429 Too Many Requests' for url 'https://api.openai.com/v1/chat/completions'
For more information check: https://developer.mozilla.org/en-US/docs/Web/HTTP/Status/429
2025-11-04 03:14:56,800 DEBUG openai._base_client: Retrying due to status code 429
2025-11-04 03:14:56,800 DEBUG openai._base_client: 1 retry left
2025-11-04 03:14:56,800 INFO openai._base_client: Retrying request to /chat/completions in 1.529011 seconds
2025-11-04 03:14:56,942 DEBUG openai._base_client: Request options: {'method': 'post', 'url': '/chat/completions', 'files': None, 'idempotency_key': 'stainless-python-retry-1cfcbacf-089c-40d8-975a-746611eb77cb', 'json_data': {'messages': [{'role': 'user', 'content': "Some text is provided below. Given the text, extract up to 10 knowledge triplets in the form of (subject, predicate, object). Avoid stopwords.\n---------------------\nExample:Text: Alice is Bob's mother.Triplets:\n(Alice, is mother of, Bob)\nText: Philz is a coffee shop founded in Berkeley in 1982.\nTriplets:\n(Philz, is, coffee shop)\n(Philz, founded in, Berkeley)\n(Philz, founded in, 1982)\n---------------------\nText: document_id: C:\\Users\\user\\workfolders\\imabari3dcad\\evoship\\EVOSHIP_HELP_FILES\\about_annotation_styles_list_dialog.html\nsource_path: C:\\Users\\user\\workfolders\\imabari3dcad\\evoship\\EVOSHIP_HELP_FILES\\about_annotation_styles_list_dialog.html\nsection_id: 71bd4ac5cfe31b1a99355b3e4d691c83deea1ffc\ntitle: 注記・寸法スタイル設定\nsection_heading: 注記スタイルの管理\nsection_level: 3\nsection_index: 1\nlast_modified: 2025-08-06T13:57:54+00:00\nextracted_at: 2025-11-03T18:14:07+00:00\ndata_source: EVOSHIP_HELP_FILES\nchunk_id: 95ba70c0-d17d-410a-b4f4-4ef46d8a0f92\nchunk_index: 0\ntext_length: 191\nstart_char_idx: 0\nend_char_idx: 191\nnodes: [EntityNode(label='HelpDocument', embedding=None, properties={'document_id': 'C:\\\\Users\\\\user\\\\workfolders\\\\imabari3dcad\\\\evoship\\\\EVOSHIP_HELP_FILES\\\\about_annotation_styles_list_dialog.html', 'source_path': 'C:\\\\Users\\\\user\\\\workfolders\\\\imabari3dcad\\\\evoship\\\\EVOSHIP_HELP_FILES\\\\about_annotation_styles_list_dialog.html', 'title': '注記・寸法スタイル設定', 'headings': ['注記・寸法スタイル設定', '注記スタイルの管理', '注記スタイルの作成', '適用ずみスタイルの更新'], 'section_count': 4, 'last_modified': '2025-08-06T13:57:54+00:00', 'extracted_at': '2025-11-03T18:14:07+00:00', 'data_source': 'EVOSHIP_HELP_FILES'}, name='C:\\\\Users\\\\user\\\\workfolders\\\\imabari3dcad\\\\evoship\\\\EVOSHIP_HELP_FILES\\\\about_annotation_styles_list_dialog.html'), EntityNode(label='HelpSection', embedding=None, properties={'section_id': '71bd4ac5cfe31b1a99355b3e4d691c83deea1ffc', 'document_id': 'C:\\\\Users\\\\user\\\\workfolders\\\\imabari3dcad\\\\evoship\\\\EVOSHIP_HELP_FILES\\\\about_annotation_styles_list_dialog.html', 'source_path': 'C:\\\\Users\\\\user\\\\workfolders\\\\imabari3dcad\\\\evoship\\\\EVOSHIP_HELP_FILES\\\\about_annotation_styles_list_dialog.html', 'title': '注記・寸法スタイル設定', 'section_heading': '注記スタイルの管理', 'section_level': 3, 'section_index': 1, 'last_modified': '2025-08-06T13:57:54+00:00', 'extracted_at': '2025-11-03T18:14:07+00:00', 'data_source': 'EVOSHIP_HELP_FILES'}, name='71bd4ac5cfe31b1a99355b3e4d691c83deea1ffc'), ChunkNode(label='HelpChunk', embedding=None, properties={'chunk_id': '95ba70c0-d17d-410a-b4f4-4ef46d8a0f92', 'document_id': 'C:\\\\Users\\\\user\\\\workfolders\\\\imabari3dcad\\\\evoship\\\\EVOSHIP_HELP_FILES\\\\about_annotation_styles_list_dialog.html', 'section_id': '71bd4ac5cfe31b1a99355b3e4d691c83deea1ffc', 'source_path': 'C:\\\\Users\\\\user\\\\workfolders\\\\imabari3dcad\\\\evoship\\\\EVOSHIP_HELP_FILES\\\\about_annotation_styles_list_dialog.html', 'title': '注記・寸法スタイル設定', 'section_heading': '注記スタイルの管理', 'section_level': 3, 'section_index': 1, 'last_modified': '2025-08-06T13:57:54+00:00', 'extracted_at': '2025-11-03T18:14:07+00:00', 'chunk_index': 0, 'text_length': 191, 'start_char_idx': 0, 'end_char_idx': 191, 'data_source': 'EVOSHIP_HELP_FILES'}, text='注記スタイルの管理\\n\\n「注記・寸法スタイル設定」ウィンドウで作成した注記スタイルは、システム設定として保存されます。注記スタイルをスケッチや図面に適用すると、スケッチや図面はそのスタイルのコピーを保持します。スケッチや図面にスタイルを適用してから、「注記・寸法スタイル設定」ウィンドウでそのスタイルを編集しても、スケッチや図面が保持している「コピーされた」スタイルは変更されません。', id_='95ba70c0-d17d-410a-b4f4-4ef46d8a0f92')]\nrelations: [Relation(label='HAS_SECTION', source_id='C:\\\\Users\\\\user\\\\workfolders\\\\imabari3dcad\\\\evoship\\\\EVOSHIP_HELP_FILES\\\\about_annotation_styles_list_dialog.html', target_id='71bd4ac5cfe31b1a99355b3e4d691c83deea1ffc', properties={'data_source': 'EVOSHIP_HELP_FILES'}), Relation(label='HAS_CHUNK', source_id='C:\\\\Users\\\\user\\\\workfolders\\\\imabari3dcad\\\\evoship\\\\EVOSHIP_HELP_FILES\\\\about_annotation_styles_list_dialog.html', target_id='95ba70c0-d17d-410a-b4f4-4ef46d8a0f92', properties={'data_source': 'EVOSHIP_HELP_FILES', 'section_id': '71bd4ac5cfe31b1a99355b3e4d691c83deea1ffc', 'chunk_index': 0}), Relation(label='HAS_CHUNK', source_id='71bd4ac5cfe31b1a99355b3e4d691c83deea1ffc', target_id='95ba70c0-d17d-410a-b4f4-4ef46d8a0f92', properties={'data_source': 'EVOSHIP_HELP_FILES', 'chunk_index': 0})]\n\n注記スタイルの管理\n\n「注記・寸法スタイル設定」ウィンドウで作成した注記スタイルは、システム設定として保存されます。注記スタイルをスケッチや図面に適用すると、スケッチや図面はそのスタイルのコピーを保持します。スケッチや図面にスタイルを適用してから、「注記・寸法スタイル設定」ウィンドウでそのスタイルを編集しても、スケッチや図面が保持している「コピーされた」スタイルは変更されません。\nTriplets:\n"}], 'model': 'gpt-5-nano', 'stream': False, 'temperature': 1.0}}
2025-11-04 03:14:56,943 DEBUG openai._base_client: Sending HTTP Request: POST https://api.openai.com/v1/chat/completions
2025-11-04 03:14:56,943 DEBUG httpcore.http11: send_request_headers.started request=<Request [b'POST']>
2025-11-04 03:14:56,944 DEBUG httpcore.http11: send_request_headers.complete
2025-11-04 03:14:56,944 DEBUG httpcore.http11: send_request_body.started request=<Request [b'POST']>
2025-11-04 03:14:56,945 DEBUG httpcore.http11: send_request_body.complete
2025-11-04 03:14:56,945 DEBUG httpcore.http11: receive_response_headers.started request=<Request [b'POST']>
2025-11-04 03:14:56,982 DEBUG httpcore.http11: receive_response_headers.complete return_value=(b'HTTP/1.1', 429, b'Too Many Requests', [(b'Date', b'Mon, 03 Nov 2025 18:14:56 GMT'), (b'Content-Type', b'application/json; charset=utf-8'), (b'Content-Length', b'337'), (b'Connection', b'keep-alive'), (b'vary', b'Origin'), (b'x-request-id', b'req_72e7aa7e5b1246f9ac9cfc198382c7bd'), (b'x-envoy-upstream-service-time', b'10'), (b'x-openai-proxy-wasm', b'v0.1'), (b'cf-cache-status', b'DYNAMIC'), (b'Strict-Transport-Security', b'max-age=31536000; includeSubDomains; preload'), (b'X-Content-Type-Options', b'nosniff'), (b'Server', b'cloudflare'), (b'CF-RAY', b'998ddaac3be28373-KIX'), (b'alt-svc', b'h3=":443"; ma=86400')])
2025-11-04 03:14:56,982 INFO httpx: HTTP Request: POST https://api.openai.com/v1/chat/completions "HTTP/1.1 429 Too Many Requests"
2025-11-04 03:14:56,982 DEBUG httpcore.http11: receive_response_body.started request=<Request [b'POST']>
2025-11-04 03:14:56,983 DEBUG httpcore.http11: receive_response_body.complete
2025-11-04 03:14:56,983 DEBUG httpcore.http11: response_closed.started
2025-11-04 03:14:56,983 DEBUG openai._base_client: Request options: {'method': 'post', 'url': '/chat/completions', 'files': None, 'idempotency_key': 'stainless-python-retry-16f59b81-a9b0-48ec-a2a9-b052ecff7d6d', 'json_data': {'messages': [{'role': 'user', 'content': "Some text is provided below. Given the text, extract up to 10 knowledge triplets in the form of (subject, predicate, object). Avoid stopwords.\n---------------------\nExample:Text: Alice is Bob's mother.Triplets:\n(Alice, is mother of, Bob)\nText: Philz is a coffee shop founded in Berkeley in 1982.\nTriplets:\n(Philz, is, coffee shop)\n(Philz, founded in, Berkeley)\n(Philz, founded in, 1982)\n---------------------\nText: document_id: C:\\Users\\user\\workfolders\\imabari3dcad\\evoship\\EVOSHIP_HELP_FILES\\about_annotation_styles_list_dialog.html\nsource_path: C:\\Users\\user\\workfolders\\imabari3dcad\\evoship\\EVOSHIP_HELP_FILES\\about_annotation_styles_list_dialog.html\nsection_id: 63b6e7402b72bbc0ee5ee65317fb67b077dbc465\ntitle: 注記・寸法スタイル設定\nsection_heading: 注記・寸法スタイル設定\nsection_level: 2\nsection_index: 0\nlast_modified: 2025-08-06T13:57:54+00:00\nextracted_at: 2025-11-03T18:14:07+00:00\ndata_source: EVOSHIP_HELP_FILES\nchunk_id: 022e3c79-4d57-4793-869b-5bc5afbfd59c\nchunk_index: 1\ntext_length: 330\nstart_char_idx: 490\nend_char_idx: 820\nnodes: [EntityNode(label='HelpDocument', embedding=None, properties={'document_id': 'C:\\\\Users\\\\user\\\\workfolders\\\\imabari3dcad\\\\evoship\\\\EVOSHIP_HELP_FILES\\\\about_annotation_styles_list_dialog.html', 'source_path': 'C:\\\\Users\\\\user\\\\workfolders\\\\imabari3dcad\\\\evoship\\\\EVOSHIP_HELP_FILES\\\\about_annotation_styles_list_dialog.html', 'title': '注記・寸法スタイル設定', 'headings': ['注記・寸法スタイル設定', '注記スタイルの管理', '注記スタイルの作成', '適用ずみスタイルの更新'], 'section_count': 4, 'last_modified': '2025-08-06T13:57:54+00:00', 'extracted_at': '2025-11-03T18:14:07+00:00', 'data_source': 'EVOSHIP_HELP_FILES'}, name='C:\\\\Users\\\\user\\\\workfolders\\\\imabari3dcad\\\\evoship\\\\EVOSHIP_HELP_FILES\\\\about_annotation_styles_list_dialog.html'), EntityNode(label='HelpSection', embedding=None, properties={'section_id': '63b6e7402b72bbc0ee5ee65317fb67b077dbc465', 'document_id': 'C:\\\\Users\\\\user\\\\workfolders\\\\imabari3dcad\\\\evoship\\\\EVOSHIP_HELP_FILES\\\\about_annotation_styles_list_dialog.html', 'source_path': 'C:\\\\Users\\\\user\\\\workfolders\\\\imabari3dcad\\\\evoship\\\\EVOSHIP_HELP_FILES\\\\about_annotation_styles_list_dialog.html', 'title': '注記・寸法スタイル設定', 'section_heading': '注記・寸法スタイル設定', 'section_level': 2, 'section_index': 0, 'last_modified': '2025-08-06T13:57:54+00:00', 'extracted_at': '2025-11-03T18:14:07+00:00', 'data_source': 'EVOSHIP_HELP_FILES'}, name='63b6e7402b72bbc0ee5ee65317fb67b077dbc465'), ChunkNode(label='HelpChunk', embedding=None, properties={'chunk_id': '022e3c79-4d57-4793-869b-5bc5afbfd59c', 'document_id': 'C:\\\\Users\\\\user\\\\workfolders\\\\imabari3dcad\\\\evoship\\\\EVOSHIP_HELP_FILES\\\\about_annotation_styles_list_dialog.html', 'section_id': '63b6e7402b72bbc0ee5ee65317fb67b077dbc465', 'source_path': 'C:\\\\Users\\\\user\\\\workfolders\\\\imabari3dcad\\\\evoship\\\\EVOSHIP_HELP_FILES\\\\about_annotation_styles_list_dialog.html', 'title': '注記・寸法スタイル設定', 'section_heading': '注記・寸法スタイル設定', 'section_level': 2, 'section_index': 0, 'last_modified': '2025-08-06T13:57:54+00:00', 'extracted_at': '2025-11-03T18:14:07+00:00', 'chunk_index': 1, 'text_length': 330, 'start_char_idx': 490, 'end_char_idx': 820, 'data_source': 'EVOSHIP_HELP_FILES'}, text='また、既存のスタイルを元にして新しくスタイルを作りたい場合は、スタイルを選択してコンテキストメニューを表示し、「スタイル設定（コピー）の追加」をクリックします。 適用ずみスタイルの更新 ウィンドウ右下の「モデルの更新」ボタンをクリックすると、「注記・寸法スタイル設定」ウィンドウで管理している（システム設定として保存されている）各スタイルについて、スケッチや図面に適用ずみのスタイルで同名のものがあると、その適用ずみスタイルをシステム設定のスタイルで上書きします。 スタイル一覧に同名のスタイルが複数存在すると、それらのうちひとつだけが適用ずみスタイルの上書きに使われて、残りは無視されてしまいます。同名のスタイルを作るのはできるだけ避けるようにしてください。', id_='022e3c79-4d57-4793-869b-5bc5afbfd59c')]\nrelations: [Relation(label='HAS_SECTION', source_id='C:\\\\Users\\\\user\\\\workfolders\\\\imabari3dcad\\\\evoship\\\\EVOSHIP_HELP_FILES\\\\about_annotation_styles_list_dialog.html', target_id='63b6e7402b72bbc0ee5ee65317fb67b077dbc465', properties={'data_source': 'EVOSHIP_HELP_FILES'}), Relation(label='HAS_CHUNK', source_id='C:\\\\Users\\\\user\\\\workfolders\\\\imabari3dcad\\\\evoship\\\\EVOSHIP_HELP_FILES\\\\about_annotation_styles_list_dialog.html', target_id='022e3c79-4d57-4793-869b-5bc5afbfd59c', properties={'data_source': 'EVOSHIP_HELP_FILES', 'section_id': '63b6e7402b72bbc0ee5ee65317fb67b077dbc465', 'chunk_index': 1}), Relation(label='HAS_CHUNK', source_id='63b6e7402b72bbc0ee5ee65317fb67b077dbc465', target_id='022e3c79-4d57-4793-869b-5bc5afbfd59c', properties={'data_source': 'EVOSHIP_HELP_FILES', 'chunk_index': 1})]\n\nまた、既存のスタイルを元にして新しくスタイルを作りたい場合は、スタイルを選択してコンテキストメニューを表示し、「スタイル設定（コピー）の追加」をクリックします。 適用ずみスタイルの更新 ウィンドウ右下の「モデルの更新」ボタンをクリックすると、「注記・寸法スタイル設定」ウィンドウで管理している（システム設定として保存されている）各スタイルについて、スケッチや図面に適用ずみのスタイルで同名のものがあると、その適用ずみスタイルをシステム設定のスタイルで上書きします。 スタイル一覧に同名のスタイルが複数存在すると、それらのうちひとつだけが適用ずみスタイルの上書きに使われて、残りは無視されてしまいます。同名のスタイルを作るのはできるだけ避けるようにしてください。\nTriplets:\n"}], 'model': 'gpt-5-nano', 'stream': False, 'temperature': 1.0}}
2025-11-04 03:14:56,984 DEBUG openai._base_client: Sending HTTP Request: POST https://api.openai.com/v1/chat/completions
2025-11-04 03:14:56,984 DEBUG httpcore.connection: close.started
2025-11-04 03:14:56,984 DEBUG httpcore.http11: response_closed.complete
2025-11-04 03:14:56,984 DEBUG openai._base_client: HTTP Response: POST https://api.openai.com/v1/chat/completions "429 Too Many Requests" Headers({'date': 'Mon, 03 Nov 2025 18:14:56 GMT', 'content-type': 'application/json; charset=utf-8', 'content-length': '337', 'connection': 'keep-alive', 'vary': 'Origin', 'x-request-id': 'req_72e7aa7e5b1246f9ac9cfc198382c7bd', 'x-envoy-upstream-service-time': '10', 'x-openai-proxy-wasm': 'v0.1', 'cf-cache-status': 'DYNAMIC', 'strict-transport-security': 'max-age=31536000; includeSubDomains; preload', 'x-content-type-options': 'nosniff', 'server': 'cloudflare', 'cf-ray': '998ddaac3be28373-KIX', 'alt-svc': 'h3=":443"; ma=86400'})
2025-11-04 03:14:56,985 DEBUG openai._base_client: request_id: req_72e7aa7e5b1246f9ac9cfc198382c7bd
2025-11-04 03:14:56,985 DEBUG openai._base_client: Encountered httpx.HTTPStatusError
Traceback (most recent call last):
  File "C:\Users\user\workfolders\imabari3dcad\.venv\lib\site-packages\openai\_base_client.py", line 1574, in request
    response.raise_for_status()
  File "C:\Users\user\workfolders\imabari3dcad\.venv\lib\site-packages\httpx\_models.py", line 829, in raise_for_status
    raise HTTPStatusError(message, request=request, response=self)
httpx.HTTPStatusError: Client error '429 Too Many Requests' for url 'https://api.openai.com/v1/chat/completions'
For more information check: https://developer.mozilla.org/en-US/docs/Web/HTTP/Status/429
2025-11-04 03:14:56,985 DEBUG openai._base_client: Retrying due to status code 429
2025-11-04 03:14:56,985 DEBUG openai._base_client: 1 retry left
2025-11-04 03:14:56,985 INFO openai._base_client: Retrying request to /chat/completions in 1.961111 seconds
2025-11-04 03:14:56,985 DEBUG httpcore.connection: close.complete
2025-11-04 03:14:56,985 DEBUG httpcore.http11: send_request_headers.started request=<Request [b'POST']>
2025-11-04 03:14:56,986 DEBUG httpcore.http11: send_request_headers.complete
2025-11-04 03:14:56,986 DEBUG httpcore.http11: send_request_body.started request=<Request [b'POST']>
2025-11-04 03:14:56,986 DEBUG httpcore.http11: send_request_body.complete
2025-11-04 03:14:56,986 DEBUG httpcore.http11: receive_response_headers.started request=<Request [b'POST']>
2025-11-04 03:14:57,177 DEBUG httpcore.http11: receive_response_headers.complete return_value=(b'HTTP/1.1', 429, b'Too Many Requests', [(b'Date', b'Mon, 03 Nov 2025 18:14:57 GMT'), (b'Content-Type', b'application/json; charset=utf-8'), (b'Content-Length', b'337'), (b'Connection', b'keep-alive'), (b'vary', b'Origin'), (b'x-request-id', b'req_84c130a4fe8b4878a6286b1841659673'), (b'x-envoy-upstream-service-time', b'12'), (b'x-openai-proxy-wasm', b'v0.1'), (b'cf-cache-status', b'DYNAMIC'), (b'Strict-Transport-Security', b'max-age=31536000; includeSubDomains; preload'), (b'X-Content-Type-Options', b'nosniff'), (b'Server', b'cloudflare'), (b'CF-RAY', b'998ddaad7ee8e744-KIX'), (b'alt-svc', b'h3=":443"; ma=86400')])
2025-11-04 03:14:57,178 INFO httpx: HTTP Request: POST https://api.openai.com/v1/chat/completions "HTTP/1.1 429 Too Many Requests"
2025-11-04 03:14:57,178 DEBUG httpcore.http11: receive_response_body.started request=<Request [b'POST']>
2025-11-04 03:14:57,178 DEBUG httpcore.http11: receive_response_body.complete
2025-11-04 03:14:57,178 DEBUG httpcore.http11: response_closed.started
2025-11-04 03:14:57,179 DEBUG httpcore.http11: response_closed.complete
2025-11-04 03:14:57,179 DEBUG openai._base_client: HTTP Response: POST https://api.openai.com/v1/chat/completions "429 Too Many Requests" Headers({'date': 'Mon, 03 Nov 2025 18:14:57 GMT', 'content-type': 'application/json; charset=utf-8', 'content-length': '337', 'connection': 'keep-alive', 'vary': 'Origin', 'x-request-id': 'req_84c130a4fe8b4878a6286b1841659673', 'x-envoy-upstream-service-time': '12', 'x-openai-proxy-wasm': 'v0.1', 'cf-cache-status': 'DYNAMIC', 'strict-transport-security': 'max-age=31536000; includeSubDomains; preload', 'x-content-type-options': 'nosniff', 'server': 'cloudflare', 'cf-ray': '998ddaad7ee8e744-KIX', 'alt-svc': 'h3=":443"; ma=86400'})
2025-11-04 03:14:57,179 DEBUG openai._base_client: request_id: req_84c130a4fe8b4878a6286b1841659673
2025-11-04 03:14:57,179 DEBUG openai._base_client: Encountered httpx.HTTPStatusError
Traceback (most recent call last):
  File "C:\Users\user\workfolders\imabari3dcad\.venv\lib\site-packages\openai\_base_client.py", line 1574, in request
    response.raise_for_status()
  File "C:\Users\user\workfolders\imabari3dcad\.venv\lib\site-packages\httpx\_models.py", line 829, in raise_for_status
    raise HTTPStatusError(message, request=request, response=self)
httpx.HTTPStatusError: Client error '429 Too Many Requests' for url 'https://api.openai.com/v1/chat/completions'
For more information check: https://developer.mozilla.org/en-US/docs/Web/HTTP/Status/429
2025-11-04 03:14:57,179 DEBUG openai._base_client: Retrying due to status code 429
2025-11-04 03:14:57,179 DEBUG openai._base_client: 1 retry left
2025-11-04 03:14:57,179 INFO openai._base_client: Retrying request to /chat/completions in 1.779009 seconds
2025-11-04 03:14:57,404 DEBUG httpcore.http11: receive_response_headers.complete return_value=(b'HTTP/1.1', 429, b'Too Many Requests', [(b'Date', b'Mon, 03 Nov 2025 18:14:57 GMT'), (b'Content-Type', b'application/json; charset=utf-8'), (b'Content-Length', b'337'), (b'Connection', b'keep-alive'), (b'vary', b'Origin'), (b'x-request-id', b'req_c2f60891a1fe40d9a09bccf0486cb852'), (b'x-envoy-upstream-service-time', b'7'), (b'x-openai-proxy-wasm', b'v0.1'), (b'cf-cache-status', b'DYNAMIC'), (b'Strict-Transport-Security', b'max-age=31536000; includeSubDomains; preload'), (b'X-Content-Type-Options', b'nosniff'), (b'Server', b'cloudflare'), (b'CF-RAY', b'998ddaad3da9be06-KIX'), (b'alt-svc', b'h3=":443"; ma=86400')])
2025-11-04 03:14:57,404 INFO httpx: HTTP Request: POST https://api.openai.com/v1/chat/completions "HTTP/1.1 429 Too Many Requests"
2025-11-04 03:14:57,405 DEBUG httpcore.http11: receive_response_body.started request=<Request [b'POST']>
2025-11-04 03:14:57,405 DEBUG httpcore.http11: receive_response_body.complete
2025-11-04 03:14:57,405 DEBUG httpcore.http11: response_closed.started
2025-11-04 03:14:57,405 DEBUG httpcore.http11: response_closed.complete
2025-11-04 03:14:57,405 DEBUG openai._base_client: HTTP Response: POST https://api.openai.com/v1/chat/completions "429 Too Many Requests" Headers({'date': 'Mon, 03 Nov 2025 18:14:57 GMT', 'content-type': 'application/json; charset=utf-8', 'content-length': '337', 'connection': 'keep-alive', 'vary': 'Origin', 'x-request-id': 'req_c2f60891a1fe40d9a09bccf0486cb852', 'x-envoy-upstream-service-time': '7', 'x-openai-proxy-wasm': 'v0.1', 'cf-cache-status': 'DYNAMIC', 'strict-transport-security': 'max-age=31536000; includeSubDomains; preload', 'x-content-type-options': 'nosniff', 'server': 'cloudflare', 'cf-ray': '998ddaad3da9be06-KIX', 'alt-svc': 'h3=":443"; ma=86400'})
2025-11-04 03:14:57,405 DEBUG openai._base_client: request_id: req_c2f60891a1fe40d9a09bccf0486cb852
2025-11-04 03:14:57,405 DEBUG openai._base_client: Encountered httpx.HTTPStatusError
Traceback (most recent call last):
  File "C:\Users\user\workfolders\imabari3dcad\.venv\lib\site-packages\openai\_base_client.py", line 1574, in request
    response.raise_for_status()
  File "C:\Users\user\workfolders\imabari3dcad\.venv\lib\site-packages\httpx\_models.py", line 829, in raise_for_status
    raise HTTPStatusError(message, request=request, response=self)
httpx.HTTPStatusError: Client error '429 Too Many Requests' for url 'https://api.openai.com/v1/chat/completions'
For more information check: https://developer.mozilla.org/en-US/docs/Web/HTTP/Status/429
2025-11-04 03:14:57,406 DEBUG openai._base_client: Retrying due to status code 429
2025-11-04 03:14:57,406 DEBUG openai._base_client: 1 retry left
2025-11-04 03:14:57,406 INFO openai._base_client: Retrying request to /chat/completions in 1.827786 seconds
2025-11-04 03:14:58,340 DEBUG openai._base_client: Request options: {'method': 'post', 'url': '/chat/completions', 'files': None, 'idempotency_key': 'stainless-python-retry-e0fe14d8-79c0-4884-b23e-218e5004289f', 'json_data': {'messages': [{'role': 'user', 'content': "Some text is provided below. Given the text, extract up to 10 knowledge triplets in the form of (subject, predicate, object). Avoid stopwords.\n---------------------\nExample:Text: Alice is Bob's mother.Triplets:\n(Alice, is mother of, Bob)\nText: Philz is a coffee shop founded in Berkeley in 1982.\nTriplets:\n(Philz, is, coffee shop)\n(Philz, founded in, Berkeley)\n(Philz, founded in, 1982)\n---------------------\nText: document_id: C:\\Users\\user\\workfolders\\imabari3dcad\\evoship\\EVOSHIP_HELP_FILES\\about_annotation.html\nsource_path: C:\\Users\\user\\workfolders\\imabari3dcad\\evoship\\EVOSHIP_HELP_FILES\\about_annotation.html\nsection_id: b44e2dce0448c0e4b08e5be898df93f6c4e4f2fc\ntitle: アノーテーション\nsection_heading: アノーテーション\nsection_level: 2\nsection_index: 0\nlast_modified: 2025-08-06T13:57:54+00:00\nextracted_at: 2025-11-03T18:14:07+00:00\ndata_source: EVOSHIP_HELP_FILES\nchunk_id: 8c3a6bbd-bcd8-4dbe-9937-93441f4e2bde\nchunk_index: 0\ntext_length: 36\nstart_char_idx: 0\nend_char_idx: 36\nnodes: [EntityNode(label='HelpDocument', embedding=None, properties={'document_id': 'C:\\\\Users\\\\user\\\\workfolders\\\\imabari3dcad\\\\evoship\\\\EVOSHIP_HELP_FILES\\\\about_annotation.html', 'source_path': 'C:\\\\Users\\\\user\\\\workfolders\\\\imabari3dcad\\\\evoship\\\\EVOSHIP_HELP_FILES\\\\about_annotation.html', 'title': 'アノーテーション', 'headings': ['アノーテーション'], 'section_count': 1, 'last_modified': '2025-08-06T13:57:54+00:00', 'extracted_at': '2025-11-03T18:14:07+00:00', 'data_source': 'EVOSHIP_HELP_FILES'}, name='C:\\\\Users\\\\user\\\\workfolders\\\\imabari3dcad\\\\evoship\\\\EVOSHIP_HELP_FILES\\\\about_annotation.html'), EntityNode(label='HelpSection', embedding=None, properties={'section_id': 'b44e2dce0448c0e4b08e5be898df93f6c4e4f2fc', 'document_id': 'C:\\\\Users\\\\user\\\\workfolders\\\\imabari3dcad\\\\evoship\\\\EVOSHIP_HELP_FILES\\\\about_annotation.html', 'source_path': 'C:\\\\Users\\\\user\\\\workfolders\\\\imabari3dcad\\\\evoship\\\\EVOSHIP_HELP_FILES\\\\about_annotation.html', 'title': 'アノーテーション', 'section_heading': 'アノーテーション', 'section_level': 2, 'section_index': 0, 'last_modified': '2025-08-06T13:57:54+00:00', 'extracted_at': '2025-11-03T18:14:07+00:00', 'data_source': 'EVOSHIP_HELP_FILES'}, name='b44e2dce0448c0e4b08e5be898df93f6c4e4f2fc'), ChunkNode(label='HelpChunk', embedding=None, properties={'chunk_id': '8c3a6bbd-bcd8-4dbe-9937-93441f4e2bde', 'document_id': 'C:\\\\Users\\\\user\\\\workfolders\\\\imabari3dcad\\\\evoship\\\\EVOSHIP_HELP_FILES\\\\about_annotation.html', 'section_id': 'b44e2dce0448c0e4b08e5be898df93f6c4e4f2fc', 'source_path': 'C:\\\\Users\\\\user\\\\workfolders\\\\imabari3dcad\\\\evoship\\\\EVOSHIP_HELP_FILES\\\\about_annotation.html', 'title': 'アノーテーション', 'section_heading': 'アノーテーション', 'section_level': 2, 'section_index': 0, 'last_modified': '2025-08-06T13:57:54+00:00', 'extracted_at': '2025-11-03T18:14:07+00:00', 'chunk_index': 0, 'text_length': 36, 'start_char_idx': 0, 'end_char_idx': 36, 'data_source': 'EVOSHIP_HELP_FILES'}, text='アノーテーション\\n\\n３次元位置や要素上に 注記 をつけることができます。', id_='8c3a6bbd-bcd8-4dbe-9937-93441f4e2bde')]\nrelations: [Relation(label='HAS_SECTION', source_id='C:\\\\Users\\\\user\\\\workfolders\\\\imabari3dcad\\\\evoship\\\\EVOSHIP_HELP_FILES\\\\about_annotation.html', target_id='b44e2dce0448c0e4b08e5be898df93f6c4e4f2fc', properties={'data_source': 'EVOSHIP_HELP_FILES'}), Relation(label='HAS_CHUNK', source_id='C:\\\\Users\\\\user\\\\workfolders\\\\imabari3dcad\\\\evoship\\\\EVOSHIP_HELP_FILES\\\\about_annotation.html', target_id='8c3a6bbd-bcd8-4dbe-9937-93441f4e2bde', properties={'data_source': 'EVOSHIP_HELP_FILES', 'section_id': 'b44e2dce0448c0e4b08e5be898df93f6c4e4f2fc', 'chunk_index': 0}), Relation(label='HAS_CHUNK', source_id='b44e2dce0448c0e4b08e5be898df93f6c4e4f2fc', target_id='8c3a6bbd-bcd8-4dbe-9937-93441f4e2bde', properties={'data_source': 'EVOSHIP_HELP_FILES', 'chunk_index': 0})]\n\nアノーテーション\n\n３次元位置や要素上に 注記 をつけることができます。\nTriplets:\n"}], 'model': 'gpt-5-nano', 'stream': False, 'temperature': 1.0}}
2025-11-04 03:14:58,341 DEBUG openai._base_client: Sending HTTP Request: POST https://api.openai.com/v1/chat/completions
2025-11-04 03:14:58,342 DEBUG httpcore.http11: send_request_headers.started request=<Request [b'POST']>
2025-11-04 03:14:58,343 DEBUG httpcore.http11: send_request_headers.complete
2025-11-04 03:14:58,343 DEBUG httpcore.http11: send_request_body.started request=<Request [b'POST']>
2025-11-04 03:14:58,343 DEBUG httpcore.http11: send_request_body.complete
2025-11-04 03:14:58,343 DEBUG httpcore.http11: receive_response_headers.started request=<Request [b'POST']>
2025-11-04 03:14:58,521 DEBUG httpcore.http11: receive_response_headers.complete return_value=(b'HTTP/1.1', 429, b'Too Many Requests', [(b'Date', b'Mon, 03 Nov 2025 18:14:58 GMT'), (b'Content-Type', b'application/json; charset=utf-8'), (b'Content-Length', b'337'), (b'Connection', b'keep-alive'), (b'vary', b'Origin'), (b'x-request-id', b'req_c4f4cf07ebd9479d9d07a45b6687c103'), (b'x-envoy-upstream-service-time', b'4'), (b'x-openai-proxy-wasm', b'v0.1'), (b'cf-cache-status', b'DYNAMIC'), (b'Strict-Transport-Security', b'max-age=31536000; includeSubDomains; preload'), (b'X-Content-Type-Options', b'nosniff'), (b'Server', b'cloudflare'), (b'CF-RAY', b'998ddab5edacbe06-KIX'), (b'alt-svc', b'h3=":443"; ma=86400')])
2025-11-04 03:14:58,522 INFO httpx: HTTP Request: POST https://api.openai.com/v1/chat/completions "HTTP/1.1 429 Too Many Requests"
2025-11-04 03:14:58,522 DEBUG httpcore.http11: receive_response_body.started request=<Request [b'POST']>
2025-11-04 03:14:58,522 DEBUG httpcore.http11: receive_response_body.complete
2025-11-04 03:14:58,522 DEBUG httpcore.http11: response_closed.started
2025-11-04 03:14:58,522 DEBUG httpcore.http11: response_closed.complete
2025-11-04 03:14:58,522 DEBUG openai._base_client: HTTP Response: POST https://api.openai.com/v1/chat/completions "429 Too Many Requests" Headers({'date': 'Mon, 03 Nov 2025 18:14:58 GMT', 'content-type': 'application/json; charset=utf-8', 'content-length': '337', 'connection': 'keep-alive', 'vary': 'Origin', 'x-request-id': 'req_c4f4cf07ebd9479d9d07a45b6687c103', 'x-envoy-upstream-service-time': '4', 'x-openai-proxy-wasm': 'v0.1', 'cf-cache-status': 'DYNAMIC', 'strict-transport-security': 'max-age=31536000; includeSubDomains; preload', 'x-content-type-options': 'nosniff', 'server': 'cloudflare', 'cf-ray': '998ddab5edacbe06-KIX', 'alt-svc': 'h3=":443"; ma=86400'})
2025-11-04 03:14:58,522 DEBUG openai._base_client: request_id: req_c4f4cf07ebd9479d9d07a45b6687c103
2025-11-04 03:14:58,523 DEBUG openai._base_client: Encountered httpx.HTTPStatusError
Traceback (most recent call last):
  File "C:\Users\user\workfolders\imabari3dcad\.venv\lib\site-packages\openai\_base_client.py", line 1574, in request
    response.raise_for_status()
  File "C:\Users\user\workfolders\imabari3dcad\.venv\lib\site-packages\httpx\_models.py", line 829, in raise_for_status
    raise HTTPStatusError(message, request=request, response=self)
httpx.HTTPStatusError: Client error '429 Too Many Requests' for url 'https://api.openai.com/v1/chat/completions'
For more information check: https://developer.mozilla.org/en-US/docs/Web/HTTP/Status/429
2025-11-04 03:14:58,523 DEBUG openai._base_client: Re-raising status error
2025-11-04 03:14:58,523 WARNING llama_index.llms.openai.utils: Retrying llama_index.llms.openai.base.OpenAI._achat in 1.9788309833022928 seconds as it raised RateLimitError: Error code: 429 - {'error': {'message': 'You exceeded your current quota, please check your plan and billing details. For more information on this error, read the docs: https://platform.openai.com/docs/guides/error-codes/api-errors.', 'type': 'insufficient_quota', 'param': None, 'code': 'insufficient_quota'}}.
2025-11-04 03:14:58,969 DEBUG openai._base_client: Request options: {'method': 'post', 'url': '/chat/completions', 'files': None, 'idempotency_key': 'stainless-python-retry-9a54d11c-3f5b-42be-9bbd-40820a984dee', 'json_data': {'messages': [{'role': 'user', 'content': "Some text is provided below. Given the text, extract up to 10 knowledge triplets in the form of (subject, predicate, object). Avoid stopwords.\n---------------------\nExample:Text: Alice is Bob's mother.Triplets:\n(Alice, is mother of, Bob)\nText: Philz is a coffee shop founded in Berkeley in 1982.\nTriplets:\n(Philz, is, coffee shop)\n(Philz, founded in, Berkeley)\n(Philz, founded in, 1982)\n---------------------\nText: document_id: C:\\Users\\user\\workfolders\\imabari3dcad\\evoship\\EVOSHIP_HELP_FILES\\about_annotation_styles_list_dialog.html\nsource_path: C:\\Users\\user\\workfolders\\imabari3dcad\\evoship\\EVOSHIP_HELP_FILES\\about_annotation_styles_list_dialog.html\nsection_id: 63b6e7402b72bbc0ee5ee65317fb67b077dbc465\ntitle: 注記・寸法スタイル設定\nsection_heading: 注記・寸法スタイル設定\nsection_level: 2\nsection_index: 0\nlast_modified: 2025-08-06T13:57:54+00:00\nextracted_at: 2025-11-03T18:14:07+00:00\ndata_source: EVOSHIP_HELP_FILES\nchunk_id: eea2b71a-a3c9-4a33-ac13-47d63ed3aadc\nchunk_index: 0\ntext_length: 570\nstart_char_idx: 0\nend_char_idx: 570\nnodes: [EntityNode(label='HelpDocument', embedding=None, properties={'document_id': 'C:\\\\Users\\\\user\\\\workfolders\\\\imabari3dcad\\\\evoship\\\\EVOSHIP_HELP_FILES\\\\about_annotation_styles_list_dialog.html', 'source_path': 'C:\\\\Users\\\\user\\\\workfolders\\\\imabari3dcad\\\\evoship\\\\EVOSHIP_HELP_FILES\\\\about_annotation_styles_list_dialog.html', 'title': '注記・寸法スタイル設定', 'headings': ['注記・寸法スタイル設定', '注記スタイルの管理', '注記スタイルの作成', '適用ずみスタイルの更新'], 'section_count': 4, 'last_modified': '2025-08-06T13:57:54+00:00', 'extracted_at': '2025-11-03T18:14:07+00:00', 'data_source': 'EVOSHIP_HELP_FILES'}, name='C:\\\\Users\\\\user\\\\workfolders\\\\imabari3dcad\\\\evoship\\\\EVOSHIP_HELP_FILES\\\\about_annotation_styles_list_dialog.html'), EntityNode(label='HelpSection', embedding=None, properties={'section_id': '63b6e7402b72bbc0ee5ee65317fb67b077dbc465', 'document_id': 'C:\\\\Users\\\\user\\\\workfolders\\\\imabari3dcad\\\\evoship\\\\EVOSHIP_HELP_FILES\\\\about_annotation_styles_list_dialog.html', 'source_path': 'C:\\\\Users\\\\user\\\\workfolders\\\\imabari3dcad\\\\evoship\\\\EVOSHIP_HELP_FILES\\\\about_annotation_styles_list_dialog.html', 'title': '注記・寸法スタイル設定', 'section_heading': '注記・寸法スタイル設定', 'section_level': 2, 'section_index': 0, 'last_modified': '2025-08-06T13:57:54+00:00', 'extracted_at': '2025-11-03T18:14:07+00:00', 'data_source': 'EVOSHIP_HELP_FILES'}, name='63b6e7402b72bbc0ee5ee65317fb67b077dbc465'), ChunkNode(label='HelpChunk', embedding=None, properties={'chunk_id': 'eea2b71a-a3c9-4a33-ac13-47d63ed3aadc', 'document_id': 'C:\\\\Users\\\\user\\\\workfolders\\\\imabari3dcad\\\\evoship\\\\EVOSHIP_HELP_FILES\\\\about_annotation_styles_list_dialog.html', 'section_id': '63b6e7402b72bbc0ee5ee65317fb67b077dbc465', 'source_path': 'C:\\\\Users\\\\user\\\\workfolders\\\\imabari3dcad\\\\evoship\\\\EVOSHIP_HELP_FILES\\\\about_annotation_styles_list_dialog.html', 'title': '注記・寸法スタイル設定', 'section_heading': '注記・寸法スタイル設定', 'section_level': 2, 'section_index': 0, 'last_modified': '2025-08-06T13:57:54+00:00', 'extracted_at': '2025-11-03T18:14:07+00:00', 'chunk_index': 0, 'text_length': 570, 'start_char_idx': 0, 'end_char_idx': 570, 'data_source': 'EVOSHIP_HELP_FILES'}, text='注記・寸法スタイル設定\\n\\n注記や寸法の各種パラメータは、要素ひとつひとつに設定することもできますし、スケッチや図面にまとめてパラメータを設定しておいて、注記や寸法はみずからが属するスケッチに設定しておいたパラメータを参照するようにもできます。この「まとめて設定しておくパラメータ」のことを注記スタイルといいます。 注記スタイルの管理 「注記・寸法スタイル設定」ウィンドウで作成した注記スタイルは、システム設定として保存されます。注記スタイルをスケッチや図面に適用すると、スケッチや図面はそのスタイルのコピーを保持します。スケッチや図面にスタイルを適用してから、「注記・寸法スタイル設定」ウィンドウでそのスタイルを編集しても、スケッチや図面が保持している「コピーされた」スタイルは変更されません。 注記スタイルの作成 左側のスタイル一覧が表示されている欄でコンテキストメニューを表示し、「スタイル設定の追加」をクリックします。また、「モデルのスタイル設定を追加」をクリックすると、いま開いているモデル内のスケッチや図面が保持している注記スタイルがすべてスタイル一覧に追加されます。 また、既存のスタイルを元にして新しくスタイルを作りたい場合は、スタイルを選択してコンテキストメニューを表示し、「スタイル設定（コピー）の追加」をクリックします。', id_='eea2b71a-a3c9-4a33-ac13-47d63ed3aadc')]\nrelations: [Relation(label='HAS_SECTION', source_id='C:\\\\Users\\\\user\\\\workfolders\\\\imabari3dcad\\\\evoship\\\\EVOSHIP_HELP_FILES\\\\about_annotation_styles_list_dialog.html', target_id='63b6e7402b72bbc0ee5ee65317fb67b077dbc465', properties={'data_source': 'EVOSHIP_HELP_FILES'}), Relation(label='HAS_CHUNK', source_id='C:\\\\Users\\\\user\\\\workfolders\\\\imabari3dcad\\\\evoship\\\\EVOSHIP_HELP_FILES\\\\about_annotation_styles_list_dialog.html', target_id='eea2b71a-a3c9-4a33-ac13-47d63ed3aadc', properties={'data_source': 'EVOSHIP_HELP_FILES', 'section_id': '63b6e7402b72bbc0ee5ee65317fb67b077dbc465', 'chunk_index': 0}), Relation(label='HAS_CHUNK', source_id='63b6e7402b72bbc0ee5ee65317fb67b077dbc465', target_id='eea2b71a-a3c9-4a33-ac13-47d63ed3aadc', properties={'data_source': 'EVOSHIP_HELP_FILES', 'chunk_index': 0})]\n\n注記・寸法スタイル設定\n\n注記や寸法の各種パラメータは、要素ひとつひとつに設定することもできますし、スケッチや図面にまとめてパラメータを設定しておいて、注記や寸法はみずからが属するスケッチに設定しておいたパラメータを参照するようにもできます。この「まとめて設定しておくパラメータ」のことを注記スタイルといいます。 注記スタイルの管理 「注記・寸法スタイル設定」ウィンドウで作成した注記スタイルは、システム設定として保存されます。注記スタイルをスケッチや図面に適用すると、スケッチや図面はそのスタイルのコピーを保持します。スケッチや図面にスタイルを適用してから、「注記・寸法スタイル設定」ウィンドウでそのスタイルを編集しても、スケッチや図面が保持している「コピーされた」スタイルは変更されません。 注記スタイルの作成 左側のスタイル一覧が表示されている欄でコンテキストメニューを表示し、「スタイル設定の追加」をクリックします。また、「モデルのスタイル設定を追加」をクリックすると、いま開いているモデル内のスケッチや図面が保持している注記スタイルがすべてスタイル一覧に追加されます。 また、既存のスタイルを元にして新しくスタイルを作りたい場合は、スタイルを選択してコンテキストメニューを表示し、「スタイル設定（コピー）の追加」をクリックします。\nTriplets:\n"}], 'model': 'gpt-5-nano', 'stream': False, 'temperature': 1.0}}
2025-11-04 03:14:58,972 DEBUG openai._base_client: Sending HTTP Request: POST https://api.openai.com/v1/chat/completions
2025-11-04 03:14:58,973 DEBUG openai._base_client: Request options: {'method': 'post', 'url': '/chat/completions', 'files': None, 'idempotency_key': 'stainless-python-retry-16f59b81-a9b0-48ec-a2a9-b052ecff7d6d', 'json_data': {'messages': [{'role': 'user', 'content': "Some text is provided below. Given the text, extract up to 10 knowledge triplets in the form of (subject, predicate, object). Avoid stopwords.\n---------------------\nExample:Text: Alice is Bob's mother.Triplets:\n(Alice, is mother of, Bob)\nText: Philz is a coffee shop founded in Berkeley in 1982.\nTriplets:\n(Philz, is, coffee shop)\n(Philz, founded in, Berkeley)\n(Philz, founded in, 1982)\n---------------------\nText: document_id: C:\\Users\\user\\workfolders\\imabari3dcad\\evoship\\EVOSHIP_HELP_FILES\\about_annotation_styles_list_dialog.html\nsource_path: C:\\Users\\user\\workfolders\\imabari3dcad\\evoship\\EVOSHIP_HELP_FILES\\about_annotation_styles_list_dialog.html\nsection_id: 63b6e7402b72bbc0ee5ee65317fb67b077dbc465\ntitle: 注記・寸法スタイル設定\nsection_heading: 注記・寸法スタイル設定\nsection_level: 2\nsection_index: 0\nlast_modified: 2025-08-06T13:57:54+00:00\nextracted_at: 2025-11-03T18:14:07+00:00\ndata_source: EVOSHIP_HELP_FILES\nchunk_id: 022e3c79-4d57-4793-869b-5bc5afbfd59c\nchunk_index: 1\ntext_length: 330\nstart_char_idx: 490\nend_char_idx: 820\nnodes: [EntityNode(label='HelpDocument', embedding=None, properties={'document_id': 'C:\\\\Users\\\\user\\\\workfolders\\\\imabari3dcad\\\\evoship\\\\EVOSHIP_HELP_FILES\\\\about_annotation_styles_list_dialog.html', 'source_path': 'C:\\\\Users\\\\user\\\\workfolders\\\\imabari3dcad\\\\evoship\\\\EVOSHIP_HELP_FILES\\\\about_annotation_styles_list_dialog.html', 'title': '注記・寸法スタイル設定', 'headings': ['注記・寸法スタイル設定', '注記スタイルの管理', '注記スタイルの作成', '適用ずみスタイルの更新'], 'section_count': 4, 'last_modified': '2025-08-06T13:57:54+00:00', 'extracted_at': '2025-11-03T18:14:07+00:00', 'data_source': 'EVOSHIP_HELP_FILES'}, name='C:\\\\Users\\\\user\\\\workfolders\\\\imabari3dcad\\\\evoship\\\\EVOSHIP_HELP_FILES\\\\about_annotation_styles_list_dialog.html'), EntityNode(label='HelpSection', embedding=None, properties={'section_id': '63b6e7402b72bbc0ee5ee65317fb67b077dbc465', 'document_id': 'C:\\\\Users\\\\user\\\\workfolders\\\\imabari3dcad\\\\evoship\\\\EVOSHIP_HELP_FILES\\\\about_annotation_styles_list_dialog.html', 'source_path': 'C:\\\\Users\\\\user\\\\workfolders\\\\imabari3dcad\\\\evoship\\\\EVOSHIP_HELP_FILES\\\\about_annotation_styles_list_dialog.html', 'title': '注記・寸法スタイル設定', 'section_heading': '注記・寸法スタイル設定', 'section_level': 2, 'section_index': 0, 'last_modified': '2025-08-06T13:57:54+00:00', 'extracted_at': '2025-11-03T18:14:07+00:00', 'data_source': 'EVOSHIP_HELP_FILES'}, name='63b6e7402b72bbc0ee5ee65317fb67b077dbc465'), ChunkNode(label='HelpChunk', embedding=None, properties={'chunk_id': '022e3c79-4d57-4793-869b-5bc5afbfd59c', 'document_id': 'C:\\\\Users\\\\user\\\\workfolders\\\\imabari3dcad\\\\evoship\\\\EVOSHIP_HELP_FILES\\\\about_annotation_styles_list_dialog.html', 'section_id': '63b6e7402b72bbc0ee5ee65317fb67b077dbc465', 'source_path': 'C:\\\\Users\\\\user\\\\workfolders\\\\imabari3dcad\\\\evoship\\\\EVOSHIP_HELP_FILES\\\\about_annotation_styles_list_dialog.html', 'title': '注記・寸法スタイル設定', 'section_heading': '注記・寸法スタイル設定', 'section_level': 2, 'section_index': 0, 'last_modified': '2025-08-06T13:57:54+00:00', 'extracted_at': '2025-11-03T18:14:07+00:00', 'chunk_index': 1, 'text_length': 330, 'start_char_idx': 490, 'end_char_idx': 820, 'data_source': 'EVOSHIP_HELP_FILES'}, text='また、既存のスタイルを元にして新しくスタイルを作りたい場合は、スタイルを選択してコンテキストメニューを表示し、「スタイル設定（コピー）の追加」をクリックします。 適用ずみスタイルの更新 ウィンドウ右下の「モデルの更新」ボタンをクリックすると、「注記・寸法スタイル設定」ウィンドウで管理している（システム設定として保存されている）各スタイルについて、スケッチや図面に適用ずみのスタイルで同名のものがあると、その適用ずみスタイルをシステム設定のスタイルで上書きします。 スタイル一覧に同名のスタイルが複数存在すると、それらのうちひとつだけが適用ずみスタイルの上書きに使われて、残りは無視されてしまいます。同名のスタイルを作るのはできるだけ避けるようにしてください。', id_='022e3c79-4d57-4793-869b-5bc5afbfd59c')]\nrelations: [Relation(label='HAS_SECTION', source_id='C:\\\\Users\\\\user\\\\workfolders\\\\imabari3dcad\\\\evoship\\\\EVOSHIP_HELP_FILES\\\\about_annotation_styles_list_dialog.html', target_id='63b6e7402b72bbc0ee5ee65317fb67b077dbc465', properties={'data_source': 'EVOSHIP_HELP_FILES'}), Relation(label='HAS_CHUNK', source_id='C:\\\\Users\\\\user\\\\workfolders\\\\imabari3dcad\\\\evoship\\\\EVOSHIP_HELP_FILES\\\\about_annotation_styles_list_dialog.html', target_id='022e3c79-4d57-4793-869b-5bc5afbfd59c', properties={'data_source': 'EVOSHIP_HELP_FILES', 'section_id': '63b6e7402b72bbc0ee5ee65317fb67b077dbc465', 'chunk_index': 1}), Relation(label='HAS_CHUNK', source_id='63b6e7402b72bbc0ee5ee65317fb67b077dbc465', target_id='022e3c79-4d57-4793-869b-5bc5afbfd59c', properties={'data_source': 'EVOSHIP_HELP_FILES', 'chunk_index': 1})]\n\nまた、既存のスタイルを元にして新しくスタイルを作りたい場合は、スタイルを選択してコンテキストメニューを表示し、「スタイル設定（コピー）の追加」をクリックします。 適用ずみスタイルの更新 ウィンドウ右下の「モデルの更新」ボタンをクリックすると、「注記・寸法スタイル設定」ウィンドウで管理している（システム設定として保存されている）各スタイルについて、スケッチや図面に適用ずみのスタイルで同名のものがあると、その適用ずみスタイルをシステム設定のスタイルで上書きします。 スタイル一覧に同名のスタイルが複数存在すると、それらのうちひとつだけが適用ずみスタイルの上書きに使われて、残りは無視されてしまいます。同名のスタイルを作るのはできるだけ避けるようにしてください。\nTriplets:\n"}], 'model': 'gpt-5-nano', 'stream': False, 'temperature': 1.0}}
2025-11-04 03:14:58,975 DEBUG openai._base_client: Sending HTTP Request: POST https://api.openai.com/v1/chat/completions
2025-11-04 03:14:58,977 DEBUG httpcore.http11: send_request_headers.started request=<Request [b'POST']>
2025-11-04 03:14:58,979 DEBUG httpcore.http11: send_request_headers.complete
2025-11-04 03:14:58,979 DEBUG httpcore.http11: send_request_body.started request=<Request [b'POST']>
2025-11-04 03:14:58,980 DEBUG httpcore.http11: send_request_body.complete
2025-11-04 03:14:58,980 DEBUG httpcore.http11: receive_response_headers.started request=<Request [b'POST']>
2025-11-04 03:14:58,980 DEBUG httpcore.http11: send_request_headers.started request=<Request [b'POST']>
2025-11-04 03:14:58,983 DEBUG httpcore.http11: send_request_headers.complete
2025-11-04 03:14:58,984 DEBUG httpcore.http11: send_request_body.started request=<Request [b'POST']>
2025-11-04 03:14:58,985 DEBUG httpcore.http11: send_request_body.complete
2025-11-04 03:14:58,985 DEBUG httpcore.http11: receive_response_headers.started request=<Request [b'POST']>
2025-11-04 03:14:59,159 DEBUG httpcore.http11: receive_response_headers.complete return_value=(b'HTTP/1.1', 429, b'Too Many Requests', [(b'Date', b'Mon, 03 Nov 2025 18:14:59 GMT'), (b'Content-Type', b'application/json; charset=utf-8'), (b'Content-Length', b'337'), (b'Connection', b'keep-alive'), (b'vary', b'Origin'), (b'x-request-id', b'req_8ebd993581134bbbaa49b6de61a0026a'), (b'x-envoy-upstream-service-time', b'4'), (b'x-openai-proxy-wasm', b'v0.1'), (b'cf-cache-status', b'DYNAMIC'), (b'Strict-Transport-Security', b'max-age=31536000; includeSubDomains; preload'), (b'X-Content-Type-Options', b'nosniff'), (b'Server', b'cloudflare'), (b'CF-RAY', b'998ddab9ea21be06-KIX'), (b'alt-svc', b'h3=":443"; ma=86400')])
2025-11-04 03:14:59,159 INFO httpx: HTTP Request: POST https://api.openai.com/v1/chat/completions "HTTP/1.1 429 Too Many Requests"
2025-11-04 03:14:59,160 DEBUG httpcore.http11: receive_response_body.started request=<Request [b'POST']>
2025-11-04 03:14:59,160 DEBUG httpcore.http11: receive_response_body.complete
2025-11-04 03:14:59,160 DEBUG httpcore.http11: response_closed.started
2025-11-04 03:14:59,160 DEBUG httpcore.http11: response_closed.complete
2025-11-04 03:14:59,161 DEBUG openai._base_client: HTTP Response: POST https://api.openai.com/v1/chat/completions "429 Too Many Requests" Headers({'date': 'Mon, 03 Nov 2025 18:14:59 GMT', 'content-type': 'application/json; charset=utf-8', 'content-length': '337', 'connection': 'keep-alive', 'vary': 'Origin', 'x-request-id': 'req_8ebd993581134bbbaa49b6de61a0026a', 'x-envoy-upstream-service-time': '4', 'x-openai-proxy-wasm': 'v0.1', 'cf-cache-status': 'DYNAMIC', 'strict-transport-security': 'max-age=31536000; includeSubDomains; preload', 'x-content-type-options': 'nosniff', 'server': 'cloudflare', 'cf-ray': '998ddab9ea21be06-KIX', 'alt-svc': 'h3=":443"; ma=86400'})
2025-11-04 03:14:59,161 DEBUG openai._base_client: request_id: req_8ebd993581134bbbaa49b6de61a0026a
2025-11-04 03:14:59,161 DEBUG openai._base_client: Encountered httpx.HTTPStatusError
Traceback (most recent call last):
  File "C:\Users\user\workfolders\imabari3dcad\.venv\lib\site-packages\openai\_base_client.py", line 1574, in request
    response.raise_for_status()
  File "C:\Users\user\workfolders\imabari3dcad\.venv\lib\site-packages\httpx\_models.py", line 829, in raise_for_status
    raise HTTPStatusError(message, request=request, response=self)
httpx.HTTPStatusError: Client error '429 Too Many Requests' for url 'https://api.openai.com/v1/chat/completions'
For more information check: https://developer.mozilla.org/en-US/docs/Web/HTTP/Status/429
2025-11-04 03:14:59,162 DEBUG openai._base_client: Re-raising status error
2025-11-04 03:14:59,163 WARNING llama_index.llms.openai.utils: Retrying llama_index.llms.openai.base.OpenAI._achat in 1.9811198630062599 seconds as it raised RateLimitError: Error code: 429 - {'error': {'message': 'You exceeded your current quota, please check your plan and billing details. For more information on this error, read the docs: https://platform.openai.com/docs/guides/error-codes/api-errors.', 'type': 'insufficient_quota', 'param': None, 'code': 'insufficient_quota'}}.
2025-11-04 03:14:59,185 DEBUG httpcore.http11: receive_response_headers.complete return_value=(b'HTTP/1.1', 429, b'Too Many Requests', [(b'Date', b'Mon, 03 Nov 2025 18:14:59 GMT'), (b'Content-Type', b'application/json; charset=utf-8'), (b'Content-Length', b'337'), (b'Connection', b'keep-alive'), (b'vary', b'Origin'), (b'x-request-id', b'req_1233ec3a87064545b44d292135e4cc35'), (b'x-envoy-upstream-service-time', b'9'), (b'x-openai-proxy-wasm', b'v0.1'), (b'cf-cache-status', b'DYNAMIC'), (b'Strict-Transport-Security', b'max-age=31536000; includeSubDomains; preload'), (b'X-Content-Type-Options', b'nosniff'), (b'Server', b'cloudflare'), (b'CF-RAY', b'998ddab9f8e18373-KIX'), (b'alt-svc', b'h3=":443"; ma=86400')])
2025-11-04 03:14:59,186 INFO httpx: HTTP Request: POST https://api.openai.com/v1/chat/completions "HTTP/1.1 429 Too Many Requests"
2025-11-04 03:14:59,186 DEBUG httpcore.http11: receive_response_body.started request=<Request [b'POST']>
2025-11-04 03:14:59,186 DEBUG httpcore.http11: receive_response_body.complete
2025-11-04 03:14:59,187 DEBUG httpcore.http11: response_closed.started
2025-11-04 03:14:59,187 DEBUG httpcore.http11: response_closed.complete
2025-11-04 03:14:59,187 DEBUG openai._base_client: HTTP Response: POST https://api.openai.com/v1/chat/completions "429 Too Many Requests" Headers({'date': 'Mon, 03 Nov 2025 18:14:59 GMT', 'content-type': 'application/json; charset=utf-8', 'content-length': '337', 'connection': 'keep-alive', 'vary': 'Origin', 'x-request-id': 'req_1233ec3a87064545b44d292135e4cc35', 'x-envoy-upstream-service-time': '9', 'x-openai-proxy-wasm': 'v0.1', 'cf-cache-status': 'DYNAMIC', 'strict-transport-security': 'max-age=31536000; includeSubDomains; preload', 'x-content-type-options': 'nosniff', 'server': 'cloudflare', 'cf-ray': '998ddab9f8e18373-KIX', 'alt-svc': 'h3=":443"; ma=86400'})
2025-11-04 03:14:59,187 DEBUG openai._base_client: request_id: req_1233ec3a87064545b44d292135e4cc35
2025-11-04 03:14:59,187 DEBUG openai._base_client: Encountered httpx.HTTPStatusError
Traceback (most recent call last):
  File "C:\Users\user\workfolders\imabari3dcad\.venv\lib\site-packages\openai\_base_client.py", line 1574, in request
    response.raise_for_status()
  File "C:\Users\user\workfolders\imabari3dcad\.venv\lib\site-packages\httpx\_models.py", line 829, in raise_for_status
    raise HTTPStatusError(message, request=request, response=self)
httpx.HTTPStatusError: Client error '429 Too Many Requests' for url 'https://api.openai.com/v1/chat/completions'
For more information check: https://developer.mozilla.org/en-US/docs/Web/HTTP/Status/429
2025-11-04 03:14:59,188 DEBUG openai._base_client: Re-raising status error
2025-11-04 03:14:59,189 WARNING llama_index.llms.openai.utils: Retrying llama_index.llms.openai.base.OpenAI._achat in 1.4162309792451302 seconds as it raised RateLimitError: Error code: 429 - {'error': {'message': 'You exceeded your current quota, please check your plan and billing details. For more information on this error, read the docs: https://platform.openai.com/docs/guides/error-codes/api-errors.', 'type': 'insufficient_quota', 'param': None, 'code': 'insufficient_quota'}}.
2025-11-04 03:14:59,249 DEBUG openai._base_client: Request options: {'method': 'post', 'url': '/chat/completions', 'files': None, 'idempotency_key': 'stainless-python-retry-1cfcbacf-089c-40d8-975a-746611eb77cb', 'json_data': {'messages': [{'role': 'user', 'content': "Some text is provided below. Given the text, extract up to 10 knowledge triplets in the form of (subject, predicate, object). Avoid stopwords.\n---------------------\nExample:Text: Alice is Bob's mother.Triplets:\n(Alice, is mother of, Bob)\nText: Philz is a coffee shop founded in Berkeley in 1982.\nTriplets:\n(Philz, is, coffee shop)\n(Philz, founded in, Berkeley)\n(Philz, founded in, 1982)\n---------------------\nText: document_id: C:\\Users\\user\\workfolders\\imabari3dcad\\evoship\\EVOSHIP_HELP_FILES\\about_annotation_styles_list_dialog.html\nsource_path: C:\\Users\\user\\workfolders\\imabari3dcad\\evoship\\EVOSHIP_HELP_FILES\\about_annotation_styles_list_dialog.html\nsection_id: 71bd4ac5cfe31b1a99355b3e4d691c83deea1ffc\ntitle: 注記・寸法スタイル設定\nsection_heading: 注記スタイルの管理\nsection_level: 3\nsection_index: 1\nlast_modified: 2025-08-06T13:57:54+00:00\nextracted_at: 2025-11-03T18:14:07+00:00\ndata_source: EVOSHIP_HELP_FILES\nchunk_id: 95ba70c0-d17d-410a-b4f4-4ef46d8a0f92\nchunk_index: 0\ntext_length: 191\nstart_char_idx: 0\nend_char_idx: 191\nnodes: [EntityNode(label='HelpDocument', embedding=None, properties={'document_id': 'C:\\\\Users\\\\user\\\\workfolders\\\\imabari3dcad\\\\evoship\\\\EVOSHIP_HELP_FILES\\\\about_annotation_styles_list_dialog.html', 'source_path': 'C:\\\\Users\\\\user\\\\workfolders\\\\imabari3dcad\\\\evoship\\\\EVOSHIP_HELP_FILES\\\\about_annotation_styles_list_dialog.html', 'title': '注記・寸法スタイル設定', 'headings': ['注記・寸法スタイル設定', '注記スタイルの管理', '注記スタイルの作成', '適用ずみスタイルの更新'], 'section_count': 4, 'last_modified': '2025-08-06T13:57:54+00:00', 'extracted_at': '2025-11-03T18:14:07+00:00', 'data_source': 'EVOSHIP_HELP_FILES'}, name='C:\\\\Users\\\\user\\\\workfolders\\\\imabari3dcad\\\\evoship\\\\EVOSHIP_HELP_FILES\\\\about_annotation_styles_list_dialog.html'), EntityNode(label='HelpSection', embedding=None, properties={'section_id': '71bd4ac5cfe31b1a99355b3e4d691c83deea1ffc', 'document_id': 'C:\\\\Users\\\\user\\\\workfolders\\\\imabari3dcad\\\\evoship\\\\EVOSHIP_HELP_FILES\\\\about_annotation_styles_list_dialog.html', 'source_path': 'C:\\\\Users\\\\user\\\\workfolders\\\\imabari3dcad\\\\evoship\\\\EVOSHIP_HELP_FILES\\\\about_annotation_styles_list_dialog.html', 'title': '注記・寸法スタイル設定', 'section_heading': '注記スタイルの管理', 'section_level': 3, 'section_index': 1, 'last_modified': '2025-08-06T13:57:54+00:00', 'extracted_at': '2025-11-03T18:14:07+00:00', 'data_source': 'EVOSHIP_HELP_FILES'}, name='71bd4ac5cfe31b1a99355b3e4d691c83deea1ffc'), ChunkNode(label='HelpChunk', embedding=None, properties={'chunk_id': '95ba70c0-d17d-410a-b4f4-4ef46d8a0f92', 'document_id': 'C:\\\\Users\\\\user\\\\workfolders\\\\imabari3dcad\\\\evoship\\\\EVOSHIP_HELP_FILES\\\\about_annotation_styles_list_dialog.html', 'section_id': '71bd4ac5cfe31b1a99355b3e4d691c83deea1ffc', 'source_path': 'C:\\\\Users\\\\user\\\\workfolders\\\\imabari3dcad\\\\evoship\\\\EVOSHIP_HELP_FILES\\\\about_annotation_styles_list_dialog.html', 'title': '注記・寸法スタイル設定', 'section_heading': '注記スタイルの管理', 'section_level': 3, 'section_index': 1, 'last_modified': '2025-08-06T13:57:54+00:00', 'extracted_at': '2025-11-03T18:14:07+00:00', 'chunk_index': 0, 'text_length': 191, 'start_char_idx': 0, 'end_char_idx': 191, 'data_source': 'EVOSHIP_HELP_FILES'}, text='注記スタイルの管理\\n\\n「注記・寸法スタイル設定」ウィンドウで作成した注記スタイルは、システム設定として保存されます。注記スタイルをスケッチや図面に適用すると、スケッチや図面はそのスタイルのコピーを保持します。スケッチや図面にスタイルを適用してから、「注記・寸法スタイル設定」ウィンドウでそのスタイルを編集しても、スケッチや図面が保持している「コピーされた」スタイルは変更されません。', id_='95ba70c0-d17d-410a-b4f4-4ef46d8a0f92')]\nrelations: [Relation(label='HAS_SECTION', source_id='C:\\\\Users\\\\user\\\\workfolders\\\\imabari3dcad\\\\evoship\\\\EVOSHIP_HELP_FILES\\\\about_annotation_styles_list_dialog.html', target_id='71bd4ac5cfe31b1a99355b3e4d691c83deea1ffc', properties={'data_source': 'EVOSHIP_HELP_FILES'}), Relation(label='HAS_CHUNK', source_id='C:\\\\Users\\\\user\\\\workfolders\\\\imabari3dcad\\\\evoship\\\\EVOSHIP_HELP_FILES\\\\about_annotation_styles_list_dialog.html', target_id='95ba70c0-d17d-410a-b4f4-4ef46d8a0f92', properties={'data_source': 'EVOSHIP_HELP_FILES', 'section_id': '71bd4ac5cfe31b1a99355b3e4d691c83deea1ffc', 'chunk_index': 0}), Relation(label='HAS_CHUNK', source_id='71bd4ac5cfe31b1a99355b3e4d691c83deea1ffc', target_id='95ba70c0-d17d-410a-b4f4-4ef46d8a0f92', properties={'data_source': 'EVOSHIP_HELP_FILES', 'chunk_index': 0})]\n\n注記スタイルの管理\n\n「注記・寸法スタイル設定」ウィンドウで作成した注記スタイルは、システム設定として保存されます。注記スタイルをスケッチや図面に適用すると、スケッチや図面はそのスタイルのコピーを保持します。スケッチや図面にスタイルを適用してから、「注記・寸法スタイル設定」ウィンドウでそのスタイルを編集しても、スケッチや図面が保持している「コピーされた」スタイルは変更されません。\nTriplets:\n"}], 'model': 'gpt-5-nano', 'stream': False, 'temperature': 1.0}}
2025-11-04 03:14:59,251 DEBUG openai._base_client: Sending HTTP Request: POST https://api.openai.com/v1/chat/completions
2025-11-04 03:14:59,252 DEBUG httpcore.http11: send_request_headers.started request=<Request [b'POST']>
2025-11-04 03:14:59,253 DEBUG httpcore.http11: send_request_headers.complete
2025-11-04 03:14:59,253 DEBUG httpcore.http11: send_request_body.started request=<Request [b'POST']>
2025-11-04 03:14:59,254 DEBUG httpcore.http11: send_request_body.complete
2025-11-04 03:14:59,255 DEBUG httpcore.http11: receive_response_headers.started request=<Request [b'POST']>
2025-11-04 03:14:59,483 DEBUG httpcore.http11: receive_response_headers.complete return_value=(b'HTTP/1.1', 429, b'Too Many Requests', [(b'Date', b'Mon, 03 Nov 2025 18:14:59 GMT'), (b'Content-Type', b'application/json; charset=utf-8'), (b'Content-Length', b'337'), (b'Connection', b'keep-alive'), (b'vary', b'Origin'), (b'x-request-id', b'req_8bc821bfee284f1cab38531908598edb'), (b'x-envoy-upstream-service-time', b'45'), (b'x-openai-proxy-wasm', b'v0.1'), (b'cf-cache-status', b'DYNAMIC'), (b'Strict-Transport-Security', b'max-age=31536000; includeSubDomains; preload'), (b'X-Content-Type-Options', b'nosniff'), (b'Server', b'cloudflare'), (b'CF-RAY', b'998ddabbabe6be06-KIX'), (b'alt-svc', b'h3=":443"; ma=86400')])
2025-11-04 03:14:59,483 INFO httpx: HTTP Request: POST https://api.openai.com/v1/chat/completions "HTTP/1.1 429 Too Many Requests"
2025-11-04 03:14:59,484 DEBUG httpcore.http11: receive_response_body.started request=<Request [b'POST']>
2025-11-04 03:14:59,484 DEBUG httpcore.http11: receive_response_body.complete
2025-11-04 03:14:59,484 DEBUG httpcore.http11: response_closed.started
2025-11-04 03:14:59,484 DEBUG httpcore.http11: response_closed.complete
2025-11-04 03:14:59,484 DEBUG openai._base_client: HTTP Response: POST https://api.openai.com/v1/chat/completions "429 Too Many Requests" Headers({'date': 'Mon, 03 Nov 2025 18:14:59 GMT', 'content-type': 'application/json; charset=utf-8', 'content-length': '337', 'connection': 'keep-alive', 'vary': 'Origin', 'x-request-id': 'req_8bc821bfee284f1cab38531908598edb', 'x-envoy-upstream-service-time': '45', 'x-openai-proxy-wasm': 'v0.1', 'cf-cache-status': 'DYNAMIC', 'strict-transport-security': 'max-age=31536000; includeSubDomains; preload', 'x-content-type-options': 'nosniff', 'server': 'cloudflare', 'cf-ray': '998ddabbabe6be06-KIX', 'alt-svc': 'h3=":443"; ma=86400'})
2025-11-04 03:14:59,484 DEBUG openai._base_client: request_id: req_8bc821bfee284f1cab38531908598edb
2025-11-04 03:14:59,485 DEBUG openai._base_client: Encountered httpx.HTTPStatusError
Traceback (most recent call last):
  File "C:\Users\user\workfolders\imabari3dcad\.venv\lib\site-packages\openai\_base_client.py", line 1574, in request
    response.raise_for_status()
  File "C:\Users\user\workfolders\imabari3dcad\.venv\lib\site-packages\httpx\_models.py", line 829, in raise_for_status
    raise HTTPStatusError(message, request=request, response=self)
httpx.HTTPStatusError: Client error '429 Too Many Requests' for url 'https://api.openai.com/v1/chat/completions'
For more information check: https://developer.mozilla.org/en-US/docs/Web/HTTP/Status/429
2025-11-04 03:14:59,485 DEBUG openai._base_client: Re-raising status error
2025-11-04 03:14:59,486 WARNING llama_index.llms.openai.utils: Retrying llama_index.llms.openai.base.OpenAI._achat in 1.1067521998460617 seconds as it raised RateLimitError: Error code: 429 - {'error': {'message': 'You exceeded your current quota, please check your plan and billing details. For more information on this error, read the docs: https://platform.openai.com/docs/guides/error-codes/api-errors.', 'type': 'insufficient_quota', 'param': None, 'code': 'insufficient_quota'}}.
2025-11-04 03:15:00,500 DEBUG openai._base_client: Request options: {'method': 'post', 'url': '/chat/completions', 'files': None, 'idempotency_key': 'stainless-python-retry-ff83ffd7-79a5-4840-8000-eaedef7af7cd', 'json_data': {'messages': [{'role': 'user', 'content': "Some text is provided below. Given the text, extract up to 10 knowledge triplets in the form of (subject, predicate, object). Avoid stopwords.\n---------------------\nExample:Text: Alice is Bob's mother.Triplets:\n(Alice, is mother of, Bob)\nText: Philz is a coffee shop founded in Berkeley in 1982.\nTriplets:\n(Philz, is, coffee shop)\n(Philz, founded in, Berkeley)\n(Philz, founded in, 1982)\n---------------------\nText: document_id: C:\\Users\\user\\workfolders\\imabari3dcad\\evoship\\EVOSHIP_HELP_FILES\\about_annotation.html\nsource_path: C:\\Users\\user\\workfolders\\imabari3dcad\\evoship\\EVOSHIP_HELP_FILES\\about_annotation.html\nsection_id: b44e2dce0448c0e4b08e5be898df93f6c4e4f2fc\ntitle: アノーテーション\nsection_heading: アノーテーション\nsection_level: 2\nsection_index: 0\nlast_modified: 2025-08-06T13:57:54+00:00\nextracted_at: 2025-11-03T18:14:07+00:00\ndata_source: EVOSHIP_HELP_FILES\nchunk_id: 8c3a6bbd-bcd8-4dbe-9937-93441f4e2bde\nchunk_index: 0\ntext_length: 36\nstart_char_idx: 0\nend_char_idx: 36\nnodes: [EntityNode(label='HelpDocument', embedding=None, properties={'document_id': 'C:\\\\Users\\\\user\\\\workfolders\\\\imabari3dcad\\\\evoship\\\\EVOSHIP_HELP_FILES\\\\about_annotation.html', 'source_path': 'C:\\\\Users\\\\user\\\\workfolders\\\\imabari3dcad\\\\evoship\\\\EVOSHIP_HELP_FILES\\\\about_annotation.html', 'title': 'アノーテーション', 'headings': ['アノーテーション'], 'section_count': 1, 'last_modified': '2025-08-06T13:57:54+00:00', 'extracted_at': '2025-11-03T18:14:07+00:00', 'data_source': 'EVOSHIP_HELP_FILES'}, name='C:\\\\Users\\\\user\\\\workfolders\\\\imabari3dcad\\\\evoship\\\\EVOSHIP_HELP_FILES\\\\about_annotation.html'), EntityNode(label='HelpSection', embedding=None, properties={'section_id': 'b44e2dce0448c0e4b08e5be898df93f6c4e4f2fc', 'document_id': 'C:\\\\Users\\\\user\\\\workfolders\\\\imabari3dcad\\\\evoship\\\\EVOSHIP_HELP_FILES\\\\about_annotation.html', 'source_path': 'C:\\\\Users\\\\user\\\\workfolders\\\\imabari3dcad\\\\evoship\\\\EVOSHIP_HELP_FILES\\\\about_annotation.html', 'title': 'アノーテーション', 'section_heading': 'アノーテーション', 'section_level': 2, 'section_index': 0, 'last_modified': '2025-08-06T13:57:54+00:00', 'extracted_at': '2025-11-03T18:14:07+00:00', 'data_source': 'EVOSHIP_HELP_FILES'}, name='b44e2dce0448c0e4b08e5be898df93f6c4e4f2fc'), ChunkNode(label='HelpChunk', embedding=None, properties={'chunk_id': '8c3a6bbd-bcd8-4dbe-9937-93441f4e2bde', 'document_id': 'C:\\\\Users\\\\user\\\\workfolders\\\\imabari3dcad\\\\evoship\\\\EVOSHIP_HELP_FILES\\\\about_annotation.html', 'section_id': 'b44e2dce0448c0e4b08e5be898df93f6c4e4f2fc', 'source_path': 'C:\\\\Users\\\\user\\\\workfolders\\\\imabari3dcad\\\\evoship\\\\EVOSHIP_HELP_FILES\\\\about_annotation.html', 'title': 'アノーテーション', 'section_heading': 'アノーテーション', 'section_level': 2, 'section_index': 0, 'last_modified': '2025-08-06T13:57:54+00:00', 'extracted_at': '2025-11-03T18:14:07+00:00', 'chunk_index': 0, 'text_length': 36, 'start_char_idx': 0, 'end_char_idx': 36, 'data_source': 'EVOSHIP_HELP_FILES'}, text='アノーテーション\\n\\n３次元位置や要素上に 注記 をつけることができます。', id_='8c3a6bbd-bcd8-4dbe-9937-93441f4e2bde')]\nrelations: [Relation(label='HAS_SECTION', source_id='C:\\\\Users\\\\user\\\\workfolders\\\\imabari3dcad\\\\evoship\\\\EVOSHIP_HELP_FILES\\\\about_annotation.html', target_id='b44e2dce0448c0e4b08e5be898df93f6c4e4f2fc', properties={'data_source': 'EVOSHIP_HELP_FILES'}), Relation(label='HAS_CHUNK', source_id='C:\\\\Users\\\\user\\\\workfolders\\\\imabari3dcad\\\\evoship\\\\EVOSHIP_HELP_FILES\\\\about_annotation.html', target_id='8c3a6bbd-bcd8-4dbe-9937-93441f4e2bde', properties={'data_source': 'EVOSHIP_HELP_FILES', 'section_id': 'b44e2dce0448c0e4b08e5be898df93f6c4e4f2fc', 'chunk_index': 0}), Relation(label='HAS_CHUNK', source_id='b44e2dce0448c0e4b08e5be898df93f6c4e4f2fc', target_id='8c3a6bbd-bcd8-4dbe-9937-93441f4e2bde', properties={'data_source': 'EVOSHIP_HELP_FILES', 'chunk_index': 0})]\n\nアノーテーション\n\n３次元位置や要素上に 注記 をつけることができます。\nTriplets:\n"}], 'model': 'gpt-5-nano', 'stream': False, 'temperature': 1.0}}
2025-11-04 03:15:00,501 DEBUG openai._base_client: Sending HTTP Request: POST https://api.openai.com/v1/chat/completions
2025-11-04 03:15:00,501 DEBUG httpcore.http11: send_request_headers.started request=<Request [b'POST']>
2025-11-04 03:15:00,502 DEBUG httpcore.http11: send_request_headers.complete
2025-11-04 03:15:00,502 DEBUG httpcore.http11: send_request_body.started request=<Request [b'POST']>
2025-11-04 03:15:00,502 DEBUG httpcore.http11: send_request_body.complete
2025-11-04 03:15:00,502 DEBUG httpcore.http11: receive_response_headers.started request=<Request [b'POST']>
2025-11-04 03:15:00,594 DEBUG openai._base_client: Request options: {'method': 'post', 'url': '/chat/completions', 'files': None, 'idempotency_key': 'stainless-python-retry-b78a5930-c2e0-493d-a95f-20951352112a', 'json_data': {'messages': [{'role': 'user', 'content': "Some text is provided below. Given the text, extract up to 10 knowledge triplets in the form of (subject, predicate, object). Avoid stopwords.\n---------------------\nExample:Text: Alice is Bob's mother.Triplets:\n(Alice, is mother of, Bob)\nText: Philz is a coffee shop founded in Berkeley in 1982.\nTriplets:\n(Philz, is, coffee shop)\n(Philz, founded in, Berkeley)\n(Philz, founded in, 1982)\n---------------------\nText: document_id: C:\\Users\\user\\workfolders\\imabari3dcad\\evoship\\EVOSHIP_HELP_FILES\\about_annotation_styles_list_dialog.html\nsource_path: C:\\Users\\user\\workfolders\\imabari3dcad\\evoship\\EVOSHIP_HELP_FILES\\about_annotation_styles_list_dialog.html\nsection_id: 71bd4ac5cfe31b1a99355b3e4d691c83deea1ffc\ntitle: 注記・寸法スタイル設定\nsection_heading: 注記スタイルの管理\nsection_level: 3\nsection_index: 1\nlast_modified: 2025-08-06T13:57:54+00:00\nextracted_at: 2025-11-03T18:14:07+00:00\ndata_source: EVOSHIP_HELP_FILES\nchunk_id: 95ba70c0-d17d-410a-b4f4-4ef46d8a0f92\nchunk_index: 0\ntext_length: 191\nstart_char_idx: 0\nend_char_idx: 191\nnodes: [EntityNode(label='HelpDocument', embedding=None, properties={'document_id': 'C:\\\\Users\\\\user\\\\workfolders\\\\imabari3dcad\\\\evoship\\\\EVOSHIP_HELP_FILES\\\\about_annotation_styles_list_dialog.html', 'source_path': 'C:\\\\Users\\\\user\\\\workfolders\\\\imabari3dcad\\\\evoship\\\\EVOSHIP_HELP_FILES\\\\about_annotation_styles_list_dialog.html', 'title': '注記・寸法スタイル設定', 'headings': ['注記・寸法スタイル設定', '注記スタイルの管理', '注記スタイルの作成', '適用ずみスタイルの更新'], 'section_count': 4, 'last_modified': '2025-08-06T13:57:54+00:00', 'extracted_at': '2025-11-03T18:14:07+00:00', 'data_source': 'EVOSHIP_HELP_FILES'}, name='C:\\\\Users\\\\user\\\\workfolders\\\\imabari3dcad\\\\evoship\\\\EVOSHIP_HELP_FILES\\\\about_annotation_styles_list_dialog.html'), EntityNode(label='HelpSection', embedding=None, properties={'section_id': '71bd4ac5cfe31b1a99355b3e4d691c83deea1ffc', 'document_id': 'C:\\\\Users\\\\user\\\\workfolders\\\\imabari3dcad\\\\evoship\\\\EVOSHIP_HELP_FILES\\\\about_annotation_styles_list_dialog.html', 'source_path': 'C:\\\\Users\\\\user\\\\workfolders\\\\imabari3dcad\\\\evoship\\\\EVOSHIP_HELP_FILES\\\\about_annotation_styles_list_dialog.html', 'title': '注記・寸法スタイル設定', 'section_heading': '注記スタイルの管理', 'section_level': 3, 'section_index': 1, 'last_modified': '2025-08-06T13:57:54+00:00', 'extracted_at': '2025-11-03T18:14:07+00:00', 'data_source': 'EVOSHIP_HELP_FILES'}, name='71bd4ac5cfe31b1a99355b3e4d691c83deea1ffc'), ChunkNode(label='HelpChunk', embedding=None, properties={'chunk_id': '95ba70c0-d17d-410a-b4f4-4ef46d8a0f92', 'document_id': 'C:\\\\Users\\\\user\\\\workfolders\\\\imabari3dcad\\\\evoship\\\\EVOSHIP_HELP_FILES\\\\about_annotation_styles_list_dialog.html', 'section_id': '71bd4ac5cfe31b1a99355b3e4d691c83deea1ffc', 'source_path': 'C:\\\\Users\\\\user\\\\workfolders\\\\imabari3dcad\\\\evoship\\\\EVOSHIP_HELP_FILES\\\\about_annotation_styles_list_dialog.html', 'title': '注記・寸法スタイル設定', 'section_heading': '注記スタイルの管理', 'section_level': 3, 'section_index': 1, 'last_modified': '2025-08-06T13:57:54+00:00', 'extracted_at': '2025-11-03T18:14:07+00:00', 'chunk_index': 0, 'text_length': 191, 'start_char_idx': 0, 'end_char_idx': 191, 'data_source': 'EVOSHIP_HELP_FILES'}, text='注記スタイルの管理\\n\\n「注記・寸法スタイル設定」ウィンドウで作成した注記スタイルは、システム設定として保存されます。注記スタイルをスケッチや図面に適用すると、スケッチや図面はそのスタイルのコピーを保持します。スケッチや図面にスタイルを適用してから、「注記・寸法スタイル設定」ウィンドウでそのスタイルを編集しても、スケッチや図面が保持している「コピーされた」スタイルは変更されません。', id_='95ba70c0-d17d-410a-b4f4-4ef46d8a0f92')]\nrelations: [Relation(label='HAS_SECTION', source_id='C:\\\\Users\\\\user\\\\workfolders\\\\imabari3dcad\\\\evoship\\\\EVOSHIP_HELP_FILES\\\\about_annotation_styles_list_dialog.html', target_id='71bd4ac5cfe31b1a99355b3e4d691c83deea1ffc', properties={'data_source': 'EVOSHIP_HELP_FILES'}), Relation(label='HAS_CHUNK', source_id='C:\\\\Users\\\\user\\\\workfolders\\\\imabari3dcad\\\\evoship\\\\EVOSHIP_HELP_FILES\\\\about_annotation_styles_list_dialog.html', target_id='95ba70c0-d17d-410a-b4f4-4ef46d8a0f92', properties={'data_source': 'EVOSHIP_HELP_FILES', 'section_id': '71bd4ac5cfe31b1a99355b3e4d691c83deea1ffc', 'chunk_index': 0}), Relation(label='HAS_CHUNK', source_id='71bd4ac5cfe31b1a99355b3e4d691c83deea1ffc', target_id='95ba70c0-d17d-410a-b4f4-4ef46d8a0f92', properties={'data_source': 'EVOSHIP_HELP_FILES', 'chunk_index': 0})]\n\n注記スタイルの管理\n\n「注記・寸法スタイル設定」ウィンドウで作成した注記スタイルは、システム設定として保存されます。注記スタイルをスケッチや図面に適用すると、スケッチや図面はそのスタイルのコピーを保持します。スケッチや図面にスタイルを適用してから、「注記・寸法スタイル設定」ウィンドウでそのスタイルを編集しても、スケッチや図面が保持している「コピーされた」スタイルは変更されません。\nTriplets:\n"}], 'model': 'gpt-5-nano', 'stream': False, 'temperature': 1.0}}
2025-11-04 03:15:00,595 DEBUG openai._base_client: Sending HTTP Request: POST https://api.openai.com/v1/chat/completions
2025-11-04 03:15:00,596 DEBUG openai._base_client: Request options: {'method': 'post', 'url': '/chat/completions', 'files': None, 'idempotency_key': 'stainless-python-retry-a38331a1-8afc-4c7f-9811-49c464adb0b3', 'json_data': {'messages': [{'role': 'user', 'content': "Some text is provided below. Given the text, extract up to 10 knowledge triplets in the form of (subject, predicate, object). Avoid stopwords.\n---------------------\nExample:Text: Alice is Bob's mother.Triplets:\n(Alice, is mother of, Bob)\nText: Philz is a coffee shop founded in Berkeley in 1982.\nTriplets:\n(Philz, is, coffee shop)\n(Philz, founded in, Berkeley)\n(Philz, founded in, 1982)\n---------------------\nText: document_id: C:\\Users\\user\\workfolders\\imabari3dcad\\evoship\\EVOSHIP_HELP_FILES\\about_annotation_styles_list_dialog.html\nsource_path: C:\\Users\\user\\workfolders\\imabari3dcad\\evoship\\EVOSHIP_HELP_FILES\\about_annotation_styles_list_dialog.html\nsection_id: 63b6e7402b72bbc0ee5ee65317fb67b077dbc465\ntitle: 注記・寸法スタイル設定\nsection_heading: 注記・寸法スタイル設定\nsection_level: 2\nsection_index: 0\nlast_modified: 2025-08-06T13:57:54+00:00\nextracted_at: 2025-11-03T18:14:07+00:00\ndata_source: EVOSHIP_HELP_FILES\nchunk_id: 022e3c79-4d57-4793-869b-5bc5afbfd59c\nchunk_index: 1\ntext_length: 330\nstart_char_idx: 490\nend_char_idx: 820\nnodes: [EntityNode(label='HelpDocument', embedding=None, properties={'document_id': 'C:\\\\Users\\\\user\\\\workfolders\\\\imabari3dcad\\\\evoship\\\\EVOSHIP_HELP_FILES\\\\about_annotation_styles_list_dialog.html', 'source_path': 'C:\\\\Users\\\\user\\\\workfolders\\\\imabari3dcad\\\\evoship\\\\EVOSHIP_HELP_FILES\\\\about_annotation_styles_list_dialog.html', 'title': '注記・寸法スタイル設定', 'headings': ['注記・寸法スタイル設定', '注記スタイルの管理', '注記スタイルの作成', '適用ずみスタイルの更新'], 'section_count': 4, 'last_modified': '2025-08-06T13:57:54+00:00', 'extracted_at': '2025-11-03T18:14:07+00:00', 'data_source': 'EVOSHIP_HELP_FILES'}, name='C:\\\\Users\\\\user\\\\workfolders\\\\imabari3dcad\\\\evoship\\\\EVOSHIP_HELP_FILES\\\\about_annotation_styles_list_dialog.html'), EntityNode(label='HelpSection', embedding=None, properties={'section_id': '63b6e7402b72bbc0ee5ee65317fb67b077dbc465', 'document_id': 'C:\\\\Users\\\\user\\\\workfolders\\\\imabari3dcad\\\\evoship\\\\EVOSHIP_HELP_FILES\\\\about_annotation_styles_list_dialog.html', 'source_path': 'C:\\\\Users\\\\user\\\\workfolders\\\\imabari3dcad\\\\evoship\\\\EVOSHIP_HELP_FILES\\\\about_annotation_styles_list_dialog.html', 'title': '注記・寸法スタイル設定', 'section_heading': '注記・寸法スタイル設定', 'section_level': 2, 'section_index': 0, 'last_modified': '2025-08-06T13:57:54+00:00', 'extracted_at': '2025-11-03T18:14:07+00:00', 'data_source': 'EVOSHIP_HELP_FILES'}, name='63b6e7402b72bbc0ee5ee65317fb67b077dbc465'), ChunkNode(label='HelpChunk', embedding=None, properties={'chunk_id': '022e3c79-4d57-4793-869b-5bc5afbfd59c', 'document_id': 'C:\\\\Users\\\\user\\\\workfolders\\\\imabari3dcad\\\\evoship\\\\EVOSHIP_HELP_FILES\\\\about_annotation_styles_list_dialog.html', 'section_id': '63b6e7402b72bbc0ee5ee65317fb67b077dbc465', 'source_path': 'C:\\\\Users\\\\user\\\\workfolders\\\\imabari3dcad\\\\evoship\\\\EVOSHIP_HELP_FILES\\\\about_annotation_styles_list_dialog.html', 'title': '注記・寸法スタイル設定', 'section_heading': '注記・寸法スタイル設定', 'section_level': 2, 'section_index': 0, 'last_modified': '2025-08-06T13:57:54+00:00', 'extracted_at': '2025-11-03T18:14:07+00:00', 'chunk_index': 1, 'text_length': 330, 'start_char_idx': 490, 'end_char_idx': 820, 'data_source': 'EVOSHIP_HELP_FILES'}, text='また、既存のスタイルを元にして新しくスタイルを作りたい場合は、スタイルを選択してコンテキストメニューを表示し、「スタイル設定（コピー）の追加」をクリックします。 適用ずみスタイルの更新 ウィンドウ右下の「モデルの更新」ボタンをクリックすると、「注記・寸法スタイル設定」ウィンドウで管理している（システム設定として保存されている）各スタイルについて、スケッチや図面に適用ずみのスタイルで同名のものがあると、その適用ずみスタイルをシステム設定のスタイルで上書きします。 スタイル一覧に同名のスタイルが複数存在すると、それらのうちひとつだけが適用ずみスタイルの上書きに使われて、残りは無視されてしまいます。同名のスタイルを作るのはできるだけ避けるようにしてください。', id_='022e3c79-4d57-4793-869b-5bc5afbfd59c')]\nrelations: [Relation(label='HAS_SECTION', source_id='C:\\\\Users\\\\user\\\\workfolders\\\\imabari3dcad\\\\evoship\\\\EVOSHIP_HELP_FILES\\\\about_annotation_styles_list_dialog.html', target_id='63b6e7402b72bbc0ee5ee65317fb67b077dbc465', properties={'data_source': 'EVOSHIP_HELP_FILES'}), Relation(label='HAS_CHUNK', source_id='C:\\\\Users\\\\user\\\\workfolders\\\\imabari3dcad\\\\evoship\\\\EVOSHIP_HELP_FILES\\\\about_annotation_styles_list_dialog.html', target_id='022e3c79-4d57-4793-869b-5bc5afbfd59c', properties={'data_source': 'EVOSHIP_HELP_FILES', 'section_id': '63b6e7402b72bbc0ee5ee65317fb67b077dbc465', 'chunk_index': 1}), Relation(label='HAS_CHUNK', source_id='63b6e7402b72bbc0ee5ee65317fb67b077dbc465', target_id='022e3c79-4d57-4793-869b-5bc5afbfd59c', properties={'data_source': 'EVOSHIP_HELP_FILES', 'chunk_index': 1})]\n\nまた、既存のスタイルを元にして新しくスタイルを作りたい場合は、スタイルを選択してコンテキストメニューを表示し、「スタイル設定（コピー）の追加」をクリックします。 適用ずみスタイルの更新 ウィンドウ右下の「モデルの更新」ボタンをクリックすると、「注記・寸法スタイル設定」ウィンドウで管理している（システム設定として保存されている）各スタイルについて、スケッチや図面に適用ずみのスタイルで同名のものがあると、その適用ずみスタイルをシステム設定のスタイルで上書きします。 スタイル一覧に同名のスタイルが複数存在すると、それらのうちひとつだけが適用ずみスタイルの上書きに使われて、残りは無視されてしまいます。同名のスタイルを作るのはできるだけ避けるようにしてください。\nTriplets:\n"}], 'model': 'gpt-5-nano', 'stream': False, 'temperature': 1.0}}
2025-11-04 03:15:00,597 DEBUG openai._base_client: Sending HTTP Request: POST https://api.openai.com/v1/chat/completions
2025-11-04 03:15:00,598 DEBUG httpcore.http11: send_request_headers.started request=<Request [b'POST']>
2025-11-04 03:15:00,599 DEBUG httpcore.http11: send_request_headers.complete
2025-11-04 03:15:00,599 DEBUG httpcore.http11: send_request_body.started request=<Request [b'POST']>
2025-11-04 03:15:00,599 DEBUG httpcore.http11: send_request_body.complete
2025-11-04 03:15:00,599 DEBUG httpcore.http11: receive_response_headers.started request=<Request [b'POST']>
2025-11-04 03:15:00,600 DEBUG httpcore.http11: send_request_headers.started request=<Request [b'POST']>
2025-11-04 03:15:00,600 DEBUG httpcore.http11: send_request_headers.complete
2025-11-04 03:15:00,600 DEBUG httpcore.http11: send_request_body.started request=<Request [b'POST']>
2025-11-04 03:15:00,600 DEBUG httpcore.http11: send_request_body.complete
2025-11-04 03:15:00,600 DEBUG httpcore.http11: receive_response_headers.started request=<Request [b'POST']>
2025-11-04 03:15:00,712 DEBUG httpcore.http11: receive_response_headers.complete return_value=(b'HTTP/1.1', 429, b'Too Many Requests', [(b'Date', b'Mon, 03 Nov 2025 18:15:00 GMT'), (b'Content-Type', b'application/json; charset=utf-8'), (b'Content-Length', b'337'), (b'Connection', b'keep-alive'), (b'vary', b'Origin'), (b'x-request-id', b'req_33531233dfc44ff7864339e2f43b84d2'), (b'x-envoy-upstream-service-time', b'6'), (b'x-openai-proxy-wasm', b'v0.1'), (b'cf-cache-status', b'DYNAMIC'), (b'Strict-Transport-Security', b'max-age=31536000; includeSubDomains; preload'), (b'X-Content-Type-Options', b'nosniff'), (b'Server', b'cloudflare'), (b'CF-RAY', b'998ddac36ba2be06-KIX'), (b'alt-svc', b'h3=":443"; ma=86400')])
2025-11-04 03:15:00,712 INFO httpx: HTTP Request: POST https://api.openai.com/v1/chat/completions "HTTP/1.1 429 Too Many Requests"
2025-11-04 03:15:00,712 DEBUG httpcore.http11: receive_response_body.started request=<Request [b'POST']>
2025-11-04 03:15:00,712 DEBUG httpcore.http11: receive_response_body.complete
2025-11-04 03:15:00,713 DEBUG httpcore.http11: response_closed.started
2025-11-04 03:15:00,713 DEBUG httpcore.http11: response_closed.complete
2025-11-04 03:15:00,713 DEBUG openai._base_client: HTTP Response: POST https://api.openai.com/v1/chat/completions "429 Too Many Requests" Headers({'date': 'Mon, 03 Nov 2025 18:15:00 GMT', 'content-type': 'application/json; charset=utf-8', 'content-length': '337', 'connection': 'keep-alive', 'vary': 'Origin', 'x-request-id': 'req_33531233dfc44ff7864339e2f43b84d2', 'x-envoy-upstream-service-time': '6', 'x-openai-proxy-wasm': 'v0.1', 'cf-cache-status': 'DYNAMIC', 'strict-transport-security': 'max-age=31536000; includeSubDomains; preload', 'x-content-type-options': 'nosniff', 'server': 'cloudflare', 'cf-ray': '998ddac36ba2be06-KIX', 'alt-svc': 'h3=":443"; ma=86400'})
2025-11-04 03:15:00,713 DEBUG openai._base_client: request_id: req_33531233dfc44ff7864339e2f43b84d2
2025-11-04 03:15:00,714 DEBUG openai._base_client: Encountered httpx.HTTPStatusError
Traceback (most recent call last):
  File "C:\Users\user\workfolders\imabari3dcad\.venv\lib\site-packages\openai\_base_client.py", line 1574, in request
    response.raise_for_status()
  File "C:\Users\user\workfolders\imabari3dcad\.venv\lib\site-packages\httpx\_models.py", line 829, in raise_for_status
    raise HTTPStatusError(message, request=request, response=self)
httpx.HTTPStatusError: Client error '429 Too Many Requests' for url 'https://api.openai.com/v1/chat/completions'
For more information check: https://developer.mozilla.org/en-US/docs/Web/HTTP/Status/429
2025-11-04 03:15:00,714 DEBUG openai._base_client: Retrying due to status code 429
2025-11-04 03:15:00,715 DEBUG openai._base_client: 3 retries left
2025-11-04 03:15:00,715 INFO openai._base_client: Retrying request to /chat/completions in 0.399755 seconds
2025-11-04 03:15:00,802 DEBUG httpcore.http11: receive_response_headers.complete return_value=(b'HTTP/1.1', 429, b'Too Many Requests', [(b'Date', b'Mon, 03 Nov 2025 18:15:00 GMT'), (b'Content-Type', b'application/json; charset=utf-8'), (b'Content-Length', b'337'), (b'Connection', b'keep-alive'), (b'vary', b'Origin'), (b'x-request-id', b'req_727af3d70e5a4726aa088bbe078d3492'), (b'x-envoy-upstream-service-time', b'10'), (b'x-openai-proxy-wasm', b'v0.1'), (b'cf-cache-status', b'DYNAMIC'), (b'Strict-Transport-Security', b'max-age=31536000; includeSubDomains; preload'), (b'X-Content-Type-Options', b'nosniff'), (b'Server', b'cloudflare'), (b'CF-RAY', b'998ddac40c9b8373-KIX'), (b'alt-svc', b'h3=":443"; ma=86400')])
2025-11-04 03:15:00,803 INFO httpx: HTTP Request: POST https://api.openai.com/v1/chat/completions "HTTP/1.1 429 Too Many Requests"
2025-11-04 03:15:00,803 DEBUG httpcore.http11: receive_response_body.started request=<Request [b'POST']>
2025-11-04 03:15:00,803 DEBUG httpcore.http11: receive_response_body.complete
2025-11-04 03:15:00,803 DEBUG httpcore.http11: response_closed.started
2025-11-04 03:15:00,803 DEBUG httpcore.http11: response_closed.complete
2025-11-04 03:15:00,803 DEBUG openai._base_client: HTTP Response: POST https://api.openai.com/v1/chat/completions "429 Too Many Requests" Headers({'date': 'Mon, 03 Nov 2025 18:15:00 GMT', 'content-type': 'application/json; charset=utf-8', 'content-length': '337', 'connection': 'keep-alive', 'vary': 'Origin', 'x-request-id': 'req_727af3d70e5a4726aa088bbe078d3492', 'x-envoy-upstream-service-time': '10', 'x-openai-proxy-wasm': 'v0.1', 'cf-cache-status': 'DYNAMIC', 'strict-transport-security': 'max-age=31536000; includeSubDomains; preload', 'x-content-type-options': 'nosniff', 'server': 'cloudflare', 'cf-ray': '998ddac40c9b8373-KIX', 'alt-svc': 'h3=":443"; ma=86400'})
2025-11-04 03:15:00,804 DEBUG openai._base_client: request_id: req_727af3d70e5a4726aa088bbe078d3492
2025-11-04 03:15:00,804 DEBUG openai._base_client: Encountered httpx.HTTPStatusError
Traceback (most recent call last):
  File "C:\Users\user\workfolders\imabari3dcad\.venv\lib\site-packages\openai\_base_client.py", line 1574, in request
    response.raise_for_status()
  File "C:\Users\user\workfolders\imabari3dcad\.venv\lib\site-packages\httpx\_models.py", line 829, in raise_for_status
    raise HTTPStatusError(message, request=request, response=self)
httpx.HTTPStatusError: Client error '429 Too Many Requests' for url 'https://api.openai.com/v1/chat/completions'
For more information check: https://developer.mozilla.org/en-US/docs/Web/HTTP/Status/429
2025-11-04 03:15:00,804 DEBUG openai._base_client: Retrying due to status code 429
2025-11-04 03:15:00,804 DEBUG openai._base_client: 3 retries left
2025-11-04 03:15:00,804 INFO openai._base_client: Retrying request to /chat/completions in 0.476160 seconds
2025-11-04 03:15:00,826 DEBUG httpcore.http11: receive_response_headers.complete return_value=(b'HTTP/1.1', 429, b'Too Many Requests', [(b'Date', b'Mon, 03 Nov 2025 18:15:00 GMT'), (b'Content-Type', b'application/json; charset=utf-8'), (b'Content-Length', b'337'), (b'Connection', b'keep-alive'), (b'vary', b'Origin'), (b'x-request-id', b'req_57090119452d4404956d773e76a55d16'), (b'x-envoy-upstream-service-time', b'31'), (b'x-openai-proxy-wasm', b'v0.1'), (b'cf-cache-status', b'DYNAMIC'), (b'Strict-Transport-Security', b'max-age=31536000; includeSubDomains; preload'), (b'X-Content-Type-Options', b'nosniff'), (b'Server', b'cloudflare'), (b'CF-RAY', b'998ddac40ec1e744-KIX'), (b'alt-svc', b'h3=":443"; ma=86400')])
2025-11-04 03:15:00,827 INFO httpx: HTTP Request: POST https://api.openai.com/v1/chat/completions "HTTP/1.1 429 Too Many Requests"
2025-11-04 03:15:00,827 DEBUG httpcore.http11: receive_response_body.started request=<Request [b'POST']>
2025-11-04 03:15:00,827 DEBUG httpcore.http11: receive_response_body.complete
2025-11-04 03:15:00,828 DEBUG httpcore.http11: response_closed.started
2025-11-04 03:15:00,828 DEBUG httpcore.http11: response_closed.complete
2025-11-04 03:15:00,828 DEBUG openai._base_client: HTTP Response: POST https://api.openai.com/v1/chat/completions "429 Too Many Requests" Headers({'date': 'Mon, 03 Nov 2025 18:15:00 GMT', 'content-type': 'application/json; charset=utf-8', 'content-length': '337', 'connection': 'keep-alive', 'vary': 'Origin', 'x-request-id': 'req_57090119452d4404956d773e76a55d16', 'x-envoy-upstream-service-time': '31', 'x-openai-proxy-wasm': 'v0.1', 'cf-cache-status': 'DYNAMIC', 'strict-transport-security': 'max-age=31536000; includeSubDomains; preload', 'x-content-type-options': 'nosniff', 'server': 'cloudflare', 'cf-ray': '998ddac40ec1e744-KIX', 'alt-svc': 'h3=":443"; ma=86400'})
2025-11-04 03:15:00,828 DEBUG openai._base_client: request_id: req_57090119452d4404956d773e76a55d16
2025-11-04 03:15:00,829 DEBUG openai._base_client: Encountered httpx.HTTPStatusError
Traceback (most recent call last):
  File "C:\Users\user\workfolders\imabari3dcad\.venv\lib\site-packages\openai\_base_client.py", line 1574, in request
    response.raise_for_status()
  File "C:\Users\user\workfolders\imabari3dcad\.venv\lib\site-packages\httpx\_models.py", line 829, in raise_for_status
    raise HTTPStatusError(message, request=request, response=self)
httpx.HTTPStatusError: Client error '429 Too Many Requests' for url 'https://api.openai.com/v1/chat/completions'
For more information check: https://developer.mozilla.org/en-US/docs/Web/HTTP/Status/429
2025-11-04 03:15:00,829 DEBUG openai._base_client: Retrying due to status code 429
2025-11-04 03:15:00,830 DEBUG openai._base_client: 3 retries left
2025-11-04 03:15:00,830 INFO openai._base_client: Retrying request to /chat/completions in 0.423386 seconds
2025-11-04 03:15:01,107 DEBUG openai._base_client: Request options: {'method': 'post', 'url': '/chat/completions', 'files': None, 'idempotency_key': 'stainless-python-retry-ff83ffd7-79a5-4840-8000-eaedef7af7cd', 'json_data': {'messages': [{'role': 'user', 'content': "Some text is provided below. Given the text, extract up to 10 knowledge triplets in the form of (subject, predicate, object). Avoid stopwords.\n---------------------\nExample:Text: Alice is Bob's mother.Triplets:\n(Alice, is mother of, Bob)\nText: Philz is a coffee shop founded in Berkeley in 1982.\nTriplets:\n(Philz, is, coffee shop)\n(Philz, founded in, Berkeley)\n(Philz, founded in, 1982)\n---------------------\nText: document_id: C:\\Users\\user\\workfolders\\imabari3dcad\\evoship\\EVOSHIP_HELP_FILES\\about_annotation.html\nsource_path: C:\\Users\\user\\workfolders\\imabari3dcad\\evoship\\EVOSHIP_HELP_FILES\\about_annotation.html\nsection_id: b44e2dce0448c0e4b08e5be898df93f6c4e4f2fc\ntitle: アノーテーション\nsection_heading: アノーテーション\nsection_level: 2\nsection_index: 0\nlast_modified: 2025-08-06T13:57:54+00:00\nextracted_at: 2025-11-03T18:14:07+00:00\ndata_source: EVOSHIP_HELP_FILES\nchunk_id: 8c3a6bbd-bcd8-4dbe-9937-93441f4e2bde\nchunk_index: 0\ntext_length: 36\nstart_char_idx: 0\nend_char_idx: 36\nnodes: [EntityNode(label='HelpDocument', embedding=None, properties={'document_id': 'C:\\\\Users\\\\user\\\\workfolders\\\\imabari3dcad\\\\evoship\\\\EVOSHIP_HELP_FILES\\\\about_annotation.html', 'source_path': 'C:\\\\Users\\\\user\\\\workfolders\\\\imabari3dcad\\\\evoship\\\\EVOSHIP_HELP_FILES\\\\about_annotation.html', 'title': 'アノーテーション', 'headings': ['アノーテーション'], 'section_count': 1, 'last_modified': '2025-08-06T13:57:54+00:00', 'extracted_at': '2025-11-03T18:14:07+00:00', 'data_source': 'EVOSHIP_HELP_FILES'}, name='C:\\\\Users\\\\user\\\\workfolders\\\\imabari3dcad\\\\evoship\\\\EVOSHIP_HELP_FILES\\\\about_annotation.html'), EntityNode(label='HelpSection', embedding=None, properties={'section_id': 'b44e2dce0448c0e4b08e5be898df93f6c4e4f2fc', 'document_id': 'C:\\\\Users\\\\user\\\\workfolders\\\\imabari3dcad\\\\evoship\\\\EVOSHIP_HELP_FILES\\\\about_annotation.html', 'source_path': 'C:\\\\Users\\\\user\\\\workfolders\\\\imabari3dcad\\\\evoship\\\\EVOSHIP_HELP_FILES\\\\about_annotation.html', 'title': 'アノーテーション', 'section_heading': 'アノーテーション', 'section_level': 2, 'section_index': 0, 'last_modified': '2025-08-06T13:57:54+00:00', 'extracted_at': '2025-11-03T18:14:07+00:00', 'data_source': 'EVOSHIP_HELP_FILES'}, name='b44e2dce0448c0e4b08e5be898df93f6c4e4f2fc'), ChunkNode(label='HelpChunk', embedding=None, properties={'chunk_id': '8c3a6bbd-bcd8-4dbe-9937-93441f4e2bde', 'document_id': 'C:\\\\Users\\\\user\\\\workfolders\\\\imabari3dcad\\\\evoship\\\\EVOSHIP_HELP_FILES\\\\about_annotation.html', 'section_id': 'b44e2dce0448c0e4b08e5be898df93f6c4e4f2fc', 'source_path': 'C:\\\\Users\\\\user\\\\workfolders\\\\imabari3dcad\\\\evoship\\\\EVOSHIP_HELP_FILES\\\\about_annotation.html', 'title': 'アノーテーション', 'section_heading': 'アノーテーション', 'section_level': 2, 'section_index': 0, 'last_modified': '2025-08-06T13:57:54+00:00', 'extracted_at': '2025-11-03T18:14:07+00:00', 'chunk_index': 0, 'text_length': 36, 'start_char_idx': 0, 'end_char_idx': 36, 'data_source': 'EVOSHIP_HELP_FILES'}, text='アノーテーション\\n\\n３次元位置や要素上に 注記 をつけることができます。', id_='8c3a6bbd-bcd8-4dbe-9937-93441f4e2bde')]\nrelations: [Relation(label='HAS_SECTION', source_id='C:\\\\Users\\\\user\\\\workfolders\\\\imabari3dcad\\\\evoship\\\\EVOSHIP_HELP_FILES\\\\about_annotation.html', target_id='b44e2dce0448c0e4b08e5be898df93f6c4e4f2fc', properties={'data_source': 'EVOSHIP_HELP_FILES'}), Relation(label='HAS_CHUNK', source_id='C:\\\\Users\\\\user\\\\workfolders\\\\imabari3dcad\\\\evoship\\\\EVOSHIP_HELP_FILES\\\\about_annotation.html', target_id='8c3a6bbd-bcd8-4dbe-9937-93441f4e2bde', properties={'data_source': 'EVOSHIP_HELP_FILES', 'section_id': 'b44e2dce0448c0e4b08e5be898df93f6c4e4f2fc', 'chunk_index': 0}), Relation(label='HAS_CHUNK', source_id='b44e2dce0448c0e4b08e5be898df93f6c4e4f2fc', target_id='8c3a6bbd-bcd8-4dbe-9937-93441f4e2bde', properties={'data_source': 'EVOSHIP_HELP_FILES', 'chunk_index': 0})]\n\nアノーテーション\n\n３次元位置や要素上に 注記 をつけることができます。\nTriplets:\n"}], 'model': 'gpt-5-nano', 'stream': False, 'temperature': 1.0}}
2025-11-04 03:15:01,108 DEBUG openai._base_client: Sending HTTP Request: POST https://api.openai.com/v1/chat/completions
2025-11-04 03:15:01,109 DEBUG httpcore.http11: send_request_headers.started request=<Request [b'POST']>
2025-11-04 03:15:01,109 DEBUG httpcore.http11: send_request_headers.complete
2025-11-04 03:15:01,109 DEBUG httpcore.http11: send_request_body.started request=<Request [b'POST']>
2025-11-04 03:15:01,110 DEBUG httpcore.http11: send_request_body.complete
2025-11-04 03:15:01,110 DEBUG httpcore.http11: receive_response_headers.started request=<Request [b'POST']>
2025-11-04 03:15:01,154 DEBUG openai._base_client: Request options: {'method': 'post', 'url': '/chat/completions', 'files': None, 'idempotency_key': 'stainless-python-retry-69a51339-2d2f-428a-b2a3-220a8778901a', 'json_data': {'messages': [{'role': 'user', 'content': "Some text is provided below. Given the text, extract up to 10 knowledge triplets in the form of (subject, predicate, object). Avoid stopwords.\n---------------------\nExample:Text: Alice is Bob's mother.Triplets:\n(Alice, is mother of, Bob)\nText: Philz is a coffee shop founded in Berkeley in 1982.\nTriplets:\n(Philz, is, coffee shop)\n(Philz, founded in, Berkeley)\n(Philz, founded in, 1982)\n---------------------\nText: document_id: C:\\Users\\user\\workfolders\\imabari3dcad\\evoship\\EVOSHIP_HELP_FILES\\about_annotation_styles_list_dialog.html\nsource_path: C:\\Users\\user\\workfolders\\imabari3dcad\\evoship\\EVOSHIP_HELP_FILES\\about_annotation_styles_list_dialog.html\nsection_id: 63b6e7402b72bbc0ee5ee65317fb67b077dbc465\ntitle: 注記・寸法スタイル設定\nsection_heading: 注記・寸法スタイル設定\nsection_level: 2\nsection_index: 0\nlast_modified: 2025-08-06T13:57:54+00:00\nextracted_at: 2025-11-03T18:14:07+00:00\ndata_source: EVOSHIP_HELP_FILES\nchunk_id: eea2b71a-a3c9-4a33-ac13-47d63ed3aadc\nchunk_index: 0\ntext_length: 570\nstart_char_idx: 0\nend_char_idx: 570\nnodes: [EntityNode(label='HelpDocument', embedding=None, properties={'document_id': 'C:\\\\Users\\\\user\\\\workfolders\\\\imabari3dcad\\\\evoship\\\\EVOSHIP_HELP_FILES\\\\about_annotation_styles_list_dialog.html', 'source_path': 'C:\\\\Users\\\\user\\\\workfolders\\\\imabari3dcad\\\\evoship\\\\EVOSHIP_HELP_FILES\\\\about_annotation_styles_list_dialog.html', 'title': '注記・寸法スタイル設定', 'headings': ['注記・寸法スタイル設定', '注記スタイルの管理', '注記スタイルの作成', '適用ずみスタイルの更新'], 'section_count': 4, 'last_modified': '2025-08-06T13:57:54+00:00', 'extracted_at': '2025-11-03T18:14:07+00:00', 'data_source': 'EVOSHIP_HELP_FILES'}, name='C:\\\\Users\\\\user\\\\workfolders\\\\imabari3dcad\\\\evoship\\\\EVOSHIP_HELP_FILES\\\\about_annotation_styles_list_dialog.html'), EntityNode(label='HelpSection', embedding=None, properties={'section_id': '63b6e7402b72bbc0ee5ee65317fb67b077dbc465', 'document_id': 'C:\\\\Users\\\\user\\\\workfolders\\\\imabari3dcad\\\\evoship\\\\EVOSHIP_HELP_FILES\\\\about_annotation_styles_list_dialog.html', 'source_path': 'C:\\\\Users\\\\user\\\\workfolders\\\\imabari3dcad\\\\evoship\\\\EVOSHIP_HELP_FILES\\\\about_annotation_styles_list_dialog.html', 'title': '注記・寸法スタイル設定', 'section_heading': '注記・寸法スタイル設定', 'section_level': 2, 'section_index': 0, 'last_modified': '2025-08-06T13:57:54+00:00', 'extracted_at': '2025-11-03T18:14:07+00:00', 'data_source': 'EVOSHIP_HELP_FILES'}, name='63b6e7402b72bbc0ee5ee65317fb67b077dbc465'), ChunkNode(label='HelpChunk', embedding=None, properties={'chunk_id': 'eea2b71a-a3c9-4a33-ac13-47d63ed3aadc', 'document_id': 'C:\\\\Users\\\\user\\\\workfolders\\\\imabari3dcad\\\\evoship\\\\EVOSHIP_HELP_FILES\\\\about_annotation_styles_list_dialog.html', 'section_id': '63b6e7402b72bbc0ee5ee65317fb67b077dbc465', 'source_path': 'C:\\\\Users\\\\user\\\\workfolders\\\\imabari3dcad\\\\evoship\\\\EVOSHIP_HELP_FILES\\\\about_annotation_styles_list_dialog.html', 'title': '注記・寸法スタイル設定', 'section_heading': '注記・寸法スタイル設定', 'section_level': 2, 'section_index': 0, 'last_modified': '2025-08-06T13:57:54+00:00', 'extracted_at': '2025-11-03T18:14:07+00:00', 'chunk_index': 0, 'text_length': 570, 'start_char_idx': 0, 'end_char_idx': 570, 'data_source': 'EVOSHIP_HELP_FILES'}, text='注記・寸法スタイル設定\\n\\n注記や寸法の各種パラメータは、要素ひとつひとつに設定することもできますし、スケッチや図面にまとめてパラメータを設定しておいて、注記や寸法はみずからが属するスケッチに設定しておいたパラメータを参照するようにもできます。この「まとめて設定しておくパラメータ」のことを注記スタイルといいます。 注記スタイルの管理 「注記・寸法スタイル設定」ウィンドウで作成した注記スタイルは、システム設定として保存されます。注記スタイルをスケッチや図面に適用すると、スケッチや図面はそのスタイルのコピーを保持します。スケッチや図面にスタイルを適用してから、「注記・寸法スタイル設定」ウィンドウでそのスタイルを編集しても、スケッチや図面が保持している「コピーされた」スタイルは変更されません。 注記スタイルの作成 左側のスタイル一覧が表示されている欄でコンテキストメニューを表示し、「スタイル設定の追加」をクリックします。また、「モデルのスタイル設定を追加」をクリックすると、いま開いているモデル内のスケッチや図面が保持している注記スタイルがすべてスタイル一覧に追加されます。 また、既存のスタイルを元にして新しくスタイルを作りたい場合は、スタイルを選択してコンテキストメニューを表示し、「スタイル設定（コピー）の追加」をクリックします。', id_='eea2b71a-a3c9-4a33-ac13-47d63ed3aadc')]\nrelations: [Relation(label='HAS_SECTION', source_id='C:\\\\Users\\\\user\\\\workfolders\\\\imabari3dcad\\\\evoship\\\\EVOSHIP_HELP_FILES\\\\about_annotation_styles_list_dialog.html', target_id='63b6e7402b72bbc0ee5ee65317fb67b077dbc465', properties={'data_source': 'EVOSHIP_HELP_FILES'}), Relation(label='HAS_CHUNK', source_id='C:\\\\Users\\\\user\\\\workfolders\\\\imabari3dcad\\\\evoship\\\\EVOSHIP_HELP_FILES\\\\about_annotation_styles_list_dialog.html', target_id='eea2b71a-a3c9-4a33-ac13-47d63ed3aadc', properties={'data_source': 'EVOSHIP_HELP_FILES', 'section_id': '63b6e7402b72bbc0ee5ee65317fb67b077dbc465', 'chunk_index': 0}), Relation(label='HAS_CHUNK', source_id='63b6e7402b72bbc0ee5ee65317fb67b077dbc465', target_id='eea2b71a-a3c9-4a33-ac13-47d63ed3aadc', properties={'data_source': 'EVOSHIP_HELP_FILES', 'chunk_index': 0})]\n\n注記・寸法スタイル設定\n\n注記や寸法の各種パラメータは、要素ひとつひとつに設定することもできますし、スケッチや図面にまとめてパラメータを設定しておいて、注記や寸法はみずからが属するスケッチに設定しておいたパラメータを参照するようにもできます。この「まとめて設定しておくパラメータ」のことを注記スタイルといいます。 注記スタイルの管理 「注記・寸法スタイル設定」ウィンドウで作成した注記スタイルは、システム設定として保存されます。注記スタイルをスケッチや図面に適用すると、スケッチや図面はそのスタイルのコピーを保持します。スケッチや図面にスタイルを適用してから、「注記・寸法スタイル設定」ウィンドウでそのスタイルを編集しても、スケッチや図面が保持している「コピーされた」スタイルは変更されません。 注記スタイルの作成 左側のスタイル一覧が表示されている欄でコンテキストメニューを表示し、「スタイル設定の追加」をクリックします。また、「モデルのスタイル設定を追加」をクリックすると、いま開いているモデル内のスケッチや図面が保持している注記スタイルがすべてスタイル一覧に追加されます。 また、既存のスタイルを元にして新しくスタイルを作りたい場合は、スタイルを選択してコンテキストメニューを表示し、「スタイル設定（コピー）の追加」をクリックします。\nTriplets:\n"}], 'model': 'gpt-5-nano', 'stream': False, 'temperature': 1.0}}
2025-11-04 03:15:01,155 DEBUG openai._base_client: Sending HTTP Request: POST https://api.openai.com/v1/chat/completions
2025-11-04 03:15:01,156 DEBUG httpcore.http11: send_request_headers.started request=<Request [b'POST']>
2025-11-04 03:15:01,156 DEBUG httpcore.http11: send_request_headers.complete
2025-11-04 03:15:01,156 DEBUG httpcore.http11: send_request_body.started request=<Request [b'POST']>
2025-11-04 03:15:01,156 DEBUG httpcore.http11: send_request_body.complete
2025-11-04 03:15:01,157 DEBUG httpcore.http11: receive_response_headers.started request=<Request [b'POST']>
2025-11-04 03:15:01,264 DEBUG openai._base_client: Request options: {'method': 'post', 'url': '/chat/completions', 'files': None, 'idempotency_key': 'stainless-python-retry-a38331a1-8afc-4c7f-9811-49c464adb0b3', 'json_data': {'messages': [{'role': 'user', 'content': "Some text is provided below. Given the text, extract up to 10 knowledge triplets in the form of (subject, predicate, object). Avoid stopwords.\n---------------------\nExample:Text: Alice is Bob's mother.Triplets:\n(Alice, is mother of, Bob)\nText: Philz is a coffee shop founded in Berkeley in 1982.\nTriplets:\n(Philz, is, coffee shop)\n(Philz, founded in, Berkeley)\n(Philz, founded in, 1982)\n---------------------\nText: document_id: C:\\Users\\user\\workfolders\\imabari3dcad\\evoship\\EVOSHIP_HELP_FILES\\about_annotation_styles_list_dialog.html\nsource_path: C:\\Users\\user\\workfolders\\imabari3dcad\\evoship\\EVOSHIP_HELP_FILES\\about_annotation_styles_list_dialog.html\nsection_id: 63b6e7402b72bbc0ee5ee65317fb67b077dbc465\ntitle: 注記・寸法スタイル設定\nsection_heading: 注記・寸法スタイル設定\nsection_level: 2\nsection_index: 0\nlast_modified: 2025-08-06T13:57:54+00:00\nextracted_at: 2025-11-03T18:14:07+00:00\ndata_source: EVOSHIP_HELP_FILES\nchunk_id: 022e3c79-4d57-4793-869b-5bc5afbfd59c\nchunk_index: 1\ntext_length: 330\nstart_char_idx: 490\nend_char_idx: 820\nnodes: [EntityNode(label='HelpDocument', embedding=None, properties={'document_id': 'C:\\\\Users\\\\user\\\\workfolders\\\\imabari3dcad\\\\evoship\\\\EVOSHIP_HELP_FILES\\\\about_annotation_styles_list_dialog.html', 'source_path': 'C:\\\\Users\\\\user\\\\workfolders\\\\imabari3dcad\\\\evoship\\\\EVOSHIP_HELP_FILES\\\\about_annotation_styles_list_dialog.html', 'title': '注記・寸法スタイル設定', 'headings': ['注記・寸法スタイル設定', '注記スタイルの管理', '注記スタイルの作成', '適用ずみスタイルの更新'], 'section_count': 4, 'last_modified': '2025-08-06T13:57:54+00:00', 'extracted_at': '2025-11-03T18:14:07+00:00', 'data_source': 'EVOSHIP_HELP_FILES'}, name='C:\\\\Users\\\\user\\\\workfolders\\\\imabari3dcad\\\\evoship\\\\EVOSHIP_HELP_FILES\\\\about_annotation_styles_list_dialog.html'), EntityNode(label='HelpSection', embedding=None, properties={'section_id': '63b6e7402b72bbc0ee5ee65317fb67b077dbc465', 'document_id': 'C:\\\\Users\\\\user\\\\workfolders\\\\imabari3dcad\\\\evoship\\\\EVOSHIP_HELP_FILES\\\\about_annotation_styles_list_dialog.html', 'source_path': 'C:\\\\Users\\\\user\\\\workfolders\\\\imabari3dcad\\\\evoship\\\\EVOSHIP_HELP_FILES\\\\about_annotation_styles_list_dialog.html', 'title': '注記・寸法スタイル設定', 'section_heading': '注記・寸法スタイル設定', 'section_level': 2, 'section_index': 0, 'last_modified': '2025-08-06T13:57:54+00:00', 'extracted_at': '2025-11-03T18:14:07+00:00', 'data_source': 'EVOSHIP_HELP_FILES'}, name='63b6e7402b72bbc0ee5ee65317fb67b077dbc465'), ChunkNode(label='HelpChunk', embedding=None, properties={'chunk_id': '022e3c79-4d57-4793-869b-5bc5afbfd59c', 'document_id': 'C:\\\\Users\\\\user\\\\workfolders\\\\imabari3dcad\\\\evoship\\\\EVOSHIP_HELP_FILES\\\\about_annotation_styles_list_dialog.html', 'section_id': '63b6e7402b72bbc0ee5ee65317fb67b077dbc465', 'source_path': 'C:\\\\Users\\\\user\\\\workfolders\\\\imabari3dcad\\\\evoship\\\\EVOSHIP_HELP_FILES\\\\about_annotation_styles_list_dialog.html', 'title': '注記・寸法スタイル設定', 'section_heading': '注記・寸法スタイル設定', 'section_level': 2, 'section_index': 0, 'last_modified': '2025-08-06T13:57:54+00:00', 'extracted_at': '2025-11-03T18:14:07+00:00', 'chunk_index': 1, 'text_length': 330, 'start_char_idx': 490, 'end_char_idx': 820, 'data_source': 'EVOSHIP_HELP_FILES'}, text='また、既存のスタイルを元にして新しくスタイルを作りたい場合は、スタイルを選択してコンテキストメニューを表示し、「スタイル設定（コピー）の追加」をクリックします。 適用ずみスタイルの更新 ウィンドウ右下の「モデルの更新」ボタンをクリックすると、「注記・寸法スタイル設定」ウィンドウで管理している（システム設定として保存されている）各スタイルについて、スケッチや図面に適用ずみのスタイルで同名のものがあると、その適用ずみスタイルをシステム設定のスタイルで上書きします。 スタイル一覧に同名のスタイルが複数存在すると、それらのうちひとつだけが適用ずみスタイルの上書きに使われて、残りは無視されてしまいます。同名のスタイルを作るのはできるだけ避けるようにしてください。', id_='022e3c79-4d57-4793-869b-5bc5afbfd59c')]\nrelations: [Relation(label='HAS_SECTION', source_id='C:\\\\Users\\\\user\\\\workfolders\\\\imabari3dcad\\\\evoship\\\\EVOSHIP_HELP_FILES\\\\about_annotation_styles_list_dialog.html', target_id='63b6e7402b72bbc0ee5ee65317fb67b077dbc465', properties={'data_source': 'EVOSHIP_HELP_FILES'}), Relation(label='HAS_CHUNK', source_id='C:\\\\Users\\\\user\\\\workfolders\\\\imabari3dcad\\\\evoship\\\\EVOSHIP_HELP_FILES\\\\about_annotation_styles_list_dialog.html', target_id='022e3c79-4d57-4793-869b-5bc5afbfd59c', properties={'data_source': 'EVOSHIP_HELP_FILES', 'section_id': '63b6e7402b72bbc0ee5ee65317fb67b077dbc465', 'chunk_index': 1}), Relation(label='HAS_CHUNK', source_id='63b6e7402b72bbc0ee5ee65317fb67b077dbc465', target_id='022e3c79-4d57-4793-869b-5bc5afbfd59c', properties={'data_source': 'EVOSHIP_HELP_FILES', 'chunk_index': 1})]\n\nまた、既存のスタイルを元にして新しくスタイルを作りたい場合は、スタイルを選択してコンテキストメニューを表示し、「スタイル設定（コピー）の追加」をクリックします。 適用ずみスタイルの更新 ウィンドウ右下の「モデルの更新」ボタンをクリックすると、「注記・寸法スタイル設定」ウィンドウで管理している（システム設定として保存されている）各スタイルについて、スケッチや図面に適用ずみのスタイルで同名のものがあると、その適用ずみスタイルをシステム設定のスタイルで上書きします。 スタイル一覧に同名のスタイルが複数存在すると、それらのうちひとつだけが適用ずみスタイルの上書きに使われて、残りは無視されてしまいます。同名のスタイルを作るのはできるだけ避けるようにしてください。\nTriplets:\n"}], 'model': 'gpt-5-nano', 'stream': False, 'temperature': 1.0}}
2025-11-04 03:15:01,266 DEBUG openai._base_client: Sending HTTP Request: POST https://api.openai.com/v1/chat/completions
2025-11-04 03:15:01,268 DEBUG httpcore.http11: send_request_headers.started request=<Request [b'POST']>
2025-11-04 03:15:01,269 DEBUG openai._base_client: Request options: {'method': 'post', 'url': '/chat/completions', 'files': None, 'idempotency_key': 'stainless-python-retry-b78a5930-c2e0-493d-a95f-20951352112a', 'json_data': {'messages': [{'role': 'user', 'content': "Some text is provided below. Given the text, extract up to 10 knowledge triplets in the form of (subject, predicate, object). Avoid stopwords.\n---------------------\nExample:Text: Alice is Bob's mother.Triplets:\n(Alice, is mother of, Bob)\nText: Philz is a coffee shop founded in Berkeley in 1982.\nTriplets:\n(Philz, is, coffee shop)\n(Philz, founded in, Berkeley)\n(Philz, founded in, 1982)\n---------------------\nText: document_id: C:\\Users\\user\\workfolders\\imabari3dcad\\evoship\\EVOSHIP_HELP_FILES\\about_annotation_styles_list_dialog.html\nsource_path: C:\\Users\\user\\workfolders\\imabari3dcad\\evoship\\EVOSHIP_HELP_FILES\\about_annotation_styles_list_dialog.html\nsection_id: 71bd4ac5cfe31b1a99355b3e4d691c83deea1ffc\ntitle: 注記・寸法スタイル設定\nsection_heading: 注記スタイルの管理\nsection_level: 3\nsection_index: 1\nlast_modified: 2025-08-06T13:57:54+00:00\nextracted_at: 2025-11-03T18:14:07+00:00\ndata_source: EVOSHIP_HELP_FILES\nchunk_id: 95ba70c0-d17d-410a-b4f4-4ef46d8a0f92\nchunk_index: 0\ntext_length: 191\nstart_char_idx: 0\nend_char_idx: 191\nnodes: [EntityNode(label='HelpDocument', embedding=None, properties={'document_id': 'C:\\\\Users\\\\user\\\\workfolders\\\\imabari3dcad\\\\evoship\\\\EVOSHIP_HELP_FILES\\\\about_annotation_styles_list_dialog.html', 'source_path': 'C:\\\\Users\\\\user\\\\workfolders\\\\imabari3dcad\\\\evoship\\\\EVOSHIP_HELP_FILES\\\\about_annotation_styles_list_dialog.html', 'title': '注記・寸法スタイル設定', 'headings': ['注記・寸法スタイル設定', '注記スタイルの管理', '注記スタイルの作成', '適用ずみスタイルの更新'], 'section_count': 4, 'last_modified': '2025-08-06T13:57:54+00:00', 'extracted_at': '2025-11-03T18:14:07+00:00', 'data_source': 'EVOSHIP_HELP_FILES'}, name='C:\\\\Users\\\\user\\\\workfolders\\\\imabari3dcad\\\\evoship\\\\EVOSHIP_HELP_FILES\\\\about_annotation_styles_list_dialog.html'), EntityNode(label='HelpSection', embedding=None, properties={'section_id': '71bd4ac5cfe31b1a99355b3e4d691c83deea1ffc', 'document_id': 'C:\\\\Users\\\\user\\\\workfolders\\\\imabari3dcad\\\\evoship\\\\EVOSHIP_HELP_FILES\\\\about_annotation_styles_list_dialog.html', 'source_path': 'C:\\\\Users\\\\user\\\\workfolders\\\\imabari3dcad\\\\evoship\\\\EVOSHIP_HELP_FILES\\\\about_annotation_styles_list_dialog.html', 'title': '注記・寸法スタイル設定', 'section_heading': '注記スタイルの管理', 'section_level': 3, 'section_index': 1, 'last_modified': '2025-08-06T13:57:54+00:00', 'extracted_at': '2025-11-03T18:14:07+00:00', 'data_source': 'EVOSHIP_HELP_FILES'}, name='71bd4ac5cfe31b1a99355b3e4d691c83deea1ffc'), ChunkNode(label='HelpChunk', embedding=None, properties={'chunk_id': '95ba70c0-d17d-410a-b4f4-4ef46d8a0f92', 'document_id': 'C:\\\\Users\\\\user\\\\workfolders\\\\imabari3dcad\\\\evoship\\\\EVOSHIP_HELP_FILES\\\\about_annotation_styles_list_dialog.html', 'section_id': '71bd4ac5cfe31b1a99355b3e4d691c83deea1ffc', 'source_path': 'C:\\\\Users\\\\user\\\\workfolders\\\\imabari3dcad\\\\evoship\\\\EVOSHIP_HELP_FILES\\\\about_annotation_styles_list_dialog.html', 'title': '注記・寸法スタイル設定', 'section_heading': '注記スタイルの管理', 'section_level': 3, 'section_index': 1, 'last_modified': '2025-08-06T13:57:54+00:00', 'extracted_at': '2025-11-03T18:14:07+00:00', 'chunk_index': 0, 'text_length': 191, 'start_char_idx': 0, 'end_char_idx': 191, 'data_source': 'EVOSHIP_HELP_FILES'}, text='注記スタイルの管理\\n\\n「注記・寸法スタイル設定」ウィンドウで作成した注記スタイルは、システム設定として保存されます。注記スタイルをスケッチや図面に適用すると、スケッチや図面はそのスタイルのコピーを保持します。スケッチや図面にスタイルを適用してから、「注記・寸法スタイル設定」ウィンドウでそのスタイルを編集しても、スケッチや図面が保持している「コピーされた」スタイルは変更されません。', id_='95ba70c0-d17d-410a-b4f4-4ef46d8a0f92')]\nrelations: [Relation(label='HAS_SECTION', source_id='C:\\\\Users\\\\user\\\\workfolders\\\\imabari3dcad\\\\evoship\\\\EVOSHIP_HELP_FILES\\\\about_annotation_styles_list_dialog.html', target_id='71bd4ac5cfe31b1a99355b3e4d691c83deea1ffc', properties={'data_source': 'EVOSHIP_HELP_FILES'}), Relation(label='HAS_CHUNK', source_id='C:\\\\Users\\\\user\\\\workfolders\\\\imabari3dcad\\\\evoship\\\\EVOSHIP_HELP_FILES\\\\about_annotation_styles_list_dialog.html', target_id='95ba70c0-d17d-410a-b4f4-4ef46d8a0f92', properties={'data_source': 'EVOSHIP_HELP_FILES', 'section_id': '71bd4ac5cfe31b1a99355b3e4d691c83deea1ffc', 'chunk_index': 0}), Relation(label='HAS_CHUNK', source_id='71bd4ac5cfe31b1a99355b3e4d691c83deea1ffc', target_id='95ba70c0-d17d-410a-b4f4-4ef46d8a0f92', properties={'data_source': 'EVOSHIP_HELP_FILES', 'chunk_index': 0})]\n\n注記スタイルの管理\n\n「注記・寸法スタイル設定」ウィンドウで作成した注記スタイルは、システム設定として保存されます。注記スタイルをスケッチや図面に適用すると、スケッチや図面はそのスタイルのコピーを保持します。スケッチや図面にスタイルを適用してから、「注記・寸法スタイル設定」ウィンドウでそのスタイルを編集しても、スケッチや図面が保持している「コピーされた」スタイルは変更されません。\nTriplets:\n"}], 'model': 'gpt-5-nano', 'stream': False, 'temperature': 1.0}}
2025-11-04 03:15:01,270 DEBUG openai._base_client: Sending HTTP Request: POST https://api.openai.com/v1/chat/completions
2025-11-04 03:15:01,271 DEBUG httpcore.http11: send_request_headers.complete
2025-11-04 03:15:01,271 DEBUG httpcore.http11: send_request_body.started request=<Request [b'POST']>
2025-11-04 03:15:01,271 DEBUG httpcore.connection: connect_tcp.started host='api.openai.com' port=443 local_address=None timeout=60.0 socket_options=None
2025-11-04 03:15:01,272 DEBUG httpcore.http11: send_request_body.complete
2025-11-04 03:15:01,272 DEBUG httpcore.http11: receive_response_headers.started request=<Request [b'POST']>
2025-11-04 03:15:01,292 DEBUG httpcore.http11: receive_response_headers.complete return_value=(b'HTTP/1.1', 429, b'Too Many Requests', [(b'Date', b'Mon, 03 Nov 2025 18:15:01 GMT'), (b'Content-Type', b'application/json; charset=utf-8'), (b'Content-Length', b'337'), (b'Connection', b'keep-alive'), (b'vary', b'Origin'), (b'x-request-id', b'req_3731ab57a96d47259ed4d53d0ab2818f'), (b'x-envoy-upstream-service-time', b'12'), (b'x-openai-proxy-wasm', b'v0.1'), (b'cf-cache-status', b'DYNAMIC'), (b'Strict-Transport-Security', b'max-age=31536000; includeSubDomains; preload'), (b'X-Content-Type-Options', b'nosniff'), (b'Server', b'cloudflare'), (b'CF-RAY', b'998ddac73fd2be06-KIX'), (b'alt-svc', b'h3=":443"; ma=86400')])
2025-11-04 03:15:01,292 INFO httpx: HTTP Request: POST https://api.openai.com/v1/chat/completions "HTTP/1.1 429 Too Many Requests"
2025-11-04 03:15:01,292 DEBUG httpcore.http11: receive_response_body.started request=<Request [b'POST']>
2025-11-04 03:15:01,292 DEBUG httpcore.http11: receive_response_body.complete
2025-11-04 03:15:01,292 DEBUG httpcore.http11: response_closed.started
2025-11-04 03:15:01,292 DEBUG httpcore.http11: response_closed.complete
2025-11-04 03:15:01,293 DEBUG openai._base_client: HTTP Response: POST https://api.openai.com/v1/chat/completions "429 Too Many Requests" Headers({'date': 'Mon, 03 Nov 2025 18:15:01 GMT', 'content-type': 'application/json; charset=utf-8', 'content-length': '337', 'connection': 'keep-alive', 'vary': 'Origin', 'x-request-id': 'req_3731ab57a96d47259ed4d53d0ab2818f', 'x-envoy-upstream-service-time': '12', 'x-openai-proxy-wasm': 'v0.1', 'cf-cache-status': 'DYNAMIC', 'strict-transport-security': 'max-age=31536000; includeSubDomains; preload', 'x-content-type-options': 'nosniff', 'server': 'cloudflare', 'cf-ray': '998ddac73fd2be06-KIX', 'alt-svc': 'h3=":443"; ma=86400'})
2025-11-04 03:15:01,293 DEBUG openai._base_client: request_id: req_3731ab57a96d47259ed4d53d0ab2818f
2025-11-04 03:15:01,293 DEBUG openai._base_client: Encountered httpx.HTTPStatusError
Traceback (most recent call last):
  File "C:\Users\user\workfolders\imabari3dcad\.venv\lib\site-packages\openai\_base_client.py", line 1574, in request
    response.raise_for_status()
  File "C:\Users\user\workfolders\imabari3dcad\.venv\lib\site-packages\httpx\_models.py", line 829, in raise_for_status
    raise HTTPStatusError(message, request=request, response=self)
httpx.HTTPStatusError: Client error '429 Too Many Requests' for url 'https://api.openai.com/v1/chat/completions'
For more information check: https://developer.mozilla.org/en-US/docs/Web/HTTP/Status/429
2025-11-04 03:15:01,293 DEBUG openai._base_client: Retrying due to status code 429
2025-11-04 03:15:01,293 DEBUG openai._base_client: 2 retries left
2025-11-04 03:15:01,293 INFO openai._base_client: Retrying request to /chat/completions in 0.960512 seconds
2025-11-04 03:15:01,294 DEBUG httpcore.connection: connect_tcp.complete return_value=<httpcore._backends.anyio.AnyIOStream object at 0x0000021C6D02E6E0>
2025-11-04 03:15:01,294 DEBUG httpcore.connection: start_tls.started ssl_context=<ssl.SSLContext object at 0x0000021C6BE0EBC0> server_hostname='api.openai.com' timeout=60.0
2025-11-04 03:15:01,313 DEBUG httpcore.connection: start_tls.complete return_value=<httpcore._backends.anyio.AnyIOStream object at 0x0000021C6D02E7A0>
2025-11-04 03:15:01,314 DEBUG httpcore.http11: send_request_headers.started request=<Request [b'POST']>
2025-11-04 03:15:01,315 DEBUG httpcore.http11: send_request_headers.complete
2025-11-04 03:15:01,315 DEBUG httpcore.http11: send_request_body.started request=<Request [b'POST']>
2025-11-04 03:15:01,315 DEBUG httpcore.http11: send_request_body.complete
2025-11-04 03:15:01,316 DEBUG httpcore.http11: receive_response_headers.started request=<Request [b'POST']>
2025-11-04 03:15:01,358 DEBUG httpcore.http11: receive_response_headers.complete return_value=(b'HTTP/1.1', 429, b'Too Many Requests', [(b'Date', b'Mon, 03 Nov 2025 18:15:01 GMT'), (b'Content-Type', b'application/json; charset=utf-8'), (b'Content-Length', b'337'), (b'Connection', b'keep-alive'), (b'vary', b'Origin'), (b'x-request-id', b'req_17fa525d5a6a476aaad08e9cd7a699bc'), (b'x-envoy-upstream-service-time', b'12'), (b'x-openai-proxy-wasm', b'v0.1'), (b'cf-cache-status', b'DYNAMIC'), (b'Strict-Transport-Security', b'max-age=31536000; includeSubDomains; preload'), (b'X-Content-Type-Options', b'nosniff'), (b'Server', b'cloudflare'), (b'CF-RAY', b'998ddac78dce8373-KIX'), (b'alt-svc', b'h3=":443"; ma=86400')])
2025-11-04 03:15:01,358 INFO httpx: HTTP Request: POST https://api.openai.com/v1/chat/completions "HTTP/1.1 429 Too Many Requests"
2025-11-04 03:15:01,358 DEBUG httpcore.http11: receive_response_body.started request=<Request [b'POST']>
2025-11-04 03:15:01,359 DEBUG httpcore.http11: receive_response_body.complete
2025-11-04 03:15:01,359 DEBUG httpcore.http11: response_closed.started
2025-11-04 03:15:01,359 DEBUG httpcore.http11: response_closed.complete
2025-11-04 03:15:01,359 DEBUG openai._base_client: HTTP Response: POST https://api.openai.com/v1/chat/completions "429 Too Many Requests" Headers({'date': 'Mon, 03 Nov 2025 18:15:01 GMT', 'content-type': 'application/json; charset=utf-8', 'content-length': '337', 'connection': 'keep-alive', 'vary': 'Origin', 'x-request-id': 'req_17fa525d5a6a476aaad08e9cd7a699bc', 'x-envoy-upstream-service-time': '12', 'x-openai-proxy-wasm': 'v0.1', 'cf-cache-status': 'DYNAMIC', 'strict-transport-security': 'max-age=31536000; includeSubDomains; preload', 'x-content-type-options': 'nosniff', 'server': 'cloudflare', 'cf-ray': '998ddac78dce8373-KIX', 'alt-svc': 'h3=":443"; ma=86400'})
2025-11-04 03:15:01,359 DEBUG openai._base_client: request_id: req_17fa525d5a6a476aaad08e9cd7a699bc
2025-11-04 03:15:01,360 DEBUG openai._base_client: Encountered httpx.HTTPStatusError
Traceback (most recent call last):
  File "C:\Users\user\workfolders\imabari3dcad\.venv\lib\site-packages\openai\_base_client.py", line 1574, in request
    response.raise_for_status()
  File "C:\Users\user\workfolders\imabari3dcad\.venv\lib\site-packages\httpx\_models.py", line 829, in raise_for_status
    raise HTTPStatusError(message, request=request, response=self)
httpx.HTTPStatusError: Client error '429 Too Many Requests' for url 'https://api.openai.com/v1/chat/completions'
For more information check: https://developer.mozilla.org/en-US/docs/Web/HTTP/Status/429
2025-11-04 03:15:01,360 DEBUG openai._base_client: Retrying due to status code 429
2025-11-04 03:15:01,360 DEBUG openai._base_client: 3 retries left
2025-11-04 03:15:01,360 INFO openai._base_client: Retrying request to /chat/completions in 0.388168 seconds
2025-11-04 03:15:01,464 DEBUG httpcore.http11: receive_response_headers.complete return_value=(b'HTTP/1.1', 429, b'Too Many Requests', [(b'Date', b'Mon, 03 Nov 2025 18:15:01 GMT'), (b'Content-Type', b'application/json; charset=utf-8'), (b'Content-Length', b'337'), (b'Connection', b'keep-alive'), (b'vary', b'Origin'), (b'x-request-id', b'req_e31586b3328c4ac7a3150d52afe22424'), (b'x-envoy-upstream-service-time', b'3'), (b'x-openai-proxy-wasm', b'v0.1'), (b'cf-cache-status', b'DYNAMIC'), (b'Strict-Transport-Security', b'max-age=31536000; includeSubDomains; preload'), (b'X-Content-Type-Options', b'nosniff'), (b'Server', b'cloudflare'), (b'CF-RAY', b'998ddac83c7ee744-KIX'), (b'alt-svc', b'h3=":443"; ma=86400')])
2025-11-04 03:15:01,465 INFO httpx: HTTP Request: POST https://api.openai.com/v1/chat/completions "HTTP/1.1 429 Too Many Requests"
2025-11-04 03:15:01,465 DEBUG httpcore.http11: receive_response_body.started request=<Request [b'POST']>
2025-11-04 03:15:01,465 DEBUG httpcore.http11: receive_response_body.complete
2025-11-04 03:15:01,465 DEBUG httpcore.http11: response_closed.started
2025-11-04 03:15:01,466 DEBUG httpcore.http11: response_closed.complete
2025-11-04 03:15:01,467 DEBUG openai._base_client: HTTP Response: POST https://api.openai.com/v1/chat/completions "429 Too Many Requests" Headers({'date': 'Mon, 03 Nov 2025 18:15:01 GMT', 'content-type': 'application/json; charset=utf-8', 'content-length': '337', 'connection': 'keep-alive', 'vary': 'Origin', 'x-request-id': 'req_e31586b3328c4ac7a3150d52afe22424', 'x-envoy-upstream-service-time': '3', 'x-openai-proxy-wasm': 'v0.1', 'cf-cache-status': 'DYNAMIC', 'strict-transport-security': 'max-age=31536000; includeSubDomains; preload', 'x-content-type-options': 'nosniff', 'server': 'cloudflare', 'cf-ray': '998ddac83c7ee744-KIX', 'alt-svc': 'h3=":443"; ma=86400'})
2025-11-04 03:15:01,467 DEBUG openai._base_client: request_id: req_e31586b3328c4ac7a3150d52afe22424
2025-11-04 03:15:01,467 DEBUG openai._base_client: Encountered httpx.HTTPStatusError
Traceback (most recent call last):
  File "C:\Users\user\workfolders\imabari3dcad\.venv\lib\site-packages\openai\_base_client.py", line 1574, in request
    response.raise_for_status()
  File "C:\Users\user\workfolders\imabari3dcad\.venv\lib\site-packages\httpx\_models.py", line 829, in raise_for_status
    raise HTTPStatusError(message, request=request, response=self)
httpx.HTTPStatusError: Client error '429 Too Many Requests' for url 'https://api.openai.com/v1/chat/completions'
For more information check: https://developer.mozilla.org/en-US/docs/Web/HTTP/Status/429
2025-11-04 03:15:01,468 DEBUG openai._base_client: Retrying due to status code 429
2025-11-04 03:15:01,468 DEBUG openai._base_client: 2 retries left
2025-11-04 03:15:01,468 INFO openai._base_client: Retrying request to /chat/completions in 0.846688 seconds
2025-11-04 03:15:01,506 DEBUG httpcore.http11: receive_response_headers.complete return_value=(b'HTTP/1.1', 429, b'Too Many Requests', [(b'Date', b'Mon, 03 Nov 2025 18:15:01 GMT'), (b'Content-Type', b'application/json; charset=utf-8'), (b'Content-Length', b'337'), (b'Connection', b'keep-alive'), (b'vary', b'Origin'), (b'x-request-id', b'req_55a603292ed14a7bb3a2f95899e32ed5'), (b'x-envoy-upstream-service-time', b'7'), (b'x-openai-proxy-wasm', b'v0.1'), (b'cf-cache-status', b'DYNAMIC'), (b'Strict-Transport-Security', b'max-age=31536000; includeSubDomains; preload'), (b'X-Content-Type-Options', b'nosniff'), (b'Server', b'cloudflare'), (b'CF-RAY', b'998ddac88f7c1a22-KIX'), (b'alt-svc', b'h3=":443"; ma=86400')])
2025-11-04 03:15:01,507 INFO httpx: HTTP Request: POST https://api.openai.com/v1/chat/completions "HTTP/1.1 429 Too Many Requests"
2025-11-04 03:15:01,507 DEBUG httpcore.http11: receive_response_body.started request=<Request [b'POST']>
2025-11-04 03:15:01,507 DEBUG httpcore.http11: receive_response_body.complete
2025-11-04 03:15:01,507 DEBUG httpcore.http11: response_closed.started
2025-11-04 03:15:01,507 DEBUG httpcore.http11: response_closed.complete
2025-11-04 03:15:01,507 DEBUG openai._base_client: HTTP Response: POST https://api.openai.com/v1/chat/completions "429 Too Many Requests" Headers({'date': 'Mon, 03 Nov 2025 18:15:01 GMT', 'content-type': 'application/json; charset=utf-8', 'content-length': '337', 'connection': 'keep-alive', 'vary': 'Origin', 'x-request-id': 'req_55a603292ed14a7bb3a2f95899e32ed5', 'x-envoy-upstream-service-time': '7', 'x-openai-proxy-wasm': 'v0.1', 'cf-cache-status': 'DYNAMIC', 'strict-transport-security': 'max-age=31536000; includeSubDomains; preload', 'x-content-type-options': 'nosniff', 'server': 'cloudflare', 'cf-ray': '998ddac88f7c1a22-KIX', 'alt-svc': 'h3=":443"; ma=86400'})
2025-11-04 03:15:01,507 DEBUG openai._base_client: request_id: req_55a603292ed14a7bb3a2f95899e32ed5
2025-11-04 03:15:01,507 DEBUG openai._base_client: Encountered httpx.HTTPStatusError
Traceback (most recent call last):
  File "C:\Users\user\workfolders\imabari3dcad\.venv\lib\site-packages\openai\_base_client.py", line 1574, in request
    response.raise_for_status()
  File "C:\Users\user\workfolders\imabari3dcad\.venv\lib\site-packages\httpx\_models.py", line 829, in raise_for_status
    raise HTTPStatusError(message, request=request, response=self)
httpx.HTTPStatusError: Client error '429 Too Many Requests' for url 'https://api.openai.com/v1/chat/completions'
For more information check: https://developer.mozilla.org/en-US/docs/Web/HTTP/Status/429
2025-11-04 03:15:01,508 DEBUG openai._base_client: Retrying due to status code 429
2025-11-04 03:15:01,508 DEBUG openai._base_client: 2 retries left
2025-11-04 03:15:01,508 INFO openai._base_client: Retrying request to /chat/completions in 0.932428 seconds
2025-11-04 03:15:01,760 DEBUG openai._base_client: Request options: {'method': 'post', 'url': '/chat/completions', 'files': None, 'idempotency_key': 'stainless-python-retry-69a51339-2d2f-428a-b2a3-220a8778901a', 'json_data': {'messages': [{'role': 'user', 'content': "Some text is provided below. Given the text, extract up to 10 knowledge triplets in the form of (subject, predicate, object). Avoid stopwords.\n---------------------\nExample:Text: Alice is Bob's mother.Triplets:\n(Alice, is mother of, Bob)\nText: Philz is a coffee shop founded in Berkeley in 1982.\nTriplets:\n(Philz, is, coffee shop)\n(Philz, founded in, Berkeley)\n(Philz, founded in, 1982)\n---------------------\nText: document_id: C:\\Users\\user\\workfolders\\imabari3dcad\\evoship\\EVOSHIP_HELP_FILES\\about_annotation_styles_list_dialog.html\nsource_path: C:\\Users\\user\\workfolders\\imabari3dcad\\evoship\\EVOSHIP_HELP_FILES\\about_annotation_styles_list_dialog.html\nsection_id: 63b6e7402b72bbc0ee5ee65317fb67b077dbc465\ntitle: 注記・寸法スタイル設定\nsection_heading: 注記・寸法スタイル設定\nsection_level: 2\nsection_index: 0\nlast_modified: 2025-08-06T13:57:54+00:00\nextracted_at: 2025-11-03T18:14:07+00:00\ndata_source: EVOSHIP_HELP_FILES\nchunk_id: eea2b71a-a3c9-4a33-ac13-47d63ed3aadc\nchunk_index: 0\ntext_length: 570\nstart_char_idx: 0\nend_char_idx: 570\nnodes: [EntityNode(label='HelpDocument', embedding=None, properties={'document_id': 'C:\\\\Users\\\\user\\\\workfolders\\\\imabari3dcad\\\\evoship\\\\EVOSHIP_HELP_FILES\\\\about_annotation_styles_list_dialog.html', 'source_path': 'C:\\\\Users\\\\user\\\\workfolders\\\\imabari3dcad\\\\evoship\\\\EVOSHIP_HELP_FILES\\\\about_annotation_styles_list_dialog.html', 'title': '注記・寸法スタイル設定', 'headings': ['注記・寸法スタイル設定', '注記スタイルの管理', '注記スタイルの作成', '適用ずみスタイルの更新'], 'section_count': 4, 'last_modified': '2025-08-06T13:57:54+00:00', 'extracted_at': '2025-11-03T18:14:07+00:00', 'data_source': 'EVOSHIP_HELP_FILES'}, name='C:\\\\Users\\\\user\\\\workfolders\\\\imabari3dcad\\\\evoship\\\\EVOSHIP_HELP_FILES\\\\about_annotation_styles_list_dialog.html'), EntityNode(label='HelpSection', embedding=None, properties={'section_id': '63b6e7402b72bbc0ee5ee65317fb67b077dbc465', 'document_id': 'C:\\\\Users\\\\user\\\\workfolders\\\\imabari3dcad\\\\evoship\\\\EVOSHIP_HELP_FILES\\\\about_annotation_styles_list_dialog.html', 'source_path': 'C:\\\\Users\\\\user\\\\workfolders\\\\imabari3dcad\\\\evoship\\\\EVOSHIP_HELP_FILES\\\\about_annotation_styles_list_dialog.html', 'title': '注記・寸法スタイル設定', 'section_heading': '注記・寸法スタイル設定', 'section_level': 2, 'section_index': 0, 'last_modified': '2025-08-06T13:57:54+00:00', 'extracted_at': '2025-11-03T18:14:07+00:00', 'data_source': 'EVOSHIP_HELP_FILES'}, name='63b6e7402b72bbc0ee5ee65317fb67b077dbc465'), ChunkNode(label='HelpChunk', embedding=None, properties={'chunk_id': 'eea2b71a-a3c9-4a33-ac13-47d63ed3aadc', 'document_id': 'C:\\\\Users\\\\user\\\\workfolders\\\\imabari3dcad\\\\evoship\\\\EVOSHIP_HELP_FILES\\\\about_annotation_styles_list_dialog.html', 'section_id': '63b6e7402b72bbc0ee5ee65317fb67b077dbc465', 'source_path': 'C:\\\\Users\\\\user\\\\workfolders\\\\imabari3dcad\\\\evoship\\\\EVOSHIP_HELP_FILES\\\\about_annotation_styles_list_dialog.html', 'title': '注記・寸法スタイル設定', 'section_heading': '注記・寸法スタイル設定', 'section_level': 2, 'section_index': 0, 'last_modified': '2025-08-06T13:57:54+00:00', 'extracted_at': '2025-11-03T18:14:07+00:00', 'chunk_index': 0, 'text_length': 570, 'start_char_idx': 0, 'end_char_idx': 570, 'data_source': 'EVOSHIP_HELP_FILES'}, text='注記・寸法スタイル設定\\n\\n注記や寸法の各種パラメータは、要素ひとつひとつに設定することもできますし、スケッチや図面にまとめてパラメータを設定しておいて、注記や寸法はみずからが属するスケッチに設定しておいたパラメータを参照するようにもできます。この「まとめて設定しておくパラメータ」のことを注記スタイルといいます。 注記スタイルの管理 「注記・寸法スタイル設定」ウィンドウで作成した注記スタイルは、システム設定として保存されます。注記スタイルをスケッチや図面に適用すると、スケッチや図面はそのスタイルのコピーを保持します。スケッチや図面にスタイルを適用してから、「注記・寸法スタイル設定」ウィンドウでそのスタイルを編集しても、スケッチや図面が保持している「コピーされた」スタイルは変更されません。 注記スタイルの作成 左側のスタイル一覧が表示されている欄でコンテキストメニューを表示し、「スタイル設定の追加」をクリックします。また、「モデルのスタイル設定を追加」をクリックすると、いま開いているモデル内のスケッチや図面が保持している注記スタイルがすべてスタイル一覧に追加されます。 また、既存のスタイルを元にして新しくスタイルを作りたい場合は、スタイルを選択してコンテキストメニューを表示し、「スタイル設定（コピー）の追加」をクリックします。', id_='eea2b71a-a3c9-4a33-ac13-47d63ed3aadc')]\nrelations: [Relation(label='HAS_SECTION', source_id='C:\\\\Users\\\\user\\\\workfolders\\\\imabari3dcad\\\\evoship\\\\EVOSHIP_HELP_FILES\\\\about_annotation_styles_list_dialog.html', target_id='63b6e7402b72bbc0ee5ee65317fb67b077dbc465', properties={'data_source': 'EVOSHIP_HELP_FILES'}), Relation(label='HAS_CHUNK', source_id='C:\\\\Users\\\\user\\\\workfolders\\\\imabari3dcad\\\\evoship\\\\EVOSHIP_HELP_FILES\\\\about_annotation_styles_list_dialog.html', target_id='eea2b71a-a3c9-4a33-ac13-47d63ed3aadc', properties={'data_source': 'EVOSHIP_HELP_FILES', 'section_id': '63b6e7402b72bbc0ee5ee65317fb67b077dbc465', 'chunk_index': 0}), Relation(label='HAS_CHUNK', source_id='63b6e7402b72bbc0ee5ee65317fb67b077dbc465', target_id='eea2b71a-a3c9-4a33-ac13-47d63ed3aadc', properties={'data_source': 'EVOSHIP_HELP_FILES', 'chunk_index': 0})]\n\n注記・寸法スタイル設定\n\n注記や寸法の各種パラメータは、要素ひとつひとつに設定することもできますし、スケッチや図面にまとめてパラメータを設定しておいて、注記や寸法はみずからが属するスケッチに設定しておいたパラメータを参照するようにもできます。この「まとめて設定しておくパラメータ」のことを注記スタイルといいます。 注記スタイルの管理 「注記・寸法スタイル設定」ウィンドウで作成した注記スタイルは、システム設定として保存されます。注記スタイルをスケッチや図面に適用すると、スケッチや図面はそのスタイルのコピーを保持します。スケッチや図面にスタイルを適用してから、「注記・寸法スタイル設定」ウィンドウでそのスタイルを編集しても、スケッチや図面が保持している「コピーされた」スタイルは変更されません。 注記スタイルの作成 左側のスタイル一覧が表示されている欄でコンテキストメニューを表示し、「スタイル設定の追加」をクリックします。また、「モデルのスタイル設定を追加」をクリックすると、いま開いているモデル内のスケッチや図面が保持している注記スタイルがすべてスタイル一覧に追加されます。 また、既存のスタイルを元にして新しくスタイルを作りたい場合は、スタイルを選択してコンテキストメニューを表示し、「スタイル設定（コピー）の追加」をクリックします。\nTriplets:\n"}], 'model': 'gpt-5-nano', 'stream': False, 'temperature': 1.0}}
2025-11-04 03:15:01,762 DEBUG openai._base_client: Sending HTTP Request: POST https://api.openai.com/v1/chat/completions
2025-11-04 03:15:01,763 DEBUG httpcore.http11: send_request_headers.started request=<Request [b'POST']>
2025-11-04 03:15:01,765 DEBUG httpcore.http11: send_request_headers.complete
2025-11-04 03:15:01,765 DEBUG httpcore.http11: send_request_body.started request=<Request [b'POST']>
2025-11-04 03:15:01,766 DEBUG httpcore.http11: send_request_body.complete
2025-11-04 03:15:01,766 DEBUG httpcore.http11: receive_response_headers.started request=<Request [b'POST']>
2025-11-04 03:15:01,942 DEBUG httpcore.http11: receive_response_headers.complete return_value=(b'HTTP/1.1', 429, b'Too Many Requests', [(b'Date', b'Mon, 03 Nov 2025 18:15:01 GMT'), (b'Content-Type', b'application/json; charset=utf-8'), (b'Content-Length', b'337'), (b'Connection', b'keep-alive'), (b'vary', b'Origin'), (b'x-request-id', b'req_ec8ce677860c48408c77f7c091738052'), (b'x-envoy-upstream-service-time', b'4'), (b'x-openai-proxy-wasm', b'v0.1'), (b'cf-cache-status', b'DYNAMIC'), (b'Strict-Transport-Security', b'max-age=31536000; includeSubDomains; preload'), (b'X-Content-Type-Options', b'nosniff'), (b'Server', b'cloudflare'), (b'CF-RAY', b'998ddacb5ce7be06-KIX'), (b'alt-svc', b'h3=":443"; ma=86400')])
2025-11-04 03:15:01,942 INFO httpx: HTTP Request: POST https://api.openai.com/v1/chat/completions "HTTP/1.1 429 Too Many Requests"
2025-11-04 03:15:01,943 DEBUG httpcore.http11: receive_response_body.started request=<Request [b'POST']>
2025-11-04 03:15:01,943 DEBUG httpcore.http11: receive_response_body.complete
2025-11-04 03:15:01,943 DEBUG httpcore.http11: response_closed.started
2025-11-04 03:15:01,943 DEBUG httpcore.http11: response_closed.complete
2025-11-04 03:15:01,944 DEBUG openai._base_client: HTTP Response: POST https://api.openai.com/v1/chat/completions "429 Too Many Requests" Headers({'date': 'Mon, 03 Nov 2025 18:15:01 GMT', 'content-type': 'application/json; charset=utf-8', 'content-length': '337', 'connection': 'keep-alive', 'vary': 'Origin', 'x-request-id': 'req_ec8ce677860c48408c77f7c091738052', 'x-envoy-upstream-service-time': '4', 'x-openai-proxy-wasm': 'v0.1', 'cf-cache-status': 'DYNAMIC', 'strict-transport-security': 'max-age=31536000; includeSubDomains; preload', 'x-content-type-options': 'nosniff', 'server': 'cloudflare', 'cf-ray': '998ddacb5ce7be06-KIX', 'alt-svc': 'h3=":443"; ma=86400'})
2025-11-04 03:15:01,944 DEBUG openai._base_client: request_id: req_ec8ce677860c48408c77f7c091738052
2025-11-04 03:15:01,944 DEBUG openai._base_client: Encountered httpx.HTTPStatusError
Traceback (most recent call last):
  File "C:\Users\user\workfolders\imabari3dcad\.venv\lib\site-packages\openai\_base_client.py", line 1574, in request
    response.raise_for_status()
  File "C:\Users\user\workfolders\imabari3dcad\.venv\lib\site-packages\httpx\_models.py", line 829, in raise_for_status
    raise HTTPStatusError(message, request=request, response=self)
httpx.HTTPStatusError: Client error '429 Too Many Requests' for url 'https://api.openai.com/v1/chat/completions'
For more information check: https://developer.mozilla.org/en-US/docs/Web/HTTP/Status/429
2025-11-04 03:15:01,945 DEBUG openai._base_client: Retrying due to status code 429
2025-11-04 03:15:01,945 DEBUG openai._base_client: 2 retries left
2025-11-04 03:15:01,945 INFO openai._base_client: Retrying request to /chat/completions in 0.801700 seconds
2025-11-04 03:15:02,263 DEBUG openai._base_client: Request options: {'method': 'post', 'url': '/chat/completions', 'files': None, 'idempotency_key': 'stainless-python-retry-ff83ffd7-79a5-4840-8000-eaedef7af7cd', 'json_data': {'messages': [{'role': 'user', 'content': "Some text is provided below. Given the text, extract up to 10 knowledge triplets in the form of (subject, predicate, object). Avoid stopwords.\n---------------------\nExample:Text: Alice is Bob's mother.Triplets:\n(Alice, is mother of, Bob)\nText: Philz is a coffee shop founded in Berkeley in 1982.\nTriplets:\n(Philz, is, coffee shop)\n(Philz, founded in, Berkeley)\n(Philz, founded in, 1982)\n---------------------\nText: document_id: C:\\Users\\user\\workfolders\\imabari3dcad\\evoship\\EVOSHIP_HELP_FILES\\about_annotation.html\nsource_path: C:\\Users\\user\\workfolders\\imabari3dcad\\evoship\\EVOSHIP_HELP_FILES\\about_annotation.html\nsection_id: b44e2dce0448c0e4b08e5be898df93f6c4e4f2fc\ntitle: アノーテーション\nsection_heading: アノーテーション\nsection_level: 2\nsection_index: 0\nlast_modified: 2025-08-06T13:57:54+00:00\nextracted_at: 2025-11-03T18:14:07+00:00\ndata_source: EVOSHIP_HELP_FILES\nchunk_id: 8c3a6bbd-bcd8-4dbe-9937-93441f4e2bde\nchunk_index: 0\ntext_length: 36\nstart_char_idx: 0\nend_char_idx: 36\nnodes: [EntityNode(label='HelpDocument', embedding=None, properties={'document_id': 'C:\\\\Users\\\\user\\\\workfolders\\\\imabari3dcad\\\\evoship\\\\EVOSHIP_HELP_FILES\\\\about_annotation.html', 'source_path': 'C:\\\\Users\\\\user\\\\workfolders\\\\imabari3dcad\\\\evoship\\\\EVOSHIP_HELP_FILES\\\\about_annotation.html', 'title': 'アノーテーション', 'headings': ['アノーテーション'], 'section_count': 1, 'last_modified': '2025-08-06T13:57:54+00:00', 'extracted_at': '2025-11-03T18:14:07+00:00', 'data_source': 'EVOSHIP_HELP_FILES'}, name='C:\\\\Users\\\\user\\\\workfolders\\\\imabari3dcad\\\\evoship\\\\EVOSHIP_HELP_FILES\\\\about_annotation.html'), EntityNode(label='HelpSection', embedding=None, properties={'section_id': 'b44e2dce0448c0e4b08e5be898df93f6c4e4f2fc', 'document_id': 'C:\\\\Users\\\\user\\\\workfolders\\\\imabari3dcad\\\\evoship\\\\EVOSHIP_HELP_FILES\\\\about_annotation.html', 'source_path': 'C:\\\\Users\\\\user\\\\workfolders\\\\imabari3dcad\\\\evoship\\\\EVOSHIP_HELP_FILES\\\\about_annotation.html', 'title': 'アノーテーション', 'section_heading': 'アノーテーション', 'section_level': 2, 'section_index': 0, 'last_modified': '2025-08-06T13:57:54+00:00', 'extracted_at': '2025-11-03T18:14:07+00:00', 'data_source': 'EVOSHIP_HELP_FILES'}, name='b44e2dce0448c0e4b08e5be898df93f6c4e4f2fc'), ChunkNode(label='HelpChunk', embedding=None, properties={'chunk_id': '8c3a6bbd-bcd8-4dbe-9937-93441f4e2bde', 'document_id': 'C:\\\\Users\\\\user\\\\workfolders\\\\imabari3dcad\\\\evoship\\\\EVOSHIP_HELP_FILES\\\\about_annotation.html', 'section_id': 'b44e2dce0448c0e4b08e5be898df93f6c4e4f2fc', 'source_path': 'C:\\\\Users\\\\user\\\\workfolders\\\\imabari3dcad\\\\evoship\\\\EVOSHIP_HELP_FILES\\\\about_annotation.html', 'title': 'アノーテーション', 'section_heading': 'アノーテーション', 'section_level': 2, 'section_index': 0, 'last_modified': '2025-08-06T13:57:54+00:00', 'extracted_at': '2025-11-03T18:14:07+00:00', 'chunk_index': 0, 'text_length': 36, 'start_char_idx': 0, 'end_char_idx': 36, 'data_source': 'EVOSHIP_HELP_FILES'}, text='アノーテーション\\n\\n３次元位置や要素上に 注記 をつけることができます。', id_='8c3a6bbd-bcd8-4dbe-9937-93441f4e2bde')]\nrelations: [Relation(label='HAS_SECTION', source_id='C:\\\\Users\\\\user\\\\workfolders\\\\imabari3dcad\\\\evoship\\\\EVOSHIP_HELP_FILES\\\\about_annotation.html', target_id='b44e2dce0448c0e4b08e5be898df93f6c4e4f2fc', properties={'data_source': 'EVOSHIP_HELP_FILES'}), Relation(label='HAS_CHUNK', source_id='C:\\\\Users\\\\user\\\\workfolders\\\\imabari3dcad\\\\evoship\\\\EVOSHIP_HELP_FILES\\\\about_annotation.html', target_id='8c3a6bbd-bcd8-4dbe-9937-93441f4e2bde', properties={'data_source': 'EVOSHIP_HELP_FILES', 'section_id': 'b44e2dce0448c0e4b08e5be898df93f6c4e4f2fc', 'chunk_index': 0}), Relation(label='HAS_CHUNK', source_id='b44e2dce0448c0e4b08e5be898df93f6c4e4f2fc', target_id='8c3a6bbd-bcd8-4dbe-9937-93441f4e2bde', properties={'data_source': 'EVOSHIP_HELP_FILES', 'chunk_index': 0})]\n\nアノーテーション\n\n３次元位置や要素上に 注記 をつけることができます。\nTriplets:\n"}], 'model': 'gpt-5-nano', 'stream': False, 'temperature': 1.0}}
2025-11-04 03:15:02,266 DEBUG openai._base_client: Sending HTTP Request: POST https://api.openai.com/v1/chat/completions
2025-11-04 03:15:02,267 DEBUG httpcore.http11: send_request_headers.started request=<Request [b'POST']>
2025-11-04 03:15:02,267 DEBUG httpcore.http11: send_request_headers.complete
2025-11-04 03:15:02,267 DEBUG httpcore.http11: send_request_body.started request=<Request [b'POST']>
2025-11-04 03:15:02,268 DEBUG httpcore.http11: send_request_body.complete
2025-11-04 03:15:02,268 DEBUG httpcore.http11: receive_response_headers.started request=<Request [b'POST']>
2025-11-04 03:15:02,325 DEBUG openai._base_client: Request options: {'method': 'post', 'url': '/chat/completions', 'files': None, 'idempotency_key': 'stainless-python-retry-a38331a1-8afc-4c7f-9811-49c464adb0b3', 'json_data': {'messages': [{'role': 'user', 'content': "Some text is provided below. Given the text, extract up to 10 knowledge triplets in the form of (subject, predicate, object). Avoid stopwords.\n---------------------\nExample:Text: Alice is Bob's mother.Triplets:\n(Alice, is mother of, Bob)\nText: Philz is a coffee shop founded in Berkeley in 1982.\nTriplets:\n(Philz, is, coffee shop)\n(Philz, founded in, Berkeley)\n(Philz, founded in, 1982)\n---------------------\nText: document_id: C:\\Users\\user\\workfolders\\imabari3dcad\\evoship\\EVOSHIP_HELP_FILES\\about_annotation_styles_list_dialog.html\nsource_path: C:\\Users\\user\\workfolders\\imabari3dcad\\evoship\\EVOSHIP_HELP_FILES\\about_annotation_styles_list_dialog.html\nsection_id: 63b6e7402b72bbc0ee5ee65317fb67b077dbc465\ntitle: 注記・寸法スタイル設定\nsection_heading: 注記・寸法スタイル設定\nsection_level: 2\nsection_index: 0\nlast_modified: 2025-08-06T13:57:54+00:00\nextracted_at: 2025-11-03T18:14:07+00:00\ndata_source: EVOSHIP_HELP_FILES\nchunk_id: 022e3c79-4d57-4793-869b-5bc5afbfd59c\nchunk_index: 1\ntext_length: 330\nstart_char_idx: 490\nend_char_idx: 820\nnodes: [EntityNode(label='HelpDocument', embedding=None, properties={'document_id': 'C:\\\\Users\\\\user\\\\workfolders\\\\imabari3dcad\\\\evoship\\\\EVOSHIP_HELP_FILES\\\\about_annotation_styles_list_dialog.html', 'source_path': 'C:\\\\Users\\\\user\\\\workfolders\\\\imabari3dcad\\\\evoship\\\\EVOSHIP_HELP_FILES\\\\about_annotation_styles_list_dialog.html', 'title': '注記・寸法スタイル設定', 'headings': ['注記・寸法スタイル設定', '注記スタイルの管理', '注記スタイルの作成', '適用ずみスタイルの更新'], 'section_count': 4, 'last_modified': '2025-08-06T13:57:54+00:00', 'extracted_at': '2025-11-03T18:14:07+00:00', 'data_source': 'EVOSHIP_HELP_FILES'}, name='C:\\\\Users\\\\user\\\\workfolders\\\\imabari3dcad\\\\evoship\\\\EVOSHIP_HELP_FILES\\\\about_annotation_styles_list_dialog.html'), EntityNode(label='HelpSection', embedding=None, properties={'section_id': '63b6e7402b72bbc0ee5ee65317fb67b077dbc465', 'document_id': 'C:\\\\Users\\\\user\\\\workfolders\\\\imabari3dcad\\\\evoship\\\\EVOSHIP_HELP_FILES\\\\about_annotation_styles_list_dialog.html', 'source_path': 'C:\\\\Users\\\\user\\\\workfolders\\\\imabari3dcad\\\\evoship\\\\EVOSHIP_HELP_FILES\\\\about_annotation_styles_list_dialog.html', 'title': '注記・寸法スタイル設定', 'section_heading': '注記・寸法スタイル設定', 'section_level': 2, 'section_index': 0, 'last_modified': '2025-08-06T13:57:54+00:00', 'extracted_at': '2025-11-03T18:14:07+00:00', 'data_source': 'EVOSHIP_HELP_FILES'}, name='63b6e7402b72bbc0ee5ee65317fb67b077dbc465'), ChunkNode(label='HelpChunk', embedding=None, properties={'chunk_id': '022e3c79-4d57-4793-869b-5bc5afbfd59c', 'document_id': 'C:\\\\Users\\\\user\\\\workfolders\\\\imabari3dcad\\\\evoship\\\\EVOSHIP_HELP_FILES\\\\about_annotation_styles_list_dialog.html', 'section_id': '63b6e7402b72bbc0ee5ee65317fb67b077dbc465', 'source_path': 'C:\\\\Users\\\\user\\\\workfolders\\\\imabari3dcad\\\\evoship\\\\EVOSHIP_HELP_FILES\\\\about_annotation_styles_list_dialog.html', 'title': '注記・寸法スタイル設定', 'section_heading': '注記・寸法スタイル設定', 'section_level': 2, 'section_index': 0, 'last_modified': '2025-08-06T13:57:54+00:00', 'extracted_at': '2025-11-03T18:14:07+00:00', 'chunk_index': 1, 'text_length': 330, 'start_char_idx': 490, 'end_char_idx': 820, 'data_source': 'EVOSHIP_HELP_FILES'}, text='また、既存のスタイルを元にして新しくスタイルを作りたい場合は、スタイルを選択してコンテキストメニューを表示し、「スタイル設定（コピー）の追加」をクリックします。 適用ずみスタイルの更新 ウィンドウ右下の「モデルの更新」ボタンをクリックすると、「注記・寸法スタイル設定」ウィンドウで管理している（システム設定として保存されている）各スタイルについて、スケッチや図面に適用ずみのスタイルで同名のものがあると、その適用ずみスタイルをシステム設定のスタイルで上書きします。 スタイル一覧に同名のスタイルが複数存在すると、それらのうちひとつだけが適用ずみスタイルの上書きに使われて、残りは無視されてしまいます。同名のスタイルを作るのはできるだけ避けるようにしてください。', id_='022e3c79-4d57-4793-869b-5bc5afbfd59c')]\nrelations: [Relation(label='HAS_SECTION', source_id='C:\\\\Users\\\\user\\\\workfolders\\\\imabari3dcad\\\\evoship\\\\EVOSHIP_HELP_FILES\\\\about_annotation_styles_list_dialog.html', target_id='63b6e7402b72bbc0ee5ee65317fb67b077dbc465', properties={'data_source': 'EVOSHIP_HELP_FILES'}), Relation(label='HAS_CHUNK', source_id='C:\\\\Users\\\\user\\\\workfolders\\\\imabari3dcad\\\\evoship\\\\EVOSHIP_HELP_FILES\\\\about_annotation_styles_list_dialog.html', target_id='022e3c79-4d57-4793-869b-5bc5afbfd59c', properties={'data_source': 'EVOSHIP_HELP_FILES', 'section_id': '63b6e7402b72bbc0ee5ee65317fb67b077dbc465', 'chunk_index': 1}), Relation(label='HAS_CHUNK', source_id='63b6e7402b72bbc0ee5ee65317fb67b077dbc465', target_id='022e3c79-4d57-4793-869b-5bc5afbfd59c', properties={'data_source': 'EVOSHIP_HELP_FILES', 'chunk_index': 1})]\n\nまた、既存のスタイルを元にして新しくスタイルを作りたい場合は、スタイルを選択してコンテキストメニューを表示し、「スタイル設定（コピー）の追加」をクリックします。 適用ずみスタイルの更新 ウィンドウ右下の「モデルの更新」ボタンをクリックすると、「注記・寸法スタイル設定」ウィンドウで管理している（システム設定として保存されている）各スタイルについて、スケッチや図面に適用ずみのスタイルで同名のものがあると、その適用ずみスタイルをシステム設定のスタイルで上書きします。 スタイル一覧に同名のスタイルが複数存在すると、それらのうちひとつだけが適用ずみスタイルの上書きに使われて、残りは無視されてしまいます。同名のスタイルを作るのはできるだけ避けるようにしてください。\nTriplets:\n"}], 'model': 'gpt-5-nano', 'stream': False, 'temperature': 1.0}}
2025-11-04 03:15:02,326 DEBUG openai._base_client: Sending HTTP Request: POST https://api.openai.com/v1/chat/completions
2025-11-04 03:15:02,327 DEBUG httpcore.http11: send_request_headers.started request=<Request [b'POST']>
2025-11-04 03:15:02,327 DEBUG httpcore.http11: send_request_headers.complete
2025-11-04 03:15:02,327 DEBUG httpcore.http11: send_request_body.started request=<Request [b'POST']>
2025-11-04 03:15:02,327 DEBUG httpcore.http11: send_request_body.complete
2025-11-04 03:15:02,328 DEBUG httpcore.http11: receive_response_headers.started request=<Request [b'POST']>
2025-11-04 03:15:02,434 DEBUG openai._base_client: Request options: {'method': 'post', 'url': '/chat/completions', 'files': None, 'idempotency_key': 'stainless-python-retry-b78a5930-c2e0-493d-a95f-20951352112a', 'json_data': {'messages': [{'role': 'user', 'content': "Some text is provided below. Given the text, extract up to 10 knowledge triplets in the form of (subject, predicate, object). Avoid stopwords.\n---------------------\nExample:Text: Alice is Bob's mother.Triplets:\n(Alice, is mother of, Bob)\nText: Philz is a coffee shop founded in Berkeley in 1982.\nTriplets:\n(Philz, is, coffee shop)\n(Philz, founded in, Berkeley)\n(Philz, founded in, 1982)\n---------------------\nText: document_id: C:\\Users\\user\\workfolders\\imabari3dcad\\evoship\\EVOSHIP_HELP_FILES\\about_annotation_styles_list_dialog.html\nsource_path: C:\\Users\\user\\workfolders\\imabari3dcad\\evoship\\EVOSHIP_HELP_FILES\\about_annotation_styles_list_dialog.html\nsection_id: 71bd4ac5cfe31b1a99355b3e4d691c83deea1ffc\ntitle: 注記・寸法スタイル設定\nsection_heading: 注記スタイルの管理\nsection_level: 3\nsection_index: 1\nlast_modified: 2025-08-06T13:57:54+00:00\nextracted_at: 2025-11-03T18:14:07+00:00\ndata_source: EVOSHIP_HELP_FILES\nchunk_id: 95ba70c0-d17d-410a-b4f4-4ef46d8a0f92\nchunk_index: 0\ntext_length: 191\nstart_char_idx: 0\nend_char_idx: 191\nnodes: [EntityNode(label='HelpDocument', embedding=None, properties={'document_id': 'C:\\\\Users\\\\user\\\\workfolders\\\\imabari3dcad\\\\evoship\\\\EVOSHIP_HELP_FILES\\\\about_annotation_styles_list_dialog.html', 'source_path': 'C:\\\\Users\\\\user\\\\workfolders\\\\imabari3dcad\\\\evoship\\\\EVOSHIP_HELP_FILES\\\\about_annotation_styles_list_dialog.html', 'title': '注記・寸法スタイル設定', 'headings': ['注記・寸法スタイル設定', '注記スタイルの管理', '注記スタイルの作成', '適用ずみスタイルの更新'], 'section_count': 4, 'last_modified': '2025-08-06T13:57:54+00:00', 'extracted_at': '2025-11-03T18:14:07+00:00', 'data_source': 'EVOSHIP_HELP_FILES'}, name='C:\\\\Users\\\\user\\\\workfolders\\\\imabari3dcad\\\\evoship\\\\EVOSHIP_HELP_FILES\\\\about_annotation_styles_list_dialog.html'), EntityNode(label='HelpSection', embedding=None, properties={'section_id': '71bd4ac5cfe31b1a99355b3e4d691c83deea1ffc', 'document_id': 'C:\\\\Users\\\\user\\\\workfolders\\\\imabari3dcad\\\\evoship\\\\EVOSHIP_HELP_FILES\\\\about_annotation_styles_list_dialog.html', 'source_path': 'C:\\\\Users\\\\user\\\\workfolders\\\\imabari3dcad\\\\evoship\\\\EVOSHIP_HELP_FILES\\\\about_annotation_styles_list_dialog.html', 'title': '注記・寸法スタイル設定', 'section_heading': '注記スタイルの管理', 'section_level': 3, 'section_index': 1, 'last_modified': '2025-08-06T13:57:54+00:00', 'extracted_at': '2025-11-03T18:14:07+00:00', 'data_source': 'EVOSHIP_HELP_FILES'}, name='71bd4ac5cfe31b1a99355b3e4d691c83deea1ffc'), ChunkNode(label='HelpChunk', embedding=None, properties={'chunk_id': '95ba70c0-d17d-410a-b4f4-4ef46d8a0f92', 'document_id': 'C:\\\\Users\\\\user\\\\workfolders\\\\imabari3dcad\\\\evoship\\\\EVOSHIP_HELP_FILES\\\\about_annotation_styles_list_dialog.html', 'section_id': '71bd4ac5cfe31b1a99355b3e4d691c83deea1ffc', 'source_path': 'C:\\\\Users\\\\user\\\\workfolders\\\\imabari3dcad\\\\evoship\\\\EVOSHIP_HELP_FILES\\\\about_annotation_styles_list_dialog.html', 'title': '注記・寸法スタイル設定', 'section_heading': '注記スタイルの管理', 'section_level': 3, 'section_index': 1, 'last_modified': '2025-08-06T13:57:54+00:00', 'extracted_at': '2025-11-03T18:14:07+00:00', 'chunk_index': 0, 'text_length': 191, 'start_char_idx': 0, 'end_char_idx': 191, 'data_source': 'EVOSHIP_HELP_FILES'}, text='注記スタイルの管理\\n\\n「注記・寸法スタイル設定」ウィンドウで作成した注記スタイルは、システム設定として保存されます。注記スタイルをスケッチや図面に適用すると、スケッチや図面はそのスタイルのコピーを保持します。スケッチや図面にスタイルを適用してから、「注記・寸法スタイル設定」ウィンドウでそのスタイルを編集しても、スケッチや図面が保持している「コピーされた」スタイルは変更されません。', id_='95ba70c0-d17d-410a-b4f4-4ef46d8a0f92')]\nrelations: [Relation(label='HAS_SECTION', source_id='C:\\\\Users\\\\user\\\\workfolders\\\\imabari3dcad\\\\evoship\\\\EVOSHIP_HELP_FILES\\\\about_annotation_styles_list_dialog.html', target_id='71bd4ac5cfe31b1a99355b3e4d691c83deea1ffc', properties={'data_source': 'EVOSHIP_HELP_FILES'}), Relation(label='HAS_CHUNK', source_id='C:\\\\Users\\\\user\\\\workfolders\\\\imabari3dcad\\\\evoship\\\\EVOSHIP_HELP_FILES\\\\about_annotation_styles_list_dialog.html', target_id='95ba70c0-d17d-410a-b4f4-4ef46d8a0f92', properties={'data_source': 'EVOSHIP_HELP_FILES', 'section_id': '71bd4ac5cfe31b1a99355b3e4d691c83deea1ffc', 'chunk_index': 0}), Relation(label='HAS_CHUNK', source_id='71bd4ac5cfe31b1a99355b3e4d691c83deea1ffc', target_id='95ba70c0-d17d-410a-b4f4-4ef46d8a0f92', properties={'data_source': 'EVOSHIP_HELP_FILES', 'chunk_index': 0})]\n\n注記スタイルの管理\n\n「注記・寸法スタイル設定」ウィンドウで作成した注記スタイルは、システム設定として保存されます。注記スタイルをスケッチや図面に適用すると、スケッチや図面はそのスタイルのコピーを保持します。スケッチや図面にスタイルを適用してから、「注記・寸法スタイル設定」ウィンドウでそのスタイルを編集しても、スケッチや図面が保持している「コピーされた」スタイルは変更されません。\nTriplets:\n"}], 'model': 'gpt-5-nano', 'stream': False, 'temperature': 1.0}}
2025-11-04 03:15:02,435 DEBUG openai._base_client: Sending HTTP Request: POST https://api.openai.com/v1/chat/completions
2025-11-04 03:15:02,437 DEBUG httpcore.http11: send_request_headers.started request=<Request [b'POST']>
2025-11-04 03:15:02,437 DEBUG httpcore.http11: send_request_headers.complete
2025-11-04 03:15:02,437 DEBUG httpcore.http11: send_request_body.started request=<Request [b'POST']>
2025-11-04 03:15:02,438 DEBUG httpcore.http11: send_request_body.complete
2025-11-04 03:15:02,438 DEBUG httpcore.http11: receive_response_headers.started request=<Request [b'POST']>
2025-11-04 03:15:02,448 DEBUG httpcore.http11: receive_response_headers.complete return_value=(b'HTTP/1.1', 429, b'Too Many Requests', [(b'Date', b'Mon, 03 Nov 2025 18:15:02 GMT'), (b'Content-Type', b'application/json; charset=utf-8'), (b'Content-Length', b'337'), (b'Connection', b'keep-alive'), (b'vary', b'Origin'), (b'x-request-id', b'req_d82df613a0a84f72a38fcf2ba82f92df'), (b'x-envoy-upstream-service-time', b'10'), (b'x-openai-proxy-wasm', b'v0.1'), (b'cf-cache-status', b'DYNAMIC'), (b'Strict-Transport-Security', b'max-age=31536000; includeSubDomains; preload'), (b'X-Content-Type-Options', b'nosniff'), (b'Server', b'cloudflare'), (b'CF-RAY', b'998ddace7839be06-KIX'), (b'alt-svc', b'h3=":443"; ma=86400')])
2025-11-04 03:15:02,449 INFO httpx: HTTP Request: POST https://api.openai.com/v1/chat/completions "HTTP/1.1 429 Too Many Requests"
2025-11-04 03:15:02,449 DEBUG httpcore.http11: receive_response_body.started request=<Request [b'POST']>
2025-11-04 03:15:02,449 DEBUG httpcore.http11: receive_response_body.complete
2025-11-04 03:15:02,449 DEBUG httpcore.http11: response_closed.started
2025-11-04 03:15:02,449 DEBUG httpcore.http11: response_closed.complete
2025-11-04 03:15:02,450 DEBUG openai._base_client: HTTP Response: POST https://api.openai.com/v1/chat/completions "429 Too Many Requests" Headers({'date': 'Mon, 03 Nov 2025 18:15:02 GMT', 'content-type': 'application/json; charset=utf-8', 'content-length': '337', 'connection': 'keep-alive', 'vary': 'Origin', 'x-request-id': 'req_d82df613a0a84f72a38fcf2ba82f92df', 'x-envoy-upstream-service-time': '10', 'x-openai-proxy-wasm': 'v0.1', 'cf-cache-status': 'DYNAMIC', 'strict-transport-security': 'max-age=31536000; includeSubDomains; preload', 'x-content-type-options': 'nosniff', 'server': 'cloudflare', 'cf-ray': '998ddace7839be06-KIX', 'alt-svc': 'h3=":443"; ma=86400'})
2025-11-04 03:15:02,450 DEBUG openai._base_client: request_id: req_d82df613a0a84f72a38fcf2ba82f92df
2025-11-04 03:15:02,450 DEBUG openai._base_client: Encountered httpx.HTTPStatusError
Traceback (most recent call last):
  File "C:\Users\user\workfolders\imabari3dcad\.venv\lib\site-packages\openai\_base_client.py", line 1574, in request
    response.raise_for_status()
  File "C:\Users\user\workfolders\imabari3dcad\.venv\lib\site-packages\httpx\_models.py", line 829, in raise_for_status
    raise HTTPStatusError(message, request=request, response=self)
httpx.HTTPStatusError: Client error '429 Too Many Requests' for url 'https://api.openai.com/v1/chat/completions'
For more information check: https://developer.mozilla.org/en-US/docs/Web/HTTP/Status/429
2025-11-04 03:15:02,451 DEBUG openai._base_client: Retrying due to status code 429
2025-11-04 03:15:02,451 DEBUG openai._base_client: 1 retry left
2025-11-04 03:15:02,451 INFO openai._base_client: Retrying request to /chat/completions in 1.608028 seconds
2025-11-04 03:15:02,527 DEBUG httpcore.http11: receive_response_headers.complete return_value=(b'HTTP/1.1', 429, b'Too Many Requests', [(b'Date', b'Mon, 03 Nov 2025 18:15:02 GMT'), (b'Content-Type', b'application/json; charset=utf-8'), (b'Content-Length', b'337'), (b'Connection', b'keep-alive'), (b'vary', b'Origin'), (b'x-request-id', b'req_a6684b8e744d4143887dd84ff549ea25'), (b'x-envoy-upstream-service-time', b'8'), (b'x-openai-proxy-wasm', b'v0.1'), (b'cf-cache-status', b'DYNAMIC'), (b'Strict-Transport-Security', b'max-age=31536000; includeSubDomains; preload'), (b'X-Content-Type-Options', b'nosniff'), (b'Server', b'cloudflare'), (b'CF-RAY', b'998ddaced87e8373-KIX'), (b'alt-svc', b'h3=":443"; ma=86400')])
2025-11-04 03:15:02,528 INFO httpx: HTTP Request: POST https://api.openai.com/v1/chat/completions "HTTP/1.1 429 Too Many Requests"
2025-11-04 03:15:02,528 DEBUG httpcore.http11: receive_response_body.started request=<Request [b'POST']>
2025-11-04 03:15:02,528 DEBUG httpcore.http11: receive_response_body.complete
2025-11-04 03:15:02,528 DEBUG httpcore.http11: response_closed.started
2025-11-04 03:15:02,528 DEBUG httpcore.http11: response_closed.complete
2025-11-04 03:15:02,528 DEBUG openai._base_client: HTTP Response: POST https://api.openai.com/v1/chat/completions "429 Too Many Requests" Headers({'date': 'Mon, 03 Nov 2025 18:15:02 GMT', 'content-type': 'application/json; charset=utf-8', 'content-length': '337', 'connection': 'keep-alive', 'vary': 'Origin', 'x-request-id': 'req_a6684b8e744d4143887dd84ff549ea25', 'x-envoy-upstream-service-time': '8', 'x-openai-proxy-wasm': 'v0.1', 'cf-cache-status': 'DYNAMIC', 'strict-transport-security': 'max-age=31536000; includeSubDomains; preload', 'x-content-type-options': 'nosniff', 'server': 'cloudflare', 'cf-ray': '998ddaced87e8373-KIX', 'alt-svc': 'h3=":443"; ma=86400'})
2025-11-04 03:15:02,528 DEBUG openai._base_client: request_id: req_a6684b8e744d4143887dd84ff549ea25
2025-11-04 03:15:02,529 DEBUG openai._base_client: Encountered httpx.HTTPStatusError
Traceback (most recent call last):
  File "C:\Users\user\workfolders\imabari3dcad\.venv\lib\site-packages\openai\_base_client.py", line 1574, in request
    response.raise_for_status()
  File "C:\Users\user\workfolders\imabari3dcad\.venv\lib\site-packages\httpx\_models.py", line 829, in raise_for_status
    raise HTTPStatusError(message, request=request, response=self)
httpx.HTTPStatusError: Client error '429 Too Many Requests' for url 'https://api.openai.com/v1/chat/completions'
For more information check: https://developer.mozilla.org/en-US/docs/Web/HTTP/Status/429
2025-11-04 03:15:02,529 DEBUG openai._base_client: Retrying due to status code 429
2025-11-04 03:15:02,529 DEBUG openai._base_client: 1 retry left
2025-11-04 03:15:02,529 INFO openai._base_client: Retrying request to /chat/completions in 1.517600 seconds
2025-11-04 03:15:02,636 DEBUG httpcore.http11: receive_response_headers.complete return_value=(b'HTTP/1.1', 429, b'Too Many Requests', [(b'Date', b'Mon, 03 Nov 2025 18:15:02 GMT'), (b'Content-Type', b'application/json; charset=utf-8'), (b'Content-Length', b'337'), (b'Connection', b'keep-alive'), (b'vary', b'Origin'), (b'x-request-id', b'req_79f0f1a7bf7f4d7baf417093be09262a'), (b'x-envoy-upstream-service-time', b'16'), (b'x-openai-proxy-wasm', b'v0.1'), (b'cf-cache-status', b'DYNAMIC'), (b'Strict-Transport-Security', b'max-age=31536000; includeSubDomains; preload'), (b'X-Content-Type-Options', b'nosniff'), (b'Server', b'cloudflare'), (b'CF-RAY', b'998ddacf8d58e744-KIX'), (b'alt-svc', b'h3=":443"; ma=86400')])
2025-11-04 03:15:02,637 INFO httpx: HTTP Request: POST https://api.openai.com/v1/chat/completions "HTTP/1.1 429 Too Many Requests"
2025-11-04 03:15:02,637 DEBUG httpcore.http11: receive_response_body.started request=<Request [b'POST']>
2025-11-04 03:15:02,637 DEBUG httpcore.http11: receive_response_body.complete
2025-11-04 03:15:02,637 DEBUG httpcore.http11: response_closed.started
2025-11-04 03:15:02,638 DEBUG httpcore.http11: response_closed.complete
2025-11-04 03:15:02,638 DEBUG openai._base_client: HTTP Response: POST https://api.openai.com/v1/chat/completions "429 Too Many Requests" Headers({'date': 'Mon, 03 Nov 2025 18:15:02 GMT', 'content-type': 'application/json; charset=utf-8', 'content-length': '337', 'connection': 'keep-alive', 'vary': 'Origin', 'x-request-id': 'req_79f0f1a7bf7f4d7baf417093be09262a', 'x-envoy-upstream-service-time': '16', 'x-openai-proxy-wasm': 'v0.1', 'cf-cache-status': 'DYNAMIC', 'strict-transport-security': 'max-age=31536000; includeSubDomains; preload', 'x-content-type-options': 'nosniff', 'server': 'cloudflare', 'cf-ray': '998ddacf8d58e744-KIX', 'alt-svc': 'h3=":443"; ma=86400'})
2025-11-04 03:15:02,638 DEBUG openai._base_client: request_id: req_79f0f1a7bf7f4d7baf417093be09262a
2025-11-04 03:15:02,638 DEBUG openai._base_client: Encountered httpx.HTTPStatusError
Traceback (most recent call last):
  File "C:\Users\user\workfolders\imabari3dcad\.venv\lib\site-packages\openai\_base_client.py", line 1574, in request
    response.raise_for_status()
  File "C:\Users\user\workfolders\imabari3dcad\.venv\lib\site-packages\httpx\_models.py", line 829, in raise_for_status
    raise HTTPStatusError(message, request=request, response=self)
httpx.HTTPStatusError: Client error '429 Too Many Requests' for url 'https://api.openai.com/v1/chat/completions'
For more information check: https://developer.mozilla.org/en-US/docs/Web/HTTP/Status/429
2025-11-04 03:15:02,639 DEBUG openai._base_client: Retrying due to status code 429
2025-11-04 03:15:02,639 DEBUG openai._base_client: 1 retry left
2025-11-04 03:15:02,639 INFO openai._base_client: Retrying request to /chat/completions in 1.926043 seconds
2025-11-04 03:15:02,741 DEBUG openai._base_client: Request options: {'method': 'post', 'url': '/chat/completions', 'files': None, 'idempotency_key': 'stainless-python-retry-69a51339-2d2f-428a-b2a3-220a8778901a', 'json_data': {'messages': [{'role': 'user', 'content': "Some text is provided below. Given the text, extract up to 10 knowledge triplets in the form of (subject, predicate, object). Avoid stopwords.\n---------------------\nExample:Text: Alice is Bob's mother.Triplets:\n(Alice, is mother of, Bob)\nText: Philz is a coffee shop founded in Berkeley in 1982.\nTriplets:\n(Philz, is, coffee shop)\n(Philz, founded in, Berkeley)\n(Philz, founded in, 1982)\n---------------------\nText: document_id: C:\\Users\\user\\workfolders\\imabari3dcad\\evoship\\EVOSHIP_HELP_FILES\\about_annotation_styles_list_dialog.html\nsource_path: C:\\Users\\user\\workfolders\\imabari3dcad\\evoship\\EVOSHIP_HELP_FILES\\about_annotation_styles_list_dialog.html\nsection_id: 63b6e7402b72bbc0ee5ee65317fb67b077dbc465\ntitle: 注記・寸法スタイル設定\nsection_heading: 注記・寸法スタイル設定\nsection_level: 2\nsection_index: 0\nlast_modified: 2025-08-06T13:57:54+00:00\nextracted_at: 2025-11-03T18:14:07+00:00\ndata_source: EVOSHIP_HELP_FILES\nchunk_id: eea2b71a-a3c9-4a33-ac13-47d63ed3aadc\nchunk_index: 0\ntext_length: 570\nstart_char_idx: 0\nend_char_idx: 570\nnodes: [EntityNode(label='HelpDocument', embedding=None, properties={'document_id': 'C:\\\\Users\\\\user\\\\workfolders\\\\imabari3dcad\\\\evoship\\\\EVOSHIP_HELP_FILES\\\\about_annotation_styles_list_dialog.html', 'source_path': 'C:\\\\Users\\\\user\\\\workfolders\\\\imabari3dcad\\\\evoship\\\\EVOSHIP_HELP_FILES\\\\about_annotation_styles_list_dialog.html', 'title': '注記・寸法スタイル設定', 'headings': ['注記・寸法スタイル設定', '注記スタイルの管理', '注記スタイルの作成', '適用ずみスタイルの更新'], 'section_count': 4, 'last_modified': '2025-08-06T13:57:54+00:00', 'extracted_at': '2025-11-03T18:14:07+00:00', 'data_source': 'EVOSHIP_HELP_FILES'}, name='C:\\\\Users\\\\user\\\\workfolders\\\\imabari3dcad\\\\evoship\\\\EVOSHIP_HELP_FILES\\\\about_annotation_styles_list_dialog.html'), EntityNode(label='HelpSection', embedding=None, properties={'section_id': '63b6e7402b72bbc0ee5ee65317fb67b077dbc465', 'document_id': 'C:\\\\Users\\\\user\\\\workfolders\\\\imabari3dcad\\\\evoship\\\\EVOSHIP_HELP_FILES\\\\about_annotation_styles_list_dialog.html', 'source_path': 'C:\\\\Users\\\\user\\\\workfolders\\\\imabari3dcad\\\\evoship\\\\EVOSHIP_HELP_FILES\\\\about_annotation_styles_list_dialog.html', 'title': '注記・寸法スタイル設定', 'section_heading': '注記・寸法スタイル設定', 'section_level': 2, 'section_index': 0, 'last_modified': '2025-08-06T13:57:54+00:00', 'extracted_at': '2025-11-03T18:14:07+00:00', 'data_source': 'EVOSHIP_HELP_FILES'}, name='63b6e7402b72bbc0ee5ee65317fb67b077dbc465'), ChunkNode(label='HelpChunk', embedding=None, properties={'chunk_id': 'eea2b71a-a3c9-4a33-ac13-47d63ed3aadc', 'document_id': 'C:\\\\Users\\\\user\\\\workfolders\\\\imabari3dcad\\\\evoship\\\\EVOSHIP_HELP_FILES\\\\about_annotation_styles_list_dialog.html', 'section_id': '63b6e7402b72bbc0ee5ee65317fb67b077dbc465', 'source_path': 'C:\\\\Users\\\\user\\\\workfolders\\\\imabari3dcad\\\\evoship\\\\EVOSHIP_HELP_FILES\\\\about_annotation_styles_list_dialog.html', 'title': '注記・寸法スタイル設定', 'section_heading': '注記・寸法スタイル設定', 'section_level': 2, 'section_index': 0, 'last_modified': '2025-08-06T13:57:54+00:00', 'extracted_at': '2025-11-03T18:14:07+00:00', 'chunk_index': 0, 'text_length': 570, 'start_char_idx': 0, 'end_char_idx': 570, 'data_source': 'EVOSHIP_HELP_FILES'}, text='注記・寸法スタイル設定\\n\\n注記や寸法の各種パラメータは、要素ひとつひとつに設定することもできますし、スケッチや図面にまとめてパラメータを設定しておいて、注記や寸法はみずからが属するスケッチに設定しておいたパラメータを参照するようにもできます。この「まとめて設定しておくパラメータ」のことを注記スタイルといいます。 注記スタイルの管理 「注記・寸法スタイル設定」ウィンドウで作成した注記スタイルは、システム設定として保存されます。注記スタイルをスケッチや図面に適用すると、スケッチや図面はそのスタイルのコピーを保持します。スケッチや図面にスタイルを適用してから、「注記・寸法スタイル設定」ウィンドウでそのスタイルを編集しても、スケッチや図面が保持している「コピーされた」スタイルは変更されません。 注記スタイルの作成 左側のスタイル一覧が表示されている欄でコンテキストメニューを表示し、「スタイル設定の追加」をクリックします。また、「モデルのスタイル設定を追加」をクリックすると、いま開いているモデル内のスケッチや図面が保持している注記スタイルがすべてスタイル一覧に追加されます。 また、既存のスタイルを元にして新しくスタイルを作りたい場合は、スタイルを選択してコンテキストメニューを表示し、「スタイル設定（コピー）の追加」をクリックします。', id_='eea2b71a-a3c9-4a33-ac13-47d63ed3aadc')]\nrelations: [Relation(label='HAS_SECTION', source_id='C:\\\\Users\\\\user\\\\workfolders\\\\imabari3dcad\\\\evoship\\\\EVOSHIP_HELP_FILES\\\\about_annotation_styles_list_dialog.html', target_id='63b6e7402b72bbc0ee5ee65317fb67b077dbc465', properties={'data_source': 'EVOSHIP_HELP_FILES'}), Relation(label='HAS_CHUNK', source_id='C:\\\\Users\\\\user\\\\workfolders\\\\imabari3dcad\\\\evoship\\\\EVOSHIP_HELP_FILES\\\\about_annotation_styles_list_dialog.html', target_id='eea2b71a-a3c9-4a33-ac13-47d63ed3aadc', properties={'data_source': 'EVOSHIP_HELP_FILES', 'section_id': '63b6e7402b72bbc0ee5ee65317fb67b077dbc465', 'chunk_index': 0}), Relation(label='HAS_CHUNK', source_id='63b6e7402b72bbc0ee5ee65317fb67b077dbc465', target_id='eea2b71a-a3c9-4a33-ac13-47d63ed3aadc', properties={'data_source': 'EVOSHIP_HELP_FILES', 'chunk_index': 0})]\n\n注記・寸法スタイル設定\n\n注記や寸法の各種パラメータは、要素ひとつひとつに設定することもできますし、スケッチや図面にまとめてパラメータを設定しておいて、注記や寸法はみずからが属するスケッチに設定しておいたパラメータを参照するようにもできます。この「まとめて設定しておくパラメータ」のことを注記スタイルといいます。 注記スタイルの管理 「注記・寸法スタイル設定」ウィンドウで作成した注記スタイルは、システム設定として保存されます。注記スタイルをスケッチや図面に適用すると、スケッチや図面はそのスタイルのコピーを保持します。スケッチや図面にスタイルを適用してから、「注記・寸法スタイル設定」ウィンドウでそのスタイルを編集しても、スケッチや図面が保持している「コピーされた」スタイルは変更されません。 注記スタイルの作成 左側のスタイル一覧が表示されている欄でコンテキストメニューを表示し、「スタイル設定の追加」をクリックします。また、「モデルのスタイル設定を追加」をクリックすると、いま開いているモデル内のスケッチや図面が保持している注記スタイルがすべてスタイル一覧に追加されます。 また、既存のスタイルを元にして新しくスタイルを作りたい場合は、スタイルを選択してコンテキストメニューを表示し、「スタイル設定（コピー）の追加」をクリックします。\nTriplets:\n"}], 'model': 'gpt-5-nano', 'stream': False, 'temperature': 1.0}}
2025-11-04 03:15:02,742 DEBUG openai._base_client: Sending HTTP Request: POST https://api.openai.com/v1/chat/completions
2025-11-04 03:15:02,743 DEBUG httpcore.http11: send_request_headers.started request=<Request [b'POST']>
2025-11-04 03:15:02,744 DEBUG httpcore.http11: send_request_headers.complete
2025-11-04 03:15:02,744 DEBUG httpcore.http11: send_request_body.started request=<Request [b'POST']>
2025-11-04 03:15:02,744 DEBUG httpcore.http11: send_request_body.complete
2025-11-04 03:15:02,744 DEBUG httpcore.http11: receive_response_headers.started request=<Request [b'POST']>
2025-11-04 03:15:02,939 DEBUG httpcore.http11: receive_response_headers.complete return_value=(b'HTTP/1.1', 429, b'Too Many Requests', [(b'Date', b'Mon, 03 Nov 2025 18:15:02 GMT'), (b'Content-Type', b'application/json; charset=utf-8'), (b'Content-Length', b'337'), (b'Connection', b'keep-alive'), (b'vary', b'Origin'), (b'x-request-id', b'req_318d0678a2b04e7c8312d01fd1e051a5'), (b'x-envoy-upstream-service-time', b'7'), (b'x-openai-proxy-wasm', b'v0.1'), (b'cf-cache-status', b'DYNAMIC'), (b'Strict-Transport-Security', b'max-age=31536000; includeSubDomains; preload'), (b'X-Content-Type-Options', b'nosniff'), (b'Server', b'cloudflare'), (b'CF-RAY', b'998ddad17ba4be06-KIX'), (b'alt-svc', b'h3=":443"; ma=86400')])
2025-11-04 03:15:02,940 INFO httpx: HTTP Request: POST https://api.openai.com/v1/chat/completions "HTTP/1.1 429 Too Many Requests"
2025-11-04 03:15:02,940 DEBUG httpcore.http11: receive_response_body.started request=<Request [b'POST']>
2025-11-04 03:15:02,940 DEBUG httpcore.http11: receive_response_body.complete
2025-11-04 03:15:02,940 DEBUG httpcore.http11: response_closed.started
2025-11-04 03:15:02,941 DEBUG httpcore.http11: response_closed.complete
2025-11-04 03:15:02,941 DEBUG openai._base_client: HTTP Response: POST https://api.openai.com/v1/chat/completions "429 Too Many Requests" Headers({'date': 'Mon, 03 Nov 2025 18:15:02 GMT', 'content-type': 'application/json; charset=utf-8', 'content-length': '337', 'connection': 'keep-alive', 'vary': 'Origin', 'x-request-id': 'req_318d0678a2b04e7c8312d01fd1e051a5', 'x-envoy-upstream-service-time': '7', 'x-openai-proxy-wasm': 'v0.1', 'cf-cache-status': 'DYNAMIC', 'strict-transport-security': 'max-age=31536000; includeSubDomains; preload', 'x-content-type-options': 'nosniff', 'server': 'cloudflare', 'cf-ray': '998ddad17ba4be06-KIX', 'alt-svc': 'h3=":443"; ma=86400'})
2025-11-04 03:15:02,941 DEBUG openai._base_client: request_id: req_318d0678a2b04e7c8312d01fd1e051a5
2025-11-04 03:15:02,941 DEBUG openai._base_client: Encountered httpx.HTTPStatusError
Traceback (most recent call last):
  File "C:\Users\user\workfolders\imabari3dcad\.venv\lib\site-packages\openai\_base_client.py", line 1574, in request
    response.raise_for_status()
  File "C:\Users\user\workfolders\imabari3dcad\.venv\lib\site-packages\httpx\_models.py", line 829, in raise_for_status
    raise HTTPStatusError(message, request=request, response=self)
httpx.HTTPStatusError: Client error '429 Too Many Requests' for url 'https://api.openai.com/v1/chat/completions'
For more information check: https://developer.mozilla.org/en-US/docs/Web/HTTP/Status/429
2025-11-04 03:15:02,941 DEBUG openai._base_client: Retrying due to status code 429
2025-11-04 03:15:02,941 DEBUG openai._base_client: 1 retry left
2025-11-04 03:15:02,942 INFO openai._base_client: Retrying request to /chat/completions in 1.624214 seconds
2025-11-04 03:15:04,040 DEBUG openai._base_client: Request options: {'method': 'post', 'url': '/chat/completions', 'files': None, 'idempotency_key': 'stainless-python-retry-a38331a1-8afc-4c7f-9811-49c464adb0b3', 'json_data': {'messages': [{'role': 'user', 'content': "Some text is provided below. Given the text, extract up to 10 knowledge triplets in the form of (subject, predicate, object). Avoid stopwords.\n---------------------\nExample:Text: Alice is Bob's mother.Triplets:\n(Alice, is mother of, Bob)\nText: Philz is a coffee shop founded in Berkeley in 1982.\nTriplets:\n(Philz, is, coffee shop)\n(Philz, founded in, Berkeley)\n(Philz, founded in, 1982)\n---------------------\nText: document_id: C:\\Users\\user\\workfolders\\imabari3dcad\\evoship\\EVOSHIP_HELP_FILES\\about_annotation_styles_list_dialog.html\nsource_path: C:\\Users\\user\\workfolders\\imabari3dcad\\evoship\\EVOSHIP_HELP_FILES\\about_annotation_styles_list_dialog.html\nsection_id: 63b6e7402b72bbc0ee5ee65317fb67b077dbc465\ntitle: 注記・寸法スタイル設定\nsection_heading: 注記・寸法スタイル設定\nsection_level: 2\nsection_index: 0\nlast_modified: 2025-08-06T13:57:54+00:00\nextracted_at: 2025-11-03T18:14:07+00:00\ndata_source: EVOSHIP_HELP_FILES\nchunk_id: 022e3c79-4d57-4793-869b-5bc5afbfd59c\nchunk_index: 1\ntext_length: 330\nstart_char_idx: 490\nend_char_idx: 820\nnodes: [EntityNode(label='HelpDocument', embedding=None, properties={'document_id': 'C:\\\\Users\\\\user\\\\workfolders\\\\imabari3dcad\\\\evoship\\\\EVOSHIP_HELP_FILES\\\\about_annotation_styles_list_dialog.html', 'source_path': 'C:\\\\Users\\\\user\\\\workfolders\\\\imabari3dcad\\\\evoship\\\\EVOSHIP_HELP_FILES\\\\about_annotation_styles_list_dialog.html', 'title': '注記・寸法スタイル設定', 'headings': ['注記・寸法スタイル設定', '注記スタイルの管理', '注記スタイルの作成', '適用ずみスタイルの更新'], 'section_count': 4, 'last_modified': '2025-08-06T13:57:54+00:00', 'extracted_at': '2025-11-03T18:14:07+00:00', 'data_source': 'EVOSHIP_HELP_FILES'}, name='C:\\\\Users\\\\user\\\\workfolders\\\\imabari3dcad\\\\evoship\\\\EVOSHIP_HELP_FILES\\\\about_annotation_styles_list_dialog.html'), EntityNode(label='HelpSection', embedding=None, properties={'section_id': '63b6e7402b72bbc0ee5ee65317fb67b077dbc465', 'document_id': 'C:\\\\Users\\\\user\\\\workfolders\\\\imabari3dcad\\\\evoship\\\\EVOSHIP_HELP_FILES\\\\about_annotation_styles_list_dialog.html', 'source_path': 'C:\\\\Users\\\\user\\\\workfolders\\\\imabari3dcad\\\\evoship\\\\EVOSHIP_HELP_FILES\\\\about_annotation_styles_list_dialog.html', 'title': '注記・寸法スタイル設定', 'section_heading': '注記・寸法スタイル設定', 'section_level': 2, 'section_index': 0, 'last_modified': '2025-08-06T13:57:54+00:00', 'extracted_at': '2025-11-03T18:14:07+00:00', 'data_source': 'EVOSHIP_HELP_FILES'}, name='63b6e7402b72bbc0ee5ee65317fb67b077dbc465'), ChunkNode(label='HelpChunk', embedding=None, properties={'chunk_id': '022e3c79-4d57-4793-869b-5bc5afbfd59c', 'document_id': 'C:\\\\Users\\\\user\\\\workfolders\\\\imabari3dcad\\\\evoship\\\\EVOSHIP_HELP_FILES\\\\about_annotation_styles_list_dialog.html', 'section_id': '63b6e7402b72bbc0ee5ee65317fb67b077dbc465', 'source_path': 'C:\\\\Users\\\\user\\\\workfolders\\\\imabari3dcad\\\\evoship\\\\EVOSHIP_HELP_FILES\\\\about_annotation_styles_list_dialog.html', 'title': '注記・寸法スタイル設定', 'section_heading': '注記・寸法スタイル設定', 'section_level': 2, 'section_index': 0, 'last_modified': '2025-08-06T13:57:54+00:00', 'extracted_at': '2025-11-03T18:14:07+00:00', 'chunk_index': 1, 'text_length': 330, 'start_char_idx': 490, 'end_char_idx': 820, 'data_source': 'EVOSHIP_HELP_FILES'}, text='また、既存のスタイルを元にして新しくスタイルを作りたい場合は、スタイルを選択してコンテキストメニューを表示し、「スタイル設定（コピー）の追加」をクリックします。 適用ずみスタイルの更新 ウィンドウ右下の「モデルの更新」ボタンをクリックすると、「注記・寸法スタイル設定」ウィンドウで管理している（システム設定として保存されている）各スタイルについて、スケッチや図面に適用ずみのスタイルで同名のものがあると、その適用ずみスタイルをシステム設定のスタイルで上書きします。 スタイル一覧に同名のスタイルが複数存在すると、それらのうちひとつだけが適用ずみスタイルの上書きに使われて、残りは無視されてしまいます。同名のスタイルを作るのはできるだけ避けるようにしてください。', id_='022e3c79-4d57-4793-869b-5bc5afbfd59c')]\nrelations: [Relation(label='HAS_SECTION', source_id='C:\\\\Users\\\\user\\\\workfolders\\\\imabari3dcad\\\\evoship\\\\EVOSHIP_HELP_FILES\\\\about_annotation_styles_list_dialog.html', target_id='63b6e7402b72bbc0ee5ee65317fb67b077dbc465', properties={'data_source': 'EVOSHIP_HELP_FILES'}), Relation(label='HAS_CHUNK', source_id='C:\\\\Users\\\\user\\\\workfolders\\\\imabari3dcad\\\\evoship\\\\EVOSHIP_HELP_FILES\\\\about_annotation_styles_list_dialog.html', target_id='022e3c79-4d57-4793-869b-5bc5afbfd59c', properties={'data_source': 'EVOSHIP_HELP_FILES', 'section_id': '63b6e7402b72bbc0ee5ee65317fb67b077dbc465', 'chunk_index': 1}), Relation(label='HAS_CHUNK', source_id='63b6e7402b72bbc0ee5ee65317fb67b077dbc465', target_id='022e3c79-4d57-4793-869b-5bc5afbfd59c', properties={'data_source': 'EVOSHIP_HELP_FILES', 'chunk_index': 1})]\n\nまた、既存のスタイルを元にして新しくスタイルを作りたい場合は、スタイルを選択してコンテキストメニューを表示し、「スタイル設定（コピー）の追加」をクリックします。 適用ずみスタイルの更新 ウィンドウ右下の「モデルの更新」ボタンをクリックすると、「注記・寸法スタイル設定」ウィンドウで管理している（システム設定として保存されている）各スタイルについて、スケッチや図面に適用ずみのスタイルで同名のものがあると、その適用ずみスタイルをシステム設定のスタイルで上書きします。 スタイル一覧に同名のスタイルが複数存在すると、それらのうちひとつだけが適用ずみスタイルの上書きに使われて、残りは無視されてしまいます。同名のスタイルを作るのはできるだけ避けるようにしてください。\nTriplets:\n"}], 'model': 'gpt-5-nano', 'stream': False, 'temperature': 1.0}}
2025-11-04 03:15:04,041 DEBUG openai._base_client: Sending HTTP Request: POST https://api.openai.com/v1/chat/completions
2025-11-04 03:15:04,042 DEBUG openai._base_client: Request options: {'method': 'post', 'url': '/chat/completions', 'files': None, 'idempotency_key': 'stainless-python-retry-ff83ffd7-79a5-4840-8000-eaedef7af7cd', 'json_data': {'messages': [{'role': 'user', 'content': "Some text is provided below. Given the text, extract up to 10 knowledge triplets in the form of (subject, predicate, object). Avoid stopwords.\n---------------------\nExample:Text: Alice is Bob's mother.Triplets:\n(Alice, is mother of, Bob)\nText: Philz is a coffee shop founded in Berkeley in 1982.\nTriplets:\n(Philz, is, coffee shop)\n(Philz, founded in, Berkeley)\n(Philz, founded in, 1982)\n---------------------\nText: document_id: C:\\Users\\user\\workfolders\\imabari3dcad\\evoship\\EVOSHIP_HELP_FILES\\about_annotation.html\nsource_path: C:\\Users\\user\\workfolders\\imabari3dcad\\evoship\\EVOSHIP_HELP_FILES\\about_annotation.html\nsection_id: b44e2dce0448c0e4b08e5be898df93f6c4e4f2fc\ntitle: アノーテーション\nsection_heading: アノーテーション\nsection_level: 2\nsection_index: 0\nlast_modified: 2025-08-06T13:57:54+00:00\nextracted_at: 2025-11-03T18:14:07+00:00\ndata_source: EVOSHIP_HELP_FILES\nchunk_id: 8c3a6bbd-bcd8-4dbe-9937-93441f4e2bde\nchunk_index: 0\ntext_length: 36\nstart_char_idx: 0\nend_char_idx: 36\nnodes: [EntityNode(label='HelpDocument', embedding=None, properties={'document_id': 'C:\\\\Users\\\\user\\\\workfolders\\\\imabari3dcad\\\\evoship\\\\EVOSHIP_HELP_FILES\\\\about_annotation.html', 'source_path': 'C:\\\\Users\\\\user\\\\workfolders\\\\imabari3dcad\\\\evoship\\\\EVOSHIP_HELP_FILES\\\\about_annotation.html', 'title': 'アノーテーション', 'headings': ['アノーテーション'], 'section_count': 1, 'last_modified': '2025-08-06T13:57:54+00:00', 'extracted_at': '2025-11-03T18:14:07+00:00', 'data_source': 'EVOSHIP_HELP_FILES'}, name='C:\\\\Users\\\\user\\\\workfolders\\\\imabari3dcad\\\\evoship\\\\EVOSHIP_HELP_FILES\\\\about_annotation.html'), EntityNode(label='HelpSection', embedding=None, properties={'section_id': 'b44e2dce0448c0e4b08e5be898df93f6c4e4f2fc', 'document_id': 'C:\\\\Users\\\\user\\\\workfolders\\\\imabari3dcad\\\\evoship\\\\EVOSHIP_HELP_FILES\\\\about_annotation.html', 'source_path': 'C:\\\\Users\\\\user\\\\workfolders\\\\imabari3dcad\\\\evoship\\\\EVOSHIP_HELP_FILES\\\\about_annotation.html', 'title': 'アノーテーション', 'section_heading': 'アノーテーション', 'section_level': 2, 'section_index': 0, 'last_modified': '2025-08-06T13:57:54+00:00', 'extracted_at': '2025-11-03T18:14:07+00:00', 'data_source': 'EVOSHIP_HELP_FILES'}, name='b44e2dce0448c0e4b08e5be898df93f6c4e4f2fc'), ChunkNode(label='HelpChunk', embedding=None, properties={'chunk_id': '8c3a6bbd-bcd8-4dbe-9937-93441f4e2bde', 'document_id': 'C:\\\\Users\\\\user\\\\workfolders\\\\imabari3dcad\\\\evoship\\\\EVOSHIP_HELP_FILES\\\\about_annotation.html', 'section_id': 'b44e2dce0448c0e4b08e5be898df93f6c4e4f2fc', 'source_path': 'C:\\\\Users\\\\user\\\\workfolders\\\\imabari3dcad\\\\evoship\\\\EVOSHIP_HELP_FILES\\\\about_annotation.html', 'title': 'アノーテーション', 'section_heading': 'アノーテーション', 'section_level': 2, 'section_index': 0, 'last_modified': '2025-08-06T13:57:54+00:00', 'extracted_at': '2025-11-03T18:14:07+00:00', 'chunk_index': 0, 'text_length': 36, 'start_char_idx': 0, 'end_char_idx': 36, 'data_source': 'EVOSHIP_HELP_FILES'}, text='アノーテーション\\n\\n３次元位置や要素上に 注記 をつけることができます。', id_='8c3a6bbd-bcd8-4dbe-9937-93441f4e2bde')]\nrelations: [Relation(label='HAS_SECTION', source_id='C:\\\\Users\\\\user\\\\workfolders\\\\imabari3dcad\\\\evoship\\\\EVOSHIP_HELP_FILES\\\\about_annotation.html', target_id='b44e2dce0448c0e4b08e5be898df93f6c4e4f2fc', properties={'data_source': 'EVOSHIP_HELP_FILES'}), Relation(label='HAS_CHUNK', source_id='C:\\\\Users\\\\user\\\\workfolders\\\\imabari3dcad\\\\evoship\\\\EVOSHIP_HELP_FILES\\\\about_annotation.html', target_id='8c3a6bbd-bcd8-4dbe-9937-93441f4e2bde', properties={'data_source': 'EVOSHIP_HELP_FILES', 'section_id': 'b44e2dce0448c0e4b08e5be898df93f6c4e4f2fc', 'chunk_index': 0}), Relation(label='HAS_CHUNK', source_id='b44e2dce0448c0e4b08e5be898df93f6c4e4f2fc', target_id='8c3a6bbd-bcd8-4dbe-9937-93441f4e2bde', properties={'data_source': 'EVOSHIP_HELP_FILES', 'chunk_index': 0})]\n\nアノーテーション\n\n３次元位置や要素上に 注記 をつけることができます。\nTriplets:\n"}], 'model': 'gpt-5-nano', 'stream': False, 'temperature': 1.0}}
2025-11-04 03:15:04,043 DEBUG openai._base_client: Sending HTTP Request: POST https://api.openai.com/v1/chat/completions
2025-11-04 03:15:04,043 DEBUG httpcore.http11: send_request_headers.started request=<Request [b'POST']>
2025-11-04 03:15:04,044 DEBUG httpcore.http11: send_request_headers.complete
2025-11-04 03:15:04,044 DEBUG httpcore.http11: send_request_body.started request=<Request [b'POST']>
2025-11-04 03:15:04,044 DEBUG httpcore.http11: send_request_body.complete
2025-11-04 03:15:04,044 DEBUG httpcore.http11: receive_response_headers.started request=<Request [b'POST']>
2025-11-04 03:15:04,044 DEBUG httpcore.http11: send_request_headers.started request=<Request [b'POST']>
2025-11-04 03:15:04,044 DEBUG httpcore.http11: send_request_headers.complete
2025-11-04 03:15:04,045 DEBUG httpcore.http11: send_request_body.started request=<Request [b'POST']>
2025-11-04 03:15:04,045 DEBUG httpcore.http11: send_request_body.complete
2025-11-04 03:15:04,045 DEBUG httpcore.http11: receive_response_headers.started request=<Request [b'POST']>
2025-11-04 03:15:04,223 DEBUG httpcore.http11: receive_response_headers.complete return_value=(b'HTTP/1.1', 429, b'Too Many Requests', [(b'Date', b'Mon, 03 Nov 2025 18:15:04 GMT'), (b'Content-Type', b'application/json; charset=utf-8'), (b'Content-Length', b'337'), (b'Connection', b'keep-alive'), (b'vary', b'Origin'), (b'x-request-id', b'req_13d50175e99c421fb86709bbe5b4ef11'), (b'x-envoy-upstream-service-time', b'4'), (b'x-openai-proxy-wasm', b'v0.1'), (b'cf-cache-status', b'DYNAMIC'), (b'Strict-Transport-Security', b'max-age=31536000; includeSubDomains; preload'), (b'X-Content-Type-Options', b'nosniff'), (b'Server', b'cloudflare'), (b'CF-RAY', b'998ddad99bc4be06-KIX'), (b'alt-svc', b'h3=":443"; ma=86400')])
2025-11-04 03:15:04,223 INFO httpx: HTTP Request: POST https://api.openai.com/v1/chat/completions "HTTP/1.1 429 Too Many Requests"
2025-11-04 03:15:04,224 DEBUG httpcore.http11: receive_response_body.started request=<Request [b'POST']>
2025-11-04 03:15:04,224 DEBUG httpcore.http11: receive_response_body.complete
2025-11-04 03:15:04,225 DEBUG httpcore.http11: response_closed.started
2025-11-04 03:15:04,225 DEBUG httpcore.http11: response_closed.complete
2025-11-04 03:15:04,226 DEBUG openai._base_client: HTTP Response: POST https://api.openai.com/v1/chat/completions "429 Too Many Requests" Headers({'date': 'Mon, 03 Nov 2025 18:15:04 GMT', 'content-type': 'application/json; charset=utf-8', 'content-length': '337', 'connection': 'keep-alive', 'vary': 'Origin', 'x-request-id': 'req_13d50175e99c421fb86709bbe5b4ef11', 'x-envoy-upstream-service-time': '4', 'x-openai-proxy-wasm': 'v0.1', 'cf-cache-status': 'DYNAMIC', 'strict-transport-security': 'max-age=31536000; includeSubDomains; preload', 'x-content-type-options': 'nosniff', 'server': 'cloudflare', 'cf-ray': '998ddad99bc4be06-KIX', 'alt-svc': 'h3=":443"; ma=86400'})
2025-11-04 03:15:04,226 DEBUG openai._base_client: request_id: req_13d50175e99c421fb86709bbe5b4ef11
2025-11-04 03:15:04,226 DEBUG openai._base_client: Encountered httpx.HTTPStatusError
Traceback (most recent call last):
  File "C:\Users\user\workfolders\imabari3dcad\.venv\lib\site-packages\openai\_base_client.py", line 1574, in request
    response.raise_for_status()
  File "C:\Users\user\workfolders\imabari3dcad\.venv\lib\site-packages\httpx\_models.py", line 829, in raise_for_status
    raise HTTPStatusError(message, request=request, response=self)
httpx.HTTPStatusError: Client error '429 Too Many Requests' for url 'https://api.openai.com/v1/chat/completions'
For more information check: https://developer.mozilla.org/en-US/docs/Web/HTTP/Status/429
2025-11-04 03:15:04,227 DEBUG openai._base_client: Re-raising status error
2025-11-04 03:15:04,230 DEBUG openai._base_client: Request options: {'method': 'post', 'url': '/chat/completions', 'files': None, 'idempotency_key': 'stainless-python-retry-56803741-360d-42f9-bd48-5bc52c59f238', 'json_data': {'messages': [{'role': 'user', 'content': "Some text is provided below. Given the text, extract up to 10 knowledge triplets in the form of (subject, predicate, object). Avoid stopwords.\n---------------------\nExample:Text: Alice is Bob's mother.Triplets:\n(Alice, is mother of, Bob)\nText: Philz is a coffee shop founded in Berkeley in 1982.\nTriplets:\n(Philz, is, coffee shop)\n(Philz, founded in, Berkeley)\n(Philz, founded in, 1982)\n---------------------\nText: document_id: C:\\Users\\user\\workfolders\\imabari3dcad\\evoship\\EVOSHIP_HELP_FILES\\about_annotation_styles_list_dialog.html\nsource_path: C:\\Users\\user\\workfolders\\imabari3dcad\\evoship\\EVOSHIP_HELP_FILES\\about_annotation_styles_list_dialog.html\nsection_id: f4e23d530ed41382db10c880fddd130c1b63ba11\ntitle: 注記・寸法スタイル設定\nsection_heading: 注記スタイルの作成\nsection_level: 3\nsection_index: 2\nlast_modified: 2025-08-06T13:57:54+00:00\nextracted_at: 2025-11-03T18:14:07+00:00\ndata_source: EVOSHIP_HELP_FILES\nchunk_id: ca6f6dc0-dd46-4d13-bff4-9a72dddda74d\nchunk_index: 0\ntext_length: 223\nstart_char_idx: 0\nend_char_idx: 223\nnodes: [EntityNode(label='HelpDocument', embedding=None, properties={'document_id': 'C:\\\\Users\\\\user\\\\workfolders\\\\imabari3dcad\\\\evoship\\\\EVOSHIP_HELP_FILES\\\\about_annotation_styles_list_dialog.html', 'source_path': 'C:\\\\Users\\\\user\\\\workfolders\\\\imabari3dcad\\\\evoship\\\\EVOSHIP_HELP_FILES\\\\about_annotation_styles_list_dialog.html', 'title': '注記・寸法スタイル設定', 'headings': ['注記・寸法スタイル設定', '注記スタイルの管理', '注記スタイルの作成', '適用ずみスタイルの更新'], 'section_count': 4, 'last_modified': '2025-08-06T13:57:54+00:00', 'extracted_at': '2025-11-03T18:14:07+00:00', 'data_source': 'EVOSHIP_HELP_FILES'}, name='C:\\\\Users\\\\user\\\\workfolders\\\\imabari3dcad\\\\evoship\\\\EVOSHIP_HELP_FILES\\\\about_annotation_styles_list_dialog.html'), EntityNode(label='HelpSection', embedding=None, properties={'section_id': 'f4e23d530ed41382db10c880fddd130c1b63ba11', 'document_id': 'C:\\\\Users\\\\user\\\\workfolders\\\\imabari3dcad\\\\evoship\\\\EVOSHIP_HELP_FILES\\\\about_annotation_styles_list_dialog.html', 'source_path': 'C:\\\\Users\\\\user\\\\workfolders\\\\imabari3dcad\\\\evoship\\\\EVOSHIP_HELP_FILES\\\\about_annotation_styles_list_dialog.html', 'title': '注記・寸法スタイル設定', 'section_heading': '注記スタイルの作成', 'section_level': 3, 'section_index': 2, 'last_modified': '2025-08-06T13:57:54+00:00', 'extracted_at': '2025-11-03T18:14:07+00:00', 'data_source': 'EVOSHIP_HELP_FILES'}, name='f4e23d530ed41382db10c880fddd130c1b63ba11'), ChunkNode(label='HelpChunk', embedding=None, properties={'chunk_id': 'ca6f6dc0-dd46-4d13-bff4-9a72dddda74d', 'document_id': 'C:\\\\Users\\\\user\\\\workfolders\\\\imabari3dcad\\\\evoship\\\\EVOSHIP_HELP_FILES\\\\about_annotation_styles_list_dialog.html', 'section_id': 'f4e23d530ed41382db10c880fddd130c1b63ba11', 'source_path': 'C:\\\\Users\\\\user\\\\workfolders\\\\imabari3dcad\\\\evoship\\\\EVOSHIP_HELP_FILES\\\\about_annotation_styles_list_dialog.html', 'title': '注記・寸法スタイル設定', 'section_heading': '注記スタイルの作成', 'section_level': 3, 'section_index': 2, 'last_modified': '2025-08-06T13:57:54+00:00', 'extracted_at': '2025-11-03T18:14:07+00:00', 'chunk_index': 0, 'text_length': 223, 'start_char_idx': 0, 'end_char_idx': 223, 'data_source': 'EVOSHIP_HELP_FILES'}, text='注記スタイルの作成\\n\\n左側のスタイル一覧が表示されている欄でコンテキストメニューを表示し、「スタイル設定の追加」をクリックします。また、「モデルのスタイル設定を追加」をクリックすると、いま開いているモデル内のスケッチや図面が保持している注記スタイルがすべてスタイル一覧に追加されます。\\nまた、既存のスタイルを元にして新しくスタイルを作りたい場合は、スタイルを選択してコンテキストメニューを表示し、「スタイル設定（コピー）の追加」をクリックします。', id_='ca6f6dc0-dd46-4d13-bff4-9a72dddda74d')]\nrelations: [Relation(label='HAS_SECTION', source_id='C:\\\\Users\\\\user\\\\workfolders\\\\imabari3dcad\\\\evoship\\\\EVOSHIP_HELP_FILES\\\\about_annotation_styles_list_dialog.html', target_id='f4e23d530ed41382db10c880fddd130c1b63ba11', properties={'data_source': 'EVOSHIP_HELP_FILES'}), Relation(label='HAS_CHUNK', source_id='C:\\\\Users\\\\user\\\\workfolders\\\\imabari3dcad\\\\evoship\\\\EVOSHIP_HELP_FILES\\\\about_annotation_styles_list_dialog.html', target_id='ca6f6dc0-dd46-4d13-bff4-9a72dddda74d', properties={'data_source': 'EVOSHIP_HELP_FILES', 'section_id': 'f4e23d530ed41382db10c880fddd130c1b63ba11', 'chunk_index': 0}), Relation(label='HAS_CHUNK', source_id='f4e23d530ed41382db10c880fddd130c1b63ba11', target_id='ca6f6dc0-dd46-4d13-bff4-9a72dddda74d', properties={'data_source': 'EVOSHIP_HELP_FILES', 'chunk_index': 0})]\n\n注記スタイルの作成\n\n左側のスタイル一覧が表示されている欄でコンテキストメニューを表示し、「スタイル設定の追加」をクリックします。また、「モデルのスタイル設定を追加」をクリックすると、いま開いているモデル内のスケッチや図面が保持している注記スタイルがすべてスタイル一覧に追加されます。\nまた、既存のスタイルを元にして新しくスタイルを作りたい場合は、スタイルを選択してコンテキストメニューを表示し、「スタイル設定（コピー）の追加」をクリックします。\nTriplets:\n"}], 'model': 'gpt-5-nano', 'stream': False, 'temperature': 1.0}}
2025-11-04 03:15:04,231 DEBUG openai._base_client: Sending HTTP Request: POST https://api.openai.com/v1/chat/completions
2025-11-04 03:15:04,232 DEBUG httpcore.http11: send_request_headers.started request=<Request [b'POST']>
2025-11-04 03:15:04,233 DEBUG httpcore.http11: send_request_headers.failed exception=CancelledError()
2025-11-04 03:15:04,233 DEBUG httpcore.http11: response_closed.started
2025-11-04 03:15:04,233 DEBUG httpcore.http11: receive_response_headers.failed exception=CancelledError()
2025-11-04 03:15:04,233 DEBUG httpcore.http11: response_closed.started
2025-11-04 03:15:04,234 DEBUG httpcore.http11: response_closed.complete
2025-11-04 03:15:04,234 DEBUG httpcore.http11: response_closed.complete
2025-11-04 03:15:04,237 DEBUG neo4j.pool: [#0000]  _: <POOL> close
2025-11-04 03:15:04,237 DEBUG neo4j.io: [#CED9]  C: GOODBYE
2025-11-04 03:15:04,237 DEBUG neo4j.io: [#CED9]  C: <CLOSE>
2025-11-04 03:15:04,238 ERROR root: インポート処理中にエラーが発生しました: Error code: 429 - {'error': {'message': 'You exceeded your current quota, please check your plan and billing details. For more information on this error, read the docs: https://platform.openai.com/docs/guides/error-codes/api-errors.', 'type': 'insufficient_quota', 'param': None, 'code': 'insufficient_quota'}}
2025-11-04 03:25:22,243 DEBUG llama_index.core.node_parser.node_utils: > Adding chunk: アノーテーション

３次元位置や要素上に 注記 をつけることができます。
2025-11-04 03:25:22,244 INFO root: LlamaIndexでチャンク化完了: 1 documents, 1 sections, 1 chunks (chunk_size=800, overlap=120)
2025-11-04 03:25:22,245 DEBUG neo4j.pool: [#0000]  _: <POOL> created, direct address IPv4Address(('127.0.0.1', 7687))
2025-11-04 03:25:22,246 DEBUG neo4j.pool: [#0000]  _: <POOL> created, direct address IPv4Address(('127.0.0.1', 7687))
2025-11-04 03:25:22,246 DEBUG neo4j: [#0000]  _: <WORKSPACE> routing towards fixed database: helpfile
2025-11-04 03:25:22,246 DEBUG neo4j: [#0000]  _: <WORKSPACE> pinning database: 'helpfile'
2025-11-04 03:25:22,246 DEBUG neo4j.pool: [#0000]  _: <POOL> acquire direct connection, access_mode='WRITE', database=AcquisitionDatabase(name='helpfile', guessed=False)
2025-11-04 03:25:22,246 DEBUG neo4j.pool: [#0000]  _: <POOL> trying to hand out new connection
2025-11-04 03:25:22,246 DEBUG neo4j.io: [#0000]  _: <RESOLVE> in: 127.0.0.1:7687
2025-11-04 03:25:22,246 DEBUG neo4j.io: [#0000]  _: <RESOLVE> dns resolver out: 127.0.0.1:7687
2025-11-04 03:25:22,246 DEBUG neo4j.io: [#0000]  C: <OPEN> 127.0.0.1:7687
2025-11-04 03:25:22,247 DEBUG neo4j.io: [#F1B2]  C: <MAGIC> 0x6060B017
2025-11-04 03:25:22,247 DEBUG neo4j.io: [#F1B2]  C: <HANDSHAKE> 0x000001FF 0x00080805 0x00020404 0x00000003
2025-11-04 03:25:22,252 DEBUG neo4j.io: [#F1B2]  S: <HANDSHAKE> 0x000001FF [3] 0x00040404 0x00040405 0x00020805 0x00
2025-11-04 03:25:22,253 DEBUG neo4j.io: [#F1B2]  C: <HANDSHAKE> 0x00000805 0x00
2025-11-04 03:25:22,253 DEBUG neo4j.io: [#F1B2]  C: HELLO {'user_agent': 'neo4j-python/5.28.2 Python/3.10.17-final-0 (win32)', 'notifications_minimum_severity': 'OFF', 'bolt_agent': {'product': 'neo4j-python/5.28.2', 'platform': 'Windows 10; AMD64', 'language': 'Python/3.10.17-final-0', 'language_details': 'CPython; 3.10.17-final-0 (main, Apr  9 2025 03:56:18) [MSC v.1943 64 bit (AMD64)]'}}
2025-11-04 03:25:22,253 DEBUG neo4j.io: [#F1B2]  _: <CONNECTION> client state: CONNECTED > AUTHENTICATION
2025-11-04 03:25:22,253 DEBUG neo4j.io: [#F1B2]  C: LOGON {'scheme': 'basic', 'principal': 'neo4j', 'credentials': '*******'}
2025-11-04 03:25:22,253 DEBUG neo4j.io: [#F1B2]  _: <CONNECTION> client state: AUTHENTICATION > READY
2025-11-04 03:25:22,256 DEBUG neo4j.io: [#F1B2]  S: SUCCESS {'server': 'Neo4j/2025.06.2', 'protocol_version': '5.8', 'connection_id': 'bolt-29', 'hints': {'connection.recv_timeout_seconds': 120, 'ssr.enabled': True}}
2025-11-04 03:25:22,256 DEBUG neo4j.io: [#F1B2]  _: <CONNECTION> server state: CONNECTED > AUTHENTICATION
2025-11-04 03:25:22,263 DEBUG neo4j.io: [#F1B2]  S: SUCCESS {'advertised_address': 'localhost:7687'}
2025-11-04 03:25:22,263 DEBUG neo4j.io: [#F1B2]  _: <CONNECTION> server state: AUTHENTICATION > READY
2025-11-04 03:25:22,263 DEBUG neo4j.io: [#F1B2]  C: BEGIN {'db': 'helpfile'}
2025-11-04 03:25:22,263 DEBUG neo4j.io: [#F1B2]  _: <CONNECTION> client state: READY > TX_READY_OR_TX_STREAMING
2025-11-04 03:25:22,263 DEBUG neo4j.io: [#F1B2]  C: RUN '\nCALL apoc.meta.data()\nYIELD label, other, elementType, type, property\nWHERE NOT type = "RELATIONSHIP" AND elementType = "node"\n  AND NOT label IN $EXCLUDED_LABELS\nWITH label AS nodeLabels, collect({property:property, type:type}) AS properties\nRETURN {labels: nodeLabels, properties: properties} AS output\n\n' {'EXCLUDED_LABELS': ['_Bloom_Perspective_', '_Bloom_Scene_', '__Entity__', '__Node__']} {}
2025-11-04 03:25:22,263 DEBUG neo4j.io: [#F1B2]  C: PULL {'n': 1000}
2025-11-04 03:25:22,268 DEBUG neo4j.io: [#F1B2]  S: SUCCESS {}
2025-11-04 03:25:22,268 DEBUG neo4j.io: [#F1B2]  _: <CONNECTION> server state: READY > TX_READY_OR_TX_STREAMING
2025-11-04 03:25:22,388 DEBUG neo4j.io: [#F1B2]  S: SUCCESS {'t_first': 119, 'fields': ['output'], 'qid': 0}
2025-11-04 03:25:22,409 DEBUG neo4j.io: [#F1B2]  S: SUCCESS {'statuses': [{'gql_status': '02000', 'status_description': 'note: no data'}], 'type': 'r', 't_last': 19, 'db': 'helpfile'}
2025-11-04 03:25:22,409 DEBUG neo4j.io: [#F1B2]  C: COMMIT
2025-11-04 03:25:22,410 DEBUG neo4j.io: [#F1B2]  _: <CONNECTION> client state: TX_READY_OR_TX_STREAMING > READY
2025-11-04 03:25:22,412 DEBUG neo4j.io: [#F1B2]  S: SUCCESS {'bookmark': 'FB:kcwQ8rwaENxyTdu2M21TLrZqzskGvpA='}
2025-11-04 03:25:22,412 DEBUG neo4j.io: [#F1B2]  _: <CONNECTION> server state: TX_READY_OR_TX_STREAMING > READY
2025-11-04 03:25:22,412 DEBUG neo4j.pool: [#F1B2]  _: <POOL> released bolt-29
2025-11-04 03:25:22,412 DEBUG neo4j: [#0000]  _: <WORKSPACE> routing towards fixed database: helpfile
2025-11-04 03:25:22,413 DEBUG neo4j: [#0000]  _: <WORKSPACE> pinning database: 'helpfile'
2025-11-04 03:25:22,413 DEBUG neo4j.pool: [#0000]  _: <POOL> acquire direct connection, access_mode='WRITE', database=AcquisitionDatabase(name='helpfile', guessed=False)
2025-11-04 03:25:22,413 DEBUG neo4j.pool: [#F1B2]  _: <POOL> picked existing connection bolt-29
2025-11-04 03:25:22,413 DEBUG neo4j.pool: [#F1B2]  _: <POOL> checked re_auth auth=None updated=False force=False
2025-11-04 03:25:22,413 DEBUG neo4j.pool: [#F1B2]  _: <POOL> handing out existing connection
2025-11-04 03:25:22,413 DEBUG neo4j.io: [#F1B2]  C: BEGIN {'db': 'helpfile', 'bookmarks': ['FB:kcwQ8rwaENxyTdu2M21TLrZqzskGvpA=']}
2025-11-04 03:25:22,413 DEBUG neo4j.io: [#F1B2]  _: <CONNECTION> client state: READY > TX_READY_OR_TX_STREAMING
2025-11-04 03:25:22,413 DEBUG neo4j.io: [#F1B2]  C: RUN '\nCALL apoc.meta.data()\nYIELD label, other, elementType, type, property\nWHERE NOT type = "RELATIONSHIP" AND elementType = "relationship"\n      AND NOT label in $EXCLUDED_LABELS\nWITH label AS nodeLabels, collect({property:property, type:type}) AS properties\nRETURN {type: nodeLabels, properties: properties} AS output\n' {'EXCLUDED_LABELS': ['_Bloom_HAS_SCENE_']} {}
2025-11-04 03:25:22,413 DEBUG neo4j.io: [#F1B2]  C: PULL {'n': 1000}
2025-11-04 03:25:22,416 DEBUG neo4j.io: [#F1B2]  S: SUCCESS {}
2025-11-04 03:25:22,416 DEBUG neo4j.io: [#F1B2]  _: <CONNECTION> server state: READY > TX_READY_OR_TX_STREAMING
2025-11-04 03:25:22,493 DEBUG neo4j.io: [#F1B2]  S: SUCCESS {'t_first': 76, 'fields': ['output'], 'qid': 0}
2025-11-04 03:25:22,502 DEBUG neo4j.io: [#F1B2]  S: SUCCESS {'statuses': [{'gql_status': '02000', 'status_description': 'note: no data'}], 'type': 'r', 't_last': 8, 'db': 'helpfile'}
2025-11-04 03:25:22,503 DEBUG neo4j.io: [#F1B2]  C: COMMIT
2025-11-04 03:25:22,503 DEBUG neo4j.io: [#F1B2]  _: <CONNECTION> client state: TX_READY_OR_TX_STREAMING > READY
2025-11-04 03:25:22,505 DEBUG neo4j.io: [#F1B2]  S: SUCCESS {'bookmark': 'FB:kcwQ8rwaENxyTdu2M21TLrZqzskGvpA='}
2025-11-04 03:25:22,505 DEBUG neo4j.io: [#F1B2]  _: <CONNECTION> server state: TX_READY_OR_TX_STREAMING > READY
2025-11-04 03:25:22,505 DEBUG neo4j.pool: [#F1B2]  _: <POOL> released bolt-29
2025-11-04 03:25:22,506 DEBUG neo4j: [#0000]  _: <WORKSPACE> routing towards fixed database: helpfile
2025-11-04 03:25:22,506 DEBUG neo4j: [#0000]  _: <WORKSPACE> pinning database: 'helpfile'
2025-11-04 03:25:22,506 DEBUG neo4j.pool: [#0000]  _: <POOL> acquire direct connection, access_mode='WRITE', database=AcquisitionDatabase(name='helpfile', guessed=False)
2025-11-04 03:25:22,506 DEBUG neo4j.pool: [#F1B2]  _: <POOL> picked existing connection bolt-29
2025-11-04 03:25:22,506 DEBUG neo4j.pool: [#F1B2]  _: <POOL> checked re_auth auth=None updated=False force=False
2025-11-04 03:25:22,506 DEBUG neo4j.pool: [#F1B2]  _: <POOL> handing out existing connection
2025-11-04 03:25:22,506 DEBUG neo4j.io: [#F1B2]  C: BEGIN {'db': 'helpfile', 'bookmarks': ['FB:kcwQ8rwaENxyTdu2M21TLrZqzskGvpA=']}
2025-11-04 03:25:22,506 DEBUG neo4j.io: [#F1B2]  _: <CONNECTION> client state: READY > TX_READY_OR_TX_STREAMING
2025-11-04 03:25:22,506 DEBUG neo4j.io: [#F1B2]  C: RUN '\nCALL apoc.meta.data()\nYIELD label, other, elementType, type, property\nWHERE type = "RELATIONSHIP" AND elementType = "node"\nUNWIND other AS other_node\nWITH * WHERE NOT label IN $EXCLUDED_LABELS\n    AND NOT other_node IN $EXCLUDED_LABELS\nRETURN {start: label, type: property, end: toString(other_node)} AS output\n' {'EXCLUDED_LABELS': ['_Bloom_Perspective_', '_Bloom_Scene_', '__Entity__', '__Node__']} {}
2025-11-04 03:25:22,506 DEBUG neo4j.io: [#F1B2]  C: PULL {'n': 1000}
2025-11-04 03:25:22,509 DEBUG neo4j.io: [#F1B2]  S: SUCCESS {}
2025-11-04 03:25:22,509 DEBUG neo4j.io: [#F1B2]  _: <CONNECTION> server state: READY > TX_READY_OR_TX_STREAMING
2025-11-04 03:25:22,580 DEBUG neo4j.io: [#F1B2]  S: SUCCESS {'t_first': 70, 'fields': ['output'], 'qid': 0}
2025-11-04 03:25:22,587 DEBUG neo4j.io: [#F1B2]  S: SUCCESS {'statuses': [{'gql_status': '02000', 'status_description': 'note: no data'}], 'type': 'r', 't_last': 6, 'db': 'helpfile'}
2025-11-04 03:25:22,588 DEBUG neo4j.io: [#F1B2]  C: COMMIT
2025-11-04 03:25:22,588 DEBUG neo4j.io: [#F1B2]  _: <CONNECTION> client state: TX_READY_OR_TX_STREAMING > READY
2025-11-04 03:25:22,591 DEBUG neo4j.io: [#F1B2]  S: SUCCESS {'bookmark': 'FB:kcwQ8rwaENxyTdu2M21TLrZqzskGvpA='}
2025-11-04 03:25:22,591 DEBUG neo4j.io: [#F1B2]  _: <CONNECTION> server state: TX_READY_OR_TX_STREAMING > READY
2025-11-04 03:25:22,591 DEBUG neo4j.pool: [#F1B2]  _: <POOL> released bolt-29
2025-11-04 03:25:22,591 DEBUG neo4j: [#0000]  _: <WORKSPACE> routing towards fixed database: helpfile
2025-11-04 03:25:22,591 DEBUG neo4j: [#0000]  _: <WORKSPACE> pinning database: 'helpfile'
2025-11-04 03:25:22,591 DEBUG neo4j.pool: [#0000]  _: <POOL> acquire direct connection, access_mode='WRITE', database=AcquisitionDatabase(name='helpfile', guessed=False)
2025-11-04 03:25:22,591 DEBUG neo4j.pool: [#F1B2]  _: <POOL> picked existing connection bolt-29
2025-11-04 03:25:22,591 DEBUG neo4j.pool: [#F1B2]  _: <POOL> checked re_auth auth=None updated=False force=False
2025-11-04 03:25:22,591 DEBUG neo4j.pool: [#F1B2]  _: <POOL> handing out existing connection
2025-11-04 03:25:22,591 DEBUG neo4j.io: [#F1B2]  C: BEGIN {'db': 'helpfile', 'bookmarks': ['FB:kcwQ8rwaENxyTdu2M21TLrZqzskGvpA=']}
2025-11-04 03:25:22,591 DEBUG neo4j.io: [#F1B2]  _: <CONNECTION> client state: READY > TX_READY_OR_TX_STREAMING
2025-11-04 03:25:22,592 DEBUG neo4j.io: [#F1B2]  C: RUN 'SHOW CONSTRAINTS' {} {}
2025-11-04 03:25:22,592 DEBUG neo4j.io: [#F1B2]  C: PULL {'n': 1000}
2025-11-04 03:25:22,594 DEBUG neo4j.io: [#F1B2]  S: SUCCESS {}
2025-11-04 03:25:22,594 DEBUG neo4j.io: [#F1B2]  _: <CONNECTION> server state: READY > TX_READY_OR_TX_STREAMING
2025-11-04 03:25:22,621 DEBUG neo4j.io: [#F1B2]  S: SUCCESS {'t_first': 27, 'fields': ['id', 'name', 'type', 'entityType', 'labelsOrTypes', 'properties', 'ownedIndex', 'propertyType'], 'qid': 0}
2025-11-04 03:25:22,623 DEBUG neo4j.io: [#F1B2]  S: RECORD * 1
2025-11-04 03:25:22,625 DEBUG neo4j.io: [#F1B2]  S: RECORD * 1
2025-11-04 03:25:22,625 DEBUG neo4j.io: [#F1B2]  S: SUCCESS {'statuses': [{'gql_status': '00000', 'status_description': 'note: successful completion'}], 'type': 'r', 't_last': 2, 'db': 'helpfile'}
2025-11-04 03:25:22,625 DEBUG neo4j.io: [#F1B2]  C: COMMIT
2025-11-04 03:25:22,625 DEBUG neo4j.io: [#F1B2]  _: <CONNECTION> client state: TX_READY_OR_TX_STREAMING > READY
2025-11-04 03:25:22,626 DEBUG neo4j.io: [#F1B2]  S: SUCCESS {'bookmark': 'FB:kcwQ8rwaENxyTdu2M21TLrZqzskGvpA='}
2025-11-04 03:25:22,626 DEBUG neo4j.io: [#F1B2]  _: <CONNECTION> server state: TX_READY_OR_TX_STREAMING > READY
2025-11-04 03:25:22,626 DEBUG neo4j.pool: [#F1B2]  _: <POOL> released bolt-29
2025-11-04 03:25:22,627 DEBUG neo4j: [#0000]  _: <WORKSPACE> routing towards fixed database: helpfile
2025-11-04 03:25:22,627 DEBUG neo4j: [#0000]  _: <WORKSPACE> pinning database: 'helpfile'
2025-11-04 03:25:22,627 DEBUG neo4j.pool: [#0000]  _: <POOL> acquire direct connection, access_mode='WRITE', database=AcquisitionDatabase(name='helpfile', guessed=False)
2025-11-04 03:25:22,627 DEBUG neo4j.pool: [#F1B2]  _: <POOL> picked existing connection bolt-29
2025-11-04 03:25:22,627 DEBUG neo4j.pool: [#F1B2]  _: <POOL> checked re_auth auth=None updated=False force=False
2025-11-04 03:25:22,627 DEBUG neo4j.pool: [#F1B2]  _: <POOL> handing out existing connection
2025-11-04 03:25:22,627 DEBUG neo4j.io: [#F1B2]  C: BEGIN {'db': 'helpfile', 'bookmarks': ['FB:kcwQ8rwaENxyTdu2M21TLrZqzskGvpA=']}
2025-11-04 03:25:22,627 DEBUG neo4j.io: [#F1B2]  _: <CONNECTION> client state: READY > TX_READY_OR_TX_STREAMING
2025-11-04 03:25:22,627 DEBUG neo4j.io: [#F1B2]  C: RUN "CALL apoc.schema.nodes() YIELD label, properties, type, size, valuesSelectivity WHERE type = 'RANGE' RETURN *, size * valuesSelectivity as distinctValues" {} {}
2025-11-04 03:25:22,628 DEBUG neo4j.io: [#F1B2]  C: PULL {'n': 1000}
2025-11-04 03:25:22,630 DEBUG neo4j.io: [#F1B2]  S: SUCCESS {}
2025-11-04 03:25:22,630 DEBUG neo4j.io: [#F1B2]  _: <CONNECTION> server state: READY > TX_READY_OR_TX_STREAMING
2025-11-04 03:25:22,687 DEBUG neo4j.io: [#F1B2]  S: SUCCESS {'t_first': 57, 'fields': ['label', 'properties', 'size', 'type', 'valuesSelectivity', 'distinctValues'], 'qid': 0}
2025-11-04 03:25:22,695 DEBUG neo4j.io: [#F1B2]  S: RECORD * 1
2025-11-04 03:25:22,695 DEBUG neo4j.io: [#F1B2]  S: RECORD * 1
2025-11-04 03:25:22,695 DEBUG neo4j.io: [#F1B2]  S: SUCCESS {'statuses': [{'gql_status': '00000', 'status_description': 'note: successful completion'}], 'type': 'rw', 't_last': 6, 'db': 'helpfile'}
2025-11-04 03:25:22,695 DEBUG neo4j.io: [#F1B2]  C: COMMIT
2025-11-04 03:25:22,697 DEBUG neo4j.io: [#F1B2]  _: <CONNECTION> client state: TX_READY_OR_TX_STREAMING > READY
2025-11-04 03:25:22,698 DEBUG neo4j.io: [#F1B2]  S: SUCCESS {'bookmark': 'FB:kcwQ8rwaENxyTdu2M21TLrZqzskGvpA='}
2025-11-04 03:25:22,698 DEBUG neo4j.io: [#F1B2]  _: <CONNECTION> server state: TX_READY_OR_TX_STREAMING > READY
2025-11-04 03:25:22,699 DEBUG neo4j.pool: [#F1B2]  _: <POOL> released bolt-29
2025-11-04 03:25:22,699 DEBUG neo4j: [#0000]  _: <WORKSPACE> routing towards fixed database: helpfile
2025-11-04 03:25:22,699 DEBUG neo4j: [#0000]  _: <WORKSPACE> pinning database: 'helpfile'
2025-11-04 03:25:22,699 DEBUG neo4j.pool: [#0000]  _: <POOL> acquire direct connection, access_mode='WRITE', database=AcquisitionDatabase(name='helpfile', guessed=False)
2025-11-04 03:25:22,699 DEBUG neo4j.pool: [#F1B2]  _: <POOL> picked existing connection bolt-29
2025-11-04 03:25:22,699 DEBUG neo4j.pool: [#F1B2]  _: <POOL> checked re_auth auth=None updated=False force=False
2025-11-04 03:25:22,699 DEBUG neo4j.pool: [#F1B2]  _: <POOL> handing out existing connection
2025-11-04 03:25:22,699 DEBUG neo4j.io: [#F1B2]  C: BEGIN {'db': 'helpfile', 'bookmarks': ['FB:kcwQ8rwaENxyTdu2M21TLrZqzskGvpA=']}
2025-11-04 03:25:22,699 DEBUG neo4j.io: [#F1B2]  _: <CONNECTION> client state: READY > TX_READY_OR_TX_STREAMING
2025-11-04 03:25:22,700 DEBUG neo4j.io: [#F1B2]  C: RUN "CALL apoc.meta.subGraph({}) YIELD nodes, relationships RETURN nodes, [rel in relationships | {name:apoc.any.property(rel, 'type'), count: apoc.any.property(rel, 'count')}] AS relationships" {} {}
2025-11-04 03:25:22,700 DEBUG neo4j.io: [#F1B2]  C: PULL {'n': 1000}
2025-11-04 03:25:22,702 DEBUG neo4j.io: [#F1B2]  S: SUCCESS {}
2025-11-04 03:25:22,702 DEBUG neo4j.io: [#F1B2]  _: <CONNECTION> server state: READY > TX_READY_OR_TX_STREAMING
2025-11-04 03:25:22,768 DEBUG neo4j.io: [#F1B2]  S: SUCCESS {'t_first': 66, 'fields': ['nodes', 'relationships'], 'qid': 0}
2025-11-04 03:25:22,774 DEBUG neo4j.io: [#F1B2]  S: RECORD * 1
2025-11-04 03:25:22,774 DEBUG neo4j.io: [#F1B2]  S: SUCCESS {'statuses': [{'gql_status': '00000', 'status_description': 'note: successful completion'}], 'type': 'r', 't_last': 5, 'db': 'helpfile'}
2025-11-04 03:25:22,776 DEBUG neo4j.io: [#F1B2]  C: COMMIT
2025-11-04 03:25:22,776 DEBUG neo4j.io: [#F1B2]  _: <CONNECTION> client state: TX_READY_OR_TX_STREAMING > READY
2025-11-04 03:25:22,778 DEBUG neo4j.io: [#F1B2]  S: SUCCESS {'bookmark': 'FB:kcwQ8rwaENxyTdu2M21TLrZqzskGvpA='}
2025-11-04 03:25:22,778 DEBUG neo4j.io: [#F1B2]  _: <CONNECTION> server state: TX_READY_OR_TX_STREAMING > READY
2025-11-04 03:25:22,779 DEBUG neo4j.pool: [#F1B2]  _: <POOL> released bolt-29
2025-11-04 03:25:22,779 DEBUG neo4j: [#0000]  _: <WORKSPACE> routing towards fixed database: helpfile
2025-11-04 03:25:22,779 DEBUG neo4j: [#0000]  _: <WORKSPACE> pinning database: 'helpfile'
2025-11-04 03:25:22,779 DEBUG neo4j.pool: [#0000]  _: <POOL> acquire direct connection, access_mode='WRITE', database=AcquisitionDatabase(name='helpfile', guessed=False)
2025-11-04 03:25:22,781 DEBUG neo4j.pool: [#F1B2]  _: <POOL> picked existing connection bolt-29
2025-11-04 03:25:22,781 DEBUG neo4j.pool: [#F1B2]  _: <POOL> checked re_auth auth=None updated=False force=False
2025-11-04 03:25:22,781 DEBUG neo4j.pool: [#F1B2]  _: <POOL> handing out existing connection
2025-11-04 03:25:22,781 DEBUG neo4j.io: [#F1B2]  C: BEGIN {'db': 'helpfile', 'bookmarks': ['FB:kcwQ8rwaENxyTdu2M21TLrZqzskGvpA=']}
2025-11-04 03:25:22,781 DEBUG neo4j.io: [#F1B2]  _: <CONNECTION> client state: READY > TX_READY_OR_TX_STREAMING
2025-11-04 03:25:22,781 DEBUG neo4j.io: [#F1B2]  C: RUN 'CALL dbms.components()' {} {}
2025-11-04 03:25:22,781 DEBUG neo4j.io: [#F1B2]  C: PULL {'n': 1000}
2025-11-04 03:25:22,784 DEBUG neo4j.io: [#F1B2]  S: SUCCESS {}
2025-11-04 03:25:22,784 DEBUG neo4j.io: [#F1B2]  _: <CONNECTION> server state: READY > TX_READY_OR_TX_STREAMING
2025-11-04 03:25:22,826 DEBUG neo4j.io: [#F1B2]  S: SUCCESS {'t_first': 40, 'fields': ['name', 'versions', 'edition'], 'qid': 0}
2025-11-04 03:25:22,828 DEBUG neo4j.io: [#F1B2]  S: RECORD * 1
2025-11-04 03:25:22,830 DEBUG neo4j.io: [#F1B2]  S: RECORD * 1
2025-11-04 03:25:22,830 DEBUG neo4j.io: [#F1B2]  S: SUCCESS {'statuses': [{'gql_status': '00000', 'status_description': 'note: successful completion'}], 'type': 's', 't_last': 1, 'db': 'helpfile'}
2025-11-04 03:25:22,830 DEBUG neo4j.io: [#F1B2]  C: COMMIT
2025-11-04 03:25:22,830 DEBUG neo4j.io: [#F1B2]  _: <CONNECTION> client state: TX_READY_OR_TX_STREAMING > READY
2025-11-04 03:25:22,832 DEBUG neo4j.io: [#F1B2]  S: SUCCESS {'bookmark': 'FB:kcwQ8rwaENxyTdu2M21TLrZqzskGvpA='}
2025-11-04 03:25:22,832 DEBUG neo4j.io: [#F1B2]  _: <CONNECTION> server state: TX_READY_OR_TX_STREAMING > READY
2025-11-04 03:25:22,832 DEBUG neo4j.pool: [#F1B2]  _: <POOL> released bolt-29
2025-11-04 03:25:22,832 DEBUG neo4j: [#0000]  _: <WORKSPACE> routing towards fixed database: helpfile
2025-11-04 03:25:22,832 DEBUG neo4j: [#0000]  _: <WORKSPACE> pinning database: 'helpfile'
2025-11-04 03:25:22,833 DEBUG neo4j.pool: [#0000]  _: <POOL> acquire direct connection, access_mode='WRITE', database=AcquisitionDatabase(name='helpfile', guessed=False)
2025-11-04 03:25:22,833 DEBUG neo4j.pool: [#F1B2]  _: <POOL> picked existing connection bolt-29
2025-11-04 03:25:22,833 DEBUG neo4j.pool: [#F1B2]  _: <POOL> checked re_auth auth=None updated=False force=False
2025-11-04 03:25:22,833 DEBUG neo4j.pool: [#F1B2]  _: <POOL> handing out existing connection
2025-11-04 03:25:22,833 DEBUG neo4j.io: [#F1B2]  C: BEGIN {'db': 'helpfile', 'bookmarks': ['FB:kcwQ8rwaENxyTdu2M21TLrZqzskGvpA=']}
2025-11-04 03:25:22,833 DEBUG neo4j.io: [#F1B2]  _: <CONNECTION> client state: READY > TX_READY_OR_TX_STREAMING
2025-11-04 03:25:22,833 DEBUG neo4j.io: [#F1B2]  C: RUN 'CREATE CONSTRAINT IF NOT EXISTS FOR (n:`__Node__`)\n                REQUIRE n.id IS UNIQUE;' {} {}
2025-11-04 03:25:22,833 DEBUG neo4j.io: [#F1B2]  C: PULL {'n': 1000}
2025-11-04 03:25:22,837 DEBUG neo4j.io: [#F1B2]  S: SUCCESS {}
2025-11-04 03:25:22,837 DEBUG neo4j.io: [#F1B2]  _: <CONNECTION> server state: READY > TX_READY_OR_TX_STREAMING
2025-11-04 03:25:22,845 DEBUG neo4j.io: [#F1B2]  S: SUCCESS {'t_first': 8, 'fields': [], 'qid': 0}
2025-11-04 03:25:22,846 DEBUG neo4j.io: [#F1B2]  S: SUCCESS {'statuses': [{'gql_status': '00001', 'status_description': 'note: successful completion - omitted result'}], 'type': 's', 't_last': 0, 'db': 'helpfile'}
2025-11-04 03:25:22,846 DEBUG neo4j.io: [#F1B2]  C: COMMIT
2025-11-04 03:25:22,847 DEBUG neo4j.io: [#F1B2]  _: <CONNECTION> client state: TX_READY_OR_TX_STREAMING > READY
2025-11-04 03:25:22,848 DEBUG neo4j.io: [#F1B2]  S: SUCCESS {'bookmark': 'FB:kcwQ8rwaENxyTdu2M21TLrZqzskGvpA='}
2025-11-04 03:25:22,849 DEBUG neo4j.io: [#F1B2]  _: <CONNECTION> server state: TX_READY_OR_TX_STREAMING > READY
2025-11-04 03:25:22,849 DEBUG neo4j.pool: [#F1B2]  _: <POOL> released bolt-29
2025-11-04 03:25:22,849 DEBUG neo4j: [#0000]  _: <WORKSPACE> routing towards fixed database: helpfile
2025-11-04 03:25:22,849 DEBUG neo4j: [#0000]  _: <WORKSPACE> pinning database: 'helpfile'
2025-11-04 03:25:22,849 DEBUG neo4j.pool: [#0000]  _: <POOL> acquire direct connection, access_mode='WRITE', database=AcquisitionDatabase(name='helpfile', guessed=False)
2025-11-04 03:25:22,849 DEBUG neo4j.pool: [#F1B2]  _: <POOL> picked existing connection bolt-29
2025-11-04 03:25:22,849 DEBUG neo4j.pool: [#F1B2]  _: <POOL> checked re_auth auth=None updated=False force=False
2025-11-04 03:25:22,849 DEBUG neo4j.pool: [#F1B2]  _: <POOL> handing out existing connection
2025-11-04 03:25:22,849 DEBUG neo4j.io: [#F1B2]  C: BEGIN {'db': 'helpfile', 'bookmarks': ['FB:kcwQ8rwaENxyTdu2M21TLrZqzskGvpA=']}
2025-11-04 03:25:22,850 DEBUG neo4j.io: [#F1B2]  _: <CONNECTION> client state: READY > TX_READY_OR_TX_STREAMING
2025-11-04 03:25:22,850 DEBUG neo4j.io: [#F1B2]  C: RUN 'CREATE CONSTRAINT IF NOT EXISTS FOR (n:`__Entity__`)\n                REQUIRE n.id IS UNIQUE;' {} {}
2025-11-04 03:25:22,850 DEBUG neo4j.io: [#F1B2]  C: PULL {'n': 1000}
2025-11-04 03:25:22,853 DEBUG neo4j.io: [#F1B2]  S: SUCCESS {}
2025-11-04 03:25:22,853 DEBUG neo4j.io: [#F1B2]  _: <CONNECTION> server state: READY > TX_READY_OR_TX_STREAMING
2025-11-04 03:25:22,859 DEBUG neo4j.io: [#F1B2]  S: SUCCESS {'t_first': 6, 'fields': [], 'qid': 0}
2025-11-04 03:25:22,861 DEBUG neo4j.io: [#F1B2]  S: SUCCESS {'statuses': [{'gql_status': '00001', 'status_description': 'note: successful completion - omitted result'}], 'type': 's', 't_last': 0, 'db': 'helpfile'}
2025-11-04 03:25:22,861 DEBUG neo4j.io: [#F1B2]  C: COMMIT
2025-11-04 03:25:22,862 DEBUG neo4j.io: [#F1B2]  _: <CONNECTION> client state: TX_READY_OR_TX_STREAMING > READY
2025-11-04 03:25:22,868 DEBUG neo4j.io: [#F1B2]  S: SUCCESS {'bookmark': 'FB:kcwQ8rwaENxyTdu2M21TLrZqzskGvpA='}
2025-11-04 03:25:22,868 DEBUG neo4j.io: [#F1B2]  _: <CONNECTION> server state: TX_READY_OR_TX_STREAMING > READY
2025-11-04 03:25:22,868 DEBUG neo4j.pool: [#F1B2]  _: <POOL> released bolt-29
2025-11-04 03:25:22,869 DEBUG neo4j: [#0000]  _: <WORKSPACE> routing towards fixed database: helpfile
2025-11-04 03:25:22,869 DEBUG neo4j: [#0000]  _: <WORKSPACE> pinning database: 'helpfile'
2025-11-04 03:25:22,869 DEBUG neo4j.pool: [#0000]  _: <POOL> acquire direct connection, access_mode='WRITE', database=AcquisitionDatabase(name='helpfile', guessed=False)
2025-11-04 03:25:22,869 DEBUG neo4j.pool: [#F1B2]  _: <POOL> picked existing connection bolt-29
2025-11-04 03:25:22,869 DEBUG neo4j.pool: [#F1B2]  _: <POOL> checked re_auth auth=None updated=False force=False
2025-11-04 03:25:22,869 DEBUG neo4j.pool: [#F1B2]  _: <POOL> handing out existing connection
2025-11-04 03:25:22,869 DEBUG neo4j.io: [#F1B2]  C: BEGIN {'db': 'helpfile', 'bookmarks': ['FB:kcwQ8rwaENxyTdu2M21TLrZqzskGvpA=']}
2025-11-04 03:25:22,869 DEBUG neo4j.io: [#F1B2]  _: <CONNECTION> client state: READY > TX_READY_OR_TX_STREAMING
2025-11-04 03:25:22,869 DEBUG neo4j.io: [#F1B2]  C: RUN 'CREATE VECTOR INDEX entity IF NOT EXISTS FOR (m:__Entity__) ON m.embedding' {} {}
2025-11-04 03:25:22,870 DEBUG neo4j.io: [#F1B2]  C: PULL {'n': 1000}
2025-11-04 03:25:22,874 DEBUG neo4j.io: [#F1B2]  S: SUCCESS {}
2025-11-04 03:25:22,874 DEBUG neo4j.io: [#F1B2]  _: <CONNECTION> server state: READY > TX_READY_OR_TX_STREAMING
2025-11-04 03:25:22,880 DEBUG neo4j.io: [#F1B2]  S: SUCCESS {'t_first': 6, 'fields': [], 'qid': 0}
2025-11-04 03:25:22,883 DEBUG neo4j.io: [#F1B2]  S: SUCCESS {'statuses': [{'gql_status': '00001', 'status_description': 'note: successful completion - omitted result'}], 'type': 's', 't_last': 0, 'db': 'helpfile'}
2025-11-04 03:25:22,883 DEBUG neo4j.io: [#F1B2]  C: COMMIT
2025-11-04 03:25:22,883 DEBUG neo4j.io: [#F1B2]  _: <CONNECTION> client state: TX_READY_OR_TX_STREAMING > READY
2025-11-04 03:25:22,885 DEBUG neo4j.io: [#F1B2]  S: SUCCESS {'bookmark': 'FB:kcwQ8rwaENxyTdu2M21TLrZqzskGvpA='}
2025-11-04 03:25:22,885 DEBUG neo4j.io: [#F1B2]  _: <CONNECTION> server state: TX_READY_OR_TX_STREAMING > READY
2025-11-04 03:25:22,885 DEBUG neo4j.pool: [#F1B2]  _: <POOL> released bolt-29
2025-11-04 03:25:22,885 INFO root: 既存のヘルプグラフを削除します。
2025-11-04 03:25:22,886 DEBUG neo4j: [#0000]  _: <WORKSPACE> routing towards fixed database: helpfile
2025-11-04 03:25:22,886 DEBUG neo4j: [#0000]  _: <WORKSPACE> pinning database: 'helpfile'
2025-11-04 03:25:22,886 DEBUG neo4j.pool: [#0000]  _: <POOL> acquire direct connection, access_mode='WRITE', database=AcquisitionDatabase(name='helpfile', guessed=False)
2025-11-04 03:25:22,886 DEBUG neo4j.pool: [#F1B2]  _: <POOL> picked existing connection bolt-29
2025-11-04 03:25:22,886 DEBUG neo4j.pool: [#F1B2]  _: <POOL> checked re_auth auth=None updated=False force=False
2025-11-04 03:25:22,886 DEBUG neo4j.pool: [#F1B2]  _: <POOL> handing out existing connection
2025-11-04 03:25:22,886 DEBUG neo4j.io: [#F1B2]  C: BEGIN {'db': 'helpfile', 'bookmarks': ['FB:kcwQ8rwaENxyTdu2M21TLrZqzskGvpA=']}
2025-11-04 03:25:22,886 DEBUG neo4j.io: [#F1B2]  _: <CONNECTION> client state: READY > TX_READY_OR_TX_STREAMING
2025-11-04 03:25:22,887 DEBUG neo4j.io: [#F1B2]  C: RUN 'MATCH (n) WHERE n.data_source = $source DETACH DELETE n' {'source': 'EVOSHIP_HELP_FILES'} {}
2025-11-04 03:25:22,887 DEBUG neo4j.io: [#F1B2]  C: PULL {'n': 1000}
2025-11-04 03:25:22,891 DEBUG neo4j.io: [#F1B2]  S: SUCCESS {}
2025-11-04 03:25:22,892 DEBUG neo4j.io: [#F1B2]  _: <CONNECTION> server state: READY > TX_READY_OR_TX_STREAMING
2025-11-04 03:25:22,953 DEBUG neo4j.io: [#F1B2]  S: SUCCESS {'t_first': 62, 'fields': [], 'qid': 0}
2025-11-04 03:25:22,956 DEBUG neo4j.io: [#F1B2]  S: SUCCESS {'statuses': [{'gql_status': '00001', 'status_description': 'note: successful completion - omitted result'}], 'type': 'w', 't_last': 0, 'db': 'helpfile'}
2025-11-04 03:25:22,957 DEBUG neo4j.io: [#F1B2]  C: COMMIT
2025-11-04 03:25:22,957 DEBUG neo4j.io: [#F1B2]  _: <CONNECTION> client state: TX_READY_OR_TX_STREAMING > READY
2025-11-04 03:25:22,958 DEBUG neo4j.io: [#F1B2]  S: SUCCESS {'bookmark': 'FB:kcwQ8rwaENxyTdu2M21TLrZqzskGvpA='}
2025-11-04 03:25:22,958 DEBUG neo4j.io: [#F1B2]  _: <CONNECTION> server state: TX_READY_OR_TX_STREAMING > READY
2025-11-04 03:25:22,958 DEBUG neo4j.pool: [#F1B2]  _: <POOL> released bolt-29
2025-11-04 03:25:23,431 DEBUG asyncio: Using proactor: IocpProactor
2025-11-04 03:25:23,911 DEBUG openai._base_client: Request options: {'method': 'post', 'url': '/chat/completions', 'files': None, 'idempotency_key': 'stainless-python-retry-7898f2ef-acaf-494d-a546-bcefd9ac4680', 'json_data': {'messages': [{'role': 'user', 'content': "Some text is provided below. Given the text, extract up to 10 knowledge triplets in the form of (subject, predicate, object). Avoid stopwords.\n---------------------\nExample:Text: Alice is Bob's mother.Triplets:\n(Alice, is mother of, Bob)\nText: Philz is a coffee shop founded in Berkeley in 1982.\nTriplets:\n(Philz, is, coffee shop)\n(Philz, founded in, Berkeley)\n(Philz, founded in, 1982)\n---------------------\nText: document_id: C:\\Users\\user\\workfolders\\imabari3dcad\\evoship\\EVOSHIP_HELP_FILES\\about_annotation.html\nsource_path: C:\\Users\\user\\workfolders\\imabari3dcad\\evoship\\EVOSHIP_HELP_FILES\\about_annotation.html\nsection_id: b44e2dce0448c0e4b08e5be898df93f6c4e4f2fc\ntitle: アノーテーション\nsection_heading: アノーテーション\nsection_level: 2\nsection_index: 0\nlast_modified: 2025-08-06T13:57:54+00:00\nextracted_at: 2025-11-03T18:25:22+00:00\ndata_source: EVOSHIP_HELP_FILES\nchunk_id: afb1edc8-93f8-41f0-9ac5-e0901bc4c707\nchunk_index: 0\ntext_length: 36\nstart_char_idx: 0\nend_char_idx: 36\nnodes: [EntityNode(label='HelpDocument', embedding=None, properties={'document_id': 'C:\\\\Users\\\\user\\\\workfolders\\\\imabari3dcad\\\\evoship\\\\EVOSHIP_HELP_FILES\\\\about_annotation.html', 'source_path': 'C:\\\\Users\\\\user\\\\workfolders\\\\imabari3dcad\\\\evoship\\\\EVOSHIP_HELP_FILES\\\\about_annotation.html', 'title': 'アノーテーション', 'headings': ['アノーテーション'], 'section_count': 1, 'last_modified': '2025-08-06T13:57:54+00:00', 'extracted_at': '2025-11-03T18:25:22+00:00', 'data_source': 'EVOSHIP_HELP_FILES'}, name='C:\\\\Users\\\\user\\\\workfolders\\\\imabari3dcad\\\\evoship\\\\EVOSHIP_HELP_FILES\\\\about_annotation.html'), EntityNode(label='HelpSection', embedding=None, properties={'section_id': 'b44e2dce0448c0e4b08e5be898df93f6c4e4f2fc', 'document_id': 'C:\\\\Users\\\\user\\\\workfolders\\\\imabari3dcad\\\\evoship\\\\EVOSHIP_HELP_FILES\\\\about_annotation.html', 'source_path': 'C:\\\\Users\\\\user\\\\workfolders\\\\imabari3dcad\\\\evoship\\\\EVOSHIP_HELP_FILES\\\\about_annotation.html', 'title': 'アノーテーション', 'section_heading': 'アノーテーション', 'section_level': 2, 'section_index': 0, 'last_modified': '2025-08-06T13:57:54+00:00', 'extracted_at': '2025-11-03T18:25:22+00:00', 'data_source': 'EVOSHIP_HELP_FILES'}, name='b44e2dce0448c0e4b08e5be898df93f6c4e4f2fc'), ChunkNode(label='HelpChunk', embedding=None, properties={'chunk_id': 'afb1edc8-93f8-41f0-9ac5-e0901bc4c707', 'document_id': 'C:\\\\Users\\\\user\\\\workfolders\\\\imabari3dcad\\\\evoship\\\\EVOSHIP_HELP_FILES\\\\about_annotation.html', 'section_id': 'b44e2dce0448c0e4b08e5be898df93f6c4e4f2fc', 'source_path': 'C:\\\\Users\\\\user\\\\workfolders\\\\imabari3dcad\\\\evoship\\\\EVOSHIP_HELP_FILES\\\\about_annotation.html', 'title': 'アノーテーション', 'section_heading': 'アノーテーション', 'section_level': 2, 'section_index': 0, 'last_modified': '2025-08-06T13:57:54+00:00', 'extracted_at': '2025-11-03T18:25:22+00:00', 'chunk_index': 0, 'text_length': 36, 'start_char_idx': 0, 'end_char_idx': 36, 'data_source': 'EVOSHIP_HELP_FILES'}, text='アノーテーション\\n\\n３次元位置や要素上に 注記 をつけることができます。', id_='afb1edc8-93f8-41f0-9ac5-e0901bc4c707')]\nrelations: [Relation(label='HAS_SECTION', source_id='C:\\\\Users\\\\user\\\\workfolders\\\\imabari3dcad\\\\evoship\\\\EVOSHIP_HELP_FILES\\\\about_annotation.html', target_id='b44e2dce0448c0e4b08e5be898df93f6c4e4f2fc', properties={'data_source': 'EVOSHIP_HELP_FILES'}), Relation(label='HAS_CHUNK', source_id='C:\\\\Users\\\\user\\\\workfolders\\\\imabari3dcad\\\\evoship\\\\EVOSHIP_HELP_FILES\\\\about_annotation.html', target_id='afb1edc8-93f8-41f0-9ac5-e0901bc4c707', properties={'data_source': 'EVOSHIP_HELP_FILES', 'section_id': 'b44e2dce0448c0e4b08e5be898df93f6c4e4f2fc', 'chunk_index': 0}), Relation(label='HAS_CHUNK', source_id='b44e2dce0448c0e4b08e5be898df93f6c4e4f2fc', target_id='afb1edc8-93f8-41f0-9ac5-e0901bc4c707', properties={'data_source': 'EVOSHIP_HELP_FILES', 'chunk_index': 0})]\n\nアノーテーション\n\n３次元位置や要素上に 注記 をつけることができます。\nTriplets:\n"}], 'model': 'gpt-5-nano', 'stream': False, 'temperature': 1.0}}
2025-11-04 03:25:23,912 DEBUG openai._base_client: Sending HTTP Request: POST https://api.openai.com/v1/chat/completions
2025-11-04 03:25:23,917 DEBUG httpcore.connection: connect_tcp.started host='api.openai.com' port=443 local_address=None timeout=60.0 socket_options=None
2025-11-04 03:25:23,963 DEBUG httpcore.connection: connect_tcp.complete return_value=<httpcore._backends.anyio.AnyIOStream object at 0x000001BC80558550>
2025-11-04 03:25:23,963 DEBUG httpcore.connection: start_tls.started ssl_context=<ssl.SSLContext object at 0x000001BCFFD9F8C0> server_hostname='api.openai.com' timeout=60.0
2025-11-04 03:25:23,980 DEBUG httpcore.connection: start_tls.complete return_value=<httpcore._backends.anyio.AnyIOStream object at 0x000001BC80517130>
2025-11-04 03:25:23,981 DEBUG httpcore.http11: send_request_headers.started request=<Request [b'POST']>
2025-11-04 03:25:23,981 DEBUG httpcore.http11: send_request_headers.complete
2025-11-04 03:25:23,981 DEBUG httpcore.http11: send_request_body.started request=<Request [b'POST']>
2025-11-04 03:25:23,982 DEBUG httpcore.http11: send_request_body.complete
2025-11-04 03:25:23,982 DEBUG httpcore.http11: receive_response_headers.started request=<Request [b'POST']>
2025-11-04 03:25:24,164 DEBUG httpcore.http11: receive_response_headers.complete return_value=(b'HTTP/1.1', 429, b'Too Many Requests', [(b'Date', b'Mon, 03 Nov 2025 18:25:24 GMT'), (b'Content-Type', b'application/json; charset=utf-8'), (b'Content-Length', b'337'), (b'Connection', b'keep-alive'), (b'vary', b'Origin'), (b'x-request-id', b'req_7eb2ad55ab814a5981758e7c46500104'), (b'x-envoy-upstream-service-time', b'9'), (b'x-openai-proxy-wasm', b'v0.1'), (b'cf-cache-status', b'DYNAMIC'), (b'Set-Cookie', b'__cf_bm=HDHpPRWl_KIAvVd7V.B9RdoMYpxROrZZ8tFsQjzc_vE-1762194324-1.0.1.1-n30TFNcnqzbE0UIefwjOQoacj6uRiNF3KXJp_G2h36ol3pyPNulQ9ZkIcKwjQYeXN5vutY9x1LYNOpWslDjzwGzU32mlo7Cyh315H1ppHRg; path=/; expires=Mon, 03-Nov-25 18:55:24 GMT; domain=.api.openai.com; HttpOnly; Secure; SameSite=None'), (b'Strict-Transport-Security', b'max-age=31536000; includeSubDomains; preload'), (b'X-Content-Type-Options', b'nosniff'), (b'Set-Cookie', b'_cfuvid=0EbYeo99x1AP5JUhN2L1SlMkhamNOvspbm7GRYvMSpo-1762194324020-0.0.1.1-604800000; path=/; domain=.api.openai.com; HttpOnly; Secure; SameSite=None'), (b'Server', b'cloudflare'), (b'CF-RAY', b'998de9fc1abbb118-KIX'), (b'alt-svc', b'h3=":443"; ma=86400')])
2025-11-04 03:25:24,165 INFO httpx: HTTP Request: POST https://api.openai.com/v1/chat/completions "HTTP/1.1 429 Too Many Requests"
2025-11-04 03:25:24,166 DEBUG httpcore.http11: receive_response_body.started request=<Request [b'POST']>
2025-11-04 03:25:24,166 DEBUG httpcore.http11: receive_response_body.complete
2025-11-04 03:25:24,166 DEBUG httpcore.http11: response_closed.started
2025-11-04 03:25:24,166 DEBUG httpcore.http11: response_closed.complete
2025-11-04 03:25:24,166 DEBUG openai._base_client: HTTP Response: POST https://api.openai.com/v1/chat/completions "429 Too Many Requests" Headers([('date', 'Mon, 03 Nov 2025 18:25:24 GMT'), ('content-type', 'application/json; charset=utf-8'), ('content-length', '337'), ('connection', 'keep-alive'), ('vary', 'Origin'), ('x-request-id', 'req_7eb2ad55ab814a5981758e7c46500104'), ('x-envoy-upstream-service-time', '9'), ('x-openai-proxy-wasm', 'v0.1'), ('cf-cache-status', 'DYNAMIC'), ('set-cookie', '__cf_bm=HDHpPRWl_KIAvVd7V.B9RdoMYpxROrZZ8tFsQjzc_vE-1762194324-1.0.1.1-n30TFNcnqzbE0UIefwjOQoacj6uRiNF3KXJp_G2h36ol3pyPNulQ9ZkIcKwjQYeXN5vutY9x1LYNOpWslDjzwGzU32mlo7Cyh315H1ppHRg; path=/; expires=Mon, 03-Nov-25 18:55:24 GMT; domain=.api.openai.com; HttpOnly; Secure; SameSite=None'), ('strict-transport-security', 'max-age=31536000; includeSubDomains; preload'), ('x-content-type-options', 'nosniff'), ('set-cookie', '_cfuvid=0EbYeo99x1AP5JUhN2L1SlMkhamNOvspbm7GRYvMSpo-1762194324020-0.0.1.1-604800000; path=/; domain=.api.openai.com; HttpOnly; Secure; SameSite=None'), ('server', 'cloudflare'), ('cf-ray', '998de9fc1abbb118-KIX'), ('alt-svc', 'h3=":443"; ma=86400')])
2025-11-04 03:25:24,167 DEBUG openai._base_client: request_id: req_7eb2ad55ab814a5981758e7c46500104
2025-11-04 03:25:24,167 DEBUG openai._base_client: Encountered httpx.HTTPStatusError
Traceback (most recent call last):
  File "C:\Users\user\workfolders\imabari3dcad\.venv\lib\site-packages\openai\_base_client.py", line 1574, in request
    response.raise_for_status()
  File "C:\Users\user\workfolders\imabari3dcad\.venv\lib\site-packages\httpx\_models.py", line 829, in raise_for_status
    raise HTTPStatusError(message, request=request, response=self)
httpx.HTTPStatusError: Client error '429 Too Many Requests' for url 'https://api.openai.com/v1/chat/completions'
For more information check: https://developer.mozilla.org/en-US/docs/Web/HTTP/Status/429
2025-11-04 03:25:24,168 DEBUG openai._base_client: Retrying due to status code 429
2025-11-04 03:25:24,168 DEBUG openai._base_client: 3 retries left
2025-11-04 03:25:24,168 INFO openai._base_client: Retrying request to /chat/completions in 0.487252 seconds
2025-11-04 03:25:24,670 DEBUG openai._base_client: Request options: {'method': 'post', 'url': '/chat/completions', 'files': None, 'idempotency_key': 'stainless-python-retry-7898f2ef-acaf-494d-a546-bcefd9ac4680', 'json_data': {'messages': [{'role': 'user', 'content': "Some text is provided below. Given the text, extract up to 10 knowledge triplets in the form of (subject, predicate, object). Avoid stopwords.\n---------------------\nExample:Text: Alice is Bob's mother.Triplets:\n(Alice, is mother of, Bob)\nText: Philz is a coffee shop founded in Berkeley in 1982.\nTriplets:\n(Philz, is, coffee shop)\n(Philz, founded in, Berkeley)\n(Philz, founded in, 1982)\n---------------------\nText: document_id: C:\\Users\\user\\workfolders\\imabari3dcad\\evoship\\EVOSHIP_HELP_FILES\\about_annotation.html\nsource_path: C:\\Users\\user\\workfolders\\imabari3dcad\\evoship\\EVOSHIP_HELP_FILES\\about_annotation.html\nsection_id: b44e2dce0448c0e4b08e5be898df93f6c4e4f2fc\ntitle: アノーテーション\nsection_heading: アノーテーション\nsection_level: 2\nsection_index: 0\nlast_modified: 2025-08-06T13:57:54+00:00\nextracted_at: 2025-11-03T18:25:22+00:00\ndata_source: EVOSHIP_HELP_FILES\nchunk_id: afb1edc8-93f8-41f0-9ac5-e0901bc4c707\nchunk_index: 0\ntext_length: 36\nstart_char_idx: 0\nend_char_idx: 36\nnodes: [EntityNode(label='HelpDocument', embedding=None, properties={'document_id': 'C:\\\\Users\\\\user\\\\workfolders\\\\imabari3dcad\\\\evoship\\\\EVOSHIP_HELP_FILES\\\\about_annotation.html', 'source_path': 'C:\\\\Users\\\\user\\\\workfolders\\\\imabari3dcad\\\\evoship\\\\EVOSHIP_HELP_FILES\\\\about_annotation.html', 'title': 'アノーテーション', 'headings': ['アノーテーション'], 'section_count': 1, 'last_modified': '2025-08-06T13:57:54+00:00', 'extracted_at': '2025-11-03T18:25:22+00:00', 'data_source': 'EVOSHIP_HELP_FILES'}, name='C:\\\\Users\\\\user\\\\workfolders\\\\imabari3dcad\\\\evoship\\\\EVOSHIP_HELP_FILES\\\\about_annotation.html'), EntityNode(label='HelpSection', embedding=None, properties={'section_id': 'b44e2dce0448c0e4b08e5be898df93f6c4e4f2fc', 'document_id': 'C:\\\\Users\\\\user\\\\workfolders\\\\imabari3dcad\\\\evoship\\\\EVOSHIP_HELP_FILES\\\\about_annotation.html', 'source_path': 'C:\\\\Users\\\\user\\\\workfolders\\\\imabari3dcad\\\\evoship\\\\EVOSHIP_HELP_FILES\\\\about_annotation.html', 'title': 'アノーテーション', 'section_heading': 'アノーテーション', 'section_level': 2, 'section_index': 0, 'last_modified': '2025-08-06T13:57:54+00:00', 'extracted_at': '2025-11-03T18:25:22+00:00', 'data_source': 'EVOSHIP_HELP_FILES'}, name='b44e2dce0448c0e4b08e5be898df93f6c4e4f2fc'), ChunkNode(label='HelpChunk', embedding=None, properties={'chunk_id': 'afb1edc8-93f8-41f0-9ac5-e0901bc4c707', 'document_id': 'C:\\\\Users\\\\user\\\\workfolders\\\\imabari3dcad\\\\evoship\\\\EVOSHIP_HELP_FILES\\\\about_annotation.html', 'section_id': 'b44e2dce0448c0e4b08e5be898df93f6c4e4f2fc', 'source_path': 'C:\\\\Users\\\\user\\\\workfolders\\\\imabari3dcad\\\\evoship\\\\EVOSHIP_HELP_FILES\\\\about_annotation.html', 'title': 'アノーテーション', 'section_heading': 'アノーテーション', 'section_level': 2, 'section_index': 0, 'last_modified': '2025-08-06T13:57:54+00:00', 'extracted_at': '2025-11-03T18:25:22+00:00', 'chunk_index': 0, 'text_length': 36, 'start_char_idx': 0, 'end_char_idx': 36, 'data_source': 'EVOSHIP_HELP_FILES'}, text='アノーテーション\\n\\n３次元位置や要素上に 注記 をつけることができます。', id_='afb1edc8-93f8-41f0-9ac5-e0901bc4c707')]\nrelations: [Relation(label='HAS_SECTION', source_id='C:\\\\Users\\\\user\\\\workfolders\\\\imabari3dcad\\\\evoship\\\\EVOSHIP_HELP_FILES\\\\about_annotation.html', target_id='b44e2dce0448c0e4b08e5be898df93f6c4e4f2fc', properties={'data_source': 'EVOSHIP_HELP_FILES'}), Relation(label='HAS_CHUNK', source_id='C:\\\\Users\\\\user\\\\workfolders\\\\imabari3dcad\\\\evoship\\\\EVOSHIP_HELP_FILES\\\\about_annotation.html', target_id='afb1edc8-93f8-41f0-9ac5-e0901bc4c707', properties={'data_source': 'EVOSHIP_HELP_FILES', 'section_id': 'b44e2dce0448c0e4b08e5be898df93f6c4e4f2fc', 'chunk_index': 0}), Relation(label='HAS_CHUNK', source_id='b44e2dce0448c0e4b08e5be898df93f6c4e4f2fc', target_id='afb1edc8-93f8-41f0-9ac5-e0901bc4c707', properties={'data_source': 'EVOSHIP_HELP_FILES', 'chunk_index': 0})]\n\nアノーテーション\n\n３次元位置や要素上に 注記 をつけることができます。\nTriplets:\n"}], 'model': 'gpt-5-nano', 'stream': False, 'temperature': 1.0}}
2025-11-04 03:25:24,672 DEBUG openai._base_client: Sending HTTP Request: POST https://api.openai.com/v1/chat/completions
2025-11-04 03:25:24,673 DEBUG httpcore.http11: send_request_headers.started request=<Request [b'POST']>
2025-11-04 03:25:24,674 DEBUG httpcore.http11: send_request_headers.complete
2025-11-04 03:25:24,674 DEBUG httpcore.http11: send_request_body.started request=<Request [b'POST']>
2025-11-04 03:25:24,674 DEBUG httpcore.http11: send_request_body.complete
2025-11-04 03:25:24,674 DEBUG httpcore.http11: receive_response_headers.started request=<Request [b'POST']>
2025-11-04 03:25:24,877 DEBUG httpcore.http11: receive_response_headers.complete return_value=(b'HTTP/1.1', 429, b'Too Many Requests', [(b'Date', b'Mon, 03 Nov 2025 18:25:24 GMT'), (b'Content-Type', b'application/json; charset=utf-8'), (b'Content-Length', b'337'), (b'Connection', b'keep-alive'), (b'vary', b'Origin'), (b'x-request-id', b'req_86563074ae7a49ef862456c8c786713a'), (b'x-envoy-upstream-service-time', b'11'), (b'x-openai-proxy-wasm', b'v0.1'), (b'cf-cache-status', b'DYNAMIC'), (b'Strict-Transport-Security', b'max-age=31536000; includeSubDomains; preload'), (b'X-Content-Type-Options', b'nosniff'), (b'Server', b'cloudflare'), (b'CF-RAY', b'998dea006f02b118-KIX'), (b'alt-svc', b'h3=":443"; ma=86400')])
2025-11-04 03:25:24,878 INFO httpx: HTTP Request: POST https://api.openai.com/v1/chat/completions "HTTP/1.1 429 Too Many Requests"
2025-11-04 03:25:24,878 DEBUG httpcore.http11: receive_response_body.started request=<Request [b'POST']>
2025-11-04 03:25:24,878 DEBUG httpcore.http11: receive_response_body.complete
2025-11-04 03:25:24,879 DEBUG httpcore.http11: response_closed.started
2025-11-04 03:25:24,879 DEBUG httpcore.http11: response_closed.complete
2025-11-04 03:25:24,879 DEBUG openai._base_client: HTTP Response: POST https://api.openai.com/v1/chat/completions "429 Too Many Requests" Headers({'date': 'Mon, 03 Nov 2025 18:25:24 GMT', 'content-type': 'application/json; charset=utf-8', 'content-length': '337', 'connection': 'keep-alive', 'vary': 'Origin', 'x-request-id': 'req_86563074ae7a49ef862456c8c786713a', 'x-envoy-upstream-service-time': '11', 'x-openai-proxy-wasm': 'v0.1', 'cf-cache-status': 'DYNAMIC', 'strict-transport-security': 'max-age=31536000; includeSubDomains; preload', 'x-content-type-options': 'nosniff', 'server': 'cloudflare', 'cf-ray': '998dea006f02b118-KIX', 'alt-svc': 'h3=":443"; ma=86400'})
2025-11-04 03:25:24,879 DEBUG openai._base_client: request_id: req_86563074ae7a49ef862456c8c786713a
2025-11-04 03:25:24,879 DEBUG openai._base_client: Encountered httpx.HTTPStatusError
Traceback (most recent call last):
  File "C:\Users\user\workfolders\imabari3dcad\.venv\lib\site-packages\openai\_base_client.py", line 1574, in request
    response.raise_for_status()
  File "C:\Users\user\workfolders\imabari3dcad\.venv\lib\site-packages\httpx\_models.py", line 829, in raise_for_status
    raise HTTPStatusError(message, request=request, response=self)
httpx.HTTPStatusError: Client error '429 Too Many Requests' for url 'https://api.openai.com/v1/chat/completions'
For more information check: https://developer.mozilla.org/en-US/docs/Web/HTTP/Status/429
2025-11-04 03:25:24,880 DEBUG openai._base_client: Retrying due to status code 429
2025-11-04 03:25:24,880 DEBUG openai._base_client: 2 retries left
2025-11-04 03:25:24,880 INFO openai._base_client: Retrying request to /chat/completions in 0.903251 seconds
2025-11-04 03:25:25,791 DEBUG openai._base_client: Request options: {'method': 'post', 'url': '/chat/completions', 'files': None, 'idempotency_key': 'stainless-python-retry-7898f2ef-acaf-494d-a546-bcefd9ac4680', 'json_data': {'messages': [{'role': 'user', 'content': "Some text is provided below. Given the text, extract up to 10 knowledge triplets in the form of (subject, predicate, object). Avoid stopwords.\n---------------------\nExample:Text: Alice is Bob's mother.Triplets:\n(Alice, is mother of, Bob)\nText: Philz is a coffee shop founded in Berkeley in 1982.\nTriplets:\n(Philz, is, coffee shop)\n(Philz, founded in, Berkeley)\n(Philz, founded in, 1982)\n---------------------\nText: document_id: C:\\Users\\user\\workfolders\\imabari3dcad\\evoship\\EVOSHIP_HELP_FILES\\about_annotation.html\nsource_path: C:\\Users\\user\\workfolders\\imabari3dcad\\evoship\\EVOSHIP_HELP_FILES\\about_annotation.html\nsection_id: b44e2dce0448c0e4b08e5be898df93f6c4e4f2fc\ntitle: アノーテーション\nsection_heading: アノーテーション\nsection_level: 2\nsection_index: 0\nlast_modified: 2025-08-06T13:57:54+00:00\nextracted_at: 2025-11-03T18:25:22+00:00\ndata_source: EVOSHIP_HELP_FILES\nchunk_id: afb1edc8-93f8-41f0-9ac5-e0901bc4c707\nchunk_index: 0\ntext_length: 36\nstart_char_idx: 0\nend_char_idx: 36\nnodes: [EntityNode(label='HelpDocument', embedding=None, properties={'document_id': 'C:\\\\Users\\\\user\\\\workfolders\\\\imabari3dcad\\\\evoship\\\\EVOSHIP_HELP_FILES\\\\about_annotation.html', 'source_path': 'C:\\\\Users\\\\user\\\\workfolders\\\\imabari3dcad\\\\evoship\\\\EVOSHIP_HELP_FILES\\\\about_annotation.html', 'title': 'アノーテーション', 'headings': ['アノーテーション'], 'section_count': 1, 'last_modified': '2025-08-06T13:57:54+00:00', 'extracted_at': '2025-11-03T18:25:22+00:00', 'data_source': 'EVOSHIP_HELP_FILES'}, name='C:\\\\Users\\\\user\\\\workfolders\\\\imabari3dcad\\\\evoship\\\\EVOSHIP_HELP_FILES\\\\about_annotation.html'), EntityNode(label='HelpSection', embedding=None, properties={'section_id': 'b44e2dce0448c0e4b08e5be898df93f6c4e4f2fc', 'document_id': 'C:\\\\Users\\\\user\\\\workfolders\\\\imabari3dcad\\\\evoship\\\\EVOSHIP_HELP_FILES\\\\about_annotation.html', 'source_path': 'C:\\\\Users\\\\user\\\\workfolders\\\\imabari3dcad\\\\evoship\\\\EVOSHIP_HELP_FILES\\\\about_annotation.html', 'title': 'アノーテーション', 'section_heading': 'アノーテーション', 'section_level': 2, 'section_index': 0, 'last_modified': '2025-08-06T13:57:54+00:00', 'extracted_at': '2025-11-03T18:25:22+00:00', 'data_source': 'EVOSHIP_HELP_FILES'}, name='b44e2dce0448c0e4b08e5be898df93f6c4e4f2fc'), ChunkNode(label='HelpChunk', embedding=None, properties={'chunk_id': 'afb1edc8-93f8-41f0-9ac5-e0901bc4c707', 'document_id': 'C:\\\\Users\\\\user\\\\workfolders\\\\imabari3dcad\\\\evoship\\\\EVOSHIP_HELP_FILES\\\\about_annotation.html', 'section_id': 'b44e2dce0448c0e4b08e5be898df93f6c4e4f2fc', 'source_path': 'C:\\\\Users\\\\user\\\\workfolders\\\\imabari3dcad\\\\evoship\\\\EVOSHIP_HELP_FILES\\\\about_annotation.html', 'title': 'アノーテーション', 'section_heading': 'アノーテーション', 'section_level': 2, 'section_index': 0, 'last_modified': '2025-08-06T13:57:54+00:00', 'extracted_at': '2025-11-03T18:25:22+00:00', 'chunk_index': 0, 'text_length': 36, 'start_char_idx': 0, 'end_char_idx': 36, 'data_source': 'EVOSHIP_HELP_FILES'}, text='アノーテーション\\n\\n３次元位置や要素上に 注記 をつけることができます。', id_='afb1edc8-93f8-41f0-9ac5-e0901bc4c707')]\nrelations: [Relation(label='HAS_SECTION', source_id='C:\\\\Users\\\\user\\\\workfolders\\\\imabari3dcad\\\\evoship\\\\EVOSHIP_HELP_FILES\\\\about_annotation.html', target_id='b44e2dce0448c0e4b08e5be898df93f6c4e4f2fc', properties={'data_source': 'EVOSHIP_HELP_FILES'}), Relation(label='HAS_CHUNK', source_id='C:\\\\Users\\\\user\\\\workfolders\\\\imabari3dcad\\\\evoship\\\\EVOSHIP_HELP_FILES\\\\about_annotation.html', target_id='afb1edc8-93f8-41f0-9ac5-e0901bc4c707', properties={'data_source': 'EVOSHIP_HELP_FILES', 'section_id': 'b44e2dce0448c0e4b08e5be898df93f6c4e4f2fc', 'chunk_index': 0}), Relation(label='HAS_CHUNK', source_id='b44e2dce0448c0e4b08e5be898df93f6c4e4f2fc', target_id='afb1edc8-93f8-41f0-9ac5-e0901bc4c707', properties={'data_source': 'EVOSHIP_HELP_FILES', 'chunk_index': 0})]\n\nアノーテーション\n\n３次元位置や要素上に 注記 をつけることができます。\nTriplets:\n"}], 'model': 'gpt-5-nano', 'stream': False, 'temperature': 1.0}}
2025-11-04 03:25:25,792 DEBUG openai._base_client: Sending HTTP Request: POST https://api.openai.com/v1/chat/completions
2025-11-04 03:25:25,793 DEBUG httpcore.http11: send_request_headers.started request=<Request [b'POST']>
2025-11-04 03:25:25,793 DEBUG httpcore.http11: send_request_headers.complete
2025-11-04 03:25:25,793 DEBUG httpcore.http11: send_request_body.started request=<Request [b'POST']>
2025-11-04 03:25:25,794 DEBUG httpcore.http11: send_request_body.complete
2025-11-04 03:25:25,794 DEBUG httpcore.http11: receive_response_headers.started request=<Request [b'POST']>
2025-11-04 03:25:25,981 DEBUG httpcore.http11: receive_response_headers.complete return_value=(b'HTTP/1.1', 429, b'Too Many Requests', [(b'Date', b'Mon, 03 Nov 2025 18:25:25 GMT'), (b'Content-Type', b'application/json; charset=utf-8'), (b'Content-Length', b'337'), (b'Connection', b'keep-alive'), (b'vary', b'Origin'), (b'x-request-id', b'req_781e407c15b14bf69f881037d1911437'), (b'x-envoy-upstream-service-time', b'7'), (b'x-openai-proxy-wasm', b'v0.1'), (b'cf-cache-status', b'DYNAMIC'), (b'Strict-Transport-Security', b'max-age=31536000; includeSubDomains; preload'), (b'X-Content-Type-Options', b'nosniff'), (b'Server', b'cloudflare'), (b'CF-RAY', b'998dea076d84b118-KIX'), (b'alt-svc', b'h3=":443"; ma=86400')])
2025-11-04 03:25:25,982 INFO httpx: HTTP Request: POST https://api.openai.com/v1/chat/completions "HTTP/1.1 429 Too Many Requests"
2025-11-04 03:25:25,983 DEBUG httpcore.http11: receive_response_body.started request=<Request [b'POST']>
2025-11-04 03:25:25,984 DEBUG httpcore.http11: receive_response_body.complete
2025-11-04 03:25:25,984 DEBUG httpcore.http11: response_closed.started
2025-11-04 03:25:25,984 DEBUG httpcore.http11: response_closed.complete
2025-11-04 03:25:25,984 DEBUG openai._base_client: HTTP Response: POST https://api.openai.com/v1/chat/completions "429 Too Many Requests" Headers({'date': 'Mon, 03 Nov 2025 18:25:25 GMT', 'content-type': 'application/json; charset=utf-8', 'content-length': '337', 'connection': 'keep-alive', 'vary': 'Origin', 'x-request-id': 'req_781e407c15b14bf69f881037d1911437', 'x-envoy-upstream-service-time': '7', 'x-openai-proxy-wasm': 'v0.1', 'cf-cache-status': 'DYNAMIC', 'strict-transport-security': 'max-age=31536000; includeSubDomains; preload', 'x-content-type-options': 'nosniff', 'server': 'cloudflare', 'cf-ray': '998dea076d84b118-KIX', 'alt-svc': 'h3=":443"; ma=86400'})
2025-11-04 03:25:25,984 DEBUG openai._base_client: request_id: req_781e407c15b14bf69f881037d1911437
2025-11-04 03:25:25,984 DEBUG openai._base_client: Encountered httpx.HTTPStatusError
Traceback (most recent call last):
  File "C:\Users\user\workfolders\imabari3dcad\.venv\lib\site-packages\openai\_base_client.py", line 1574, in request
    response.raise_for_status()
  File "C:\Users\user\workfolders\imabari3dcad\.venv\lib\site-packages\httpx\_models.py", line 829, in raise_for_status
    raise HTTPStatusError(message, request=request, response=self)
httpx.HTTPStatusError: Client error '429 Too Many Requests' for url 'https://api.openai.com/v1/chat/completions'
For more information check: https://developer.mozilla.org/en-US/docs/Web/HTTP/Status/429
2025-11-04 03:25:25,985 DEBUG openai._base_client: Retrying due to status code 429
2025-11-04 03:25:25,985 DEBUG openai._base_client: 1 retry left
2025-11-04 03:25:25,985 INFO openai._base_client: Retrying request to /chat/completions in 1.518700 seconds
2025-11-04 03:25:27,518 DEBUG openai._base_client: Request options: {'method': 'post', 'url': '/chat/completions', 'files': None, 'idempotency_key': 'stainless-python-retry-7898f2ef-acaf-494d-a546-bcefd9ac4680', 'json_data': {'messages': [{'role': 'user', 'content': "Some text is provided below. Given the text, extract up to 10 knowledge triplets in the form of (subject, predicate, object). Avoid stopwords.\n---------------------\nExample:Text: Alice is Bob's mother.Triplets:\n(Alice, is mother of, Bob)\nText: Philz is a coffee shop founded in Berkeley in 1982.\nTriplets:\n(Philz, is, coffee shop)\n(Philz, founded in, Berkeley)\n(Philz, founded in, 1982)\n---------------------\nText: document_id: C:\\Users\\user\\workfolders\\imabari3dcad\\evoship\\EVOSHIP_HELP_FILES\\about_annotation.html\nsource_path: C:\\Users\\user\\workfolders\\imabari3dcad\\evoship\\EVOSHIP_HELP_FILES\\about_annotation.html\nsection_id: b44e2dce0448c0e4b08e5be898df93f6c4e4f2fc\ntitle: アノーテーション\nsection_heading: アノーテーション\nsection_level: 2\nsection_index: 0\nlast_modified: 2025-08-06T13:57:54+00:00\nextracted_at: 2025-11-03T18:25:22+00:00\ndata_source: EVOSHIP_HELP_FILES\nchunk_id: afb1edc8-93f8-41f0-9ac5-e0901bc4c707\nchunk_index: 0\ntext_length: 36\nstart_char_idx: 0\nend_char_idx: 36\nnodes: [EntityNode(label='HelpDocument', embedding=None, properties={'document_id': 'C:\\\\Users\\\\user\\\\workfolders\\\\imabari3dcad\\\\evoship\\\\EVOSHIP_HELP_FILES\\\\about_annotation.html', 'source_path': 'C:\\\\Users\\\\user\\\\workfolders\\\\imabari3dcad\\\\evoship\\\\EVOSHIP_HELP_FILES\\\\about_annotation.html', 'title': 'アノーテーション', 'headings': ['アノーテーション'], 'section_count': 1, 'last_modified': '2025-08-06T13:57:54+00:00', 'extracted_at': '2025-11-03T18:25:22+00:00', 'data_source': 'EVOSHIP_HELP_FILES'}, name='C:\\\\Users\\\\user\\\\workfolders\\\\imabari3dcad\\\\evoship\\\\EVOSHIP_HELP_FILES\\\\about_annotation.html'), EntityNode(label='HelpSection', embedding=None, properties={'section_id': 'b44e2dce0448c0e4b08e5be898df93f6c4e4f2fc', 'document_id': 'C:\\\\Users\\\\user\\\\workfolders\\\\imabari3dcad\\\\evoship\\\\EVOSHIP_HELP_FILES\\\\about_annotation.html', 'source_path': 'C:\\\\Users\\\\user\\\\workfolders\\\\imabari3dcad\\\\evoship\\\\EVOSHIP_HELP_FILES\\\\about_annotation.html', 'title': 'アノーテーション', 'section_heading': 'アノーテーション', 'section_level': 2, 'section_index': 0, 'last_modified': '2025-08-06T13:57:54+00:00', 'extracted_at': '2025-11-03T18:25:22+00:00', 'data_source': 'EVOSHIP_HELP_FILES'}, name='b44e2dce0448c0e4b08e5be898df93f6c4e4f2fc'), ChunkNode(label='HelpChunk', embedding=None, properties={'chunk_id': 'afb1edc8-93f8-41f0-9ac5-e0901bc4c707', 'document_id': 'C:\\\\Users\\\\user\\\\workfolders\\\\imabari3dcad\\\\evoship\\\\EVOSHIP_HELP_FILES\\\\about_annotation.html', 'section_id': 'b44e2dce0448c0e4b08e5be898df93f6c4e4f2fc', 'source_path': 'C:\\\\Users\\\\user\\\\workfolders\\\\imabari3dcad\\\\evoship\\\\EVOSHIP_HELP_FILES\\\\about_annotation.html', 'title': 'アノーテーション', 'section_heading': 'アノーテーション', 'section_level': 2, 'section_index': 0, 'last_modified': '2025-08-06T13:57:54+00:00', 'extracted_at': '2025-11-03T18:25:22+00:00', 'chunk_index': 0, 'text_length': 36, 'start_char_idx': 0, 'end_char_idx': 36, 'data_source': 'EVOSHIP_HELP_FILES'}, text='アノーテーション\\n\\n３次元位置や要素上に 注記 をつけることができます。', id_='afb1edc8-93f8-41f0-9ac5-e0901bc4c707')]\nrelations: [Relation(label='HAS_SECTION', source_id='C:\\\\Users\\\\user\\\\workfolders\\\\imabari3dcad\\\\evoship\\\\EVOSHIP_HELP_FILES\\\\about_annotation.html', target_id='b44e2dce0448c0e4b08e5be898df93f6c4e4f2fc', properties={'data_source': 'EVOSHIP_HELP_FILES'}), Relation(label='HAS_CHUNK', source_id='C:\\\\Users\\\\user\\\\workfolders\\\\imabari3dcad\\\\evoship\\\\EVOSHIP_HELP_FILES\\\\about_annotation.html', target_id='afb1edc8-93f8-41f0-9ac5-e0901bc4c707', properties={'data_source': 'EVOSHIP_HELP_FILES', 'section_id': 'b44e2dce0448c0e4b08e5be898df93f6c4e4f2fc', 'chunk_index': 0}), Relation(label='HAS_CHUNK', source_id='b44e2dce0448c0e4b08e5be898df93f6c4e4f2fc', target_id='afb1edc8-93f8-41f0-9ac5-e0901bc4c707', properties={'data_source': 'EVOSHIP_HELP_FILES', 'chunk_index': 0})]\n\nアノーテーション\n\n３次元位置や要素上に 注記 をつけることができます。\nTriplets:\n"}], 'model': 'gpt-5-nano', 'stream': False, 'temperature': 1.0}}
2025-11-04 03:25:27,519 DEBUG openai._base_client: Sending HTTP Request: POST https://api.openai.com/v1/chat/completions
2025-11-04 03:25:27,520 DEBUG httpcore.http11: send_request_headers.started request=<Request [b'POST']>
2025-11-04 03:25:27,520 DEBUG httpcore.http11: send_request_headers.complete
2025-11-04 03:25:27,520 DEBUG httpcore.http11: send_request_body.started request=<Request [b'POST']>
2025-11-04 03:25:27,520 DEBUG httpcore.http11: send_request_body.complete
2025-11-04 03:25:27,520 DEBUG httpcore.http11: receive_response_headers.started request=<Request [b'POST']>
2025-11-04 03:25:27,739 DEBUG httpcore.http11: receive_response_headers.complete return_value=(b'HTTP/1.1', 429, b'Too Many Requests', [(b'Date', b'Mon, 03 Nov 2025 18:25:27 GMT'), (b'Content-Type', b'application/json; charset=utf-8'), (b'Content-Length', b'337'), (b'Connection', b'keep-alive'), (b'vary', b'Origin'), (b'x-request-id', b'req_680aaa4be7c844658afee8314963085e'), (b'x-envoy-upstream-service-time', b'10'), (b'x-openai-proxy-wasm', b'v0.1'), (b'cf-cache-status', b'DYNAMIC'), (b'Strict-Transport-Security', b'max-age=31536000; includeSubDomains; preload'), (b'X-Content-Type-Options', b'nosniff'), (b'Server', b'cloudflare'), (b'CF-RAY', b'998dea123e75b118-KIX'), (b'alt-svc', b'h3=":443"; ma=86400')])
2025-11-04 03:25:27,740 INFO httpx: HTTP Request: POST https://api.openai.com/v1/chat/completions "HTTP/1.1 429 Too Many Requests"
2025-11-04 03:25:27,740 DEBUG httpcore.http11: receive_response_body.started request=<Request [b'POST']>
2025-11-04 03:25:27,740 DEBUG httpcore.http11: receive_response_body.complete
2025-11-04 03:25:27,741 DEBUG httpcore.http11: response_closed.started
2025-11-04 03:25:27,741 DEBUG httpcore.http11: response_closed.complete
2025-11-04 03:25:27,741 DEBUG openai._base_client: HTTP Response: POST https://api.openai.com/v1/chat/completions "429 Too Many Requests" Headers({'date': 'Mon, 03 Nov 2025 18:25:27 GMT', 'content-type': 'application/json; charset=utf-8', 'content-length': '337', 'connection': 'keep-alive', 'vary': 'Origin', 'x-request-id': 'req_680aaa4be7c844658afee8314963085e', 'x-envoy-upstream-service-time': '10', 'x-openai-proxy-wasm': 'v0.1', 'cf-cache-status': 'DYNAMIC', 'strict-transport-security': 'max-age=31536000; includeSubDomains; preload', 'x-content-type-options': 'nosniff', 'server': 'cloudflare', 'cf-ray': '998dea123e75b118-KIX', 'alt-svc': 'h3=":443"; ma=86400'})
2025-11-04 03:25:27,741 DEBUG openai._base_client: request_id: req_680aaa4be7c844658afee8314963085e
2025-11-04 03:25:27,741 DEBUG openai._base_client: Encountered httpx.HTTPStatusError
Traceback (most recent call last):
  File "C:\Users\user\workfolders\imabari3dcad\.venv\lib\site-packages\openai\_base_client.py", line 1574, in request
    response.raise_for_status()
  File "C:\Users\user\workfolders\imabari3dcad\.venv\lib\site-packages\httpx\_models.py", line 829, in raise_for_status
    raise HTTPStatusError(message, request=request, response=self)
httpx.HTTPStatusError: Client error '429 Too Many Requests' for url 'https://api.openai.com/v1/chat/completions'
For more information check: https://developer.mozilla.org/en-US/docs/Web/HTTP/Status/429
2025-11-04 03:25:27,742 DEBUG openai._base_client: Re-raising status error
2025-11-04 03:25:27,743 WARNING llama_index.llms.openai.utils: Retrying llama_index.llms.openai.base.OpenAI._achat in 1.0 seconds as it raised RateLimitError: Error code: 429 - {'error': {'message': 'You exceeded your current quota, please check your plan and billing details. For more information on this error, read the docs: https://platform.openai.com/docs/guides/error-codes/api-errors.', 'type': 'insufficient_quota', 'param': None, 'code': 'insufficient_quota'}}.
2025-11-04 03:25:28,750 DEBUG openai._base_client: Request options: {'method': 'post', 'url': '/chat/completions', 'files': None, 'idempotency_key': 'stainless-python-retry-bbb8a26a-a58d-4247-9f5e-c2d0708a2778', 'json_data': {'messages': [{'role': 'user', 'content': "Some text is provided below. Given the text, extract up to 10 knowledge triplets in the form of (subject, predicate, object). Avoid stopwords.\n---------------------\nExample:Text: Alice is Bob's mother.Triplets:\n(Alice, is mother of, Bob)\nText: Philz is a coffee shop founded in Berkeley in 1982.\nTriplets:\n(Philz, is, coffee shop)\n(Philz, founded in, Berkeley)\n(Philz, founded in, 1982)\n---------------------\nText: document_id: C:\\Users\\user\\workfolders\\imabari3dcad\\evoship\\EVOSHIP_HELP_FILES\\about_annotation.html\nsource_path: C:\\Users\\user\\workfolders\\imabari3dcad\\evoship\\EVOSHIP_HELP_FILES\\about_annotation.html\nsection_id: b44e2dce0448c0e4b08e5be898df93f6c4e4f2fc\ntitle: アノーテーション\nsection_heading: アノーテーション\nsection_level: 2\nsection_index: 0\nlast_modified: 2025-08-06T13:57:54+00:00\nextracted_at: 2025-11-03T18:25:22+00:00\ndata_source: EVOSHIP_HELP_FILES\nchunk_id: afb1edc8-93f8-41f0-9ac5-e0901bc4c707\nchunk_index: 0\ntext_length: 36\nstart_char_idx: 0\nend_char_idx: 36\nnodes: [EntityNode(label='HelpDocument', embedding=None, properties={'document_id': 'C:\\\\Users\\\\user\\\\workfolders\\\\imabari3dcad\\\\evoship\\\\EVOSHIP_HELP_FILES\\\\about_annotation.html', 'source_path': 'C:\\\\Users\\\\user\\\\workfolders\\\\imabari3dcad\\\\evoship\\\\EVOSHIP_HELP_FILES\\\\about_annotation.html', 'title': 'アノーテーション', 'headings': ['アノーテーション'], 'section_count': 1, 'last_modified': '2025-08-06T13:57:54+00:00', 'extracted_at': '2025-11-03T18:25:22+00:00', 'data_source': 'EVOSHIP_HELP_FILES'}, name='C:\\\\Users\\\\user\\\\workfolders\\\\imabari3dcad\\\\evoship\\\\EVOSHIP_HELP_FILES\\\\about_annotation.html'), EntityNode(label='HelpSection', embedding=None, properties={'section_id': 'b44e2dce0448c0e4b08e5be898df93f6c4e4f2fc', 'document_id': 'C:\\\\Users\\\\user\\\\workfolders\\\\imabari3dcad\\\\evoship\\\\EVOSHIP_HELP_FILES\\\\about_annotation.html', 'source_path': 'C:\\\\Users\\\\user\\\\workfolders\\\\imabari3dcad\\\\evoship\\\\EVOSHIP_HELP_FILES\\\\about_annotation.html', 'title': 'アノーテーション', 'section_heading': 'アノーテーション', 'section_level': 2, 'section_index': 0, 'last_modified': '2025-08-06T13:57:54+00:00', 'extracted_at': '2025-11-03T18:25:22+00:00', 'data_source': 'EVOSHIP_HELP_FILES'}, name='b44e2dce0448c0e4b08e5be898df93f6c4e4f2fc'), ChunkNode(label='HelpChunk', embedding=None, properties={'chunk_id': 'afb1edc8-93f8-41f0-9ac5-e0901bc4c707', 'document_id': 'C:\\\\Users\\\\user\\\\workfolders\\\\imabari3dcad\\\\evoship\\\\EVOSHIP_HELP_FILES\\\\about_annotation.html', 'section_id': 'b44e2dce0448c0e4b08e5be898df93f6c4e4f2fc', 'source_path': 'C:\\\\Users\\\\user\\\\workfolders\\\\imabari3dcad\\\\evoship\\\\EVOSHIP_HELP_FILES\\\\about_annotation.html', 'title': 'アノーテーション', 'section_heading': 'アノーテーション', 'section_level': 2, 'section_index': 0, 'last_modified': '2025-08-06T13:57:54+00:00', 'extracted_at': '2025-11-03T18:25:22+00:00', 'chunk_index': 0, 'text_length': 36, 'start_char_idx': 0, 'end_char_idx': 36, 'data_source': 'EVOSHIP_HELP_FILES'}, text='アノーテーション\\n\\n３次元位置や要素上に 注記 をつけることができます。', id_='afb1edc8-93f8-41f0-9ac5-e0901bc4c707')]\nrelations: [Relation(label='HAS_SECTION', source_id='C:\\\\Users\\\\user\\\\workfolders\\\\imabari3dcad\\\\evoship\\\\EVOSHIP_HELP_FILES\\\\about_annotation.html', target_id='b44e2dce0448c0e4b08e5be898df93f6c4e4f2fc', properties={'data_source': 'EVOSHIP_HELP_FILES'}), Relation(label='HAS_CHUNK', source_id='C:\\\\Users\\\\user\\\\workfolders\\\\imabari3dcad\\\\evoship\\\\EVOSHIP_HELP_FILES\\\\about_annotation.html', target_id='afb1edc8-93f8-41f0-9ac5-e0901bc4c707', properties={'data_source': 'EVOSHIP_HELP_FILES', 'section_id': 'b44e2dce0448c0e4b08e5be898df93f6c4e4f2fc', 'chunk_index': 0}), Relation(label='HAS_CHUNK', source_id='b44e2dce0448c0e4b08e5be898df93f6c4e4f2fc', target_id='afb1edc8-93f8-41f0-9ac5-e0901bc4c707', properties={'data_source': 'EVOSHIP_HELP_FILES', 'chunk_index': 0})]\n\nアノーテーション\n\n３次元位置や要素上に 注記 をつけることができます。\nTriplets:\n"}], 'model': 'gpt-5-nano', 'stream': False, 'temperature': 1.0}}
2025-11-04 03:25:28,751 DEBUG openai._base_client: Sending HTTP Request: POST https://api.openai.com/v1/chat/completions
2025-11-04 03:25:28,752 DEBUG httpcore.http11: send_request_headers.started request=<Request [b'POST']>
2025-11-04 03:25:28,752 DEBUG httpcore.http11: send_request_headers.complete
2025-11-04 03:25:28,752 DEBUG httpcore.http11: send_request_body.started request=<Request [b'POST']>
2025-11-04 03:25:28,752 DEBUG httpcore.http11: send_request_body.complete
2025-11-04 03:25:28,752 DEBUG httpcore.http11: receive_response_headers.started request=<Request [b'POST']>
2025-11-04 03:25:28,948 DEBUG httpcore.http11: receive_response_headers.complete return_value=(b'HTTP/1.1', 429, b'Too Many Requests', [(b'Date', b'Mon, 03 Nov 2025 18:25:28 GMT'), (b'Content-Type', b'application/json; charset=utf-8'), (b'Content-Length', b'337'), (b'Connection', b'keep-alive'), (b'vary', b'Origin'), (b'x-request-id', b'req_72abecb78a734532a641c35a38a63352'), (b'x-envoy-upstream-service-time', b'16'), (b'x-openai-proxy-wasm', b'v0.1'), (b'cf-cache-status', b'DYNAMIC'), (b'Strict-Transport-Security', b'max-age=31536000; includeSubDomains; preload'), (b'X-Content-Type-Options', b'nosniff'), (b'Server', b'cloudflare'), (b'CF-RAY', b'998dea19eda3b118-KIX'), (b'alt-svc', b'h3=":443"; ma=86400')])
2025-11-04 03:25:28,949 INFO httpx: HTTP Request: POST https://api.openai.com/v1/chat/completions "HTTP/1.1 429 Too Many Requests"
2025-11-04 03:25:28,949 DEBUG httpcore.http11: receive_response_body.started request=<Request [b'POST']>
2025-11-04 03:25:28,950 DEBUG httpcore.http11: receive_response_body.complete
2025-11-04 03:25:28,950 DEBUG httpcore.http11: response_closed.started
2025-11-04 03:25:28,950 DEBUG httpcore.http11: response_closed.complete
2025-11-04 03:25:28,950 DEBUG openai._base_client: HTTP Response: POST https://api.openai.com/v1/chat/completions "429 Too Many Requests" Headers({'date': 'Mon, 03 Nov 2025 18:25:28 GMT', 'content-type': 'application/json; charset=utf-8', 'content-length': '337', 'connection': 'keep-alive', 'vary': 'Origin', 'x-request-id': 'req_72abecb78a734532a641c35a38a63352', 'x-envoy-upstream-service-time': '16', 'x-openai-proxy-wasm': 'v0.1', 'cf-cache-status': 'DYNAMIC', 'strict-transport-security': 'max-age=31536000; includeSubDomains; preload', 'x-content-type-options': 'nosniff', 'server': 'cloudflare', 'cf-ray': '998dea19eda3b118-KIX', 'alt-svc': 'h3=":443"; ma=86400'})
2025-11-04 03:25:28,951 DEBUG openai._base_client: request_id: req_72abecb78a734532a641c35a38a63352
2025-11-04 03:25:28,951 DEBUG openai._base_client: Encountered httpx.HTTPStatusError
Traceback (most recent call last):
  File "C:\Users\user\workfolders\imabari3dcad\.venv\lib\site-packages\openai\_base_client.py", line 1574, in request
    response.raise_for_status()
  File "C:\Users\user\workfolders\imabari3dcad\.venv\lib\site-packages\httpx\_models.py", line 829, in raise_for_status
    raise HTTPStatusError(message, request=request, response=self)
httpx.HTTPStatusError: Client error '429 Too Many Requests' for url 'https://api.openai.com/v1/chat/completions'
For more information check: https://developer.mozilla.org/en-US/docs/Web/HTTP/Status/429
2025-11-04 03:25:28,951 DEBUG openai._base_client: Retrying due to status code 429
2025-11-04 03:25:28,951 DEBUG openai._base_client: 3 retries left
2025-11-04 03:25:28,951 INFO openai._base_client: Retrying request to /chat/completions in 0.434468 seconds
2025-11-04 03:25:29,390 DEBUG openai._base_client: Request options: {'method': 'post', 'url': '/chat/completions', 'files': None, 'idempotency_key': 'stainless-python-retry-bbb8a26a-a58d-4247-9f5e-c2d0708a2778', 'json_data': {'messages': [{'role': 'user', 'content': "Some text is provided below. Given the text, extract up to 10 knowledge triplets in the form of (subject, predicate, object). Avoid stopwords.\n---------------------\nExample:Text: Alice is Bob's mother.Triplets:\n(Alice, is mother of, Bob)\nText: Philz is a coffee shop founded in Berkeley in 1982.\nTriplets:\n(Philz, is, coffee shop)\n(Philz, founded in, Berkeley)\n(Philz, founded in, 1982)\n---------------------\nText: document_id: C:\\Users\\user\\workfolders\\imabari3dcad\\evoship\\EVOSHIP_HELP_FILES\\about_annotation.html\nsource_path: C:\\Users\\user\\workfolders\\imabari3dcad\\evoship\\EVOSHIP_HELP_FILES\\about_annotation.html\nsection_id: b44e2dce0448c0e4b08e5be898df93f6c4e4f2fc\ntitle: アノーテーション\nsection_heading: アノーテーション\nsection_level: 2\nsection_index: 0\nlast_modified: 2025-08-06T13:57:54+00:00\nextracted_at: 2025-11-03T18:25:22+00:00\ndata_source: EVOSHIP_HELP_FILES\nchunk_id: afb1edc8-93f8-41f0-9ac5-e0901bc4c707\nchunk_index: 0\ntext_length: 36\nstart_char_idx: 0\nend_char_idx: 36\nnodes: [EntityNode(label='HelpDocument', embedding=None, properties={'document_id': 'C:\\\\Users\\\\user\\\\workfolders\\\\imabari3dcad\\\\evoship\\\\EVOSHIP_HELP_FILES\\\\about_annotation.html', 'source_path': 'C:\\\\Users\\\\user\\\\workfolders\\\\imabari3dcad\\\\evoship\\\\EVOSHIP_HELP_FILES\\\\about_annotation.html', 'title': 'アノーテーション', 'headings': ['アノーテーション'], 'section_count': 1, 'last_modified': '2025-08-06T13:57:54+00:00', 'extracted_at': '2025-11-03T18:25:22+00:00', 'data_source': 'EVOSHIP_HELP_FILES'}, name='C:\\\\Users\\\\user\\\\workfolders\\\\imabari3dcad\\\\evoship\\\\EVOSHIP_HELP_FILES\\\\about_annotation.html'), EntityNode(label='HelpSection', embedding=None, properties={'section_id': 'b44e2dce0448c0e4b08e5be898df93f6c4e4f2fc', 'document_id': 'C:\\\\Users\\\\user\\\\workfolders\\\\imabari3dcad\\\\evoship\\\\EVOSHIP_HELP_FILES\\\\about_annotation.html', 'source_path': 'C:\\\\Users\\\\user\\\\workfolders\\\\imabari3dcad\\\\evoship\\\\EVOSHIP_HELP_FILES\\\\about_annotation.html', 'title': 'アノーテーション', 'section_heading': 'アノーテーション', 'section_level': 2, 'section_index': 0, 'last_modified': '2025-08-06T13:57:54+00:00', 'extracted_at': '2025-11-03T18:25:22+00:00', 'data_source': 'EVOSHIP_HELP_FILES'}, name='b44e2dce0448c0e4b08e5be898df93f6c4e4f2fc'), ChunkNode(label='HelpChunk', embedding=None, properties={'chunk_id': 'afb1edc8-93f8-41f0-9ac5-e0901bc4c707', 'document_id': 'C:\\\\Users\\\\user\\\\workfolders\\\\imabari3dcad\\\\evoship\\\\EVOSHIP_HELP_FILES\\\\about_annotation.html', 'section_id': 'b44e2dce0448c0e4b08e5be898df93f6c4e4f2fc', 'source_path': 'C:\\\\Users\\\\user\\\\workfolders\\\\imabari3dcad\\\\evoship\\\\EVOSHIP_HELP_FILES\\\\about_annotation.html', 'title': 'アノーテーション', 'section_heading': 'アノーテーション', 'section_level': 2, 'section_index': 0, 'last_modified': '2025-08-06T13:57:54+00:00', 'extracted_at': '2025-11-03T18:25:22+00:00', 'chunk_index': 0, 'text_length': 36, 'start_char_idx': 0, 'end_char_idx': 36, 'data_source': 'EVOSHIP_HELP_FILES'}, text='アノーテーション\\n\\n３次元位置や要素上に 注記 をつけることができます。', id_='afb1edc8-93f8-41f0-9ac5-e0901bc4c707')]\nrelations: [Relation(label='HAS_SECTION', source_id='C:\\\\Users\\\\user\\\\workfolders\\\\imabari3dcad\\\\evoship\\\\EVOSHIP_HELP_FILES\\\\about_annotation.html', target_id='b44e2dce0448c0e4b08e5be898df93f6c4e4f2fc', properties={'data_source': 'EVOSHIP_HELP_FILES'}), Relation(label='HAS_CHUNK', source_id='C:\\\\Users\\\\user\\\\workfolders\\\\imabari3dcad\\\\evoship\\\\EVOSHIP_HELP_FILES\\\\about_annotation.html', target_id='afb1edc8-93f8-41f0-9ac5-e0901bc4c707', properties={'data_source': 'EVOSHIP_HELP_FILES', 'section_id': 'b44e2dce0448c0e4b08e5be898df93f6c4e4f2fc', 'chunk_index': 0}), Relation(label='HAS_CHUNK', source_id='b44e2dce0448c0e4b08e5be898df93f6c4e4f2fc', target_id='afb1edc8-93f8-41f0-9ac5-e0901bc4c707', properties={'data_source': 'EVOSHIP_HELP_FILES', 'chunk_index': 0})]\n\nアノーテーション\n\n３次元位置や要素上に 注記 をつけることができます。\nTriplets:\n"}], 'model': 'gpt-5-nano', 'stream': False, 'temperature': 1.0}}
2025-11-04 03:25:29,391 DEBUG openai._base_client: Sending HTTP Request: POST https://api.openai.com/v1/chat/completions
2025-11-04 03:25:29,392 DEBUG httpcore.http11: send_request_headers.started request=<Request [b'POST']>
2025-11-04 03:25:29,392 DEBUG httpcore.http11: send_request_headers.complete
2025-11-04 03:25:29,393 DEBUG httpcore.http11: send_request_body.started request=<Request [b'POST']>
2025-11-04 03:25:29,393 DEBUG httpcore.http11: send_request_body.complete
2025-11-04 03:25:29,393 DEBUG httpcore.http11: receive_response_headers.started request=<Request [b'POST']>
2025-11-04 03:25:29,606 DEBUG httpcore.http11: receive_response_headers.complete return_value=(b'HTTP/1.1', 429, b'Too Many Requests', [(b'Date', b'Mon, 03 Nov 2025 18:25:29 GMT'), (b'Content-Type', b'application/json; charset=utf-8'), (b'Content-Length', b'337'), (b'Connection', b'keep-alive'), (b'vary', b'Origin'), (b'x-request-id', b'req_78e43d4e5e734a68b9ebc216ae77ef4e'), (b'x-envoy-upstream-service-time', b'8'), (b'x-openai-proxy-wasm', b'v0.1'), (b'cf-cache-status', b'DYNAMIC'), (b'Strict-Transport-Security', b'max-age=31536000; includeSubDomains; preload'), (b'X-Content-Type-Options', b'nosniff'), (b'Server', b'cloudflare'), (b'CF-RAY', b'998dea1de963b118-KIX'), (b'alt-svc', b'h3=":443"; ma=86400')])
2025-11-04 03:25:29,607 INFO httpx: HTTP Request: POST https://api.openai.com/v1/chat/completions "HTTP/1.1 429 Too Many Requests"
2025-11-04 03:25:29,607 DEBUG httpcore.http11: receive_response_body.started request=<Request [b'POST']>
2025-11-04 03:25:29,607 DEBUG httpcore.http11: receive_response_body.complete
2025-11-04 03:25:29,607 DEBUG httpcore.http11: response_closed.started
2025-11-04 03:25:29,607 DEBUG httpcore.http11: response_closed.complete
2025-11-04 03:25:29,608 DEBUG openai._base_client: HTTP Response: POST https://api.openai.com/v1/chat/completions "429 Too Many Requests" Headers({'date': 'Mon, 03 Nov 2025 18:25:29 GMT', 'content-type': 'application/json; charset=utf-8', 'content-length': '337', 'connection': 'keep-alive', 'vary': 'Origin', 'x-request-id': 'req_78e43d4e5e734a68b9ebc216ae77ef4e', 'x-envoy-upstream-service-time': '8', 'x-openai-proxy-wasm': 'v0.1', 'cf-cache-status': 'DYNAMIC', 'strict-transport-security': 'max-age=31536000; includeSubDomains; preload', 'x-content-type-options': 'nosniff', 'server': 'cloudflare', 'cf-ray': '998dea1de963b118-KIX', 'alt-svc': 'h3=":443"; ma=86400'})
2025-11-04 03:25:29,608 DEBUG openai._base_client: request_id: req_78e43d4e5e734a68b9ebc216ae77ef4e
2025-11-04 03:25:29,608 DEBUG openai._base_client: Encountered httpx.HTTPStatusError
Traceback (most recent call last):
  File "C:\Users\user\workfolders\imabari3dcad\.venv\lib\site-packages\openai\_base_client.py", line 1574, in request
    response.raise_for_status()
  File "C:\Users\user\workfolders\imabari3dcad\.venv\lib\site-packages\httpx\_models.py", line 829, in raise_for_status
    raise HTTPStatusError(message, request=request, response=self)
httpx.HTTPStatusError: Client error '429 Too Many Requests' for url 'https://api.openai.com/v1/chat/completions'
For more information check: https://developer.mozilla.org/en-US/docs/Web/HTTP/Status/429
2025-11-04 03:25:29,608 DEBUG openai._base_client: Retrying due to status code 429
2025-11-04 03:25:29,608 DEBUG openai._base_client: 2 retries left
2025-11-04 03:25:29,608 INFO openai._base_client: Retrying request to /chat/completions in 0.826847 seconds
2025-11-04 03:25:30,434 DEBUG openai._base_client: Request options: {'method': 'post', 'url': '/chat/completions', 'files': None, 'idempotency_key': 'stainless-python-retry-bbb8a26a-a58d-4247-9f5e-c2d0708a2778', 'json_data': {'messages': [{'role': 'user', 'content': "Some text is provided below. Given the text, extract up to 10 knowledge triplets in the form of (subject, predicate, object). Avoid stopwords.\n---------------------\nExample:Text: Alice is Bob's mother.Triplets:\n(Alice, is mother of, Bob)\nText: Philz is a coffee shop founded in Berkeley in 1982.\nTriplets:\n(Philz, is, coffee shop)\n(Philz, founded in, Berkeley)\n(Philz, founded in, 1982)\n---------------------\nText: document_id: C:\\Users\\user\\workfolders\\imabari3dcad\\evoship\\EVOSHIP_HELP_FILES\\about_annotation.html\nsource_path: C:\\Users\\user\\workfolders\\imabari3dcad\\evoship\\EVOSHIP_HELP_FILES\\about_annotation.html\nsection_id: b44e2dce0448c0e4b08e5be898df93f6c4e4f2fc\ntitle: アノーテーション\nsection_heading: アノーテーション\nsection_level: 2\nsection_index: 0\nlast_modified: 2025-08-06T13:57:54+00:00\nextracted_at: 2025-11-03T18:25:22+00:00\ndata_source: EVOSHIP_HELP_FILES\nchunk_id: afb1edc8-93f8-41f0-9ac5-e0901bc4c707\nchunk_index: 0\ntext_length: 36\nstart_char_idx: 0\nend_char_idx: 36\nnodes: [EntityNode(label='HelpDocument', embedding=None, properties={'document_id': 'C:\\\\Users\\\\user\\\\workfolders\\\\imabari3dcad\\\\evoship\\\\EVOSHIP_HELP_FILES\\\\about_annotation.html', 'source_path': 'C:\\\\Users\\\\user\\\\workfolders\\\\imabari3dcad\\\\evoship\\\\EVOSHIP_HELP_FILES\\\\about_annotation.html', 'title': 'アノーテーション', 'headings': ['アノーテーション'], 'section_count': 1, 'last_modified': '2025-08-06T13:57:54+00:00', 'extracted_at': '2025-11-03T18:25:22+00:00', 'data_source': 'EVOSHIP_HELP_FILES'}, name='C:\\\\Users\\\\user\\\\workfolders\\\\imabari3dcad\\\\evoship\\\\EVOSHIP_HELP_FILES\\\\about_annotation.html'), EntityNode(label='HelpSection', embedding=None, properties={'section_id': 'b44e2dce0448c0e4b08e5be898df93f6c4e4f2fc', 'document_id': 'C:\\\\Users\\\\user\\\\workfolders\\\\imabari3dcad\\\\evoship\\\\EVOSHIP_HELP_FILES\\\\about_annotation.html', 'source_path': 'C:\\\\Users\\\\user\\\\workfolders\\\\imabari3dcad\\\\evoship\\\\EVOSHIP_HELP_FILES\\\\about_annotation.html', 'title': 'アノーテーション', 'section_heading': 'アノーテーション', 'section_level': 2, 'section_index': 0, 'last_modified': '2025-08-06T13:57:54+00:00', 'extracted_at': '2025-11-03T18:25:22+00:00', 'data_source': 'EVOSHIP_HELP_FILES'}, name='b44e2dce0448c0e4b08e5be898df93f6c4e4f2fc'), ChunkNode(label='HelpChunk', embedding=None, properties={'chunk_id': 'afb1edc8-93f8-41f0-9ac5-e0901bc4c707', 'document_id': 'C:\\\\Users\\\\user\\\\workfolders\\\\imabari3dcad\\\\evoship\\\\EVOSHIP_HELP_FILES\\\\about_annotation.html', 'section_id': 'b44e2dce0448c0e4b08e5be898df93f6c4e4f2fc', 'source_path': 'C:\\\\Users\\\\user\\\\workfolders\\\\imabari3dcad\\\\evoship\\\\EVOSHIP_HELP_FILES\\\\about_annotation.html', 'title': 'アノーテーション', 'section_heading': 'アノーテーション', 'section_level': 2, 'section_index': 0, 'last_modified': '2025-08-06T13:57:54+00:00', 'extracted_at': '2025-11-03T18:25:22+00:00', 'chunk_index': 0, 'text_length': 36, 'start_char_idx': 0, 'end_char_idx': 36, 'data_source': 'EVOSHIP_HELP_FILES'}, text='アノーテーション\\n\\n３次元位置や要素上に 注記 をつけることができます。', id_='afb1edc8-93f8-41f0-9ac5-e0901bc4c707')]\nrelations: [Relation(label='HAS_SECTION', source_id='C:\\\\Users\\\\user\\\\workfolders\\\\imabari3dcad\\\\evoship\\\\EVOSHIP_HELP_FILES\\\\about_annotation.html', target_id='b44e2dce0448c0e4b08e5be898df93f6c4e4f2fc', properties={'data_source': 'EVOSHIP_HELP_FILES'}), Relation(label='HAS_CHUNK', source_id='C:\\\\Users\\\\user\\\\workfolders\\\\imabari3dcad\\\\evoship\\\\EVOSHIP_HELP_FILES\\\\about_annotation.html', target_id='afb1edc8-93f8-41f0-9ac5-e0901bc4c707', properties={'data_source': 'EVOSHIP_HELP_FILES', 'section_id': 'b44e2dce0448c0e4b08e5be898df93f6c4e4f2fc', 'chunk_index': 0}), Relation(label='HAS_CHUNK', source_id='b44e2dce0448c0e4b08e5be898df93f6c4e4f2fc', target_id='afb1edc8-93f8-41f0-9ac5-e0901bc4c707', properties={'data_source': 'EVOSHIP_HELP_FILES', 'chunk_index': 0})]\n\nアノーテーション\n\n３次元位置や要素上に 注記 をつけることができます。\nTriplets:\n"}], 'model': 'gpt-5-nano', 'stream': False, 'temperature': 1.0}}
2025-11-04 03:25:30,436 DEBUG openai._base_client: Sending HTTP Request: POST https://api.openai.com/v1/chat/completions
2025-11-04 03:25:30,436 DEBUG httpcore.http11: send_request_headers.started request=<Request [b'POST']>
2025-11-04 03:25:30,437 DEBUG httpcore.http11: send_request_headers.complete
2025-11-04 03:25:30,437 DEBUG httpcore.http11: send_request_body.started request=<Request [b'POST']>
2025-11-04 03:25:30,438 DEBUG httpcore.http11: send_request_body.complete
2025-11-04 03:25:30,438 DEBUG httpcore.http11: receive_response_headers.started request=<Request [b'POST']>
2025-11-04 03:25:30,625 DEBUG httpcore.http11: receive_response_headers.complete return_value=(b'HTTP/1.1', 429, b'Too Many Requests', [(b'Date', b'Mon, 03 Nov 2025 18:25:30 GMT'), (b'Content-Type', b'application/json; charset=utf-8'), (b'Content-Length', b'337'), (b'Connection', b'keep-alive'), (b'vary', b'Origin'), (b'x-request-id', b'req_3fedfb5f68114af19079ba2c554ee722'), (b'x-envoy-upstream-service-time', b'11'), (b'x-openai-proxy-wasm', b'v0.1'), (b'cf-cache-status', b'DYNAMIC'), (b'Strict-Transport-Security', b'max-age=31536000; includeSubDomains; preload'), (b'X-Content-Type-Options', b'nosniff'), (b'Server', b'cloudflare'), (b'CF-RAY', b'998dea246f4cb118-KIX'), (b'alt-svc', b'h3=":443"; ma=86400')])
2025-11-04 03:25:30,626 INFO httpx: HTTP Request: POST https://api.openai.com/v1/chat/completions "HTTP/1.1 429 Too Many Requests"
2025-11-04 03:25:30,626 DEBUG httpcore.http11: receive_response_body.started request=<Request [b'POST']>
2025-11-04 03:25:30,626 DEBUG httpcore.http11: receive_response_body.complete
2025-11-04 03:25:30,626 DEBUG httpcore.http11: response_closed.started
2025-11-04 03:25:30,626 DEBUG httpcore.http11: response_closed.complete
2025-11-04 03:25:30,626 DEBUG openai._base_client: HTTP Response: POST https://api.openai.com/v1/chat/completions "429 Too Many Requests" Headers({'date': 'Mon, 03 Nov 2025 18:25:30 GMT', 'content-type': 'application/json; charset=utf-8', 'content-length': '337', 'connection': 'keep-alive', 'vary': 'Origin', 'x-request-id': 'req_3fedfb5f68114af19079ba2c554ee722', 'x-envoy-upstream-service-time': '11', 'x-openai-proxy-wasm': 'v0.1', 'cf-cache-status': 'DYNAMIC', 'strict-transport-security': 'max-age=31536000; includeSubDomains; preload', 'x-content-type-options': 'nosniff', 'server': 'cloudflare', 'cf-ray': '998dea246f4cb118-KIX', 'alt-svc': 'h3=":443"; ma=86400'})
2025-11-04 03:25:30,627 DEBUG openai._base_client: request_id: req_3fedfb5f68114af19079ba2c554ee722
2025-11-04 03:25:30,627 DEBUG openai._base_client: Encountered httpx.HTTPStatusError
Traceback (most recent call last):
  File "C:\Users\user\workfolders\imabari3dcad\.venv\lib\site-packages\openai\_base_client.py", line 1574, in request
    response.raise_for_status()
  File "C:\Users\user\workfolders\imabari3dcad\.venv\lib\site-packages\httpx\_models.py", line 829, in raise_for_status
    raise HTTPStatusError(message, request=request, response=self)
httpx.HTTPStatusError: Client error '429 Too Many Requests' for url 'https://api.openai.com/v1/chat/completions'
For more information check: https://developer.mozilla.org/en-US/docs/Web/HTTP/Status/429
2025-11-04 03:25:30,627 DEBUG openai._base_client: Retrying due to status code 429
2025-11-04 03:25:30,627 DEBUG openai._base_client: 1 retry left
2025-11-04 03:25:30,627 INFO openai._base_client: Retrying request to /chat/completions in 1.553061 seconds
2025-11-04 03:25:32,187 DEBUG openai._base_client: Request options: {'method': 'post', 'url': '/chat/completions', 'files': None, 'idempotency_key': 'stainless-python-retry-bbb8a26a-a58d-4247-9f5e-c2d0708a2778', 'json_data': {'messages': [{'role': 'user', 'content': "Some text is provided below. Given the text, extract up to 10 knowledge triplets in the form of (subject, predicate, object). Avoid stopwords.\n---------------------\nExample:Text: Alice is Bob's mother.Triplets:\n(Alice, is mother of, Bob)\nText: Philz is a coffee shop founded in Berkeley in 1982.\nTriplets:\n(Philz, is, coffee shop)\n(Philz, founded in, Berkeley)\n(Philz, founded in, 1982)\n---------------------\nText: document_id: C:\\Users\\user\\workfolders\\imabari3dcad\\evoship\\EVOSHIP_HELP_FILES\\about_annotation.html\nsource_path: C:\\Users\\user\\workfolders\\imabari3dcad\\evoship\\EVOSHIP_HELP_FILES\\about_annotation.html\nsection_id: b44e2dce0448c0e4b08e5be898df93f6c4e4f2fc\ntitle: アノーテーション\nsection_heading: アノーテーション\nsection_level: 2\nsection_index: 0\nlast_modified: 2025-08-06T13:57:54+00:00\nextracted_at: 2025-11-03T18:25:22+00:00\ndata_source: EVOSHIP_HELP_FILES\nchunk_id: afb1edc8-93f8-41f0-9ac5-e0901bc4c707\nchunk_index: 0\ntext_length: 36\nstart_char_idx: 0\nend_char_idx: 36\nnodes: [EntityNode(label='HelpDocument', embedding=None, properties={'document_id': 'C:\\\\Users\\\\user\\\\workfolders\\\\imabari3dcad\\\\evoship\\\\EVOSHIP_HELP_FILES\\\\about_annotation.html', 'source_path': 'C:\\\\Users\\\\user\\\\workfolders\\\\imabari3dcad\\\\evoship\\\\EVOSHIP_HELP_FILES\\\\about_annotation.html', 'title': 'アノーテーション', 'headings': ['アノーテーション'], 'section_count': 1, 'last_modified': '2025-08-06T13:57:54+00:00', 'extracted_at': '2025-11-03T18:25:22+00:00', 'data_source': 'EVOSHIP_HELP_FILES'}, name='C:\\\\Users\\\\user\\\\workfolders\\\\imabari3dcad\\\\evoship\\\\EVOSHIP_HELP_FILES\\\\about_annotation.html'), EntityNode(label='HelpSection', embedding=None, properties={'section_id': 'b44e2dce0448c0e4b08e5be898df93f6c4e4f2fc', 'document_id': 'C:\\\\Users\\\\user\\\\workfolders\\\\imabari3dcad\\\\evoship\\\\EVOSHIP_HELP_FILES\\\\about_annotation.html', 'source_path': 'C:\\\\Users\\\\user\\\\workfolders\\\\imabari3dcad\\\\evoship\\\\EVOSHIP_HELP_FILES\\\\about_annotation.html', 'title': 'アノーテーション', 'section_heading': 'アノーテーション', 'section_level': 2, 'section_index': 0, 'last_modified': '2025-08-06T13:57:54+00:00', 'extracted_at': '2025-11-03T18:25:22+00:00', 'data_source': 'EVOSHIP_HELP_FILES'}, name='b44e2dce0448c0e4b08e5be898df93f6c4e4f2fc'), ChunkNode(label='HelpChunk', embedding=None, properties={'chunk_id': 'afb1edc8-93f8-41f0-9ac5-e0901bc4c707', 'document_id': 'C:\\\\Users\\\\user\\\\workfolders\\\\imabari3dcad\\\\evoship\\\\EVOSHIP_HELP_FILES\\\\about_annotation.html', 'section_id': 'b44e2dce0448c0e4b08e5be898df93f6c4e4f2fc', 'source_path': 'C:\\\\Users\\\\user\\\\workfolders\\\\imabari3dcad\\\\evoship\\\\EVOSHIP_HELP_FILES\\\\about_annotation.html', 'title': 'アノーテーション', 'section_heading': 'アノーテーション', 'section_level': 2, 'section_index': 0, 'last_modified': '2025-08-06T13:57:54+00:00', 'extracted_at': '2025-11-03T18:25:22+00:00', 'chunk_index': 0, 'text_length': 36, 'start_char_idx': 0, 'end_char_idx': 36, 'data_source': 'EVOSHIP_HELP_FILES'}, text='アノーテーション\\n\\n３次元位置や要素上に 注記 をつけることができます。', id_='afb1edc8-93f8-41f0-9ac5-e0901bc4c707')]\nrelations: [Relation(label='HAS_SECTION', source_id='C:\\\\Users\\\\user\\\\workfolders\\\\imabari3dcad\\\\evoship\\\\EVOSHIP_HELP_FILES\\\\about_annotation.html', target_id='b44e2dce0448c0e4b08e5be898df93f6c4e4f2fc', properties={'data_source': 'EVOSHIP_HELP_FILES'}), Relation(label='HAS_CHUNK', source_id='C:\\\\Users\\\\user\\\\workfolders\\\\imabari3dcad\\\\evoship\\\\EVOSHIP_HELP_FILES\\\\about_annotation.html', target_id='afb1edc8-93f8-41f0-9ac5-e0901bc4c707', properties={'data_source': 'EVOSHIP_HELP_FILES', 'section_id': 'b44e2dce0448c0e4b08e5be898df93f6c4e4f2fc', 'chunk_index': 0}), Relation(label='HAS_CHUNK', source_id='b44e2dce0448c0e4b08e5be898df93f6c4e4f2fc', target_id='afb1edc8-93f8-41f0-9ac5-e0901bc4c707', properties={'data_source': 'EVOSHIP_HELP_FILES', 'chunk_index': 0})]\n\nアノーテーション\n\n３次元位置や要素上に 注記 をつけることができます。\nTriplets:\n"}], 'model': 'gpt-5-nano', 'stream': False, 'temperature': 1.0}}
2025-11-04 03:25:32,189 DEBUG openai._base_client: Sending HTTP Request: POST https://api.openai.com/v1/chat/completions
2025-11-04 03:25:32,189 DEBUG httpcore.http11: send_request_headers.started request=<Request [b'POST']>
2025-11-04 03:25:32,190 DEBUG httpcore.http11: send_request_headers.complete
2025-11-04 03:25:32,190 DEBUG httpcore.http11: send_request_body.started request=<Request [b'POST']>
2025-11-04 03:25:32,190 DEBUG httpcore.http11: send_request_body.complete
2025-11-04 03:25:32,190 DEBUG httpcore.http11: receive_response_headers.started request=<Request [b'POST']>
2025-11-04 03:25:32,368 DEBUG httpcore.http11: receive_response_headers.complete return_value=(b'HTTP/1.1', 429, b'Too Many Requests', [(b'Date', b'Mon, 03 Nov 2025 18:25:32 GMT'), (b'Content-Type', b'application/json; charset=utf-8'), (b'Content-Length', b'337'), (b'Connection', b'keep-alive'), (b'vary', b'Origin'), (b'x-request-id', b'req_7a20054a7b2a4170bf533ad04a1ac76c'), (b'x-envoy-upstream-service-time', b'6'), (b'x-openai-proxy-wasm', b'v0.1'), (b'cf-cache-status', b'DYNAMIC'), (b'Strict-Transport-Security', b'max-age=31536000; includeSubDomains; preload'), (b'X-Content-Type-Options', b'nosniff'), (b'Server', b'cloudflare'), (b'CF-RAY', b'998dea2f597bb118-KIX'), (b'alt-svc', b'h3=":443"; ma=86400')])
2025-11-04 03:25:32,369 INFO httpx: HTTP Request: POST https://api.openai.com/v1/chat/completions "HTTP/1.1 429 Too Many Requests"
2025-11-04 03:25:32,369 DEBUG httpcore.http11: receive_response_body.started request=<Request [b'POST']>
2025-11-04 03:25:32,369 DEBUG httpcore.http11: receive_response_body.complete
2025-11-04 03:25:32,369 DEBUG httpcore.http11: response_closed.started
2025-11-04 03:25:32,369 DEBUG httpcore.http11: response_closed.complete
2025-11-04 03:25:32,369 DEBUG openai._base_client: HTTP Response: POST https://api.openai.com/v1/chat/completions "429 Too Many Requests" Headers({'date': 'Mon, 03 Nov 2025 18:25:32 GMT', 'content-type': 'application/json; charset=utf-8', 'content-length': '337', 'connection': 'keep-alive', 'vary': 'Origin', 'x-request-id': 'req_7a20054a7b2a4170bf533ad04a1ac76c', 'x-envoy-upstream-service-time': '6', 'x-openai-proxy-wasm': 'v0.1', 'cf-cache-status': 'DYNAMIC', 'strict-transport-security': 'max-age=31536000; includeSubDomains; preload', 'x-content-type-options': 'nosniff', 'server': 'cloudflare', 'cf-ray': '998dea2f597bb118-KIX', 'alt-svc': 'h3=":443"; ma=86400'})
2025-11-04 03:25:32,369 DEBUG openai._base_client: request_id: req_7a20054a7b2a4170bf533ad04a1ac76c
2025-11-04 03:25:32,370 DEBUG openai._base_client: Encountered httpx.HTTPStatusError
Traceback (most recent call last):
  File "C:\Users\user\workfolders\imabari3dcad\.venv\lib\site-packages\openai\_base_client.py", line 1574, in request
    response.raise_for_status()
  File "C:\Users\user\workfolders\imabari3dcad\.venv\lib\site-packages\httpx\_models.py", line 829, in raise_for_status
    raise HTTPStatusError(message, request=request, response=self)
httpx.HTTPStatusError: Client error '429 Too Many Requests' for url 'https://api.openai.com/v1/chat/completions'
For more information check: https://developer.mozilla.org/en-US/docs/Web/HTTP/Status/429
2025-11-04 03:25:32,370 DEBUG openai._base_client: Re-raising status error
2025-11-04 03:25:32,370 WARNING llama_index.llms.openai.utils: Retrying llama_index.llms.openai.base.OpenAI._achat in 1.5202699311708434 seconds as it raised RateLimitError: Error code: 429 - {'error': {'message': 'You exceeded your current quota, please check your plan and billing details. For more information on this error, read the docs: https://platform.openai.com/docs/guides/error-codes/api-errors.', 'type': 'insufficient_quota', 'param': None, 'code': 'insufficient_quota'}}.
2025-11-04 03:25:33,904 DEBUG openai._base_client: Request options: {'method': 'post', 'url': '/chat/completions', 'files': None, 'idempotency_key': 'stainless-python-retry-cca322cd-9f89-4b3b-9ecd-cb9252f9b13e', 'json_data': {'messages': [{'role': 'user', 'content': "Some text is provided below. Given the text, extract up to 10 knowledge triplets in the form of (subject, predicate, object). Avoid stopwords.\n---------------------\nExample:Text: Alice is Bob's mother.Triplets:\n(Alice, is mother of, Bob)\nText: Philz is a coffee shop founded in Berkeley in 1982.\nTriplets:\n(Philz, is, coffee shop)\n(Philz, founded in, Berkeley)\n(Philz, founded in, 1982)\n---------------------\nText: document_id: C:\\Users\\user\\workfolders\\imabari3dcad\\evoship\\EVOSHIP_HELP_FILES\\about_annotation.html\nsource_path: C:\\Users\\user\\workfolders\\imabari3dcad\\evoship\\EVOSHIP_HELP_FILES\\about_annotation.html\nsection_id: b44e2dce0448c0e4b08e5be898df93f6c4e4f2fc\ntitle: アノーテーション\nsection_heading: アノーテーション\nsection_level: 2\nsection_index: 0\nlast_modified: 2025-08-06T13:57:54+00:00\nextracted_at: 2025-11-03T18:25:22+00:00\ndata_source: EVOSHIP_HELP_FILES\nchunk_id: afb1edc8-93f8-41f0-9ac5-e0901bc4c707\nchunk_index: 0\ntext_length: 36\nstart_char_idx: 0\nend_char_idx: 36\nnodes: [EntityNode(label='HelpDocument', embedding=None, properties={'document_id': 'C:\\\\Users\\\\user\\\\workfolders\\\\imabari3dcad\\\\evoship\\\\EVOSHIP_HELP_FILES\\\\about_annotation.html', 'source_path': 'C:\\\\Users\\\\user\\\\workfolders\\\\imabari3dcad\\\\evoship\\\\EVOSHIP_HELP_FILES\\\\about_annotation.html', 'title': 'アノーテーション', 'headings': ['アノーテーション'], 'section_count': 1, 'last_modified': '2025-08-06T13:57:54+00:00', 'extracted_at': '2025-11-03T18:25:22+00:00', 'data_source': 'EVOSHIP_HELP_FILES'}, name='C:\\\\Users\\\\user\\\\workfolders\\\\imabari3dcad\\\\evoship\\\\EVOSHIP_HELP_FILES\\\\about_annotation.html'), EntityNode(label='HelpSection', embedding=None, properties={'section_id': 'b44e2dce0448c0e4b08e5be898df93f6c4e4f2fc', 'document_id': 'C:\\\\Users\\\\user\\\\workfolders\\\\imabari3dcad\\\\evoship\\\\EVOSHIP_HELP_FILES\\\\about_annotation.html', 'source_path': 'C:\\\\Users\\\\user\\\\workfolders\\\\imabari3dcad\\\\evoship\\\\EVOSHIP_HELP_FILES\\\\about_annotation.html', 'title': 'アノーテーション', 'section_heading': 'アノーテーション', 'section_level': 2, 'section_index': 0, 'last_modified': '2025-08-06T13:57:54+00:00', 'extracted_at': '2025-11-03T18:25:22+00:00', 'data_source': 'EVOSHIP_HELP_FILES'}, name='b44e2dce0448c0e4b08e5be898df93f6c4e4f2fc'), ChunkNode(label='HelpChunk', embedding=None, properties={'chunk_id': 'afb1edc8-93f8-41f0-9ac5-e0901bc4c707', 'document_id': 'C:\\\\Users\\\\user\\\\workfolders\\\\imabari3dcad\\\\evoship\\\\EVOSHIP_HELP_FILES\\\\about_annotation.html', 'section_id': 'b44e2dce0448c0e4b08e5be898df93f6c4e4f2fc', 'source_path': 'C:\\\\Users\\\\user\\\\workfolders\\\\imabari3dcad\\\\evoship\\\\EVOSHIP_HELP_FILES\\\\about_annotation.html', 'title': 'アノーテーション', 'section_heading': 'アノーテーション', 'section_level': 2, 'section_index': 0, 'last_modified': '2025-08-06T13:57:54+00:00', 'extracted_at': '2025-11-03T18:25:22+00:00', 'chunk_index': 0, 'text_length': 36, 'start_char_idx': 0, 'end_char_idx': 36, 'data_source': 'EVOSHIP_HELP_FILES'}, text='アノーテーション\\n\\n３次元位置や要素上に 注記 をつけることができます。', id_='afb1edc8-93f8-41f0-9ac5-e0901bc4c707')]\nrelations: [Relation(label='HAS_SECTION', source_id='C:\\\\Users\\\\user\\\\workfolders\\\\imabari3dcad\\\\evoship\\\\EVOSHIP_HELP_FILES\\\\about_annotation.html', target_id='b44e2dce0448c0e4b08e5be898df93f6c4e4f2fc', properties={'data_source': 'EVOSHIP_HELP_FILES'}), Relation(label='HAS_CHUNK', source_id='C:\\\\Users\\\\user\\\\workfolders\\\\imabari3dcad\\\\evoship\\\\EVOSHIP_HELP_FILES\\\\about_annotation.html', target_id='afb1edc8-93f8-41f0-9ac5-e0901bc4c707', properties={'data_source': 'EVOSHIP_HELP_FILES', 'section_id': 'b44e2dce0448c0e4b08e5be898df93f6c4e4f2fc', 'chunk_index': 0}), Relation(label='HAS_CHUNK', source_id='b44e2dce0448c0e4b08e5be898df93f6c4e4f2fc', target_id='afb1edc8-93f8-41f0-9ac5-e0901bc4c707', properties={'data_source': 'EVOSHIP_HELP_FILES', 'chunk_index': 0})]\n\nアノーテーション\n\n３次元位置や要素上に 注記 をつけることができます。\nTriplets:\n"}], 'model': 'gpt-5-nano', 'stream': False, 'temperature': 1.0}}
2025-11-04 03:25:33,905 DEBUG openai._base_client: Sending HTTP Request: POST https://api.openai.com/v1/chat/completions
2025-11-04 03:25:33,905 DEBUG httpcore.http11: send_request_headers.started request=<Request [b'POST']>
2025-11-04 03:25:33,906 DEBUG httpcore.http11: send_request_headers.complete
2025-11-04 03:25:33,906 DEBUG httpcore.http11: send_request_body.started request=<Request [b'POST']>
2025-11-04 03:25:33,906 DEBUG httpcore.http11: send_request_body.complete
2025-11-04 03:25:33,906 DEBUG httpcore.http11: receive_response_headers.started request=<Request [b'POST']>
2025-11-04 03:25:34,094 DEBUG httpcore.http11: receive_response_headers.complete return_value=(b'HTTP/1.1', 429, b'Too Many Requests', [(b'Date', b'Mon, 03 Nov 2025 18:25:33 GMT'), (b'Content-Type', b'application/json; charset=utf-8'), (b'Content-Length', b'337'), (b'Connection', b'keep-alive'), (b'vary', b'Origin'), (b'x-request-id', b'req_50adcd9c4ea446e98e4308049e94aa04'), (b'x-envoy-upstream-service-time', b'13'), (b'x-openai-proxy-wasm', b'v0.1'), (b'cf-cache-status', b'DYNAMIC'), (b'Strict-Transport-Security', b'max-age=31536000; includeSubDomains; preload'), (b'X-Content-Type-Options', b'nosniff'), (b'Server', b'cloudflare'), (b'CF-RAY', b'998dea3a1b53b118-KIX'), (b'alt-svc', b'h3=":443"; ma=86400')])
2025-11-04 03:25:34,094 INFO httpx: HTTP Request: POST https://api.openai.com/v1/chat/completions "HTTP/1.1 429 Too Many Requests"
2025-11-04 03:25:34,095 DEBUG httpcore.http11: receive_response_body.started request=<Request [b'POST']>
2025-11-04 03:25:34,095 DEBUG httpcore.http11: receive_response_body.complete
2025-11-04 03:25:34,095 DEBUG httpcore.http11: response_closed.started
2025-11-04 03:25:34,095 DEBUG httpcore.http11: response_closed.complete
2025-11-04 03:25:34,095 DEBUG openai._base_client: HTTP Response: POST https://api.openai.com/v1/chat/completions "429 Too Many Requests" Headers({'date': 'Mon, 03 Nov 2025 18:25:33 GMT', 'content-type': 'application/json; charset=utf-8', 'content-length': '337', 'connection': 'keep-alive', 'vary': 'Origin', 'x-request-id': 'req_50adcd9c4ea446e98e4308049e94aa04', 'x-envoy-upstream-service-time': '13', 'x-openai-proxy-wasm': 'v0.1', 'cf-cache-status': 'DYNAMIC', 'strict-transport-security': 'max-age=31536000; includeSubDomains; preload', 'x-content-type-options': 'nosniff', 'server': 'cloudflare', 'cf-ray': '998dea3a1b53b118-KIX', 'alt-svc': 'h3=":443"; ma=86400'})
2025-11-04 03:25:34,095 DEBUG openai._base_client: request_id: req_50adcd9c4ea446e98e4308049e94aa04
2025-11-04 03:25:34,095 DEBUG openai._base_client: Encountered httpx.HTTPStatusError
Traceback (most recent call last):
  File "C:\Users\user\workfolders\imabari3dcad\.venv\lib\site-packages\openai\_base_client.py", line 1574, in request
    response.raise_for_status()
  File "C:\Users\user\workfolders\imabari3dcad\.venv\lib\site-packages\httpx\_models.py", line 829, in raise_for_status
    raise HTTPStatusError(message, request=request, response=self)
httpx.HTTPStatusError: Client error '429 Too Many Requests' for url 'https://api.openai.com/v1/chat/completions'
For more information check: https://developer.mozilla.org/en-US/docs/Web/HTTP/Status/429
2025-11-04 03:25:34,096 DEBUG openai._base_client: Retrying due to status code 429
2025-11-04 03:25:34,096 DEBUG openai._base_client: 3 retries left
2025-11-04 03:25:34,096 INFO openai._base_client: Retrying request to /chat/completions in 0.380168 seconds
2025-11-04 03:25:34,482 DEBUG openai._base_client: Request options: {'method': 'post', 'url': '/chat/completions', 'files': None, 'idempotency_key': 'stainless-python-retry-cca322cd-9f89-4b3b-9ecd-cb9252f9b13e', 'json_data': {'messages': [{'role': 'user', 'content': "Some text is provided below. Given the text, extract up to 10 knowledge triplets in the form of (subject, predicate, object). Avoid stopwords.\n---------------------\nExample:Text: Alice is Bob's mother.Triplets:\n(Alice, is mother of, Bob)\nText: Philz is a coffee shop founded in Berkeley in 1982.\nTriplets:\n(Philz, is, coffee shop)\n(Philz, founded in, Berkeley)\n(Philz, founded in, 1982)\n---------------------\nText: document_id: C:\\Users\\user\\workfolders\\imabari3dcad\\evoship\\EVOSHIP_HELP_FILES\\about_annotation.html\nsource_path: C:\\Users\\user\\workfolders\\imabari3dcad\\evoship\\EVOSHIP_HELP_FILES\\about_annotation.html\nsection_id: b44e2dce0448c0e4b08e5be898df93f6c4e4f2fc\ntitle: アノーテーション\nsection_heading: アノーテーション\nsection_level: 2\nsection_index: 0\nlast_modified: 2025-08-06T13:57:54+00:00\nextracted_at: 2025-11-03T18:25:22+00:00\ndata_source: EVOSHIP_HELP_FILES\nchunk_id: afb1edc8-93f8-41f0-9ac5-e0901bc4c707\nchunk_index: 0\ntext_length: 36\nstart_char_idx: 0\nend_char_idx: 36\nnodes: [EntityNode(label='HelpDocument', embedding=None, properties={'document_id': 'C:\\\\Users\\\\user\\\\workfolders\\\\imabari3dcad\\\\evoship\\\\EVOSHIP_HELP_FILES\\\\about_annotation.html', 'source_path': 'C:\\\\Users\\\\user\\\\workfolders\\\\imabari3dcad\\\\evoship\\\\EVOSHIP_HELP_FILES\\\\about_annotation.html', 'title': 'アノーテーション', 'headings': ['アノーテーション'], 'section_count': 1, 'last_modified': '2025-08-06T13:57:54+00:00', 'extracted_at': '2025-11-03T18:25:22+00:00', 'data_source': 'EVOSHIP_HELP_FILES'}, name='C:\\\\Users\\\\user\\\\workfolders\\\\imabari3dcad\\\\evoship\\\\EVOSHIP_HELP_FILES\\\\about_annotation.html'), EntityNode(label='HelpSection', embedding=None, properties={'section_id': 'b44e2dce0448c0e4b08e5be898df93f6c4e4f2fc', 'document_id': 'C:\\\\Users\\\\user\\\\workfolders\\\\imabari3dcad\\\\evoship\\\\EVOSHIP_HELP_FILES\\\\about_annotation.html', 'source_path': 'C:\\\\Users\\\\user\\\\workfolders\\\\imabari3dcad\\\\evoship\\\\EVOSHIP_HELP_FILES\\\\about_annotation.html', 'title': 'アノーテーション', 'section_heading': 'アノーテーション', 'section_level': 2, 'section_index': 0, 'last_modified': '2025-08-06T13:57:54+00:00', 'extracted_at': '2025-11-03T18:25:22+00:00', 'data_source': 'EVOSHIP_HELP_FILES'}, name='b44e2dce0448c0e4b08e5be898df93f6c4e4f2fc'), ChunkNode(label='HelpChunk', embedding=None, properties={'chunk_id': 'afb1edc8-93f8-41f0-9ac5-e0901bc4c707', 'document_id': 'C:\\\\Users\\\\user\\\\workfolders\\\\imabari3dcad\\\\evoship\\\\EVOSHIP_HELP_FILES\\\\about_annotation.html', 'section_id': 'b44e2dce0448c0e4b08e5be898df93f6c4e4f2fc', 'source_path': 'C:\\\\Users\\\\user\\\\workfolders\\\\imabari3dcad\\\\evoship\\\\EVOSHIP_HELP_FILES\\\\about_annotation.html', 'title': 'アノーテーション', 'section_heading': 'アノーテーション', 'section_level': 2, 'section_index': 0, 'last_modified': '2025-08-06T13:57:54+00:00', 'extracted_at': '2025-11-03T18:25:22+00:00', 'chunk_index': 0, 'text_length': 36, 'start_char_idx': 0, 'end_char_idx': 36, 'data_source': 'EVOSHIP_HELP_FILES'}, text='アノーテーション\\n\\n３次元位置や要素上に 注記 をつけることができます。', id_='afb1edc8-93f8-41f0-9ac5-e0901bc4c707')]\nrelations: [Relation(label='HAS_SECTION', source_id='C:\\\\Users\\\\user\\\\workfolders\\\\imabari3dcad\\\\evoship\\\\EVOSHIP_HELP_FILES\\\\about_annotation.html', target_id='b44e2dce0448c0e4b08e5be898df93f6c4e4f2fc', properties={'data_source': 'EVOSHIP_HELP_FILES'}), Relation(label='HAS_CHUNK', source_id='C:\\\\Users\\\\user\\\\workfolders\\\\imabari3dcad\\\\evoship\\\\EVOSHIP_HELP_FILES\\\\about_annotation.html', target_id='afb1edc8-93f8-41f0-9ac5-e0901bc4c707', properties={'data_source': 'EVOSHIP_HELP_FILES', 'section_id': 'b44e2dce0448c0e4b08e5be898df93f6c4e4f2fc', 'chunk_index': 0}), Relation(label='HAS_CHUNK', source_id='b44e2dce0448c0e4b08e5be898df93f6c4e4f2fc', target_id='afb1edc8-93f8-41f0-9ac5-e0901bc4c707', properties={'data_source': 'EVOSHIP_HELP_FILES', 'chunk_index': 0})]\n\nアノーテーション\n\n３次元位置や要素上に 注記 をつけることができます。\nTriplets:\n"}], 'model': 'gpt-5-nano', 'stream': False, 'temperature': 1.0}}
2025-11-04 03:25:34,483 DEBUG openai._base_client: Sending HTTP Request: POST https://api.openai.com/v1/chat/completions
2025-11-04 03:25:34,483 DEBUG httpcore.http11: send_request_headers.started request=<Request [b'POST']>
2025-11-04 03:25:34,484 DEBUG httpcore.http11: send_request_headers.complete
2025-11-04 03:25:34,484 DEBUG httpcore.http11: send_request_body.started request=<Request [b'POST']>
2025-11-04 03:25:34,484 DEBUG httpcore.http11: send_request_body.complete
2025-11-04 03:25:34,484 DEBUG httpcore.http11: receive_response_headers.started request=<Request [b'POST']>
2025-11-04 03:25:34,678 DEBUG httpcore.http11: receive_response_headers.complete return_value=(b'HTTP/1.1', 429, b'Too Many Requests', [(b'Date', b'Mon, 03 Nov 2025 18:25:34 GMT'), (b'Content-Type', b'application/json; charset=utf-8'), (b'Content-Length', b'337'), (b'Connection', b'keep-alive'), (b'vary', b'Origin'), (b'x-request-id', b'req_3ee813f76fa64881a162c9af2d3b20cb'), (b'x-envoy-upstream-service-time', b'13'), (b'x-openai-proxy-wasm', b'v0.1'), (b'cf-cache-status', b'DYNAMIC'), (b'Strict-Transport-Security', b'max-age=31536000; includeSubDomains; preload'), (b'X-Content-Type-Options', b'nosniff'), (b'Server', b'cloudflare'), (b'CF-RAY', b'998dea3dbe8ab118-KIX'), (b'alt-svc', b'h3=":443"; ma=86400')])
2025-11-04 03:25:34,678 INFO httpx: HTTP Request: POST https://api.openai.com/v1/chat/completions "HTTP/1.1 429 Too Many Requests"
2025-11-04 03:25:34,678 DEBUG httpcore.http11: receive_response_body.started request=<Request [b'POST']>
2025-11-04 03:25:34,678 DEBUG httpcore.http11: receive_response_body.complete
2025-11-04 03:25:34,678 DEBUG httpcore.http11: response_closed.started
2025-11-04 03:25:34,678 DEBUG httpcore.http11: response_closed.complete
2025-11-04 03:25:34,679 DEBUG openai._base_client: HTTP Response: POST https://api.openai.com/v1/chat/completions "429 Too Many Requests" Headers({'date': 'Mon, 03 Nov 2025 18:25:34 GMT', 'content-type': 'application/json; charset=utf-8', 'content-length': '337', 'connection': 'keep-alive', 'vary': 'Origin', 'x-request-id': 'req_3ee813f76fa64881a162c9af2d3b20cb', 'x-envoy-upstream-service-time': '13', 'x-openai-proxy-wasm': 'v0.1', 'cf-cache-status': 'DYNAMIC', 'strict-transport-security': 'max-age=31536000; includeSubDomains; preload', 'x-content-type-options': 'nosniff', 'server': 'cloudflare', 'cf-ray': '998dea3dbe8ab118-KIX', 'alt-svc': 'h3=":443"; ma=86400'})
2025-11-04 03:25:34,679 DEBUG openai._base_client: request_id: req_3ee813f76fa64881a162c9af2d3b20cb
2025-11-04 03:25:34,679 DEBUG openai._base_client: Encountered httpx.HTTPStatusError
Traceback (most recent call last):
  File "C:\Users\user\workfolders\imabari3dcad\.venv\lib\site-packages\openai\_base_client.py", line 1574, in request
    response.raise_for_status()
  File "C:\Users\user\workfolders\imabari3dcad\.venv\lib\site-packages\httpx\_models.py", line 829, in raise_for_status
    raise HTTPStatusError(message, request=request, response=self)
httpx.HTTPStatusError: Client error '429 Too Many Requests' for url 'https://api.openai.com/v1/chat/completions'
For more information check: https://developer.mozilla.org/en-US/docs/Web/HTTP/Status/429
2025-11-04 03:25:34,679 DEBUG openai._base_client: Retrying due to status code 429
2025-11-04 03:25:34,679 DEBUG openai._base_client: 2 retries left
2025-11-04 03:25:34,679 INFO openai._base_client: Retrying request to /chat/completions in 0.996597 seconds
2025-11-04 03:25:35,681 DEBUG openai._base_client: Request options: {'method': 'post', 'url': '/chat/completions', 'files': None, 'idempotency_key': 'stainless-python-retry-cca322cd-9f89-4b3b-9ecd-cb9252f9b13e', 'json_data': {'messages': [{'role': 'user', 'content': "Some text is provided below. Given the text, extract up to 10 knowledge triplets in the form of (subject, predicate, object). Avoid stopwords.\n---------------------\nExample:Text: Alice is Bob's mother.Triplets:\n(Alice, is mother of, Bob)\nText: Philz is a coffee shop founded in Berkeley in 1982.\nTriplets:\n(Philz, is, coffee shop)\n(Philz, founded in, Berkeley)\n(Philz, founded in, 1982)\n---------------------\nText: document_id: C:\\Users\\user\\workfolders\\imabari3dcad\\evoship\\EVOSHIP_HELP_FILES\\about_annotation.html\nsource_path: C:\\Users\\user\\workfolders\\imabari3dcad\\evoship\\EVOSHIP_HELP_FILES\\about_annotation.html\nsection_id: b44e2dce0448c0e4b08e5be898df93f6c4e4f2fc\ntitle: アノーテーション\nsection_heading: アノーテーション\nsection_level: 2\nsection_index: 0\nlast_modified: 2025-08-06T13:57:54+00:00\nextracted_at: 2025-11-03T18:25:22+00:00\ndata_source: EVOSHIP_HELP_FILES\nchunk_id: afb1edc8-93f8-41f0-9ac5-e0901bc4c707\nchunk_index: 0\ntext_length: 36\nstart_char_idx: 0\nend_char_idx: 36\nnodes: [EntityNode(label='HelpDocument', embedding=None, properties={'document_id': 'C:\\\\Users\\\\user\\\\workfolders\\\\imabari3dcad\\\\evoship\\\\EVOSHIP_HELP_FILES\\\\about_annotation.html', 'source_path': 'C:\\\\Users\\\\user\\\\workfolders\\\\imabari3dcad\\\\evoship\\\\EVOSHIP_HELP_FILES\\\\about_annotation.html', 'title': 'アノーテーション', 'headings': ['アノーテーション'], 'section_count': 1, 'last_modified': '2025-08-06T13:57:54+00:00', 'extracted_at': '2025-11-03T18:25:22+00:00', 'data_source': 'EVOSHIP_HELP_FILES'}, name='C:\\\\Users\\\\user\\\\workfolders\\\\imabari3dcad\\\\evoship\\\\EVOSHIP_HELP_FILES\\\\about_annotation.html'), EntityNode(label='HelpSection', embedding=None, properties={'section_id': 'b44e2dce0448c0e4b08e5be898df93f6c4e4f2fc', 'document_id': 'C:\\\\Users\\\\user\\\\workfolders\\\\imabari3dcad\\\\evoship\\\\EVOSHIP_HELP_FILES\\\\about_annotation.html', 'source_path': 'C:\\\\Users\\\\user\\\\workfolders\\\\imabari3dcad\\\\evoship\\\\EVOSHIP_HELP_FILES\\\\about_annotation.html', 'title': 'アノーテーション', 'section_heading': 'アノーテーション', 'section_level': 2, 'section_index': 0, 'last_modified': '2025-08-06T13:57:54+00:00', 'extracted_at': '2025-11-03T18:25:22+00:00', 'data_source': 'EVOSHIP_HELP_FILES'}, name='b44e2dce0448c0e4b08e5be898df93f6c4e4f2fc'), ChunkNode(label='HelpChunk', embedding=None, properties={'chunk_id': 'afb1edc8-93f8-41f0-9ac5-e0901bc4c707', 'document_id': 'C:\\\\Users\\\\user\\\\workfolders\\\\imabari3dcad\\\\evoship\\\\EVOSHIP_HELP_FILES\\\\about_annotation.html', 'section_id': 'b44e2dce0448c0e4b08e5be898df93f6c4e4f2fc', 'source_path': 'C:\\\\Users\\\\user\\\\workfolders\\\\imabari3dcad\\\\evoship\\\\EVOSHIP_HELP_FILES\\\\about_annotation.html', 'title': 'アノーテーション', 'section_heading': 'アノーテーション', 'section_level': 2, 'section_index': 0, 'last_modified': '2025-08-06T13:57:54+00:00', 'extracted_at': '2025-11-03T18:25:22+00:00', 'chunk_index': 0, 'text_length': 36, 'start_char_idx': 0, 'end_char_idx': 36, 'data_source': 'EVOSHIP_HELP_FILES'}, text='アノーテーション\\n\\n３次元位置や要素上に 注記 をつけることができます。', id_='afb1edc8-93f8-41f0-9ac5-e0901bc4c707')]\nrelations: [Relation(label='HAS_SECTION', source_id='C:\\\\Users\\\\user\\\\workfolders\\\\imabari3dcad\\\\evoship\\\\EVOSHIP_HELP_FILES\\\\about_annotation.html', target_id='b44e2dce0448c0e4b08e5be898df93f6c4e4f2fc', properties={'data_source': 'EVOSHIP_HELP_FILES'}), Relation(label='HAS_CHUNK', source_id='C:\\\\Users\\\\user\\\\workfolders\\\\imabari3dcad\\\\evoship\\\\EVOSHIP_HELP_FILES\\\\about_annotation.html', target_id='afb1edc8-93f8-41f0-9ac5-e0901bc4c707', properties={'data_source': 'EVOSHIP_HELP_FILES', 'section_id': 'b44e2dce0448c0e4b08e5be898df93f6c4e4f2fc', 'chunk_index': 0}), Relation(label='HAS_CHUNK', source_id='b44e2dce0448c0e4b08e5be898df93f6c4e4f2fc', target_id='afb1edc8-93f8-41f0-9ac5-e0901bc4c707', properties={'data_source': 'EVOSHIP_HELP_FILES', 'chunk_index': 0})]\n\nアノーテーション\n\n３次元位置や要素上に 注記 をつけることができます。\nTriplets:\n"}], 'model': 'gpt-5-nano', 'stream': False, 'temperature': 1.0}}
2025-11-04 03:25:35,682 DEBUG openai._base_client: Sending HTTP Request: POST https://api.openai.com/v1/chat/completions
2025-11-04 03:25:35,682 DEBUG httpcore.http11: send_request_headers.started request=<Request [b'POST']>
2025-11-04 03:25:35,683 DEBUG httpcore.http11: send_request_headers.complete
2025-11-04 03:25:35,683 DEBUG httpcore.http11: send_request_body.started request=<Request [b'POST']>
2025-11-04 03:25:35,683 DEBUG httpcore.http11: send_request_body.complete
2025-11-04 03:25:35,683 DEBUG httpcore.http11: receive_response_headers.started request=<Request [b'POST']>
2025-11-04 03:25:35,881 DEBUG httpcore.http11: receive_response_headers.complete return_value=(b'HTTP/1.1', 429, b'Too Many Requests', [(b'Date', b'Mon, 03 Nov 2025 18:25:35 GMT'), (b'Content-Type', b'application/json; charset=utf-8'), (b'Content-Length', b'337'), (b'Connection', b'keep-alive'), (b'vary', b'Origin'), (b'x-request-id', b'req_51a786d1528e4b89ba62c21b86e4dc8e'), (b'x-envoy-upstream-service-time', b'4'), (b'x-openai-proxy-wasm', b'v0.1'), (b'cf-cache-status', b'DYNAMIC'), (b'Strict-Transport-Security', b'max-age=31536000; includeSubDomains; preload'), (b'X-Content-Type-Options', b'nosniff'), (b'Server', b'cloudflare'), (b'CF-RAY', b'998dea453d0bb118-KIX'), (b'alt-svc', b'h3=":443"; ma=86400')])
2025-11-04 03:25:35,882 INFO httpx: HTTP Request: POST https://api.openai.com/v1/chat/completions "HTTP/1.1 429 Too Many Requests"
2025-11-04 03:25:35,882 DEBUG httpcore.http11: receive_response_body.started request=<Request [b'POST']>
2025-11-04 03:25:35,882 DEBUG httpcore.http11: receive_response_body.complete
2025-11-04 03:25:35,882 DEBUG httpcore.http11: response_closed.started
2025-11-04 03:25:35,882 DEBUG httpcore.http11: response_closed.complete
2025-11-04 03:25:35,883 DEBUG openai._base_client: HTTP Response: POST https://api.openai.com/v1/chat/completions "429 Too Many Requests" Headers({'date': 'Mon, 03 Nov 2025 18:25:35 GMT', 'content-type': 'application/json; charset=utf-8', 'content-length': '337', 'connection': 'keep-alive', 'vary': 'Origin', 'x-request-id': 'req_51a786d1528e4b89ba62c21b86e4dc8e', 'x-envoy-upstream-service-time': '4', 'x-openai-proxy-wasm': 'v0.1', 'cf-cache-status': 'DYNAMIC', 'strict-transport-security': 'max-age=31536000; includeSubDomains; preload', 'x-content-type-options': 'nosniff', 'server': 'cloudflare', 'cf-ray': '998dea453d0bb118-KIX', 'alt-svc': 'h3=":443"; ma=86400'})
2025-11-04 03:25:35,883 DEBUG openai._base_client: request_id: req_51a786d1528e4b89ba62c21b86e4dc8e
2025-11-04 03:25:35,883 DEBUG openai._base_client: Encountered httpx.HTTPStatusError
Traceback (most recent call last):
  File "C:\Users\user\workfolders\imabari3dcad\.venv\lib\site-packages\openai\_base_client.py", line 1574, in request
    response.raise_for_status()
  File "C:\Users\user\workfolders\imabari3dcad\.venv\lib\site-packages\httpx\_models.py", line 829, in raise_for_status
    raise HTTPStatusError(message, request=request, response=self)
httpx.HTTPStatusError: Client error '429 Too Many Requests' for url 'https://api.openai.com/v1/chat/completions'
For more information check: https://developer.mozilla.org/en-US/docs/Web/HTTP/Status/429
2025-11-04 03:25:35,883 DEBUG openai._base_client: Retrying due to status code 429
2025-11-04 03:25:35,883 DEBUG openai._base_client: 1 retry left
2025-11-04 03:25:35,884 INFO openai._base_client: Retrying request to /chat/completions in 1.735109 seconds
2025-11-04 03:25:37,635 DEBUG openai._base_client: Request options: {'method': 'post', 'url': '/chat/completions', 'files': None, 'idempotency_key': 'stainless-python-retry-cca322cd-9f89-4b3b-9ecd-cb9252f9b13e', 'json_data': {'messages': [{'role': 'user', 'content': "Some text is provided below. Given the text, extract up to 10 knowledge triplets in the form of (subject, predicate, object). Avoid stopwords.\n---------------------\nExample:Text: Alice is Bob's mother.Triplets:\n(Alice, is mother of, Bob)\nText: Philz is a coffee shop founded in Berkeley in 1982.\nTriplets:\n(Philz, is, coffee shop)\n(Philz, founded in, Berkeley)\n(Philz, founded in, 1982)\n---------------------\nText: document_id: C:\\Users\\user\\workfolders\\imabari3dcad\\evoship\\EVOSHIP_HELP_FILES\\about_annotation.html\nsource_path: C:\\Users\\user\\workfolders\\imabari3dcad\\evoship\\EVOSHIP_HELP_FILES\\about_annotation.html\nsection_id: b44e2dce0448c0e4b08e5be898df93f6c4e4f2fc\ntitle: アノーテーション\nsection_heading: アノーテーション\nsection_level: 2\nsection_index: 0\nlast_modified: 2025-08-06T13:57:54+00:00\nextracted_at: 2025-11-03T18:25:22+00:00\ndata_source: EVOSHIP_HELP_FILES\nchunk_id: afb1edc8-93f8-41f0-9ac5-e0901bc4c707\nchunk_index: 0\ntext_length: 36\nstart_char_idx: 0\nend_char_idx: 36\nnodes: [EntityNode(label='HelpDocument', embedding=None, properties={'document_id': 'C:\\\\Users\\\\user\\\\workfolders\\\\imabari3dcad\\\\evoship\\\\EVOSHIP_HELP_FILES\\\\about_annotation.html', 'source_path': 'C:\\\\Users\\\\user\\\\workfolders\\\\imabari3dcad\\\\evoship\\\\EVOSHIP_HELP_FILES\\\\about_annotation.html', 'title': 'アノーテーション', 'headings': ['アノーテーション'], 'section_count': 1, 'last_modified': '2025-08-06T13:57:54+00:00', 'extracted_at': '2025-11-03T18:25:22+00:00', 'data_source': 'EVOSHIP_HELP_FILES'}, name='C:\\\\Users\\\\user\\\\workfolders\\\\imabari3dcad\\\\evoship\\\\EVOSHIP_HELP_FILES\\\\about_annotation.html'), EntityNode(label='HelpSection', embedding=None, properties={'section_id': 'b44e2dce0448c0e4b08e5be898df93f6c4e4f2fc', 'document_id': 'C:\\\\Users\\\\user\\\\workfolders\\\\imabari3dcad\\\\evoship\\\\EVOSHIP_HELP_FILES\\\\about_annotation.html', 'source_path': 'C:\\\\Users\\\\user\\\\workfolders\\\\imabari3dcad\\\\evoship\\\\EVOSHIP_HELP_FILES\\\\about_annotation.html', 'title': 'アノーテーション', 'section_heading': 'アノーテーション', 'section_level': 2, 'section_index': 0, 'last_modified': '2025-08-06T13:57:54+00:00', 'extracted_at': '2025-11-03T18:25:22+00:00', 'data_source': 'EVOSHIP_HELP_FILES'}, name='b44e2dce0448c0e4b08e5be898df93f6c4e4f2fc'), ChunkNode(label='HelpChunk', embedding=None, properties={'chunk_id': 'afb1edc8-93f8-41f0-9ac5-e0901bc4c707', 'document_id': 'C:\\\\Users\\\\user\\\\workfolders\\\\imabari3dcad\\\\evoship\\\\EVOSHIP_HELP_FILES\\\\about_annotation.html', 'section_id': 'b44e2dce0448c0e4b08e5be898df93f6c4e4f2fc', 'source_path': 'C:\\\\Users\\\\user\\\\workfolders\\\\imabari3dcad\\\\evoship\\\\EVOSHIP_HELP_FILES\\\\about_annotation.html', 'title': 'アノーテーション', 'section_heading': 'アノーテーション', 'section_level': 2, 'section_index': 0, 'last_modified': '2025-08-06T13:57:54+00:00', 'extracted_at': '2025-11-03T18:25:22+00:00', 'chunk_index': 0, 'text_length': 36, 'start_char_idx': 0, 'end_char_idx': 36, 'data_source': 'EVOSHIP_HELP_FILES'}, text='アノーテーション\\n\\n３次元位置や要素上に 注記 をつけることができます。', id_='afb1edc8-93f8-41f0-9ac5-e0901bc4c707')]\nrelations: [Relation(label='HAS_SECTION', source_id='C:\\\\Users\\\\user\\\\workfolders\\\\imabari3dcad\\\\evoship\\\\EVOSHIP_HELP_FILES\\\\about_annotation.html', target_id='b44e2dce0448c0e4b08e5be898df93f6c4e4f2fc', properties={'data_source': 'EVOSHIP_HELP_FILES'}), Relation(label='HAS_CHUNK', source_id='C:\\\\Users\\\\user\\\\workfolders\\\\imabari3dcad\\\\evoship\\\\EVOSHIP_HELP_FILES\\\\about_annotation.html', target_id='afb1edc8-93f8-41f0-9ac5-e0901bc4c707', properties={'data_source': 'EVOSHIP_HELP_FILES', 'section_id': 'b44e2dce0448c0e4b08e5be898df93f6c4e4f2fc', 'chunk_index': 0}), Relation(label='HAS_CHUNK', source_id='b44e2dce0448c0e4b08e5be898df93f6c4e4f2fc', target_id='afb1edc8-93f8-41f0-9ac5-e0901bc4c707', properties={'data_source': 'EVOSHIP_HELP_FILES', 'chunk_index': 0})]\n\nアノーテーション\n\n３次元位置や要素上に 注記 をつけることができます。\nTriplets:\n"}], 'model': 'gpt-5-nano', 'stream': False, 'temperature': 1.0}}
2025-11-04 03:25:37,637 DEBUG openai._base_client: Sending HTTP Request: POST https://api.openai.com/v1/chat/completions
2025-11-04 03:25:37,638 DEBUG httpcore.http11: send_request_headers.started request=<Request [b'POST']>
2025-11-04 03:25:37,638 DEBUG httpcore.http11: send_request_headers.complete
2025-11-04 03:25:37,638 DEBUG httpcore.http11: send_request_body.started request=<Request [b'POST']>
2025-11-04 03:25:37,638 DEBUG httpcore.http11: send_request_body.complete
2025-11-04 03:25:37,638 DEBUG httpcore.http11: receive_response_headers.started request=<Request [b'POST']>
2025-11-04 03:25:37,827 DEBUG httpcore.http11: receive_response_headers.complete return_value=(b'HTTP/1.1', 429, b'Too Many Requests', [(b'Date', b'Mon, 03 Nov 2025 18:25:37 GMT'), (b'Content-Type', b'application/json; charset=utf-8'), (b'Content-Length', b'337'), (b'Connection', b'keep-alive'), (b'vary', b'Origin'), (b'x-request-id', b'req_4f8437f03c2544fd9b21965c6d7f6e98'), (b'x-envoy-upstream-service-time', b'8'), (b'x-openai-proxy-wasm', b'v0.1'), (b'cf-cache-status', b'DYNAMIC'), (b'Strict-Transport-Security', b'max-age=31536000; includeSubDomains; preload'), (b'X-Content-Type-Options', b'nosniff'), (b'Server', b'cloudflare'), (b'CF-RAY', b'998dea516faeb118-KIX'), (b'alt-svc', b'h3=":443"; ma=86400')])
2025-11-04 03:25:37,827 INFO httpx: HTTP Request: POST https://api.openai.com/v1/chat/completions "HTTP/1.1 429 Too Many Requests"
2025-11-04 03:25:37,827 DEBUG httpcore.http11: receive_response_body.started request=<Request [b'POST']>
2025-11-04 03:25:37,827 DEBUG httpcore.http11: receive_response_body.complete
2025-11-04 03:25:37,828 DEBUG httpcore.http11: response_closed.started
2025-11-04 03:25:37,828 DEBUG httpcore.http11: response_closed.complete
2025-11-04 03:25:37,828 DEBUG openai._base_client: HTTP Response: POST https://api.openai.com/v1/chat/completions "429 Too Many Requests" Headers({'date': 'Mon, 03 Nov 2025 18:25:37 GMT', 'content-type': 'application/json; charset=utf-8', 'content-length': '337', 'connection': 'keep-alive', 'vary': 'Origin', 'x-request-id': 'req_4f8437f03c2544fd9b21965c6d7f6e98', 'x-envoy-upstream-service-time': '8', 'x-openai-proxy-wasm': 'v0.1', 'cf-cache-status': 'DYNAMIC', 'strict-transport-security': 'max-age=31536000; includeSubDomains; preload', 'x-content-type-options': 'nosniff', 'server': 'cloudflare', 'cf-ray': '998dea516faeb118-KIX', 'alt-svc': 'h3=":443"; ma=86400'})
2025-11-04 03:25:37,828 DEBUG openai._base_client: request_id: req_4f8437f03c2544fd9b21965c6d7f6e98
2025-11-04 03:25:37,828 DEBUG openai._base_client: Encountered httpx.HTTPStatusError
Traceback (most recent call last):
  File "C:\Users\user\workfolders\imabari3dcad\.venv\lib\site-packages\openai\_base_client.py", line 1574, in request
    response.raise_for_status()
  File "C:\Users\user\workfolders\imabari3dcad\.venv\lib\site-packages\httpx\_models.py", line 829, in raise_for_status
    raise HTTPStatusError(message, request=request, response=self)
httpx.HTTPStatusError: Client error '429 Too Many Requests' for url 'https://api.openai.com/v1/chat/completions'
For more information check: https://developer.mozilla.org/en-US/docs/Web/HTTP/Status/429
2025-11-04 03:25:37,828 DEBUG openai._base_client: Re-raising status error
2025-11-04 03:25:37,831 DEBUG neo4j.pool: [#0000]  _: <POOL> close
2025-11-04 03:25:37,831 DEBUG neo4j.io: [#F1B2]  C: GOODBYE
2025-11-04 03:25:37,831 DEBUG neo4j.io: [#F1B2]  C: <CLOSE>
2025-11-04 03:25:37,831 ERROR root: インポート処理中にエラーが発生しました: Error code: 429 - {'error': {'message': 'You exceeded your current quota, please check your plan and billing details. For more information on this error, read the docs: https://platform.openai.com/docs/guides/error-codes/api-errors.', 'type': 'insufficient_quota', 'param': None, 'code': 'insufficient_quota'}}
2025-11-04 03:30:59,993 DEBUG llama_index.core.node_parser.node_utils: > Adding chunk: アノーテーション

３次元位置や要素上に 注記 をつけることができます。
2025-11-04 03:30:59,993 INFO root: LlamaIndexでチャンク化完了: 1 documents, 1 sections, 1 chunks (chunk_size=800, overlap=120)
2025-11-04 03:30:59,995 DEBUG neo4j.pool: [#0000]  _: <POOL> created, direct address IPv4Address(('127.0.0.1', 7687))
2025-11-04 03:30:59,995 DEBUG neo4j.pool: [#0000]  _: <POOL> created, direct address IPv4Address(('127.0.0.1', 7687))
2025-11-04 03:30:59,996 DEBUG neo4j: [#0000]  _: <WORKSPACE> routing towards fixed database: helpfile
2025-11-04 03:30:59,996 DEBUG neo4j: [#0000]  _: <WORKSPACE> pinning database: 'helpfile'
2025-11-04 03:30:59,996 DEBUG neo4j.pool: [#0000]  _: <POOL> acquire direct connection, access_mode='WRITE', database=AcquisitionDatabase(name='helpfile', guessed=False)
2025-11-04 03:30:59,996 DEBUG neo4j.pool: [#0000]  _: <POOL> trying to hand out new connection
2025-11-04 03:30:59,996 DEBUG neo4j.io: [#0000]  _: <RESOLVE> in: 127.0.0.1:7687
2025-11-04 03:30:59,996 DEBUG neo4j.io: [#0000]  _: <RESOLVE> dns resolver out: 127.0.0.1:7687
2025-11-04 03:30:59,996 DEBUG neo4j.io: [#0000]  C: <OPEN> 127.0.0.1:7687
2025-11-04 03:30:59,997 DEBUG neo4j.io: [#FC8F]  C: <MAGIC> 0x6060B017
2025-11-04 03:30:59,997 DEBUG neo4j.io: [#FC8F]  C: <HANDSHAKE> 0x000001FF 0x00080805 0x00020404 0x00000003
2025-11-04 03:31:00,021 DEBUG neo4j.io: [#FC8F]  S: <HANDSHAKE> 0x000001FF [3] 0x00040404 0x00040405 0x00020805 0x00
2025-11-04 03:31:00,022 DEBUG neo4j.io: [#FC8F]  C: <HANDSHAKE> 0x00000805 0x00
2025-11-04 03:31:00,022 DEBUG neo4j.io: [#FC8F]  C: HELLO {'user_agent': 'neo4j-python/5.28.2 Python/3.10.17-final-0 (win32)', 'notifications_minimum_severity': 'OFF', 'bolt_agent': {'product': 'neo4j-python/5.28.2', 'platform': 'Windows 10; AMD64', 'language': 'Python/3.10.17-final-0', 'language_details': 'CPython; 3.10.17-final-0 (main, Apr  9 2025 03:56:18) [MSC v.1943 64 bit (AMD64)]'}}
2025-11-04 03:31:00,022 DEBUG neo4j.io: [#FC8F]  _: <CONNECTION> client state: CONNECTED > AUTHENTICATION
2025-11-04 03:31:00,022 DEBUG neo4j.io: [#FC8F]  C: LOGON {'scheme': 'basic', 'principal': 'neo4j', 'credentials': '*******'}
2025-11-04 03:31:00,022 DEBUG neo4j.io: [#FC8F]  _: <CONNECTION> client state: AUTHENTICATION > READY
2025-11-04 03:31:00,024 DEBUG neo4j.io: [#FC8F]  S: SUCCESS {'server': 'Neo4j/2025.06.2', 'protocol_version': '5.8', 'connection_id': 'bolt-30', 'hints': {'connection.recv_timeout_seconds': 120, 'ssr.enabled': True}}
2025-11-04 03:31:00,024 DEBUG neo4j.io: [#FC8F]  _: <CONNECTION> server state: CONNECTED > AUTHENTICATION
2025-11-04 03:31:00,030 DEBUG neo4j.io: [#FC8F]  S: SUCCESS {'advertised_address': 'localhost:7687'}
2025-11-04 03:31:00,030 DEBUG neo4j.io: [#FC8F]  _: <CONNECTION> server state: AUTHENTICATION > READY
2025-11-04 03:31:00,030 DEBUG neo4j.io: [#FC8F]  C: BEGIN {'db': 'helpfile'}
2025-11-04 03:31:00,030 DEBUG neo4j.io: [#FC8F]  _: <CONNECTION> client state: READY > TX_READY_OR_TX_STREAMING
2025-11-04 03:31:00,030 DEBUG neo4j.io: [#FC8F]  C: RUN '\nCALL apoc.meta.data()\nYIELD label, other, elementType, type, property\nWHERE NOT type = "RELATIONSHIP" AND elementType = "node"\n  AND NOT label IN $EXCLUDED_LABELS\nWITH label AS nodeLabels, collect({property:property, type:type}) AS properties\nRETURN {labels: nodeLabels, properties: properties} AS output\n\n' {'EXCLUDED_LABELS': ['_Bloom_Perspective_', '_Bloom_Scene_', '__Entity__', '__Node__']} {}
2025-11-04 03:31:00,030 DEBUG neo4j.io: [#FC8F]  C: PULL {'n': 1000}
2025-11-04 03:31:00,034 DEBUG neo4j.io: [#FC8F]  S: SUCCESS {}
2025-11-04 03:31:00,034 DEBUG neo4j.io: [#FC8F]  _: <CONNECTION> server state: READY > TX_READY_OR_TX_STREAMING
2025-11-04 03:31:00,037 DEBUG neo4j.io: [#FC8F]  S: SUCCESS {'t_first': 3, 'fields': ['output'], 'qid': 0}
2025-11-04 03:31:00,048 DEBUG neo4j.io: [#FC8F]  S: SUCCESS {'statuses': [{'gql_status': '02000', 'status_description': 'note: no data'}], 'type': 'r', 't_last': 10, 'db': 'helpfile'}
2025-11-04 03:31:00,048 DEBUG neo4j.io: [#FC8F]  C: COMMIT
2025-11-04 03:31:00,049 DEBUG neo4j.io: [#FC8F]  _: <CONNECTION> client state: TX_READY_OR_TX_STREAMING > READY
2025-11-04 03:31:00,050 DEBUG neo4j.io: [#FC8F]  S: SUCCESS {'bookmark': 'FB:kcwQ8rwaENxyTdu2M21TLrZqzskGvpA='}
2025-11-04 03:31:00,050 DEBUG neo4j.io: [#FC8F]  _: <CONNECTION> server state: TX_READY_OR_TX_STREAMING > READY
2025-11-04 03:31:00,050 DEBUG neo4j.pool: [#FC8F]  _: <POOL> released bolt-30
2025-11-04 03:31:00,052 DEBUG neo4j: [#0000]  _: <WORKSPACE> routing towards fixed database: helpfile
2025-11-04 03:31:00,052 DEBUG neo4j: [#0000]  _: <WORKSPACE> pinning database: 'helpfile'
2025-11-04 03:31:00,052 DEBUG neo4j.pool: [#0000]  _: <POOL> acquire direct connection, access_mode='WRITE', database=AcquisitionDatabase(name='helpfile', guessed=False)
2025-11-04 03:31:00,052 DEBUG neo4j.pool: [#FC8F]  _: <POOL> picked existing connection bolt-30
2025-11-04 03:31:00,052 DEBUG neo4j.pool: [#FC8F]  _: <POOL> checked re_auth auth=None updated=False force=False
2025-11-04 03:31:00,052 DEBUG neo4j.pool: [#FC8F]  _: <POOL> handing out existing connection
2025-11-04 03:31:00,052 DEBUG neo4j.io: [#FC8F]  C: BEGIN {'db': 'helpfile', 'bookmarks': ['FB:kcwQ8rwaENxyTdu2M21TLrZqzskGvpA=']}
2025-11-04 03:31:00,052 DEBUG neo4j.io: [#FC8F]  _: <CONNECTION> client state: READY > TX_READY_OR_TX_STREAMING
2025-11-04 03:31:00,052 DEBUG neo4j.io: [#FC8F]  C: RUN '\nCALL apoc.meta.data()\nYIELD label, other, elementType, type, property\nWHERE NOT type = "RELATIONSHIP" AND elementType = "relationship"\n      AND NOT label in $EXCLUDED_LABELS\nWITH label AS nodeLabels, collect({property:property, type:type}) AS properties\nRETURN {type: nodeLabels, properties: properties} AS output\n' {'EXCLUDED_LABELS': ['_Bloom_HAS_SCENE_']} {}
2025-11-04 03:31:00,053 DEBUG neo4j.io: [#FC8F]  C: PULL {'n': 1000}
2025-11-04 03:31:00,055 DEBUG neo4j.io: [#FC8F]  S: SUCCESS {}
2025-11-04 03:31:00,055 DEBUG neo4j.io: [#FC8F]  _: <CONNECTION> server state: READY > TX_READY_OR_TX_STREAMING
2025-11-04 03:31:00,058 DEBUG neo4j.io: [#FC8F]  S: SUCCESS {'t_first': 2, 'fields': ['output'], 'qid': 0}
2025-11-04 03:31:00,067 DEBUG neo4j.io: [#FC8F]  S: SUCCESS {'statuses': [{'gql_status': '02000', 'status_description': 'note: no data'}], 'type': 'r', 't_last': 7, 'db': 'helpfile'}
2025-11-04 03:31:00,067 DEBUG neo4j.io: [#FC8F]  C: COMMIT
2025-11-04 03:31:00,068 DEBUG neo4j.io: [#FC8F]  _: <CONNECTION> client state: TX_READY_OR_TX_STREAMING > READY
2025-11-04 03:31:00,069 DEBUG neo4j.io: [#FC8F]  S: SUCCESS {'bookmark': 'FB:kcwQ8rwaENxyTdu2M21TLrZqzskGvpA='}
2025-11-04 03:31:00,069 DEBUG neo4j.io: [#FC8F]  _: <CONNECTION> server state: TX_READY_OR_TX_STREAMING > READY
2025-11-04 03:31:00,069 DEBUG neo4j.pool: [#FC8F]  _: <POOL> released bolt-30
2025-11-04 03:31:00,069 DEBUG neo4j: [#0000]  _: <WORKSPACE> routing towards fixed database: helpfile
2025-11-04 03:31:00,069 DEBUG neo4j: [#0000]  _: <WORKSPACE> pinning database: 'helpfile'
2025-11-04 03:31:00,069 DEBUG neo4j.pool: [#0000]  _: <POOL> acquire direct connection, access_mode='WRITE', database=AcquisitionDatabase(name='helpfile', guessed=False)
2025-11-04 03:31:00,070 DEBUG neo4j.pool: [#FC8F]  _: <POOL> picked existing connection bolt-30
2025-11-04 03:31:00,070 DEBUG neo4j.pool: [#FC8F]  _: <POOL> checked re_auth auth=None updated=False force=False
2025-11-04 03:31:00,070 DEBUG neo4j.pool: [#FC8F]  _: <POOL> handing out existing connection
2025-11-04 03:31:00,070 DEBUG neo4j.io: [#FC8F]  C: BEGIN {'db': 'helpfile', 'bookmarks': ['FB:kcwQ8rwaENxyTdu2M21TLrZqzskGvpA=']}
2025-11-04 03:31:00,070 DEBUG neo4j.io: [#FC8F]  _: <CONNECTION> client state: READY > TX_READY_OR_TX_STREAMING
2025-11-04 03:31:00,070 DEBUG neo4j.io: [#FC8F]  C: RUN '\nCALL apoc.meta.data()\nYIELD label, other, elementType, type, property\nWHERE type = "RELATIONSHIP" AND elementType = "node"\nUNWIND other AS other_node\nWITH * WHERE NOT label IN $EXCLUDED_LABELS\n    AND NOT other_node IN $EXCLUDED_LABELS\nRETURN {start: label, type: property, end: toString(other_node)} AS output\n' {'EXCLUDED_LABELS': ['_Bloom_Perspective_', '_Bloom_Scene_', '__Entity__', '__Node__']} {}
2025-11-04 03:31:00,070 DEBUG neo4j.io: [#FC8F]  C: PULL {'n': 1000}
2025-11-04 03:31:00,075 DEBUG neo4j.io: [#FC8F]  S: SUCCESS {}
2025-11-04 03:31:00,075 DEBUG neo4j.io: [#FC8F]  _: <CONNECTION> server state: READY > TX_READY_OR_TX_STREAMING
2025-11-04 03:31:00,080 DEBUG neo4j.io: [#FC8F]  S: SUCCESS {'t_first': 4, 'fields': ['output'], 'qid': 0}
2025-11-04 03:31:00,086 DEBUG neo4j.io: [#FC8F]  S: SUCCESS {'statuses': [{'gql_status': '02000', 'status_description': 'note: no data'}], 'type': 'r', 't_last': 6, 'db': 'helpfile'}
2025-11-04 03:31:00,087 DEBUG neo4j.io: [#FC8F]  C: COMMIT
2025-11-04 03:31:00,087 DEBUG neo4j.io: [#FC8F]  _: <CONNECTION> client state: TX_READY_OR_TX_STREAMING > READY
2025-11-04 03:31:00,088 DEBUG neo4j.io: [#FC8F]  S: SUCCESS {'bookmark': 'FB:kcwQ8rwaENxyTdu2M21TLrZqzskGvpA='}
2025-11-04 03:31:00,088 DEBUG neo4j.io: [#FC8F]  _: <CONNECTION> server state: TX_READY_OR_TX_STREAMING > READY
2025-11-04 03:31:00,088 DEBUG neo4j.pool: [#FC8F]  _: <POOL> released bolt-30
2025-11-04 03:31:00,088 DEBUG neo4j: [#0000]  _: <WORKSPACE> routing towards fixed database: helpfile
2025-11-04 03:31:00,089 DEBUG neo4j: [#0000]  _: <WORKSPACE> pinning database: 'helpfile'
2025-11-04 03:31:00,089 DEBUG neo4j.pool: [#0000]  _: <POOL> acquire direct connection, access_mode='WRITE', database=AcquisitionDatabase(name='helpfile', guessed=False)
2025-11-04 03:31:00,089 DEBUG neo4j.pool: [#FC8F]  _: <POOL> picked existing connection bolt-30
2025-11-04 03:31:00,089 DEBUG neo4j.pool: [#FC8F]  _: <POOL> checked re_auth auth=None updated=False force=False
2025-11-04 03:31:00,089 DEBUG neo4j.pool: [#FC8F]  _: <POOL> handing out existing connection
2025-11-04 03:31:00,089 DEBUG neo4j.io: [#FC8F]  C: BEGIN {'db': 'helpfile', 'bookmarks': ['FB:kcwQ8rwaENxyTdu2M21TLrZqzskGvpA=']}
2025-11-04 03:31:00,089 DEBUG neo4j.io: [#FC8F]  _: <CONNECTION> client state: READY > TX_READY_OR_TX_STREAMING
2025-11-04 03:31:00,089 DEBUG neo4j.io: [#FC8F]  C: RUN 'SHOW CONSTRAINTS' {} {}
2025-11-04 03:31:00,089 DEBUG neo4j.io: [#FC8F]  C: PULL {'n': 1000}
2025-11-04 03:31:00,091 DEBUG neo4j.io: [#FC8F]  S: SUCCESS {}
2025-11-04 03:31:00,091 DEBUG neo4j.io: [#FC8F]  _: <CONNECTION> server state: READY > TX_READY_OR_TX_STREAMING
2025-11-04 03:31:00,093 DEBUG neo4j.io: [#FC8F]  S: SUCCESS {'t_first': 2, 'fields': ['id', 'name', 'type', 'entityType', 'labelsOrTypes', 'properties', 'ownedIndex', 'propertyType'], 'qid': 0}
2025-11-04 03:31:00,097 DEBUG neo4j.io: [#FC8F]  S: RECORD * 1
2025-11-04 03:31:00,097 DEBUG neo4j.io: [#FC8F]  S: RECORD * 1
2025-11-04 03:31:00,097 DEBUG neo4j.io: [#FC8F]  S: SUCCESS {'statuses': [{'gql_status': '00000', 'status_description': 'note: successful completion'}], 'type': 'r', 't_last': 2, 'db': 'helpfile'}
2025-11-04 03:31:00,097 DEBUG neo4j.io: [#FC8F]  C: COMMIT
2025-11-04 03:31:00,097 DEBUG neo4j.io: [#FC8F]  _: <CONNECTION> client state: TX_READY_OR_TX_STREAMING > READY
2025-11-04 03:31:00,099 DEBUG neo4j.io: [#FC8F]  S: SUCCESS {'bookmark': 'FB:kcwQ8rwaENxyTdu2M21TLrZqzskGvpA='}
2025-11-04 03:31:00,100 DEBUG neo4j.io: [#FC8F]  _: <CONNECTION> server state: TX_READY_OR_TX_STREAMING > READY
2025-11-04 03:31:00,100 DEBUG neo4j.pool: [#FC8F]  _: <POOL> released bolt-30
2025-11-04 03:31:00,100 DEBUG neo4j: [#0000]  _: <WORKSPACE> routing towards fixed database: helpfile
2025-11-04 03:31:00,100 DEBUG neo4j: [#0000]  _: <WORKSPACE> pinning database: 'helpfile'
2025-11-04 03:31:00,100 DEBUG neo4j.pool: [#0000]  _: <POOL> acquire direct connection, access_mode='WRITE', database=AcquisitionDatabase(name='helpfile', guessed=False)
2025-11-04 03:31:00,100 DEBUG neo4j.pool: [#FC8F]  _: <POOL> picked existing connection bolt-30
2025-11-04 03:31:00,100 DEBUG neo4j.pool: [#FC8F]  _: <POOL> checked re_auth auth=None updated=False force=False
2025-11-04 03:31:00,100 DEBUG neo4j.pool: [#FC8F]  _: <POOL> handing out existing connection
2025-11-04 03:31:00,100 DEBUG neo4j.io: [#FC8F]  C: BEGIN {'db': 'helpfile', 'bookmarks': ['FB:kcwQ8rwaENxyTdu2M21TLrZqzskGvpA=']}
2025-11-04 03:31:00,100 DEBUG neo4j.io: [#FC8F]  _: <CONNECTION> client state: READY > TX_READY_OR_TX_STREAMING
2025-11-04 03:31:00,101 DEBUG neo4j.io: [#FC8F]  C: RUN "CALL apoc.schema.nodes() YIELD label, properties, type, size, valuesSelectivity WHERE type = 'RANGE' RETURN *, size * valuesSelectivity as distinctValues" {} {}
2025-11-04 03:31:00,101 DEBUG neo4j.io: [#FC8F]  C: PULL {'n': 1000}
2025-11-04 03:31:00,103 DEBUG neo4j.io: [#FC8F]  S: SUCCESS {}
2025-11-04 03:31:00,103 DEBUG neo4j.io: [#FC8F]  _: <CONNECTION> server state: READY > TX_READY_OR_TX_STREAMING
2025-11-04 03:31:00,105 DEBUG neo4j.io: [#FC8F]  S: SUCCESS {'t_first': 2, 'fields': ['label', 'properties', 'size', 'type', 'valuesSelectivity', 'distinctValues'], 'qid': 0}
2025-11-04 03:31:00,108 DEBUG neo4j.io: [#FC8F]  S: RECORD * 1
2025-11-04 03:31:00,108 DEBUG neo4j.io: [#FC8F]  S: RECORD * 1
2025-11-04 03:31:00,109 DEBUG neo4j.io: [#FC8F]  S: SUCCESS {'statuses': [{'gql_status': '00000', 'status_description': 'note: successful completion'}], 'type': 'rw', 't_last': 2, 'db': 'helpfile'}
2025-11-04 03:31:00,109 DEBUG neo4j.io: [#FC8F]  C: COMMIT
2025-11-04 03:31:00,109 DEBUG neo4j.io: [#FC8F]  _: <CONNECTION> client state: TX_READY_OR_TX_STREAMING > READY
2025-11-04 03:31:00,110 DEBUG neo4j.io: [#FC8F]  S: SUCCESS {'bookmark': 'FB:kcwQ8rwaENxyTdu2M21TLrZqzskGvpA='}
2025-11-04 03:31:00,110 DEBUG neo4j.io: [#FC8F]  _: <CONNECTION> server state: TX_READY_OR_TX_STREAMING > READY
2025-11-04 03:31:00,111 DEBUG neo4j.pool: [#FC8F]  _: <POOL> released bolt-30
2025-11-04 03:31:00,111 DEBUG neo4j: [#0000]  _: <WORKSPACE> routing towards fixed database: helpfile
2025-11-04 03:31:00,111 DEBUG neo4j: [#0000]  _: <WORKSPACE> pinning database: 'helpfile'
2025-11-04 03:31:00,111 DEBUG neo4j.pool: [#0000]  _: <POOL> acquire direct connection, access_mode='WRITE', database=AcquisitionDatabase(name='helpfile', guessed=False)
2025-11-04 03:31:00,111 DEBUG neo4j.pool: [#FC8F]  _: <POOL> picked existing connection bolt-30
2025-11-04 03:31:00,111 DEBUG neo4j.pool: [#FC8F]  _: <POOL> checked re_auth auth=None updated=False force=False
2025-11-04 03:31:00,111 DEBUG neo4j.pool: [#FC8F]  _: <POOL> handing out existing connection
2025-11-04 03:31:00,111 DEBUG neo4j.io: [#FC8F]  C: BEGIN {'db': 'helpfile', 'bookmarks': ['FB:kcwQ8rwaENxyTdu2M21TLrZqzskGvpA=']}
2025-11-04 03:31:00,111 DEBUG neo4j.io: [#FC8F]  _: <CONNECTION> client state: READY > TX_READY_OR_TX_STREAMING
2025-11-04 03:31:00,111 DEBUG neo4j.io: [#FC8F]  C: RUN "CALL apoc.meta.subGraph({}) YIELD nodes, relationships RETURN nodes, [rel in relationships | {name:apoc.any.property(rel, 'type'), count: apoc.any.property(rel, 'count')}] AS relationships" {} {}
2025-11-04 03:31:00,112 DEBUG neo4j.io: [#FC8F]  C: PULL {'n': 1000}
2025-11-04 03:31:00,114 DEBUG neo4j.io: [#FC8F]  S: SUCCESS {}
2025-11-04 03:31:00,114 DEBUG neo4j.io: [#FC8F]  _: <CONNECTION> server state: READY > TX_READY_OR_TX_STREAMING
2025-11-04 03:31:00,116 DEBUG neo4j.io: [#FC8F]  S: SUCCESS {'t_first': 1, 'fields': ['nodes', 'relationships'], 'qid': 0}
2025-11-04 03:31:00,123 DEBUG neo4j.io: [#FC8F]  S: RECORD * 1
2025-11-04 03:31:00,123 DEBUG neo4j.io: [#FC8F]  S: SUCCESS {'statuses': [{'gql_status': '00000', 'status_description': 'note: successful completion'}], 'type': 'r', 't_last': 4, 'db': 'helpfile'}
2025-11-04 03:31:00,123 DEBUG neo4j.io: [#FC8F]  C: COMMIT
2025-11-04 03:31:00,123 DEBUG neo4j.io: [#FC8F]  _: <CONNECTION> client state: TX_READY_OR_TX_STREAMING > READY
2025-11-04 03:31:00,124 DEBUG neo4j.io: [#FC8F]  S: SUCCESS {'bookmark': 'FB:kcwQ8rwaENxyTdu2M21TLrZqzskGvpA='}
2025-11-04 03:31:00,124 DEBUG neo4j.io: [#FC8F]  _: <CONNECTION> server state: TX_READY_OR_TX_STREAMING > READY
2025-11-04 03:31:00,125 DEBUG neo4j.pool: [#FC8F]  _: <POOL> released bolt-30
2025-11-04 03:31:00,125 DEBUG neo4j: [#0000]  _: <WORKSPACE> routing towards fixed database: helpfile
2025-11-04 03:31:00,125 DEBUG neo4j: [#0000]  _: <WORKSPACE> pinning database: 'helpfile'
2025-11-04 03:31:00,125 DEBUG neo4j.pool: [#0000]  _: <POOL> acquire direct connection, access_mode='WRITE', database=AcquisitionDatabase(name='helpfile', guessed=False)
2025-11-04 03:31:00,125 DEBUG neo4j.pool: [#FC8F]  _: <POOL> picked existing connection bolt-30
2025-11-04 03:31:00,125 DEBUG neo4j.pool: [#FC8F]  _: <POOL> checked re_auth auth=None updated=False force=False
2025-11-04 03:31:00,125 DEBUG neo4j.pool: [#FC8F]  _: <POOL> handing out existing connection
2025-11-04 03:31:00,125 DEBUG neo4j.io: [#FC8F]  C: BEGIN {'db': 'helpfile', 'bookmarks': ['FB:kcwQ8rwaENxyTdu2M21TLrZqzskGvpA=']}
2025-11-04 03:31:00,125 DEBUG neo4j.io: [#FC8F]  _: <CONNECTION> client state: READY > TX_READY_OR_TX_STREAMING
2025-11-04 03:31:00,125 DEBUG neo4j.io: [#FC8F]  C: RUN 'CALL dbms.components()' {} {}
2025-11-04 03:31:00,125 DEBUG neo4j.io: [#FC8F]  C: PULL {'n': 1000}
2025-11-04 03:31:00,127 DEBUG neo4j.io: [#FC8F]  S: SUCCESS {}
2025-11-04 03:31:00,128 DEBUG neo4j.io: [#FC8F]  _: <CONNECTION> server state: READY > TX_READY_OR_TX_STREAMING
2025-11-04 03:31:00,130 DEBUG neo4j.io: [#FC8F]  S: SUCCESS {'t_first': 2, 'fields': ['name', 'versions', 'edition'], 'qid': 0}
2025-11-04 03:31:00,133 DEBUG neo4j.io: [#FC8F]  S: RECORD * 1
2025-11-04 03:31:00,133 DEBUG neo4j.io: [#FC8F]  S: RECORD * 1
2025-11-04 03:31:00,134 DEBUG neo4j.io: [#FC8F]  S: SUCCESS {'statuses': [{'gql_status': '00000', 'status_description': 'note: successful completion'}], 'type': 's', 't_last': 1, 'db': 'helpfile'}
2025-11-04 03:31:00,134 DEBUG neo4j.io: [#FC8F]  C: COMMIT
2025-11-04 03:31:00,134 DEBUG neo4j.io: [#FC8F]  _: <CONNECTION> client state: TX_READY_OR_TX_STREAMING > READY
2025-11-04 03:31:00,136 DEBUG neo4j.io: [#FC8F]  S: SUCCESS {'bookmark': 'FB:kcwQ8rwaENxyTdu2M21TLrZqzskGvpA='}
2025-11-04 03:31:00,136 DEBUG neo4j.io: [#FC8F]  _: <CONNECTION> server state: TX_READY_OR_TX_STREAMING > READY
2025-11-04 03:31:00,136 DEBUG neo4j.pool: [#FC8F]  _: <POOL> released bolt-30
2025-11-04 03:31:00,136 DEBUG neo4j: [#0000]  _: <WORKSPACE> routing towards fixed database: helpfile
2025-11-04 03:31:00,136 DEBUG neo4j: [#0000]  _: <WORKSPACE> pinning database: 'helpfile'
2025-11-04 03:31:00,136 DEBUG neo4j.pool: [#0000]  _: <POOL> acquire direct connection, access_mode='WRITE', database=AcquisitionDatabase(name='helpfile', guessed=False)
2025-11-04 03:31:00,136 DEBUG neo4j.pool: [#FC8F]  _: <POOL> picked existing connection bolt-30
2025-11-04 03:31:00,136 DEBUG neo4j.pool: [#FC8F]  _: <POOL> checked re_auth auth=None updated=False force=False
2025-11-04 03:31:00,136 DEBUG neo4j.pool: [#FC8F]  _: <POOL> handing out existing connection
2025-11-04 03:31:00,137 DEBUG neo4j.io: [#FC8F]  C: BEGIN {'db': 'helpfile', 'bookmarks': ['FB:kcwQ8rwaENxyTdu2M21TLrZqzskGvpA=']}
2025-11-04 03:31:00,137 DEBUG neo4j.io: [#FC8F]  _: <CONNECTION> client state: READY > TX_READY_OR_TX_STREAMING
2025-11-04 03:31:00,137 DEBUG neo4j.io: [#FC8F]  C: RUN 'CREATE CONSTRAINT IF NOT EXISTS FOR (n:`__Node__`)\n                REQUIRE n.id IS UNIQUE;' {} {}
2025-11-04 03:31:00,137 DEBUG neo4j.io: [#FC8F]  C: PULL {'n': 1000}
2025-11-04 03:31:00,139 DEBUG neo4j.io: [#FC8F]  S: SUCCESS {}
2025-11-04 03:31:00,139 DEBUG neo4j.io: [#FC8F]  _: <CONNECTION> server state: READY > TX_READY_OR_TX_STREAMING
2025-11-04 03:31:00,144 DEBUG neo4j.io: [#FC8F]  S: SUCCESS {'t_first': 4, 'fields': [], 'qid': 0}
2025-11-04 03:31:00,145 DEBUG neo4j.io: [#FC8F]  S: SUCCESS {'statuses': [{'gql_status': '00001', 'status_description': 'note: successful completion - omitted result'}], 'type': 's', 't_last': 0, 'db': 'helpfile'}
2025-11-04 03:31:00,145 DEBUG neo4j.io: [#FC8F]  C: COMMIT
2025-11-04 03:31:00,145 DEBUG neo4j.io: [#FC8F]  _: <CONNECTION> client state: TX_READY_OR_TX_STREAMING > READY
2025-11-04 03:31:00,146 DEBUG neo4j.io: [#FC8F]  S: SUCCESS {'bookmark': 'FB:kcwQ8rwaENxyTdu2M21TLrZqzskGvpA='}
2025-11-04 03:31:00,147 DEBUG neo4j.io: [#FC8F]  _: <CONNECTION> server state: TX_READY_OR_TX_STREAMING > READY
2025-11-04 03:31:00,147 DEBUG neo4j.pool: [#FC8F]  _: <POOL> released bolt-30
2025-11-04 03:31:00,147 DEBUG neo4j: [#0000]  _: <WORKSPACE> routing towards fixed database: helpfile
2025-11-04 03:31:00,147 DEBUG neo4j: [#0000]  _: <WORKSPACE> pinning database: 'helpfile'
2025-11-04 03:31:00,147 DEBUG neo4j.pool: [#0000]  _: <POOL> acquire direct connection, access_mode='WRITE', database=AcquisitionDatabase(name='helpfile', guessed=False)
2025-11-04 03:31:00,147 DEBUG neo4j.pool: [#FC8F]  _: <POOL> picked existing connection bolt-30
2025-11-04 03:31:00,147 DEBUG neo4j.pool: [#FC8F]  _: <POOL> checked re_auth auth=None updated=False force=False
2025-11-04 03:31:00,147 DEBUG neo4j.pool: [#FC8F]  _: <POOL> handing out existing connection
2025-11-04 03:31:00,147 DEBUG neo4j.io: [#FC8F]  C: BEGIN {'db': 'helpfile', 'bookmarks': ['FB:kcwQ8rwaENxyTdu2M21TLrZqzskGvpA=']}
2025-11-04 03:31:00,147 DEBUG neo4j.io: [#FC8F]  _: <CONNECTION> client state: READY > TX_READY_OR_TX_STREAMING
2025-11-04 03:31:00,147 DEBUG neo4j.io: [#FC8F]  C: RUN 'CREATE CONSTRAINT IF NOT EXISTS FOR (n:`__Entity__`)\n                REQUIRE n.id IS UNIQUE;' {} {}
2025-11-04 03:31:00,147 DEBUG neo4j.io: [#FC8F]  C: PULL {'n': 1000}
2025-11-04 03:31:00,149 DEBUG neo4j.io: [#FC8F]  S: SUCCESS {}
2025-11-04 03:31:00,149 DEBUG neo4j.io: [#FC8F]  _: <CONNECTION> server state: READY > TX_READY_OR_TX_STREAMING
2025-11-04 03:31:00,153 DEBUG neo4j.io: [#FC8F]  S: SUCCESS {'t_first': 4, 'fields': [], 'qid': 0}
2025-11-04 03:31:00,154 DEBUG neo4j.io: [#FC8F]  S: SUCCESS {'statuses': [{'gql_status': '00001', 'status_description': 'note: successful completion - omitted result'}], 'type': 's', 't_last': 0, 'db': 'helpfile'}
2025-11-04 03:31:00,154 DEBUG neo4j.io: [#FC8F]  C: COMMIT
2025-11-04 03:31:00,154 DEBUG neo4j.io: [#FC8F]  _: <CONNECTION> client state: TX_READY_OR_TX_STREAMING > READY
2025-11-04 03:31:00,156 DEBUG neo4j.io: [#FC8F]  S: SUCCESS {'bookmark': 'FB:kcwQ8rwaENxyTdu2M21TLrZqzskGvpA='}
2025-11-04 03:31:00,156 DEBUG neo4j.io: [#FC8F]  _: <CONNECTION> server state: TX_READY_OR_TX_STREAMING > READY
2025-11-04 03:31:00,156 DEBUG neo4j.pool: [#FC8F]  _: <POOL> released bolt-30
2025-11-04 03:31:00,156 DEBUG neo4j: [#0000]  _: <WORKSPACE> routing towards fixed database: helpfile
2025-11-04 03:31:00,156 DEBUG neo4j: [#0000]  _: <WORKSPACE> pinning database: 'helpfile'
2025-11-04 03:31:00,156 DEBUG neo4j.pool: [#0000]  _: <POOL> acquire direct connection, access_mode='WRITE', database=AcquisitionDatabase(name='helpfile', guessed=False)
2025-11-04 03:31:00,156 DEBUG neo4j.pool: [#FC8F]  _: <POOL> picked existing connection bolt-30
2025-11-04 03:31:00,156 DEBUG neo4j.pool: [#FC8F]  _: <POOL> checked re_auth auth=None updated=False force=False
2025-11-04 03:31:00,156 DEBUG neo4j.pool: [#FC8F]  _: <POOL> handing out existing connection
2025-11-04 03:31:00,156 DEBUG neo4j.io: [#FC8F]  C: BEGIN {'db': 'helpfile', 'bookmarks': ['FB:kcwQ8rwaENxyTdu2M21TLrZqzskGvpA=']}
2025-11-04 03:31:00,156 DEBUG neo4j.io: [#FC8F]  _: <CONNECTION> client state: READY > TX_READY_OR_TX_STREAMING
2025-11-04 03:31:00,156 DEBUG neo4j.io: [#FC8F]  C: RUN 'CREATE VECTOR INDEX entity IF NOT EXISTS FOR (m:__Entity__) ON m.embedding' {} {}
2025-11-04 03:31:00,156 DEBUG neo4j.io: [#FC8F]  C: PULL {'n': 1000}
2025-11-04 03:31:00,158 DEBUG neo4j.io: [#FC8F]  S: SUCCESS {}
2025-11-04 03:31:00,158 DEBUG neo4j.io: [#FC8F]  _: <CONNECTION> server state: READY > TX_READY_OR_TX_STREAMING
2025-11-04 03:31:00,163 DEBUG neo4j.io: [#FC8F]  S: SUCCESS {'t_first': 4, 'fields': [], 'qid': 0}
2025-11-04 03:31:00,164 DEBUG neo4j.io: [#FC8F]  S: SUCCESS {'statuses': [{'gql_status': '00001', 'status_description': 'note: successful completion - omitted result'}], 'type': 's', 't_last': 0, 'db': 'helpfile'}
2025-11-04 03:31:00,164 DEBUG neo4j.io: [#FC8F]  C: COMMIT
2025-11-04 03:31:00,164 DEBUG neo4j.io: [#FC8F]  _: <CONNECTION> client state: TX_READY_OR_TX_STREAMING > READY
2025-11-04 03:31:00,166 DEBUG neo4j.io: [#FC8F]  S: SUCCESS {'bookmark': 'FB:kcwQ8rwaENxyTdu2M21TLrZqzskGvpA='}
2025-11-04 03:31:00,166 DEBUG neo4j.io: [#FC8F]  _: <CONNECTION> server state: TX_READY_OR_TX_STREAMING > READY
2025-11-04 03:31:00,166 DEBUG neo4j.pool: [#FC8F]  _: <POOL> released bolt-30
2025-11-04 03:31:00,166 INFO root: 既存のヘルプグラフを削除します。
2025-11-04 03:31:00,166 DEBUG neo4j: [#0000]  _: <WORKSPACE> routing towards fixed database: helpfile
2025-11-04 03:31:00,166 DEBUG neo4j: [#0000]  _: <WORKSPACE> pinning database: 'helpfile'
2025-11-04 03:31:00,166 DEBUG neo4j.pool: [#0000]  _: <POOL> acquire direct connection, access_mode='WRITE', database=AcquisitionDatabase(name='helpfile', guessed=False)
2025-11-04 03:31:00,166 DEBUG neo4j.pool: [#FC8F]  _: <POOL> picked existing connection bolt-30
2025-11-04 03:31:00,166 DEBUG neo4j.pool: [#FC8F]  _: <POOL> checked re_auth auth=None updated=False force=False
2025-11-04 03:31:00,166 DEBUG neo4j.pool: [#FC8F]  _: <POOL> handing out existing connection
2025-11-04 03:31:00,166 DEBUG neo4j.io: [#FC8F]  C: BEGIN {'db': 'helpfile', 'bookmarks': ['FB:kcwQ8rwaENxyTdu2M21TLrZqzskGvpA=']}
2025-11-04 03:31:00,167 DEBUG neo4j.io: [#FC8F]  _: <CONNECTION> client state: READY > TX_READY_OR_TX_STREAMING
2025-11-04 03:31:00,167 DEBUG neo4j.io: [#FC8F]  C: RUN 'MATCH (n) WHERE n.data_source = $source DETACH DELETE n' {'source': 'EVOSHIP_HELP_FILES'} {}
2025-11-04 03:31:00,167 DEBUG neo4j.io: [#FC8F]  C: PULL {'n': 1000}
2025-11-04 03:31:00,169 DEBUG neo4j.io: [#FC8F]  S: SUCCESS {}
2025-11-04 03:31:00,169 DEBUG neo4j.io: [#FC8F]  _: <CONNECTION> server state: READY > TX_READY_OR_TX_STREAMING
2025-11-04 03:31:00,173 DEBUG neo4j.io: [#FC8F]  S: SUCCESS {'t_first': 4, 'fields': [], 'qid': 0}
2025-11-04 03:31:00,174 DEBUG neo4j.io: [#FC8F]  S: SUCCESS {'statuses': [{'gql_status': '00001', 'status_description': 'note: successful completion - omitted result'}], 'type': 'w', 't_last': 0, 'db': 'helpfile'}
2025-11-04 03:31:00,174 DEBUG neo4j.io: [#FC8F]  C: COMMIT
2025-11-04 03:31:00,174 DEBUG neo4j.io: [#FC8F]  _: <CONNECTION> client state: TX_READY_OR_TX_STREAMING > READY
2025-11-04 03:31:00,177 DEBUG neo4j.io: [#FC8F]  S: SUCCESS {'bookmark': 'FB:kcwQ8rwaENxyTdu2M21TLrZqzskGvpA='}
2025-11-04 03:31:00,177 DEBUG neo4j.io: [#FC8F]  _: <CONNECTION> server state: TX_READY_OR_TX_STREAMING > READY
2025-11-04 03:31:00,177 DEBUG neo4j.pool: [#FC8F]  _: <POOL> released bolt-30
2025-11-04 03:31:00,713 DEBUG asyncio: Using proactor: IocpProactor
2025-11-04 03:31:01,122 DEBUG openai._base_client: Request options: {'method': 'post', 'url': '/chat/completions', 'files': None, 'idempotency_key': 'stainless-python-retry-899e27de-0dcb-40a4-b97d-b243069963ed', 'json_data': {'messages': [{'role': 'user', 'content': "Some text is provided below. Given the text, extract up to 10 knowledge triplets in the form of (subject, predicate, object). Avoid stopwords.\n---------------------\nExample:Text: Alice is Bob's mother.Triplets:\n(Alice, is mother of, Bob)\nText: Philz is a coffee shop founded in Berkeley in 1982.\nTriplets:\n(Philz, is, coffee shop)\n(Philz, founded in, Berkeley)\n(Philz, founded in, 1982)\n---------------------\nText: document_id: C:\\Users\\user\\workfolders\\imabari3dcad\\evoship\\EVOSHIP_HELP_FILES\\about_annotation.html\nsource_path: C:\\Users\\user\\workfolders\\imabari3dcad\\evoship\\EVOSHIP_HELP_FILES\\about_annotation.html\nsection_id: b44e2dce0448c0e4b08e5be898df93f6c4e4f2fc\ntitle: アノーテーション\nsection_heading: アノーテーション\nsection_level: 2\nsection_index: 0\nlast_modified: 2025-08-06T13:57:54+00:00\nextracted_at: 2025-11-03T18:30:59+00:00\ndata_source: EVOSHIP_HELP_FILES\nchunk_id: 0280a695-6b24-40ca-91d1-216b592ab5fe\nchunk_index: 0\ntext_length: 36\nstart_char_idx: 0\nend_char_idx: 36\nnodes: [EntityNode(label='HelpDocument', embedding=None, properties={'document_id': 'C:\\\\Users\\\\user\\\\workfolders\\\\imabari3dcad\\\\evoship\\\\EVOSHIP_HELP_FILES\\\\about_annotation.html', 'source_path': 'C:\\\\Users\\\\user\\\\workfolders\\\\imabari3dcad\\\\evoship\\\\EVOSHIP_HELP_FILES\\\\about_annotation.html', 'title': 'アノーテーション', 'headings': ['アノーテーション'], 'section_count': 1, 'last_modified': '2025-08-06T13:57:54+00:00', 'extracted_at': '2025-11-03T18:30:59+00:00', 'data_source': 'EVOSHIP_HELP_FILES'}, name='C:\\\\Users\\\\user\\\\workfolders\\\\imabari3dcad\\\\evoship\\\\EVOSHIP_HELP_FILES\\\\about_annotation.html'), EntityNode(label='HelpSection', embedding=None, properties={'section_id': 'b44e2dce0448c0e4b08e5be898df93f6c4e4f2fc', 'document_id': 'C:\\\\Users\\\\user\\\\workfolders\\\\imabari3dcad\\\\evoship\\\\EVOSHIP_HELP_FILES\\\\about_annotation.html', 'source_path': 'C:\\\\Users\\\\user\\\\workfolders\\\\imabari3dcad\\\\evoship\\\\EVOSHIP_HELP_FILES\\\\about_annotation.html', 'title': 'アノーテーション', 'section_heading': 'アノーテーション', 'section_level': 2, 'section_index': 0, 'last_modified': '2025-08-06T13:57:54+00:00', 'extracted_at': '2025-11-03T18:30:59+00:00', 'data_source': 'EVOSHIP_HELP_FILES'}, name='b44e2dce0448c0e4b08e5be898df93f6c4e4f2fc'), ChunkNode(label='HelpChunk', embedding=None, properties={'chunk_id': '0280a695-6b24-40ca-91d1-216b592ab5fe', 'document_id': 'C:\\\\Users\\\\user\\\\workfolders\\\\imabari3dcad\\\\evoship\\\\EVOSHIP_HELP_FILES\\\\about_annotation.html', 'section_id': 'b44e2dce0448c0e4b08e5be898df93f6c4e4f2fc', 'source_path': 'C:\\\\Users\\\\user\\\\workfolders\\\\imabari3dcad\\\\evoship\\\\EVOSHIP_HELP_FILES\\\\about_annotation.html', 'title': 'アノーテーション', 'section_heading': 'アノーテーション', 'section_level': 2, 'section_index': 0, 'last_modified': '2025-08-06T13:57:54+00:00', 'extracted_at': '2025-11-03T18:30:59+00:00', 'chunk_index': 0, 'text_length': 36, 'start_char_idx': 0, 'end_char_idx': 36, 'data_source': 'EVOSHIP_HELP_FILES'}, text='アノーテーション\\n\\n３次元位置や要素上に 注記 をつけることができます。', id_='0280a695-6b24-40ca-91d1-216b592ab5fe')]\nrelations: [Relation(label='HAS_SECTION', source_id='C:\\\\Users\\\\user\\\\workfolders\\\\imabari3dcad\\\\evoship\\\\EVOSHIP_HELP_FILES\\\\about_annotation.html', target_id='b44e2dce0448c0e4b08e5be898df93f6c4e4f2fc', properties={'data_source': 'EVOSHIP_HELP_FILES'}), Relation(label='HAS_CHUNK', source_id='C:\\\\Users\\\\user\\\\workfolders\\\\imabari3dcad\\\\evoship\\\\EVOSHIP_HELP_FILES\\\\about_annotation.html', target_id='0280a695-6b24-40ca-91d1-216b592ab5fe', properties={'data_source': 'EVOSHIP_HELP_FILES', 'section_id': 'b44e2dce0448c0e4b08e5be898df93f6c4e4f2fc', 'chunk_index': 0}), Relation(label='HAS_CHUNK', source_id='b44e2dce0448c0e4b08e5be898df93f6c4e4f2fc', target_id='0280a695-6b24-40ca-91d1-216b592ab5fe', properties={'data_source': 'EVOSHIP_HELP_FILES', 'chunk_index': 0})]\n\nアノーテーション\n\n３次元位置や要素上に 注記 をつけることができます。\nTriplets:\n"}], 'model': 'gpt-4o-mini', 'stream': False, 'temperature': 0.1}}
2025-11-04 03:31:01,123 DEBUG openai._base_client: Sending HTTP Request: POST https://api.openai.com/v1/chat/completions
2025-11-04 03:31:01,126 DEBUG httpcore.connection: connect_tcp.started host='api.openai.com' port=443 local_address=None timeout=60.0 socket_options=None
2025-11-04 03:31:01,173 DEBUG httpcore.connection: connect_tcp.complete return_value=<httpcore._backends.anyio.AnyIOStream object at 0x0000022D11568880>
2025-11-04 03:31:01,173 DEBUG httpcore.connection: start_tls.started ssl_context=<ssl.SSLContext object at 0x0000022D10E2F8C0> server_hostname='api.openai.com' timeout=60.0
2025-11-04 03:31:01,190 DEBUG httpcore.connection: start_tls.complete return_value=<httpcore._backends.anyio.AnyIOStream object at 0x0000022D11527460>
2025-11-04 03:31:01,190 DEBUG httpcore.http11: send_request_headers.started request=<Request [b'POST']>
2025-11-04 03:31:01,191 DEBUG httpcore.http11: send_request_headers.complete
2025-11-04 03:31:01,191 DEBUG httpcore.http11: send_request_body.started request=<Request [b'POST']>
2025-11-04 03:31:01,191 DEBUG httpcore.http11: send_request_body.complete
2025-11-04 03:31:01,191 DEBUG httpcore.http11: receive_response_headers.started request=<Request [b'POST']>
2025-11-04 03:31:01,742 DEBUG httpcore.http11: receive_response_headers.complete return_value=(b'HTTP/1.1', 429, b'Too Many Requests', [(b'Date', b'Mon, 03 Nov 2025 18:31:01 GMT'), (b'Content-Type', b'application/json; charset=utf-8'), (b'Content-Length', b'337'), (b'Connection', b'keep-alive'), (b'vary', b'Origin'), (b'x-request-id', b'req_cb495b1553bc45b1a01107ff43734e31'), (b'x-envoy-upstream-service-time', b'242'), (b'x-openai-proxy-wasm', b'v0.1'), (b'cf-cache-status', b'DYNAMIC'), (b'Set-Cookie', b'__cf_bm=5tYB90aX.6B5gka9HoEdcOmDulgkw.YzsYqr1kC_ORs-1762194661-1.0.1.1-I.d3.Mvblfknu8fl6gfVc7U26MK0ZCiGr4Ewz2oZBL0fLq0Rcss4YyWmf3RMC7RW.bNtck_KvT32kWIr7_AiR0BvcwvIbO6pNWGRzHae7y4; path=/; expires=Mon, 03-Nov-25 19:01:01 GMT; domain=.api.openai.com; HttpOnly; Secure; SameSite=None'), (b'Strict-Transport-Security', b'max-age=31536000; includeSubDomains; preload'), (b'X-Content-Type-Options', b'nosniff'), (b'Set-Cookie', b'_cfuvid=YIPfje8WTbY2XdBZ__4sKMFWiInnIWBsYqKvUNdTlAc-1762194661589-0.0.1.1-604800000; path=/; domain=.api.openai.com; HttpOnly; Secure; SameSite=None'), (b'Server', b'cloudflare'), (b'CF-RAY', b'998df2379ba39625-KIX'), (b'alt-svc', b'h3=":443"; ma=86400')])
2025-11-04 03:31:01,744 INFO httpx: HTTP Request: POST https://api.openai.com/v1/chat/completions "HTTP/1.1 429 Too Many Requests"
2025-11-04 03:31:01,744 DEBUG httpcore.http11: receive_response_body.started request=<Request [b'POST']>
2025-11-04 03:31:01,744 DEBUG httpcore.http11: receive_response_body.complete
2025-11-04 03:31:01,744 DEBUG httpcore.http11: response_closed.started
2025-11-04 03:31:01,744 DEBUG httpcore.http11: response_closed.complete
2025-11-04 03:31:01,744 DEBUG openai._base_client: HTTP Response: POST https://api.openai.com/v1/chat/completions "429 Too Many Requests" Headers([('date', 'Mon, 03 Nov 2025 18:31:01 GMT'), ('content-type', 'application/json; charset=utf-8'), ('content-length', '337'), ('connection', 'keep-alive'), ('vary', 'Origin'), ('x-request-id', 'req_cb495b1553bc45b1a01107ff43734e31'), ('x-envoy-upstream-service-time', '242'), ('x-openai-proxy-wasm', 'v0.1'), ('cf-cache-status', 'DYNAMIC'), ('set-cookie', '__cf_bm=5tYB90aX.6B5gka9HoEdcOmDulgkw.YzsYqr1kC_ORs-1762194661-1.0.1.1-I.d3.Mvblfknu8fl6gfVc7U26MK0ZCiGr4Ewz2oZBL0fLq0Rcss4YyWmf3RMC7RW.bNtck_KvT32kWIr7_AiR0BvcwvIbO6pNWGRzHae7y4; path=/; expires=Mon, 03-Nov-25 19:01:01 GMT; domain=.api.openai.com; HttpOnly; Secure; SameSite=None'), ('strict-transport-security', 'max-age=31536000; includeSubDomains; preload'), ('x-content-type-options', 'nosniff'), ('set-cookie', '_cfuvid=YIPfje8WTbY2XdBZ__4sKMFWiInnIWBsYqKvUNdTlAc-1762194661589-0.0.1.1-604800000; path=/; domain=.api.openai.com; HttpOnly; Secure; SameSite=None'), ('server', 'cloudflare'), ('cf-ray', '998df2379ba39625-KIX'), ('alt-svc', 'h3=":443"; ma=86400')])
2025-11-04 03:31:01,744 DEBUG openai._base_client: request_id: req_cb495b1553bc45b1a01107ff43734e31
2025-11-04 03:31:01,745 DEBUG openai._base_client: Encountered httpx.HTTPStatusError
Traceback (most recent call last):
  File "C:\Users\user\workfolders\imabari3dcad\.venv\lib\site-packages\openai\_base_client.py", line 1574, in request
    response.raise_for_status()
  File "C:\Users\user\workfolders\imabari3dcad\.venv\lib\site-packages\httpx\_models.py", line 829, in raise_for_status
    raise HTTPStatusError(message, request=request, response=self)
httpx.HTTPStatusError: Client error '429 Too Many Requests' for url 'https://api.openai.com/v1/chat/completions'
For more information check: https://developer.mozilla.org/en-US/docs/Web/HTTP/Status/429
2025-11-04 03:31:01,746 DEBUG openai._base_client: Retrying due to status code 429
2025-11-04 03:31:01,746 DEBUG openai._base_client: 3 retries left
2025-11-04 03:31:01,746 INFO openai._base_client: Retrying request to /chat/completions in 0.466965 seconds
2025-11-04 03:31:02,223 DEBUG openai._base_client: Request options: {'method': 'post', 'url': '/chat/completions', 'files': None, 'idempotency_key': 'stainless-python-retry-899e27de-0dcb-40a4-b97d-b243069963ed', 'json_data': {'messages': [{'role': 'user', 'content': "Some text is provided below. Given the text, extract up to 10 knowledge triplets in the form of (subject, predicate, object). Avoid stopwords.\n---------------------\nExample:Text: Alice is Bob's mother.Triplets:\n(Alice, is mother of, Bob)\nText: Philz is a coffee shop founded in Berkeley in 1982.\nTriplets:\n(Philz, is, coffee shop)\n(Philz, founded in, Berkeley)\n(Philz, founded in, 1982)\n---------------------\nText: document_id: C:\\Users\\user\\workfolders\\imabari3dcad\\evoship\\EVOSHIP_HELP_FILES\\about_annotation.html\nsource_path: C:\\Users\\user\\workfolders\\imabari3dcad\\evoship\\EVOSHIP_HELP_FILES\\about_annotation.html\nsection_id: b44e2dce0448c0e4b08e5be898df93f6c4e4f2fc\ntitle: アノーテーション\nsection_heading: アノーテーション\nsection_level: 2\nsection_index: 0\nlast_modified: 2025-08-06T13:57:54+00:00\nextracted_at: 2025-11-03T18:30:59+00:00\ndata_source: EVOSHIP_HELP_FILES\nchunk_id: 0280a695-6b24-40ca-91d1-216b592ab5fe\nchunk_index: 0\ntext_length: 36\nstart_char_idx: 0\nend_char_idx: 36\nnodes: [EntityNode(label='HelpDocument', embedding=None, properties={'document_id': 'C:\\\\Users\\\\user\\\\workfolders\\\\imabari3dcad\\\\evoship\\\\EVOSHIP_HELP_FILES\\\\about_annotation.html', 'source_path': 'C:\\\\Users\\\\user\\\\workfolders\\\\imabari3dcad\\\\evoship\\\\EVOSHIP_HELP_FILES\\\\about_annotation.html', 'title': 'アノーテーション', 'headings': ['アノーテーション'], 'section_count': 1, 'last_modified': '2025-08-06T13:57:54+00:00', 'extracted_at': '2025-11-03T18:30:59+00:00', 'data_source': 'EVOSHIP_HELP_FILES'}, name='C:\\\\Users\\\\user\\\\workfolders\\\\imabari3dcad\\\\evoship\\\\EVOSHIP_HELP_FILES\\\\about_annotation.html'), EntityNode(label='HelpSection', embedding=None, properties={'section_id': 'b44e2dce0448c0e4b08e5be898df93f6c4e4f2fc', 'document_id': 'C:\\\\Users\\\\user\\\\workfolders\\\\imabari3dcad\\\\evoship\\\\EVOSHIP_HELP_FILES\\\\about_annotation.html', 'source_path': 'C:\\\\Users\\\\user\\\\workfolders\\\\imabari3dcad\\\\evoship\\\\EVOSHIP_HELP_FILES\\\\about_annotation.html', 'title': 'アノーテーション', 'section_heading': 'アノーテーション', 'section_level': 2, 'section_index': 0, 'last_modified': '2025-08-06T13:57:54+00:00', 'extracted_at': '2025-11-03T18:30:59+00:00', 'data_source': 'EVOSHIP_HELP_FILES'}, name='b44e2dce0448c0e4b08e5be898df93f6c4e4f2fc'), ChunkNode(label='HelpChunk', embedding=None, properties={'chunk_id': '0280a695-6b24-40ca-91d1-216b592ab5fe', 'document_id': 'C:\\\\Users\\\\user\\\\workfolders\\\\imabari3dcad\\\\evoship\\\\EVOSHIP_HELP_FILES\\\\about_annotation.html', 'section_id': 'b44e2dce0448c0e4b08e5be898df93f6c4e4f2fc', 'source_path': 'C:\\\\Users\\\\user\\\\workfolders\\\\imabari3dcad\\\\evoship\\\\EVOSHIP_HELP_FILES\\\\about_annotation.html', 'title': 'アノーテーション', 'section_heading': 'アノーテーション', 'section_level': 2, 'section_index': 0, 'last_modified': '2025-08-06T13:57:54+00:00', 'extracted_at': '2025-11-03T18:30:59+00:00', 'chunk_index': 0, 'text_length': 36, 'start_char_idx': 0, 'end_char_idx': 36, 'data_source': 'EVOSHIP_HELP_FILES'}, text='アノーテーション\\n\\n３次元位置や要素上に 注記 をつけることができます。', id_='0280a695-6b24-40ca-91d1-216b592ab5fe')]\nrelations: [Relation(label='HAS_SECTION', source_id='C:\\\\Users\\\\user\\\\workfolders\\\\imabari3dcad\\\\evoship\\\\EVOSHIP_HELP_FILES\\\\about_annotation.html', target_id='b44e2dce0448c0e4b08e5be898df93f6c4e4f2fc', properties={'data_source': 'EVOSHIP_HELP_FILES'}), Relation(label='HAS_CHUNK', source_id='C:\\\\Users\\\\user\\\\workfolders\\\\imabari3dcad\\\\evoship\\\\EVOSHIP_HELP_FILES\\\\about_annotation.html', target_id='0280a695-6b24-40ca-91d1-216b592ab5fe', properties={'data_source': 'EVOSHIP_HELP_FILES', 'section_id': 'b44e2dce0448c0e4b08e5be898df93f6c4e4f2fc', 'chunk_index': 0}), Relation(label='HAS_CHUNK', source_id='b44e2dce0448c0e4b08e5be898df93f6c4e4f2fc', target_id='0280a695-6b24-40ca-91d1-216b592ab5fe', properties={'data_source': 'EVOSHIP_HELP_FILES', 'chunk_index': 0})]\n\nアノーテーション\n\n３次元位置や要素上に 注記 をつけることができます。\nTriplets:\n"}], 'model': 'gpt-4o-mini', 'stream': False, 'temperature': 0.1}}
2025-11-04 03:31:02,224 DEBUG openai._base_client: Sending HTTP Request: POST https://api.openai.com/v1/chat/completions
2025-11-04 03:31:02,224 DEBUG httpcore.http11: send_request_headers.started request=<Request [b'POST']>
2025-11-04 03:31:02,225 DEBUG httpcore.http11: send_request_headers.complete
2025-11-04 03:31:02,225 DEBUG httpcore.http11: send_request_body.started request=<Request [b'POST']>
2025-11-04 03:31:02,225 DEBUG httpcore.http11: send_request_body.complete
2025-11-04 03:31:02,225 DEBUG httpcore.http11: receive_response_headers.started request=<Request [b'POST']>
2025-11-04 03:31:02,613 DEBUG httpcore.http11: receive_response_headers.complete return_value=(b'HTTP/1.1', 429, b'Too Many Requests', [(b'Date', b'Mon, 03 Nov 2025 18:31:02 GMT'), (b'Content-Type', b'application/json; charset=utf-8'), (b'Content-Length', b'337'), (b'Connection', b'keep-alive'), (b'vary', b'Origin'), (b'x-request-id', b'req_21e38a5e18b941fd9e6152ab9220e444'), (b'x-envoy-upstream-service-time', b'202'), (b'x-openai-proxy-wasm', b'v0.1'), (b'cf-cache-status', b'DYNAMIC'), (b'Strict-Transport-Security', b'max-age=31536000; includeSubDomains; preload'), (b'X-Content-Type-Options', b'nosniff'), (b'Server', b'cloudflare'), (b'CF-RAY', b'998df23e0e209625-KIX'), (b'alt-svc', b'h3=":443"; ma=86400')])
2025-11-04 03:31:02,614 INFO httpx: HTTP Request: POST https://api.openai.com/v1/chat/completions "HTTP/1.1 429 Too Many Requests"
2025-11-04 03:31:02,614 DEBUG httpcore.http11: receive_response_body.started request=<Request [b'POST']>
2025-11-04 03:31:02,614 DEBUG httpcore.http11: receive_response_body.complete
2025-11-04 03:31:02,615 DEBUG httpcore.http11: response_closed.started
2025-11-04 03:31:02,615 DEBUG httpcore.http11: response_closed.complete
2025-11-04 03:31:02,615 DEBUG openai._base_client: HTTP Response: POST https://api.openai.com/v1/chat/completions "429 Too Many Requests" Headers({'date': 'Mon, 03 Nov 2025 18:31:02 GMT', 'content-type': 'application/json; charset=utf-8', 'content-length': '337', 'connection': 'keep-alive', 'vary': 'Origin', 'x-request-id': 'req_21e38a5e18b941fd9e6152ab9220e444', 'x-envoy-upstream-service-time': '202', 'x-openai-proxy-wasm': 'v0.1', 'cf-cache-status': 'DYNAMIC', 'strict-transport-security': 'max-age=31536000; includeSubDomains; preload', 'x-content-type-options': 'nosniff', 'server': 'cloudflare', 'cf-ray': '998df23e0e209625-KIX', 'alt-svc': 'h3=":443"; ma=86400'})
2025-11-04 03:31:02,615 DEBUG openai._base_client: request_id: req_21e38a5e18b941fd9e6152ab9220e444
2025-11-04 03:31:02,615 DEBUG openai._base_client: Encountered httpx.HTTPStatusError
Traceback (most recent call last):
  File "C:\Users\user\workfolders\imabari3dcad\.venv\lib\site-packages\openai\_base_client.py", line 1574, in request
    response.raise_for_status()
  File "C:\Users\user\workfolders\imabari3dcad\.venv\lib\site-packages\httpx\_models.py", line 829, in raise_for_status
    raise HTTPStatusError(message, request=request, response=self)
httpx.HTTPStatusError: Client error '429 Too Many Requests' for url 'https://api.openai.com/v1/chat/completions'
For more information check: https://developer.mozilla.org/en-US/docs/Web/HTTP/Status/429
2025-11-04 03:31:02,616 DEBUG openai._base_client: Retrying due to status code 429
2025-11-04 03:31:02,616 DEBUG openai._base_client: 2 retries left
2025-11-04 03:31:02,616 INFO openai._base_client: Retrying request to /chat/completions in 0.837856 seconds
2025-11-04 03:31:03,462 DEBUG openai._base_client: Request options: {'method': 'post', 'url': '/chat/completions', 'files': None, 'idempotency_key': 'stainless-python-retry-899e27de-0dcb-40a4-b97d-b243069963ed', 'json_data': {'messages': [{'role': 'user', 'content': "Some text is provided below. Given the text, extract up to 10 knowledge triplets in the form of (subject, predicate, object). Avoid stopwords.\n---------------------\nExample:Text: Alice is Bob's mother.Triplets:\n(Alice, is mother of, Bob)\nText: Philz is a coffee shop founded in Berkeley in 1982.\nTriplets:\n(Philz, is, coffee shop)\n(Philz, founded in, Berkeley)\n(Philz, founded in, 1982)\n---------------------\nText: document_id: C:\\Users\\user\\workfolders\\imabari3dcad\\evoship\\EVOSHIP_HELP_FILES\\about_annotation.html\nsource_path: C:\\Users\\user\\workfolders\\imabari3dcad\\evoship\\EVOSHIP_HELP_FILES\\about_annotation.html\nsection_id: b44e2dce0448c0e4b08e5be898df93f6c4e4f2fc\ntitle: アノーテーション\nsection_heading: アノーテーション\nsection_level: 2\nsection_index: 0\nlast_modified: 2025-08-06T13:57:54+00:00\nextracted_at: 2025-11-03T18:30:59+00:00\ndata_source: EVOSHIP_HELP_FILES\nchunk_id: 0280a695-6b24-40ca-91d1-216b592ab5fe\nchunk_index: 0\ntext_length: 36\nstart_char_idx: 0\nend_char_idx: 36\nnodes: [EntityNode(label='HelpDocument', embedding=None, properties={'document_id': 'C:\\\\Users\\\\user\\\\workfolders\\\\imabari3dcad\\\\evoship\\\\EVOSHIP_HELP_FILES\\\\about_annotation.html', 'source_path': 'C:\\\\Users\\\\user\\\\workfolders\\\\imabari3dcad\\\\evoship\\\\EVOSHIP_HELP_FILES\\\\about_annotation.html', 'title': 'アノーテーション', 'headings': ['アノーテーション'], 'section_count': 1, 'last_modified': '2025-08-06T13:57:54+00:00', 'extracted_at': '2025-11-03T18:30:59+00:00', 'data_source': 'EVOSHIP_HELP_FILES'}, name='C:\\\\Users\\\\user\\\\workfolders\\\\imabari3dcad\\\\evoship\\\\EVOSHIP_HELP_FILES\\\\about_annotation.html'), EntityNode(label='HelpSection', embedding=None, properties={'section_id': 'b44e2dce0448c0e4b08e5be898df93f6c4e4f2fc', 'document_id': 'C:\\\\Users\\\\user\\\\workfolders\\\\imabari3dcad\\\\evoship\\\\EVOSHIP_HELP_FILES\\\\about_annotation.html', 'source_path': 'C:\\\\Users\\\\user\\\\workfolders\\\\imabari3dcad\\\\evoship\\\\EVOSHIP_HELP_FILES\\\\about_annotation.html', 'title': 'アノーテーション', 'section_heading': 'アノーテーション', 'section_level': 2, 'section_index': 0, 'last_modified': '2025-08-06T13:57:54+00:00', 'extracted_at': '2025-11-03T18:30:59+00:00', 'data_source': 'EVOSHIP_HELP_FILES'}, name='b44e2dce0448c0e4b08e5be898df93f6c4e4f2fc'), ChunkNode(label='HelpChunk', embedding=None, properties={'chunk_id': '0280a695-6b24-40ca-91d1-216b592ab5fe', 'document_id': 'C:\\\\Users\\\\user\\\\workfolders\\\\imabari3dcad\\\\evoship\\\\EVOSHIP_HELP_FILES\\\\about_annotation.html', 'section_id': 'b44e2dce0448c0e4b08e5be898df93f6c4e4f2fc', 'source_path': 'C:\\\\Users\\\\user\\\\workfolders\\\\imabari3dcad\\\\evoship\\\\EVOSHIP_HELP_FILES\\\\about_annotation.html', 'title': 'アノーテーション', 'section_heading': 'アノーテーション', 'section_level': 2, 'section_index': 0, 'last_modified': '2025-08-06T13:57:54+00:00', 'extracted_at': '2025-11-03T18:30:59+00:00', 'chunk_index': 0, 'text_length': 36, 'start_char_idx': 0, 'end_char_idx': 36, 'data_source': 'EVOSHIP_HELP_FILES'}, text='アノーテーション\\n\\n３次元位置や要素上に 注記 をつけることができます。', id_='0280a695-6b24-40ca-91d1-216b592ab5fe')]\nrelations: [Relation(label='HAS_SECTION', source_id='C:\\\\Users\\\\user\\\\workfolders\\\\imabari3dcad\\\\evoship\\\\EVOSHIP_HELP_FILES\\\\about_annotation.html', target_id='b44e2dce0448c0e4b08e5be898df93f6c4e4f2fc', properties={'data_source': 'EVOSHIP_HELP_FILES'}), Relation(label='HAS_CHUNK', source_id='C:\\\\Users\\\\user\\\\workfolders\\\\imabari3dcad\\\\evoship\\\\EVOSHIP_HELP_FILES\\\\about_annotation.html', target_id='0280a695-6b24-40ca-91d1-216b592ab5fe', properties={'data_source': 'EVOSHIP_HELP_FILES', 'section_id': 'b44e2dce0448c0e4b08e5be898df93f6c4e4f2fc', 'chunk_index': 0}), Relation(label='HAS_CHUNK', source_id='b44e2dce0448c0e4b08e5be898df93f6c4e4f2fc', target_id='0280a695-6b24-40ca-91d1-216b592ab5fe', properties={'data_source': 'EVOSHIP_HELP_FILES', 'chunk_index': 0})]\n\nアノーテーション\n\n３次元位置や要素上に 注記 をつけることができます。\nTriplets:\n"}], 'model': 'gpt-4o-mini', 'stream': False, 'temperature': 0.1}}
2025-11-04 03:31:03,463 DEBUG openai._base_client: Sending HTTP Request: POST https://api.openai.com/v1/chat/completions
2025-11-04 03:31:03,464 DEBUG httpcore.http11: send_request_headers.started request=<Request [b'POST']>
2025-11-04 03:31:03,464 DEBUG httpcore.http11: send_request_headers.complete
2025-11-04 03:31:03,464 DEBUG httpcore.http11: send_request_body.started request=<Request [b'POST']>
2025-11-04 03:31:03,465 DEBUG httpcore.http11: send_request_body.complete
2025-11-04 03:31:03,465 DEBUG httpcore.http11: receive_response_headers.started request=<Request [b'POST']>
2025-11-04 03:31:03,655 DEBUG httpcore.http11: receive_response_headers.complete return_value=(b'HTTP/1.1', 429, b'Too Many Requests', [(b'Date', b'Mon, 03 Nov 2025 18:31:03 GMT'), (b'Content-Type', b'application/json; charset=utf-8'), (b'Content-Length', b'337'), (b'Connection', b'keep-alive'), (b'vary', b'Origin'), (b'x-request-id', b'req_1523efc936bb44848304617c725adc53'), (b'x-envoy-upstream-service-time', b'11'), (b'x-openai-proxy-wasm', b'v0.1'), (b'cf-cache-status', b'DYNAMIC'), (b'Strict-Transport-Security', b'max-age=31536000; includeSubDomains; preload'), (b'X-Content-Type-Options', b'nosniff'), (b'Server', b'cloudflare'), (b'CF-RAY', b'998df245c8e79625-KIX'), (b'alt-svc', b'h3=":443"; ma=86400')])
2025-11-04 03:31:03,656 INFO httpx: HTTP Request: POST https://api.openai.com/v1/chat/completions "HTTP/1.1 429 Too Many Requests"
2025-11-04 03:31:03,656 DEBUG httpcore.http11: receive_response_body.started request=<Request [b'POST']>
2025-11-04 03:31:03,656 DEBUG httpcore.http11: receive_response_body.complete
2025-11-04 03:31:03,657 DEBUG httpcore.http11: response_closed.started
2025-11-04 03:31:03,657 DEBUG httpcore.http11: response_closed.complete
2025-11-04 03:31:03,657 DEBUG openai._base_client: HTTP Response: POST https://api.openai.com/v1/chat/completions "429 Too Many Requests" Headers({'date': 'Mon, 03 Nov 2025 18:31:03 GMT', 'content-type': 'application/json; charset=utf-8', 'content-length': '337', 'connection': 'keep-alive', 'vary': 'Origin', 'x-request-id': 'req_1523efc936bb44848304617c725adc53', 'x-envoy-upstream-service-time': '11', 'x-openai-proxy-wasm': 'v0.1', 'cf-cache-status': 'DYNAMIC', 'strict-transport-security': 'max-age=31536000; includeSubDomains; preload', 'x-content-type-options': 'nosniff', 'server': 'cloudflare', 'cf-ray': '998df245c8e79625-KIX', 'alt-svc': 'h3=":443"; ma=86400'})
2025-11-04 03:31:03,657 DEBUG openai._base_client: request_id: req_1523efc936bb44848304617c725adc53
2025-11-04 03:31:03,657 DEBUG openai._base_client: Encountered httpx.HTTPStatusError
Traceback (most recent call last):
  File "C:\Users\user\workfolders\imabari3dcad\.venv\lib\site-packages\openai\_base_client.py", line 1574, in request
    response.raise_for_status()
  File "C:\Users\user\workfolders\imabari3dcad\.venv\lib\site-packages\httpx\_models.py", line 829, in raise_for_status
    raise HTTPStatusError(message, request=request, response=self)
httpx.HTTPStatusError: Client error '429 Too Many Requests' for url 'https://api.openai.com/v1/chat/completions'
For more information check: https://developer.mozilla.org/en-US/docs/Web/HTTP/Status/429
2025-11-04 03:31:03,658 DEBUG openai._base_client: Retrying due to status code 429
2025-11-04 03:31:03,658 DEBUG openai._base_client: 1 retry left
2025-11-04 03:31:03,658 INFO openai._base_client: Retrying request to /chat/completions in 1.521574 seconds
2025-11-04 03:31:05,187 DEBUG openai._base_client: Request options: {'method': 'post', 'url': '/chat/completions', 'files': None, 'idempotency_key': 'stainless-python-retry-899e27de-0dcb-40a4-b97d-b243069963ed', 'json_data': {'messages': [{'role': 'user', 'content': "Some text is provided below. Given the text, extract up to 10 knowledge triplets in the form of (subject, predicate, object). Avoid stopwords.\n---------------------\nExample:Text: Alice is Bob's mother.Triplets:\n(Alice, is mother of, Bob)\nText: Philz is a coffee shop founded in Berkeley in 1982.\nTriplets:\n(Philz, is, coffee shop)\n(Philz, founded in, Berkeley)\n(Philz, founded in, 1982)\n---------------------\nText: document_id: C:\\Users\\user\\workfolders\\imabari3dcad\\evoship\\EVOSHIP_HELP_FILES\\about_annotation.html\nsource_path: C:\\Users\\user\\workfolders\\imabari3dcad\\evoship\\EVOSHIP_HELP_FILES\\about_annotation.html\nsection_id: b44e2dce0448c0e4b08e5be898df93f6c4e4f2fc\ntitle: アノーテーション\nsection_heading: アノーテーション\nsection_level: 2\nsection_index: 0\nlast_modified: 2025-08-06T13:57:54+00:00\nextracted_at: 2025-11-03T18:30:59+00:00\ndata_source: EVOSHIP_HELP_FILES\nchunk_id: 0280a695-6b24-40ca-91d1-216b592ab5fe\nchunk_index: 0\ntext_length: 36\nstart_char_idx: 0\nend_char_idx: 36\nnodes: [EntityNode(label='HelpDocument', embedding=None, properties={'document_id': 'C:\\\\Users\\\\user\\\\workfolders\\\\imabari3dcad\\\\evoship\\\\EVOSHIP_HELP_FILES\\\\about_annotation.html', 'source_path': 'C:\\\\Users\\\\user\\\\workfolders\\\\imabari3dcad\\\\evoship\\\\EVOSHIP_HELP_FILES\\\\about_annotation.html', 'title': 'アノーテーション', 'headings': ['アノーテーション'], 'section_count': 1, 'last_modified': '2025-08-06T13:57:54+00:00', 'extracted_at': '2025-11-03T18:30:59+00:00', 'data_source': 'EVOSHIP_HELP_FILES'}, name='C:\\\\Users\\\\user\\\\workfolders\\\\imabari3dcad\\\\evoship\\\\EVOSHIP_HELP_FILES\\\\about_annotation.html'), EntityNode(label='HelpSection', embedding=None, properties={'section_id': 'b44e2dce0448c0e4b08e5be898df93f6c4e4f2fc', 'document_id': 'C:\\\\Users\\\\user\\\\workfolders\\\\imabari3dcad\\\\evoship\\\\EVOSHIP_HELP_FILES\\\\about_annotation.html', 'source_path': 'C:\\\\Users\\\\user\\\\workfolders\\\\imabari3dcad\\\\evoship\\\\EVOSHIP_HELP_FILES\\\\about_annotation.html', 'title': 'アノーテーション', 'section_heading': 'アノーテーション', 'section_level': 2, 'section_index': 0, 'last_modified': '2025-08-06T13:57:54+00:00', 'extracted_at': '2025-11-03T18:30:59+00:00', 'data_source': 'EVOSHIP_HELP_FILES'}, name='b44e2dce0448c0e4b08e5be898df93f6c4e4f2fc'), ChunkNode(label='HelpChunk', embedding=None, properties={'chunk_id': '0280a695-6b24-40ca-91d1-216b592ab5fe', 'document_id': 'C:\\\\Users\\\\user\\\\workfolders\\\\imabari3dcad\\\\evoship\\\\EVOSHIP_HELP_FILES\\\\about_annotation.html', 'section_id': 'b44e2dce0448c0e4b08e5be898df93f6c4e4f2fc', 'source_path': 'C:\\\\Users\\\\user\\\\workfolders\\\\imabari3dcad\\\\evoship\\\\EVOSHIP_HELP_FILES\\\\about_annotation.html', 'title': 'アノーテーション', 'section_heading': 'アノーテーション', 'section_level': 2, 'section_index': 0, 'last_modified': '2025-08-06T13:57:54+00:00', 'extracted_at': '2025-11-03T18:30:59+00:00', 'chunk_index': 0, 'text_length': 36, 'start_char_idx': 0, 'end_char_idx': 36, 'data_source': 'EVOSHIP_HELP_FILES'}, text='アノーテーション\\n\\n３次元位置や要素上に 注記 をつけることができます。', id_='0280a695-6b24-40ca-91d1-216b592ab5fe')]\nrelations: [Relation(label='HAS_SECTION', source_id='C:\\\\Users\\\\user\\\\workfolders\\\\imabari3dcad\\\\evoship\\\\EVOSHIP_HELP_FILES\\\\about_annotation.html', target_id='b44e2dce0448c0e4b08e5be898df93f6c4e4f2fc', properties={'data_source': 'EVOSHIP_HELP_FILES'}), Relation(label='HAS_CHUNK', source_id='C:\\\\Users\\\\user\\\\workfolders\\\\imabari3dcad\\\\evoship\\\\EVOSHIP_HELP_FILES\\\\about_annotation.html', target_id='0280a695-6b24-40ca-91d1-216b592ab5fe', properties={'data_source': 'EVOSHIP_HELP_FILES', 'section_id': 'b44e2dce0448c0e4b08e5be898df93f6c4e4f2fc', 'chunk_index': 0}), Relation(label='HAS_CHUNK', source_id='b44e2dce0448c0e4b08e5be898df93f6c4e4f2fc', target_id='0280a695-6b24-40ca-91d1-216b592ab5fe', properties={'data_source': 'EVOSHIP_HELP_FILES', 'chunk_index': 0})]\n\nアノーテーション\n\n３次元位置や要素上に 注記 をつけることができます。\nTriplets:\n"}], 'model': 'gpt-4o-mini', 'stream': False, 'temperature': 0.1}}
2025-11-04 03:31:05,188 DEBUG openai._base_client: Sending HTTP Request: POST https://api.openai.com/v1/chat/completions
2025-11-04 03:31:05,189 DEBUG httpcore.http11: send_request_headers.started request=<Request [b'POST']>
2025-11-04 03:31:05,190 DEBUG httpcore.http11: send_request_headers.complete
2025-11-04 03:31:05,190 DEBUG httpcore.http11: send_request_body.started request=<Request [b'POST']>
2025-11-04 03:31:05,190 DEBUG httpcore.http11: send_request_body.complete
2025-11-04 03:31:05,190 DEBUG httpcore.http11: receive_response_headers.started request=<Request [b'POST']>
2025-11-04 03:31:05,388 DEBUG httpcore.http11: receive_response_headers.complete return_value=(b'HTTP/1.1', 429, b'Too Many Requests', [(b'Date', b'Mon, 03 Nov 2025 18:31:05 GMT'), (b'Content-Type', b'application/json; charset=utf-8'), (b'Content-Length', b'337'), (b'Connection', b'keep-alive'), (b'vary', b'Origin'), (b'x-request-id', b'req_74f2898df6e24bdda5fa2e4ec768c969'), (b'x-envoy-upstream-service-time', b'11'), (b'x-openai-proxy-wasm', b'v0.1'), (b'cf-cache-status', b'DYNAMIC'), (b'Strict-Transport-Security', b'max-age=31536000; includeSubDomains; preload'), (b'X-Content-Type-Options', b'nosniff'), (b'Server', b'cloudflare'), (b'CF-RAY', b'998df2509d3d9625-KIX'), (b'alt-svc', b'h3=":443"; ma=86400')])
2025-11-04 03:31:05,388 INFO httpx: HTTP Request: POST https://api.openai.com/v1/chat/completions "HTTP/1.1 429 Too Many Requests"
2025-11-04 03:31:05,388 DEBUG httpcore.http11: receive_response_body.started request=<Request [b'POST']>
2025-11-04 03:31:05,388 DEBUG httpcore.http11: receive_response_body.complete
2025-11-04 03:31:05,388 DEBUG httpcore.http11: response_closed.started
2025-11-04 03:31:05,388 DEBUG httpcore.http11: response_closed.complete
2025-11-04 03:31:05,389 DEBUG openai._base_client: HTTP Response: POST https://api.openai.com/v1/chat/completions "429 Too Many Requests" Headers({'date': 'Mon, 03 Nov 2025 18:31:05 GMT', 'content-type': 'application/json; charset=utf-8', 'content-length': '337', 'connection': 'keep-alive', 'vary': 'Origin', 'x-request-id': 'req_74f2898df6e24bdda5fa2e4ec768c969', 'x-envoy-upstream-service-time': '11', 'x-openai-proxy-wasm': 'v0.1', 'cf-cache-status': 'DYNAMIC', 'strict-transport-security': 'max-age=31536000; includeSubDomains; preload', 'x-content-type-options': 'nosniff', 'server': 'cloudflare', 'cf-ray': '998df2509d3d9625-KIX', 'alt-svc': 'h3=":443"; ma=86400'})
2025-11-04 03:31:05,389 DEBUG openai._base_client: request_id: req_74f2898df6e24bdda5fa2e4ec768c969
2025-11-04 03:31:05,389 DEBUG openai._base_client: Encountered httpx.HTTPStatusError
Traceback (most recent call last):
  File "C:\Users\user\workfolders\imabari3dcad\.venv\lib\site-packages\openai\_base_client.py", line 1574, in request
    response.raise_for_status()
  File "C:\Users\user\workfolders\imabari3dcad\.venv\lib\site-packages\httpx\_models.py", line 829, in raise_for_status
    raise HTTPStatusError(message, request=request, response=self)
httpx.HTTPStatusError: Client error '429 Too Many Requests' for url 'https://api.openai.com/v1/chat/completions'
For more information check: https://developer.mozilla.org/en-US/docs/Web/HTTP/Status/429
2025-11-04 03:31:05,389 DEBUG openai._base_client: Re-raising status error
2025-11-04 03:31:05,390 WARNING llama_index.llms.openai.utils: Retrying llama_index.llms.openai.base.OpenAI._achat in 1.0 seconds as it raised RateLimitError: Error code: 429 - {'error': {'message': 'You exceeded your current quota, please check your plan and billing details. For more information on this error, read the docs: https://platform.openai.com/docs/guides/error-codes/api-errors.', 'type': 'insufficient_quota', 'param': None, 'code': 'insufficient_quota'}}.
2025-11-04 03:31:06,397 DEBUG openai._base_client: Request options: {'method': 'post', 'url': '/chat/completions', 'files': None, 'idempotency_key': 'stainless-python-retry-2743e0aa-a03a-4ff6-b5a9-37b5692c4ce4', 'json_data': {'messages': [{'role': 'user', 'content': "Some text is provided below. Given the text, extract up to 10 knowledge triplets in the form of (subject, predicate, object). Avoid stopwords.\n---------------------\nExample:Text: Alice is Bob's mother.Triplets:\n(Alice, is mother of, Bob)\nText: Philz is a coffee shop founded in Berkeley in 1982.\nTriplets:\n(Philz, is, coffee shop)\n(Philz, founded in, Berkeley)\n(Philz, founded in, 1982)\n---------------------\nText: document_id: C:\\Users\\user\\workfolders\\imabari3dcad\\evoship\\EVOSHIP_HELP_FILES\\about_annotation.html\nsource_path: C:\\Users\\user\\workfolders\\imabari3dcad\\evoship\\EVOSHIP_HELP_FILES\\about_annotation.html\nsection_id: b44e2dce0448c0e4b08e5be898df93f6c4e4f2fc\ntitle: アノーテーション\nsection_heading: アノーテーション\nsection_level: 2\nsection_index: 0\nlast_modified: 2025-08-06T13:57:54+00:00\nextracted_at: 2025-11-03T18:30:59+00:00\ndata_source: EVOSHIP_HELP_FILES\nchunk_id: 0280a695-6b24-40ca-91d1-216b592ab5fe\nchunk_index: 0\ntext_length: 36\nstart_char_idx: 0\nend_char_idx: 36\nnodes: [EntityNode(label='HelpDocument', embedding=None, properties={'document_id': 'C:\\\\Users\\\\user\\\\workfolders\\\\imabari3dcad\\\\evoship\\\\EVOSHIP_HELP_FILES\\\\about_annotation.html', 'source_path': 'C:\\\\Users\\\\user\\\\workfolders\\\\imabari3dcad\\\\evoship\\\\EVOSHIP_HELP_FILES\\\\about_annotation.html', 'title': 'アノーテーション', 'headings': ['アノーテーション'], 'section_count': 1, 'last_modified': '2025-08-06T13:57:54+00:00', 'extracted_at': '2025-11-03T18:30:59+00:00', 'data_source': 'EVOSHIP_HELP_FILES'}, name='C:\\\\Users\\\\user\\\\workfolders\\\\imabari3dcad\\\\evoship\\\\EVOSHIP_HELP_FILES\\\\about_annotation.html'), EntityNode(label='HelpSection', embedding=None, properties={'section_id': 'b44e2dce0448c0e4b08e5be898df93f6c4e4f2fc', 'document_id': 'C:\\\\Users\\\\user\\\\workfolders\\\\imabari3dcad\\\\evoship\\\\EVOSHIP_HELP_FILES\\\\about_annotation.html', 'source_path': 'C:\\\\Users\\\\user\\\\workfolders\\\\imabari3dcad\\\\evoship\\\\EVOSHIP_HELP_FILES\\\\about_annotation.html', 'title': 'アノーテーション', 'section_heading': 'アノーテーション', 'section_level': 2, 'section_index': 0, 'last_modified': '2025-08-06T13:57:54+00:00', 'extracted_at': '2025-11-03T18:30:59+00:00', 'data_source': 'EVOSHIP_HELP_FILES'}, name='b44e2dce0448c0e4b08e5be898df93f6c4e4f2fc'), ChunkNode(label='HelpChunk', embedding=None, properties={'chunk_id': '0280a695-6b24-40ca-91d1-216b592ab5fe', 'document_id': 'C:\\\\Users\\\\user\\\\workfolders\\\\imabari3dcad\\\\evoship\\\\EVOSHIP_HELP_FILES\\\\about_annotation.html', 'section_id': 'b44e2dce0448c0e4b08e5be898df93f6c4e4f2fc', 'source_path': 'C:\\\\Users\\\\user\\\\workfolders\\\\imabari3dcad\\\\evoship\\\\EVOSHIP_HELP_FILES\\\\about_annotation.html', 'title': 'アノーテーション', 'section_heading': 'アノーテーション', 'section_level': 2, 'section_index': 0, 'last_modified': '2025-08-06T13:57:54+00:00', 'extracted_at': '2025-11-03T18:30:59+00:00', 'chunk_index': 0, 'text_length': 36, 'start_char_idx': 0, 'end_char_idx': 36, 'data_source': 'EVOSHIP_HELP_FILES'}, text='アノーテーション\\n\\n３次元位置や要素上に 注記 をつけることができます。', id_='0280a695-6b24-40ca-91d1-216b592ab5fe')]\nrelations: [Relation(label='HAS_SECTION', source_id='C:\\\\Users\\\\user\\\\workfolders\\\\imabari3dcad\\\\evoship\\\\EVOSHIP_HELP_FILES\\\\about_annotation.html', target_id='b44e2dce0448c0e4b08e5be898df93f6c4e4f2fc', properties={'data_source': 'EVOSHIP_HELP_FILES'}), Relation(label='HAS_CHUNK', source_id='C:\\\\Users\\\\user\\\\workfolders\\\\imabari3dcad\\\\evoship\\\\EVOSHIP_HELP_FILES\\\\about_annotation.html', target_id='0280a695-6b24-40ca-91d1-216b592ab5fe', properties={'data_source': 'EVOSHIP_HELP_FILES', 'section_id': 'b44e2dce0448c0e4b08e5be898df93f6c4e4f2fc', 'chunk_index': 0}), Relation(label='HAS_CHUNK', source_id='b44e2dce0448c0e4b08e5be898df93f6c4e4f2fc', target_id='0280a695-6b24-40ca-91d1-216b592ab5fe', properties={'data_source': 'EVOSHIP_HELP_FILES', 'chunk_index': 0})]\n\nアノーテーション\n\n３次元位置や要素上に 注記 をつけることができます。\nTriplets:\n"}], 'model': 'gpt-4o-mini', 'stream': False, 'temperature': 0.1}}
2025-11-04 03:31:06,398 DEBUG openai._base_client: Sending HTTP Request: POST https://api.openai.com/v1/chat/completions
2025-11-04 03:31:06,399 DEBUG httpcore.http11: send_request_headers.started request=<Request [b'POST']>
2025-11-04 03:31:06,400 DEBUG httpcore.http11: send_request_headers.complete
2025-11-04 03:31:06,400 DEBUG httpcore.http11: send_request_body.started request=<Request [b'POST']>
2025-11-04 03:31:06,400 DEBUG httpcore.http11: send_request_body.complete
2025-11-04 03:31:06,400 DEBUG httpcore.http11: receive_response_headers.started request=<Request [b'POST']>
2025-11-04 03:31:06,705 DEBUG httpcore.http11: receive_response_headers.complete return_value=(b'HTTP/1.1', 429, b'Too Many Requests', [(b'Date', b'Mon, 03 Nov 2025 18:31:06 GMT'), (b'Content-Type', b'application/json; charset=utf-8'), (b'Content-Length', b'337'), (b'Connection', b'keep-alive'), (b'vary', b'Origin'), (b'x-request-id', b'req_92d62b3dbe3040f3a68f4810f8d80737'), (b'x-envoy-upstream-service-time', b'119'), (b'x-openai-proxy-wasm', b'v0.1'), (b'cf-cache-status', b'DYNAMIC'), (b'Strict-Transport-Security', b'max-age=31536000; includeSubDomains; preload'), (b'X-Content-Type-Options', b'nosniff'), (b'Server', b'cloudflare'), (b'CF-RAY', b'998df258284a9625-KIX'), (b'alt-svc', b'h3=":443"; ma=86400')])
2025-11-04 03:31:06,706 INFO httpx: HTTP Request: POST https://api.openai.com/v1/chat/completions "HTTP/1.1 429 Too Many Requests"
2025-11-04 03:31:06,706 DEBUG httpcore.http11: receive_response_body.started request=<Request [b'POST']>
2025-11-04 03:31:06,706 DEBUG httpcore.http11: receive_response_body.complete
2025-11-04 03:31:06,706 DEBUG httpcore.http11: response_closed.started
2025-11-04 03:31:06,706 DEBUG httpcore.http11: response_closed.complete
2025-11-04 03:31:06,706 DEBUG openai._base_client: HTTP Response: POST https://api.openai.com/v1/chat/completions "429 Too Many Requests" Headers({'date': 'Mon, 03 Nov 2025 18:31:06 GMT', 'content-type': 'application/json; charset=utf-8', 'content-length': '337', 'connection': 'keep-alive', 'vary': 'Origin', 'x-request-id': 'req_92d62b3dbe3040f3a68f4810f8d80737', 'x-envoy-upstream-service-time': '119', 'x-openai-proxy-wasm': 'v0.1', 'cf-cache-status': 'DYNAMIC', 'strict-transport-security': 'max-age=31536000; includeSubDomains; preload', 'x-content-type-options': 'nosniff', 'server': 'cloudflare', 'cf-ray': '998df258284a9625-KIX', 'alt-svc': 'h3=":443"; ma=86400'})
2025-11-04 03:31:06,706 DEBUG openai._base_client: request_id: req_92d62b3dbe3040f3a68f4810f8d80737
2025-11-04 03:31:06,706 DEBUG openai._base_client: Encountered httpx.HTTPStatusError
Traceback (most recent call last):
  File "C:\Users\user\workfolders\imabari3dcad\.venv\lib\site-packages\openai\_base_client.py", line 1574, in request
    response.raise_for_status()
  File "C:\Users\user\workfolders\imabari3dcad\.venv\lib\site-packages\httpx\_models.py", line 829, in raise_for_status
    raise HTTPStatusError(message, request=request, response=self)
httpx.HTTPStatusError: Client error '429 Too Many Requests' for url 'https://api.openai.com/v1/chat/completions'
For more information check: https://developer.mozilla.org/en-US/docs/Web/HTTP/Status/429
2025-11-04 03:31:06,707 DEBUG openai._base_client: Retrying due to status code 429
2025-11-04 03:31:06,707 DEBUG openai._base_client: 3 retries left
2025-11-04 03:31:06,707 INFO openai._base_client: Retrying request to /chat/completions in 0.454458 seconds
2025-11-04 03:31:07,163 DEBUG openai._base_client: Request options: {'method': 'post', 'url': '/chat/completions', 'files': None, 'idempotency_key': 'stainless-python-retry-2743e0aa-a03a-4ff6-b5a9-37b5692c4ce4', 'json_data': {'messages': [{'role': 'user', 'content': "Some text is provided below. Given the text, extract up to 10 knowledge triplets in the form of (subject, predicate, object). Avoid stopwords.\n---------------------\nExample:Text: Alice is Bob's mother.Triplets:\n(Alice, is mother of, Bob)\nText: Philz is a coffee shop founded in Berkeley in 1982.\nTriplets:\n(Philz, is, coffee shop)\n(Philz, founded in, Berkeley)\n(Philz, founded in, 1982)\n---------------------\nText: document_id: C:\\Users\\user\\workfolders\\imabari3dcad\\evoship\\EVOSHIP_HELP_FILES\\about_annotation.html\nsource_path: C:\\Users\\user\\workfolders\\imabari3dcad\\evoship\\EVOSHIP_HELP_FILES\\about_annotation.html\nsection_id: b44e2dce0448c0e4b08e5be898df93f6c4e4f2fc\ntitle: アノーテーション\nsection_heading: アノーテーション\nsection_level: 2\nsection_index: 0\nlast_modified: 2025-08-06T13:57:54+00:00\nextracted_at: 2025-11-03T18:30:59+00:00\ndata_source: EVOSHIP_HELP_FILES\nchunk_id: 0280a695-6b24-40ca-91d1-216b592ab5fe\nchunk_index: 0\ntext_length: 36\nstart_char_idx: 0\nend_char_idx: 36\nnodes: [EntityNode(label='HelpDocument', embedding=None, properties={'document_id': 'C:\\\\Users\\\\user\\\\workfolders\\\\imabari3dcad\\\\evoship\\\\EVOSHIP_HELP_FILES\\\\about_annotation.html', 'source_path': 'C:\\\\Users\\\\user\\\\workfolders\\\\imabari3dcad\\\\evoship\\\\EVOSHIP_HELP_FILES\\\\about_annotation.html', 'title': 'アノーテーション', 'headings': ['アノーテーション'], 'section_count': 1, 'last_modified': '2025-08-06T13:57:54+00:00', 'extracted_at': '2025-11-03T18:30:59+00:00', 'data_source': 'EVOSHIP_HELP_FILES'}, name='C:\\\\Users\\\\user\\\\workfolders\\\\imabari3dcad\\\\evoship\\\\EVOSHIP_HELP_FILES\\\\about_annotation.html'), EntityNode(label='HelpSection', embedding=None, properties={'section_id': 'b44e2dce0448c0e4b08e5be898df93f6c4e4f2fc', 'document_id': 'C:\\\\Users\\\\user\\\\workfolders\\\\imabari3dcad\\\\evoship\\\\EVOSHIP_HELP_FILES\\\\about_annotation.html', 'source_path': 'C:\\\\Users\\\\user\\\\workfolders\\\\imabari3dcad\\\\evoship\\\\EVOSHIP_HELP_FILES\\\\about_annotation.html', 'title': 'アノーテーション', 'section_heading': 'アノーテーション', 'section_level': 2, 'section_index': 0, 'last_modified': '2025-08-06T13:57:54+00:00', 'extracted_at': '2025-11-03T18:30:59+00:00', 'data_source': 'EVOSHIP_HELP_FILES'}, name='b44e2dce0448c0e4b08e5be898df93f6c4e4f2fc'), ChunkNode(label='HelpChunk', embedding=None, properties={'chunk_id': '0280a695-6b24-40ca-91d1-216b592ab5fe', 'document_id': 'C:\\\\Users\\\\user\\\\workfolders\\\\imabari3dcad\\\\evoship\\\\EVOSHIP_HELP_FILES\\\\about_annotation.html', 'section_id': 'b44e2dce0448c0e4b08e5be898df93f6c4e4f2fc', 'source_path': 'C:\\\\Users\\\\user\\\\workfolders\\\\imabari3dcad\\\\evoship\\\\EVOSHIP_HELP_FILES\\\\about_annotation.html', 'title': 'アノーテーション', 'section_heading': 'アノーテーション', 'section_level': 2, 'section_index': 0, 'last_modified': '2025-08-06T13:57:54+00:00', 'extracted_at': '2025-11-03T18:30:59+00:00', 'chunk_index': 0, 'text_length': 36, 'start_char_idx': 0, 'end_char_idx': 36, 'data_source': 'EVOSHIP_HELP_FILES'}, text='アノーテーション\\n\\n３次元位置や要素上に 注記 をつけることができます。', id_='0280a695-6b24-40ca-91d1-216b592ab5fe')]\nrelations: [Relation(label='HAS_SECTION', source_id='C:\\\\Users\\\\user\\\\workfolders\\\\imabari3dcad\\\\evoship\\\\EVOSHIP_HELP_FILES\\\\about_annotation.html', target_id='b44e2dce0448c0e4b08e5be898df93f6c4e4f2fc', properties={'data_source': 'EVOSHIP_HELP_FILES'}), Relation(label='HAS_CHUNK', source_id='C:\\\\Users\\\\user\\\\workfolders\\\\imabari3dcad\\\\evoship\\\\EVOSHIP_HELP_FILES\\\\about_annotation.html', target_id='0280a695-6b24-40ca-91d1-216b592ab5fe', properties={'data_source': 'EVOSHIP_HELP_FILES', 'section_id': 'b44e2dce0448c0e4b08e5be898df93f6c4e4f2fc', 'chunk_index': 0}), Relation(label='HAS_CHUNK', source_id='b44e2dce0448c0e4b08e5be898df93f6c4e4f2fc', target_id='0280a695-6b24-40ca-91d1-216b592ab5fe', properties={'data_source': 'EVOSHIP_HELP_FILES', 'chunk_index': 0})]\n\nアノーテーション\n\n３次元位置や要素上に 注記 をつけることができます。\nTriplets:\n"}], 'model': 'gpt-4o-mini', 'stream': False, 'temperature': 0.1}}
2025-11-04 03:31:07,164 DEBUG openai._base_client: Sending HTTP Request: POST https://api.openai.com/v1/chat/completions
2025-11-04 03:31:07,164 DEBUG httpcore.http11: send_request_headers.started request=<Request [b'POST']>
2025-11-04 03:31:07,165 DEBUG httpcore.http11: send_request_headers.complete
2025-11-04 03:31:07,165 DEBUG httpcore.http11: send_request_body.started request=<Request [b'POST']>
2025-11-04 03:31:07,166 DEBUG httpcore.http11: send_request_body.complete
2025-11-04 03:31:07,166 DEBUG httpcore.http11: receive_response_headers.started request=<Request [b'POST']>
2025-11-04 03:31:07,357 DEBUG httpcore.http11: receive_response_headers.complete return_value=(b'HTTP/1.1', 429, b'Too Many Requests', [(b'Date', b'Mon, 03 Nov 2025 18:31:07 GMT'), (b'Content-Type', b'application/json; charset=utf-8'), (b'Content-Length', b'337'), (b'Connection', b'keep-alive'), (b'vary', b'Origin'), (b'x-request-id', b'req_d470a82067d7437f8f1d7ec01b2e3ae6'), (b'x-envoy-upstream-service-time', b'5'), (b'x-openai-proxy-wasm', b'v0.1'), (b'cf-cache-status', b'DYNAMIC'), (b'Strict-Transport-Security', b'max-age=31536000; includeSubDomains; preload'), (b'X-Content-Type-Options', b'nosniff'), (b'Server', b'cloudflare'), (b'CF-RAY', b'998df25cea389625-KIX'), (b'alt-svc', b'h3=":443"; ma=86400')])
2025-11-04 03:31:07,357 INFO httpx: HTTP Request: POST https://api.openai.com/v1/chat/completions "HTTP/1.1 429 Too Many Requests"
2025-11-04 03:31:07,357 DEBUG httpcore.http11: receive_response_body.started request=<Request [b'POST']>
2025-11-04 03:31:07,357 DEBUG httpcore.http11: receive_response_body.complete
2025-11-04 03:31:07,358 DEBUG httpcore.http11: response_closed.started
2025-11-04 03:31:07,358 DEBUG httpcore.http11: response_closed.complete
2025-11-04 03:31:07,358 DEBUG openai._base_client: HTTP Response: POST https://api.openai.com/v1/chat/completions "429 Too Many Requests" Headers({'date': 'Mon, 03 Nov 2025 18:31:07 GMT', 'content-type': 'application/json; charset=utf-8', 'content-length': '337', 'connection': 'keep-alive', 'vary': 'Origin', 'x-request-id': 'req_d470a82067d7437f8f1d7ec01b2e3ae6', 'x-envoy-upstream-service-time': '5', 'x-openai-proxy-wasm': 'v0.1', 'cf-cache-status': 'DYNAMIC', 'strict-transport-security': 'max-age=31536000; includeSubDomains; preload', 'x-content-type-options': 'nosniff', 'server': 'cloudflare', 'cf-ray': '998df25cea389625-KIX', 'alt-svc': 'h3=":443"; ma=86400'})
2025-11-04 03:31:07,358 DEBUG openai._base_client: request_id: req_d470a82067d7437f8f1d7ec01b2e3ae6
2025-11-04 03:31:07,358 DEBUG openai._base_client: Encountered httpx.HTTPStatusError
Traceback (most recent call last):
  File "C:\Users\user\workfolders\imabari3dcad\.venv\lib\site-packages\openai\_base_client.py", line 1574, in request
    response.raise_for_status()
  File "C:\Users\user\workfolders\imabari3dcad\.venv\lib\site-packages\httpx\_models.py", line 829, in raise_for_status
    raise HTTPStatusError(message, request=request, response=self)
httpx.HTTPStatusError: Client error '429 Too Many Requests' for url 'https://api.openai.com/v1/chat/completions'
For more information check: https://developer.mozilla.org/en-US/docs/Web/HTTP/Status/429
2025-11-04 03:31:07,358 DEBUG openai._base_client: Retrying due to status code 429
2025-11-04 03:31:07,358 DEBUG openai._base_client: 2 retries left
2025-11-04 03:31:07,359 INFO openai._base_client: Retrying request to /chat/completions in 0.939954 seconds
2025-11-04 03:31:08,305 DEBUG openai._base_client: Request options: {'method': 'post', 'url': '/chat/completions', 'files': None, 'idempotency_key': 'stainless-python-retry-2743e0aa-a03a-4ff6-b5a9-37b5692c4ce4', 'json_data': {'messages': [{'role': 'user', 'content': "Some text is provided below. Given the text, extract up to 10 knowledge triplets in the form of (subject, predicate, object). Avoid stopwords.\n---------------------\nExample:Text: Alice is Bob's mother.Triplets:\n(Alice, is mother of, Bob)\nText: Philz is a coffee shop founded in Berkeley in 1982.\nTriplets:\n(Philz, is, coffee shop)\n(Philz, founded in, Berkeley)\n(Philz, founded in, 1982)\n---------------------\nText: document_id: C:\\Users\\user\\workfolders\\imabari3dcad\\evoship\\EVOSHIP_HELP_FILES\\about_annotation.html\nsource_path: C:\\Users\\user\\workfolders\\imabari3dcad\\evoship\\EVOSHIP_HELP_FILES\\about_annotation.html\nsection_id: b44e2dce0448c0e4b08e5be898df93f6c4e4f2fc\ntitle: アノーテーション\nsection_heading: アノーテーション\nsection_level: 2\nsection_index: 0\nlast_modified: 2025-08-06T13:57:54+00:00\nextracted_at: 2025-11-03T18:30:59+00:00\ndata_source: EVOSHIP_HELP_FILES\nchunk_id: 0280a695-6b24-40ca-91d1-216b592ab5fe\nchunk_index: 0\ntext_length: 36\nstart_char_idx: 0\nend_char_idx: 36\nnodes: [EntityNode(label='HelpDocument', embedding=None, properties={'document_id': 'C:\\\\Users\\\\user\\\\workfolders\\\\imabari3dcad\\\\evoship\\\\EVOSHIP_HELP_FILES\\\\about_annotation.html', 'source_path': 'C:\\\\Users\\\\user\\\\workfolders\\\\imabari3dcad\\\\evoship\\\\EVOSHIP_HELP_FILES\\\\about_annotation.html', 'title': 'アノーテーション', 'headings': ['アノーテーション'], 'section_count': 1, 'last_modified': '2025-08-06T13:57:54+00:00', 'extracted_at': '2025-11-03T18:30:59+00:00', 'data_source': 'EVOSHIP_HELP_FILES'}, name='C:\\\\Users\\\\user\\\\workfolders\\\\imabari3dcad\\\\evoship\\\\EVOSHIP_HELP_FILES\\\\about_annotation.html'), EntityNode(label='HelpSection', embedding=None, properties={'section_id': 'b44e2dce0448c0e4b08e5be898df93f6c4e4f2fc', 'document_id': 'C:\\\\Users\\\\user\\\\workfolders\\\\imabari3dcad\\\\evoship\\\\EVOSHIP_HELP_FILES\\\\about_annotation.html', 'source_path': 'C:\\\\Users\\\\user\\\\workfolders\\\\imabari3dcad\\\\evoship\\\\EVOSHIP_HELP_FILES\\\\about_annotation.html', 'title': 'アノーテーション', 'section_heading': 'アノーテーション', 'section_level': 2, 'section_index': 0, 'last_modified': '2025-08-06T13:57:54+00:00', 'extracted_at': '2025-11-03T18:30:59+00:00', 'data_source': 'EVOSHIP_HELP_FILES'}, name='b44e2dce0448c0e4b08e5be898df93f6c4e4f2fc'), ChunkNode(label='HelpChunk', embedding=None, properties={'chunk_id': '0280a695-6b24-40ca-91d1-216b592ab5fe', 'document_id': 'C:\\\\Users\\\\user\\\\workfolders\\\\imabari3dcad\\\\evoship\\\\EVOSHIP_HELP_FILES\\\\about_annotation.html', 'section_id': 'b44e2dce0448c0e4b08e5be898df93f6c4e4f2fc', 'source_path': 'C:\\\\Users\\\\user\\\\workfolders\\\\imabari3dcad\\\\evoship\\\\EVOSHIP_HELP_FILES\\\\about_annotation.html', 'title': 'アノーテーション', 'section_heading': 'アノーテーション', 'section_level': 2, 'section_index': 0, 'last_modified': '2025-08-06T13:57:54+00:00', 'extracted_at': '2025-11-03T18:30:59+00:00', 'chunk_index': 0, 'text_length': 36, 'start_char_idx': 0, 'end_char_idx': 36, 'data_source': 'EVOSHIP_HELP_FILES'}, text='アノーテーション\\n\\n３次元位置や要素上に 注記 をつけることができます。', id_='0280a695-6b24-40ca-91d1-216b592ab5fe')]\nrelations: [Relation(label='HAS_SECTION', source_id='C:\\\\Users\\\\user\\\\workfolders\\\\imabari3dcad\\\\evoship\\\\EVOSHIP_HELP_FILES\\\\about_annotation.html', target_id='b44e2dce0448c0e4b08e5be898df93f6c4e4f2fc', properties={'data_source': 'EVOSHIP_HELP_FILES'}), Relation(label='HAS_CHUNK', source_id='C:\\\\Users\\\\user\\\\workfolders\\\\imabari3dcad\\\\evoship\\\\EVOSHIP_HELP_FILES\\\\about_annotation.html', target_id='0280a695-6b24-40ca-91d1-216b592ab5fe', properties={'data_source': 'EVOSHIP_HELP_FILES', 'section_id': 'b44e2dce0448c0e4b08e5be898df93f6c4e4f2fc', 'chunk_index': 0}), Relation(label='HAS_CHUNK', source_id='b44e2dce0448c0e4b08e5be898df93f6c4e4f2fc', target_id='0280a695-6b24-40ca-91d1-216b592ab5fe', properties={'data_source': 'EVOSHIP_HELP_FILES', 'chunk_index': 0})]\n\nアノーテーション\n\n３次元位置や要素上に 注記 をつけることができます。\nTriplets:\n"}], 'model': 'gpt-4o-mini', 'stream': False, 'temperature': 0.1}}
2025-11-04 03:31:08,307 DEBUG openai._base_client: Sending HTTP Request: POST https://api.openai.com/v1/chat/completions
2025-11-04 03:31:08,308 DEBUG httpcore.http11: send_request_headers.started request=<Request [b'POST']>
2025-11-04 03:31:08,309 DEBUG httpcore.http11: send_request_headers.complete
2025-11-04 03:31:08,309 DEBUG httpcore.http11: send_request_body.started request=<Request [b'POST']>
2025-11-04 03:31:08,309 DEBUG httpcore.http11: send_request_body.complete
2025-11-04 03:31:08,309 DEBUG httpcore.http11: receive_response_headers.started request=<Request [b'POST']>
2025-11-04 03:31:08,662 DEBUG httpcore.http11: receive_response_headers.complete return_value=(b'HTTP/1.1', 429, b'Too Many Requests', [(b'Date', b'Mon, 03 Nov 2025 18:31:08 GMT'), (b'Content-Type', b'application/json; charset=utf-8'), (b'Content-Length', b'337'), (b'Connection', b'keep-alive'), (b'vary', b'Origin'), (b'x-request-id', b'req_e0afde9ab9a24431a8f45465813c2fab'), (b'x-envoy-upstream-service-time', b'173'), (b'x-openai-proxy-wasm', b'v0.1'), (b'cf-cache-status', b'DYNAMIC'), (b'Strict-Transport-Security', b'max-age=31536000; includeSubDomains; preload'), (b'X-Content-Type-Options', b'nosniff'), (b'Server', b'cloudflare'), (b'CF-RAY', b'998df2641d2f9625-KIX'), (b'alt-svc', b'h3=":443"; ma=86400')])
2025-11-04 03:31:08,663 INFO httpx: HTTP Request: POST https://api.openai.com/v1/chat/completions "HTTP/1.1 429 Too Many Requests"
2025-11-04 03:31:08,664 DEBUG httpcore.http11: receive_response_body.started request=<Request [b'POST']>
2025-11-04 03:31:08,664 DEBUG httpcore.http11: receive_response_body.complete
2025-11-04 03:31:08,664 DEBUG httpcore.http11: response_closed.started
2025-11-04 03:31:08,664 DEBUG httpcore.http11: response_closed.complete
2025-11-04 03:31:08,665 DEBUG openai._base_client: HTTP Response: POST https://api.openai.com/v1/chat/completions "429 Too Many Requests" Headers({'date': 'Mon, 03 Nov 2025 18:31:08 GMT', 'content-type': 'application/json; charset=utf-8', 'content-length': '337', 'connection': 'keep-alive', 'vary': 'Origin', 'x-request-id': 'req_e0afde9ab9a24431a8f45465813c2fab', 'x-envoy-upstream-service-time': '173', 'x-openai-proxy-wasm': 'v0.1', 'cf-cache-status': 'DYNAMIC', 'strict-transport-security': 'max-age=31536000; includeSubDomains; preload', 'x-content-type-options': 'nosniff', 'server': 'cloudflare', 'cf-ray': '998df2641d2f9625-KIX', 'alt-svc': 'h3=":443"; ma=86400'})
2025-11-04 03:31:08,665 DEBUG openai._base_client: request_id: req_e0afde9ab9a24431a8f45465813c2fab
2025-11-04 03:31:08,665 DEBUG openai._base_client: Encountered httpx.HTTPStatusError
Traceback (most recent call last):
  File "C:\Users\user\workfolders\imabari3dcad\.venv\lib\site-packages\openai\_base_client.py", line 1574, in request
    response.raise_for_status()
  File "C:\Users\user\workfolders\imabari3dcad\.venv\lib\site-packages\httpx\_models.py", line 829, in raise_for_status
    raise HTTPStatusError(message, request=request, response=self)
httpx.HTTPStatusError: Client error '429 Too Many Requests' for url 'https://api.openai.com/v1/chat/completions'
For more information check: https://developer.mozilla.org/en-US/docs/Web/HTTP/Status/429
2025-11-04 03:31:08,666 DEBUG openai._base_client: Retrying due to status code 429
2025-11-04 03:31:08,666 DEBUG openai._base_client: 1 retry left
2025-11-04 03:31:08,666 INFO openai._base_client: Retrying request to /chat/completions in 1.999386 seconds
2025-11-04 03:31:10,680 DEBUG openai._base_client: Request options: {'method': 'post', 'url': '/chat/completions', 'files': None, 'idempotency_key': 'stainless-python-retry-2743e0aa-a03a-4ff6-b5a9-37b5692c4ce4', 'json_data': {'messages': [{'role': 'user', 'content': "Some text is provided below. Given the text, extract up to 10 knowledge triplets in the form of (subject, predicate, object). Avoid stopwords.\n---------------------\nExample:Text: Alice is Bob's mother.Triplets:\n(Alice, is mother of, Bob)\nText: Philz is a coffee shop founded in Berkeley in 1982.\nTriplets:\n(Philz, is, coffee shop)\n(Philz, founded in, Berkeley)\n(Philz, founded in, 1982)\n---------------------\nText: document_id: C:\\Users\\user\\workfolders\\imabari3dcad\\evoship\\EVOSHIP_HELP_FILES\\about_annotation.html\nsource_path: C:\\Users\\user\\workfolders\\imabari3dcad\\evoship\\EVOSHIP_HELP_FILES\\about_annotation.html\nsection_id: b44e2dce0448c0e4b08e5be898df93f6c4e4f2fc\ntitle: アノーテーション\nsection_heading: アノーテーション\nsection_level: 2\nsection_index: 0\nlast_modified: 2025-08-06T13:57:54+00:00\nextracted_at: 2025-11-03T18:30:59+00:00\ndata_source: EVOSHIP_HELP_FILES\nchunk_id: 0280a695-6b24-40ca-91d1-216b592ab5fe\nchunk_index: 0\ntext_length: 36\nstart_char_idx: 0\nend_char_idx: 36\nnodes: [EntityNode(label='HelpDocument', embedding=None, properties={'document_id': 'C:\\\\Users\\\\user\\\\workfolders\\\\imabari3dcad\\\\evoship\\\\EVOSHIP_HELP_FILES\\\\about_annotation.html', 'source_path': 'C:\\\\Users\\\\user\\\\workfolders\\\\imabari3dcad\\\\evoship\\\\EVOSHIP_HELP_FILES\\\\about_annotation.html', 'title': 'アノーテーション', 'headings': ['アノーテーション'], 'section_count': 1, 'last_modified': '2025-08-06T13:57:54+00:00', 'extracted_at': '2025-11-03T18:30:59+00:00', 'data_source': 'EVOSHIP_HELP_FILES'}, name='C:\\\\Users\\\\user\\\\workfolders\\\\imabari3dcad\\\\evoship\\\\EVOSHIP_HELP_FILES\\\\about_annotation.html'), EntityNode(label='HelpSection', embedding=None, properties={'section_id': 'b44e2dce0448c0e4b08e5be898df93f6c4e4f2fc', 'document_id': 'C:\\\\Users\\\\user\\\\workfolders\\\\imabari3dcad\\\\evoship\\\\EVOSHIP_HELP_FILES\\\\about_annotation.html', 'source_path': 'C:\\\\Users\\\\user\\\\workfolders\\\\imabari3dcad\\\\evoship\\\\EVOSHIP_HELP_FILES\\\\about_annotation.html', 'title': 'アノーテーション', 'section_heading': 'アノーテーション', 'section_level': 2, 'section_index': 0, 'last_modified': '2025-08-06T13:57:54+00:00', 'extracted_at': '2025-11-03T18:30:59+00:00', 'data_source': 'EVOSHIP_HELP_FILES'}, name='b44e2dce0448c0e4b08e5be898df93f6c4e4f2fc'), ChunkNode(label='HelpChunk', embedding=None, properties={'chunk_id': '0280a695-6b24-40ca-91d1-216b592ab5fe', 'document_id': 'C:\\\\Users\\\\user\\\\workfolders\\\\imabari3dcad\\\\evoship\\\\EVOSHIP_HELP_FILES\\\\about_annotation.html', 'section_id': 'b44e2dce0448c0e4b08e5be898df93f6c4e4f2fc', 'source_path': 'C:\\\\Users\\\\user\\\\workfolders\\\\imabari3dcad\\\\evoship\\\\EVOSHIP_HELP_FILES\\\\about_annotation.html', 'title': 'アノーテーション', 'section_heading': 'アノーテーション', 'section_level': 2, 'section_index': 0, 'last_modified': '2025-08-06T13:57:54+00:00', 'extracted_at': '2025-11-03T18:30:59+00:00', 'chunk_index': 0, 'text_length': 36, 'start_char_idx': 0, 'end_char_idx': 36, 'data_source': 'EVOSHIP_HELP_FILES'}, text='アノーテーション\\n\\n３次元位置や要素上に 注記 をつけることができます。', id_='0280a695-6b24-40ca-91d1-216b592ab5fe')]\nrelations: [Relation(label='HAS_SECTION', source_id='C:\\\\Users\\\\user\\\\workfolders\\\\imabari3dcad\\\\evoship\\\\EVOSHIP_HELP_FILES\\\\about_annotation.html', target_id='b44e2dce0448c0e4b08e5be898df93f6c4e4f2fc', properties={'data_source': 'EVOSHIP_HELP_FILES'}), Relation(label='HAS_CHUNK', source_id='C:\\\\Users\\\\user\\\\workfolders\\\\imabari3dcad\\\\evoship\\\\EVOSHIP_HELP_FILES\\\\about_annotation.html', target_id='0280a695-6b24-40ca-91d1-216b592ab5fe', properties={'data_source': 'EVOSHIP_HELP_FILES', 'section_id': 'b44e2dce0448c0e4b08e5be898df93f6c4e4f2fc', 'chunk_index': 0}), Relation(label='HAS_CHUNK', source_id='b44e2dce0448c0e4b08e5be898df93f6c4e4f2fc', target_id='0280a695-6b24-40ca-91d1-216b592ab5fe', properties={'data_source': 'EVOSHIP_HELP_FILES', 'chunk_index': 0})]\n\nアノーテーション\n\n３次元位置や要素上に 注記 をつけることができます。\nTriplets:\n"}], 'model': 'gpt-4o-mini', 'stream': False, 'temperature': 0.1}}
2025-11-04 03:31:10,682 DEBUG openai._base_client: Sending HTTP Request: POST https://api.openai.com/v1/chat/completions
2025-11-04 03:31:10,683 DEBUG httpcore.http11: send_request_headers.started request=<Request [b'POST']>
2025-11-04 03:31:10,683 DEBUG httpcore.http11: send_request_headers.complete
2025-11-04 03:31:10,683 DEBUG httpcore.http11: send_request_body.started request=<Request [b'POST']>
2025-11-04 03:31:10,684 DEBUG httpcore.http11: send_request_body.complete
2025-11-04 03:31:10,684 DEBUG httpcore.http11: receive_response_headers.started request=<Request [b'POST']>
2025-11-04 03:31:10,888 DEBUG httpcore.http11: receive_response_headers.complete return_value=(b'HTTP/1.1', 429, b'Too Many Requests', [(b'Date', b'Mon, 03 Nov 2025 18:31:10 GMT'), (b'Content-Type', b'application/json; charset=utf-8'), (b'Content-Length', b'337'), (b'Connection', b'keep-alive'), (b'vary', b'Origin'), (b'x-request-id', b'req_b7b9f009bb424933a76b697181c03a1e'), (b'x-envoy-upstream-service-time', b'24'), (b'x-openai-proxy-wasm', b'v0.1'), (b'cf-cache-status', b'DYNAMIC'), (b'Strict-Transport-Security', b'max-age=31536000; includeSubDomains; preload'), (b'X-Content-Type-Options', b'nosniff'), (b'Server', b'cloudflare'), (b'CF-RAY', b'998df272eaed9625-KIX'), (b'alt-svc', b'h3=":443"; ma=86400')])
2025-11-04 03:31:10,889 INFO httpx: HTTP Request: POST https://api.openai.com/v1/chat/completions "HTTP/1.1 429 Too Many Requests"
2025-11-04 03:31:10,889 DEBUG httpcore.http11: receive_response_body.started request=<Request [b'POST']>
2025-11-04 03:31:10,889 DEBUG httpcore.http11: receive_response_body.complete
2025-11-04 03:31:10,889 DEBUG httpcore.http11: response_closed.started
2025-11-04 03:31:10,889 DEBUG httpcore.http11: response_closed.complete
2025-11-04 03:31:10,890 DEBUG openai._base_client: HTTP Response: POST https://api.openai.com/v1/chat/completions "429 Too Many Requests" Headers({'date': 'Mon, 03 Nov 2025 18:31:10 GMT', 'content-type': 'application/json; charset=utf-8', 'content-length': '337', 'connection': 'keep-alive', 'vary': 'Origin', 'x-request-id': 'req_b7b9f009bb424933a76b697181c03a1e', 'x-envoy-upstream-service-time': '24', 'x-openai-proxy-wasm': 'v0.1', 'cf-cache-status': 'DYNAMIC', 'strict-transport-security': 'max-age=31536000; includeSubDomains; preload', 'x-content-type-options': 'nosniff', 'server': 'cloudflare', 'cf-ray': '998df272eaed9625-KIX', 'alt-svc': 'h3=":443"; ma=86400'})
2025-11-04 03:31:10,890 DEBUG openai._base_client: request_id: req_b7b9f009bb424933a76b697181c03a1e
2025-11-04 03:31:10,890 DEBUG openai._base_client: Encountered httpx.HTTPStatusError
Traceback (most recent call last):
  File "C:\Users\user\workfolders\imabari3dcad\.venv\lib\site-packages\openai\_base_client.py", line 1574, in request
    response.raise_for_status()
  File "C:\Users\user\workfolders\imabari3dcad\.venv\lib\site-packages\httpx\_models.py", line 829, in raise_for_status
    raise HTTPStatusError(message, request=request, response=self)
httpx.HTTPStatusError: Client error '429 Too Many Requests' for url 'https://api.openai.com/v1/chat/completions'
For more information check: https://developer.mozilla.org/en-US/docs/Web/HTTP/Status/429
2025-11-04 03:31:10,890 DEBUG openai._base_client: Re-raising status error
2025-11-04 03:31:10,891 WARNING llama_index.llms.openai.utils: Retrying llama_index.llms.openai.base.OpenAI._achat in 1.3187861080390415 seconds as it raised RateLimitError: Error code: 429 - {'error': {'message': 'You exceeded your current quota, please check your plan and billing details. For more information on this error, read the docs: https://platform.openai.com/docs/guides/error-codes/api-errors.', 'type': 'insufficient_quota', 'param': None, 'code': 'insufficient_quota'}}.
2025-11-04 03:31:12,214 DEBUG openai._base_client: Request options: {'method': 'post', 'url': '/chat/completions', 'files': None, 'idempotency_key': 'stainless-python-retry-e75c70ac-4f2e-42da-a438-55c140e61d19', 'json_data': {'messages': [{'role': 'user', 'content': "Some text is provided below. Given the text, extract up to 10 knowledge triplets in the form of (subject, predicate, object). Avoid stopwords.\n---------------------\nExample:Text: Alice is Bob's mother.Triplets:\n(Alice, is mother of, Bob)\nText: Philz is a coffee shop founded in Berkeley in 1982.\nTriplets:\n(Philz, is, coffee shop)\n(Philz, founded in, Berkeley)\n(Philz, founded in, 1982)\n---------------------\nText: document_id: C:\\Users\\user\\workfolders\\imabari3dcad\\evoship\\EVOSHIP_HELP_FILES\\about_annotation.html\nsource_path: C:\\Users\\user\\workfolders\\imabari3dcad\\evoship\\EVOSHIP_HELP_FILES\\about_annotation.html\nsection_id: b44e2dce0448c0e4b08e5be898df93f6c4e4f2fc\ntitle: アノーテーション\nsection_heading: アノーテーション\nsection_level: 2\nsection_index: 0\nlast_modified: 2025-08-06T13:57:54+00:00\nextracted_at: 2025-11-03T18:30:59+00:00\ndata_source: EVOSHIP_HELP_FILES\nchunk_id: 0280a695-6b24-40ca-91d1-216b592ab5fe\nchunk_index: 0\ntext_length: 36\nstart_char_idx: 0\nend_char_idx: 36\nnodes: [EntityNode(label='HelpDocument', embedding=None, properties={'document_id': 'C:\\\\Users\\\\user\\\\workfolders\\\\imabari3dcad\\\\evoship\\\\EVOSHIP_HELP_FILES\\\\about_annotation.html', 'source_path': 'C:\\\\Users\\\\user\\\\workfolders\\\\imabari3dcad\\\\evoship\\\\EVOSHIP_HELP_FILES\\\\about_annotation.html', 'title': 'アノーテーション', 'headings': ['アノーテーション'], 'section_count': 1, 'last_modified': '2025-08-06T13:57:54+00:00', 'extracted_at': '2025-11-03T18:30:59+00:00', 'data_source': 'EVOSHIP_HELP_FILES'}, name='C:\\\\Users\\\\user\\\\workfolders\\\\imabari3dcad\\\\evoship\\\\EVOSHIP_HELP_FILES\\\\about_annotation.html'), EntityNode(label='HelpSection', embedding=None, properties={'section_id': 'b44e2dce0448c0e4b08e5be898df93f6c4e4f2fc', 'document_id': 'C:\\\\Users\\\\user\\\\workfolders\\\\imabari3dcad\\\\evoship\\\\EVOSHIP_HELP_FILES\\\\about_annotation.html', 'source_path': 'C:\\\\Users\\\\user\\\\workfolders\\\\imabari3dcad\\\\evoship\\\\EVOSHIP_HELP_FILES\\\\about_annotation.html', 'title': 'アノーテーション', 'section_heading': 'アノーテーション', 'section_level': 2, 'section_index': 0, 'last_modified': '2025-08-06T13:57:54+00:00', 'extracted_at': '2025-11-03T18:30:59+00:00', 'data_source': 'EVOSHIP_HELP_FILES'}, name='b44e2dce0448c0e4b08e5be898df93f6c4e4f2fc'), ChunkNode(label='HelpChunk', embedding=None, properties={'chunk_id': '0280a695-6b24-40ca-91d1-216b592ab5fe', 'document_id': 'C:\\\\Users\\\\user\\\\workfolders\\\\imabari3dcad\\\\evoship\\\\EVOSHIP_HELP_FILES\\\\about_annotation.html', 'section_id': 'b44e2dce0448c0e4b08e5be898df93f6c4e4f2fc', 'source_path': 'C:\\\\Users\\\\user\\\\workfolders\\\\imabari3dcad\\\\evoship\\\\EVOSHIP_HELP_FILES\\\\about_annotation.html', 'title': 'アノーテーション', 'section_heading': 'アノーテーション', 'section_level': 2, 'section_index': 0, 'last_modified': '2025-08-06T13:57:54+00:00', 'extracted_at': '2025-11-03T18:30:59+00:00', 'chunk_index': 0, 'text_length': 36, 'start_char_idx': 0, 'end_char_idx': 36, 'data_source': 'EVOSHIP_HELP_FILES'}, text='アノーテーション\\n\\n３次元位置や要素上に 注記 をつけることができます。', id_='0280a695-6b24-40ca-91d1-216b592ab5fe')]\nrelations: [Relation(label='HAS_SECTION', source_id='C:\\\\Users\\\\user\\\\workfolders\\\\imabari3dcad\\\\evoship\\\\EVOSHIP_HELP_FILES\\\\about_annotation.html', target_id='b44e2dce0448c0e4b08e5be898df93f6c4e4f2fc', properties={'data_source': 'EVOSHIP_HELP_FILES'}), Relation(label='HAS_CHUNK', source_id='C:\\\\Users\\\\user\\\\workfolders\\\\imabari3dcad\\\\evoship\\\\EVOSHIP_HELP_FILES\\\\about_annotation.html', target_id='0280a695-6b24-40ca-91d1-216b592ab5fe', properties={'data_source': 'EVOSHIP_HELP_FILES', 'section_id': 'b44e2dce0448c0e4b08e5be898df93f6c4e4f2fc', 'chunk_index': 0}), Relation(label='HAS_CHUNK', source_id='b44e2dce0448c0e4b08e5be898df93f6c4e4f2fc', target_id='0280a695-6b24-40ca-91d1-216b592ab5fe', properties={'data_source': 'EVOSHIP_HELP_FILES', 'chunk_index': 0})]\n\nアノーテーション\n\n３次元位置や要素上に 注記 をつけることができます。\nTriplets:\n"}], 'model': 'gpt-4o-mini', 'stream': False, 'temperature': 0.1}}
2025-11-04 03:31:12,216 DEBUG openai._base_client: Sending HTTP Request: POST https://api.openai.com/v1/chat/completions
2025-11-04 03:31:12,217 DEBUG httpcore.http11: send_request_headers.started request=<Request [b'POST']>
2025-11-04 03:31:12,218 DEBUG httpcore.http11: send_request_headers.complete
2025-11-04 03:31:12,218 DEBUG httpcore.http11: send_request_body.started request=<Request [b'POST']>
2025-11-04 03:31:12,218 DEBUG httpcore.http11: send_request_body.complete
2025-11-04 03:31:12,218 DEBUG httpcore.http11: receive_response_headers.started request=<Request [b'POST']>
2025-11-04 03:31:12,413 DEBUG httpcore.http11: receive_response_headers.complete return_value=(b'HTTP/1.1', 429, b'Too Many Requests', [(b'Date', b'Mon, 03 Nov 2025 18:31:12 GMT'), (b'Content-Type', b'application/json; charset=utf-8'), (b'Content-Length', b'337'), (b'Connection', b'keep-alive'), (b'vary', b'Origin'), (b'x-request-id', b'req_9597afbeb2294e4893cf2ea9aeed8570'), (b'x-envoy-upstream-service-time', b'8'), (b'x-openai-proxy-wasm', b'v0.1'), (b'cf-cache-status', b'DYNAMIC'), (b'Strict-Transport-Security', b'max-age=31536000; includeSubDomains; preload'), (b'X-Content-Type-Options', b'nosniff'), (b'Server', b'cloudflare'), (b'CF-RAY', b'998df27c7f4f9625-KIX'), (b'alt-svc', b'h3=":443"; ma=86400')])
2025-11-04 03:31:12,414 INFO httpx: HTTP Request: POST https://api.openai.com/v1/chat/completions "HTTP/1.1 429 Too Many Requests"
2025-11-04 03:31:12,415 DEBUG httpcore.http11: receive_response_body.started request=<Request [b'POST']>
2025-11-04 03:31:12,415 DEBUG httpcore.http11: receive_response_body.complete
2025-11-04 03:31:12,415 DEBUG httpcore.http11: response_closed.started
2025-11-04 03:31:12,415 DEBUG httpcore.http11: response_closed.complete
2025-11-04 03:31:12,415 DEBUG openai._base_client: HTTP Response: POST https://api.openai.com/v1/chat/completions "429 Too Many Requests" Headers({'date': 'Mon, 03 Nov 2025 18:31:12 GMT', 'content-type': 'application/json; charset=utf-8', 'content-length': '337', 'connection': 'keep-alive', 'vary': 'Origin', 'x-request-id': 'req_9597afbeb2294e4893cf2ea9aeed8570', 'x-envoy-upstream-service-time': '8', 'x-openai-proxy-wasm': 'v0.1', 'cf-cache-status': 'DYNAMIC', 'strict-transport-security': 'max-age=31536000; includeSubDomains; preload', 'x-content-type-options': 'nosniff', 'server': 'cloudflare', 'cf-ray': '998df27c7f4f9625-KIX', 'alt-svc': 'h3=":443"; ma=86400'})
2025-11-04 03:31:12,416 DEBUG openai._base_client: request_id: req_9597afbeb2294e4893cf2ea9aeed8570
2025-11-04 03:31:12,416 DEBUG openai._base_client: Encountered httpx.HTTPStatusError
Traceback (most recent call last):
  File "C:\Users\user\workfolders\imabari3dcad\.venv\lib\site-packages\openai\_base_client.py", line 1574, in request
    response.raise_for_status()
  File "C:\Users\user\workfolders\imabari3dcad\.venv\lib\site-packages\httpx\_models.py", line 829, in raise_for_status
    raise HTTPStatusError(message, request=request, response=self)
httpx.HTTPStatusError: Client error '429 Too Many Requests' for url 'https://api.openai.com/v1/chat/completions'
For more information check: https://developer.mozilla.org/en-US/docs/Web/HTTP/Status/429
2025-11-04 03:31:12,416 DEBUG openai._base_client: Retrying due to status code 429
2025-11-04 03:31:12,416 DEBUG openai._base_client: 3 retries left
2025-11-04 03:31:12,416 INFO openai._base_client: Retrying request to /chat/completions in 0.484888 seconds
2025-11-04 03:31:12,916 DEBUG openai._base_client: Request options: {'method': 'post', 'url': '/chat/completions', 'files': None, 'idempotency_key': 'stainless-python-retry-e75c70ac-4f2e-42da-a438-55c140e61d19', 'json_data': {'messages': [{'role': 'user', 'content': "Some text is provided below. Given the text, extract up to 10 knowledge triplets in the form of (subject, predicate, object). Avoid stopwords.\n---------------------\nExample:Text: Alice is Bob's mother.Triplets:\n(Alice, is mother of, Bob)\nText: Philz is a coffee shop founded in Berkeley in 1982.\nTriplets:\n(Philz, is, coffee shop)\n(Philz, founded in, Berkeley)\n(Philz, founded in, 1982)\n---------------------\nText: document_id: C:\\Users\\user\\workfolders\\imabari3dcad\\evoship\\EVOSHIP_HELP_FILES\\about_annotation.html\nsource_path: C:\\Users\\user\\workfolders\\imabari3dcad\\evoship\\EVOSHIP_HELP_FILES\\about_annotation.html\nsection_id: b44e2dce0448c0e4b08e5be898df93f6c4e4f2fc\ntitle: アノーテーション\nsection_heading: アノーテーション\nsection_level: 2\nsection_index: 0\nlast_modified: 2025-08-06T13:57:54+00:00\nextracted_at: 2025-11-03T18:30:59+00:00\ndata_source: EVOSHIP_HELP_FILES\nchunk_id: 0280a695-6b24-40ca-91d1-216b592ab5fe\nchunk_index: 0\ntext_length: 36\nstart_char_idx: 0\nend_char_idx: 36\nnodes: [EntityNode(label='HelpDocument', embedding=None, properties={'document_id': 'C:\\\\Users\\\\user\\\\workfolders\\\\imabari3dcad\\\\evoship\\\\EVOSHIP_HELP_FILES\\\\about_annotation.html', 'source_path': 'C:\\\\Users\\\\user\\\\workfolders\\\\imabari3dcad\\\\evoship\\\\EVOSHIP_HELP_FILES\\\\about_annotation.html', 'title': 'アノーテーション', 'headings': ['アノーテーション'], 'section_count': 1, 'last_modified': '2025-08-06T13:57:54+00:00', 'extracted_at': '2025-11-03T18:30:59+00:00', 'data_source': 'EVOSHIP_HELP_FILES'}, name='C:\\\\Users\\\\user\\\\workfolders\\\\imabari3dcad\\\\evoship\\\\EVOSHIP_HELP_FILES\\\\about_annotation.html'), EntityNode(label='HelpSection', embedding=None, properties={'section_id': 'b44e2dce0448c0e4b08e5be898df93f6c4e4f2fc', 'document_id': 'C:\\\\Users\\\\user\\\\workfolders\\\\imabari3dcad\\\\evoship\\\\EVOSHIP_HELP_FILES\\\\about_annotation.html', 'source_path': 'C:\\\\Users\\\\user\\\\workfolders\\\\imabari3dcad\\\\evoship\\\\EVOSHIP_HELP_FILES\\\\about_annotation.html', 'title': 'アノーテーション', 'section_heading': 'アノーテーション', 'section_level': 2, 'section_index': 0, 'last_modified': '2025-08-06T13:57:54+00:00', 'extracted_at': '2025-11-03T18:30:59+00:00', 'data_source': 'EVOSHIP_HELP_FILES'}, name='b44e2dce0448c0e4b08e5be898df93f6c4e4f2fc'), ChunkNode(label='HelpChunk', embedding=None, properties={'chunk_id': '0280a695-6b24-40ca-91d1-216b592ab5fe', 'document_id': 'C:\\\\Users\\\\user\\\\workfolders\\\\imabari3dcad\\\\evoship\\\\EVOSHIP_HELP_FILES\\\\about_annotation.html', 'section_id': 'b44e2dce0448c0e4b08e5be898df93f6c4e4f2fc', 'source_path': 'C:\\\\Users\\\\user\\\\workfolders\\\\imabari3dcad\\\\evoship\\\\EVOSHIP_HELP_FILES\\\\about_annotation.html', 'title': 'アノーテーション', 'section_heading': 'アノーテーション', 'section_level': 2, 'section_index': 0, 'last_modified': '2025-08-06T13:57:54+00:00', 'extracted_at': '2025-11-03T18:30:59+00:00', 'chunk_index': 0, 'text_length': 36, 'start_char_idx': 0, 'end_char_idx': 36, 'data_source': 'EVOSHIP_HELP_FILES'}, text='アノーテーション\\n\\n３次元位置や要素上に 注記 をつけることができます。', id_='0280a695-6b24-40ca-91d1-216b592ab5fe')]\nrelations: [Relation(label='HAS_SECTION', source_id='C:\\\\Users\\\\user\\\\workfolders\\\\imabari3dcad\\\\evoship\\\\EVOSHIP_HELP_FILES\\\\about_annotation.html', target_id='b44e2dce0448c0e4b08e5be898df93f6c4e4f2fc', properties={'data_source': 'EVOSHIP_HELP_FILES'}), Relation(label='HAS_CHUNK', source_id='C:\\\\Users\\\\user\\\\workfolders\\\\imabari3dcad\\\\evoship\\\\EVOSHIP_HELP_FILES\\\\about_annotation.html', target_id='0280a695-6b24-40ca-91d1-216b592ab5fe', properties={'data_source': 'EVOSHIP_HELP_FILES', 'section_id': 'b44e2dce0448c0e4b08e5be898df93f6c4e4f2fc', 'chunk_index': 0}), Relation(label='HAS_CHUNK', source_id='b44e2dce0448c0e4b08e5be898df93f6c4e4f2fc', target_id='0280a695-6b24-40ca-91d1-216b592ab5fe', properties={'data_source': 'EVOSHIP_HELP_FILES', 'chunk_index': 0})]\n\nアノーテーション\n\n３次元位置や要素上に 注記 をつけることができます。\nTriplets:\n"}], 'model': 'gpt-4o-mini', 'stream': False, 'temperature': 0.1}}
2025-11-04 03:31:12,919 DEBUG openai._base_client: Sending HTTP Request: POST https://api.openai.com/v1/chat/completions
2025-11-04 03:31:12,920 DEBUG httpcore.http11: send_request_headers.started request=<Request [b'POST']>
2025-11-04 03:31:12,921 DEBUG httpcore.http11: send_request_headers.complete
2025-11-04 03:31:12,921 DEBUG httpcore.http11: send_request_body.started request=<Request [b'POST']>
2025-11-04 03:31:12,921 DEBUG httpcore.http11: send_request_body.complete
2025-11-04 03:31:12,921 DEBUG httpcore.http11: receive_response_headers.started request=<Request [b'POST']>
2025-11-04 03:31:13,124 DEBUG httpcore.http11: receive_response_headers.complete return_value=(b'HTTP/1.1', 429, b'Too Many Requests', [(b'Date', b'Mon, 03 Nov 2025 18:31:12 GMT'), (b'Content-Type', b'application/json; charset=utf-8'), (b'Content-Length', b'337'), (b'Connection', b'keep-alive'), (b'vary', b'Origin'), (b'x-request-id', b'req_83bfe8520b1440619a0353c20a90bcd0'), (b'x-envoy-upstream-service-time', b'15'), (b'x-openai-proxy-wasm', b'v0.1'), (b'cf-cache-status', b'DYNAMIC'), (b'Strict-Transport-Security', b'max-age=31536000; includeSubDomains; preload'), (b'X-Content-Type-Options', b'nosniff'), (b'Server', b'cloudflare'), (b'CF-RAY', b'998df280e9109625-KIX'), (b'alt-svc', b'h3=":443"; ma=86400')])
2025-11-04 03:31:13,125 INFO httpx: HTTP Request: POST https://api.openai.com/v1/chat/completions "HTTP/1.1 429 Too Many Requests"
2025-11-04 03:31:13,125 DEBUG httpcore.http11: receive_response_body.started request=<Request [b'POST']>
2025-11-04 03:31:13,125 DEBUG httpcore.http11: receive_response_body.complete
2025-11-04 03:31:13,125 DEBUG httpcore.http11: response_closed.started
2025-11-04 03:31:13,125 DEBUG httpcore.http11: response_closed.complete
2025-11-04 03:31:13,126 DEBUG openai._base_client: HTTP Response: POST https://api.openai.com/v1/chat/completions "429 Too Many Requests" Headers({'date': 'Mon, 03 Nov 2025 18:31:12 GMT', 'content-type': 'application/json; charset=utf-8', 'content-length': '337', 'connection': 'keep-alive', 'vary': 'Origin', 'x-request-id': 'req_83bfe8520b1440619a0353c20a90bcd0', 'x-envoy-upstream-service-time': '15', 'x-openai-proxy-wasm': 'v0.1', 'cf-cache-status': 'DYNAMIC', 'strict-transport-security': 'max-age=31536000; includeSubDomains; preload', 'x-content-type-options': 'nosniff', 'server': 'cloudflare', 'cf-ray': '998df280e9109625-KIX', 'alt-svc': 'h3=":443"; ma=86400'})
2025-11-04 03:31:13,126 DEBUG openai._base_client: request_id: req_83bfe8520b1440619a0353c20a90bcd0
2025-11-04 03:31:13,126 DEBUG openai._base_client: Encountered httpx.HTTPStatusError
Traceback (most recent call last):
  File "C:\Users\user\workfolders\imabari3dcad\.venv\lib\site-packages\openai\_base_client.py", line 1574, in request
    response.raise_for_status()
  File "C:\Users\user\workfolders\imabari3dcad\.venv\lib\site-packages\httpx\_models.py", line 829, in raise_for_status
    raise HTTPStatusError(message, request=request, response=self)
httpx.HTTPStatusError: Client error '429 Too Many Requests' for url 'https://api.openai.com/v1/chat/completions'
For more information check: https://developer.mozilla.org/en-US/docs/Web/HTTP/Status/429
2025-11-04 03:31:13,126 DEBUG openai._base_client: Retrying due to status code 429
2025-11-04 03:31:13,126 DEBUG openai._base_client: 2 retries left
2025-11-04 03:31:13,126 INFO openai._base_client: Retrying request to /chat/completions in 0.899981 seconds
2025-11-04 03:31:14,040 DEBUG openai._base_client: Request options: {'method': 'post', 'url': '/chat/completions', 'files': None, 'idempotency_key': 'stainless-python-retry-e75c70ac-4f2e-42da-a438-55c140e61d19', 'json_data': {'messages': [{'role': 'user', 'content': "Some text is provided below. Given the text, extract up to 10 knowledge triplets in the form of (subject, predicate, object). Avoid stopwords.\n---------------------\nExample:Text: Alice is Bob's mother.Triplets:\n(Alice, is mother of, Bob)\nText: Philz is a coffee shop founded in Berkeley in 1982.\nTriplets:\n(Philz, is, coffee shop)\n(Philz, founded in, Berkeley)\n(Philz, founded in, 1982)\n---------------------\nText: document_id: C:\\Users\\user\\workfolders\\imabari3dcad\\evoship\\EVOSHIP_HELP_FILES\\about_annotation.html\nsource_path: C:\\Users\\user\\workfolders\\imabari3dcad\\evoship\\EVOSHIP_HELP_FILES\\about_annotation.html\nsection_id: b44e2dce0448c0e4b08e5be898df93f6c4e4f2fc\ntitle: アノーテーション\nsection_heading: アノーテーション\nsection_level: 2\nsection_index: 0\nlast_modified: 2025-08-06T13:57:54+00:00\nextracted_at: 2025-11-03T18:30:59+00:00\ndata_source: EVOSHIP_HELP_FILES\nchunk_id: 0280a695-6b24-40ca-91d1-216b592ab5fe\nchunk_index: 0\ntext_length: 36\nstart_char_idx: 0\nend_char_idx: 36\nnodes: [EntityNode(label='HelpDocument', embedding=None, properties={'document_id': 'C:\\\\Users\\\\user\\\\workfolders\\\\imabari3dcad\\\\evoship\\\\EVOSHIP_HELP_FILES\\\\about_annotation.html', 'source_path': 'C:\\\\Users\\\\user\\\\workfolders\\\\imabari3dcad\\\\evoship\\\\EVOSHIP_HELP_FILES\\\\about_annotation.html', 'title': 'アノーテーション', 'headings': ['アノーテーション'], 'section_count': 1, 'last_modified': '2025-08-06T13:57:54+00:00', 'extracted_at': '2025-11-03T18:30:59+00:00', 'data_source': 'EVOSHIP_HELP_FILES'}, name='C:\\\\Users\\\\user\\\\workfolders\\\\imabari3dcad\\\\evoship\\\\EVOSHIP_HELP_FILES\\\\about_annotation.html'), EntityNode(label='HelpSection', embedding=None, properties={'section_id': 'b44e2dce0448c0e4b08e5be898df93f6c4e4f2fc', 'document_id': 'C:\\\\Users\\\\user\\\\workfolders\\\\imabari3dcad\\\\evoship\\\\EVOSHIP_HELP_FILES\\\\about_annotation.html', 'source_path': 'C:\\\\Users\\\\user\\\\workfolders\\\\imabari3dcad\\\\evoship\\\\EVOSHIP_HELP_FILES\\\\about_annotation.html', 'title': 'アノーテーション', 'section_heading': 'アノーテーション', 'section_level': 2, 'section_index': 0, 'last_modified': '2025-08-06T13:57:54+00:00', 'extracted_at': '2025-11-03T18:30:59+00:00', 'data_source': 'EVOSHIP_HELP_FILES'}, name='b44e2dce0448c0e4b08e5be898df93f6c4e4f2fc'), ChunkNode(label='HelpChunk', embedding=None, properties={'chunk_id': '0280a695-6b24-40ca-91d1-216b592ab5fe', 'document_id': 'C:\\\\Users\\\\user\\\\workfolders\\\\imabari3dcad\\\\evoship\\\\EVOSHIP_HELP_FILES\\\\about_annotation.html', 'section_id': 'b44e2dce0448c0e4b08e5be898df93f6c4e4f2fc', 'source_path': 'C:\\\\Users\\\\user\\\\workfolders\\\\imabari3dcad\\\\evoship\\\\EVOSHIP_HELP_FILES\\\\about_annotation.html', 'title': 'アノーテーション', 'section_heading': 'アノーテーション', 'section_level': 2, 'section_index': 0, 'last_modified': '2025-08-06T13:57:54+00:00', 'extracted_at': '2025-11-03T18:30:59+00:00', 'chunk_index': 0, 'text_length': 36, 'start_char_idx': 0, 'end_char_idx': 36, 'data_source': 'EVOSHIP_HELP_FILES'}, text='アノーテーション\\n\\n３次元位置や要素上に 注記 をつけることができます。', id_='0280a695-6b24-40ca-91d1-216b592ab5fe')]\nrelations: [Relation(label='HAS_SECTION', source_id='C:\\\\Users\\\\user\\\\workfolders\\\\imabari3dcad\\\\evoship\\\\EVOSHIP_HELP_FILES\\\\about_annotation.html', target_id='b44e2dce0448c0e4b08e5be898df93f6c4e4f2fc', properties={'data_source': 'EVOSHIP_HELP_FILES'}), Relation(label='HAS_CHUNK', source_id='C:\\\\Users\\\\user\\\\workfolders\\\\imabari3dcad\\\\evoship\\\\EVOSHIP_HELP_FILES\\\\about_annotation.html', target_id='0280a695-6b24-40ca-91d1-216b592ab5fe', properties={'data_source': 'EVOSHIP_HELP_FILES', 'section_id': 'b44e2dce0448c0e4b08e5be898df93f6c4e4f2fc', 'chunk_index': 0}), Relation(label='HAS_CHUNK', source_id='b44e2dce0448c0e4b08e5be898df93f6c4e4f2fc', target_id='0280a695-6b24-40ca-91d1-216b592ab5fe', properties={'data_source': 'EVOSHIP_HELP_FILES', 'chunk_index': 0})]\n\nアノーテーション\n\n３次元位置や要素上に 注記 をつけることができます。\nTriplets:\n"}], 'model': 'gpt-4o-mini', 'stream': False, 'temperature': 0.1}}
2025-11-04 03:31:14,042 DEBUG openai._base_client: Sending HTTP Request: POST https://api.openai.com/v1/chat/completions
2025-11-04 03:31:14,043 DEBUG httpcore.http11: send_request_headers.started request=<Request [b'POST']>
2025-11-04 03:31:14,043 DEBUG httpcore.http11: send_request_headers.complete
2025-11-04 03:31:14,043 DEBUG httpcore.http11: send_request_body.started request=<Request [b'POST']>
2025-11-04 03:31:14,044 DEBUG httpcore.http11: send_request_body.complete
2025-11-04 03:31:14,044 DEBUG httpcore.http11: receive_response_headers.started request=<Request [b'POST']>
2025-11-04 03:31:14,406 DEBUG httpcore.http11: receive_response_headers.complete return_value=(b'HTTP/1.1', 429, b'Too Many Requests', [(b'Date', b'Mon, 03 Nov 2025 18:31:14 GMT'), (b'Content-Type', b'application/json; charset=utf-8'), (b'Content-Length', b'337'), (b'Connection', b'keep-alive'), (b'vary', b'Origin'), (b'x-request-id', b'req_f883004099014fa5b33909e1b5f18297'), (b'x-envoy-upstream-service-time', b'180'), (b'x-openai-proxy-wasm', b'v0.1'), (b'cf-cache-status', b'DYNAMIC'), (b'Strict-Transport-Security', b'max-age=31536000; includeSubDomains; preload'), (b'X-Content-Type-Options', b'nosniff'), (b'Server', b'cloudflare'), (b'CF-RAY', b'998df287ebc29625-KIX'), (b'alt-svc', b'h3=":443"; ma=86400')])
2025-11-04 03:31:14,406 INFO httpx: HTTP Request: POST https://api.openai.com/v1/chat/completions "HTTP/1.1 429 Too Many Requests"
2025-11-04 03:31:14,406 DEBUG httpcore.http11: receive_response_body.started request=<Request [b'POST']>
2025-11-04 03:31:14,407 DEBUG httpcore.http11: receive_response_body.complete
2025-11-04 03:31:14,407 DEBUG httpcore.http11: response_closed.started
2025-11-04 03:31:14,407 DEBUG httpcore.http11: response_closed.complete
2025-11-04 03:31:14,407 DEBUG openai._base_client: HTTP Response: POST https://api.openai.com/v1/chat/completions "429 Too Many Requests" Headers({'date': 'Mon, 03 Nov 2025 18:31:14 GMT', 'content-type': 'application/json; charset=utf-8', 'content-length': '337', 'connection': 'keep-alive', 'vary': 'Origin', 'x-request-id': 'req_f883004099014fa5b33909e1b5f18297', 'x-envoy-upstream-service-time': '180', 'x-openai-proxy-wasm': 'v0.1', 'cf-cache-status': 'DYNAMIC', 'strict-transport-security': 'max-age=31536000; includeSubDomains; preload', 'x-content-type-options': 'nosniff', 'server': 'cloudflare', 'cf-ray': '998df287ebc29625-KIX', 'alt-svc': 'h3=":443"; ma=86400'})
2025-11-04 03:31:14,407 DEBUG openai._base_client: request_id: req_f883004099014fa5b33909e1b5f18297
2025-11-04 03:31:14,407 DEBUG openai._base_client: Encountered httpx.HTTPStatusError
Traceback (most recent call last):
  File "C:\Users\user\workfolders\imabari3dcad\.venv\lib\site-packages\openai\_base_client.py", line 1574, in request
    response.raise_for_status()
  File "C:\Users\user\workfolders\imabari3dcad\.venv\lib\site-packages\httpx\_models.py", line 829, in raise_for_status
    raise HTTPStatusError(message, request=request, response=self)
httpx.HTTPStatusError: Client error '429 Too Many Requests' for url 'https://api.openai.com/v1/chat/completions'
For more information check: https://developer.mozilla.org/en-US/docs/Web/HTTP/Status/429
2025-11-04 03:31:14,408 DEBUG openai._base_client: Retrying due to status code 429
2025-11-04 03:31:14,408 DEBUG openai._base_client: 1 retry left
2025-11-04 03:31:14,408 INFO openai._base_client: Retrying request to /chat/completions in 1.990187 seconds
2025-11-04 03:31:16,400 DEBUG openai._base_client: Request options: {'method': 'post', 'url': '/chat/completions', 'files': None, 'idempotency_key': 'stainless-python-retry-e75c70ac-4f2e-42da-a438-55c140e61d19', 'json_data': {'messages': [{'role': 'user', 'content': "Some text is provided below. Given the text, extract up to 10 knowledge triplets in the form of (subject, predicate, object). Avoid stopwords.\n---------------------\nExample:Text: Alice is Bob's mother.Triplets:\n(Alice, is mother of, Bob)\nText: Philz is a coffee shop founded in Berkeley in 1982.\nTriplets:\n(Philz, is, coffee shop)\n(Philz, founded in, Berkeley)\n(Philz, founded in, 1982)\n---------------------\nText: document_id: C:\\Users\\user\\workfolders\\imabari3dcad\\evoship\\EVOSHIP_HELP_FILES\\about_annotation.html\nsource_path: C:\\Users\\user\\workfolders\\imabari3dcad\\evoship\\EVOSHIP_HELP_FILES\\about_annotation.html\nsection_id: b44e2dce0448c0e4b08e5be898df93f6c4e4f2fc\ntitle: アノーテーション\nsection_heading: アノーテーション\nsection_level: 2\nsection_index: 0\nlast_modified: 2025-08-06T13:57:54+00:00\nextracted_at: 2025-11-03T18:30:59+00:00\ndata_source: EVOSHIP_HELP_FILES\nchunk_id: 0280a695-6b24-40ca-91d1-216b592ab5fe\nchunk_index: 0\ntext_length: 36\nstart_char_idx: 0\nend_char_idx: 36\nnodes: [EntityNode(label='HelpDocument', embedding=None, properties={'document_id': 'C:\\\\Users\\\\user\\\\workfolders\\\\imabari3dcad\\\\evoship\\\\EVOSHIP_HELP_FILES\\\\about_annotation.html', 'source_path': 'C:\\\\Users\\\\user\\\\workfolders\\\\imabari3dcad\\\\evoship\\\\EVOSHIP_HELP_FILES\\\\about_annotation.html', 'title': 'アノーテーション', 'headings': ['アノーテーション'], 'section_count': 1, 'last_modified': '2025-08-06T13:57:54+00:00', 'extracted_at': '2025-11-03T18:30:59+00:00', 'data_source': 'EVOSHIP_HELP_FILES'}, name='C:\\\\Users\\\\user\\\\workfolders\\\\imabari3dcad\\\\evoship\\\\EVOSHIP_HELP_FILES\\\\about_annotation.html'), EntityNode(label='HelpSection', embedding=None, properties={'section_id': 'b44e2dce0448c0e4b08e5be898df93f6c4e4f2fc', 'document_id': 'C:\\\\Users\\\\user\\\\workfolders\\\\imabari3dcad\\\\evoship\\\\EVOSHIP_HELP_FILES\\\\about_annotation.html', 'source_path': 'C:\\\\Users\\\\user\\\\workfolders\\\\imabari3dcad\\\\evoship\\\\EVOSHIP_HELP_FILES\\\\about_annotation.html', 'title': 'アノーテーション', 'section_heading': 'アノーテーション', 'section_level': 2, 'section_index': 0, 'last_modified': '2025-08-06T13:57:54+00:00', 'extracted_at': '2025-11-03T18:30:59+00:00', 'data_source': 'EVOSHIP_HELP_FILES'}, name='b44e2dce0448c0e4b08e5be898df93f6c4e4f2fc'), ChunkNode(label='HelpChunk', embedding=None, properties={'chunk_id': '0280a695-6b24-40ca-91d1-216b592ab5fe', 'document_id': 'C:\\\\Users\\\\user\\\\workfolders\\\\imabari3dcad\\\\evoship\\\\EVOSHIP_HELP_FILES\\\\about_annotation.html', 'section_id': 'b44e2dce0448c0e4b08e5be898df93f6c4e4f2fc', 'source_path': 'C:\\\\Users\\\\user\\\\workfolders\\\\imabari3dcad\\\\evoship\\\\EVOSHIP_HELP_FILES\\\\about_annotation.html', 'title': 'アノーテーション', 'section_heading': 'アノーテーション', 'section_level': 2, 'section_index': 0, 'last_modified': '2025-08-06T13:57:54+00:00', 'extracted_at': '2025-11-03T18:30:59+00:00', 'chunk_index': 0, 'text_length': 36, 'start_char_idx': 0, 'end_char_idx': 36, 'data_source': 'EVOSHIP_HELP_FILES'}, text='アノーテーション\\n\\n３次元位置や要素上に 注記 をつけることができます。', id_='0280a695-6b24-40ca-91d1-216b592ab5fe')]\nrelations: [Relation(label='HAS_SECTION', source_id='C:\\\\Users\\\\user\\\\workfolders\\\\imabari3dcad\\\\evoship\\\\EVOSHIP_HELP_FILES\\\\about_annotation.html', target_id='b44e2dce0448c0e4b08e5be898df93f6c4e4f2fc', properties={'data_source': 'EVOSHIP_HELP_FILES'}), Relation(label='HAS_CHUNK', source_id='C:\\\\Users\\\\user\\\\workfolders\\\\imabari3dcad\\\\evoship\\\\EVOSHIP_HELP_FILES\\\\about_annotation.html', target_id='0280a695-6b24-40ca-91d1-216b592ab5fe', properties={'data_source': 'EVOSHIP_HELP_FILES', 'section_id': 'b44e2dce0448c0e4b08e5be898df93f6c4e4f2fc', 'chunk_index': 0}), Relation(label='HAS_CHUNK', source_id='b44e2dce0448c0e4b08e5be898df93f6c4e4f2fc', target_id='0280a695-6b24-40ca-91d1-216b592ab5fe', properties={'data_source': 'EVOSHIP_HELP_FILES', 'chunk_index': 0})]\n\nアノーテーション\n\n３次元位置や要素上に 注記 をつけることができます。\nTriplets:\n"}], 'model': 'gpt-4o-mini', 'stream': False, 'temperature': 0.1}}
2025-11-04 03:31:16,401 DEBUG openai._base_client: Sending HTTP Request: POST https://api.openai.com/v1/chat/completions
2025-11-04 03:31:16,401 DEBUG httpcore.http11: send_request_headers.started request=<Request [b'POST']>
2025-11-04 03:31:16,402 DEBUG httpcore.http11: send_request_headers.complete
2025-11-04 03:31:16,402 DEBUG httpcore.http11: send_request_body.started request=<Request [b'POST']>
2025-11-04 03:31:16,402 DEBUG httpcore.http11: send_request_body.complete
2025-11-04 03:31:16,402 DEBUG httpcore.http11: receive_response_headers.started request=<Request [b'POST']>
2025-11-04 03:31:16,591 DEBUG httpcore.http11: receive_response_headers.complete return_value=(b'HTTP/1.1', 429, b'Too Many Requests', [(b'Date', b'Mon, 03 Nov 2025 18:31:16 GMT'), (b'Content-Type', b'application/json; charset=utf-8'), (b'Content-Length', b'337'), (b'Connection', b'keep-alive'), (b'vary', b'Origin'), (b'x-request-id', b'req_dd46c11b55004fe4acf29aa0948862a4'), (b'x-envoy-upstream-service-time', b'7'), (b'x-openai-proxy-wasm', b'v0.1'), (b'cf-cache-status', b'DYNAMIC'), (b'Strict-Transport-Security', b'max-age=31536000; includeSubDomains; preload'), (b'X-Content-Type-Options', b'nosniff'), (b'Server', b'cloudflare'), (b'CF-RAY', b'998df296a93f9625-KIX'), (b'alt-svc', b'h3=":443"; ma=86400')])
2025-11-04 03:31:16,594 INFO httpx: HTTP Request: POST https://api.openai.com/v1/chat/completions "HTTP/1.1 429 Too Many Requests"
2025-11-04 03:31:16,594 DEBUG httpcore.http11: receive_response_body.started request=<Request [b'POST']>
2025-11-04 03:31:16,594 DEBUG httpcore.http11: receive_response_body.complete
2025-11-04 03:31:16,594 DEBUG httpcore.http11: response_closed.started
2025-11-04 03:31:16,594 DEBUG httpcore.http11: response_closed.complete
2025-11-04 03:31:16,595 DEBUG openai._base_client: HTTP Response: POST https://api.openai.com/v1/chat/completions "429 Too Many Requests" Headers({'date': 'Mon, 03 Nov 2025 18:31:16 GMT', 'content-type': 'application/json; charset=utf-8', 'content-length': '337', 'connection': 'keep-alive', 'vary': 'Origin', 'x-request-id': 'req_dd46c11b55004fe4acf29aa0948862a4', 'x-envoy-upstream-service-time': '7', 'x-openai-proxy-wasm': 'v0.1', 'cf-cache-status': 'DYNAMIC', 'strict-transport-security': 'max-age=31536000; includeSubDomains; preload', 'x-content-type-options': 'nosniff', 'server': 'cloudflare', 'cf-ray': '998df296a93f9625-KIX', 'alt-svc': 'h3=":443"; ma=86400'})
2025-11-04 03:31:16,595 DEBUG openai._base_client: request_id: req_dd46c11b55004fe4acf29aa0948862a4
2025-11-04 03:31:16,595 DEBUG openai._base_client: Encountered httpx.HTTPStatusError
Traceback (most recent call last):
  File "C:\Users\user\workfolders\imabari3dcad\.venv\lib\site-packages\openai\_base_client.py", line 1574, in request
    response.raise_for_status()
  File "C:\Users\user\workfolders\imabari3dcad\.venv\lib\site-packages\httpx\_models.py", line 829, in raise_for_status
    raise HTTPStatusError(message, request=request, response=self)
httpx.HTTPStatusError: Client error '429 Too Many Requests' for url 'https://api.openai.com/v1/chat/completions'
For more information check: https://developer.mozilla.org/en-US/docs/Web/HTTP/Status/429
2025-11-04 03:31:16,595 DEBUG openai._base_client: Re-raising status error
2025-11-04 03:31:16,597 DEBUG neo4j.pool: [#0000]  _: <POOL> close
2025-11-04 03:31:16,597 DEBUG neo4j.io: [#FC8F]  C: GOODBYE
2025-11-04 03:31:16,597 DEBUG neo4j.io: [#FC8F]  C: <CLOSE>
2025-11-04 03:31:16,598 ERROR root: インポート処理中にエラーが発生しました: Error code: 429 - {'error': {'message': 'You exceeded your current quota, please check your plan and billing details. For more information on this error, read the docs: https://platform.openai.com/docs/guides/error-codes/api-errors.', 'type': 'insufficient_quota', 'param': None, 'code': 'insufficient_quota'}}
